object={
	name="arabic_dynamic_forestry_objects_generator_2_0"
	clamp_to_water_level=no
	render_under_water=no
	generated_content=yes
	layer="forestry_dynamic"
	pdxmesh="generic_forestry_lumberpile_02_mesh"
	count=5426
	transform="3872.032227 0.000000 2183.344238 0.000000 0.650380 0.000000 0.759609 0.000000 0.000000 0.000000
3884.063232 0.000000 2268.364014 0.000000 0.222704 0.000000 0.974886 0.000000 0.000000 0.000000
3905.319092 0.000000 2298.263428 0.000000 0.832275 0.000000 -0.554363 0.000000 0.000000 0.000000
3959.531250 0.000000 2326.463135 0.000000 0.632102 0.000000 0.774885 0.000000 0.000000 0.000000
3950.042969 0.000000 2321.714111 0.000000 0.320099 0.000000 -0.947384 0.000000 0.000000 0.000000
3968.255127 0.000000 2363.000244 0.000000 0.571483 0.000000 0.820614 0.000000 0.000000 0.000000
5051.981445 0.000000 1523.812988 0.000000 0.185580 0.000000 0.982629 0.000000 0.000000 0.000000
5043.634277 0.000000 1511.321655 0.000000 0.129311 0.000000 -0.991604 1.000000 1.000000 1.000000
5041.129395 0.000000 1518.999634 0.000000 0.978986 0.000000 0.203930 0.000000 0.000000 0.000000
5041.314941 0.000000 1511.291992 0.000000 0.089834 0.000000 -0.995957 0.000000 0.000000 0.000000
5045.789062 0.000000 1512.037476 0.000000 0.672122 0.000000 0.740440 1.000000 1.000000 1.000000
5049.072754 0.000000 1518.710815 0.000000 0.350024 0.000000 -0.936741 0.000000 0.000000 0.000000
5041.031738 0.000000 1514.932251 0.000000 0.959525 0.000000 0.281623 0.000000 0.000000 0.000000
5042.394043 0.000000 1520.715576 0.000000 0.471868 0.000000 -0.881669 0.000000 0.000000 0.000000
5042.750488 0.000000 1509.146973 0.000000 0.050108 0.000000 -0.998744 0.000000 0.000000 0.000000
5045.101074 0.000000 1513.919312 0.000000 0.804931 0.000000 0.593369 1.000000 1.000000 1.000000
5045.449707 0.000000 1518.485229 0.000000 0.998782 0.000000 -0.049345 0.000000 0.000000 0.000000
5046.816895 0.000000 1526.328857 0.000000 0.916076 0.000000 -0.401004 0.000000 0.000000 0.000000
5054.270020 0.000000 1529.509521 0.000000 0.843325 0.000000 0.537404 0.000000 0.000000 0.000000
5101.311035 0.000000 1559.427979 0.000000 0.521878 0.000000 0.853020 0.000000 0.000000 0.000000
5074.579102 0.000000 1580.266968 0.000000 0.509319 0.000000 0.860578 0.000000 0.000000 0.000000
5085.530273 0.000000 1552.370483 0.000000 0.956689 0.000000 0.291111 0.000000 0.000000 0.000000
5088.449219 0.000000 1551.073486 0.000000 0.741842 0.000000 0.670575 0.000000 0.000000 0.000000
5109.860840 0.000000 1573.144531 0.000000 0.902528 0.000000 -0.430631 0.000000 0.000000 0.000000
5085.422852 0.000000 1563.630005 0.000000 0.059830 0.000000 0.998209 0.000000 0.000000 0.000000
5077.934570 0.000000 1579.890137 0.000000 0.872014 0.000000 -0.489482 0.000000 0.000000 0.000000
5083.635742 0.000000 1548.128540 0.000000 0.334790 0.000000 -0.942293 0.000000 0.000000 0.000000
5084.947754 0.000000 1555.149902 0.000000 0.063340 0.000000 0.997992 0.000000 0.000000 0.000000
5057.451660 0.000000 1534.470581 0.000000 0.903524 0.000000 0.428537 0.000000 0.000000 0.000000
5059.913086 0.000000 1536.014648 0.000000 0.171123 0.000000 0.985250 0.000000 0.000000 0.000000
5079.339844 0.000000 1557.485596 0.000000 0.916774 0.000000 0.399407 1.000000 1.000000 1.000000
5099.659668 0.000000 1561.257812 0.000000 0.213537 0.000000 0.976935 0.000000 0.000000 0.000000
5084.944336 0.000000 1560.945557 0.000000 0.709557 0.000000 0.704648 0.000000 0.000000 0.000000
5085.291016 0.000000 1567.420654 0.000000 0.577020 0.000000 0.816730 0.000000 0.000000 0.000000
5099.596680 0.000000 1573.619629 0.000000 0.182645 0.000000 0.983179 0.000000 0.000000 0.000000
5112.630371 0.000000 1578.533081 0.000000 0.907805 0.000000 -0.419392 0.000000 0.000000 0.000000
5079.105957 0.000000 1546.314819 0.000000 0.764449 0.000000 -0.644684 0.000000 0.000000 0.000000
5115.305664 0.000000 1574.857178 0.000000 0.188752 0.000000 0.982025 0.000000 0.000000 0.000000
5087.888672 0.000000 1546.622437 0.000000 0.340928 0.000000 0.940090 0.000000 0.000000 0.000000
5101.747070 0.000000 1573.769653 0.000000 0.904856 0.000000 0.425718 0.000000 0.000000 0.000000
5115.003418 0.000000 1571.087769 0.000000 0.283042 0.000000 0.959108 0.000000 0.000000 0.000000
5085.739258 0.000000 1546.541260 0.000000 0.440767 0.000000 0.897622 0.000000 0.000000 0.000000
5083.528320 0.000000 1559.617310 0.000000 0.452567 0.000000 -0.891730 0.000000 0.000000 0.000000
5077.452637 0.000000 1547.061035 0.000000 0.898172 0.000000 -0.439645 0.000000 0.000000 0.000000
5080.422363 0.000000 1554.778320 0.000000 0.716903 0.000000 -0.697173 0.000000 0.000000 0.000000
5081.034668 0.000000 1557.024658 0.000000 0.277110 0.000000 0.960838 0.000000 0.000000 0.000000
5082.057129 0.000000 1560.541260 0.000000 0.993392 0.000000 -0.114769 1.000000 1.000000 1.000000
4832.032227 0.000000 1787.953491 0.000000 0.701483 0.000000 0.712686 0.000000 0.000000 0.000000
4826.709961 0.000000 1788.055542 0.000000 0.085214 0.000000 -0.996363 0.000000 0.000000 0.000000
4829.422852 0.000000 1789.567505 0.000000 0.883754 0.000000 -0.467952 0.000000 0.000000 0.000000
4858.637207 0.000000 1777.949341 0.000000 0.917917 0.000000 -0.396773 0.000000 0.000000 0.000000
4861.738281 0.000000 1779.264771 0.000000 0.359008 0.000000 -0.933335 0.000000 0.000000 0.000000
4863.976562 0.000000 1801.630981 0.000000 0.940078 0.000000 0.340959 0.000000 0.000000 0.000000
4827.698730 0.000000 1797.515015 0.000000 0.487214 0.000000 -0.873283 0.000000 0.000000 0.000000
4856.742188 0.000000 1780.909546 0.000000 0.982127 0.000000 -0.188217 0.000000 0.000000 0.000000
4855.044922 0.000000 1790.104004 0.000000 0.449710 0.000000 0.893175 0.000000 0.000000 0.000000
4853.005371 0.000000 1803.210815 0.000000 0.840615 0.000000 -0.541633 0.000000 0.000000 0.000000
4827.203125 0.000000 1790.333374 0.000000 0.754819 0.000000 -0.655933 0.000000 0.000000 0.000000
4857.190430 0.000000 1793.122437 0.000000 0.405168 0.000000 0.914242 0.000000 0.000000 0.000000
4853.007812 0.000000 1792.166016 0.000000 0.177528 0.000000 -0.984116 0.000000 0.000000 0.000000
4851.318359 0.000000 1784.657104 0.000000 0.885438 0.000000 0.464757 0.000000 0.000000 0.000000
4828.720215 0.000000 1791.524780 0.000000 0.585058 0.000000 0.810992 0.000000 0.000000 0.000000
4860.473145 0.000000 1777.999634 0.000000 0.485359 0.000000 0.874315 1.000000 1.000000 1.000000
5100.062988 0.000000 1590.551636 0.000000 0.801733 0.000000 -0.597682 0.000000 0.000000 0.000000
5098.835938 0.000000 1587.568726 0.000000 0.581406 0.000000 0.813614 0.000000 0.000000 0.000000
5091.182129 0.000000 1588.328857 0.000000 0.809485 0.000000 0.587141 0.000000 0.000000 0.000000
5042.798340 0.000000 1674.728027 0.000000 0.976028 0.000000 0.217645 0.000000 0.000000 0.000000
4905.260742 0.000000 1795.237793 0.000000 0.801178 0.000000 -0.598426 0.000000 0.000000 0.000000
4922.511719 0.000000 1771.525635 0.000000 0.334190 0.000000 0.942506 0.000000 0.000000 0.000000
4925.524414 0.000000 1768.085327 0.000000 0.971482 0.000000 0.237114 0.000000 0.000000 0.000000
4919.819336 0.000000 1769.846558 0.000000 0.665631 0.000000 0.746281 0.000000 0.000000 0.000000
4888.795410 0.000000 1778.927856 0.000000 0.998426 0.000000 -0.056080 0.000000 0.000000 0.000000
4871.408691 0.000000 1768.853149 0.000000 0.173026 0.000000 0.984917 0.000000 0.000000 0.000000
4883.443848 0.000000 1800.935425 0.000000 0.679057 0.000000 -0.734086 0.000000 0.000000 0.000000
4917.428223 0.000000 1768.856812 0.000000 0.849093 0.000000 0.528244 0.000000 0.000000 0.000000
4898.111328 0.000000 1782.630859 0.000000 0.882462 0.000000 -0.470384 0.000000 0.000000 0.000000
4875.442871 0.000000 1768.824219 0.000000 0.866632 0.000000 0.498949 0.000000 0.000000 0.000000
4927.814453 0.000000 1769.460327 0.000000 0.114220 0.000000 -0.993456 0.000000 0.000000 0.000000
4926.994629 0.000000 1798.639404 0.000000 0.983665 0.000000 0.180009 0.000000 0.000000 0.000000
4896.330078 0.000000 1805.313110 0.000000 0.755911 0.000000 -0.654675 0.000000 0.000000 0.000000
4883.253418 0.000000 1798.602295 0.000000 0.745848 0.000000 0.666116 0.000000 0.000000 0.000000
4891.203125 0.000000 1790.333374 0.000000 0.861839 0.000000 0.507182 0.000000 0.000000 0.000000
4891.443848 0.000000 1783.280640 0.000000 0.367181 0.000000 -0.930150 0.000000 0.000000 0.000000
4906.678223 0.000000 1789.190674 0.000000 0.022798 0.000000 0.999740 0.000000 0.000000 0.000000
4888.887695 0.000000 1792.615845 0.000000 0.833399 0.000000 0.552671 0.000000 0.000000 0.000000
4924.034180 0.000000 1798.838867 0.000000 0.766528 0.000000 -0.642210 0.000000 0.000000 0.000000
4894.716309 0.000000 1797.253662 0.000000 0.838501 0.000000 -0.544900 0.000000 0.000000 0.000000
4909.537598 0.000000 1791.405273 0.000000 0.502720 0.000000 -0.864449 0.000000 0.000000 0.000000
4914.750488 0.000000 1791.568848 0.000000 0.300728 0.000000 0.953710 0.000000 0.000000 0.000000
4912.914551 0.000000 1768.199219 0.000000 0.995734 0.000000 -0.092274 0.000000 0.000000 0.000000
4910.245605 0.000000 1770.938110 0.000000 0.750945 0.000000 0.660365 0.000000 0.000000 0.000000
4892.161133 0.000000 1799.627686 0.000000 0.469176 0.000000 0.883105 1.000000 1.000000 1.000000
4897.680176 0.000000 1806.843384 0.000000 0.160814 0.000000 -0.986985 1.000000 1.000000 1.000000
4900.742188 0.000000 1804.220825 0.000000 0.564384 0.000000 -0.825512 0.000000 0.000000 0.000000
4893.418457 0.000000 1801.013184 0.000000 0.836403 0.000000 -0.548115 0.000000 0.000000 0.000000
4888.422363 0.000000 1780.715820 0.000000 0.753819 0.000000 0.657082 0.000000 0.000000 0.000000
4898.087402 0.000000 1776.070801 0.000000 0.881154 0.000000 0.472830 0.000000 0.000000 0.000000
4889.034668 0.000000 1782.962158 0.000000 0.842848 0.000000 0.538152 0.000000 0.000000 0.000000
4888.204102 0.000000 1795.543091 0.000000 0.423188 0.000000 0.906042 1.000000 1.000000 1.000000
4949.705078 0.000000 1777.883301 0.000000 0.535716 0.000000 0.844398 0.000000 0.000000 0.000000
4939.959473 0.000000 1799.506470 0.000000 0.084436 0.000000 -0.996429 0.000000 0.000000 0.000000
4932.032715 0.000000 1782.627197 0.000000 0.330189 0.000000 -0.943915 0.000000 0.000000 0.000000
4935.979980 0.000000 1793.150879 0.000000 0.311670 0.000000 0.950190 0.000000 0.000000 0.000000
4979.456055 0.000000 1801.303833 0.000000 0.897976 0.000000 0.440044 0.000000 0.000000 0.000000
4937.203613 0.000000 1786.716431 0.000000 0.498112 0.000000 -0.867112 0.000000 0.000000 0.000000
4942.953125 0.000000 1804.987305 0.000000 0.995412 0.000000 -0.095679 0.000000 0.000000 0.000000
4937.063965 0.000000 1781.477661 0.000000 0.853436 0.000000 0.521198 0.000000 0.000000 0.000000
4981.994141 0.000000 1772.301758 0.000000 0.708394 0.000000 0.705817 0.000000 0.000000 0.000000
4957.237305 0.000000 1784.537842 0.000000 0.560972 0.000000 -0.827835 0.000000 0.000000 0.000000
4928.514160 0.000000 1767.096436 0.000000 0.633500 0.000000 -0.773743 0.000000 0.000000 0.000000
4984.315430 0.000000 1788.024658 0.000000 0.867029 0.000000 -0.498258 0.000000 0.000000 0.000000
4928.156738 0.000000 1805.915771 0.000000 0.722606 0.000000 0.691260 0.000000 0.000000 0.000000
4976.647949 0.000000 1791.491333 0.000000 0.394871 0.000000 -0.918736 0.000000 0.000000 0.000000
4932.957520 0.000000 1790.862671 0.000000 0.006499 0.000000 0.999979 0.000000 0.000000 0.000000
4946.579102 0.000000 1806.204468 0.000000 0.621336 0.000000 -0.783544 0.000000 0.000000 0.000000
4950.628418 0.000000 1781.042847 0.000000 0.749617 0.000000 -0.661872 0.000000 0.000000 0.000000
4953.681152 0.000000 1784.793091 0.000000 0.937959 0.000000 -0.346746 0.000000 0.000000 0.000000
4934.724121 0.000000 1784.523071 0.000000 0.972549 0.000000 0.232700 0.000000 0.000000 0.000000
4931.510742 0.000000 1797.943604 0.000000 0.539599 0.000000 0.841922 1.000000 1.000000 1.000000
4983.819336 0.000000 1769.846558 0.000000 0.490426 0.000000 -0.871483 0.000000 0.000000 0.000000
4938.072266 0.000000 1807.187622 0.000000 0.999643 0.000000 0.026715 1.000000 1.000000 1.000000
4949.934570 0.000000 1805.827637 0.000000 0.983159 0.000000 0.182754 0.000000 0.000000 0.000000
4935.213379 0.000000 1789.215698 0.000000 0.042308 0.000000 -0.999105 0.000000 0.000000 0.000000
4940.375000 0.000000 1805.683472 0.000000 0.494411 0.000000 -0.869228 0.000000 0.000000 0.000000
4981.428223 0.000000 1768.856812 0.000000 0.595011 0.000000 0.803717 0.000000 0.000000 0.000000
4930.575684 0.000000 1792.142700 0.000000 0.963651 0.000000 0.267164 0.000000 0.000000 0.000000
4930.311035 0.000000 1787.626709 0.000000 0.337561 0.000000 0.941304 0.000000 0.000000 0.000000
4976.587891 0.000000 1771.268921 0.000000 0.881592 0.000000 0.472012 0.000000 0.000000 0.000000
4944.382324 0.000000 1806.832031 0.000000 0.132593 0.000000 -0.991171 0.000000 0.000000 0.000000
4934.953125 0.000000 1786.625854 0.000000 0.106174 0.000000 -0.994348 0.000000 0.000000 0.000000
4932.166992 0.000000 1799.780151 0.000000 0.842641 0.000000 -0.538475 0.000000 0.000000 0.000000
4980.679199 0.000000 1770.704956 0.000000 0.207995 0.000000 -0.978130 1.000000 1.000000 1.000000
4978.490723 0.000000 1773.805176 0.000000 0.789155 0.000000 -0.614194 0.000000 0.000000 0.000000
4980.393066 0.000000 1773.409180 0.000000 0.837169 0.000000 0.546944 0.000000 0.000000 0.000000
4944.905273 0.000000 1804.915039 0.000000 0.049960 0.000000 -0.998751 0.000000 0.000000 0.000000
4928.588379 0.000000 1803.318115 0.000000 0.919174 0.000000 0.393852 1.000000 1.000000 1.000000
4928.517090 0.000000 1800.792603 0.000000 0.907782 0.000000 0.419443 1.000000 1.000000 1.000000
4933.351074 0.000000 1789.141602 0.000000 0.233420 0.000000 -0.972376 0.000000 0.000000 0.000000
4935.260254 0.000000 1797.620117 0.000000 0.888324 0.000000 -0.459218 0.000000 0.000000 0.000000
5104.205566 0.000000 1807.474365 0.000000 0.845746 0.000000 0.533585 0.000000 0.000000 0.000000
5122.269043 0.000000 1578.511963 0.000000 0.886515 0.000000 -0.462699 0.000000 0.000000 0.000000
5122.396484 0.000000 1583.424683 0.000000 0.033198 0.000000 0.999449 0.000000 0.000000 0.000000
5855.826172 0.000000 1702.653687 0.000000 0.281394 0.000000 -0.959592 0.000000 0.000000 0.000000
5838.875488 0.000000 1739.293335 0.000000 0.350127 0.000000 0.936702 0.000000 0.000000 0.000000
5858.932617 0.000000 1748.608154 0.000000 0.704838 0.000000 0.709368 0.000000 0.000000 0.000000
5857.947754 0.000000 1744.004761 0.000000 0.495914 0.000000 0.868372 0.000000 0.000000 0.000000
5860.620605 0.000000 1741.239746 0.000000 0.573408 0.000000 -0.819270 1.000000 1.000000 1.000000
5847.293457 0.000000 1718.096069 0.000000 0.811043 0.000000 0.584986 0.000000 0.000000 0.000000
5862.346680 0.000000 1748.788940 0.000000 0.178139 0.000000 0.984005 0.000000 0.000000 0.000000
5851.595215 0.000000 1745.054932 0.000000 0.918994 0.000000 -0.394272 1.000000 1.000000 1.000000
5849.681152 0.000000 1728.308716 0.000000 0.657191 0.000000 0.753724 0.000000 0.000000 0.000000
5859.666992 0.000000 1731.017456 0.000000 0.914724 0.000000 -0.404079 1.000000 1.000000 1.000000
5858.857422 0.000000 1723.660156 0.000000 0.935125 0.000000 0.354318 0.000000 0.000000 0.000000
5847.836426 0.000000 1745.144165 0.000000 0.834189 0.000000 0.551478 0.000000 0.000000 0.000000
5848.572266 0.000000 1733.995605 0.000000 0.219849 0.000000 0.975534 0.000000 0.000000 0.000000
5877.860840 0.000000 1742.597656 0.000000 0.561537 0.000000 -0.827452 0.000000 0.000000 0.000000
5849.916992 0.000000 1739.297485 0.000000 0.829049 0.000000 -0.559176 0.000000 0.000000 0.000000
5857.448730 0.000000 1717.828003 0.000000 0.867185 0.000000 0.497987 0.000000 0.000000 0.000000
5845.934570 0.000000 1749.343262 0.000000 0.008391 0.000000 -0.999965 0.000000 0.000000 0.000000
5841.360840 0.000000 1740.691650 0.000000 0.496940 0.000000 0.867785 0.000000 0.000000 0.000000
5852.380371 0.000000 1749.381592 0.000000 0.394287 0.000000 0.918987 0.000000 0.000000 0.000000
5859.200195 0.000000 1707.328247 0.000000 0.546104 0.000000 -0.837717 0.000000 0.000000 0.000000
5857.062500 0.000000 1746.605225 0.000000 0.090902 0.000000 -0.995860 1.000000 1.000000 1.000000
5885.125000 0.000000 1747.010498 0.000000 0.302471 0.000000 0.953158 0.000000 0.000000 0.000000
5857.910645 0.000000 1736.854126 0.000000 0.223631 0.000000 0.974674 1.000000 1.000000 1.000000
5843.443848 0.000000 1744.451050 0.000000 0.500417 0.000000 0.865785 0.000000 0.000000 0.000000
5859.689941 0.000000 1746.132935 0.000000 0.419734 0.000000 -0.907647 1.000000 1.000000 1.000000
5856.544434 0.000000 1741.862793 0.000000 0.431054 0.000000 -0.902326 0.000000 0.000000 0.000000
5858.111328 0.000000 1726.146484 0.000000 0.997748 0.000000 -0.067074 0.000000 0.000000 0.000000
5844.436035 0.000000 1736.803101 0.000000 0.772979 0.000000 0.634432 1.000000 1.000000 1.000000
5847.339844 0.000000 1726.938721 0.000000 0.379529 0.000000 0.925180 0.000000 0.000000 0.000000
5851.190918 0.000000 1722.840698 0.000000 0.260951 0.000000 0.965352 0.000000 0.000000 0.000000
5843.253418 0.000000 1742.117920 0.000000 0.818608 0.000000 0.574353 0.000000 0.000000 0.000000
5860.144531 0.000000 1743.492676 0.000000 0.827085 0.000000 -0.562076 1.000000 1.000000 1.000000
5859.522949 0.000000 1739.177124 0.000000 0.877690 0.000000 0.479230 0.000000 0.000000 0.000000
5855.373535 0.000000 1737.964355 0.000000 0.354500 0.000000 0.935056 0.000000 0.000000 0.000000
5883.305664 0.000000 1744.310303 0.000000 0.992065 0.000000 -0.125728 0.000000 0.000000 0.000000
5856.607910 0.000000 1733.621948 0.000000 0.104009 0.000000 -0.994576 0.000000 0.000000 0.000000
5879.867676 0.000000 1741.762939 0.000000 0.000103 0.000000 -1.000000 0.000000 0.000000 0.000000
5860.682129 0.000000 1718.320557 0.000000 0.352486 0.000000 0.935817 1.000000 1.000000 1.000000
5858.508301 0.000000 1741.096924 0.000000 0.777768 0.000000 -0.628552 1.000000 1.000000 1.000000
5856.801270 0.000000 1722.846436 0.000000 0.994016 0.000000 -0.109233 1.000000 1.000000 1.000000
5860.342285 0.000000 1750.199951 0.000000 0.090332 0.000000 0.995912 0.000000 0.000000 0.000000
5863.167969 0.000000 1743.001221 0.000000 0.387900 0.000000 -0.921701 0.000000 0.000000 0.000000
5848.887695 0.000000 1736.131470 0.000000 0.911478 0.000000 -0.411349 0.000000 0.000000 0.000000
5849.598145 0.000000 1718.162842 0.000000 0.943314 0.000000 0.331902 0.000000 0.000000 0.000000
5842.979980 0.000000 1734.545044 0.000000 0.877187 0.000000 -0.480149 0.000000 0.000000 0.000000
5857.987305 0.000000 1732.144897 0.000000 0.545847 0.000000 -0.837885 0.000000 0.000000 0.000000
5846.911621 0.000000 1735.520874 0.000000 0.775652 0.000000 -0.631161 1.000000 1.000000 1.000000
5846.604004 0.000000 1733.060913 0.000000 0.486198 0.000000 -0.873848 0.000000 0.000000 0.000000
5845.843750 0.000000 1744.815918 0.000000 1.000000 0.000000 0.000428 1.000000 1.000000 1.000000
5852.161133 0.000000 1743.143311 0.000000 0.920997 0.000000 -0.389570 0.000000 0.000000 0.000000
5840.905273 0.000000 1748.430664 0.000000 0.102565 0.000000 0.994726 0.000000 0.000000 0.000000
5845.101562 0.000000 1740.982300 0.000000 0.195859 0.000000 0.980632 1.000000 1.000000 1.000000
5858.177734 0.000000 1721.464355 0.000000 0.824879 0.000000 0.565309 0.000000 0.000000 0.000000
5845.917480 0.000000 1738.793457 0.000000 0.691496 0.000000 -0.722380 1.000000 1.000000 1.000000
5879.432129 0.000000 1743.614990 0.000000 0.764780 0.000000 -0.644292 0.000000 0.000000 0.000000
5863.104492 0.000000 1706.424805 0.000000 0.399577 0.000000 -0.916700 0.000000 0.000000 0.000000
5848.332520 0.000000 1729.735718 0.000000 0.751039 0.000000 -0.660258 0.000000 0.000000 0.000000
5859.093262 0.000000 1716.907349 0.000000 0.374007 0.000000 0.927426 0.000000 0.000000 0.000000
5849.774414 0.000000 1744.230469 0.000000 0.823300 0.000000 -0.567607 0.000000 0.000000 0.000000
5851.849121 0.000000 1721.136841 0.000000 0.679786 0.000000 0.733411 0.000000 0.000000 0.000000
5857.433594 0.000000 1730.334839 0.000000 0.937758 0.000000 -0.347291 0.000000 0.000000 0.000000
5858.087402 0.000000 1719.586426 0.000000 0.370479 0.000000 0.928841 0.000000 0.000000 0.000000
5861.294434 0.000000 1739.487427 0.000000 0.715268 0.000000 -0.698850 0.000000 0.000000 0.000000
5857.128418 0.000000 1735.294434 0.000000 0.590781 0.000000 0.806832 0.000000 0.000000 0.000000
5861.967285 0.000000 1719.428589 0.000000 0.892768 0.000000 -0.450517 1.000000 1.000000 1.000000
5858.375977 0.000000 1710.973999 0.000000 0.464003 0.000000 0.885834 1.000000 1.000000 1.000000
5807.722656 0.000000 1795.335327 0.000000 0.957610 0.000000 0.288069 0.000000 0.000000 0.000000
5822.419434 0.000000 1793.162964 0.000000 0.288068 0.000000 0.957610 0.000000 0.000000 0.000000
5807.868652 0.000000 1799.426636 0.000000 0.470158 0.000000 -0.882582 0.000000 0.000000 0.000000
5823.163574 0.000000 1783.690186 0.000000 0.968391 0.000000 0.249438 0.000000 0.000000 0.000000
5882.544434 0.000000 1791.438721 0.000000 0.278783 0.000000 0.960354 0.000000 0.000000 0.000000
5882.368164 0.000000 1802.941528 0.000000 0.573753 0.000000 0.819028 0.000000 0.000000 0.000000
5828.032715 0.000000 1782.627197 0.000000 0.130311 0.000000 -0.991473 0.000000 0.000000 0.000000
5865.260742 0.000000 1795.237793 0.000000 0.428377 0.000000 -0.903600 0.000000 0.000000 0.000000
5850.074219 0.000000 1781.532104 0.000000 0.620208 0.000000 0.784437 0.000000 0.000000 0.000000
5882.511719 0.000000 1771.525635 0.000000 0.962142 0.000000 0.272547 0.000000 0.000000 0.000000
5885.212891 0.000000 1776.407349 0.000000 0.589920 0.000000 -0.807462 0.000000 0.000000 0.000000
5841.256836 0.000000 1785.730469 0.000000 0.852558 0.000000 -0.522633 0.000000 0.000000 0.000000
5836.552734 0.000000 1777.209717 0.000000 0.250225 0.000000 0.968188 0.000000 0.000000 0.000000
5842.283691 0.000000 1752.148315 0.000000 0.021356 0.000000 0.999772 0.000000 0.000000 0.000000
5838.875488 0.000000 1795.777710 0.000000 0.949686 0.000000 0.313202 0.000000 0.000000 0.000000
5843.007324 0.000000 1769.093994 0.000000 0.748190 0.000000 0.663484 1.000000 1.000000 1.000000
5877.994141 0.000000 1772.301758 0.000000 0.724593 0.000000 0.689177 0.000000 0.000000 0.000000
5856.426758 0.000000 1763.453491 0.000000 0.776043 0.000000 -0.630680 0.000000 0.000000 0.000000
5841.260254 0.000000 1777.472778 0.000000 0.983860 0.000000 0.178940 0.000000 0.000000 0.000000
5883.211426 0.000000 1780.633789 0.000000 0.051180 0.000000 -0.998689 0.000000 0.000000 0.000000
5853.237305 0.000000 1784.537842 0.000000 0.967033 0.000000 -0.254652 0.000000 0.000000 0.000000
5837.506836 0.000000 1786.830078 0.000000 0.389252 0.000000 0.921131 0.000000 0.000000 0.000000
5877.013672 0.000000 1785.661987 0.000000 0.993039 0.000000 -0.117782 0.000000 0.000000 0.000000
5865.322754 0.000000 1799.291260 0.000000 0.303499 0.000000 0.952832 0.000000 0.000000 0.000000
5828.755371 0.000000 1778.888306 0.000000 0.402572 0.000000 -0.915388 1.000000 1.000000 1.000000
5856.618164 0.000000 1754.381226 0.000000 0.525570 0.000000 0.850751 0.000000 0.000000 0.000000
5868.412598 0.000000 1793.289307 0.000000 0.830479 0.000000 -0.557050 0.000000 0.000000 0.000000
5847.293457 0.000000 1774.580444 0.000000 0.721390 0.000000 0.692529 1.000000 1.000000 1.000000
5875.863281 0.000000 1775.388306 0.000000 0.833317 0.000000 -0.552796 0.000000 0.000000 0.000000
5842.190430 0.000000 1760.537842 0.000000 0.141120 0.000000 0.989992 1.000000 1.000000 1.000000
5859.104004 0.000000 1759.557739 0.000000 0.999682 0.000000 0.025230 0.000000 0.000000 0.000000
5850.987305 0.000000 1751.104370 0.000000 0.724026 0.000000 -0.689772 0.000000 0.000000 0.000000
5839.197266 0.000000 1762.648438 0.000000 0.157799 0.000000 0.987471 0.000000 0.000000 0.000000
5830.724121 0.000000 1784.523071 0.000000 0.017284 0.000000 -0.999851 0.000000 0.000000 0.000000
5857.099609 0.000000 1784.965332 0.000000 0.984273 0.000000 -0.176652 0.000000 0.000000 0.000000
5849.661133 0.000000 1754.081787 0.000000 0.779333 0.000000 0.626610 0.000000 0.000000 0.000000
5882.462402 0.000000 1768.085693 0.000000 0.418550 0.000000 0.908194 0.000000 0.000000 0.000000
5836.526855 0.000000 1774.061401 0.000000 0.911256 0.000000 -0.411841 0.000000 0.000000 0.000000
5843.991699 0.000000 1784.243164 0.000000 0.354653 0.000000 0.934998 0.000000 0.000000 0.000000
5872.746582 0.000000 1754.253296 0.000000 0.830552 0.000000 0.556941 0.000000 0.000000 0.000000
5882.504395 0.000000 1774.774536 0.000000 0.520817 0.000000 0.853668 0.000000 0.000000 0.000000
5836.112305 0.000000 1765.922363 0.000000 0.179389 0.000000 -0.983778 1.000000 1.000000 1.000000
5837.099609 0.000000 1770.792236 0.000000 0.207308 0.000000 -0.978276 1.000000 1.000000 1.000000
5844.994629 0.000000 1753.568359 0.000000 0.999897 0.000000 -0.014364 0.000000 0.000000 0.000000
5854.608887 0.000000 1756.555298 0.000000 0.836405 0.000000 0.548112 0.000000 0.000000 0.000000
5854.952637 0.000000 1770.527954 0.000000 0.922590 0.000000 0.385783 0.000000 0.000000 0.000000
5862.337891 0.000000 1764.751831 0.000000 0.647942 0.000000 0.761690 0.000000 0.000000 0.000000
5851.635742 0.000000 1774.066040 0.000000 0.338168 0.000000 -0.941086 0.000000 0.000000 0.000000
5860.575195 0.000000 1753.404663 0.000000 0.601651 0.000000 -0.798759 1.000000 1.000000 1.000000
5849.706543 0.000000 1764.655029 0.000000 0.732863 0.000000 -0.680376 0.000000 0.000000 0.000000
5844.832520 0.000000 1763.595215 0.000000 0.751180 0.000000 0.660097 1.000000 1.000000 1.000000
5863.299805 0.000000 1797.395020 0.000000 0.107569 0.000000 0.994198 0.000000 0.000000 0.000000
5832.614258 0.000000 1764.544434 0.000000 0.975278 0.000000 -0.220980 0.000000 0.000000 0.000000
5846.782715 0.000000 1758.318970 0.000000 0.403650 0.000000 0.914913 1.000000 1.000000 1.000000
5830.395508 0.000000 1781.071289 0.000000 0.264298 0.000000 -0.964441 0.000000 0.000000 0.000000
5857.491699 0.000000 1756.910889 0.000000 0.898764 0.000000 -0.438432 0.000000 0.000000 0.000000
5834.329590 0.000000 1775.720215 0.000000 0.962410 0.000000 0.271601 1.000000 1.000000 1.000000
5857.412109 0.000000 1765.972778 0.000000 0.133366 0.000000 -0.991067 0.000000 0.000000 0.000000
5841.436523 0.000000 1774.884644 0.000000 0.978786 0.000000 0.204883 0.000000 0.000000 0.000000
5846.077637 0.000000 1768.190308 0.000000 0.773075 0.000000 0.634315 0.000000 0.000000 0.000000
5838.686523 0.000000 1765.607056 0.000000 0.999455 0.000000 -0.033010 1.000000 1.000000 1.000000
5885.638184 0.000000 1770.738892 0.000000 0.240839 0.000000 0.970565 0.000000 0.000000 0.000000
5832.173828 0.000000 1773.281982 0.000000 0.776216 0.000000 -0.630467 0.000000 0.000000 0.000000
5835.442871 0.000000 1768.824219 0.000000 0.622052 0.000000 -0.782976 1.000000 1.000000 1.000000
5838.389160 0.000000 1784.400391 0.000000 0.830214 0.000000 0.557445 0.000000 0.000000 0.000000
5852.928223 0.000000 1768.895752 0.000000 0.053022 0.000000 0.998593 0.000000 0.000000 0.000000
5843.894531 0.000000 1758.787354 0.000000 0.613636 0.000000 0.789589 0.000000 0.000000 0.000000
5826.552734 0.000000 1807.091797 0.000000 0.994932 0.000000 0.100551 0.000000 0.000000 0.000000
5848.077637 0.000000 1760.412109 0.000000 0.063033 0.000000 0.998011 0.000000 0.000000 0.000000
5887.814453 0.000000 1769.460327 0.000000 0.054739 0.000000 -0.998501 0.000000 0.000000 0.000000
5850.245605 0.000000 1769.527466 0.000000 0.250771 0.000000 -0.968046 0.000000 0.000000 0.000000
5887.510742 0.000000 1775.752319 0.000000 0.724037 0.000000 0.689761 0.000000 0.000000 0.000000
5837.612305 0.000000 1754.144287 0.000000 0.241570 0.000000 0.970383 0.000000 0.000000 0.000000
5829.141602 0.000000 1776.521851 0.000000 0.349159 0.000000 -0.937063 0.000000 0.000000 0.000000
5852.944336 0.000000 1786.883057 0.000000 0.567374 0.000000 0.823460 0.000000 0.000000 0.000000
5878.180664 0.000000 1774.865845 0.000000 0.402636 0.000000 0.915360 0.000000 0.000000 0.000000
5826.627930 0.000000 1779.722778 0.000000 0.969166 0.000000 -0.246411 0.000000 0.000000 0.000000
5838.033691 0.000000 1756.906616 0.000000 0.833172 0.000000 -0.553014 1.000000 1.000000 1.000000
5871.645996 0.000000 1758.713623 0.000000 0.985608 0.000000 -0.169046 0.000000 0.000000 0.000000
5860.144531 0.000000 1799.977051 0.000000 0.573472 0.000000 -0.819225 0.000000 0.000000 0.000000
5830.028809 0.000000 1773.945190 0.000000 0.321561 0.000000 -0.946889 0.000000 0.000000 0.000000
5843.576660 0.000000 1786.467285 0.000000 0.892865 0.000000 -0.450324 0.000000 0.000000 0.000000
5847.105957 0.000000 1772.252319 0.000000 0.316852 0.000000 0.948475 1.000000 1.000000 1.000000
5882.561523 0.000000 1782.774902 0.000000 0.830173 0.000000 -0.557506 0.000000 0.000000 0.000000
5825.042969 0.000000 1783.516724 0.000000 0.355451 0.000000 0.934695 0.000000 0.000000 0.000000
5863.167969 0.000000 1799.485596 0.000000 0.984055 0.000000 0.177866 0.000000 0.000000 0.000000
5883.815430 0.000000 1769.735474 0.000000 0.701244 0.000000 0.712921 0.000000 0.000000 0.000000
5876.316895 0.000000 1780.141479 0.000000 0.112869 0.000000 0.993610 0.000000 0.000000 0.000000
5853.739258 0.000000 1772.478760 0.000000 0.311467 0.000000 0.950257 0.000000 0.000000 0.000000
5840.098633 0.000000 1760.775146 0.000000 0.503740 0.000000 0.863856 1.000000 1.000000 1.000000
5845.422363 0.000000 1775.370483 0.000000 0.898919 0.000000 0.438114 1.000000 1.000000 1.000000
5841.219727 0.000000 1762.474365 0.000000 0.594391 0.000000 -0.804176 1.000000 1.000000 1.000000
5849.598145 0.000000 1774.647217 0.000000 0.364994 0.000000 -0.931010 0.000000 0.000000 0.000000
5858.934570 0.000000 1754.584839 0.000000 0.445608 0.000000 -0.895228 1.000000 1.000000 1.000000
5871.882812 0.000000 1756.039307 0.000000 0.714326 0.000000 0.699813 0.000000 0.000000 0.000000
5886.854492 0.000000 1777.598999 0.000000 0.348272 0.000000 0.937393 0.000000 0.000000 0.000000
5853.096680 0.000000 1751.411865 0.000000 0.518798 0.000000 -0.854897 0.000000 0.000000 0.000000
5834.618164 0.000000 1764.560059 0.000000 0.985806 0.000000 -0.167889 1.000000 1.000000 1.000000
5876.393066 0.000000 1773.409180 0.000000 0.825913 0.000000 0.563798 0.000000 0.000000 0.000000
5840.278320 0.000000 1764.571411 0.000000 0.252006 0.000000 0.967726 1.000000 1.000000 1.000000
5834.704590 0.000000 1773.758179 0.000000 0.002188 0.000000 -0.999998 1.000000 1.000000 1.000000
5839.854980 0.000000 1757.545288 0.000000 0.994955 0.000000 0.100320 1.000000 1.000000 1.000000
5845.452637 0.000000 1772.998535 0.000000 0.358112 0.000000 0.933679 0.000000 0.000000 0.000000
5832.309570 0.000000 1779.808838 0.000000 0.496207 0.000000 -0.868204 0.000000 0.000000 0.000000
5836.062012 0.000000 1772.321045 0.000000 0.982647 0.000000 -0.185485 1.000000 1.000000 1.000000
5841.145996 0.000000 1753.569824 0.000000 0.932017 0.000000 0.362414 1.000000 1.000000 1.000000
5883.429199 0.000000 1776.328247 0.000000 0.375909 0.000000 0.926657 1.000000 1.000000 1.000000
5884.473145 0.000000 1777.999634 0.000000 0.480888 0.000000 0.876782 0.000000 0.000000 0.000000
5883.262207 0.000000 1773.151611 0.000000 0.881168 0.000000 0.472803 0.000000 0.000000 0.000000
5838.777344 0.000000 1771.267822 0.000000 0.919647 0.000000 0.392747 0.000000 0.000000 0.000000
5859.182129 0.000000 1757.781982 0.000000 0.992682 0.000000 0.120759 1.000000 1.000000 1.000000
5884.312988 0.000000 1774.770508 0.000000 0.907076 0.000000 -0.420968 0.000000 0.000000 0.000000
5858.937012 0.000000 1752.800293 0.000000 0.999477 0.000000 0.032337 0.000000 0.000000 0.000000
5840.728516 0.000000 1751.022217 0.000000 0.305778 0.000000 -0.952103 0.000000 0.000000 0.000000
5840.790527 0.000000 1759.170898 0.000000 0.181898 0.000000 0.983317 0.000000 0.000000 0.000000
5881.864746 0.000000 1779.606812 0.000000 0.998129 0.000000 -0.061141 1.000000 1.000000 1.000000
5842.442383 0.000000 1766.032227 0.000000 0.979731 0.000000 0.200319 1.000000 1.000000 1.000000
5843.935547 0.000000 1760.774048 0.000000 0.649560 0.000000 0.760310 1.000000 1.000000 1.000000
5832.953125 0.000000 1776.946289 0.000000 0.189340 0.000000 0.981912 1.000000 1.000000 1.000000
5840.004883 0.000000 1768.483398 0.000000 0.234393 0.000000 -0.972142 1.000000 1.000000 1.000000
5946.544434 0.000000 1678.469971 0.000000 0.229826 0.000000 -0.973232 0.000000 0.000000 0.000000
5936.541992 0.000000 1660.632080 0.000000 0.219157 0.000000 0.975690 0.000000 0.000000 0.000000
5944.550781 0.000000 1670.906006 0.000000 0.999975 0.000000 0.007072 0.000000 0.000000 0.000000
5943.107910 0.000000 1683.248169 0.000000 0.848421 0.000000 -0.529321 0.000000 0.000000 0.000000
5941.013672 0.000000 1672.693237 0.000000 0.726942 0.000000 0.686699 0.000000 0.000000 0.000000
5939.863281 0.000000 1662.419556 0.000000 0.295481 0.000000 -0.955348 0.000000 0.000000 0.000000
5943.060547 0.000000 1679.646606 0.000000 0.884292 0.000000 -0.466935 0.000000 0.000000 0.000000
5923.666992 0.000000 1674.533081 0.000000 0.852197 0.000000 -0.523221 0.000000 0.000000 0.000000
5936.580566 0.000000 1668.487671 0.000000 0.989839 0.000000 0.142192 0.000000 0.000000 0.000000
5948.832520 0.000000 1670.368652 0.000000 0.517826 0.000000 0.855486 0.000000 0.000000 0.000000
5946.637207 0.000000 1664.980591 0.000000 0.953436 0.000000 0.301595 0.000000 0.000000 0.000000
5949.738281 0.000000 1666.296021 0.000000 0.324574 0.000000 0.945860 0.000000 0.000000 0.000000
5934.693848 0.000000 1670.105469 0.000000 0.404509 0.000000 -0.914534 0.000000 0.000000 0.000000
5924.550293 0.000000 1668.840942 0.000000 0.079185 0.000000 -0.996860 0.000000 0.000000 0.000000
5951.163574 0.000000 1670.721436 0.000000 0.307474 0.000000 0.951556 0.000000 0.000000 0.000000
5944.096680 0.000000 1665.690796 0.000000 0.972001 0.000000 0.234975 0.000000 0.000000 0.000000
5946.561523 0.000000 1669.806152 0.000000 0.969428 0.000000 0.245374 0.000000 0.000000 0.000000
5949.382324 0.000000 1668.349243 0.000000 0.965154 0.000000 -0.261683 0.000000 0.000000 0.000000
5940.393066 0.000000 1660.440430 0.000000 0.841402 0.000000 0.540409 0.000000 0.000000 0.000000
5939.561035 0.000000 1664.308716 0.000000 0.692116 0.000000 -0.721786 0.000000 0.000000 0.000000
5935.250488 0.000000 1667.027710 0.000000 0.887771 0.000000 -0.460286 0.000000 0.000000 0.000000
5937.909180 0.000000 1669.888184 0.000000 0.384568 0.000000 -0.923097 0.000000 0.000000 0.000000
5936.891113 0.000000 1666.420898 0.000000 0.211961 0.000000 0.977278 0.000000 0.000000 0.000000
5953.318848 0.000000 1676.935303 0.000000 0.965706 0.000000 -0.259638 0.000000 0.000000 0.000000
5919.758301 0.000000 1724.690918 0.000000 0.989779 0.000000 0.142608 0.000000 0.000000 0.000000
5924.276367 0.000000 1727.777954 0.000000 0.997659 0.000000 0.068379 0.000000 0.000000 0.000000
5942.173828 0.000000 1700.715454 0.000000 0.988517 0.000000 0.151108 0.000000 0.000000 0.000000
5933.375000 0.000000 1719.452881 0.000000 0.162397 0.000000 -0.986726 0.000000 0.000000 0.000000
5926.889160 0.000000 1717.970825 0.000000 0.905935 0.000000 -0.423417 0.000000 0.000000 0.000000
5935.145508 0.000000 1712.679077 0.000000 0.136468 0.000000 0.990645 0.000000 0.000000 0.000000
5936.918945 0.000000 1709.517456 0.000000 0.642702 0.000000 -0.766117 0.000000 0.000000 0.000000
5922.857422 0.000000 1723.660156 0.000000 0.683954 0.000000 -0.729525 0.000000 0.000000 0.000000
5921.448730 0.000000 1717.828003 0.000000 0.226820 0.000000 -0.973937 0.000000 0.000000 0.000000
5926.469727 0.000000 1721.125244 0.000000 0.768392 0.000000 0.639979 0.000000 0.000000 0.000000
5926.646484 0.000000 1726.688477 0.000000 0.922030 0.000000 0.387119 0.000000 0.000000 0.000000
5922.111328 0.000000 1726.146484 0.000000 0.301027 0.000000 -0.953615 0.000000 0.000000 0.000000
5924.550293 0.000000 1725.325317 0.000000 0.718532 0.000000 0.695494 0.000000 0.000000 0.000000
5924.682129 0.000000 1718.320557 0.000000 0.371351 0.000000 0.928493 0.000000 0.000000 0.000000
5928.179688 0.000000 1722.715942 0.000000 0.781673 0.000000 0.623688 0.000000 0.000000 0.000000
5936.914551 0.000000 1711.714844 0.000000 0.876719 0.000000 0.481003 0.000000 0.000000 0.000000
5931.311523 0.000000 1719.679077 0.000000 0.189749 0.000000 0.981833 0.000000 0.000000 0.000000
5934.245605 0.000000 1714.453735 0.000000 0.189148 0.000000 0.981949 0.000000 0.000000 0.000000
5936.943848 0.000000 1706.119751 0.000000 0.785992 0.000000 -0.618237 0.000000 0.000000 0.000000
5889.318848 0.000000 1789.904053 0.000000 0.073602 0.000000 0.997288 0.000000 0.000000 0.000000
5888.254883 0.000000 1798.156494 0.000000 0.082529 0.000000 -0.996589 0.000000 0.000000 0.000000
5895.979980 0.000000 1793.150879 0.000000 0.275816 0.000000 0.961211 0.000000 0.000000 0.000000
5902.953125 0.000000 1804.987305 0.000000 0.262394 0.000000 -0.964961 0.000000 0.000000 0.000000
5888.163086 0.000000 1785.762207 0.000000 0.772274 0.000000 0.635289 0.000000 0.000000 0.000000
5900.457520 0.000000 1802.791504 0.000000 0.005226 0.000000 0.999986 0.000000 0.000000 0.000000
5894.507812 0.000000 1803.106812 0.000000 0.784074 0.000000 -0.620667 0.000000 0.000000 0.000000
5897.278320 0.000000 1801.099243 0.000000 0.358138 0.000000 0.933669 0.000000 0.000000 0.000000
5888.936035 0.000000 1773.625122 0.000000 0.997997 0.000000 -0.063268 0.000000 0.000000 0.000000
5890.822754 0.000000 1784.983765 0.000000 0.835446 0.000000 -0.549573 0.000000 0.000000 0.000000
5890.627930 0.000000 1779.722778 0.000000 0.294217 0.000000 -0.955739 0.000000 0.000000 0.000000
5894.028809 0.000000 1773.945190 0.000000 0.938389 0.000000 -0.345582 0.000000 0.000000 0.000000
5889.042969 0.000000 1783.516724 0.000000 0.898116 0.000000 0.439758 0.000000 0.000000 0.000000
5896.237305 0.000000 1799.042236 0.000000 0.836079 0.000000 0.548610 0.000000 0.000000 0.000000
5890.069824 0.000000 1775.837280 0.000000 0.999555 0.000000 -0.029841 0.000000 0.000000 0.000000
5891.099121 0.000000 1777.717285 0.000000 0.210074 0.000000 0.977685 0.000000 0.000000 0.000000
5898.234863 0.000000 1798.461548 0.000000 0.949729 0.000000 -0.313074 0.000000 0.000000 0.000000
5888.144043 0.000000 1779.415894 0.000000 0.475921 0.000000 -0.879488 0.000000 0.000000 0.000000
5895.440918 0.000000 1801.422729 0.000000 0.983886 0.000000 0.178796 0.000000 0.000000 0.000000
5900.919922 0.000000 1801.051392 0.000000 0.817282 0.000000 0.576238 0.000000 0.000000 0.000000
4847.663086 0.000000 1817.511841 0.000000 0.943851 0.000000 -0.330371 0.000000 0.000000 0.000000
4847.145508 0.000000 1825.647827 0.000000 0.148227 0.000000 -0.988953 0.000000 0.000000 0.000000
4846.042969 0.000000 1813.354614 0.000000 0.802195 0.000000 0.597062 0.000000 0.000000 0.000000
4849.687988 0.000000 1816.452515 0.000000 0.425031 0.000000 0.905179 0.000000 0.000000 0.000000
4841.204590 0.000000 1900.545776 0.000000 0.968019 0.000000 0.250877 0.000000 0.000000 0.000000
4843.659668 0.000000 1900.164062 0.000000 0.999161 0.000000 -0.040966 0.000000 0.000000 0.000000
4826.979980 0.000000 1962.301514 0.000000 0.914557 0.000000 -0.404458 0.000000 0.000000 0.000000
4845.311035 0.000000 1954.818604 0.000000 0.868171 0.000000 0.496266 0.000000 0.000000 0.000000
4851.016113 0.000000 1941.319824 0.000000 0.923253 0.000000 0.384193 0.000000 0.000000 0.000000
4838.469727 0.000000 1947.062744 0.000000 0.003484 0.000000 0.999994 0.000000 0.000000 0.000000
4844.051758 0.000000 1952.563110 0.000000 0.546249 0.000000 -0.837623 0.000000 0.000000 0.000000
4802.944824 0.000000 1937.864746 0.000000 0.727385 0.000000 -0.686229 0.000000 0.000000 0.000000
4802.069824 0.000000 1945.290405 0.000000 0.615512 0.000000 -0.788128 0.000000 0.000000 0.000000
4800.712402 0.000000 1938.689697 0.000000 0.866184 0.000000 -0.499726 0.000000 0.000000 0.000000
4847.436035 0.000000 1955.190063 0.000000 0.555793 0.000000 -0.831321 0.000000 0.000000 0.000000
4849.909180 0.000000 1952.310059 0.000000 0.975332 0.000000 -0.220741 0.000000 0.000000 0.000000
4795.100586 0.000000 1987.045898 0.000000 0.171727 0.000000 0.985145 0.000000 0.000000 0.000000
4800.936035 0.000000 1999.562622 0.000000 0.199049 0.000000 -0.979990 0.000000 0.000000 0.000000
4865.451172 0.000000 1819.675659 0.000000 0.474037 0.000000 -0.880505 0.000000 0.000000 0.000000
4913.272949 0.000000 1841.124878 0.000000 0.273550 0.000000 -0.961858 0.000000 0.000000 0.000000
4915.456055 0.000000 1857.788208 0.000000 0.246469 0.000000 -0.969151 0.000000 0.000000 0.000000
4878.220703 0.000000 1824.580933 0.000000 0.443846 0.000000 -0.896103 0.000000 0.000000 0.000000
4867.510742 0.000000 1854.427979 0.000000 0.817206 0.000000 0.576346 0.000000 0.000000 0.000000
4877.099609 0.000000 1827.276611 0.000000 0.489711 0.000000 0.871885 0.000000 0.000000 0.000000
4894.608887 0.000000 1813.039673 0.000000 0.999905 0.000000 -0.013798 0.000000 0.000000 0.000000
4894.952637 0.000000 1827.012329 0.000000 0.730951 0.000000 0.682430 0.000000 0.000000 0.000000
4892.947754 0.000000 1837.571777 0.000000 0.812412 0.000000 0.583084 0.000000 0.000000 0.000000
4880.186523 0.000000 1826.651245 0.000000 0.649545 0.000000 -0.760323 0.000000 0.000000 0.000000
4917.566895 0.000000 1819.962280 0.000000 0.397988 0.000000 -0.917390 0.000000 0.000000 0.000000
4897.491699 0.000000 1813.395264 0.000000 0.953220 0.000000 -0.302278 0.000000 0.000000 0.000000
4865.118652 0.000000 1852.230103 0.000000 0.242062 0.000000 0.970261 0.000000 0.000000 0.000000
4918.255859 0.000000 1816.260010 0.000000 0.641353 0.000000 -0.767246 1.000000 1.000000 1.000000
4870.997070 0.000000 1847.756958 0.000000 0.991378 0.000000 0.131035 0.000000 0.000000 0.000000
4899.217285 0.000000 1818.338501 0.000000 0.085697 0.000000 -0.996321 0.000000 0.000000 0.000000
4921.360352 0.000000 1818.756714 0.000000 0.797936 0.000000 -0.602742 1.000000 1.000000 1.000000
4892.720215 0.000000 1848.009155 0.000000 0.083682 0.000000 -0.996493 0.000000 0.000000 0.000000
4918.302246 0.000000 1821.787476 0.000000 0.701429 0.000000 0.712740 0.000000 0.000000 0.000000
4923.502441 0.000000 1819.497314 0.000000 0.329486 0.000000 0.944161 0.000000 0.000000 0.000000
4889.774414 0.000000 1857.199219 0.000000 0.959565 0.000000 -0.281487 0.000000 0.000000 0.000000
4864.588379 0.000000 1859.802490 0.000000 0.936727 0.000000 0.350062 0.000000 0.000000 0.000000
4888.422363 0.000000 1837.200195 0.000000 0.568303 0.000000 0.822820 0.000000 0.000000 0.000000
4894.021484 0.000000 1815.766968 0.000000 0.861377 0.000000 0.507966 1.000000 1.000000 1.000000
4864.517090 0.000000 1857.276978 0.000000 0.682029 0.000000 0.731325 1.000000 1.000000 1.000000
4897.128418 0.000000 1848.263184 0.000000 0.926378 0.000000 0.376594 1.000000 1.000000 1.000000
4889.034668 0.000000 1839.446533 0.000000 0.996347 0.000000 -0.085395 1.000000 1.000000 1.000000
4959.453613 0.000000 1824.230103 0.000000 0.978795 0.000000 0.204840 0.000000 0.000000 0.000000
4930.396484 0.000000 1809.362183 0.000000 0.864090 0.000000 -0.503338 0.000000 0.000000 0.000000
4943.272949 0.000000 1829.418579 0.000000 0.702162 0.000000 0.712017 0.000000 0.000000 0.000000
4963.991211 0.000000 1823.226440 0.000000 0.913671 0.000000 -0.406455 0.000000 0.000000 0.000000
4953.237793 0.000000 1813.658936 0.000000 0.955321 0.000000 -0.295569 0.000000 0.000000 0.000000
4945.260254 0.000000 1833.957153 0.000000 0.942418 0.000000 -0.334438 0.000000 0.000000 0.000000
4956.431641 0.000000 1815.007812 0.000000 0.681994 0.000000 -0.731358 0.000000 0.000000 0.000000
4954.987305 0.000000 1807.588745 0.000000 0.732380 0.000000 0.680897 0.000000 0.000000 0.000000
4932.948730 0.000000 1807.615112 0.000000 0.810097 0.000000 0.586295 0.000000 0.000000 0.000000
4936.667480 0.000000 1812.279175 0.000000 0.658104 0.000000 0.752927 0.000000 0.000000 0.000000
4945.664551 0.000000 1814.156006 0.000000 0.044160 0.000000 0.999025 0.000000 0.000000 0.000000
4945.360840 0.000000 1853.660400 0.000000 0.809694 0.000000 0.586852 0.000000 0.000000 0.000000
4948.994629 0.000000 1810.052734 0.000000 0.140271 0.000000 -0.990113 1.000000 1.000000 1.000000
4958.608887 0.000000 1813.039673 0.000000 0.055204 0.000000 0.998475 0.000000 0.000000 0.000000
4929.451660 0.000000 1816.892456 0.000000 0.167230 0.000000 -0.985918 0.000000 0.000000 0.000000
4943.671387 0.000000 1809.029053 0.000000 0.968776 0.000000 -0.247939 0.000000 0.000000 0.000000
4946.498535 0.000000 1811.317993 0.000000 0.687593 0.000000 0.726097 0.000000 0.000000 0.000000
4948.805176 0.000000 1807.567505 0.000000 0.082883 0.000000 -0.996559 0.000000 0.000000 0.000000
4955.678223 0.000000 1812.514160 0.000000 0.160687 0.000000 -0.987005 1.000000 1.000000 1.000000
4941.612305 0.000000 1810.628662 0.000000 0.299473 0.000000 -0.954105 0.000000 0.000000 0.000000
4959.330566 0.000000 1839.921143 0.000000 0.648757 0.000000 0.760996 0.000000 0.000000 0.000000
4945.493164 0.000000 1851.472778 0.000000 0.999462 0.000000 0.032804 0.000000 0.000000 0.000000
4938.166504 0.000000 1814.013672 0.000000 0.852863 0.000000 0.522135 0.000000 0.000000 0.000000
4951.366211 0.000000 1810.152710 0.000000 0.650860 0.000000 0.759198 0.000000 0.000000 0.000000
4940.251465 0.000000 1814.336060 0.000000 0.922863 0.000000 -0.385128 0.000000 0.000000 0.000000
4889.661133 0.000000 1867.050537 0.000000 0.998266 0.000000 0.058870 0.000000 0.000000 0.000000
4884.094727 0.000000 1879.385254 0.000000 0.959737 0.000000 -0.280900 0.000000 0.000000 0.000000
4884.832520 0.000000 1876.563965 0.000000 0.025869 0.000000 -0.999665 0.000000 0.000000 0.000000
4845.516602 0.000000 2048.170898 0.000000 0.633034 0.000000 -0.774124 0.000000 0.000000 0.000000
4844.194824 0.000000 2045.514893 0.000000 0.167926 0.000000 -0.985800 0.000000 0.000000 0.000000
4823.408203 0.000000 2045.275635 0.000000 0.916496 0.000000 -0.400044 0.000000 0.000000 0.000000
4836.620605 0.000000 2136.630371 0.000000 0.954013 0.000000 0.299766 0.000000 0.000000 0.000000
4814.389160 0.000000 2123.306641 0.000000 0.957920 0.000000 0.287035 0.000000 0.000000 0.000000
4808.407715 0.000000 2154.218506 0.000000 0.468430 0.000000 0.883501 0.000000 0.000000 0.000000
4802.500488 0.000000 2166.150391 0.000000 0.976885 0.000000 0.213767 0.000000 0.000000 0.000000
4815.197266 0.000000 2158.039062 0.000000 0.951357 0.000000 0.308092 0.000000 0.000000 0.000000
4814.686523 0.000000 2160.997803 0.000000 0.282088 0.000000 0.959389 0.000000 0.000000 0.000000
4810.618164 0.000000 2159.950684 0.000000 0.458492 0.000000 -0.888699 0.000000 0.000000 0.000000
4813.704590 0.000000 2159.232910 0.000000 0.390899 0.000000 -0.920434 1.000000 1.000000 1.000000
4803.505371 0.000000 2246.316895 0.000000 0.955223 0.000000 0.295887 0.000000 0.000000 0.000000
4912.205566 0.000000 2146.380615 0.000000 0.897564 0.000000 0.440885 0.000000 0.000000 0.000000
4894.236816 0.000000 2255.420410 0.000000 0.779718 0.000000 0.626131 0.000000 0.000000 0.000000
4898.857422 0.000000 2232.019531 0.000000 0.999863 0.000000 -0.016550 0.000000 0.000000 0.000000
4902.581055 0.000000 2238.015137 0.000000 0.955723 0.000000 -0.294269 0.000000 0.000000 0.000000
4897.491699 0.000000 2208.785889 0.000000 0.786637 0.000000 0.617416 0.000000 0.000000 0.000000
4900.916016 0.000000 2230.953125 0.000000 0.000662 0.000000 1.000000 0.000000 0.000000 0.000000
4896.801270 0.000000 2231.205811 0.000000 0.995249 0.000000 -0.097359 0.000000 0.000000 0.000000
4904.284180 0.000000 2241.357178 0.000000 0.764867 0.000000 0.644188 0.000000 0.000000 0.000000
4898.177734 0.000000 2229.823730 0.000000 0.262378 0.000000 -0.964965 0.000000 0.000000 0.000000
4903.147461 0.000000 2239.793945 0.000000 0.496165 0.000000 -0.868228 0.000000 0.000000 0.000000
4205.434082 0.000000 2345.588623 0.000000 0.981672 0.000000 0.190580 0.000000 0.000000 0.000000
4282.544434 0.000000 2299.798096 0.000000 0.843436 0.000000 0.537229 0.000000 0.000000 0.000000
4275.213867 0.000000 2305.632324 0.000000 0.620093 0.000000 -0.784529 0.000000 0.000000 0.000000
4282.305176 0.000000 2303.356445 0.000000 0.827818 0.000000 0.560997 0.000000 0.000000 0.000000
4284.008301 0.000000 2301.652100 0.000000 0.985541 0.000000 -0.169436 0.000000 0.000000 0.000000
4279.867676 0.000000 2306.606689 0.000000 0.413448 0.000000 -0.910528 0.000000 0.000000 0.000000
4285.282227 0.000000 2303.330322 0.000000 0.774984 0.000000 -0.631981 0.000000 0.000000 0.000000
4291.505371 0.000000 2302.801270 0.000000 0.170914 0.000000 0.985286 0.000000 0.000000 0.000000
4282.544434 0.000000 2356.282471 0.000000 0.974044 0.000000 0.226359 0.000000 0.000000 0.000000
4285.512207 0.000000 2315.885498 0.000000 0.069031 0.000000 0.997615 0.000000 0.000000 0.000000
4279.060547 0.000000 2357.458984 0.000000 0.031041 0.000000 0.999518 0.000000 0.000000 0.000000
4287.697754 0.000000 2360.583496 0.000000 0.691147 0.000000 -0.722714 0.000000 0.000000 0.000000
4335.722656 0.000000 2360.178955 0.000000 0.271943 0.000000 0.962313 0.000000 0.000000 0.000000
4299.959473 0.000000 2364.350342 0.000000 0.472344 0.000000 0.881414 0.000000 0.000000 0.000000
4344.550781 0.000000 2348.718506 0.000000 0.988163 0.000000 -0.153408 0.000000 0.000000 0.000000
4339.863281 0.000000 2340.232178 0.000000 0.246280 0.000000 0.969199 0.000000 0.000000 0.000000
4309.934570 0.000000 2370.671387 0.000000 0.073247 0.000000 0.997314 0.000000 0.000000 0.000000
4321.062500 0.000000 2367.933350 0.000000 0.869066 0.000000 0.494696 0.000000 0.000000 0.000000
4331.407227 0.000000 2360.087402 0.000000 0.159343 0.000000 0.987223 0.000000 0.000000 0.000000
4333.537598 0.000000 2356.249023 0.000000 0.382571 0.000000 0.923926 0.000000 0.000000 0.000000
4295.440918 0.000000 2366.266602 0.000000 0.292925 0.000000 -0.956135 1.000000 1.000000 1.000000
4289.726074 0.000000 2358.763916 0.000000 0.130170 0.000000 0.991492 0.000000 0.000000 0.000000
4328.388184 0.000000 2365.861084 0.000000 0.265636 0.000000 -0.964073 0.000000 0.000000 0.000000
4295.784180 0.000000 2369.175781 0.000000 0.511103 0.000000 0.859520 0.000000 0.000000 0.000000
4269.516602 0.000000 2387.077148 0.000000 0.985101 0.000000 -0.171976 0.000000 0.000000 0.000000
4271.145508 0.000000 2390.491699 0.000000 0.145323 0.000000 -0.989384 0.000000 0.000000 0.000000
4300.978516 0.000000 2373.079834 0.000000 0.675972 0.000000 -0.736928 0.000000 0.000000 0.000000
4344.065918 0.000000 2397.706299 0.000000 0.379329 0.000000 0.925262 0.000000 0.000000 0.000000
4314.074219 0.000000 2402.860107 0.000000 0.620800 0.000000 -0.783969 0.000000 0.000000 0.000000
4338.842773 0.000000 2390.213623 0.000000 0.837373 0.000000 0.546632 0.000000 0.000000 0.000000
4288.514160 0.000000 2388.424561 0.000000 0.997430 0.000000 -0.071646 0.000000 0.000000 0.000000
4335.663086 0.000000 2382.355713 0.000000 0.519746 0.000000 -0.854321 0.000000 0.000000 0.000000
4303.671387 0.000000 2373.872803 0.000000 0.161593 0.000000 0.986857 0.000000 0.000000 0.000000
4733.125000 0.000000 2424.822998 0.000000 0.858539 0.000000 -0.512749 0.000000 0.000000 0.000000
4735.976562 0.000000 2422.959229 0.000000 0.999586 0.000000 -0.028762 0.000000 0.000000 0.000000
4734.390625 0.000000 2428.104248 0.000000 0.883928 0.000000 -0.467623 0.000000 0.000000 0.000000
4728.630371 0.000000 2425.798828 0.000000 0.806225 0.000000 -0.591610 0.000000 0.000000 0.000000
4730.520996 0.000000 2426.256348 0.000000 0.130767 0.000000 0.991413 0.000000 0.000000 0.000000
4733.535645 0.000000 2426.519287 0.000000 0.448269 0.000000 0.893899 0.000000 0.000000 0.000000
4710.230957 0.000000 2467.357178 0.000000 0.988777 0.000000 0.149396 0.000000 0.000000 0.000000
4710.535645 0.000000 2458.336182 0.000000 0.297394 0.000000 -0.954755 0.000000 0.000000 0.000000
4705.947754 0.000000 2478.301758 0.000000 0.998075 0.000000 0.062020 0.000000 0.000000 0.000000
4733.032715 0.000000 2451.016113 0.000000 0.985879 0.000000 -0.167459 0.000000 0.000000 0.000000
4728.473633 0.000000 2436.958984 0.000000 0.841781 0.000000 -0.539819 0.000000 0.000000 0.000000
4705.910645 0.000000 2471.150879 0.000000 0.574238 0.000000 -0.818688 0.000000 0.000000 0.000000
4733.251953 0.000000 2435.642578 0.000000 0.436327 0.000000 -0.899788 0.000000 0.000000 0.000000
4732.727539 0.000000 2431.322510 0.000000 0.283297 0.000000 0.959032 0.000000 0.000000 0.000000
4731.529785 0.000000 2429.475098 0.000000 0.279397 0.000000 0.960176 1.000000 1.000000 1.000000
4756.968750 0.000000 2424.468750 0.000000 0.309201 0.000000 0.950997 0.000000 0.000000 0.000000
4774.230957 0.000000 2410.872803 0.000000 0.975707 0.000000 0.219081 0.000000 0.000000 0.000000
4743.671387 0.000000 2397.200195 0.000000 0.762292 0.000000 0.647233 0.000000 0.000000 0.000000
4799.487305 0.000000 2402.571533 0.000000 0.962981 0.000000 0.269570 0.000000 0.000000 0.000000
4780.760254 0.000000 2410.848877 0.000000 0.722840 0.000000 -0.691016 0.000000 0.000000 0.000000
4762.074219 0.000000 2402.860107 0.000000 0.006138 0.000000 -0.999981 0.000000 0.000000 0.000000
4758.937012 0.000000 2386.770996 0.000000 0.501899 0.000000 -0.864926 0.000000 0.000000 0.000000
4776.763184 0.000000 2387.465820 0.000000 0.622553 0.000000 0.782577 0.000000 0.000000 0.000000
4755.771973 0.000000 2394.969238 0.000000 0.826504 0.000000 -0.562931 0.000000 0.000000 0.000000
4795.211426 0.000000 2401.961914 0.000000 0.457463 0.000000 -0.889229 0.000000 0.000000 0.000000
4737.884766 0.000000 2423.396240 0.000000 0.604550 0.000000 -0.796567 0.000000 0.000000 0.000000
4763.932617 0.000000 2392.613281 0.000000 0.782820 0.000000 -0.622248 0.000000 0.000000 0.000000
4736.156738 0.000000 2427.243896 0.000000 0.077658 0.000000 0.996980 0.000000 0.000000 0.000000
4753.939453 0.000000 2414.139404 0.000000 0.999807 0.000000 0.019662 0.000000 0.000000 0.000000
4759.293457 0.000000 2395.908447 0.000000 0.977411 0.000000 -0.211347 0.000000 0.000000 0.000000
4784.918945 0.000000 2387.329834 0.000000 0.109316 0.000000 0.994007 0.000000 0.000000 0.000000
4758.628418 0.000000 2402.370850 0.000000 0.989847 0.000000 0.142135 1.000000 1.000000 1.000000
4796.832520 0.000000 2404.665527 0.000000 0.711397 0.000000 0.702790 0.000000 0.000000 0.000000
4789.860840 0.000000 2420.410156 0.000000 0.335474 0.000000 -0.942049 0.000000 0.000000 0.000000
4760.795410 0.000000 2400.255859 0.000000 0.778355 0.000000 0.627825 1.000000 1.000000 1.000000
4780.352051 0.000000 2389.604736 0.000000 0.997719 0.000000 0.067508 0.000000 0.000000 0.000000
4761.283691 0.000000 2393.961426 0.000000 0.991126 0.000000 -0.132929 0.000000 0.000000 0.000000
4775.591309 0.000000 2414.179688 0.000000 0.810195 0.000000 0.586160 1.000000 1.000000 1.000000
4769.491699 0.000000 2378.239014 0.000000 0.903747 0.000000 0.428066 0.000000 0.000000 0.000000
4758.077637 0.000000 2389.518311 0.000000 0.380794 0.000000 0.924660 0.000000 0.000000 0.000000
4790.158691 0.000000 2404.403564 0.000000 0.763725 0.000000 0.645542 0.000000 0.000000 0.000000
4738.575684 0.000000 2413.470703 0.000000 0.999683 0.000000 -0.025157 0.000000 0.000000 0.000000
4764.928223 0.000000 2390.223877 0.000000 0.966032 0.000000 0.258423 0.000000 0.000000 0.000000
4760.535645 0.000000 2388.698730 0.000000 0.961538 0.000000 0.274673 0.000000 0.000000 0.000000
4738.552734 0.000000 2428.419922 0.000000 0.016592 0.000000 0.999862 0.000000 0.000000 0.000000
4763.190918 0.000000 2400.653076 0.000000 0.163241 0.000000 0.986586 0.000000 0.000000 0.000000
4792.742188 0.000000 2402.237549 0.000000 0.458604 0.000000 0.888641 1.000000 1.000000 1.000000
4762.245605 0.000000 2390.855713 0.000000 0.970376 0.000000 -0.241601 0.000000 0.000000 0.000000
4759.885254 0.000000 2398.123779 0.000000 0.957076 0.000000 -0.289838 0.000000 0.000000 0.000000
4759.105957 0.000000 2393.580322 0.000000 0.270223 0.000000 0.962798 0.000000 0.000000 0.000000
4775.465820 0.000000 2382.229492 0.000000 0.257838 0.000000 -0.966188 0.000000 0.000000 0.000000
4785.424316 0.000000 2410.760254 0.000000 0.963034 0.000000 -0.269380 0.000000 0.000000 0.000000
4774.962402 0.000000 2416.523682 0.000000 0.167416 0.000000 0.985886 0.000000 0.000000 0.000000
4778.281250 0.000000 2414.555420 0.000000 0.739621 0.000000 0.673024 0.000000 0.000000 0.000000
4756.821777 0.000000 2403.454834 0.000000 0.411857 0.000000 -0.911249 0.000000 0.000000 0.000000
4783.135742 0.000000 2388.399902 0.000000 0.330984 0.000000 0.943636 0.000000 0.000000 0.000000
4797.382324 0.000000 2402.645996 0.000000 0.395904 0.000000 0.918292 0.000000 0.000000 0.000000
4779.311523 0.000000 2397.491455 0.000000 0.943062 0.000000 0.332616 0.000000 0.000000 0.000000
4757.008301 0.000000 2401.448730 0.000000 0.901643 0.000000 0.432482 1.000000 1.000000 1.000000
4758.981445 0.000000 2400.568359 0.000000 0.997779 0.000000 0.066612 1.000000 1.000000 1.000000
4760.422363 0.000000 2402.043945 0.000000 0.831573 0.000000 0.555416 1.000000 1.000000 1.000000
4794.250000 0.000000 2405.835693 0.000000 0.928943 0.000000 -0.370222 0.000000 0.000000 0.000000
4849.272949 0.000000 2405.968750 0.000000 0.948740 0.000000 0.316057 0.000000 0.000000 0.000000
4848.541992 0.000000 2394.928955 0.000000 0.512673 0.000000 0.858584 0.000000 0.000000 0.000000
4850.842773 0.000000 2390.213623 0.000000 0.895610 0.000000 -0.444841 0.000000 0.000000 0.000000
4817.256836 0.000000 2407.058594 0.000000 0.999982 0.000000 0.006063 0.000000 0.000000 0.000000
4819.007324 0.000000 2390.422119 0.000000 0.962879 0.000000 -0.269932 0.000000 0.000000 0.000000
4840.763184 0.000000 2387.465820 0.000000 0.042321 0.000000 0.999104 0.000000 0.000000 0.000000
4853.994141 0.000000 2393.629883 0.000000 0.032279 0.000000 0.999479 0.000000 0.000000 0.000000
4800.163086 0.000000 2407.090332 0.000000 0.564636 0.000000 0.825340 0.000000 0.000000 0.000000
4827.932617 0.000000 2392.613281 0.000000 0.442353 0.000000 0.896841 0.000000 0.000000 0.000000
4838.889160 0.000000 2395.783447 0.000000 0.282518 0.000000 0.959262 1.000000 1.000000 1.000000
4829.530273 0.000000 2399.636230 0.000000 0.438353 0.000000 -0.898803 0.000000 0.000000 0.000000
4847.917480 0.000000 2409.125732 0.000000 0.917583 0.000000 -0.397545 0.000000 0.000000 0.000000
4800.894531 0.000000 2402.643799 0.000000 0.136054 0.000000 0.990701 0.000000 0.000000 0.000000
4851.759277 0.000000 2403.708496 0.000000 0.597697 0.000000 -0.801722 0.000000 0.000000 0.000000
4851.016113 0.000000 2393.194824 0.000000 0.999728 0.000000 -0.023322 0.000000 0.000000 0.000000
4838.581055 0.000000 2407.468262 0.000000 0.248770 0.000000 0.968562 1.000000 1.000000 1.000000
4810.072266 0.000000 2428.515869 0.000000 0.928005 0.000000 0.372569 0.000000 0.000000 0.000000
4829.958984 0.000000 2382.544189 0.000000 0.976253 0.000000 0.216636 0.000000 0.000000 0.000000
4861.738281 0.000000 2400.593018 0.000000 0.310280 0.000000 -0.950645 1.000000 1.000000 1.000000
4822.077637 0.000000 2389.518311 0.000000 0.404047 0.000000 0.914738 0.000000 0.000000 0.000000
4843.095215 0.000000 2386.662354 0.000000 0.650952 0.000000 0.759119 0.000000 0.000000 0.000000
4807.143066 0.000000 2399.728271 0.000000 0.990164 0.000000 0.139913 0.000000 0.000000 0.000000
4826.245605 0.000000 2390.855713 0.000000 0.608586 0.000000 -0.793488 0.000000 0.000000 0.000000
4849.314941 0.000000 2415.041992 0.000000 0.349664 0.000000 0.936875 0.000000 0.000000 0.000000
4840.688965 0.000000 2396.744141 0.000000 0.572068 0.000000 -0.820206 0.000000 0.000000 0.000000
4840.567383 0.000000 2407.027100 0.000000 0.549519 0.000000 0.835481 1.000000 1.000000 1.000000
4774.230957 0.000000 2467.357178 0.000000 0.340432 0.000000 0.940269 0.000000 0.000000 0.000000
4783.722656 0.000000 2473.147705 0.000000 0.622276 0.000000 -0.782798 0.000000 0.000000 0.000000
4799.487305 0.000000 2459.055908 0.000000 0.254051 0.000000 -0.967191 0.000000 0.000000 0.000000
4766.236816 0.000000 2481.357910 0.000000 0.723840 0.000000 0.689968 0.000000 0.000000 0.000000
4751.272949 0.000000 2450.746582 0.000000 0.192207 0.000000 -0.981354 0.000000 0.000000 0.000000
4777.385742 0.000000 2461.746338 0.000000 0.293879 0.000000 -0.955843 0.000000 0.000000 0.000000
4786.584961 0.000000 2456.722412 0.000000 0.062918 0.000000 0.998019 0.000000 0.000000 0.000000
4745.063965 0.000000 2459.290039 0.000000 0.985551 0.000000 -0.169376 0.000000 0.000000 0.000000
4762.709961 0.000000 2465.868164 0.000000 0.168849 0.000000 -0.985642 0.000000 0.000000 0.000000
4762.364746 0.000000 2454.389404 0.000000 0.828150 0.000000 0.560506 0.000000 0.000000 0.000000
4790.864258 0.000000 2483.826660 0.000000 0.895435 0.000000 -0.445192 0.000000 0.000000 0.000000
4765.237305 0.000000 2462.350342 0.000000 0.574274 0.000000 -0.818663 0.000000 0.000000 0.000000
4767.334473 0.000000 2469.813477 0.000000 0.305490 0.000000 -0.952195 0.000000 0.000000 0.000000
4747.941895 0.000000 2470.632080 0.000000 0.302376 0.000000 0.953189 0.000000 0.000000 0.000000
4749.506836 0.000000 2464.642578 0.000000 0.159815 0.000000 -0.987147 0.000000 0.000000 0.000000
4793.910645 0.000000 2476.779053 0.000000 0.191758 0.000000 0.981442 0.000000 0.000000 0.000000
4759.371094 0.000000 2471.842041 0.000000 0.340285 0.000000 -0.940322 0.000000 0.000000 0.000000
4757.502930 0.000000 2477.147217 0.000000 0.913878 0.000000 0.405989 0.000000 0.000000 0.000000
4759.293457 0.000000 2452.392822 0.000000 0.525671 0.000000 0.850688 0.000000 0.000000 0.000000
4780.376953 0.000000 2475.095703 0.000000 0.035680 0.000000 0.999363 0.000000 0.000000 0.000000
4745.866211 0.000000 2467.900391 0.000000 0.645808 0.000000 -0.763500 0.000000 0.000000 0.000000
4791.062500 0.000000 2479.845703 0.000000 0.101228 0.000000 -0.994863 1.000000 1.000000 1.000000
4763.595215 0.000000 2479.351807 0.000000 0.999880 0.000000 -0.015458 0.000000 0.000000 0.000000
4771.666992 0.000000 2465.314453 0.000000 0.608109 0.000000 0.793853 0.000000 0.000000 0.000000
4768.449219 0.000000 2454.823486 0.000000 0.689080 0.000000 -0.724685 0.000000 0.000000 0.000000
4778.835938 0.000000 2434.834473 0.000000 0.212008 0.000000 -0.977268 0.000000 0.000000 0.000000
4777.967773 0.000000 2458.645996 0.000000 0.198961 0.000000 -0.980007 0.000000 0.000000 0.000000
4769.099609 0.000000 2462.777832 0.000000 0.284954 0.000000 -0.958541 0.000000 0.000000 0.000000
4738.356934 0.000000 2433.726318 0.000000 0.991998 0.000000 -0.126253 0.000000 0.000000 0.000000
4761.916992 0.000000 2473.594238 0.000000 0.734278 0.000000 0.678849 0.000000 0.000000 0.000000
4755.991699 0.000000 2462.055664 0.000000 0.109957 0.000000 0.993936 0.000000 0.000000 0.000000
4794.631836 0.000000 2463.964600 0.000000 0.995924 0.000000 0.090199 0.000000 0.000000 0.000000
4736.042480 0.000000 2428.835449 0.000000 0.462938 0.000000 0.886391 0.000000 0.000000 0.000000
4753.664551 0.000000 2435.484131 0.000000 0.995495 0.000000 0.094809 1.000000 1.000000 1.000000
4786.798340 0.000000 2465.509277 0.000000 0.999442 0.000000 -0.033414 0.000000 0.000000 0.000000
4753.360840 0.000000 2474.988525 0.000000 0.996760 0.000000 -0.080437 1.000000 1.000000 1.000000
4760.795410 0.000000 2456.740234 0.000000 0.994120 0.000000 -0.108283 0.000000 0.000000 0.000000
4789.519043 0.000000 2455.453613 0.000000 0.588662 0.000000 -0.808379 0.000000 0.000000 0.000000
4743.213379 0.000000 2467.028076 0.000000 0.084446 0.000000 -0.996428 0.000000 0.000000 0.000000
4763.635742 0.000000 2451.878418 0.000000 0.273277 0.000000 0.961935 0.000000 0.000000 0.000000
4747.616211 0.000000 2458.169189 0.000000 0.550460 0.000000 -0.834861 0.000000 0.000000 0.000000
4775.591309 0.000000 2470.664062 0.000000 0.818554 0.000000 -0.574429 0.000000 0.000000 0.000000
4780.127930 0.000000 2456.269531 0.000000 0.782445 0.000000 0.622720 0.000000 0.000000 0.000000
4797.125000 0.000000 2481.307373 0.000000 0.563539 0.000000 0.826090 1.000000 1.000000 1.000000
4752.716797 0.000000 2460.926025 0.000000 0.370774 0.000000 0.928723 0.000000 0.000000 0.000000
4799.976562 0.000000 2479.443604 0.000000 0.059312 0.000000 -0.998239 1.000000 1.000000 1.000000
4785.394043 0.000000 2454.157959 0.000000 0.961386 0.000000 -0.275205 0.000000 0.000000 0.000000
4779.690430 0.000000 2432.392090 0.000000 0.718807 0.000000 0.695210 0.000000 0.000000 0.000000
4777.128906 0.000000 2449.693848 0.000000 0.043333 0.000000 0.999061 0.000000 0.000000 0.000000
4746.235840 0.000000 2472.512451 0.000000 0.826041 0.000000 -0.563610 0.000000 0.000000 0.000000
4756.436035 0.000000 2471.100098 0.000000 0.862011 0.000000 0.506890 1.000000 1.000000 1.000000
4751.870117 0.000000 2465.650879 0.000000 0.982048 0.000000 0.188633 0.000000 0.000000 0.000000
4755.362793 0.000000 2456.815918 0.000000 0.996303 0.000000 -0.085911 0.000000 0.000000 0.000000
4749.872070 0.000000 2457.230713 0.000000 0.177652 0.000000 0.984093 0.000000 0.000000 0.000000
4798.994629 0.000000 2476.451904 0.000000 0.238981 0.000000 0.971024 1.000000 1.000000 1.000000
4788.706543 0.000000 2485.143555 0.000000 0.447254 0.000000 -0.894407 0.000000 0.000000 0.000000
4789.005371 0.000000 2481.023438 0.000000 0.990629 0.000000 0.136578 0.000000 0.000000 0.000000
4765.291016 0.000000 2471.170654 0.000000 0.033007 0.000000 0.999455 0.000000 0.000000 0.000000
4779.596680 0.000000 2477.369629 0.000000 0.870747 0.000000 -0.491731 0.000000 0.000000 0.000000
4755.253418 0.000000 2476.414795 0.000000 0.973995 0.000000 -0.226568 0.000000 0.000000 0.000000
4750.033691 0.000000 2434.718994 0.000000 0.966730 0.000000 -0.255798 1.000000 1.000000 1.000000
4763.203125 0.000000 2468.145752 0.000000 0.562830 0.000000 0.826573 0.000000 0.000000 0.000000
4792.096680 0.000000 2456.472168 0.000000 0.376815 0.000000 -0.926289 0.000000 0.000000 0.000000
4795.305664 0.000000 2478.607178 0.000000 0.553335 0.000000 -0.832959 1.000000 1.000000 1.000000
4767.888672 0.000000 2450.372314 0.000000 0.193416 0.000000 -0.981117 0.000000 0.000000 0.000000
4753.493164 0.000000 2472.801025 0.000000 0.624361 0.000000 -0.781136 1.000000 1.000000 1.000000
4775.465820 0.000000 2438.713867 0.000000 0.003184 0.000000 -0.999995 0.000000 0.000000 0.000000
4793.072754 0.000000 2478.945312 0.000000 0.700276 0.000000 -0.713872 1.000000 1.000000 1.000000
4746.166504 0.000000 2435.341797 0.000000 0.798652 0.000000 0.601793 0.000000 0.000000 0.000000
4768.607910 0.000000 2467.918701 0.000000 0.210301 0.000000 -0.977637 0.000000 0.000000 0.000000
4778.219238 0.000000 2475.042725 0.000000 0.267750 0.000000 0.963488 0.000000 0.000000 0.000000
4791.867676 0.000000 2476.059814 0.000000 0.741954 0.000000 0.670451 1.000000 1.000000 1.000000
4776.179688 0.000000 2457.012695 0.000000 0.739317 0.000000 0.673357 1.000000 1.000000 1.000000
4781.747070 0.000000 2477.519775 0.000000 0.742868 0.000000 -0.669438 0.000000 0.000000 0.000000
4778.281250 0.000000 2471.039795 0.000000 0.239240 0.000000 0.970960 1.000000 1.000000 1.000000
4738.199219 0.000000 2435.940430 0.000000 0.697821 0.000000 -0.716272 0.000000 0.000000 0.000000
4756.821777 0.000000 2459.939209 0.000000 0.953327 0.000000 -0.301941 0.000000 0.000000 0.000000
4742.997070 0.000000 2469.084961 0.000000 0.481673 0.000000 0.876351 0.000000 0.000000 0.000000
4775.167969 0.000000 2477.298096 0.000000 0.999503 0.000000 0.031527 0.000000 0.000000 0.000000
4760.887695 0.000000 2470.428223 0.000000 0.697748 0.000000 -0.716343 0.000000 0.000000 0.000000
4786.394043 0.000000 2480.949951 0.000000 0.877221 0.000000 -0.480087 0.000000 0.000000 0.000000
4745.808105 0.000000 2469.995361 0.000000 0.186008 0.000000 -0.982548 0.000000 0.000000 0.000000
4776.199219 0.000000 2459.674072 0.000000 0.844241 0.000000 0.535964 0.000000 0.000000 0.000000
4779.407227 0.000000 2473.056152 0.000000 0.068253 0.000000 0.997668 1.000000 1.000000 1.000000
4769.987305 0.000000 2466.441895 0.000000 0.370935 0.000000 -0.928659 0.000000 0.000000 0.000000
4758.911621 0.000000 2469.817627 0.000000 0.712544 0.000000 0.701627 0.000000 0.000000 0.000000
4763.528320 0.000000 2463.367432 0.000000 0.156762 0.000000 -0.987636 1.000000 1.000000 1.000000
4779.628906 0.000000 2469.219238 0.000000 0.731138 0.000000 0.682230 0.000000 0.000000 0.000000
4787.561035 0.000000 2455.090088 0.000000 0.656162 0.000000 -0.754620 1.000000 1.000000 1.000000
4748.080078 0.000000 2460.116943 0.000000 0.821316 0.000000 -0.570473 0.000000 0.000000 0.000000
4757.101562 0.000000 2475.279053 0.000000 0.874737 0.000000 0.484599 0.000000 0.000000 0.000000
4764.720215 0.000000 2469.337158 0.000000 0.011483 0.000000 0.999934 0.000000 0.000000 0.000000
4757.917480 0.000000 2473.090332 0.000000 0.787971 0.000000 -0.615713 1.000000 1.000000 1.000000
4789.449707 0.000000 2478.719727 0.000000 0.464801 0.000000 -0.885415 0.000000 0.000000 0.000000
4791.432129 0.000000 2477.911865 0.000000 0.229225 0.000000 -0.973374 1.000000 1.000000 1.000000
4775.104492 0.000000 2440.721680 0.000000 0.980947 0.000000 0.194277 1.000000 1.000000 1.000000
4796.771484 0.000000 2465.912354 0.000000 0.365134 0.000000 0.930955 0.000000 0.000000 0.000000
4748.251465 0.000000 2435.664307 0.000000 0.622688 0.000000 0.782471 1.000000 1.000000 1.000000
4766.609375 0.000000 2454.490723 0.000000 0.999915 0.000000 -0.013004 0.000000 0.000000 0.000000
4796.180664 0.000000 2462.930664 0.000000 0.999420 0.000000 -0.034050 1.000000 1.000000 1.000000
4790.588867 0.000000 2482.011230 0.000000 0.709943 0.000000 -0.704259 0.000000 0.000000 0.000000
4751.854980 0.000000 2435.357910 0.000000 0.974333 0.000000 0.225111 1.000000 1.000000 1.000000
4769.433594 0.000000 2464.631592 0.000000 0.926823 0.000000 -0.375499 0.000000 0.000000 0.000000
4748.773926 0.000000 2463.012207 0.000000 0.914292 0.000000 -0.405057 0.000000 0.000000 0.000000
4789.188965 0.000000 2483.240967 0.000000 0.960301 0.000000 0.278966 0.000000 0.000000 0.000000
4778.442383 0.000000 2456.878906 0.000000 0.845099 0.000000 0.534610 1.000000 1.000000 1.000000
4772.560547 0.000000 2442.883789 0.000000 0.994988 0.000000 -0.099995 1.000000 1.000000 1.000000
4797.535645 0.000000 2483.003662 0.000000 0.944221 0.000000 -0.329313 1.000000 1.000000 1.000000
4754.362793 0.000000 2461.464600 0.000000 0.316922 0.000000 0.948452 0.000000 0.000000 0.000000
4762.057129 0.000000 2464.291260 0.000000 0.275691 0.000000 -0.961246 0.000000 0.000000 0.000000
4755.070801 0.000000 2472.196045 0.000000 0.352228 0.000000 0.935914 1.000000 1.000000 1.000000
4798.675293 0.000000 2480.579346 0.000000 0.818929 0.000000 -0.573895 1.000000 1.000000 1.000000
4795.964844 0.000000 2480.129883 0.000000 0.999475 0.000000 0.032410 1.000000 1.000000 1.000000
4818.127930 0.000000 2442.104248 0.000000 0.300596 0.000000 0.953751 0.000000 0.000000 0.000000
4812.552734 0.000000 2455.022217 0.000000 0.860922 0.000000 -0.508737 1.000000 1.000000 1.000000
4809.063965 0.000000 2459.290039 0.000000 0.630064 0.000000 -0.776543 1.000000 1.000000 1.000000
4818.283691 0.000000 2429.960938 0.000000 0.145015 0.000000 0.989429 0.000000 0.000000 0.000000
4813.506836 0.000000 2464.642578 0.000000 0.800925 0.000000 0.598765 0.000000 0.000000 0.000000
4817.939453 0.000000 2470.623779 0.000000 0.046808 0.000000 -0.998904 0.000000 0.000000 0.000000
4804.957520 0.000000 2468.675293 0.000000 0.895240 0.000000 0.445584 0.000000 0.000000 0.000000
4809.866211 0.000000 2467.900391 0.000000 0.163274 0.000000 0.986581 0.000000 0.000000 0.000000
4800.894531 0.000000 2459.128174 0.000000 0.316652 0.000000 -0.948542 0.000000 0.000000 0.000000
4811.406250 0.000000 2461.898926 0.000000 0.881243 0.000000 -0.472664 0.000000 0.000000 0.000000
4806.507812 0.000000 2480.919189 0.000000 0.993143 0.000000 -0.116908 1.000000 1.000000 1.000000
4809.278320 0.000000 2478.911621 0.000000 0.764146 0.000000 -0.645044 1.000000 1.000000 1.000000
4803.510742 0.000000 2475.756104 0.000000 0.995912 0.000000 -0.090328 0.000000 0.000000 0.000000
4809.604492 0.000000 2456.282471 0.000000 0.554392 0.000000 -0.832256 0.000000 0.000000 0.000000
4819.991699 0.000000 2462.055664 0.000000 0.734749 0.000000 0.678340 1.000000 1.000000 1.000000
4812.112305 0.000000 2443.734863 0.000000 0.956745 0.000000 -0.290927 0.000000 0.000000 0.000000
4817.664551 0.000000 2435.484131 0.000000 0.855853 0.000000 0.517220 1.000000 1.000000 1.000000
4807.437500 0.000000 2483.871826 0.000000 0.311116 0.000000 0.950372 0.000000 0.000000 0.000000
4817.360840 0.000000 2474.988525 0.000000 0.140307 0.000000 -0.990108 0.000000 0.000000 0.000000
4828.380371 0.000000 2483.678467 0.000000 0.854122 0.000000 -0.520073 0.000000 0.000000 0.000000
4820.094727 0.000000 2444.229004 0.000000 0.691182 0.000000 -0.722681 1.000000 1.000000 1.000000
4812.083496 0.000000 2474.342041 0.000000 0.945746 0.000000 0.324907 0.000000 0.000000 0.000000
4807.213379 0.000000 2467.028076 0.000000 0.402262 0.000000 0.915524 1.000000 1.000000 1.000000
4810.564941 0.000000 2431.376953 0.000000 0.998889 0.000000 -0.047125 0.000000 0.000000 0.000000
4811.616211 0.000000 2458.169189 0.000000 0.554345 0.000000 -0.832287 1.000000 1.000000 1.000000
4806.395508 0.000000 2458.883789 0.000000 0.522007 0.000000 0.852941 0.000000 0.000000 0.000000
4812.721191 0.000000 2467.153076 0.000000 0.667670 0.000000 0.744458 0.000000 0.000000 0.000000
4816.716797 0.000000 2460.926025 0.000000 0.026934 0.000000 0.999637 0.000000 0.000000 0.000000
4814.686523 0.000000 2443.419678 0.000000 0.697958 0.000000 -0.716139 0.000000 0.000000 0.000000
4819.640625 0.000000 2454.139893 0.000000 0.433203 0.000000 -0.901296 1.000000 1.000000 1.000000
4810.235840 0.000000 2472.512451 0.000000 0.045943 0.000000 0.998944 1.000000 1.000000 1.000000
4804.384766 0.000000 2479.600830 0.000000 0.422094 0.000000 -0.906552 0.000000 0.000000 0.000000
4818.498535 0.000000 2432.646240 0.000000 0.192347 0.000000 -0.981327 1.000000 1.000000 1.000000
4814.389160 0.000000 2462.212891 0.000000 0.983617 0.000000 0.180270 1.000000 1.000000 1.000000
4820.805176 0.000000 2428.895752 0.000000 0.734740 0.000000 -0.678349 0.000000 0.000000 0.000000
4815.870117 0.000000 2465.650879 0.000000 0.428831 0.000000 -0.903385 1.000000 1.000000 1.000000
4819.362793 0.000000 2456.815918 0.000000 0.851083 0.000000 -0.525031 0.000000 0.000000 0.000000
4813.872070 0.000000 2457.230713 0.000000 0.775753 0.000000 -0.631036 1.000000 1.000000 1.000000
4819.894531 0.000000 2436.599854 0.000000 0.769422 0.000000 0.638741 0.000000 0.000000 0.000000
4807.143066 0.000000 2456.212646 0.000000 0.959164 0.000000 -0.282852 0.000000 0.000000 0.000000
4814.401855 0.000000 2470.523926 0.000000 0.964996 0.000000 -0.262266 0.000000 0.000000 0.000000
4826.245605 0.000000 2447.340088 0.000000 0.918948 0.000000 -0.394379 0.000000 0.000000 0.000000
4816.382324 0.000000 2484.644531 0.000000 0.575122 0.000000 -0.818068 0.000000 0.000000 0.000000
4802.627930 0.000000 2457.535400 0.000000 0.836516 0.000000 -0.547942 0.000000 0.000000 0.000000
4814.033691 0.000000 2434.718994 0.000000 0.330057 0.000000 0.943961 0.000000 0.000000 0.000000
4819.576660 0.000000 2464.279785 0.000000 0.077908 0.000000 0.996961 1.000000 1.000000 1.000000
4823.105957 0.000000 2450.064697 0.000000 0.981262 0.000000 0.192677 0.000000 0.000000 0.000000
4817.493164 0.000000 2472.801025 0.000000 0.915783 0.000000 0.401673 0.000000 0.000000 0.000000
4808.237305 0.000000 2476.854736 0.000000 0.460556 0.000000 0.887631 1.000000 1.000000 1.000000
4806.997070 0.000000 2469.084961 0.000000 0.064448 0.000000 0.997921 0.000000 0.000000 0.000000
4813.139648 0.000000 2472.372803 0.000000 0.142919 0.000000 0.989734 1.000000 1.000000 1.000000
4809.808105 0.000000 2469.995361 0.000000 0.631589 0.000000 0.775303 0.000000 0.000000 0.000000
4816.098633 0.000000 2438.587646 0.000000 0.919345 0.000000 -0.393452 1.000000 1.000000 1.000000
4803.099121 0.000000 2455.529785 0.000000 0.957341 0.000000 0.288959 0.000000 0.000000 0.000000
4808.722168 0.000000 2461.347168 0.000000 0.992165 0.000000 0.124938 1.000000 1.000000 1.000000
4815.799805 0.000000 2471.891846 0.000000 0.448937 0.000000 0.893563 0.000000 0.000000 0.000000
4826.529785 0.000000 2484.234863 0.000000 0.829608 0.000000 -0.558347 1.000000 1.000000 1.000000
4800.144043 0.000000 2457.228271 0.000000 0.135991 0.000000 -0.990710 0.000000 0.000000 0.000000
4815.325195 0.000000 2463.836670 0.000000 0.855266 0.000000 -0.518189 1.000000 1.000000 1.000000
4807.440918 0.000000 2479.235352 0.000000 0.697738 0.000000 -0.716353 1.000000 1.000000 1.000000
4815.854980 0.000000 2435.357910 0.000000 0.264326 0.000000 -0.964433 0.000000 0.000000 0.000000
4808.309570 0.000000 2457.621338 0.000000 0.227868 0.000000 -0.973692 0.000000 0.000000 0.000000
4813.340332 0.000000 2469.054932 0.000000 0.106459 0.000000 -0.994317 1.000000 1.000000 1.000000
4800.517090 0.000000 2478.605225 0.000000 0.891404 0.000000 0.453209 1.000000 1.000000 1.000000
4807.784180 0.000000 2482.144531 0.000000 0.602804 0.000000 -0.797889 0.000000 0.000000 0.000000
4814.389648 0.000000 2466.612549 0.000000 0.875543 0.000000 0.483141 1.000000 1.000000 1.000000
4817.862305 0.000000 2465.155518 0.000000 0.495644 0.000000 0.868526 1.000000 1.000000 1.000000
4816.790527 0.000000 2436.983398 0.000000 0.918753 0.000000 -0.394833 1.000000 1.000000 1.000000
4811.461426 0.000000 2456.422607 0.000000 0.251639 0.000000 0.967821 0.000000 0.000000 0.000000
4813.306641 0.000000 2453.379639 0.000000 0.244256 0.000000 -0.969711 1.000000 1.000000 1.000000
4915.456055 0.000000 2309.663330 0.000000 0.882981 0.000000 0.469409 0.000000 0.000000 0.000000
4918.864258 0.000000 2314.373535 0.000000 0.990765 0.000000 -0.135592 0.000000 0.000000 0.000000
4912.918945 0.000000 2274.361084 0.000000 0.647612 0.000000 0.761970 0.000000 0.000000 0.000000
4919.819336 0.000000 2278.205811 0.000000 0.587982 0.000000 -0.808874 0.000000 0.000000 0.000000
4921.384766 0.000000 2315.626709 0.000000 0.540774 0.000000 -0.841168 1.000000 1.000000 1.000000
4917.566895 0.000000 2271.837158 0.000000 0.412101 0.000000 -0.911138 0.000000 0.000000 0.000000
4910.693848 0.000000 2291.433594 0.000000 0.654280 0.000000 0.756253 0.000000 0.000000 0.000000
4920.630371 0.000000 2312.830078 0.000000 0.965813 0.000000 0.259238 0.000000 0.000000 0.000000
4913.424316 0.000000 2297.791504 0.000000 0.686283 0.000000 -0.727335 0.000000 0.000000 0.000000
4916.679199 0.000000 2279.064209 0.000000 0.369273 0.000000 -0.929321 1.000000 1.000000 1.000000
4914.395020 0.000000 2289.391602 0.000000 0.991987 0.000000 0.126343 0.000000 0.000000 0.000000
4913.909180 0.000000 2291.216309 0.000000 0.602777 0.000000 0.797909 0.000000 0.000000 0.000000
4913.324707 0.000000 2294.972168 0.000000 0.976426 0.000000 -0.215854 0.000000 0.000000 0.000000
4919.107910 0.000000 2361.060791 0.000000 0.975571 0.000000 0.219685 0.000000 0.000000 0.000000
4917.994141 0.000000 2337.145508 0.000000 0.815160 0.000000 0.579237 0.000000 0.000000 0.000000
4925.524414 0.000000 2332.929199 0.000000 0.596905 0.000000 -0.802312 0.000000 0.000000 0.000000
4915.213867 0.000000 2362.116699 0.000000 0.999641 0.000000 0.026793 0.000000 0.000000 0.000000
4917.860840 0.000000 2363.925781 0.000000 0.591047 0.000000 -0.806637 0.000000 0.000000 0.000000
4920.639160 0.000000 2320.831787 0.000000 0.985932 0.000000 -0.167149 0.000000 0.000000 0.000000
4920.473633 0.000000 2323.990234 0.000000 0.743783 0.000000 0.668421 0.000000 0.000000 0.000000
4921.460938 0.000000 2315.962646 0.000000 0.583975 0.000000 -0.811772 1.000000 1.000000 1.000000
4918.180664 0.000000 2339.709473 0.000000 0.999639 0.000000 0.026856 0.000000 0.000000 0.000000
4932.458496 0.000000 2370.325439 0.000000 0.740442 0.000000 -0.672120 0.000000 0.000000 0.000000
4928.098633 0.000000 2322.808350 0.000000 0.164012 0.000000 -0.986458 0.000000 0.000000 0.000000
4945.260254 0.000000 2342.316406 0.000000 0.413246 0.000000 0.910620 0.000000 0.000000 0.000000
4973.386719 0.000000 2370.566406 0.000000 0.193950 0.000000 0.981011 0.000000 0.000000 0.000000
4938.329590 0.000000 2340.563965 0.000000 0.495061 0.000000 0.868858 0.000000 0.000000 0.000000
4947.640625 0.000000 2341.171143 0.000000 0.615707 0.000000 0.787975 0.000000 0.000000 0.000000
4947.362793 0.000000 2343.847168 0.000000 0.734574 0.000000 0.678528 0.000000 0.000000 0.000000
4873.400879 0.000000 2388.462891 0.000000 0.573530 0.000000 0.819185 0.000000 0.000000 0.000000
4889.621582 0.000000 2420.218506 0.000000 0.157531 0.000000 -0.987514 0.000000 0.000000 0.000000
4890.074219 0.000000 2402.860107 0.000000 0.598540 0.000000 0.801093 0.000000 0.000000 0.000000
4864.163086 0.000000 2407.090332 0.000000 0.953306 0.000000 0.302007 0.000000 0.000000 0.000000
4897.947754 0.000000 2421.817383 0.000000 0.950351 0.000000 0.311180 0.000000 0.000000 0.000000
4882.579102 0.000000 2427.532715 0.000000 0.589918 0.000000 0.807463 1.000000 1.000000 1.000000
4891.595215 0.000000 2422.867432 0.000000 0.376689 0.000000 -0.926340 1.000000 1.000000 1.000000
4898.857422 0.000000 2401.472656 0.000000 0.523914 0.000000 -0.851771 0.000000 0.000000 0.000000
4896.449219 0.000000 2398.339111 0.000000 0.786339 0.000000 0.617795 0.000000 0.000000 0.000000
4873.278320 0.000000 2422.427246 0.000000 0.939217 0.000000 0.343325 0.000000 0.000000 0.000000
4885.934570 0.000000 2427.155762 0.000000 0.775846 0.000000 0.630923 1.000000 1.000000 1.000000
4892.380371 0.000000 2427.194092 0.000000 0.642488 0.000000 0.766296 0.000000 0.000000 0.000000
4888.795410 0.000000 2400.255859 0.000000 0.981243 0.000000 -0.192777 0.000000 0.000000 0.000000
4871.213379 0.000000 2410.543701 0.000000 0.112526 0.000000 -0.993649 0.000000 0.000000 0.000000
4884.984863 0.000000 2409.541748 0.000000 0.879184 0.000000 0.476482 0.000000 0.000000 0.000000
4907.601562 0.000000 2425.243896 0.000000 0.999469 0.000000 -0.032588 0.000000 0.000000 0.000000
4926.582031 0.000000 2387.210938 0.000000 0.477506 0.000000 0.878629 0.000000 0.000000 0.000000
4927.814453 0.000000 2390.788330 0.000000 0.257839 0.000000 -0.966188 0.000000 0.000000 0.000000
4896.330078 0.000000 2426.641113 0.000000 0.719034 0.000000 0.694975 0.000000 0.000000 0.000000
4880.382324 0.000000 2428.160156 0.000000 0.948617 0.000000 0.316427 0.000000 0.000000 0.000000
4895.330566 0.000000 2404.764893 0.000000 0.745363 0.000000 0.666659 0.000000 0.000000 0.000000
4875.263184 0.000000 2408.906006 0.000000 0.997048 0.000000 0.076783 0.000000 0.000000 0.000000
4891.673340 0.000000 2425.117188 0.000000 0.519029 0.000000 -0.854756 1.000000 1.000000 1.000000
4896.801270 0.000000 2400.658936 0.000000 0.977492 0.000000 0.210973 0.000000 0.000000 0.000000
4882.979980 0.000000 2412.357666 0.000000 0.856549 0.000000 -0.516065 1.000000 1.000000 1.000000
4904.389160 0.000000 2425.974121 0.000000 0.932775 0.000000 0.360458 1.000000 1.000000 1.000000
4914.750488 0.000000 2412.896973 0.000000 0.816367 0.000000 0.577534 0.000000 0.000000 0.000000
4902.819824 0.000000 2424.595459 0.000000 0.967277 0.000000 0.253721 0.000000 0.000000 0.000000
4884.141113 0.000000 2426.275635 0.000000 0.092352 0.000000 0.995726 1.000000 1.000000 1.000000
4904.567383 0.000000 2407.027100 0.000000 0.492291 0.000000 -0.870431 0.000000 0.000000 0.000000
4890.529785 0.000000 2427.750488 0.000000 0.502347 0.000000 -0.864666 0.000000 0.000000 0.000000
4880.905273 0.000000 2426.243164 0.000000 0.998880 0.000000 0.047315 0.000000 0.000000 0.000000
4900.742188 0.000000 2425.548828 0.000000 0.681755 0.000000 -0.731580 1.000000 1.000000 1.000000
4888.422363 0.000000 2402.043945 0.000000 0.975945 0.000000 -0.218017 0.000000 0.000000 0.000000
4925.535645 0.000000 2426.519287 0.000000 0.325780 0.000000 -0.945446 1.000000 1.000000 1.000000
4880.583984 0.000000 2410.699951 0.000000 0.278545 0.000000 -0.960423 1.000000 1.000000 1.000000
4949.208496 0.000000 2412.222900 0.000000 0.355926 0.000000 -0.934514 0.000000 0.000000 0.000000
4945.939453 0.000000 2414.139404 0.000000 0.823465 0.000000 -0.567367 0.000000 0.000000 0.000000
4932.948730 0.000000 2372.458740 0.000000 0.831599 0.000000 -0.555376 0.000000 0.000000 0.000000
4931.510742 0.000000 2419.271729 0.000000 0.966864 0.000000 0.255293 0.000000 0.000000 0.000000
4937.604492 0.000000 2399.798096 0.000000 0.080080 0.000000 0.996788 0.000000 0.000000 0.000000
4931.820801 0.000000 2386.149170 0.000000 0.761084 0.000000 0.648654 1.000000 1.000000 1.000000
4929.451660 0.000000 2381.736084 0.000000 0.460680 0.000000 0.887566 1.000000 1.000000 1.000000
4936.614258 0.000000 2385.872559 0.000000 0.933145 0.000000 -0.359501 0.000000 0.000000 0.000000
4928.090332 0.000000 2375.639404 0.000000 0.942393 0.000000 0.334507 1.000000 1.000000 1.000000
4934.395508 0.000000 2402.399414 0.000000 0.485442 0.000000 -0.874269 0.000000 0.000000 0.000000
4935.408691 0.000000 2390.181152 0.000000 0.352117 0.000000 -0.935956 0.000000 0.000000 0.000000
4939.442871 0.000000 2390.152344 0.000000 0.989168 0.000000 -0.146790 0.000000 0.000000 0.000000
4951.339844 0.000000 2404.751221 0.000000 0.076353 0.000000 0.997081 0.000000 0.000000 0.000000
4951.935547 0.000000 2409.398926 0.000000 0.783325 0.000000 0.621613 0.000000 0.000000 0.000000
4930.627930 0.000000 2401.051025 0.000000 0.497502 0.000000 0.867463 0.000000 0.000000 0.000000
4934.475098 0.000000 2386.934326 0.000000 0.647705 0.000000 -0.761891 1.000000 1.000000 1.000000
4932.248535 0.000000 2393.643555 0.000000 0.990451 0.000000 -0.137863 1.000000 1.000000 1.000000
4934.028809 0.000000 2395.273438 0.000000 0.496961 0.000000 -0.867773 0.000000 0.000000 0.000000
4930.199219 0.000000 2379.456055 0.000000 0.999705 0.000000 -0.024289 1.000000 1.000000 1.000000
4929.654297 0.000000 2386.701904 0.000000 0.270800 0.000000 0.962636 1.000000 1.000000 1.000000
4931.099121 0.000000 2399.045410 0.000000 0.886651 0.000000 -0.462440 0.000000 0.000000 0.000000
4946.979980 0.000000 2412.357666 0.000000 0.513954 0.000000 -0.857817 0.000000 0.000000 0.000000
4936.722168 0.000000 2404.862793 0.000000 0.990756 0.000000 0.135656 0.000000 0.000000 0.000000
4932.035156 0.000000 2378.563477 0.000000 0.778140 0.000000 -0.628091 0.000000 0.000000 0.000000
4945.033691 0.000000 2412.304688 0.000000 0.873587 0.000000 -0.486668 0.000000 0.000000 0.000000
4932.483887 0.000000 2402.092529 0.000000 0.940769 0.000000 -0.339047 0.000000 0.000000 0.000000
4928.371582 0.000000 2377.428467 0.000000 0.769967 0.000000 0.638083 0.000000 0.000000 0.000000
4936.309570 0.000000 2401.136963 0.000000 0.736440 0.000000 -0.676503 0.000000 0.000000 0.000000
4938.780273 0.000000 2407.127686 0.000000 0.013575 0.000000 0.999908 0.000000 0.000000 0.000000
4931.095703 0.000000 2387.793945 0.000000 0.999864 0.000000 -0.016517 1.000000 1.000000 1.000000
4930.681152 0.000000 2394.562256 0.000000 0.437065 0.000000 0.899430 0.000000 0.000000 0.000000
4938.416504 0.000000 2404.027832 0.000000 0.023729 0.000000 0.999718 0.000000 0.000000 0.000000
4944.583984 0.000000 2410.699951 0.000000 0.951629 0.000000 -0.307248 0.000000 0.000000 0.000000
4931.050781 0.000000 2375.738037 0.000000 0.722054 0.000000 -0.691837 1.000000 1.000000 1.000000
4902.893555 0.000000 2448.275391 0.000000 0.938151 0.000000 -0.346226 0.000000 0.000000 0.000000
4905.260742 0.000000 2473.050293 0.000000 0.647390 0.000000 -0.762159 0.000000 0.000000 0.000000
4882.283691 0.000000 2429.960938 0.000000 0.553411 0.000000 -0.832908 1.000000 1.000000 1.000000
4889.505859 0.000000 2482.599854 0.000000 0.030161 0.000000 -0.999545 0.000000 0.000000 0.000000
4904.015625 0.000000 2436.456787 0.000000 0.854047 0.000000 -0.520196 0.000000 0.000000 0.000000
4902.686523 0.000000 2429.133789 0.000000 0.636529 0.000000 -0.771252 0.000000 0.000000 0.000000
4904.974609 0.000000 2440.349609 0.000000 0.814687 0.000000 -0.579902 0.000000 0.000000 0.000000
4910.042969 0.000000 2434.682861 0.000000 0.957384 0.000000 -0.288818 0.000000 0.000000 0.000000
4906.835938 0.000000 2434.834473 0.000000 0.993188 0.000000 0.116519 1.000000 1.000000 1.000000
4884.994629 0.000000 2431.380859 0.000000 0.657540 0.000000 -0.753419 1.000000 1.000000 1.000000
4902.337891 0.000000 2442.564209 0.000000 0.782853 0.000000 0.622206 0.000000 0.000000 0.000000
4887.068359 0.000000 2433.339355 0.000000 0.992676 0.000000 0.120809 0.000000 0.000000 0.000000
4907.690430 0.000000 2432.392090 0.000000 0.945523 0.000000 0.325556 1.000000 1.000000 1.000000
4911.339355 0.000000 2429.074219 0.000000 0.689501 0.000000 -0.724285 0.000000 0.000000 0.000000
4907.596680 0.000000 2477.369629 0.000000 0.659956 0.000000 0.751304 0.000000 0.000000 0.000000
4911.645996 0.000000 2436.526123 0.000000 0.997058 0.000000 -0.076648 0.000000 0.000000 0.000000
4919.867676 0.000000 2476.059814 0.000000 0.062776 0.000000 -0.998028 1.000000 1.000000 1.000000
4909.537598 0.000000 2469.217773 0.000000 0.948048 0.000000 0.318126 1.000000 1.000000 1.000000
4909.587891 0.000000 2436.600342 0.000000 0.268281 0.000000 -0.963341 0.000000 0.000000 0.000000
4921.007324 0.000000 2474.488770 0.000000 0.712126 0.000000 -0.702051 0.000000 0.000000 0.000000
4887.366211 0.000000 2431.480713 0.000000 0.975941 0.000000 -0.218036 0.000000 0.000000 0.000000
4919.432129 0.000000 2477.911865 0.000000 0.992226 0.000000 0.124451 1.000000 1.000000 1.000000
4906.257812 0.000000 2431.090576 0.000000 0.916489 0.000000 -0.400059 0.000000 0.000000 0.000000
4908.016602 0.000000 2430.576660 0.000000 0.948621 0.000000 0.316414 1.000000 1.000000 1.000000
4908.442383 0.000000 2435.340820 0.000000 0.731776 0.000000 -0.681546 0.000000 0.000000 0.000000
4972.760254 0.000000 2467.333252 0.000000 0.448253 0.000000 0.893907 0.000000 0.000000 0.000000
4979.213867 0.000000 2475.085449 0.000000 0.999455 0.000000 -0.033003 0.000000 0.000000 0.000000
4972.376953 0.000000 2475.095703 0.000000 0.841603 0.000000 0.540096 0.000000 0.000000 0.000000
4957.530273 0.000000 2456.120605 0.000000 0.050737 0.000000 -0.998712 0.000000 0.000000 0.000000
4973.386719 0.000000 2483.535156 0.000000 0.762218 0.000000 0.647320 0.000000 0.000000 0.000000
4953.681152 0.000000 2462.605713 0.000000 0.411571 0.000000 -0.911378 0.000000 0.000000 0.000000
4963.666992 0.000000 2465.314453 0.000000 0.993623 0.000000 0.112754 0.000000 0.000000 0.000000
4962.857422 0.000000 2457.957031 0.000000 0.049659 0.000000 0.998766 0.000000 0.000000 0.000000
4961.099609 0.000000 2462.777832 0.000000 0.879175 0.000000 -0.476499 0.000000 0.000000 0.000000
4966.581055 0.000000 2463.952637 0.000000 0.877857 0.000000 -0.478922 0.000000 0.000000 0.000000
4935.437500 0.000000 2483.871826 0.000000 0.319764 0.000000 -0.947497 0.000000 0.000000 0.000000
4956.947754 0.000000 2458.899902 0.000000 0.827398 0.000000 -0.561616 1.000000 1.000000 1.000000
4989.125000 0.000000 2481.307373 0.000000 0.949918 0.000000 -0.312499 0.000000 0.000000 0.000000
4962.111328 0.000000 2460.443359 0.000000 0.166941 0.000000 -0.985967 0.000000 0.000000 0.000000
4930.552734 0.000000 2484.904297 0.000000 0.874074 0.000000 0.485793 0.000000 0.000000 0.000000
4971.659668 0.000000 2465.007812 0.000000 0.785855 0.000000 0.618411 0.000000 0.000000 0.000000
4980.706543 0.000000 2485.143555 0.000000 0.131811 0.000000 0.991275 0.000000 0.000000 0.000000
4959.330566 0.000000 2461.249268 0.000000 0.875775 0.000000 0.482719 1.000000 1.000000 1.000000
4959.005371 0.000000 2463.732910 0.000000 0.159872 0.000000 0.987138 0.000000 0.000000 0.000000
4955.443848 0.000000 2461.093018 0.000000 0.320179 0.000000 -0.947357 1.000000 1.000000 1.000000
4977.262695 0.000000 2483.389160 0.000000 0.881125 0.000000 -0.472883 0.000000 0.000000 0.000000
4970.678223 0.000000 2467.003174 0.000000 0.047690 0.000000 0.998862 0.000000 0.000000 0.000000
4960.801270 0.000000 2457.143311 0.000000 0.031053 0.000000 -0.999518 0.000000 0.000000 0.000000
4968.284180 0.000000 2467.294678 0.000000 0.074994 0.000000 -0.997184 0.000000 0.000000 0.000000
4986.520996 0.000000 2482.740723 0.000000 0.923509 0.000000 -0.383576 0.000000 0.000000 0.000000
4962.967773 0.000000 2463.570801 0.000000 0.296186 0.000000 -0.955130 0.000000 0.000000 0.000000
4967.147461 0.000000 2465.731445 0.000000 0.999410 0.000000 0.034340 0.000000 0.000000 0.000000
4961.433594 0.000000 2464.631592 0.000000 0.106232 0.000000 0.994341 0.000000 0.000000 0.000000
4957.614258 0.000000 2460.556152 0.000000 0.594956 0.000000 0.803758 1.000000 1.000000 1.000000
5006.875488 0.000000 2473.590088 0.000000 0.999763 0.000000 0.021750 0.000000 0.000000 0.000000
4992.156738 0.000000 2483.728271 0.000000 0.606002 0.000000 -0.795463 0.000000 0.000000 0.000000
5037.386719 0.000000 2483.535156 0.000000 0.920331 0.000000 -0.391141 0.000000 0.000000 0.000000
5020.380371 0.000000 2483.678467 0.000000 0.068847 0.000000 0.997627 0.000000 0.000000 0.000000
4994.552734 0.000000 2484.904297 0.000000 0.148195 0.000000 0.988958 0.000000 0.000000 0.000000
5015.348633 0.000000 2481.826660 0.000000 0.944047 0.000000 0.329812 0.000000 0.000000 0.000000
4994.269043 0.000000 2482.261963 0.000000 0.441565 0.000000 -0.897229 0.000000 0.000000 0.000000
5019.673340 0.000000 2481.601562 0.000000 0.231765 0.000000 0.972772 0.000000 0.000000 0.000000
5016.641113 0.000000 2484.552734 0.000000 0.686193 0.000000 -0.727419 0.000000 0.000000 0.000000
5017.618652 0.000000 2480.505371 0.000000 0.157026 0.000000 0.987594 0.000000 0.000000 0.000000
5013.843750 0.000000 2479.112793 0.000000 0.378682 0.000000 0.925527 0.000000 0.000000 0.000000
4717.516602 0.000000 2500.045898 0.000000 0.874481 0.000000 0.485059 0.000000 0.000000 0.000000
4710.581055 0.000000 2520.437012 0.000000 0.966119 0.000000 0.258097 0.000000 0.000000 0.000000
4711.591309 0.000000 2527.148438 0.000000 0.454609 0.000000 -0.890691 0.000000 0.000000 0.000000
4791.638184 0.000000 2501.055908 0.000000 0.984103 0.000000 0.177598 0.000000 0.000000 0.000000
4756.569336 0.000000 2490.698975 0.000000 0.851352 0.000000 0.524595 0.000000 0.000000 0.000000
4759.890625 0.000000 2504.370117 0.000000 0.998268 0.000000 0.058832 0.000000 0.000000 0.000000
4786.789551 0.000000 2497.399902 0.000000 0.411265 0.000000 -0.911516 0.000000 0.000000 0.000000
4791.531250 0.000000 2495.916260 0.000000 0.525264 0.000000 -0.850939 0.000000 0.000000 0.000000
4776.763184 0.000000 2500.434570 0.000000 0.974287 0.000000 -0.225309 0.000000 0.000000 0.000000
4761.237793 0.000000 2491.471436 0.000000 0.998769 0.000000 0.049612 0.000000 0.000000 0.000000
4770.015137 0.000000 2505.808105 0.000000 0.384306 0.000000 -0.923206 0.000000 0.000000 0.000000
4790.173828 0.000000 2491.496826 0.000000 0.765777 0.000000 0.643106 0.000000 0.000000 0.000000
4763.131348 0.000000 2501.433594 0.000000 0.466575 0.000000 0.884481 0.000000 0.000000 0.000000
4763.932617 0.000000 2505.582031 0.000000 0.954422 0.000000 -0.298460 0.000000 0.000000 0.000000
4783.663086 0.000000 2495.324463 0.000000 0.976581 0.000000 -0.215152 0.000000 0.000000 0.000000
4776.974609 0.000000 2496.833984 0.000000 0.706485 0.000000 -0.707728 0.000000 0.000000 0.000000
4783.145508 0.000000 2503.460449 0.000000 0.494911 0.000000 0.868944 0.000000 0.000000 0.000000
4765.020508 0.000000 2498.142822 0.000000 0.550543 0.000000 -0.834807 0.000000 0.000000 0.000000
4784.918945 0.000000 2500.298584 0.000000 0.077203 0.000000 -0.997015 0.000000 0.000000 0.000000
4761.661133 0.000000 2488.378662 0.000000 0.021150 0.000000 0.999776 0.000000 0.000000 0.000000
4777.676758 0.000000 2503.379395 0.000000 0.589607 0.000000 0.807690 0.000000 0.000000 0.000000
4780.194824 0.000000 2497.389893 0.000000 0.760697 0.000000 -0.649107 0.000000 0.000000 0.000000
4774.337891 0.000000 2499.048584 0.000000 0.294381 0.000000 0.955688 0.000000 0.000000 0.000000
4772.029297 0.000000 2503.865234 0.000000 0.957858 0.000000 -0.287242 0.000000 0.000000 0.000000
4780.352051 0.000000 2502.573486 0.000000 0.568783 0.000000 0.822488 0.000000 0.000000 0.000000
4783.447754 0.000000 2497.998291 0.000000 0.452226 0.000000 -0.891903 0.000000 0.000000 0.000000
4792.473633 0.000000 2493.443359 0.000000 0.106334 0.000000 -0.994330 0.000000 0.000000 0.000000
4774.385742 0.000000 2502.157471 0.000000 0.538028 0.000000 -0.842927 0.000000 0.000000 0.000000
4764.928223 0.000000 2503.192627 0.000000 0.914263 0.000000 0.405121 0.000000 0.000000 0.000000
4763.678223 0.000000 2490.326660 0.000000 0.875246 0.000000 -0.483678 0.000000 0.000000 0.000000
4779.095215 0.000000 2499.631104 0.000000 0.886515 0.000000 -0.462701 0.000000 0.000000 0.000000
4797.251953 0.000000 2492.126953 0.000000 0.730460 0.000000 0.682956 0.000000 0.000000 0.000000
4762.245605 0.000000 2503.824463 0.000000 0.847771 0.000000 -0.530362 0.000000 0.000000 0.000000
4795.739258 0.000000 2489.819092 0.000000 0.921461 0.000000 -0.388470 0.000000 0.000000 0.000000
4788.657715 0.000000 2485.348633 0.000000 0.883134 0.000000 0.469121 0.000000 0.000000 0.000000
4783.135742 0.000000 2501.368652 0.000000 0.473299 0.000000 -0.880902 0.000000 0.000000 0.000000
4781.585449 0.000000 2495.745605 0.000000 0.710415 0.000000 0.703783 0.000000 0.000000 0.000000
4764.979980 0.000000 2500.591553 0.000000 0.130889 0.000000 0.991397 0.000000 0.000000 0.000000
4778.440430 0.000000 2501.521484 0.000000 0.613152 0.000000 -0.789965 0.000000 0.000000 0.000000
4801.451172 0.000000 2497.488037 0.000000 0.859517 0.000000 -0.511107 0.000000 0.000000 0.000000
4820.569336 0.000000 2490.698975 0.000000 0.839367 0.000000 0.543566 0.000000 0.000000 0.000000
4844.760254 0.000000 2523.817627 0.000000 0.167977 0.000000 0.985791 0.000000 0.000000 0.000000
4825.237793 0.000000 2491.471436 0.000000 0.998191 0.000000 -0.060125 0.000000 0.000000 0.000000
4834.015137 0.000000 2505.808105 0.000000 0.793074 0.000000 -0.609126 0.000000 0.000000 0.000000
4821.668945 0.000000 2495.101318 0.000000 0.848796 0.000000 -0.528721 0.000000 0.000000 0.000000
4838.535645 0.000000 2514.820557 0.000000 0.380644 0.000000 0.924722 0.000000 0.000000 0.000000
4856.315430 0.000000 2522.321533 0.000000 0.609239 0.000000 -0.792987 0.000000 0.000000 0.000000
4845.311035 0.000000 2519.662354 0.000000 0.951335 0.000000 -0.308158 0.000000 0.000000 0.000000
4862.624512 0.000000 2494.132568 0.000000 0.401411 0.000000 -0.915898 1.000000 1.000000 1.000000
4845.375000 0.000000 2510.234131 0.000000 0.435585 0.000000 -0.900148 0.000000 0.000000 0.000000
4838.889160 0.000000 2508.752197 0.000000 0.939720 0.000000 0.341945 0.000000 0.000000 0.000000
4805.464844 0.000000 2490.094482 0.000000 0.500582 0.000000 -0.865689 0.000000 0.000000 0.000000
4841.204590 0.000000 2521.873779 0.000000 0.187361 0.000000 -0.982291 0.000000 0.000000 0.000000
4847.917480 0.000000 2522.094482 0.000000 0.678280 0.000000 -0.734803 0.000000 0.000000 0.000000
4861.611816 0.000000 2524.072266 0.000000 0.264160 0.000000 0.964479 0.000000 0.000000 0.000000
4858.028320 0.000000 2498.411133 0.000000 0.113169 0.000000 0.993576 1.000000 1.000000 1.000000
4851.759277 0.000000 2516.677246 0.000000 0.962780 0.000000 0.270287 0.000000 0.000000 0.000000
4852.463867 0.000000 2500.394287 0.000000 0.543359 0.000000 0.839500 0.000000 0.000000 0.000000
4848.580566 0.000000 2515.753174 0.000000 0.968241 0.000000 0.250019 0.000000 0.000000 0.000000
4860.832520 0.000000 2517.634277 0.000000 0.507411 0.000000 -0.861704 0.000000 0.000000 0.000000
4802.356934 0.000000 2490.210693 0.000000 0.999837 0.000000 -0.018053 0.000000 0.000000 0.000000
4800.042480 0.000000 2485.319824 0.000000 0.986019 0.000000 -0.166635 0.000000 0.000000 0.000000
4833.448730 0.000000 2508.609375 0.000000 0.687525 0.000000 0.726161 0.000000 0.000000 0.000000
4830.961914 0.000000 2486.273926 0.000000 0.966230 0.000000 -0.257680 0.000000 0.000000 0.000000
4820.994629 0.000000 2487.865234 0.000000 0.739184 0.000000 -0.673503 0.000000 0.000000 0.000000
4827.635742 0.000000 2508.362793 0.000000 0.396901 0.000000 0.917861 0.000000 0.000000 0.000000
4816.186523 0.000000 2504.463867 0.000000 0.975082 0.000000 -0.221844 0.000000 0.000000 0.000000
4838.469727 0.000000 2511.906494 0.000000 0.351635 0.000000 -0.936137 0.000000 0.000000 0.000000
4801.451660 0.000000 2494.704834 0.000000 0.274448 0.000000 0.961602 0.000000 0.000000 0.000000
4822.782715 0.000000 2492.615967 0.000000 0.893306 0.000000 0.449449 1.000000 1.000000 1.000000
4860.013184 0.000000 2500.177246 0.000000 0.879259 0.000000 0.476345 1.000000 1.000000 1.000000
4856.473633 0.000000 2493.443359 0.000000 0.971875 0.000000 0.235496 0.000000 0.000000 0.000000
4845.942871 0.000000 2507.253418 0.000000 0.367330 0.000000 -0.930090 0.000000 0.000000 0.000000
4838.646484 0.000000 2517.469727 0.000000 0.937782 0.000000 0.347224 0.000000 0.000000 0.000000
4834.111328 0.000000 2516.927734 0.000000 0.032134 0.000000 0.999484 0.000000 0.000000 0.000000
4806.363770 0.000000 2494.825195 0.000000 0.175955 0.000000 0.984398 0.000000 0.000000 0.000000
4853.633789 0.000000 2522.369629 0.000000 0.105497 0.000000 0.994420 0.000000 0.000000 0.000000
4820.805176 0.000000 2485.380127 0.000000 0.996825 0.000000 0.079623 0.000000 0.000000 0.000000
4846.693848 0.000000 2517.371094 0.000000 0.581076 0.000000 0.813849 0.000000 0.000000 0.000000
4862.582031 0.000000 2500.179688 0.000000 0.960565 0.000000 0.278055 1.000000 1.000000 1.000000
4863.509766 0.000000 2522.531006 0.000000 0.254715 0.000000 0.967016 0.000000 0.000000 0.000000
4826.245605 0.000000 2503.824463 0.000000 0.922725 0.000000 0.385459 0.000000 0.000000 0.000000
4863.510742 0.000000 2510.049316 0.000000 0.609331 0.000000 0.792916 1.000000 1.000000 1.000000
4855.044922 0.000000 2524.400879 0.000000 0.863911 0.000000 0.503645 0.000000 0.000000 0.000000
4848.587891 0.000000 2505.565674 0.000000 0.948243 0.000000 -0.317544 1.000000 1.000000 1.000000
4836.550293 0.000000 2516.106445 0.000000 0.876888 0.000000 0.480694 0.000000 0.000000 0.000000
4841.650879 0.000000 2494.599121 0.000000 0.468632 0.000000 0.883394 1.000000 1.000000 1.000000
4806.070312 0.000000 2492.352539 0.000000 0.055161 0.000000 0.998477 0.000000 0.000000 0.000000
4859.739258 0.000000 2489.819092 0.000000 0.941491 0.000000 0.337039 0.000000 0.000000 0.000000
4863.163574 0.000000 2517.987061 0.000000 0.663646 0.000000 -0.748047 0.000000 0.000000 0.000000
4863.273438 0.000000 2496.703613 0.000000 0.985510 0.000000 -0.169617 0.000000 0.000000 0.000000
4855.794922 0.000000 2498.318604 0.000000 0.225516 0.000000 -0.974239 1.000000 1.000000 1.000000
4855.405273 0.000000 2520.165527 0.000000 0.999986 0.000000 -0.005302 1.000000 1.000000 1.000000
4831.888672 0.000000 2506.856689 0.000000 0.464441 0.000000 0.885604 1.000000 1.000000 1.000000
4810.166504 0.000000 2491.826172 0.000000 0.516671 0.000000 0.856184 0.000000 0.000000 0.000000
4863.374512 0.000000 2525.407959 0.000000 0.414274 0.000000 0.910152 0.000000 0.000000 0.000000
4861.252441 0.000000 2495.738770 0.000000 0.240491 0.000000 0.970651 0.000000 0.000000 0.000000
4832.801270 0.000000 2513.627686 0.000000 0.259109 0.000000 -0.965848 0.000000 0.000000 0.000000
4845.814941 0.000000 2521.858643 0.000000 0.609444 0.000000 0.792829 0.000000 0.000000 0.000000
4802.199219 0.000000 2492.424805 0.000000 0.647103 0.000000 -0.762403 0.000000 0.000000 0.000000
4847.436035 0.000000 2520.033936 0.000000 0.908579 0.000000 -0.417713 0.000000 0.000000 0.000000
4829.739258 0.000000 2506.775635 0.000000 0.838659 0.000000 0.544657 1.000000 1.000000 1.000000
4857.678223 0.000000 2500.434082 0.000000 0.972175 0.000000 0.234257 0.000000 0.000000 0.000000
4840.199219 0.000000 2516.158447 0.000000 0.150501 0.000000 -0.988610 0.000000 0.000000 0.000000
4848.914551 0.000000 2502.496094 0.000000 0.959569 0.000000 0.281472 1.000000 1.000000 1.000000
4850.709961 0.000000 2499.402344 0.000000 0.203254 0.000000 0.979126 1.000000 1.000000 1.000000
4862.854492 0.000000 2511.895996 0.000000 0.190296 0.000000 0.981727 1.000000 1.000000 1.000000
4829.096680 0.000000 2485.708740 0.000000 0.961808 0.000000 0.273725 0.000000 0.000000 0.000000
4857.360352 0.000000 2496.569092 0.000000 0.123427 0.000000 0.992354 1.000000 1.000000 1.000000
4840.567383 0.000000 2519.995850 0.000000 0.997531 0.000000 0.070223 0.000000 0.000000 0.000000
4830.725586 0.000000 2488.905029 0.000000 0.919191 0.000000 -0.393813 0.000000 0.000000 0.000000
4860.454590 0.000000 2525.651611 0.000000 0.088189 0.000000 0.996104 0.000000 0.000000 0.000000
4834.177734 0.000000 2512.245605 0.000000 0.802415 0.000000 0.596766 1.000000 1.000000 1.000000
4854.302246 0.000000 2499.599854 0.000000 0.828006 0.000000 -0.560719 1.000000 1.000000 1.000000
4850.516602 0.000000 2501.343994 0.000000 0.288471 0.000000 -0.957489 1.000000 1.000000 1.000000
4839.104492 0.000000 2497.206055 0.000000 0.978937 0.000000 -0.204161 1.000000 1.000000 1.000000
4860.771484 0.000000 2522.396729 0.000000 0.241323 0.000000 -0.970445 0.000000 0.000000 0.000000
4849.909180 0.000000 2517.153809 0.000000 0.445307 0.000000 0.895378 0.000000 0.000000 0.000000
4859.502441 0.000000 2497.309814 0.000000 0.951605 0.000000 0.307325 1.000000 1.000000 1.000000
4860.180664 0.000000 2519.415039 0.000000 0.999780 0.000000 -0.020954 1.000000 1.000000 1.000000
4800.371582 0.000000 2490.397217 0.000000 0.151508 0.000000 0.988456 1.000000 1.000000 1.000000
4817.145996 0.000000 2487.866699 0.000000 0.929846 0.000000 -0.367948 0.000000 0.000000 0.000000
4816.985352 0.000000 2507.488281 0.000000 0.149658 0.000000 0.988738 0.000000 0.000000 0.000000
4858.250000 0.000000 2518.804443 0.000000 0.635406 0.000000 -0.772178 0.000000 0.000000 0.000000
4882.127930 0.000000 2498.588623 0.000000 0.663936 0.000000 0.747789 0.000000 0.000000 0.000000
4871.979980 0.000000 2527.447754 0.000000 0.036757 0.000000 0.999324 0.000000 0.000000 0.000000
4905.385742 0.000000 2518.230713 0.000000 0.965137 0.000000 0.261746 0.000000 0.000000 0.000000
4899.765137 0.000000 2511.159668 0.000000 0.871271 0.000000 -0.490801 0.000000 0.000000 0.000000
4865.017578 0.000000 2512.005615 0.000000 0.412394 0.000000 -0.911006 0.000000 0.000000 0.000000
4864.098633 0.000000 2492.261475 0.000000 0.998918 0.000000 -0.046498 0.000000 0.000000 0.000000
4881.256836 0.000000 2520.027344 0.000000 0.710708 0.000000 -0.703487 0.000000 0.000000 0.000000
4885.208496 0.000000 2525.191650 0.000000 0.995755 0.000000 0.092040 0.000000 0.000000 0.000000
4878.220703 0.000000 2502.393311 0.000000 0.867893 0.000000 0.496751 0.000000 0.000000 0.000000
4899.991211 0.000000 2501.039062 0.000000 0.636248 0.000000 0.771485 0.000000 0.000000 0.000000
4898.015137 0.000000 2505.808105 0.000000 0.574872 0.000000 -0.818244 0.000000 0.000000 0.000000
4902.535645 0.000000 2514.820557 0.000000 0.391266 0.000000 -0.920278 0.000000 0.000000 0.000000
4864.163086 0.000000 2520.059082 0.000000 0.976097 0.000000 0.217335 0.000000 0.000000 0.000000
4864.514160 0.000000 2501.393311 0.000000 0.921815 0.000000 0.387630 0.000000 0.000000 0.000000
4867.837402 0.000000 2508.874512 0.000000 0.610244 0.000000 0.792213 1.000000 1.000000 1.000000
4877.506836 0.000000 2521.126953 0.000000 0.876379 0.000000 -0.481623 0.000000 0.000000 0.000000
4915.863281 0.000000 2509.685303 0.000000 0.770270 0.000000 -0.637717 0.000000 0.000000 0.000000
4911.663086 0.000000 2495.324463 0.000000 0.996579 0.000000 -0.082644 0.000000 0.000000 0.000000
4868.957520 0.000000 2525.159668 0.000000 0.791986 0.000000 -0.610539 0.000000 0.000000 0.000000
4904.974609 0.000000 2496.833984 0.000000 0.998275 0.000000 -0.058710 0.000000 0.000000 0.000000
4873.866211 0.000000 2524.384766 0.000000 0.229226 0.000000 0.973373 0.000000 0.000000 0.000000
4892.431641 0.000000 2492.820312 0.000000 0.861856 0.000000 0.507153 0.000000 0.000000 0.000000
4882.230469 0.000000 2523.348145 0.000000 0.954576 0.000000 0.297969 0.000000 0.000000 0.000000
4899.104004 0.000000 2493.854492 0.000000 0.791809 0.000000 -0.610768 1.000000 1.000000 1.000000
4886.628418 0.000000 2515.339600 0.000000 0.178106 0.000000 -0.984011 0.000000 0.000000 0.000000
4916.463867 0.000000 2500.394287 0.000000 0.089368 0.000000 0.995999 0.000000 0.000000 0.000000
4906.835938 0.000000 2491.318848 0.000000 0.852383 0.000000 -0.522918 0.000000 0.000000 0.000000
4905.967773 0.000000 2515.130371 0.000000 0.688294 0.000000 -0.725432 0.000000 0.000000 0.000000
4889.661133 0.000000 2488.378662 0.000000 0.992756 0.000000 0.120151 0.000000 0.000000 0.000000
4922.462402 0.000000 2502.382568 0.000000 0.703584 0.000000 0.710612 0.000000 0.000000 0.000000
4915.016113 0.000000 2506.163574 0.000000 0.989145 0.000000 0.146942 0.000000 0.000000 0.000000
4867.820801 0.000000 2499.117920 0.000000 0.549986 0.000000 -0.835174 0.000000 0.000000 0.000000
4899.200195 0.000000 2498.109375 0.000000 0.620988 0.000000 0.783820 0.000000 0.000000 0.000000
4917.519043 0.000000 2511.937988 0.000000 0.888287 0.000000 0.459290 0.000000 0.000000 0.000000
4871.213379 0.000000 2523.512451 0.000000 0.743644 0.000000 -0.668576 0.000000 0.000000 0.000000
4893.958984 0.000000 2495.512939 0.000000 0.850950 0.000000 -0.525247 0.000000 0.000000 0.000000
4865.451660 0.000000 2494.704834 0.000000 0.215437 0.000000 -0.976518 0.000000 0.000000 0.000000
4875.616211 0.000000 2514.653564 0.000000 0.538889 0.000000 -0.842377 1.000000 1.000000 1.000000
4920.639160 0.000000 2490.284912 0.000000 0.143551 0.000000 -0.989643 0.000000 0.000000 0.000000
4864.090332 0.000000 2488.608154 0.000000 0.387214 0.000000 0.921990 0.000000 0.000000 0.000000
4871.408691 0.000000 2503.149902 0.000000 0.915657 0.000000 0.401961 0.000000 0.000000 0.000000
4897.491699 0.000000 2491.207764 0.000000 0.871027 0.000000 0.491235 0.000000 0.000000 0.000000
4902.824707 0.000000 2490.550293 0.000000 0.608469 0.000000 0.793578 0.000000 0.000000 0.000000
4880.716797 0.000000 2517.410400 0.000000 0.946276 0.000000 -0.323361 0.000000 0.000000 0.000000
4897.412109 0.000000 2500.269531 0.000000 0.950705 0.000000 0.310096 0.000000 0.000000 0.000000
4902.646484 0.000000 2517.469727 0.000000 0.325653 0.000000 0.945489 0.000000 0.000000 0.000000
4917.428223 0.000000 2503.153809 0.000000 0.991627 0.000000 -0.129133 0.000000 0.000000 0.000000
4867.913086 0.000000 2496.249023 0.000000 0.744122 0.000000 -0.668043 0.000000 0.000000 0.000000
4870.363770 0.000000 2494.825195 0.000000 0.965541 0.000000 0.260252 0.000000 0.000000 0.000000
4901.463867 0.000000 2492.917969 0.000000 0.710931 0.000000 0.703262 1.000000 1.000000 1.000000
4879.870117 0.000000 2522.135254 0.000000 0.924389 0.000000 -0.381452 0.000000 0.000000 0.000000
4887.339844 0.000000 2517.719971 0.000000 0.954468 0.000000 -0.298313 0.000000 0.000000 0.000000
4877.872070 0.000000 2513.715088 0.000000 0.865110 0.000000 0.501581 0.000000 0.000000 0.000000
4866.944824 0.000000 2502.708496 0.000000 0.211785 0.000000 0.977316 0.000000 0.000000 0.000000
4897.365723 0.000000 2495.487305 0.000000 0.958677 0.000000 -0.284496 0.000000 0.000000 0.000000
4869.141602 0.000000 2510.818848 0.000000 0.999728 0.000000 0.023340 0.000000 0.000000 0.000000
4894.816895 0.000000 2499.750244 0.000000 0.134170 0.000000 -0.990958 0.000000 0.000000 0.000000
4915.914062 0.000000 2491.100830 0.000000 0.347801 0.000000 0.937568 0.000000 0.000000 0.000000
4870.475098 0.000000 2499.903076 0.000000 0.908479 0.000000 0.417931 0.000000 0.000000 0.000000
4911.645996 0.000000 2493.010498 0.000000 0.809127 0.000000 0.587634 1.000000 1.000000 1.000000
4883.576660 0.000000 2520.764160 0.000000 0.982313 0.000000 -0.187245 0.000000 0.000000 0.000000
4903.465820 0.000000 2495.198242 0.000000 0.961730 0.000000 0.273999 1.000000 1.000000 1.000000
4866.069824 0.000000 2510.134277 0.000000 0.683346 0.000000 0.730095 1.000000 1.000000 1.000000
4870.953125 0.000000 2520.922852 0.000000 0.961010 0.000000 0.276513 0.000000 0.000000 0.000000
4884.821777 0.000000 2516.423584 0.000000 0.860150 0.000000 -0.510041 0.000000 0.000000 0.000000
4870.997070 0.000000 2525.569336 0.000000 0.704280 0.000000 0.709922 0.000000 0.000000 0.000000
4909.585449 0.000000 2495.745605 0.000000 0.276255 0.000000 0.961084 0.000000 0.000000 0.000000
4867.099121 0.000000 2512.014160 0.000000 0.267854 0.000000 -0.963460 1.000000 1.000000 1.000000
4872.722168 0.000000 2517.831543 0.000000 0.824014 0.000000 -0.566570 1.000000 1.000000 1.000000
4911.882812 0.000000 2490.336182 0.000000 0.178576 0.000000 -0.983926 1.000000 1.000000 1.000000
4914.709961 0.000000 2499.402344 0.000000 0.995947 0.000000 0.089939 0.000000 0.000000 0.000000
4879.228516 0.000000 2512.324707 0.000000 0.763871 0.000000 -0.645369 0.000000 0.000000 0.000000
4914.490723 0.000000 2508.102051 0.000000 0.911973 0.000000 -0.410249 0.000000 0.000000 0.000000
4876.080078 0.000000 2516.601318 0.000000 0.170831 0.000000 -0.985300 0.000000 0.000000 0.000000
4864.144043 0.000000 2513.712646 0.000000 0.382559 0.000000 -0.923931 0.000000 0.000000 0.000000
4914.516602 0.000000 2501.343994 0.000000 0.997685 0.000000 -0.068000 0.000000 0.000000 0.000000
4879.325195 0.000000 2520.321045 0.000000 0.082142 0.000000 0.996621 0.000000 0.000000 0.000000
4885.008301 0.000000 2514.417480 0.000000 0.901348 0.000000 -0.433097 0.000000 0.000000 0.000000
4903.104492 0.000000 2497.206055 0.000000 0.971098 0.000000 -0.238679 1.000000 1.000000 1.000000
4907.071777 0.000000 2495.891113 0.000000 0.992494 0.000000 -0.122295 0.000000 0.000000 0.000000
4900.749023 0.000000 2494.681885 0.000000 0.990857 0.000000 0.134919 1.000000 1.000000 1.000000
4869.351074 0.000000 2523.438477 0.000000 0.972877 0.000000 0.231321 0.000000 0.000000 0.000000
4905.963379 0.000000 2492.841797 0.000000 0.098512 0.000000 0.995136 0.000000 0.000000 0.000000
4900.560547 0.000000 2499.368164 0.000000 0.876628 0.000000 -0.481170 0.000000 0.000000 0.000000
4899.182129 0.000000 2492.078857 0.000000 0.276658 0.000000 -0.960968 1.000000 1.000000 1.000000
4878.389648 0.000000 2523.096924 0.000000 0.778101 0.000000 0.628139 0.000000 0.000000 0.000000
4881.862305 0.000000 2521.639893 0.000000 0.720118 0.000000 0.693852 0.000000 0.000000 0.000000
4917.929688 0.000000 2501.383301 0.000000 0.909259 0.000000 0.416232 0.000000 0.000000 0.000000
4872.280273 0.000000 2519.543457 0.000000 0.913989 0.000000 -0.405739 0.000000 0.000000 0.000000
4874.416504 0.000000 2516.996582 0.000000 0.329272 0.000000 -0.944235 1.000000 1.000000 1.000000
4908.442383 0.000000 2491.825195 0.000000 0.473168 0.000000 0.880972 0.000000 0.000000 0.000000
4911.105469 0.000000 2488.873779 0.000000 0.970612 0.000000 -0.240649 1.000000 1.000000 1.000000
4942.873047 0.000000 2493.359619 0.000000 0.483857 0.000000 0.875147 0.000000 0.000000 0.000000
4973.943359 0.000000 2487.667480 0.000000 0.135382 0.000000 -0.990793 0.000000 0.000000 0.000000
4983.531250 0.000000 2495.916260 0.000000 0.587761 0.000000 0.809035 0.000000 0.000000 0.000000
4939.929688 0.000000 2497.318359 0.000000 0.943015 0.000000 -0.332752 0.000000 0.000000 0.000000
4934.330566 0.000000 2497.409424 0.000000 0.633503 0.000000 0.773740 0.000000 0.000000 0.000000
4978.318359 0.000000 2485.518311 0.000000 0.861177 0.000000 -0.508304 0.000000 0.000000 0.000000
4949.668945 0.000000 2495.101318 0.000000 0.957468 0.000000 0.288540 0.000000 0.000000 0.000000
4968.015625 0.000000 2492.941162 0.000000 0.820578 0.000000 -0.571534 0.000000 0.000000 0.000000
4990.270020 0.000000 2489.743896 0.000000 0.910479 0.000000 0.413554 0.000000 0.000000 0.000000
4970.673340 0.000000 2485.456299 0.000000 0.222832 0.000000 -0.974857 0.000000 0.000000 0.000000
4975.663086 0.000000 2495.324463 0.000000 0.644607 0.000000 -0.764514 0.000000 0.000000 0.000000
4946.190430 0.000000 2494.834717 0.000000 0.948581 0.000000 0.316536 0.000000 0.000000 0.000000
4974.042969 0.000000 2491.167236 0.000000 0.826087 0.000000 -0.563543 0.000000 0.000000 0.000000
4980.014648 0.000000 2494.155762 0.000000 0.901850 0.000000 -0.432050 0.000000 0.000000 0.000000
4986.028320 0.000000 2498.411133 0.000000 0.868186 0.000000 0.496240 0.000000 0.000000 0.000000
4987.100586 0.000000 2495.405273 0.000000 0.104155 0.000000 0.994561 1.000000 1.000000 1.000000
4945.664551 0.000000 2491.968506 0.000000 0.131057 0.000000 0.991375 0.000000 0.000000 0.000000
4981.566895 0.000000 2497.774658 0.000000 0.800640 0.000000 0.599146 0.000000 0.000000 0.000000
4984.639160 0.000000 2490.284912 0.000000 0.994928 0.000000 -0.100589 1.000000 1.000000 1.000000
4928.090332 0.000000 2488.608154 0.000000 0.931632 0.000000 0.363402 0.000000 0.000000 0.000000
4988.013184 0.000000 2500.177246 0.000000 0.540041 0.000000 -0.841639 0.000000 0.000000 0.000000
4984.473633 0.000000 2493.443359 0.000000 0.416794 0.000000 -0.909001 1.000000 1.000000 1.000000
4975.339355 0.000000 2485.558594 0.000000 0.952876 0.000000 -0.303360 0.000000 0.000000 0.000000
4947.894531 0.000000 2493.084229 0.000000 0.476139 0.000000 0.879370 0.000000 0.000000 0.000000
4989.251953 0.000000 2492.126953 0.000000 0.253668 0.000000 -0.967291 1.000000 1.000000 1.000000
4969.650879 0.000000 2494.599121 0.000000 0.036231 0.000000 0.999343 0.000000 0.000000 0.000000
4987.739258 0.000000 2489.819092 0.000000 0.509766 0.000000 0.860313 0.000000 0.000000 0.000000
4977.687988 0.000000 2494.265137 0.000000 0.936649 0.000000 0.350270 0.000000 0.000000 0.000000
4980.657715 0.000000 2485.348633 0.000000 0.391142 0.000000 -0.920330 0.000000 0.000000 0.000000
4975.645996 0.000000 2493.010498 0.000000 0.718566 0.000000 -0.695459 0.000000 0.000000 0.000000
4991.273438 0.000000 2496.703613 0.000000 0.756806 0.000000 0.653639 0.000000 0.000000 0.000000
4983.794922 0.000000 2498.318604 0.000000 0.209727 0.000000 -0.977760 0.000000 0.000000 0.000000
4982.255859 0.000000 2494.072510 0.000000 0.959335 0.000000 -0.282270 0.000000 0.000000 0.000000
4967.465820 0.000000 2495.198242 0.000000 0.979508 0.000000 -0.201407 0.000000 0.000000 0.000000
4973.143066 0.000000 2485.614746 0.000000 0.801135 0.000000 0.598484 0.000000 0.000000 0.000000
4973.585449 0.000000 2495.745605 0.000000 0.772208 0.000000 -0.635369 0.000000 0.000000 0.000000
4987.529785 0.000000 2485.959473 0.000000 0.819821 0.000000 0.572620 0.000000 0.000000 0.000000
4944.098633 0.000000 2495.072021 0.000000 0.979600 0.000000 -0.200958 0.000000 0.000000 0.000000
4988.271484 0.000000 2493.825928 0.000000 0.249032 0.000000 0.968495 1.000000 1.000000 1.000000
4981.177734 0.000000 2495.833008 0.000000 0.817486 0.000000 -0.575948 0.000000 0.000000 0.000000
4973.587891 0.000000 2493.084717 0.000000 0.682320 0.000000 -0.731054 0.000000 0.000000 0.000000
4985.360352 0.000000 2496.569092 0.000000 0.900691 0.000000 0.434460 0.000000 0.000000 0.000000
4978.425293 0.000000 2487.466797 0.000000 0.004969 0.000000 0.999988 0.000000 0.000000 0.000000
4938.618164 0.000000 2498.856934 0.000000 0.625391 0.000000 -0.780311 0.000000 0.000000 0.000000
4991.825195 0.000000 2498.565186 0.000000 0.650418 0.000000 0.759576 0.000000 0.000000 0.000000
4987.502441 0.000000 2497.309814 0.000000 0.601083 0.000000 0.799186 0.000000 0.000000 0.000000
4964.749023 0.000000 2494.681885 0.000000 0.908863 0.000000 -0.417096 0.000000 0.000000 0.000000
4969.963379 0.000000 2492.841797 0.000000 0.162199 0.000000 -0.986758 0.000000 0.000000 0.000000
4986.270996 0.000000 2493.646240 0.000000 0.991566 0.000000 -0.129606 1.000000 1.000000 1.000000
4979.291016 0.000000 2495.736572 0.000000 0.572964 0.000000 0.819580 0.000000 0.000000 0.000000
5020.793945 0.000000 2488.154297 0.000000 0.690895 0.000000 -0.722955 0.000000 0.000000 0.000000
5023.453613 0.000000 2502.042725 0.000000 0.393372 0.000000 -0.919379 0.000000 0.000000 0.000000
5041.519043 0.000000 2491.642090 0.000000 0.878081 0.000000 -0.478513 0.000000 0.000000 0.000000
5012.569336 0.000000 2490.698975 0.000000 0.997828 0.000000 0.065876 0.000000 0.000000 0.000000
5030.893555 0.000000 2504.759766 0.000000 0.981540 0.000000 0.191259 0.000000 0.000000 0.000000
5046.816895 0.000000 2486.563232 0.000000 0.024581 0.000000 -0.999698 0.000000 0.000000 0.000000
5053.248047 0.000000 2531.314453 0.000000 0.692203 0.000000 -0.721702 0.000000 0.000000 0.000000
5042.789551 0.000000 2497.399902 0.000000 0.606584 0.000000 0.795020 0.000000 0.000000 0.000000
4992.098633 0.000000 2492.261475 0.000000 0.628687 0.000000 -0.777659 0.000000 0.000000 0.000000
5053.658691 0.000000 2520.628174 0.000000 0.711187 0.000000 -0.703003 0.000000 0.000000 0.000000
5036.083496 0.000000 2505.373535 0.000000 0.945161 0.000000 0.326604 0.000000 0.000000 0.000000
5003.929688 0.000000 2497.318359 0.000000 0.339837 0.000000 -0.940484 0.000000 0.000000 0.000000
4998.330566 0.000000 2497.409424 0.000000 0.959437 0.000000 0.281923 0.000000 0.000000 0.000000
5014.937012 0.000000 2499.739746 0.000000 0.773306 0.000000 0.634033 0.000000 0.000000 0.000000
5027.991211 0.000000 2501.039062 0.000000 0.852939 0.000000 0.522010 0.000000 0.000000 0.000000
5042.318359 0.000000 2485.518311 0.000000 0.061604 0.000000 0.998101 0.000000 0.000000 0.000000
5013.668945 0.000000 2495.101318 0.000000 0.966661 0.000000 -0.256058 0.000000 0.000000 0.000000
5019.131348 0.000000 2501.433594 0.000000 0.964647 0.000000 -0.263544 0.000000 0.000000 0.000000
5032.015625 0.000000 2492.941162 0.000000 0.170762 0.000000 -0.985312 1.000000 1.000000 1.000000
4997.119141 0.000000 2501.746826 0.000000 0.855560 0.000000 -0.517703 0.000000 0.000000 0.000000
5054.419434 0.000000 2527.459717 0.000000 0.621050 0.000000 0.783771 0.000000 0.000000 0.000000
5046.381836 0.000000 2514.640137 0.000000 0.997695 0.000000 -0.067852 0.000000 0.000000 0.000000
5024.618164 0.000000 2488.678223 0.000000 0.826804 0.000000 0.562490 1.000000 1.000000 1.000000
5039.145508 0.000000 2503.460449 0.000000 0.837721 0.000000 -0.546099 1.000000 1.000000 1.000000
5010.190430 0.000000 2494.834717 0.000000 0.824929 0.000000 -0.565236 0.000000 0.000000 0.000000
5038.042969 0.000000 2491.167236 0.000000 0.999818 0.000000 -0.019077 0.000000 0.000000 0.000000
5050.305176 0.000000 2529.293945 0.000000 0.917750 0.000000 0.397160 0.000000 0.000000 0.000000
5021.020508 0.000000 2498.142822 0.000000 0.014532 0.000000 -0.999894 0.000000 0.000000 0.000000
5027.104004 0.000000 2493.854492 0.000000 0.308724 0.000000 0.951152 0.000000 0.000000 0.000000
5044.463867 0.000000 2500.394287 0.000000 0.542235 0.000000 0.840227 0.000000 0.000000 0.000000
5017.661133 0.000000 2488.378662 0.000000 0.998582 0.000000 -0.053243 0.000000 0.000000 0.000000
4996.948730 0.000000 2485.427490 0.000000 0.500130 0.000000 -0.865950 0.000000 0.000000 0.000000
4994.356934 0.000000 2490.210693 0.000000 0.994542 0.000000 0.104333 0.000000 0.000000 0.000000
5001.084961 0.000000 2496.130371 0.000000 0.653611 0.000000 -0.756831 0.000000 0.000000 0.000000
5036.194824 0.000000 2497.389893 0.000000 0.351259 0.000000 0.936278 0.000000 0.000000 0.000000
5050.504395 0.000000 2509.071289 0.000000 0.375863 0.000000 -0.926675 0.000000 0.000000 0.000000
4992.042480 0.000000 2485.319824 0.000000 0.980946 0.000000 -0.194279 0.000000 0.000000 0.000000
4995.820801 0.000000 2499.117920 0.000000 0.992319 0.000000 0.123702 0.000000 0.000000 0.000000
5012.994629 0.000000 2487.865234 0.000000 0.997293 0.000000 -0.073535 0.000000 0.000000 0.000000
5017.706543 0.000000 2498.951904 0.000000 0.204754 0.000000 -0.978814 0.000000 0.000000 0.000000
5036.352051 0.000000 2502.573486 0.000000 0.049384 0.000000 0.998780 1.000000 1.000000 1.000000
5012.832520 0.000000 2497.892090 0.000000 0.912874 0.000000 0.408242 0.000000 0.000000 0.000000
5002.564941 0.000000 2487.861328 0.000000 0.858541 0.000000 -0.512744 0.000000 0.000000 0.000000
5000.614258 0.000000 2498.841309 0.000000 0.701291 0.000000 -0.712875 0.000000 0.000000 0.000000
4992.090332 0.000000 2488.608154 0.000000 0.946629 0.000000 -0.322326 0.000000 0.000000 0.000000
5015.068359 0.000000 2489.823730 0.000000 0.881665 0.000000 0.471877 0.000000 0.000000 0.000000
5015.408203 0.000000 2497.150635 0.000000 0.634087 0.000000 0.773262 0.000000 0.000000 0.000000
5052.013184 0.000000 2500.177246 0.000000 0.928833 0.000000 0.370498 0.000000 0.000000 0.000000
5048.473633 0.000000 2493.443359 0.000000 0.316568 0.000000 0.948570 1.000000 1.000000 1.000000
5025.491699 0.000000 2491.207764 0.000000 0.982654 0.000000 -0.185449 0.000000 0.000000 0.000000
5025.412109 0.000000 2500.269531 0.000000 0.659263 0.000000 0.751913 0.000000 0.000000 0.000000
5037.942871 0.000000 2507.253418 0.000000 0.064527 0.000000 0.997916 0.000000 0.000000 0.000000
4998.363770 0.000000 2494.825195 0.000000 0.388215 0.000000 0.921569 0.000000 0.000000 0.000000
5012.805176 0.000000 2485.380127 0.000000 0.303653 0.000000 -0.952783 0.000000 0.000000 0.000000
5055.697754 0.000000 2530.036621 0.000000 0.924251 0.000000 0.381785 0.000000 0.000000 0.000000
5039.339355 0.000000 2485.558594 0.000000 0.437105 0.000000 -0.899410 0.000000 0.000000 0.000000
5011.894531 0.000000 2493.084229 0.000000 0.403001 0.000000 -0.915199 0.000000 0.000000 0.000000
5055.509766 0.000000 2522.531006 0.000000 0.155194 0.000000 -0.987884 0.000000 0.000000 0.000000
5016.077637 0.000000 2494.708984 0.000000 0.917098 0.000000 -0.398661 0.000000 0.000000 0.000000
5005.612305 0.000000 2488.441162 0.000000 0.484963 0.000000 0.874534 0.000000 0.000000 0.000000
5040.587891 0.000000 2505.565674 0.000000 0.954107 0.000000 0.299466 0.000000 0.000000 0.000000
5005.487793 0.000000 2495.329102 0.000000 0.445365 0.000000 0.895349 0.000000 0.000000 0.000000
4996.602051 0.000000 2487.918213 0.000000 0.993825 0.000000 -0.110958 0.000000 0.000000 0.000000
5033.650879 0.000000 2494.599121 0.000000 0.086832 0.000000 -0.996223 0.000000 0.000000 0.000000
5022.816895 0.000000 2499.750244 0.000000 0.596797 0.000000 0.802392 0.000000 0.000000 0.000000
5055.163574 0.000000 2517.987061 0.000000 0.348363 0.000000 -0.937360 0.000000 0.000000 0.000000
4998.475098 0.000000 2499.903076 0.000000 0.978662 0.000000 -0.205477 0.000000 0.000000 0.000000
5047.794922 0.000000 2498.318604 0.000000 0.919250 0.000000 -0.393675 0.000000 0.000000 0.000000
5031.465820 0.000000 2495.198242 0.000000 0.996431 0.000000 0.084411 0.000000 0.000000 0.000000
5037.143066 0.000000 2485.614746 0.000000 0.913051 0.000000 -0.407845 0.000000 0.000000 0.000000
5025.049316 0.000000 2486.562744 0.000000 0.437193 0.000000 -0.899368 1.000000 1.000000 1.000000
4993.654297 0.000000 2499.670654 0.000000 0.503925 0.000000 -0.863747 0.000000 0.000000 0.000000
5039.135742 0.000000 2501.368652 0.000000 0.484601 0.000000 0.874735 1.000000 1.000000 1.000000
5037.585449 0.000000 2495.745605 0.000000 0.004376 0.000000 0.999990 0.000000 0.000000 0.000000
5011.236816 0.000000 2496.635498 0.000000 0.486668 0.000000 -0.873587 0.000000 0.000000 0.000000
5026.934570 0.000000 2488.881592 0.000000 0.680408 0.000000 -0.732834 0.000000 0.000000 0.000000
5040.914551 0.000000 2502.496094 0.000000 0.427932 0.000000 0.903811 0.000000 0.000000 0.000000
5053.282227 0.000000 2529.267822 0.000000 0.727810 0.000000 -0.685779 0.000000 0.000000 0.000000
5038.245605 0.000000 2505.235107 0.000000 0.054895 0.000000 0.998492 0.000000 0.000000 0.000000
5035.960938 0.000000 2507.414795 0.000000 0.683246 0.000000 -0.730189 0.000000 0.000000 0.000000
5037.587891 0.000000 2493.084717 0.000000 0.378440 0.000000 0.925626 1.000000 1.000000 1.000000
5049.360352 0.000000 2496.569092 0.000000 0.283095 0.000000 -0.959092 1.000000 1.000000 1.000000
5046.302246 0.000000 2499.599854 0.000000 0.077023 0.000000 0.997029 0.000000 0.000000 0.000000
5015.366211 0.000000 2487.965088 0.000000 0.836308 0.000000 -0.548261 1.000000 1.000000 1.000000
5003.084961 0.000000 2495.691162 0.000000 0.176507 0.000000 0.984299 0.000000 0.000000 0.000000
5019.504395 0.000000 2499.290771 0.000000 0.570550 0.000000 0.821263 0.000000 0.000000 0.000000
5040.943848 0.000000 2496.900879 0.000000 0.981731 0.000000 -0.190276 0.000000 0.000000 0.000000
5001.693359 0.000000 2494.375244 0.000000 0.451977 0.000000 0.892030 0.000000 0.000000 0.000000
4992.371582 0.000000 2490.397217 0.000000 0.999395 0.000000 -0.034787 0.000000 0.000000 0.000000
5019.877441 0.000000 2496.803467 0.000000 0.989441 0.000000 0.144938 0.000000 0.000000 0.000000
5033.963379 0.000000 2492.841797 0.000000 0.015438 0.000000 -0.999881 1.000000 1.000000 1.000000
5036.442383 0.000000 2491.825195 0.000000 0.782964 0.000000 0.622067 1.000000 1.000000 1.000000
4995.050781 0.000000 2488.706787 0.000000 0.544418 0.000000 0.838814 1.000000 1.000000 1.000000
5077.705078 0.000000 2512.180176 0.000000 0.346651 0.000000 0.937994 0.000000 0.000000 0.000000
5057.318848 0.000000 2524.200928 0.000000 0.982898 0.000000 0.184153 0.000000 0.000000 0.000000
5094.230957 0.000000 2523.841553 0.000000 0.490103 0.000000 -0.871664 0.000000 0.000000 0.000000
5068.978516 0.000000 2486.048584 0.000000 0.526553 0.000000 0.850142 0.000000 0.000000 0.000000
5058.500488 0.000000 2505.056641 0.000000 0.600867 0.000000 0.799349 0.000000 0.000000 0.000000
5088.032227 0.000000 2522.250488 0.000000 0.614756 0.000000 0.788717 0.000000 0.000000 0.000000
5100.083496 0.000000 2505.373535 0.000000 0.557231 0.000000 0.830357 1.000000 1.000000 1.000000
5067.929688 0.000000 2497.318359 0.000000 0.692939 0.000000 0.720996 0.000000 0.000000 0.000000
5062.330566 0.000000 2497.409424 0.000000 0.746010 0.000000 -0.665934 0.000000 0.000000 0.000000
5091.991211 0.000000 2501.039062 0.000000 0.798920 0.000000 0.601437 0.000000 0.000000 0.000000
5090.015137 0.000000 2505.808105 0.000000 0.975823 0.000000 -0.218560 0.000000 0.000000 0.000000
5110.864258 0.000000 2540.311035 0.000000 0.692742 0.000000 0.721186 0.000000 0.000000 0.000000
5060.763672 0.000000 2521.504639 0.000000 0.438602 0.000000 0.898681 0.000000 0.000000 0.000000
5073.260254 0.000000 2511.769531 0.000000 0.830038 0.000000 -0.557707 0.000000 0.000000 0.000000
5056.163086 0.000000 2520.059082 0.000000 0.999706 0.000000 0.024239 0.000000 0.000000 0.000000
5071.831543 0.000000 2489.484375 0.000000 0.999894 0.000000 -0.014531 0.000000 0.000000 0.000000
5092.620605 0.000000 2532.020996 0.000000 0.139571 0.000000 0.990212 0.000000 0.000000 0.000000
5103.145508 0.000000 2503.460449 0.000000 0.182548 0.000000 0.983197 0.000000 0.000000 0.000000
5111.062500 0.000000 2536.330078 0.000000 0.069561 0.000000 -0.997578 0.000000 0.000000 0.000000
5117.611816 0.000000 2524.072266 0.000000 0.714075 0.000000 -0.700069 0.000000 0.000000 0.000000
5091.666992 0.000000 2521.798828 0.000000 0.828047 0.000000 0.560659 0.000000 0.000000 0.000000
5089.099609 0.000000 2519.262207 0.000000 0.215160 0.000000 0.976579 0.000000 0.000000 0.000000
5065.084961 0.000000 2496.130371 0.000000 0.999959 0.000000 0.009024 0.000000 0.000000 0.000000
5065.604492 0.000000 2512.766846 0.000000 0.567540 0.000000 -0.823346 0.000000 0.000000 0.000000
5107.016113 0.000000 2506.163574 0.000000 0.922876 0.000000 0.385097 0.000000 0.000000 0.000000
5073.664551 0.000000 2491.968506 0.000000 0.215058 0.000000 0.976601 0.000000 0.000000 0.000000
5089.448730 0.000000 2508.609375 0.000000 0.618257 0.000000 -0.785976 0.000000 0.000000 0.000000
5100.352051 0.000000 2502.573486 0.000000 0.811554 0.000000 0.584277 0.000000 0.000000 0.000000
5067.616211 0.000000 2514.653564 0.000000 0.188526 0.000000 0.982068 0.000000 0.000000 0.000000
5058.822754 0.000000 2519.280518 0.000000 0.455592 0.000000 -0.890189 1.000000 1.000000 1.000000
5089.412109 0.000000 2500.269531 0.000000 0.788227 0.000000 -0.615385 0.000000 0.000000 0.000000
5101.942871 0.000000 2507.253418 0.000000 0.495266 0.000000 0.868741 0.000000 0.000000 0.000000
5091.689941 0.000000 2536.914062 0.000000 0.490215 0.000000 0.871601 0.000000 0.000000 0.000000
5062.363770 0.000000 2494.825195 0.000000 0.911805 0.000000 -0.410624 0.000000 0.000000 0.000000
5118.994629 0.000000 2532.936279 0.000000 0.913329 0.000000 0.407223 1.000000 1.000000 1.000000
5104.587891 0.000000 2505.565674 0.000000 0.388668 0.000000 0.921378 0.000000 0.000000 0.000000
5116.008301 0.000000 2527.589600 0.000000 0.622451 0.000000 0.782659 0.000000 0.000000 0.000000
5105.129395 0.000000 2535.718506 0.000000 0.535781 0.000000 -0.844357 0.000000 0.000000 0.000000
5070.033691 0.000000 2491.203369 0.000000 0.292624 0.000000 0.956227 0.000000 0.000000 0.000000
5092.144531 0.000000 2534.273926 0.000000 0.990120 0.000000 0.140225 0.000000 0.000000 0.000000
5057.042969 0.000000 2517.813477 0.000000 0.329150 0.000000 -0.944278 1.000000 1.000000 1.000000
5119.374512 0.000000 2525.407959 0.000000 0.999496 0.000000 0.031741 0.000000 0.000000 0.000000
5101.747070 0.000000 2534.004150 0.000000 0.877960 0.000000 0.478735 0.000000 0.000000 0.000000
5115.003418 0.000000 2531.322266 0.000000 0.667351 0.000000 0.744743 0.000000 0.000000 0.000000
5116.034180 0.000000 2533.135742 0.000000 0.590127 0.000000 0.807311 0.000000 0.000000 0.000000
5076.141113 0.000000 2539.244385 0.000000 0.613166 0.000000 -0.789954 0.000000 0.000000 0.000000
5117.282227 0.000000 2529.267822 0.000000 0.849098 0.000000 -0.528235 0.000000 0.000000 0.000000
5060.035156 0.000000 2491.532227 0.000000 0.377793 0.000000 0.925890 0.000000 0.000000 0.000000
5060.789062 0.000000 2519.169434 0.000000 0.807824 0.000000 -0.589423 0.000000 0.000000 0.000000
5090.967773 0.000000 2520.055176 0.000000 0.068359 0.000000 -0.997661 0.000000 0.000000 0.000000
5061.832520 0.000000 2517.178223 0.000000 0.864137 0.000000 0.503257 1.000000 1.000000 1.000000
5050.544434 0.000000 2582.219971 0.000000 0.775915 0.000000 0.630838 0.000000 0.000000 0.000000
5047.638184 0.000000 2557.540283 0.000000 0.559963 0.000000 -0.828518 0.000000 0.000000 0.000000
5053.658691 0.000000 2577.112549 0.000000 0.477510 0.000000 -0.878627 0.000000 0.000000 0.000000
4995.505371 0.000000 2585.223145 0.000000 0.999955 0.000000 -0.009476 0.000000 0.000000 0.000000
5030.889160 0.000000 2565.236572 0.000000 0.564912 0.000000 0.825151 0.000000 0.000000 0.000000
5003.941895 0.000000 2583.600830 0.000000 0.396431 0.000000 0.918065 0.000000 0.000000 0.000000
5000.908691 0.000000 2587.696777 0.000000 0.973826 0.000000 -0.227294 0.000000 0.000000 0.000000
5028.620605 0.000000 2588.505371 0.000000 0.926491 0.000000 0.376318 0.000000 0.000000 0.000000
5009.939453 0.000000 2583.592529 0.000000 0.989771 0.000000 -0.142663 0.000000 0.000000 0.000000
5021.530273 0.000000 2569.089355 0.000000 0.999939 0.000000 0.011082 0.000000 0.000000 0.000000
4998.507812 0.000000 2593.887939 0.000000 0.492144 0.000000 -0.870514 0.000000 0.000000 0.000000
5028.759766 0.000000 2563.173096 0.000000 0.386382 0.000000 0.922339 0.000000 0.000000 0.000000
5020.947754 0.000000 2571.868652 0.000000 0.938992 0.000000 0.343938 0.000000 0.000000 0.000000
5048.473633 0.000000 2549.927734 0.000000 0.501791 0.000000 0.864989 0.000000 0.000000 0.000000
5004.375000 0.000000 2596.464600 0.000000 0.769303 0.000000 -0.638884 0.000000 0.000000 0.000000
5011.362793 0.000000 2569.784668 0.000000 0.066916 0.000000 0.997759 0.000000 0.000000 0.000000
5054.948242 0.000000 2543.950928 0.000000 0.752559 0.000000 -0.658524 1.000000 1.000000 1.000000
5028.952637 0.000000 2582.273682 0.000000 0.641865 0.000000 -0.766818 0.000000 0.000000 0.000000
5015.348633 0.000000 2594.795410 0.000000 0.918657 0.000000 -0.395057 0.000000 0.000000 0.000000
5027.522949 0.000000 2586.442871 0.000000 0.998166 0.000000 0.060537 1.000000 1.000000 1.000000
5041.314941 0.000000 2584.495117 0.000000 0.307195 0.000000 0.951646 0.000000 0.000000 0.000000
5011.576660 0.000000 2577.248535 0.000000 0.988927 0.000000 0.148405 0.000000 0.000000 0.000000
5046.255859 0.000000 2550.556885 0.000000 0.481421 0.000000 -0.876489 0.000000 0.000000 0.000000
5009.493164 0.000000 2585.769775 0.000000 0.650166 0.000000 0.759792 0.000000 0.000000 0.000000
5041.424316 0.000000 2580.213379 0.000000 0.081906 0.000000 0.996640 0.000000 0.000000 0.000000
5026.508301 0.000000 2588.362549 0.000000 0.942824 0.000000 -0.333291 0.000000 0.000000 0.000000
4998.997070 0.000000 2582.053711 0.000000 0.986922 0.000000 0.161198 0.000000 0.000000 0.000000
5031.167969 0.000000 2590.266846 0.000000 0.895986 0.000000 -0.444083 0.000000 0.000000 0.000000
5001.808105 0.000000 2582.964111 0.000000 0.499526 0.000000 0.866299 0.000000 0.000000 0.000000
5034.638672 0.000000 2592.229492 0.000000 0.901430 0.000000 0.432925 0.000000 0.000000 0.000000
5032.389160 0.000000 2595.427246 0.000000 0.035504 0.000000 -0.999370 0.000000 0.000000 0.000000
5042.750488 0.000000 2582.350098 0.000000 0.706410 0.000000 -0.707803 0.000000 0.000000 0.000000
5042.216309 0.000000 2586.341797 0.000000 0.549706 0.000000 0.835358 0.000000 0.000000 0.000000
5012.141113 0.000000 2595.728760 0.000000 0.877425 0.000000 0.479715 1.000000 1.000000 1.000000
5013.843750 0.000000 2592.081543 0.000000 0.491248 0.000000 -0.871020 0.000000 0.000000 0.000000
5043.318359 0.000000 2575.438232 0.000000 0.842997 0.000000 -0.537919 0.000000 0.000000 0.000000
5026.177734 0.000000 2568.729980 0.000000 0.757965 0.000000 -0.652295 0.000000 0.000000 0.000000
5031.260742 0.000000 2563.400879 0.000000 0.877721 0.000000 -0.479173 0.000000 0.000000 0.000000
5026.087402 0.000000 2566.852051 0.000000 0.251381 0.000000 -0.967888 0.000000 0.000000 0.000000
5035.722656 0.000000 2597.120117 0.000000 0.268955 0.000000 0.963153 1.000000 1.000000 1.000000
5010.362793 0.000000 2574.433350 0.000000 0.614279 0.000000 0.789089 0.000000 0.000000 0.000000
5074.283691 0.000000 2542.929688 0.000000 0.999950 0.000000 0.010024 0.000000 0.000000 0.000000
5082.364746 0.000000 2567.358154 0.000000 0.270299 0.000000 0.962776 0.000000 0.000000 0.000000
5073.260254 0.000000 2568.253906 0.000000 0.524507 0.000000 0.851406 0.000000 0.000000 0.000000
5060.957520 0.000000 2581.644043 0.000000 0.341735 0.000000 -0.939797 0.000000 0.000000 0.000000
5056.894531 0.000000 2572.096924 0.000000 0.891272 0.000000 0.453469 0.000000 0.000000 0.000000
5067.486816 0.000000 2550.356445 0.000000 0.952731 0.000000 0.303815 0.000000 0.000000 0.000000
5097.676758 0.000000 2559.863770 0.000000 0.950207 0.000000 0.311620 0.000000 0.000000 0.000000
5094.581055 0.000000 2576.921387 0.000000 0.997053 0.000000 -0.076714 0.000000 0.000000 0.000000
5077.934570 0.000000 2596.608887 0.000000 0.848754 0.000000 0.528789 0.000000 0.000000 0.000000
5086.952637 0.000000 2561.309082 0.000000 0.368191 0.000000 0.929750 0.000000 0.000000 0.000000
5072.244141 0.000000 2570.994629 0.000000 0.457554 0.000000 -0.889182 0.000000 0.000000 0.000000
5100.352051 0.000000 2559.057861 0.000000 0.981000 0.000000 0.194010 0.000000 0.000000 0.000000
5079.068359 0.000000 2546.308105 0.000000 0.985468 0.000000 -0.169863 0.000000 0.000000 0.000000
5058.822754 0.000000 2575.764893 0.000000 0.043503 0.000000 -0.999053 0.000000 0.000000 0.000000
5079.339844 0.000000 2574.204346 0.000000 0.272928 0.000000 0.962035 0.000000 0.000000 0.000000
5075.894531 0.000000 2549.568604 0.000000 0.008150 0.000000 -0.999967 0.000000 0.000000 0.000000
5083.190918 0.000000 2570.106201 0.000000 0.369785 0.000000 0.929117 0.000000 0.000000 0.000000
5099.095215 0.000000 2556.115479 0.000000 0.947625 0.000000 0.319384 0.000000 0.000000 0.000000
5069.612305 0.000000 2544.925537 0.000000 0.115767 0.000000 0.993276 0.000000 0.000000 0.000000
5070.033691 0.000000 2547.687744 0.000000 0.963947 0.000000 0.266095 0.000000 0.000000 0.000000
5061.729492 0.000000 2583.825684 0.000000 0.988975 0.000000 -0.148080 0.000000 0.000000 0.000000
5087.888672 0.000000 2563.341064 0.000000 0.982914 0.000000 -0.184067 1.000000 1.000000 1.000000
5057.654297 0.000000 2556.155029 0.000000 0.503049 0.000000 -0.864258 0.000000 0.000000 0.000000
5062.997070 0.000000 2582.053711 0.000000 0.999688 0.000000 -0.024983 0.000000 0.000000 0.000000
5072.098633 0.000000 2551.556396 0.000000 0.836273 0.000000 -0.548313 1.000000 1.000000 1.000000
5098.440430 0.000000 2558.005859 0.000000 0.930450 0.000000 0.366420 0.000000 0.000000 0.000000
5056.371582 0.000000 2546.881592 0.000000 0.129888 0.000000 -0.991529 1.000000 1.000000 1.000000
5077.609863 0.000000 2574.445801 0.000000 0.958907 0.000000 -0.283720 1.000000 1.000000 1.000000
5081.034668 0.000000 2573.743408 0.000000 0.762448 0.000000 -0.647050 1.000000 1.000000 1.000000
5072.790527 0.000000 2549.952148 0.000000 0.974468 0.000000 -0.224529 1.000000 1.000000 1.000000
5080.779785 0.000000 2546.333496 0.000000 0.131409 0.000000 0.991328 1.000000 1.000000 1.000000
5059.050781 0.000000 2545.191162 0.000000 0.981995 0.000000 -0.188909 1.000000 1.000000 1.000000
4991.509766 0.000000 2635.499756 0.000000 0.435426 0.000000 -0.900225 0.000000 0.000000 0.000000
4990.994629 0.000000 2645.905029 0.000000 0.991511 0.000000 -0.130022 0.000000 0.000000 0.000000
5018.122559 0.000000 2609.089600 0.000000 0.672827 0.000000 -0.739800 0.000000 0.000000 0.000000
5030.686523 0.000000 2598.586914 0.000000 0.992927 0.000000 0.118723 0.000000 0.000000 0.000000
5000.667480 0.000000 2603.060547 0.000000 0.717241 0.000000 -0.696825 0.000000 0.000000 0.000000
5012.094727 0.000000 2613.682129 0.000000 0.674628 0.000000 -0.738158 0.000000 0.000000 0.000000
4999.213379 0.000000 2636.481201 0.000000 0.699317 0.000000 0.714812 0.000000 0.000000 0.000000
5025.412109 0.000000 2613.238281 0.000000 0.112190 0.000000 0.993687 0.000000 0.000000 0.000000
5035.690430 0.000000 2601.845215 0.000000 0.678793 0.000000 0.734329 0.000000 0.000000 0.000000
5019.678223 0.000000 2603.295410 0.000000 0.542626 0.000000 0.839974 0.000000 0.000000 0.000000
5011.253418 0.000000 2645.867920 0.000000 0.257805 0.000000 0.966197 0.000000 0.000000 0.000000
5009.493164 0.000000 2642.254150 0.000000 0.283317 0.000000 -0.959026 0.000000 0.000000 0.000000
4996.035156 0.000000 2604.500977 0.000000 0.817127 0.000000 -0.576458 0.000000 0.000000 0.000000
5021.096680 0.000000 2598.677490 0.000000 0.798296 0.000000 -0.602266 0.000000 0.000000 0.000000
5001.693359 0.000000 2607.343994 0.000000 0.170985 0.000000 -0.985274 0.000000 0.000000 0.000000
5022.652344 0.000000 2610.366699 0.000000 0.997422 0.000000 0.071758 0.000000 0.000000 0.000000
4999.620605 0.000000 2604.510498 0.000000 0.998667 0.000000 0.051621 1.000000 1.000000 1.000000
5060.458496 0.000000 2652.747314 0.000000 0.015857 0.000000 -0.999874 0.000000 0.000000 0.000000
5078.782715 0.000000 2605.584717 0.000000 0.209782 0.000000 0.977748 0.000000 0.000000 0.000000
5062.070312 0.000000 2605.321289 0.000000 0.332978 0.000000 -0.942935 0.000000 0.000000 0.000000
5066.166504 0.000000 2604.794922 0.000000 0.601902 0.000000 -0.798570 0.000000 0.000000 0.000000
5079.366211 0.000000 2600.933838 0.000000 0.285318 0.000000 -0.958433 1.000000 1.000000 1.000000
5073.145996 0.000000 2600.835449 0.000000 0.010233 0.000000 0.999948 0.000000 0.000000 0.000000
5050.511719 0.000000 2675.275635 0.000000 0.706982 0.000000 -0.707232 0.000000 0.000000 0.000000
5050.504395 0.000000 2678.524414 0.000000 0.986414 0.000000 0.164277 0.000000 0.000000 0.000000
5048.473633 0.000000 2662.896484 0.000000 0.054158 0.000000 0.998532 0.000000 0.000000 0.000000
5046.385254 0.000000 2658.674561 0.000000 0.057564 0.000000 0.998342 0.000000 0.000000 0.000000
5002.166504 0.000000 2661.279297 0.000000 0.999998 0.000000 0.001761 0.000000 0.000000 0.000000
4998.936035 0.000000 2658.341553 0.000000 0.191489 0.000000 -0.981495 0.000000 0.000000 0.000000
5022.021484 0.000000 2663.032471 0.000000 0.691018 0.000000 0.722838 1.000000 1.000000 1.000000
4999.620605 0.000000 2660.994873 0.000000 0.996915 0.000000 -0.078485 1.000000 1.000000 1.000000
5018.957520 0.000000 2661.392334 0.000000 0.967819 0.000000 -0.251649 1.000000 1.000000 1.000000
5026.375977 0.000000 2671.208252 0.000000 0.999872 0.000000 0.016007 1.000000 1.000000 1.000000
5057.451172 0.000000 2666.941162 0.000000 0.881309 0.000000 0.472541 0.000000 0.000000 0.000000
5079.293457 0.000000 2678.330322 0.000000 0.237734 0.000000 0.971330 0.000000 0.000000 0.000000
5098.835938 0.000000 2660.771973 0.000000 0.805380 0.000000 0.592759 0.000000 0.000000 0.000000
5114.504395 0.000000 2678.524414 0.000000 0.964417 0.000000 -0.264387 0.000000 0.000000 0.000000
5114.637207 0.000000 2681.699219 0.000000 0.024934 0.000000 -0.999689 0.000000 0.000000 0.000000
5078.782715 0.000000 2662.069092 0.000000 0.513337 0.000000 -0.858187 0.000000 0.000000 0.000000
5056.090332 0.000000 2658.061279 0.000000 0.668799 0.000000 -0.743443 0.000000 0.000000 0.000000
5109.428223 0.000000 2672.606934 0.000000 0.137730 0.000000 -0.990470 0.000000 0.000000 0.000000
5099.690430 0.000000 2658.329590 0.000000 0.253724 0.000000 0.967277 0.000000 0.000000 0.000000
5112.742188 0.000000 2684.659424 0.000000 0.009964 0.000000 0.999950 0.000000 0.000000 0.000000
5111.044922 0.000000 2693.854004 0.000000 0.460613 0.000000 0.887601 0.000000 0.000000 0.000000
5102.671387 0.000000 2701.220215 0.000000 0.980913 0.000000 -0.194449 0.000000 0.000000 0.000000
5102.880859 0.000000 2705.301270 0.000000 0.666579 0.000000 -0.745435 0.000000 0.000000 0.000000
5101.465820 0.000000 2699.061523 0.000000 0.890529 0.000000 -0.454927 0.000000 0.000000 0.000000
5101.836426 0.000000 2707.398438 0.000000 0.564051 0.000000 -0.825740 0.000000 0.000000 0.000000
5108.316895 0.000000 2683.891602 0.000000 0.884389 0.000000 -0.466750 0.000000 0.000000 0.000000
5072.098633 0.000000 2664.525146 0.000000 0.993563 0.000000 0.113282 0.000000 0.000000 0.000000
5106.750488 0.000000 2695.318848 0.000000 0.170880 0.000000 0.985292 1.000000 1.000000 1.000000
5104.914551 0.000000 2671.949219 0.000000 0.561485 0.000000 -0.827487 1.000000 1.000000 1.000000
5098.440430 0.000000 2670.974609 0.000000 0.809210 0.000000 -0.587520 0.000000 0.000000 0.000000
5109.007812 0.000000 2695.916016 0.000000 0.530471 0.000000 0.847703 1.000000 1.000000 1.000000
5060.035156 0.000000 2660.985352 0.000000 0.659191 0.000000 0.751975 0.000000 0.000000 0.000000
5107.318359 0.000000 2688.406982 0.000000 0.047037 0.000000 0.998893 0.000000 0.000000 0.000000
5107.561035 0.000000 2681.027588 0.000000 0.976269 0.000000 0.216559 0.000000 0.000000 0.000000
5103.250488 0.000000 2683.746582 0.000000 0.834311 0.000000 -0.551293 1.000000 1.000000 1.000000
5106.395020 0.000000 2684.782227 0.000000 0.604027 0.000000 -0.796964 0.000000 0.000000 0.000000
5105.324707 0.000000 2690.362793 0.000000 0.850192 0.000000 -0.526473 1.000000 1.000000 1.000000
5071.854980 0.000000 2661.295410 0.000000 0.964226 0.000000 0.265081 0.000000 0.000000 0.000000
5097.963379 0.000000 2662.294922 0.000000 0.965083 0.000000 -0.261943 0.000000 0.000000 0.000000
5073.145996 0.000000 2657.319824 0.000000 0.476859 0.000000 0.878980 0.000000 0.000000 0.000000
5063.620605 0.000000 2660.994873 0.000000 0.694686 0.000000 -0.719313 1.000000 1.000000 1.000000
5104.891113 0.000000 2683.139648 0.000000 0.388382 0.000000 -0.921499 1.000000 1.000000 1.000000
5072.790527 0.000000 2662.920898 0.000000 0.944353 0.000000 0.328934 1.000000 1.000000 1.000000
5780.968750 0.000000 1859.625122 0.000000 0.983832 0.000000 -0.179094 0.000000 0.000000 0.000000
5816.065918 0.000000 1832.862549 0.000000 0.001777 0.000000 0.999998 0.000000 0.000000 0.000000
5821.512207 0.000000 1807.526123 0.000000 0.663208 0.000000 -0.748435 0.000000 0.000000 0.000000
5801.385742 0.000000 1840.418091 0.000000 0.113473 0.000000 0.993541 0.000000 0.000000 0.000000
5802.009766 0.000000 1862.436646 0.000000 0.888185 0.000000 0.459487 0.000000 0.000000 0.000000
5794.932617 0.000000 1861.576904 0.000000 0.246128 0.000000 0.969237 0.000000 0.000000 0.000000
5814.173828 0.000000 1813.684204 0.000000 0.192815 0.000000 0.981235 0.000000 0.000000 0.000000
5808.647949 0.000000 1847.975708 0.000000 0.497459 0.000000 -0.867487 0.000000 0.000000 0.000000
5807.868652 0.000000 1855.911011 0.000000 0.050401 0.000000 -0.998729 0.000000 0.000000 0.000000
5801.322754 0.000000 1855.775635 0.000000 0.983388 0.000000 0.181518 1.000000 1.000000 1.000000
5818.385254 0.000000 1810.092041 0.000000 0.047441 0.000000 -0.998874 0.000000 0.000000 0.000000
5804.412598 0.000000 1849.773682 0.000000 0.867490 0.000000 -0.497455 1.000000 1.000000 1.000000
5804.376953 0.000000 1853.767700 0.000000 0.753957 0.000000 -0.656923 0.000000 0.000000 0.000000
5807.145508 0.000000 1825.647827 0.000000 0.378191 0.000000 0.925728 0.000000 0.000000 0.000000
5808.918945 0.000000 1822.486206 0.000000 0.900746 0.000000 -0.434346 0.000000 0.000000 0.000000
5811.759277 0.000000 1838.864868 0.000000 0.778761 0.000000 0.627321 0.000000 0.000000 0.000000
5805.386719 0.000000 1862.207031 0.000000 0.999967 0.000000 0.008105 0.000000 0.000000 0.000000
5808.580566 0.000000 1837.940796 0.000000 0.078281 0.000000 0.996931 0.000000 0.000000 0.000000
5813.860840 0.000000 1855.566406 0.000000 0.138603 0.000000 0.990348 0.000000 0.000000 0.000000
5819.100586 0.000000 1817.592773 0.000000 0.999553 0.000000 -0.029906 0.000000 0.000000 0.000000
5804.352051 0.000000 1824.761108 0.000000 0.843662 0.000000 -0.536875 0.000000 0.000000 0.000000
5816.639160 0.000000 1812.472290 0.000000 0.996953 0.000000 0.078000 0.000000 0.000000 0.000000
5807.447754 0.000000 1820.185669 0.000000 0.462120 0.000000 0.886817 0.000000 0.000000 0.000000
5804.127930 0.000000 1834.941284 0.000000 0.718444 0.000000 -0.695585 0.000000 0.000000 0.000000
5816.473633 0.000000 1815.630737 0.000000 0.067300 0.000000 0.997733 0.000000 0.000000 0.000000
5804.051758 0.000000 1839.594360 0.000000 0.450915 0.000000 0.892567 0.000000 0.000000 0.000000
5806.693848 0.000000 1839.558594 0.000000 0.082789 0.000000 0.996567 0.000000 0.000000 0.000000
5812.706543 0.000000 1863.815308 0.000000 0.908982 0.000000 -0.416835 0.000000 0.000000 0.000000
5806.782227 0.000000 1849.564087 0.000000 0.410432 0.000000 -0.911891 0.000000 0.000000 0.000000
5796.952637 0.000000 1847.976929 0.000000 0.214608 0.000000 0.976700 0.000000 0.000000 0.000000
5809.129395 0.000000 1857.905884 0.000000 0.662937 0.000000 -0.748675 0.000000 0.000000 0.000000
5803.596680 0.000000 1856.041504 0.000000 0.999878 0.000000 0.015598 0.000000 0.000000 0.000000
5814.385254 0.000000 1811.409058 0.000000 0.907537 0.000000 -0.419971 0.000000 0.000000 0.000000
5795.522949 0.000000 1852.145874 0.000000 0.758386 0.000000 0.651806 0.000000 0.000000 0.000000
5807.085449 0.000000 1846.328125 0.000000 0.853447 0.000000 0.521180 1.000000 1.000000 1.000000
5809.262695 0.000000 1862.061035 0.000000 0.958699 0.000000 0.284424 0.000000 0.000000 0.000000
5805.465820 0.000000 1851.795898 0.000000 0.992716 0.000000 -0.120480 0.000000 0.000000 0.000000
5799.778320 0.000000 1863.334961 0.000000 0.480150 0.000000 0.877187 1.000000 1.000000 1.000000
5805.747070 0.000000 1856.191528 0.000000 0.318223 0.000000 -0.948016 0.000000 0.000000 0.000000
5796.342285 0.000000 1863.168701 0.000000 0.963717 0.000000 0.266927 1.000000 1.000000 1.000000
5802.281250 0.000000 1849.711792 0.000000 0.054975 0.000000 -0.998488 0.000000 0.000000 0.000000
5805.814941 0.000000 1844.046143 0.000000 0.997449 0.000000 0.071378 1.000000 1.000000 1.000000
5799.167969 0.000000 1855.969971 0.000000 0.629225 0.000000 0.777223 1.000000 1.000000 1.000000
5807.135742 0.000000 1823.556152 0.000000 0.070734 0.000000 0.997495 0.000000 0.000000 0.000000
5803.407227 0.000000 1851.728027 0.000000 0.954195 0.000000 -0.299186 0.000000 0.000000 0.000000
5802.638672 0.000000 1857.932617 0.000000 0.946890 0.000000 0.321557 0.000000 0.000000 0.000000
5810.750488 0.000000 1848.053223 0.000000 0.647443 0.000000 0.762114 0.000000 0.000000 0.000000
5802.440430 0.000000 1823.708984 0.000000 0.674806 0.000000 -0.737995 0.000000 0.000000 0.000000
5803.628906 0.000000 1847.891113 0.000000 0.375538 0.000000 0.926807 0.000000 0.000000 0.000000
5793.680176 0.000000 1863.327759 0.000000 0.282305 0.000000 0.959325 1.000000 1.000000 1.000000
5807.250488 0.000000 1836.480835 0.000000 0.987783 0.000000 -0.155838 0.000000 0.000000 0.000000
5796.742188 0.000000 1860.705200 0.000000 0.095016 0.000000 0.995476 0.000000 0.000000 0.000000
5810.395020 0.000000 1837.516602 0.000000 0.903728 0.000000 -0.428108 0.000000 0.000000 0.000000
5809.909180 0.000000 1839.341309 0.000000 0.114745 0.000000 -0.993395 0.000000 0.000000 0.000000
5800.388184 0.000000 1857.501587 0.000000 0.274828 0.000000 -0.961493 0.000000 0.000000 0.000000
5799.039551 0.000000 1847.661621 0.000000 0.966080 0.000000 0.258245 1.000000 1.000000 1.000000
5797.294434 0.000000 1852.456177 0.000000 0.314227 0.000000 -0.949348 1.000000 1.000000 1.000000
5882.544434 0.000000 1847.923096 0.000000 0.249217 0.000000 -0.968448 0.000000 0.000000 0.000000
5844.089355 0.000000 1852.316895 0.000000 0.577483 0.000000 -0.816402 0.000000 0.000000 0.000000
5838.953125 0.000000 1861.471680 0.000000 0.273470 0.000000 0.961881 0.000000 0.000000 0.000000
5824.098633 0.000000 1814.448975 0.000000 0.832463 0.000000 -0.554081 0.000000 0.000000 0.000000
5885.212891 0.000000 1832.891724 0.000000 0.602806 0.000000 0.797888 0.000000 0.000000 0.000000
5835.786133 0.000000 1812.552979 0.000000 0.726490 0.000000 0.687177 0.000000 0.000000 0.000000
5886.270020 0.000000 1811.931396 0.000000 0.968366 0.000000 0.249534 0.000000 0.000000 0.000000
5886.624512 0.000000 1816.320190 0.000000 0.983454 0.000000 -0.181156 0.000000 0.000000 0.000000
5839.831543 0.000000 1811.671875 0.000000 0.664089 0.000000 -0.747654 0.000000 0.000000 0.000000
5829.464844 0.000000 1812.281982 0.000000 0.439532 0.000000 0.898227 0.000000 0.000000 0.000000
5881.910645 0.000000 1855.451050 0.000000 0.493172 0.000000 -0.869932 0.000000 0.000000 0.000000
5842.579102 0.000000 1862.688843 0.000000 0.973467 0.000000 -0.228826 0.000000 0.000000 0.000000
5884.832520 0.000000 1839.821777 0.000000 0.448386 0.000000 0.893840 0.000000 0.000000 0.000000
5885.032715 0.000000 1829.688110 0.000000 0.174511 0.000000 0.984655 0.000000 0.000000 0.000000
5845.934570 0.000000 1862.312012 0.000000 0.364198 0.000000 0.931322 0.000000 0.000000 0.000000
5885.738281 0.000000 1835.749146 0.000000 0.851685 0.000000 -0.524055 0.000000 0.000000 0.000000
5884.013184 0.000000 1822.364746 0.000000 0.996837 0.000000 0.079476 0.000000 0.000000 0.000000
5885.125000 0.000000 1859.979248 0.000000 0.655398 0.000000 -0.755284 0.000000 0.000000 0.000000
5869.942871 0.000000 1829.440918 0.000000 0.095354 0.000000 0.995443 0.000000 0.000000 0.000000
5886.582031 0.000000 1822.367065 0.000000 0.300181 0.000000 0.953882 0.000000 0.000000 0.000000
5887.814453 0.000000 1825.944702 0.000000 0.508474 0.000000 0.861078 0.000000 0.000000 0.000000
5885.251953 0.000000 1814.314575 0.000000 0.359623 0.000000 -0.933098 0.000000 0.000000 0.000000
5887.163574 0.000000 1840.174561 0.000000 0.724512 0.000000 -0.689262 0.000000 0.000000 0.000000
5887.273438 0.000000 1818.891113 0.000000 0.092618 0.000000 -0.995702 1.000000 1.000000 1.000000
5883.305664 0.000000 1857.279053 0.000000 0.730259 0.000000 0.683171 0.000000 0.000000 0.000000
5882.561523 0.000000 1839.259277 0.000000 0.228677 0.000000 -0.973502 0.000000 0.000000 0.000000
5885.252441 0.000000 1817.926392 0.000000 0.416439 0.000000 -0.909164 0.000000 0.000000 0.000000
5848.641113 0.000000 1863.224487 0.000000 0.667667 0.000000 0.744460 0.000000 0.000000 0.000000
5885.382324 0.000000 1837.802368 0.000000 0.936092 0.000000 0.351756 0.000000 0.000000 0.000000
5884.271484 0.000000 1816.013306 0.000000 0.761747 0.000000 -0.647874 0.000000 0.000000 0.000000
5886.970703 0.000000 1830.156006 0.000000 0.750816 0.000000 -0.660512 1.000000 1.000000 1.000000
5886.854492 0.000000 1834.083374 0.000000 0.974016 0.000000 -0.226480 1.000000 1.000000 1.000000
5887.825195 0.000000 1820.752686 0.000000 0.936646 0.000000 -0.350279 1.000000 1.000000 1.000000
5884.180664 0.000000 1841.602539 0.000000 0.056353 0.000000 -0.998411 0.000000 0.000000 0.000000
5884.473145 0.000000 1834.484009 0.000000 0.114226 0.000000 0.993455 0.000000 0.000000 0.000000
5884.312988 0.000000 1831.254883 0.000000 0.892664 0.000000 0.450723 0.000000 0.000000 0.000000
5807.722656 0.000000 1908.304077 0.000000 0.988338 0.000000 0.152277 0.000000 0.000000 0.000000
5808.541992 0.000000 1886.569580 0.000000 0.838024 0.000000 0.545633 0.000000 0.000000 0.000000
5785.621582 0.000000 1911.859253 0.000000 0.951214 0.000000 0.308530 0.000000 0.000000 0.000000
5815.107910 0.000000 1909.185669 0.000000 0.506130 0.000000 0.862457 0.000000 0.000000 0.000000
5766.215332 0.000000 1912.921997 0.000000 0.859894 0.000000 0.510473 0.000000 0.000000 0.000000
5774.953125 0.000000 1917.956055 0.000000 0.025363 0.000000 -0.999678 0.000000 0.000000 0.000000
5786.074219 0.000000 1894.500854 0.000000 0.652298 0.000000 -0.757963 0.000000 0.000000 0.000000
5783.491699 0.000000 1864.615845 0.000000 0.580679 0.000000 -0.814132 0.000000 0.000000 0.000000
5777.256836 0.000000 1898.699219 0.000000 0.930204 0.000000 0.367043 0.000000 0.000000 0.000000
5781.208496 0.000000 1903.863647 0.000000 0.305328 0.000000 0.952247 0.000000 0.000000 0.000000
5776.971680 0.000000 1913.161377 0.000000 0.309983 0.000000 0.950742 0.000000 0.000000 0.000000
5800.763184 0.000000 1879.106567 0.000000 0.212681 0.000000 0.977122 0.000000 0.000000 0.000000
5785.505859 0.000000 1917.756104 0.000000 0.374917 0.000000 0.927059 0.000000 0.000000 0.000000
5789.237305 0.000000 1897.506592 0.000000 0.589506 0.000000 -0.807764 0.000000 0.000000 0.000000
5822.270020 0.000000 1868.415771 0.000000 0.967643 0.000000 0.252324 0.000000 0.000000 0.000000
5822.419434 0.000000 1906.131714 0.000000 0.406514 0.000000 0.913644 0.000000 0.000000 0.000000
5773.506836 0.000000 1899.798828 0.000000 0.999973 0.000000 -0.007364 1.000000 1.000000 1.000000
5796.620605 0.000000 1910.692871 0.000000 0.842949 0.000000 0.537993 0.000000 0.000000 0.000000
5817.910645 0.000000 1911.935425 0.000000 0.784235 0.000000 -0.620464 0.000000 0.000000 0.000000
5798.686523 0.000000 1864.290161 0.000000 0.999770 0.000000 0.021448 1.000000 1.000000 1.000000
5777.939453 0.000000 1905.779907 0.000000 0.995615 0.000000 0.093545 0.000000 0.000000 0.000000
5807.663086 0.000000 1873.996216 0.000000 0.795319 0.000000 -0.606192 0.000000 0.000000 0.000000
5789.530273 0.000000 1891.276733 0.000000 0.466330 0.000000 -0.884611 0.000000 0.000000 0.000000
5800.974609 0.000000 1875.505981 0.000000 0.897192 0.000000 -0.441640 0.000000 0.000000 0.000000
5789.392090 0.000000 1908.657837 0.000000 0.167986 0.000000 0.985789 0.000000 0.000000 0.000000
5801.656250 0.000000 1904.094116 0.000000 0.612636 0.000000 0.790365 0.000000 0.000000 0.000000
5811.634277 0.000000 1906.712280 0.000000 0.789374 0.000000 -0.613913 0.000000 0.000000 0.000000
5798.346680 0.000000 1918.242065 0.000000 0.590672 0.000000 -0.806912 0.000000 0.000000 0.000000
5769.866211 0.000000 1903.056763 0.000000 0.740212 0.000000 0.672373 0.000000 0.000000 0.000000
5821.611816 0.000000 1902.744019 0.000000 0.161623 0.000000 0.986853 0.000000 0.000000 0.000000
5778.230469 0.000000 1902.019897 0.000000 0.792263 0.000000 0.610180 0.000000 0.000000 0.000000
5808.918945 0.000000 1878.970581 0.000000 0.244012 0.000000 0.969772 0.000000 0.000000 0.000000
5771.406250 0.000000 1897.055176 0.000000 0.980777 0.000000 0.195133 0.000000 0.000000 0.000000
5787.595215 0.000000 1914.508057 0.000000 0.893606 0.000000 -0.448852 0.000000 0.000000 0.000000
5782.628418 0.000000 1894.011597 0.000000 0.503620 0.000000 -0.863925 0.000000 0.000000 0.000000
5785.681152 0.000000 1897.761841 0.000000 0.861435 0.000000 0.507867 0.000000 0.000000 0.000000
5812.463867 0.000000 1879.066162 0.000000 0.930998 0.000000 0.365025 0.000000 0.000000 0.000000
5792.449219 0.000000 1889.979736 0.000000 0.247952 0.000000 0.968772 0.000000 0.000000 0.000000
5802.835938 0.000000 1869.990601 0.000000 0.572939 0.000000 -0.819598 1.000000 1.000000 1.000000
5785.661133 0.000000 1867.050537 0.000000 0.194847 0.000000 0.980834 0.000000 0.000000 0.000000
5766.507812 0.000000 1916.075562 0.000000 0.283580 0.000000 0.958949 0.000000 0.000000 0.000000
5820.832520 0.000000 1896.306152 0.000000 0.182618 0.000000 0.983184 0.000000 0.000000 0.000000
5769.278320 0.000000 1914.067993 0.000000 0.883712 0.000000 -0.468031 0.000000 0.000000 0.000000
5777.722656 0.000000 1916.161743 0.000000 0.147439 0.000000 0.989071 0.000000 0.000000 0.000000
5779.991699 0.000000 1897.211914 0.000000 0.925364 0.000000 0.379079 0.000000 0.000000 0.000000
5767.437500 0.000000 1919.027954 0.000000 0.831463 0.000000 -0.555580 0.000000 0.000000 0.000000
5810.798340 0.000000 1900.665527 0.000000 0.781090 0.000000 -0.624419 0.000000 0.000000 0.000000
5796.759766 0.000000 1885.360596 0.000000 0.717721 0.000000 -0.696331 0.000000 0.000000 0.000000
5777.360840 0.000000 1910.144775 0.000000 0.882506 0.000000 0.470301 0.000000 0.000000 0.000000
5788.380371 0.000000 1918.834717 0.000000 0.718373 0.000000 0.695659 0.000000 0.000000 0.000000
5772.083496 0.000000 1909.498291 0.000000 0.202973 0.000000 -0.979184 0.000000 0.000000 0.000000
5795.200195 0.000000 1876.781372 0.000000 0.169123 0.000000 -0.985595 0.000000 0.000000 0.000000
5796.575195 0.000000 1866.373413 0.000000 0.953540 0.000000 -0.301268 1.000000 1.000000 1.000000
5785.706543 0.000000 1877.623779 0.000000 0.467403 0.000000 0.884044 1.000000 1.000000 1.000000
5774.979980 0.000000 1888.824585 0.000000 0.591089 0.000000 0.806607 0.000000 0.000000 0.000000
5781.235840 0.000000 1883.845459 0.000000 0.973653 0.000000 -0.228035 1.000000 1.000000 1.000000
5780.832520 0.000000 1876.563965 0.000000 0.226580 0.000000 0.973993 0.000000 0.000000 0.000000
5799.299805 0.000000 1910.363770 0.000000 0.949558 0.000000 0.313590 0.000000 0.000000 0.000000
5807.447754 0.000000 1876.670044 0.000000 0.980594 0.000000 0.196050 0.000000 0.000000 0.000000
5782.782715 0.000000 1871.287720 0.000000 0.472705 0.000000 0.881221 0.000000 0.000000 0.000000
5799.591309 0.000000 1905.820435 0.000000 0.994124 0.000000 0.108246 0.000000 0.000000 0.000000
5780.984863 0.000000 1901.182373 0.000000 0.603909 0.000000 -0.797053 0.000000 0.000000 0.000000
5783.068359 0.000000 1868.495483 0.000000 0.951728 0.000000 -0.306942 0.000000 0.000000 0.000000
5783.408203 0.000000 1875.822510 0.000000 0.865224 0.000000 0.501386 0.000000 0.000000 0.000000
5772.721191 0.000000 1902.309204 0.000000 0.854714 0.000000 -0.519100 1.000000 1.000000 1.000000
5816.473633 0.000000 1872.115112 0.000000 0.871944 0.000000 -0.489605 0.000000 0.000000 0.000000
5819.000977 0.000000 1901.785400 0.000000 0.577229 0.000000 0.816582 0.000000 0.000000 0.000000
5772.375000 0.000000 1918.652222 0.000000 0.237787 0.000000 0.971317 0.000000 0.000000 0.000000
5798.824707 0.000000 1869.222290 0.000000 0.860969 0.000000 0.508658 0.000000 0.000000 0.000000
5777.436523 0.000000 1887.853394 0.000000 0.998152 0.000000 -0.060774 0.000000 0.000000 0.000000
5813.428223 0.000000 1881.825562 0.000000 0.104824 0.000000 0.994491 0.000000 0.000000 0.000000
5782.077637 0.000000 1881.159058 0.000000 0.866589 0.000000 0.499022 0.000000 0.000000 0.000000
5803.601562 0.000000 1916.884399 0.000000 0.942895 0.000000 0.333089 0.000000 0.000000 0.000000
5803.690430 0.000000 1867.548340 0.000000 0.938462 0.000000 0.345382 1.000000 1.000000 1.000000
5770.235840 0.000000 1907.668579 0.000000 0.858330 0.000000 -0.513099 0.000000 0.000000 0.000000
5775.870117 0.000000 1900.807251 0.000000 0.805916 0.000000 0.592031 1.000000 1.000000 1.000000
5783.339844 0.000000 1896.391846 0.000000 0.610498 0.000000 0.792018 0.000000 0.000000 0.000000
5779.362793 0.000000 1891.972168 0.000000 0.864365 0.000000 0.502864 0.000000 0.000000 0.000000
5773.872070 0.000000 1892.386841 0.000000 0.988611 0.000000 -0.150495 0.000000 0.000000 0.000000
5807.339355 0.000000 1864.230347 0.000000 0.069743 0.000000 0.997565 0.000000 0.000000 0.000000
5787.190918 0.000000 1892.293823 0.000000 0.559623 0.000000 -0.828747 0.000000 0.000000 0.000000
5791.328613 0.000000 1914.306274 0.000000 0.670479 0.000000 -0.741928 0.000000 0.000000 0.000000
5823.509766 0.000000 1901.202881 0.000000 0.810980 0.000000 0.585073 0.000000 0.000000 0.000000
5803.095215 0.000000 1878.302979 0.000000 0.990356 0.000000 0.138545 0.000000 0.000000 0.000000
5783.935547 0.000000 1901.039551 0.000000 0.966071 0.000000 0.258278 0.000000 0.000000 0.000000
5784.077637 0.000000 1873.380859 0.000000 0.188710 0.000000 0.982033 1.000000 1.000000 1.000000
5793.365723 0.000000 1874.159180 0.000000 0.619224 0.000000 0.785214 0.000000 0.000000 0.000000
5806.782227 0.000000 1906.048462 0.000000 0.999613 0.000000 -0.027829 0.000000 0.000000 0.000000
5820.008301 0.000000 1906.261597 0.000000 0.965716 0.000000 -0.259601 0.000000 0.000000 0.000000
5801.650879 0.000000 1873.271118 0.000000 0.931012 0.000000 0.364989 0.000000 0.000000 0.000000
5796.952637 0.000000 1904.461304 0.000000 0.173913 0.000000 -0.984761 0.000000 0.000000 0.000000
5788.838379 0.000000 1889.051758 0.000000 0.962497 0.000000 0.271293 0.000000 0.000000 0.000000
5786.165527 0.000000 1872.242188 0.000000 0.292366 0.000000 -0.956307 1.000000 1.000000 1.000000
5809.314941 0.000000 1906.682617 0.000000 0.003470 0.000000 0.999994 0.000000 0.000000 0.000000
5814.255859 0.000000 1872.744385 0.000000 0.274088 0.000000 -0.961704 0.000000 0.000000 0.000000
5783.105957 0.000000 1885.221069 0.000000 0.732282 0.000000 -0.681002 1.000000 1.000000 1.000000
5771.263184 0.000000 1900.546753 0.000000 0.211435 0.000000 -0.977392 0.000000 0.000000 0.000000
5799.465820 0.000000 1873.870117 0.000000 0.358956 0.000000 -0.933355 0.000000 0.000000 0.000000
5787.443848 0.000000 1896.249390 0.000000 0.044155 0.000000 0.999025 0.000000 0.000000 0.000000
5787.673340 0.000000 1916.757690 0.000000 0.999306 0.000000 -0.037245 0.000000 0.000000 0.000000
5807.085449 0.000000 1902.812500 0.000000 0.968240 0.000000 0.250022 0.000000 0.000000 0.000000
5768.237305 0.000000 1912.010986 0.000000 0.392834 0.000000 -0.919609 0.000000 0.000000 0.000000
5798.962402 0.000000 1908.164307 0.000000 0.753182 0.000000 -0.657812 0.000000 0.000000 0.000000
5823.374512 0.000000 1904.079834 0.000000 0.075508 0.000000 0.997145 0.000000 0.000000 0.000000
5798.792969 0.000000 1866.796387 0.000000 0.984203 0.000000 0.177044 1.000000 1.000000 1.000000
5793.049316 0.000000 1865.234619 0.000000 0.972499 0.000000 -0.232908 0.000000 0.000000 0.000000
5794.508301 0.000000 1910.550049 0.000000 0.229312 0.000000 0.973353 0.000000 0.000000 0.000000
5799.778320 0.000000 1919.819336 0.000000 0.496404 0.000000 -0.868092 0.000000 0.000000 0.000000
5796.342285 0.000000 1919.653076 0.000000 0.732589 0.000000 -0.680671 0.000000 0.000000 0.000000
5802.281250 0.000000 1906.196167 0.000000 0.985394 0.000000 0.170287 0.000000 0.000000 0.000000
5787.966309 0.000000 1873.597534 0.000000 0.979561 0.000000 -0.201146 1.000000 1.000000 1.000000
5807.135742 0.000000 1880.040527 0.000000 0.458348 0.000000 0.888773 0.000000 0.000000 0.000000
5790.716309 0.000000 1910.222412 0.000000 0.940262 0.000000 0.340452 0.000000 0.000000 0.000000
5788.979980 0.000000 1879.263550 0.000000 0.534837 0.000000 -0.844955 0.000000 0.000000 0.000000
5781.422363 0.000000 1888.339233 0.000000 0.997865 0.000000 0.065304 1.000000 1.000000 1.000000
5778.979980 0.000000 1903.998169 0.000000 0.024055 0.000000 -0.999711 0.000000 0.000000 0.000000
5800.389160 0.000000 1917.614746 0.000000 0.066270 0.000000 0.997802 0.000000 0.000000 0.000000
5810.750488 0.000000 1904.537598 0.000000 0.031076 0.000000 -0.999517 0.000000 0.000000 0.000000
5794.934570 0.000000 1867.553589 0.000000 0.070222 0.000000 0.997531 0.000000 0.000000 0.000000
5810.216309 0.000000 1908.529175 0.000000 0.315498 0.000000 0.948926 0.000000 0.000000 0.000000
5817.129395 0.000000 1902.802979 0.000000 0.714804 0.000000 0.699325 0.000000 0.000000 0.000000
5775.590332 0.000000 1916.080811 0.000000 0.496788 0.000000 -0.867872 0.000000 0.000000 0.000000
5806.245605 0.000000 1883.906860 0.000000 0.361163 0.000000 -0.932503 0.000000 0.000000 0.000000
5795.217285 0.000000 1874.822876 0.000000 0.854492 0.000000 0.519465 1.000000 1.000000 1.000000
5800.756348 0.000000 1869.450928 0.000000 0.999623 0.000000 0.027450 1.000000 1.000000 1.000000
5805.587891 0.000000 1871.756592 0.000000 0.921846 0.000000 0.387555 0.000000 0.000000 0.000000
5789.096680 0.000000 1864.380615 0.000000 0.730178 0.000000 0.683257 1.000000 1.000000 1.000000
5790.725586 0.000000 1867.576904 0.000000 0.482271 0.000000 0.876022 0.000000 0.000000 0.000000
5820.454590 0.000000 1904.323486 0.000000 0.688552 0.000000 -0.725187 0.000000 0.000000 0.000000
5820.771484 0.000000 1901.068481 0.000000 0.208939 0.000000 -0.977929 0.000000 0.000000 0.000000
5815.893555 0.000000 1907.489136 0.000000 0.997026 0.000000 0.077064 0.000000 0.000000 0.000000
5771.557617 0.000000 1903.932129 0.000000 0.279108 0.000000 0.960260 0.000000 0.000000 0.000000
5799.260742 0.000000 1885.588379 0.000000 0.686338 0.000000 -0.727283 0.000000 0.000000 0.000000
5802.257812 0.000000 1866.246826 0.000000 0.999166 0.000000 -0.040829 1.000000 1.000000 1.000000
5787.504395 0.000000 1877.962769 0.000000 0.997114 0.000000 0.075915 1.000000 1.000000 1.000000
5785.304688 0.000000 1864.978027 0.000000 0.043788 0.000000 0.999041 0.000000 0.000000 0.000000
5804.016602 0.000000 1865.733032 0.000000 0.498355 0.000000 -0.866973 0.000000 0.000000 0.000000
5790.609375 0.000000 1889.646973 0.000000 0.073779 0.000000 -0.997275 0.000000 0.000000 0.000000
5820.180664 0.000000 1898.086914 0.000000 0.212708 0.000000 -0.977116 0.000000 0.000000 0.000000
5781.452637 0.000000 1885.967285 0.000000 0.878521 0.000000 -0.477704 1.000000 1.000000 1.000000
5787.120117 0.000000 1865.932983 0.000000 0.601175 0.000000 0.799118 1.000000 1.000000 1.000000
5787.849121 0.000000 1890.589966 0.000000 0.585896 0.000000 0.810386 0.000000 0.000000 0.000000
5773.340332 0.000000 1904.211182 0.000000 0.750383 0.000000 -0.661003 0.000000 0.000000 0.000000
5784.422363 0.000000 1893.684570 0.000000 0.629143 0.000000 -0.777290 0.000000 0.000000 0.000000
5810.999023 0.000000 1871.327148 0.000000 0.752950 0.000000 -0.658078 0.000000 0.000000 0.000000
5797.372070 0.000000 1868.048950 0.000000 0.998588 0.000000 0.053123 0.000000 0.000000 0.000000
5799.039551 0.000000 1904.145996 0.000000 0.817340 0.000000 -0.576156 0.000000 0.000000 0.000000
5790.021484 0.000000 1872.251343 0.000000 0.907942 0.000000 0.419095 1.000000 1.000000 1.000000
5772.773926 0.000000 1898.168457 0.000000 0.306887 0.000000 0.951746 1.000000 1.000000 1.000000
5805.431152 0.000000 1868.036011 0.000000 0.838121 0.000000 0.545484 1.000000 1.000000 1.000000
5787.877441 0.000000 1875.475220 0.000000 0.045909 0.000000 0.998946 1.000000 1.000000 1.000000
5808.748535 0.000000 1865.396729 0.000000 0.129591 0.000000 0.991567 0.000000 0.000000 0.000000
5801.963379 0.000000 1871.513672 0.000000 0.931015 0.000000 -0.364981 1.000000 1.000000 1.000000
5767.784180 0.000000 1917.300781 0.000000 0.418121 0.000000 0.908391 0.000000 0.000000 0.000000
5776.985352 0.000000 1886.160156 0.000000 0.132885 0.000000 -0.991132 0.000000 0.000000 0.000000
5791.632324 0.000000 1874.653198 0.000000 0.032178 0.000000 0.999482 0.000000 0.000000 0.000000
5774.389648 0.000000 1901.768799 0.000000 0.676992 0.000000 -0.735990 1.000000 1.000000 1.000000
5794.937012 0.000000 1865.769043 0.000000 0.483729 0.000000 -0.875218 0.000000 0.000000 0.000000
5796.990723 0.000000 1864.669922 0.000000 0.994500 0.000000 -0.104739 1.000000 1.000000 1.000000
5773.317383 0.000000 1917.211670 0.000000 0.419345 0.000000 0.907827 0.000000 0.000000 0.000000
5768.564453 0.000000 1915.715454 0.000000 0.576714 0.000000 -0.816946 0.000000 0.000000 0.000000
5777.688477 0.000000 1892.211182 0.000000 0.944225 0.000000 0.329300 0.000000 0.000000 0.000000
5836.978516 0.000000 1864.720337 0.000000 0.990572 0.000000 -0.136996 0.000000 0.000000 0.000000
5839.130859 0.000000 1903.356201 0.000000 0.783422 0.000000 0.621490 0.000000 0.000000 0.000000
5842.283691 0.000000 1865.117065 0.000000 0.934569 0.000000 -0.355781 0.000000 0.000000 0.000000
5869.311035 0.000000 1898.334229 0.000000 0.970945 0.000000 -0.239304 0.000000 0.000000 0.000000
5878.381836 0.000000 1893.312012 0.000000 0.384323 0.000000 -0.923199 1.000000 1.000000 1.000000
5877.013672 0.000000 1898.630737 0.000000 0.033671 0.000000 0.999433 0.000000 0.000000 0.000000
5871.868652 0.000000 1912.395386 0.000000 0.864480 0.000000 -0.502667 0.000000 0.000000 0.000000
5881.910645 0.000000 1911.935425 0.000000 0.694381 0.000000 -0.719608 0.000000 0.000000 0.000000
5842.579102 0.000000 1919.173218 0.000000 0.950982 0.000000 -0.309245 0.000000 0.000000 0.000000
5879.062500 0.000000 1915.001831 0.000000 0.995482 0.000000 -0.094953 0.000000 0.000000 0.000000
5869.386719 0.000000 1918.691406 0.000000 0.062397 0.000000 0.998051 0.000000 0.000000 0.000000
5830.724121 0.000000 1897.491821 0.000000 0.999893 0.000000 0.014595 0.000000 0.000000 0.000000
5872.580566 0.000000 1894.425171 0.000000 0.799727 0.000000 -0.600363 0.000000 0.000000 0.000000
5883.100586 0.000000 1874.077148 0.000000 0.529676 0.000000 0.848200 0.000000 0.000000 0.000000
5841.722656 0.000000 1916.161743 0.000000 0.869205 0.000000 0.494453 0.000000 0.000000 0.000000
5832.667480 0.000000 1868.763550 0.000000 0.692601 0.000000 0.721321 0.000000 0.000000 0.000000
5849.916992 0.000000 1908.750610 0.000000 0.984649 0.000000 -0.174544 0.000000 0.000000 0.000000
5827.820801 0.000000 1877.789795 0.000000 0.927029 0.000000 -0.374989 0.000000 0.000000 0.000000
5825.451660 0.000000 1873.376831 0.000000 0.225738 0.000000 -0.974188 0.000000 0.000000 0.000000
5826.822754 0.000000 1897.952515 0.000000 0.499866 0.000000 -0.866103 0.000000 0.000000 0.000000
5868.051758 0.000000 1896.078735 0.000000 0.790673 0.000000 0.612239 0.000000 0.000000 0.000000
5877.633789 0.000000 1901.041626 0.000000 0.974730 0.000000 0.223387 0.000000 0.000000 0.000000
5844.805176 0.000000 1864.051880 0.000000 0.020315 0.000000 0.999794 0.000000 0.000000 0.000000
5870.693848 0.000000 1896.042969 0.000000 0.862535 0.000000 0.505997 1.000000 1.000000 1.000000
5887.697754 0.000000 1908.708496 0.000000 0.374994 0.000000 0.927027 0.000000 0.000000 0.000000
5880.742188 0.000000 1893.878296 0.000000 0.308063 0.000000 -0.951366 0.000000 0.000000 0.000000
5870.782227 0.000000 1906.048462 0.000000 0.672763 0.000000 0.739858 0.000000 0.000000 0.000000
5884.008301 0.000000 1906.261597 0.000000 0.775828 0.000000 -0.630945 0.000000 0.000000 0.000000
5887.273438 0.000000 1875.375488 0.000000 0.880338 0.000000 0.474347 0.000000 0.000000 0.000000
5879.405273 0.000000 1898.837524 0.000000 0.415986 0.000000 0.909371 0.000000 0.000000 0.000000
5870.671387 0.000000 1910.438843 0.000000 0.058729 0.000000 -0.998274 0.000000 0.000000 0.000000
5873.314941 0.000000 1906.682617 0.000000 0.999973 0.000000 -0.007358 1.000000 1.000000 1.000000
5880.096680 0.000000 1891.628296 0.000000 0.997558 0.000000 0.069841 0.000000 0.000000 0.000000
5882.561523 0.000000 1895.743652 0.000000 0.999204 0.000000 -0.039898 0.000000 0.000000 0.000000
5881.190430 0.000000 1906.091187 0.000000 0.722533 0.000000 0.691336 0.000000 0.000000 0.000000
5879.867676 0.000000 1911.216064 0.000000 0.877999 0.000000 0.478662 1.000000 1.000000 1.000000
5885.252441 0.000000 1874.410767 0.000000 0.425341 0.000000 0.905033 0.000000 0.000000 0.000000
5869.814941 0.000000 1900.530518 0.000000 0.819885 0.000000 0.572528 0.000000 0.000000 0.000000
5825.654297 0.000000 1878.342529 0.000000 0.973995 0.000000 0.226568 0.000000 0.000000 0.000000
5876.316895 0.000000 1893.110229 0.000000 0.342300 0.000000 0.939591 0.000000 0.000000 0.000000
5832.722168 0.000000 1896.503418 0.000000 0.132395 0.000000 -0.991197 0.000000 0.000000 0.000000
5874.750488 0.000000 1904.537598 0.000000 0.858334 0.000000 -0.513092 0.000000 0.000000 0.000000
5877.007812 0.000000 1905.134766 0.000000 0.853012 0.000000 0.521892 0.000000 0.000000 0.000000
5885.282227 0.000000 1907.939575 0.000000 0.519488 0.000000 0.854478 0.000000 0.000000 0.000000
5828.035156 0.000000 1870.204102 0.000000 0.947948 0.000000 -0.318426 0.000000 0.000000 0.000000
5847.416992 0.000000 1911.917114 0.000000 0.088638 0.000000 -0.996064 0.000000 0.000000 0.000000
5886.854492 0.000000 1890.567749 0.000000 0.813905 0.000000 0.580998 0.000000 0.000000 0.000000
5828.789062 0.000000 1897.841309 0.000000 0.137240 0.000000 -0.990538 0.000000 0.000000 0.000000
5875.318359 0.000000 1897.625854 0.000000 0.540985 0.000000 -0.841032 0.000000 0.000000 0.000000
5879.432129 0.000000 1913.068115 0.000000 0.699947 0.000000 -0.714194 1.000000 1.000000 1.000000
5874.395020 0.000000 1894.000977 0.000000 0.993126 0.000000 0.117046 0.000000 0.000000 0.000000
5884.771484 0.000000 1901.068481 0.000000 0.679717 0.000000 -0.733475 1.000000 1.000000 1.000000
5884.180664 0.000000 1898.086914 0.000000 0.619036 0.000000 -0.785362 0.000000 0.000000 0.000000
5882.250000 0.000000 1897.476318 0.000000 0.999790 0.000000 0.020498 1.000000 1.000000 1.000000
5679.868652 0.000000 2025.364136 0.000000 0.616460 0.000000 0.787386 0.000000 0.000000 0.000000
5673.322754 0.000000 2025.228760 0.000000 0.984489 0.000000 0.175444 0.000000 0.000000 0.000000
5675.596680 0.000000 2025.494629 0.000000 0.328448 0.000000 -0.944522 0.000000 0.000000 0.000000
5706.351562 0.000000 1997.832031 0.000000 0.262419 0.000000 -0.964954 0.000000 0.000000 0.000000
5715.771973 0.000000 1999.578613 0.000000 0.447211 0.000000 -0.894429 0.000000 0.000000 0.000000
5721.916992 0.000000 2021.719360 0.000000 0.662267 0.000000 -0.749268 0.000000 0.000000 0.000000
5709.099609 0.000000 1996.729736 0.000000 0.999690 0.000000 -0.024894 0.000000 0.000000 0.000000
5712.186523 0.000000 1996.104370 0.000000 0.969526 0.000000 -0.244990 0.000000 0.000000 0.000000
5716.984863 0.000000 2014.151123 0.000000 0.972646 0.000000 -0.232293 0.000000 0.000000 0.000000
5707.442871 0.000000 1994.761719 0.000000 0.971218 0.000000 -0.238192 0.000000 0.000000 0.000000
5723.698730 0.000000 2023.452515 0.000000 0.396906 0.000000 -0.917859 0.000000 0.000000 0.000000
5701.729492 0.000000 2018.981934 0.000000 0.543539 0.000000 -0.839384 0.000000 0.000000 0.000000
5716.821777 0.000000 2008.064087 0.000000 0.995885 0.000000 -0.090627 0.000000 0.000000 0.000000
5717.422363 0.000000 2001.307983 0.000000 0.887401 0.000000 0.460998 0.000000 0.000000 0.000000
5723.739258 0.000000 2020.576538 0.000000 0.778900 0.000000 -0.627148 1.000000 1.000000 1.000000
5701.351074 0.000000 2015.079102 0.000000 0.313812 0.000000 0.949485 0.000000 0.000000 0.000000
5800.832520 0.000000 1923.969849 0.000000 0.717232 0.000000 0.696834 0.000000 0.000000 0.000000
5774.007324 0.000000 1951.359009 0.000000 0.516811 0.000000 0.856100 0.000000 0.000000 0.000000
5811.456055 0.000000 1970.756958 0.000000 0.878027 0.000000 -0.478611 0.000000 0.000000 0.000000
5801.385742 0.000000 1953.386841 0.000000 0.826776 0.000000 -0.562531 0.000000 0.000000 0.000000
5795.765137 0.000000 1946.316040 0.000000 0.344763 0.000000 -0.938690 0.000000 0.000000 0.000000
5783.491699 0.000000 1921.100220 0.000000 0.763130 0.000000 -0.646244 0.000000 0.000000 0.000000
5769.641113 0.000000 1973.656616 0.000000 0.832227 0.000000 -0.554435 0.000000 0.000000 0.000000
5771.929688 0.000000 1932.474609 0.000000 0.176393 0.000000 -0.984320 0.000000 0.000000 0.000000
5766.330566 0.000000 1932.565552 0.000000 0.176265 0.000000 0.984343 0.000000 0.000000 0.000000
5779.007324 0.000000 1938.547119 0.000000 0.997915 0.000000 0.064543 0.000000 0.000000 0.000000
5782.937012 0.000000 1934.896118 0.000000 0.955245 0.000000 -0.295817 0.000000 0.000000 0.000000
5778.817383 0.000000 1950.912598 0.000000 0.080416 0.000000 0.996761 0.000000 0.000000 0.000000
5781.668945 0.000000 1930.257690 0.000000 0.032133 0.000000 -0.999484 0.000000 0.000000 0.000000
5787.131348 0.000000 1936.589966 0.000000 0.995819 0.000000 0.091353 0.000000 0.000000 0.000000
5764.047852 0.000000 1928.818848 0.000000 0.815305 0.000000 -0.579031 0.000000 0.000000 0.000000
5811.213867 0.000000 1966.725952 0.000000 0.466851 0.000000 -0.884336 0.000000 0.000000 0.000000
5771.941895 0.000000 1962.272827 0.000000 0.995863 0.000000 -0.090862 1.000000 1.000000 1.000000
5811.863281 0.000000 1944.841431 0.000000 0.645580 0.000000 -0.763693 0.000000 0.000000 0.000000
5807.663086 0.000000 1930.480591 0.000000 0.418671 0.000000 0.908138 0.000000 0.000000 0.000000
5764.957520 0.000000 1960.315796 0.000000 0.913749 0.000000 -0.406280 0.000000 0.000000 0.000000
5778.190430 0.000000 1929.990967 0.000000 0.791064 0.000000 0.611734 0.000000 0.000000 0.000000
5789.392090 0.000000 1965.142212 0.000000 0.398746 0.000000 0.917061 0.000000 0.000000 0.000000
5798.346680 0.000000 1974.726440 0.000000 0.872013 0.000000 0.489482 0.000000 0.000000 0.000000
5788.431641 0.000000 1927.976562 0.000000 0.909609 0.000000 -0.415466 0.000000 0.000000 0.000000
5778.230469 0.000000 1958.504272 0.000000 0.024839 0.000000 -0.999691 0.000000 0.000000 0.000000
5771.406250 0.000000 1953.539551 0.000000 0.884202 0.000000 -0.467104 0.000000 0.000000 0.000000
5775.197266 0.000000 1932.101562 0.000000 0.294884 0.000000 0.955533 0.000000 0.000000 0.000000
5801.967773 0.000000 1950.286621 0.000000 0.214324 0.000000 -0.976763 0.000000 0.000000 0.000000
5764.948730 0.000000 1920.583862 0.000000 0.997425 0.000000 -0.071716 0.000000 0.000000 0.000000
5769.278320 0.000000 1970.552368 0.000000 0.818388 0.000000 0.574666 0.000000 0.000000 0.000000
5768.667480 0.000000 1925.247925 0.000000 0.884154 0.000000 -0.467196 0.000000 0.000000 0.000000
5769.084961 0.000000 1931.286621 0.000000 0.058284 0.000000 -0.998300 0.000000 0.000000 0.000000
5785.916992 0.000000 1965.234985 0.000000 0.716986 0.000000 -0.697088 0.000000 0.000000 0.000000
5772.526855 0.000000 1943.514526 0.000000 0.199636 0.000000 -0.979870 0.000000 0.000000 0.000000
5811.016113 0.000000 1941.319824 0.000000 0.270946 0.000000 0.962595 0.000000 0.000000 0.000000
5779.991699 0.000000 1953.696289 0.000000 0.806466 0.000000 0.591281 0.000000 0.000000 0.000000
5770.072266 0.000000 1976.640747 0.000000 0.228357 0.000000 0.973577 0.000000 0.000000 0.000000
5772.112305 0.000000 1935.375488 0.000000 0.997700 0.000000 -0.067785 0.000000 0.000000 0.000000
5763.820801 0.000000 1934.274170 0.000000 0.211546 0.000000 0.977368 0.000000 0.000000 0.000000
5790.961914 0.000000 1921.430054 0.000000 0.089119 0.000000 0.996021 0.000000 0.000000 0.000000
5780.094727 0.000000 1935.869629 0.000000 0.170510 0.000000 -0.985356 0.000000 0.000000 0.000000
5774.604980 0.000000 1968.045776 0.000000 0.062956 0.000000 -0.998016 0.000000 0.000000 0.000000
5784.795410 0.000000 1948.380981 0.000000 0.883558 0.000000 -0.468321 0.000000 0.000000 0.000000
5788.947754 0.000000 1950.540527 0.000000 0.595941 0.000000 0.803028 0.000000 0.000000 0.000000
5776.186523 0.000000 1939.619995 0.000000 0.737948 0.000000 0.674858 0.000000 0.000000 0.000000
5798.469727 0.000000 1947.062744 0.000000 0.545451 0.000000 0.838143 0.000000 0.000000 0.000000
5780.832520 0.000000 1933.048340 0.000000 0.505651 0.000000 0.862738 0.000000 0.000000 0.000000
5770.564941 0.000000 1923.017700 0.000000 0.870616 0.000000 0.491963 0.000000 0.000000 0.000000
5768.614258 0.000000 1933.997559 0.000000 0.546420 0.000000 0.837511 0.000000 0.000000 0.000000
5780.984863 0.000000 1957.666748 0.000000 0.971119 0.000000 -0.238596 0.000000 0.000000 0.000000
5775.671387 0.000000 1921.997803 0.000000 0.088517 0.000000 -0.996075 0.000000 0.000000 0.000000
5767.408691 0.000000 1938.306274 0.000000 0.047330 0.000000 0.998879 0.000000 0.000000 0.000000
5798.824707 0.000000 1925.706665 0.000000 0.998801 0.000000 0.048965 0.000000 0.000000 0.000000
5776.716797 0.000000 1952.566528 0.000000 0.739394 0.000000 0.673273 0.000000 0.000000 0.000000
5770.329590 0.000000 1945.173340 0.000000 0.999572 0.000000 -0.029251 0.000000 0.000000 0.000000
5793.910645 0.000000 1962.791626 0.000000 0.687472 0.000000 -0.726211 0.000000 0.000000 0.000000
5782.077637 0.000000 1937.643433 0.000000 0.685828 0.000000 -0.727764 0.000000 0.000000 0.000000
5763.913086 0.000000 1931.405273 0.000000 0.622176 0.000000 0.782878 0.000000 0.000000 0.000000
5823.976562 0.000000 1971.084106 0.000000 0.952748 0.000000 0.303763 0.000000 0.000000 0.000000
5809.394043 0.000000 1945.798462 0.000000 0.956670 0.000000 0.291174 0.000000 0.000000 0.000000
5821.638184 0.000000 1940.192017 0.000000 0.865304 0.000000 -0.501248 0.000000 0.000000 0.000000
5768.173828 0.000000 1942.735107 0.000000 0.908757 0.000000 0.417326 0.000000 0.000000 0.000000
5771.442871 0.000000 1938.277344 0.000000 0.985902 0.000000 -0.167323 0.000000 0.000000 0.000000
5770.235840 0.000000 1964.152954 0.000000 0.998434 0.000000 -0.055938 0.000000 0.000000 0.000000
5764.384766 0.000000 1971.241455 0.000000 0.899258 0.000000 0.437418 0.000000 0.000000 0.000000
5762.311035 0.000000 1957.079834 0.000000 0.816437 0.000000 0.577435 0.000000 0.000000 0.000000
5784.535645 0.000000 1936.823730 0.000000 0.891120 0.000000 0.453768 0.000000 0.000000 0.000000
5783.339844 0.000000 1952.876221 0.000000 0.989787 0.000000 -0.142556 0.000000 0.000000 0.000000
5822.390625 0.000000 1976.229248 0.000000 0.471936 0.000000 -0.881633 0.000000 0.000000 0.000000
5787.678223 0.000000 1925.482910 0.000000 0.508645 0.000000 -0.860976 0.000000 0.000000 0.000000
5762.552734 0.000000 1976.544922 0.000000 0.242004 0.000000 0.970275 0.000000 0.000000 0.000000
5787.190918 0.000000 1948.778198 0.000000 0.757783 0.000000 -0.652506 0.000000 0.000000 0.000000
5783.935547 0.000000 1957.523926 0.000000 0.992288 0.000000 0.123952 0.000000 0.000000 0.000000
5767.143066 0.000000 1947.853271 0.000000 0.705947 0.000000 0.708265 0.000000 0.000000 0.000000
5774.401855 0.000000 1962.164551 0.000000 0.685248 0.000000 0.728310 1.000000 1.000000 1.000000
5762.944824 0.000000 1937.864746 0.000000 0.822994 0.000000 -0.568051 0.000000 0.000000 0.000000
5773.612305 0.000000 1923.597412 0.000000 0.192301 0.000000 0.981336 0.000000 0.000000 0.000000
5808.587891 0.000000 1940.722046 0.000000 0.715604 0.000000 0.698507 0.000000 0.000000 0.000000
5766.070312 0.000000 1927.508667 0.000000 0.851230 0.000000 0.524793 0.000000 0.000000 0.000000
5789.291016 0.000000 1962.811279 0.000000 0.053995 0.000000 0.998541 0.000000 0.000000 0.000000
5762.627930 0.000000 1949.175903 0.000000 0.206252 0.000000 0.978499 0.000000 0.000000 0.000000
5764.756836 0.000000 1939.261963 0.000000 0.445003 0.000000 0.895529 0.000000 0.000000 0.000000
5791.330566 0.000000 1952.889893 0.000000 0.359018 0.000000 0.933331 0.000000 0.000000 0.000000
5787.203125 0.000000 1959.786499 0.000000 0.983168 0.000000 -0.182706 0.000000 0.000000 0.000000
5762.269043 0.000000 1973.902588 0.000000 0.334024 0.000000 0.942565 0.000000 0.000000 0.000000
5762.026855 0.000000 1969.094971 0.000000 0.569827 0.000000 0.821765 0.000000 0.000000 0.000000
5791.373535 0.000000 1963.901855 0.000000 0.633521 0.000000 -0.773725 0.000000 0.000000 0.000000
5765.729492 0.000000 1962.497559 0.000000 0.516820 0.000000 0.856094 1.000000 1.000000 1.000000
5764.248535 0.000000 1941.768677 0.000000 0.994709 0.000000 -0.102737 0.000000 0.000000 0.000000
5779.576660 0.000000 1955.920410 0.000000 0.782153 0.000000 0.623086 0.000000 0.000000 0.000000
5771.263184 0.000000 1957.031128 0.000000 0.964555 0.000000 0.263881 0.000000 0.000000 0.000000
5787.443848 0.000000 1952.733765 0.000000 0.323895 0.000000 -0.946093 0.000000 0.000000 0.000000
5768.237305 0.000000 1968.495361 0.000000 0.281108 0.000000 0.959676 0.000000 0.000000 0.000000
5770.166504 0.000000 1926.982422 0.000000 0.415472 0.000000 -0.909606 0.000000 0.000000 0.000000
5762.069824 0.000000 1945.290405 0.000000 0.977720 0.000000 0.209913 0.000000 0.000000 0.000000
5760.712402 0.000000 1938.689697 0.000000 0.848830 0.000000 0.528667 0.000000 0.000000 0.000000
5769.322266 0.000000 1939.436401 0.000000 0.726702 0.000000 -0.686953 0.000000 0.000000 0.000000
5800.179688 0.000000 1948.653442 0.000000 0.999872 0.000000 -0.015991 1.000000 1.000000 1.000000
5799.778320 0.000000 1976.303711 0.000000 0.908149 0.000000 -0.418648 0.000000 0.000000 0.000000
5763.385254 0.000000 1958.903198 0.000000 0.184473 0.000000 -0.982837 0.000000 0.000000 0.000000
5766.997070 0.000000 1960.725708 0.000000 0.391929 0.000000 -0.919996 1.000000 1.000000 1.000000
5773.139648 0.000000 1964.013428 0.000000 0.727404 0.000000 0.686209 0.000000 0.000000 0.000000
5784.887695 0.000000 1962.068970 0.000000 0.535340 0.000000 0.844637 0.000000 0.000000 0.000000
5769.808105 0.000000 1961.635864 0.000000 0.696103 0.000000 -0.717942 1.000000 1.000000 1.000000
5800.199219 0.000000 1951.314697 0.000000 0.781606 0.000000 -0.623772 0.000000 0.000000 0.000000
5763.099121 0.000000 1947.170410 0.000000 0.435011 0.000000 0.900425 0.000000 0.000000 0.000000
5803.311523 0.000000 1945.616577 0.000000 0.169132 0.000000 0.985593 0.000000 0.000000 0.000000
5764.035156 0.000000 1926.688477 0.000000 0.658461 0.000000 0.752615 0.000000 0.000000 0.000000
5770.234863 0.000000 1967.914673 0.000000 0.373705 0.000000 0.927548 0.000000 0.000000 0.000000
5810.709961 0.000000 1934.558594 0.000000 0.978373 0.000000 -0.206849 0.000000 0.000000 0.000000
5787.739258 0.000000 1964.092163 0.000000 0.792374 0.000000 -0.610035 0.000000 0.000000 0.000000
5764.166992 0.000000 1969.233276 0.000000 0.090757 0.000000 -0.995873 0.000000 0.000000 0.000000
5803.960938 0.000000 1942.571045 0.000000 0.349348 0.000000 0.936993 0.000000 0.000000 0.000000
5760.597656 0.000000 1940.936035 0.000000 0.230865 0.000000 0.972986 0.000000 0.000000 0.000000
5777.033691 0.000000 1960.429565 0.000000 0.822498 0.000000 -0.568767 1.000000 1.000000 1.000000
5768.076660 0.000000 1964.522095 0.000000 0.977061 0.000000 -0.212959 0.000000 0.000000 0.000000
5766.936035 0.000000 1924.044556 0.000000 0.529990 0.000000 0.848004 0.000000 0.000000 0.000000
5775.799805 0.000000 1963.532593 0.000000 0.587072 0.000000 -0.809535 1.000000 1.000000 1.000000
5790.725586 0.000000 1924.061279 0.000000 0.399799 0.000000 -0.916603 1.000000 1.000000 1.000000
5773.704590 0.000000 1933.295410 0.000000 0.591409 0.000000 -0.806372 0.000000 0.000000 0.000000
5781.917480 0.000000 1964.730957 0.000000 0.683151 0.000000 0.730277 0.000000 0.000000 0.000000
5767.440918 0.000000 1970.875854 0.000000 0.273420 0.000000 -0.961895 0.000000 0.000000 0.000000
5771.557617 0.000000 1960.416504 0.000000 0.099312 0.000000 0.995056 1.000000 1.000000 1.000000
5764.483887 0.000000 1950.217407 0.000000 0.970833 0.000000 -0.239757 0.000000 0.000000 0.000000
5771.084961 0.000000 1930.847412 0.000000 0.844553 0.000000 -0.535472 0.000000 0.000000 0.000000
5773.340332 0.000000 1960.695557 0.000000 0.807440 0.000000 0.589949 1.000000 1.000000 1.000000
5784.422363 0.000000 1950.168945 0.000000 0.075254 0.000000 0.997164 0.000000 0.000000 0.000000
5762.681152 0.000000 1942.687256 0.000000 0.114136 0.000000 0.993465 0.000000 0.000000 0.000000
5789.614258 0.000000 1952.196655 0.000000 0.728285 0.000000 0.685274 0.000000 0.000000 0.000000
5765.351074 0.000000 1958.594727 0.000000 0.048832 0.000000 0.998807 0.000000 0.000000 0.000000
5767.620605 0.000000 1926.697998 0.000000 0.357367 0.000000 0.933964 0.000000 0.000000 0.000000
5767.699707 0.000000 1936.323608 0.000000 0.331009 0.000000 0.943628 0.000000 0.000000 0.000000
5855.758301 0.000000 1950.628418 0.000000 0.547491 0.000000 -0.836811 0.000000 0.000000 0.000000
5835.959473 0.000000 1968.959595 0.000000 0.628748 0.000000 -0.777609 0.000000 0.000000 0.000000
5860.045898 0.000000 1925.743652 0.000000 0.513820 0.000000 -0.857898 0.000000 0.000000 0.000000
5843.771973 0.000000 1943.094238 0.000000 0.580284 0.000000 0.814415 0.000000 0.000000 0.000000
5874.318359 0.000000 1920.674683 0.000000 0.231529 0.000000 -0.972828 0.000000 0.000000 0.000000
5854.060547 0.000000 1968.623657 0.000000 0.391602 0.000000 -0.920135 0.000000 0.000000 0.000000
5856.426758 0.000000 1932.906616 0.000000 0.233850 0.000000 0.972273 0.000000 0.000000 0.000000
5851.131348 0.000000 1936.589966 0.000000 0.045054 0.000000 -0.998985 0.000000 0.000000 0.000000
5855.334473 0.000000 1961.454224 0.000000 0.973868 0.000000 0.227117 0.000000 0.000000 0.000000
5857.947754 0.000000 1969.942261 0.000000 0.620463 0.000000 0.784236 0.000000 0.000000 0.000000
5829.464844 0.000000 1925.250732 0.000000 0.954824 0.000000 0.297173 0.000000 0.000000 0.000000
5866.673340 0.000000 1920.612671 0.000000 0.991903 0.000000 -0.126996 0.000000 0.000000 0.000000
5853.020508 0.000000 1933.299072 0.000000 0.584066 0.000000 0.811706 1.000000 1.000000 1.000000
5859.104004 0.000000 1929.010864 0.000000 0.115190 0.000000 0.993343 0.000000 0.000000 0.000000
5826.356934 0.000000 1925.366943 0.000000 0.688487 0.000000 0.725248 0.000000 0.000000 0.000000
5841.722656 0.000000 1972.646118 0.000000 0.208870 0.000000 0.977943 1.000000 1.000000 1.000000
5832.667480 0.000000 1925.247925 0.000000 0.773429 0.000000 -0.633883 0.000000 0.000000 0.000000
5836.526855 0.000000 1943.514526 0.000000 0.912330 0.000000 0.409456 0.000000 0.000000 0.000000
5868.194824 0.000000 1932.546143 0.000000 0.544877 0.000000 0.838516 0.000000 0.000000 0.000000
5854.961914 0.000000 1921.430054 0.000000 0.965200 0.000000 -0.261514 0.000000 0.000000 0.000000
5838.604980 0.000000 1968.045776 0.000000 0.970732 0.000000 0.240167 0.000000 0.000000 0.000000
5840.939453 0.000000 1936.397461 0.000000 0.014949 0.000000 -0.999888 0.000000 0.000000 0.000000
5862.337891 0.000000 1934.204956 0.000000 0.544323 0.000000 -0.838876 0.000000 0.000000 0.000000
5840.186523 0.000000 1939.619995 0.000000 0.992346 0.000000 0.123491 0.000000 0.000000 0.000000
5863.299805 0.000000 1966.848145 0.000000 0.930476 0.000000 0.366354 0.000000 0.000000 0.000000
5863.591309 0.000000 1962.304810 0.000000 0.994696 0.000000 0.102860 0.000000 0.000000 0.000000
5836.375000 0.000000 1975.136597 0.000000 0.367184 0.000000 -0.930148 1.000000 1.000000 1.000000
5834.329590 0.000000 1945.173340 0.000000 0.061921 0.000000 0.998081 0.000000 0.000000 0.000000
5846.077637 0.000000 1937.643433 0.000000 0.807979 0.000000 -0.589211 0.000000 0.000000 0.000000
5827.913086 0.000000 1931.405273 0.000000 0.435157 0.000000 0.900355 0.000000 0.000000 0.000000
5856.544434 0.000000 1967.800293 0.000000 0.421169 0.000000 -0.906982 1.000000 1.000000 1.000000
5834.235840 0.000000 1964.152954 0.000000 0.995130 0.000000 0.098572 0.000000 0.000000 0.000000
5828.384766 0.000000 1971.241455 0.000000 0.020679 0.000000 0.999786 0.000000 0.000000 0.000000
5842.128418 0.000000 1941.230347 0.000000 0.364947 0.000000 -0.931028 0.000000 0.000000 0.000000
5848.535645 0.000000 1936.823730 0.000000 0.127560 0.000000 0.991831 1.000000 1.000000 1.000000
5850.245605 0.000000 1938.980591 0.000000 0.544861 0.000000 -0.838526 0.000000 0.000000 0.000000
5857.365723 0.000000 1930.643555 0.000000 0.374234 0.000000 0.927334 0.000000 0.000000 0.000000
5870.782227 0.000000 1962.532837 0.000000 0.740883 0.000000 -0.671634 0.000000 0.000000 0.000000
5884.008301 0.000000 1962.745972 0.000000 0.918976 0.000000 -0.394313 0.000000 0.000000 0.000000
5867.596680 0.000000 1969.010254 0.000000 0.960567 0.000000 -0.278048 0.000000 0.000000 0.000000
5826.026855 0.000000 1969.094971 0.000000 0.248166 0.000000 -0.968718 0.000000 0.000000 0.000000
5870.671387 0.000000 1966.923218 0.000000 0.952647 0.000000 -0.304078 1.000000 1.000000 1.000000
5850.165527 0.000000 1928.726562 0.000000 0.228231 0.000000 -0.973607 0.000000 0.000000 0.000000
5873.314941 0.000000 1963.166992 0.000000 0.935968 0.000000 -0.352085 0.000000 0.000000 0.000000
5870.880859 0.000000 1971.004395 0.000000 0.940291 0.000000 0.340371 0.000000 0.000000 0.000000
5881.072754 0.000000 1970.585815 0.000000 0.943421 0.000000 0.331599 1.000000 1.000000 1.000000
5873.031738 0.000000 1966.807251 0.000000 0.503586 0.000000 -0.863945 0.000000 0.000000 0.000000
5862.962402 0.000000 1964.648682 0.000000 0.918215 0.000000 0.396082 1.000000 1.000000 1.000000
5887.374512 0.000000 1960.564209 0.000000 0.375146 0.000000 -0.926966 0.000000 0.000000 0.000000
5866.219238 0.000000 1966.683350 0.000000 0.981923 0.000000 -0.189281 1.000000 1.000000 1.000000
5869.465820 0.000000 1964.764648 0.000000 0.088704 0.000000 0.996058 0.000000 0.000000 0.000000
5869.143066 0.000000 1920.771118 0.000000 0.655400 0.000000 -0.755282 0.000000 0.000000 0.000000
5857.049316 0.000000 1921.718994 0.000000 0.851129 0.000000 -0.524957 0.000000 0.000000 0.000000
5869.747070 0.000000 1969.160278 0.000000 0.888840 0.000000 -0.458219 1.000000 1.000000 1.000000
5826.199219 0.000000 1927.581055 0.000000 0.974088 0.000000 0.226167 0.000000 0.000000 0.000000
5851.966309 0.000000 1930.081909 0.000000 0.997886 0.000000 -0.064983 1.000000 1.000000 1.000000
5852.979980 0.000000 1935.747925 0.000000 0.874311 0.000000 0.485367 1.000000 1.000000 1.000000
5864.284180 0.000000 1958.935303 0.000000 0.618917 0.000000 -0.785456 0.000000 0.000000 0.000000
5834.234863 0.000000 1967.914673 0.000000 0.857418 0.000000 0.514621 0.000000 0.000000 0.000000
5846.911621 0.000000 1961.458374 0.000000 0.950679 0.000000 0.310176 0.000000 0.000000 0.000000
5828.166992 0.000000 1969.233276 0.000000 0.657295 0.000000 0.753634 0.000000 0.000000 0.000000
5853.096680 0.000000 1920.864990 0.000000 0.856288 0.000000 -0.516498 0.000000 0.000000 0.000000
5840.905273 0.000000 1974.368164 0.000000 0.461935 0.000000 0.886914 0.000000 0.000000 0.000000
5851.504395 0.000000 1934.447144 0.000000 0.107872 0.000000 -0.994165 1.000000 1.000000 1.000000
5834.704590 0.000000 1943.211304 0.000000 0.999268 0.000000 -0.038247 0.000000 0.000000 0.000000
5824.588379 0.000000 1972.771240 0.000000 0.156976 0.000000 -0.987602 1.000000 1.000000 1.000000
5827.095703 0.000000 1935.918823 0.000000 0.827493 0.000000 -0.561476 0.000000 0.000000 0.000000
5854.652344 0.000000 1932.554077 0.000000 0.335949 0.000000 0.941880 0.000000 0.000000 0.000000
5854.021484 0.000000 1928.735718 0.000000 0.055174 0.000000 0.998477 0.000000 0.000000 0.000000
5851.877441 0.000000 1931.959595 0.000000 0.992834 0.000000 0.119498 1.000000 1.000000 1.000000
5859.619629 0.000000 1962.375610 0.000000 0.153743 0.000000 0.988111 0.000000 0.000000 0.000000
5855.632324 0.000000 1931.137573 0.000000 0.997094 0.000000 -0.076180 1.000000 1.000000 1.000000
5843.835449 0.000000 1941.355835 0.000000 0.763725 0.000000 0.645542 0.000000 0.000000 0.000000
5798.230957 0.000000 2015.482178 0.000000 0.686125 0.000000 0.727484 0.000000 0.000000 0.000000
5808.205566 0.000000 2033.411865 0.000000 0.705683 0.000000 0.708528 0.000000 0.000000 0.000000
5768.407715 0.000000 1984.765503 0.000000 0.990853 0.000000 -0.134946 0.000000 0.000000 0.000000
5821.248047 0.000000 2022.955200 0.000000 0.650493 0.000000 0.759512 0.000000 0.000000 0.000000
5804.062988 0.000000 1985.942261 0.000000 0.761357 0.000000 0.648333 0.000000 0.000000 0.000000
5767.914551 0.000000 1978.790039 0.000000 0.989818 0.000000 -0.142341 0.000000 0.000000 0.000000
5781.208496 0.000000 2016.832397 0.000000 0.421295 0.000000 0.906923 0.000000 0.000000 0.000000
5815.531250 0.000000 1987.556763 0.000000 0.998969 0.000000 0.045394 0.000000 0.000000 0.000000
5771.929688 0.000000 1988.958984 0.000000 0.993668 0.000000 0.112353 0.000000 0.000000 0.000000
5779.771973 0.000000 1999.578613 0.000000 0.972722 0.000000 0.231974 0.000000 0.000000 0.000000
5781.668945 0.000000 1986.742065 0.000000 0.030769 0.000000 -0.999527 0.000000 0.000000 0.000000
5771.786133 0.000000 1982.006104 0.000000 0.830801 0.000000 -0.556570 0.000000 0.000000 0.000000
5800.015625 0.000000 1984.581665 0.000000 0.986474 0.000000 -0.163921 0.000000 0.000000 0.000000
5814.381836 0.000000 2006.280762 0.000000 0.975097 0.000000 0.221779 0.000000 0.000000 0.000000
5783.293457 0.000000 2000.517944 0.000000 0.994158 0.000000 0.107936 0.000000 0.000000 0.000000
5815.060547 0.000000 2018.552856 0.000000 0.090572 0.000000 0.995890 0.000000 0.000000 0.000000
5778.190430 0.000000 1986.475342 0.000000 0.153752 0.000000 -0.988109 0.000000 0.000000 0.000000
5806.042969 0.000000 1982.807739 0.000000 0.961784 0.000000 0.273810 0.000000 0.000000 0.000000
5812.014648 0.000000 1985.796387 0.000000 0.976259 0.000000 -0.216606 1.000000 1.000000 1.000000
5818.028320 0.000000 1990.051758 0.000000 0.996285 0.000000 0.086121 0.000000 0.000000 0.000000
5775.197266 0.000000 1988.585938 0.000000 0.093226 0.000000 -0.995645 1.000000 1.000000 1.000000
5764.948730 0.000000 1977.068237 0.000000 0.953476 0.000000 0.301469 0.000000 0.000000 0.000000
5769.278320 0.000000 2027.036743 0.000000 0.082499 0.000000 -0.996591 0.000000 0.000000 0.000000
5819.100586 0.000000 1987.045898 0.000000 0.960998 0.000000 -0.276554 0.000000 0.000000 0.000000
5772.526855 0.000000 1999.998901 0.000000 0.490478 0.000000 0.871453 0.000000 0.000000 0.000000
5760.042480 0.000000 1976.960449 0.000000 0.818147 0.000000 -0.575009 0.000000 0.000000 0.000000
5772.112305 0.000000 1991.859863 0.000000 0.961733 0.000000 -0.273987 0.000000 0.000000 0.000000
5793.448730 0.000000 2000.249878 0.000000 0.076731 0.000000 -0.997052 0.000000 0.000000 0.000000
5763.820801 0.000000 1990.758545 0.000000 0.571055 0.000000 0.820912 0.000000 0.000000 0.000000
5790.952637 0.000000 1996.465454 0.000000 0.202698 0.000000 -0.979241 0.000000 0.000000 0.000000
5785.706543 0.000000 1990.592529 0.000000 0.954879 0.000000 -0.296996 0.000000 0.000000 0.000000
5776.186523 0.000000 1996.104370 0.000000 0.999197 0.000000 -0.040062 0.000000 0.000000 0.000000
5789.958984 0.000000 1987.153442 0.000000 0.458048 0.000000 0.888927 1.000000 1.000000 1.000000
5761.451660 0.000000 1986.345581 0.000000 0.464791 0.000000 0.885420 0.000000 0.000000 0.000000
5781.235840 0.000000 1996.814209 0.000000 0.999977 0.000000 -0.006803 1.000000 1.000000 1.000000
5780.832520 0.000000 1989.532715 0.000000 0.813627 0.000000 -0.581387 0.000000 0.000000 0.000000
5770.564941 0.000000 1979.502075 0.000000 0.902049 0.000000 -0.431634 0.000000 0.000000 0.000000
5767.408691 0.000000 1994.790649 0.000000 0.828826 0.000000 -0.559506 0.000000 0.000000 0.000000
5820.013184 0.000000 1991.817871 0.000000 0.956730 0.000000 -0.290979 0.000000 0.000000 0.000000
5782.077637 0.000000 1994.127808 0.000000 0.966636 0.000000 0.256155 0.000000 0.000000 0.000000
5774.686523 0.000000 1991.544556 0.000000 0.177921 0.000000 0.984045 1.000000 1.000000 1.000000
5779.640625 0.000000 2002.264893 0.000000 0.724733 0.000000 -0.689030 0.000000 0.000000 0.000000
5766.363770 0.000000 1986.465820 0.000000 0.995874 0.000000 -0.090743 0.000000 0.000000 0.000000
5778.128418 0.000000 1997.714722 0.000000 0.926689 0.000000 -0.375829 0.000000 0.000000 0.000000
5784.535645 0.000000 1993.308105 0.000000 0.150154 0.000000 0.988663 0.000000 0.000000 0.000000
5784.077637 0.000000 1986.349609 0.000000 0.994041 0.000000 -0.109005 0.000000 0.000000 0.000000
5815.044922 0.000000 2016.041504 0.000000 0.390793 0.000000 -0.920478 0.000000 0.000000 0.000000
5764.602051 0.000000 1979.558960 0.000000 0.578657 0.000000 0.815571 0.000000 0.000000 0.000000
5766.070312 0.000000 1983.993042 0.000000 0.841471 0.000000 -0.540303 0.000000 0.000000 0.000000
5790.816895 0.000000 1991.390869 0.000000 0.936706 0.000000 0.350116 0.000000 0.000000 0.000000
5764.756836 0.000000 1995.746338 0.000000 0.973097 0.000000 0.230396 0.000000 0.000000 0.000000
5783.885254 0.000000 2002.733276 0.000000 0.998801 0.000000 -0.048950 0.000000 0.000000 0.000000
5766.475098 0.000000 1991.543823 0.000000 0.883902 0.000000 -0.467673 0.000000 0.000000 0.000000
5807.645996 0.000000 1984.651123 0.000000 0.963955 0.000000 -0.266067 0.000000 0.000000 0.000000
5786.165527 0.000000 1985.210938 0.000000 0.913171 0.000000 -0.407576 0.000000 0.000000 0.000000
5783.105957 0.000000 1998.189819 0.000000 0.898775 0.000000 -0.438409 0.000000 0.000000 0.000000
5791.888672 0.000000 1998.497437 0.000000 0.973102 0.000000 0.230374 0.000000 0.000000 0.000000
5817.190430 0.000000 2019.059937 0.000000 0.161250 0.000000 -0.986914 0.000000 0.000000 0.000000
5769.322266 0.000000 1995.920776 0.000000 0.730304 0.000000 0.683122 0.000000 0.000000 0.000000
5787.966309 0.000000 1986.566284 0.000000 0.171446 0.000000 0.985193 0.000000 0.000000 0.000000
5789.739258 0.000000 1998.416260 0.000000 0.071081 0.000000 0.997471 0.000000 0.000000 0.000000
5776.098633 0.000000 1986.712646 0.000000 0.470515 0.000000 -0.882392 1.000000 1.000000 1.000000
5777.219727 0.000000 1988.411865 0.000000 0.933602 0.000000 0.358311 0.000000 0.000000 0.000000
5779.236816 0.000000 1988.276245 0.000000 0.065409 0.000000 -0.997859 1.000000 1.000000 1.000000
5813.177734 0.000000 1987.473511 0.000000 0.991764 0.000000 -0.128075 0.000000 0.000000 0.000000
5766.936035 0.000000 1980.528931 0.000000 0.495718 0.000000 0.868484 0.000000 0.000000 0.000000
5770.618164 0.000000 1990.497559 0.000000 0.113068 0.000000 -0.993587 1.000000 1.000000 1.000000
5773.704590 0.000000 1989.779785 0.000000 0.094117 0.000000 0.995561 0.000000 0.000000 0.000000
5803.628906 0.000000 2017.344238 0.000000 0.904700 0.000000 -0.426048 0.000000 0.000000 0.000000
5787.504395 0.000000 1990.931519 0.000000 0.202675 0.000000 -0.979246 0.000000 0.000000 0.000000
5819.502441 0.000000 1988.950439 0.000000 0.514837 0.000000 0.857288 0.000000 0.000000 0.000000
5781.452637 0.000000 1998.936035 0.000000 0.746840 0.000000 0.665004 0.000000 0.000000 0.000000
5810.999023 0.000000 1984.295898 0.000000 0.135671 0.000000 0.990754 0.000000 0.000000 0.000000
5787.877441 0.000000 1988.443970 0.000000 0.447313 0.000000 -0.894378 1.000000 1.000000 1.000000
5774.777344 0.000000 1997.205322 0.000000 0.619007 0.000000 0.785386 0.000000 0.000000 0.000000
5816.471680 0.000000 2017.409180 0.000000 0.803859 0.000000 0.594820 0.000000 0.000000 0.000000
5812.916016 0.000000 1984.316162 0.000000 0.210907 0.000000 0.977506 1.000000 1.000000 1.000000
5767.699707 0.000000 1992.807983 0.000000 0.736647 0.000000 -0.676277 0.000000 0.000000 0.000000
5811.291016 0.000000 1987.377197 0.000000 0.838985 0.000000 0.544155 0.000000 0.000000 0.000000
5779.935547 0.000000 1986.711548 0.000000 0.689116 0.000000 0.724651 0.000000 0.000000 0.000000
5779.835449 0.000000 1997.840210 0.000000 0.997400 0.000000 -0.072062 0.000000 0.000000 0.000000
5844.968750 0.000000 2029.078247 0.000000 0.529389 0.000000 -0.848379 0.000000 0.000000 0.000000
5872.205566 0.000000 2033.411865 0.000000 0.612119 0.000000 -0.790765 0.000000 0.000000 0.000000
5866.009766 0.000000 2031.889771 0.000000 0.255237 0.000000 -0.966879 0.000000 0.000000 0.000000
5830.330566 0.000000 1989.049927 0.000000 0.385863 0.000000 0.922556 1.000000 1.000000 1.000000
5830.424805 0.000000 1997.313232 0.000000 0.625830 0.000000 -0.779960 0.000000 0.000000 0.000000
5865.064941 0.000000 2028.658691 0.000000 0.873359 0.000000 -0.487076 0.000000 0.000000 0.000000
5839.197266 0.000000 1988.585938 0.000000 0.786446 0.000000 -0.617659 0.000000 0.000000 0.000000
5833.084961 0.000000 1987.770996 0.000000 0.035062 0.000000 0.999385 1.000000 1.000000 1.000000
5830.057129 0.000000 2021.890869 0.000000 0.775953 0.000000 -0.630790 0.000000 0.000000 0.000000
5824.042480 0.000000 1976.960449 0.000000 0.868503 0.000000 -0.495683 0.000000 0.000000 0.000000
5841.664551 0.000000 1983.609131 0.000000 0.814634 0.000000 0.579976 0.000000 0.000000 0.000000
5838.979980 0.000000 2001.793335 0.000000 0.918221 0.000000 -0.396069 0.000000 0.000000 0.000000
5868.127930 0.000000 2004.394409 0.000000 0.014662 0.000000 0.999893 0.000000 0.000000 0.000000
5880.346680 0.000000 1999.154053 0.000000 0.842511 0.000000 -0.538679 0.000000 0.000000 0.000000
5826.575684 0.000000 2018.080200 0.000000 0.132029 0.000000 0.991246 0.000000 0.000000 0.000000
5851.678223 0.000000 1981.967285 0.000000 0.891705 0.000000 0.452617 0.000000 0.000000 0.000000
5887.510742 0.000000 2001.689819 0.000000 0.086826 0.000000 -0.996224 0.000000 0.000000 0.000000
5826.944824 0.000000 1994.349121 0.000000 0.913956 0.000000 -0.405813 0.000000 0.000000 0.000000
5837.487793 0.000000 1986.969849 0.000000 0.395265 0.000000 0.918567 1.000000 1.000000 1.000000
5828.756836 0.000000 1995.746338 0.000000 0.999726 0.000000 -0.023407 0.000000 0.000000 0.000000
5838.033691 0.000000 1982.844116 0.000000 0.894842 0.000000 0.446383 0.000000 0.000000 0.000000
5830.475098 0.000000 1991.543823 0.000000 0.075071 0.000000 0.997178 0.000000 0.000000 0.000000
5880.096680 0.000000 2004.597046 0.000000 0.882819 0.000000 -0.469714 0.000000 0.000000 0.000000
5866.638672 0.000000 2027.385742 0.000000 0.006704 0.000000 0.999978 0.000000 0.000000 0.000000
5864.389160 0.000000 2030.583496 0.000000 0.993512 0.000000 -0.113729 0.000000 0.000000 0.000000
5843.236816 0.000000 1988.276245 0.000000 0.848150 0.000000 -0.529757 0.000000 0.000000 0.000000
5867.311523 0.000000 2002.100952 0.000000 0.423872 0.000000 0.905722 0.000000 0.000000 0.000000
5837.704590 0.000000 1989.779785 0.000000 0.055179 0.000000 -0.998476 0.000000 0.000000 0.000000
5835.084961 0.000000 1987.331787 0.000000 0.168655 0.000000 0.985675 1.000000 1.000000 1.000000
5864.388184 0.000000 2026.954712 0.000000 0.409859 0.000000 -0.912149 0.000000 0.000000 0.000000
5833.693359 0.000000 1986.015869 0.000000 0.860356 0.000000 -0.509694 1.000000 1.000000 1.000000
5890.396484 0.000000 1809.362183 0.000000 0.314589 0.000000 0.949228 0.000000 0.000000 0.000000
5888.098633 0.000000 1814.448975 0.000000 0.825207 0.000000 -0.564831 0.000000 0.000000 0.000000
5897.641113 0.000000 1860.687866 0.000000 0.421738 0.000000 -0.906718 0.000000 0.000000 0.000000
5900.552734 0.000000 1833.694092 0.000000 0.184654 0.000000 -0.982804 1.000000 1.000000 1.000000
5902.220703 0.000000 1824.580933 0.000000 0.279666 0.000000 -0.960097 1.000000 1.000000 1.000000
5899.929688 0.000000 1819.505859 0.000000 0.452607 0.000000 0.891710 0.000000 0.000000 0.000000
5892.047852 0.000000 1815.850098 0.000000 0.465562 0.000000 -0.885015 0.000000 0.000000 0.000000
5888.163086 0.000000 1842.246582 0.000000 0.244802 0.000000 -0.969573 0.000000 0.000000 0.000000
5888.514160 0.000000 1823.580811 0.000000 0.630903 0.000000 0.775861 1.000000 1.000000 1.000000
5899.941895 0.000000 1849.304077 0.000000 0.883326 0.000000 0.468759 0.000000 0.000000 0.000000
5896.908691 0.000000 1853.400024 0.000000 0.157774 0.000000 0.987475 0.000000 0.000000 0.000000
5888.894531 0.000000 1837.800171 0.000000 0.589222 0.000000 -0.807971 0.000000 0.000000 0.000000
5899.406250 0.000000 1840.570801 0.000000 0.923899 0.000000 -0.382636 0.000000 0.000000 0.000000
5891.510742 0.000000 1854.427979 0.000000 0.484781 0.000000 -0.874636 0.000000 0.000000 0.000000
5890.356934 0.000000 1812.398193 0.000000 0.969557 0.000000 0.244868 0.000000 0.000000 0.000000
5897.084961 0.000000 1818.317871 0.000000 0.991488 0.000000 0.130199 0.000000 0.000000 0.000000
5900.526855 0.000000 1830.545776 0.000000 0.917543 0.000000 0.397638 1.000000 1.000000 1.000000
5898.072266 0.000000 1863.671997 0.000000 0.687105 0.000000 -0.726558 1.000000 1.000000 1.000000
5891.820801 0.000000 1821.305420 0.000000 0.995700 0.000000 -0.092641 1.000000 1.000000 1.000000
5901.099609 0.000000 1827.276611 0.000000 0.508386 0.000000 -0.861129 0.000000 0.000000 0.000000
5900.083496 0.000000 1853.013916 0.000000 0.779879 0.000000 -0.625931 0.000000 0.000000 0.000000
5913.283691 0.000000 1829.117798 0.000000 0.854899 0.000000 0.518794 0.000000 0.000000 0.000000
5889.451660 0.000000 1816.892456 0.000000 0.800759 0.000000 -0.598987 0.000000 0.000000 0.000000
5899.616211 0.000000 1836.841187 0.000000 0.657366 0.000000 0.753571 0.000000 0.000000 0.000000
5898.329590 0.000000 1832.204590 0.000000 0.850553 0.000000 0.525890 1.000000 1.000000 1.000000
5891.913086 0.000000 1818.436523 0.000000 0.266561 0.000000 -0.963818 0.000000 0.000000 0.000000
5902.686523 0.000000 1822.091431 0.000000 0.072861 0.000000 0.997342 1.000000 1.000000 1.000000
5896.173828 0.000000 1829.766357 0.000000 0.958598 0.000000 -0.284764 0.000000 0.000000 0.000000
5894.363770 0.000000 1817.012695 0.000000 0.099527 0.000000 -0.995035 0.000000 0.000000 0.000000
5898.235840 0.000000 1851.184204 0.000000 0.601106 0.000000 -0.799169 0.000000 0.000000 0.000000
5901.872070 0.000000 1835.902466 0.000000 0.748764 0.000000 -0.662837 0.000000 0.000000 0.000000
5901.487793 0.000000 1817.516724 0.000000 0.002759 0.000000 0.999996 0.000000 0.000000 0.000000
5894.070312 0.000000 1814.539917 0.000000 0.858786 0.000000 0.512334 0.000000 0.000000 0.000000
5892.248535 0.000000 1828.799927 0.000000 0.479868 0.000000 0.877340 0.000000 0.000000 0.000000
5911.105957 0.000000 1828.736694 0.000000 0.774203 0.000000 0.632937 0.000000 0.000000 0.000000
5898.166504 0.000000 1814.013672 0.000000 0.785131 0.000000 0.619330 0.000000 0.000000 0.000000
5890.069824 0.000000 1832.321655 0.000000 0.894781 0.000000 0.446505 0.000000 0.000000 0.000000
5889.654297 0.000000 1821.858154 0.000000 0.556913 0.000000 -0.830571 1.000000 1.000000 1.000000
5888.597656 0.000000 1827.967285 0.000000 0.392090 0.000000 0.919927 0.000000 0.000000 0.000000
5896.076660 0.000000 1851.553345 0.000000 0.448743 0.000000 0.893661 0.000000 0.000000 0.000000
5901.704590 0.000000 1820.326660 0.000000 0.988232 0.000000 -0.152959 0.000000 0.000000 0.000000
5888.144043 0.000000 1835.900269 0.000000 0.754731 0.000000 0.656034 0.000000 0.000000 0.000000
5899.084961 0.000000 1817.878662 0.000000 0.729731 0.000000 -0.683735 0.000000 0.000000 0.000000
5898.704590 0.000000 1830.242554 0.000000 0.706253 0.000000 0.707960 0.000000 0.000000 0.000000
5891.095703 0.000000 1822.950073 0.000000 0.999853 0.000000 -0.017174 1.000000 1.000000 1.000000
5890.681152 0.000000 1829.718506 0.000000 0.940085 0.000000 0.340941 0.000000 0.000000 0.000000
5902.777344 0.000000 1827.752197 0.000000 0.237807 0.000000 -0.971312 1.000000 1.000000 1.000000
5898.663574 0.000000 1862.084961 0.000000 0.318252 0.000000 -0.948006 1.000000 1.000000 1.000000
5899.461426 0.000000 1835.094482 0.000000 0.976532 0.000000 -0.215373 0.000000 0.000000 0.000000
5901.306641 0.000000 1832.051514 0.000000 0.334934 0.000000 -0.942242 1.000000 1.000000 1.000000
5895.671387 0.000000 1888.840942 0.000000 0.426999 0.000000 0.904252 0.000000 0.000000 0.000000
5908.569336 0.000000 1869.370850 0.000000 0.648550 0.000000 -0.761172 0.000000 0.000000 0.000000
5898.351562 0.000000 1884.863281 0.000000 0.847421 0.000000 -0.530921 0.000000 0.000000 0.000000
5907.771973 0.000000 1886.609863 0.000000 0.537414 0.000000 0.843319 0.000000 0.000000 0.000000
5899.786133 0.000000 1869.037354 0.000000 0.969088 0.000000 0.246715 0.000000 0.000000 0.000000
5944.315430 0.000000 1900.993408 0.000000 0.110457 0.000000 0.993881 0.000000 0.000000 0.000000
5899.941895 0.000000 1905.788452 0.000000 0.864120 0.000000 0.503286 0.000000 0.000000 0.000000
5941.860840 0.000000 1912.050781 0.000000 0.571937 0.000000 -0.820297 0.000000 0.000000 0.000000
5899.486816 0.000000 1872.543945 0.000000 0.758126 0.000000 -0.652108 0.000000 0.000000 0.000000
5896.667480 0.000000 1868.763550 0.000000 0.554327 0.000000 -0.832299 0.000000 0.000000 0.000000
5901.099609 0.000000 1883.760986 0.000000 0.408583 0.000000 0.912721 0.000000 0.000000 0.000000
5902.979980 0.000000 1888.824585 0.000000 0.949823 0.000000 -0.312789 0.000000 0.000000 0.000000
5898.564941 0.000000 1866.533325 0.000000 0.352993 0.000000 0.935626 1.000000 1.000000 1.000000
5896.614258 0.000000 1877.513184 0.000000 0.965755 0.000000 -0.259458 0.000000 0.000000 0.000000
5927.591309 0.000000 1905.820435 0.000000 0.958677 0.000000 0.284496 0.000000 0.000000 0.000000
5890.822754 0.000000 1897.952515 0.000000 0.644540 0.000000 0.764571 0.000000 0.000000 0.000000
5905.436523 0.000000 1887.853394 0.000000 0.792283 0.000000 -0.610153 0.000000 0.000000 0.000000
5910.077637 0.000000 1881.159058 0.000000 0.725910 0.000000 -0.687790 0.000000 0.000000 0.000000
5907.640625 0.000000 1889.296143 0.000000 0.999583 0.000000 -0.028861 0.000000 0.000000 0.000000
5890.575684 0.000000 1905.111450 0.000000 0.480126 0.000000 -0.877200 1.000000 1.000000 1.000000
5906.128418 0.000000 1884.745972 0.000000 0.118002 0.000000 -0.993013 0.000000 0.000000 0.000000
5907.362793 0.000000 1891.972168 0.000000 0.058200 0.000000 0.998305 0.000000 0.000000 0.000000
5924.952637 0.000000 1904.461304 0.000000 0.207202 0.000000 -0.978298 0.000000 0.000000 0.000000
5911.885254 0.000000 1889.764526 0.000000 0.955352 0.000000 0.295471 0.000000 0.000000 0.000000
5889.042969 0.000000 1896.485474 0.000000 0.650674 0.000000 -0.759357 0.000000 0.000000 0.000000
5909.422363 0.000000 1888.339233 0.000000 0.985543 0.000000 -0.169428 0.000000 0.000000 0.000000
5888.144043 0.000000 1892.384644 0.000000 0.378246 0.000000 -0.925705 0.000000 0.000000 0.000000
5899.084961 0.000000 1874.363037 0.000000 0.509592 0.000000 -0.860416 1.000000 1.000000 1.000000
5897.693359 0.000000 1873.047119 0.000000 0.722513 0.000000 -0.691357 0.000000 0.000000 0.000000
5888.371582 0.000000 1869.069214 0.000000 0.256094 0.000000 0.966652 0.000000 0.000000 0.000000
5907.835449 0.000000 1884.871460 0.000000 0.795789 0.000000 -0.605574 0.000000 0.000000 0.000000
5958.215332 0.000000 1912.921997 0.000000 0.698755 0.000000 -0.715361 0.000000 0.000000 0.000000
5977.505859 0.000000 1917.756104 0.000000 0.347702 0.000000 -0.937605 0.000000 0.000000 0.000000
5952.156738 0.000000 1918.884521 0.000000 0.901658 0.000000 -0.432450 0.000000 0.000000 0.000000
5982.953613 0.000000 1920.236938 0.000000 0.431786 0.000000 -0.901976 0.000000 0.000000 0.000000
5964.457520 0.000000 1915.760254 0.000000 0.891779 0.000000 -0.452471 1.000000 1.000000 1.000000
5962.072266 0.000000 1920.156372 0.000000 0.346464 0.000000 0.938063 0.000000 0.000000 0.000000
5959.437500 0.000000 1919.027954 0.000000 0.592572 0.000000 -0.805517 0.000000 0.000000 0.000000
5973.934570 0.000000 1918.796387 0.000000 0.983346 0.000000 -0.181742 0.000000 0.000000 0.000000
5964.375000 0.000000 1918.652222 0.000000 0.993718 0.000000 -0.111912 0.000000 0.000000 0.000000
5966.650879 0.000000 1914.325195 0.000000 0.052795 0.000000 0.998605 0.000000 0.000000 0.000000
5956.384766 0.000000 1914.757080 0.000000 0.885838 0.000000 -0.463995 0.000000 0.000000 0.000000
5968.382324 0.000000 1919.800781 0.000000 0.502367 0.000000 0.864654 0.000000 0.000000 0.000000
5960.237305 0.000000 1912.010986 0.000000 0.867997 0.000000 0.496570 0.000000 0.000000 0.000000
5976.641113 0.000000 1919.708862 0.000000 0.774188 0.000000 -0.632956 0.000000 0.000000 0.000000
5967.590332 0.000000 1916.080811 0.000000 0.715801 0.000000 -0.698305 0.000000 0.000000 0.000000
5962.618164 0.000000 1915.427612 0.000000 0.136885 0.000000 -0.990587 0.000000 0.000000 0.000000
5964.919922 0.000000 1914.020142 0.000000 0.738981 0.000000 -0.673726 1.000000 1.000000 1.000000
5965.317383 0.000000 1917.211670 0.000000 0.970397 0.000000 -0.241517 1.000000 1.000000 1.000000
5946.544434 0.000000 1960.891846 0.000000 0.743530 0.000000 0.668702 0.000000 0.000000 0.000000
5937.272949 0.000000 1954.093628 0.000000 0.768567 0.000000 0.639769 0.000000 0.000000 0.000000
5910.478027 0.000000 1955.362061 0.000000 0.574396 0.000000 -0.818578 0.000000 0.000000 0.000000
5932.760254 0.000000 1958.973877 0.000000 0.418557 0.000000 -0.908190 0.000000 0.000000 0.000000
5940.365234 0.000000 1959.734985 0.000000 0.999698 0.000000 0.024571 0.000000 0.000000 0.000000
5933.434082 0.000000 1950.197998 0.000000 0.712519 0.000000 -0.701653 0.000000 0.000000 0.000000
5902.875488 0.000000 1965.230835 0.000000 0.439094 0.000000 0.898441 0.000000 0.000000 0.000000
5922.932617 0.000000 1974.545654 0.000000 0.564897 0.000000 0.825161 0.000000 0.000000 0.000000
5892.763672 0.000000 1956.661011 0.000000 0.003775 0.000000 0.999993 0.000000 0.000000 0.000000
5950.270020 0.000000 1924.900146 0.000000 0.739235 0.000000 -0.673447 1.000000 1.000000 1.000000
5944.315430 0.000000 1957.477783 0.000000 0.843859 0.000000 -0.536565 0.000000 0.000000 0.000000
5901.506836 0.000000 1956.283203 0.000000 0.618292 0.000000 0.785948 0.000000 0.000000 0.000000
5936.023926 0.000000 1973.003784 0.000000 0.248937 0.000000 -0.968520 1.000000 1.000000 1.000000
5935.868652 0.000000 1968.879761 0.000000 0.017210 0.000000 0.999852 1.000000 1.000000 1.000000
5946.385254 0.000000 1923.060791 0.000000 0.478525 0.000000 0.878074 0.000000 0.000000 0.000000
5945.910645 0.000000 1968.419800 0.000000 0.759124 0.000000 -0.650946 1.000000 1.000000 1.000000
5949.507812 0.000000 1970.245483 0.000000 0.963586 0.000000 -0.267400 0.000000 0.000000 0.000000
5932.412598 0.000000 1962.742432 0.000000 0.997904 0.000000 -0.064715 0.000000 0.000000 0.000000
5932.376953 0.000000 1966.736450 0.000000 0.037857 0.000000 0.999283 0.000000 0.000000 0.000000
5947.981445 0.000000 1975.687988 0.000000 0.561795 0.000000 -0.827276 0.000000 0.000000 0.000000
5939.402344 0.000000 1974.436035 0.000000 0.580581 0.000000 -0.814203 0.000000 0.000000 0.000000
5939.634277 0.000000 1963.196655 0.000000 0.235809 0.000000 0.971799 0.000000 0.000000 0.000000
5926.346680 0.000000 1974.726440 0.000000 0.863041 0.000000 -0.505134 0.000000 0.000000 0.000000
5946.305176 0.000000 1964.450195 0.000000 0.363357 0.000000 -0.931650 0.000000 0.000000 0.000000
5921.099609 0.000000 1954.418457 0.000000 0.814474 0.000000 0.580200 0.000000 0.000000 0.000000
5941.860840 0.000000 1968.535156 0.000000 0.084927 0.000000 -0.996387 0.000000 0.000000 0.000000
5905.722656 0.000000 1972.646118 0.000000 0.998883 0.000000 -0.047254 0.000000 0.000000 0.000000
5907.991699 0.000000 1953.696289 0.000000 0.318236 0.000000 -0.948011 0.000000 0.000000 0.000000
5949.032715 0.000000 1942.656860 0.000000 0.815637 0.000000 -0.578564 0.000000 0.000000 0.000000
5900.083496 0.000000 1965.982666 0.000000 0.857107 0.000000 0.515139 0.000000 0.000000 0.000000
5895.213379 0.000000 1958.668823 0.000000 0.650673 0.000000 -0.759358 0.000000 0.000000 0.000000
5927.299805 0.000000 1966.848145 0.000000 0.312017 0.000000 -0.950076 0.000000 0.000000 0.000000
5948.013184 0.000000 1935.333496 0.000000 0.998611 0.000000 0.052697 0.000000 0.000000 0.000000
5904.716797 0.000000 1952.566528 0.000000 0.838202 0.000000 0.545360 0.000000 0.000000 0.000000
5907.443848 0.000000 1970.388550 0.000000 0.054656 0.000000 0.998505 0.000000 0.000000 0.000000
5923.689941 0.000000 1972.070435 0.000000 0.197348 0.000000 -0.980334 0.000000 0.000000 0.000000
5931.601562 0.000000 1973.368774 0.000000 0.056745 0.000000 -0.998389 0.000000 0.000000 0.000000
5920.544434 0.000000 1967.800293 0.000000 0.526698 0.000000 0.850052 0.000000 0.000000 0.000000
5898.235840 0.000000 1964.152954 0.000000 0.970343 0.000000 0.241732 0.000000 0.000000 0.000000
5890.575684 0.000000 1961.595825 0.000000 0.110711 0.000000 -0.993853 0.000000 0.000000 0.000000
5902.389160 0.000000 1953.853516 0.000000 0.661919 0.000000 0.749575 0.000000 0.000000 0.000000
5890.311035 0.000000 1957.079834 0.000000 0.389498 0.000000 -0.921027 0.000000 0.000000 0.000000
5950.390625 0.000000 1976.229248 0.000000 0.833783 0.000000 0.552092 0.000000 0.000000 0.000000
5889.118652 0.000000 1965.198853 0.000000 0.928868 0.000000 0.370410 0.000000 0.000000 0.000000
5902.401855 0.000000 1962.164551 0.000000 0.992059 0.000000 -0.125775 0.000000 0.000000 0.000000
5943.044922 0.000000 1959.557129 0.000000 0.716521 0.000000 -0.697565 0.000000 0.000000 0.000000
5940.706543 0.000000 1976.784058 0.000000 0.958736 0.000000 -0.284297 0.000000 0.000000 0.000000
5934.782227 0.000000 1962.532837 0.000000 0.867477 0.000000 0.497477 0.000000 0.000000 0.000000
5941.005371 0.000000 1972.663940 0.000000 0.770376 0.000000 0.637590 1.000000 1.000000 1.000000
5920.330078 0.000000 1974.766235 0.000000 0.899576 0.000000 -0.436765 0.000000 0.000000 0.000000
5947.739258 0.000000 1924.975342 0.000000 0.973460 0.000000 0.228859 0.000000 0.000000 0.000000
5931.596680 0.000000 1969.010254 0.000000 0.993681 0.000000 -0.112239 0.000000 0.000000 0.000000
5948.727539 0.000000 1922.963257 0.000000 0.525308 0.000000 -0.850912 0.000000 0.000000 0.000000
5893.729492 0.000000 1962.497559 0.000000 0.172249 0.000000 0.985053 0.000000 0.000000 0.000000
5934.671387 0.000000 1966.923218 0.000000 0.319401 0.000000 0.947620 0.000000 0.000000 0.000000
5937.314941 0.000000 1963.166992 0.000000 0.035040 0.000000 0.999386 0.000000 0.000000 0.000000
5899.263184 0.000000 1957.031128 0.000000 0.525853 0.000000 -0.850576 0.000000 0.000000 0.000000
5905.493164 0.000000 1964.441528 0.000000 0.989144 0.000000 -0.146948 0.000000 0.000000 0.000000
5945.072754 0.000000 1970.585815 0.000000 0.918306 0.000000 -0.395870 1.000000 1.000000 1.000000
5937.031738 0.000000 1966.807251 0.000000 0.499331 0.000000 0.866411 0.000000 0.000000 0.000000
5937.262695 0.000000 1975.029785 0.000000 0.767813 0.000000 0.640674 0.000000 0.000000 0.000000
5945.190430 0.000000 1962.575562 0.000000 0.961904 0.000000 -0.273386 0.000000 0.000000 0.000000
5930.219238 0.000000 1966.683350 0.000000 0.022567 0.000000 0.999745 0.000000 0.000000 0.000000
5933.465820 0.000000 1964.764648 0.000000 0.902985 0.000000 -0.429672 0.000000 0.000000 0.000000
5943.867676 0.000000 1967.700439 0.000000 0.125518 0.000000 0.992091 1.000000 1.000000 1.000000
5922.508301 0.000000 1967.034424 0.000000 0.896164 0.000000 0.443723 0.000000 0.000000 0.000000
5924.342285 0.000000 1976.137451 0.000000 0.979364 0.000000 -0.202106 0.000000 0.000000 0.000000
5933.836426 0.000000 1973.101562 0.000000 0.999196 0.000000 -0.040096 1.000000 1.000000 1.000000
5891.385254 0.000000 1958.903198 0.000000 0.996980 0.000000 0.077659 0.000000 0.000000 0.000000
5947.003418 0.000000 1966.478394 0.000000 0.999913 0.000000 -0.013158 0.000000 0.000000 0.000000
5894.997070 0.000000 1960.725708 0.000000 0.480078 0.000000 -0.877226 0.000000 0.000000 0.000000
5901.139648 0.000000 1964.013428 0.000000 0.985987 0.000000 -0.166822 0.000000 0.000000 0.000000
5938.394043 0.000000 1972.590576 0.000000 0.140835 0.000000 -0.990033 1.000000 1.000000 1.000000
5897.808105 0.000000 1961.635864 0.000000 0.209774 0.000000 0.977750 0.000000 0.000000 0.000000
5948.034180 0.000000 1968.291992 0.000000 0.585477 0.000000 -0.810689 0.000000 0.000000 0.000000
5931.407227 0.000000 1964.696777 0.000000 0.868344 0.000000 -0.495963 0.000000 0.000000 0.000000
5930.638672 0.000000 1970.901367 0.000000 0.974680 0.000000 -0.223605 0.000000 0.000000 0.000000
5941.101074 0.000000 1965.794312 0.000000 0.618401 0.000000 0.785862 0.000000 0.000000 0.000000
5903.590332 0.000000 1972.565186 0.000000 0.169857 0.000000 -0.985469 0.000000 0.000000 0.000000
5950.970703 0.000000 1943.124756 0.000000 0.999384 0.000000 0.035087 0.000000 0.000000 0.000000
5903.799805 0.000000 1963.532593 0.000000 0.301471 0.000000 -0.953475 0.000000 0.000000 0.000000
5935.350098 0.000000 1975.211792 0.000000 0.927112 0.000000 0.374785 0.000000 0.000000 0.000000
5903.325195 0.000000 1955.477173 0.000000 0.509154 0.000000 -0.860675 0.000000 0.000000 0.000000
5941.449707 0.000000 1970.360229 0.000000 0.999674 0.000000 -0.025524 1.000000 1.000000 1.000000
5943.893555 0.000000 1963.973511 0.000000 0.618733 0.000000 0.785601 0.000000 0.000000 0.000000
5889.726074 0.000000 1963.373169 0.000000 0.715336 0.000000 -0.698780 0.000000 0.000000 0.000000
5940.072754 0.000000 1968.971924 0.000000 0.896697 0.000000 -0.442644 0.000000 0.000000 0.000000
5942.588867 0.000000 1973.651855 0.000000 0.710087 0.000000 -0.704114 0.000000 0.000000 0.000000
5941.188965 0.000000 1974.881470 0.000000 0.997330 0.000000 -0.073032 1.000000 1.000000 1.000000
5888.850586 0.000000 1961.033447 0.000000 0.484530 0.000000 -0.874775 0.000000 0.000000 0.000000
6010.368164 0.000000 1972.394653 0.000000 0.941691 0.000000 0.336478 0.000000 0.000000 0.000000
5989.432617 0.000000 1931.495850 0.000000 0.995774 0.000000 0.091839 0.000000 0.000000 0.000000
5966.953125 0.000000 1974.440430 0.000000 0.474661 0.000000 -0.880169 0.000000 0.000000 0.000000
5997.434082 0.000000 1950.197998 0.000000 0.523371 0.000000 0.852105 0.000000 0.000000 0.000000
5970.283691 0.000000 1921.601440 0.000000 0.304561 0.000000 0.952493 1.000000 1.000000 1.000000
5971.007324 0.000000 1938.547119 0.000000 0.534236 0.000000 -0.845335 1.000000 1.000000 1.000000
5992.763184 0.000000 1935.590942 0.000000 0.460327 0.000000 -0.887750 0.000000 0.000000 0.000000
5955.505371 0.000000 1963.894897 0.000000 0.896660 0.000000 -0.442721 0.000000 0.000000 0.000000
5977.237793 0.000000 1926.627686 0.000000 0.522641 0.000000 -0.852553 0.000000 0.000000 0.000000
5973.668945 0.000000 1930.257690 0.000000 0.859259 0.000000 -0.511540 0.000000 0.000000 0.000000
5984.426758 0.000000 1932.906616 0.000000 0.192495 0.000000 0.981298 0.000000 0.000000 0.000000
5979.131348 0.000000 1936.589966 0.000000 0.949873 0.000000 -0.312637 0.000000 0.000000 0.000000
5963.786133 0.000000 1925.521729 0.000000 0.962302 0.000000 0.271982 0.000000 0.000000 0.000000
5956.047852 0.000000 1928.818848 0.000000 0.749559 0.000000 0.661937 1.000000 1.000000 1.000000
5997.375000 0.000000 1945.390381 0.000000 0.135547 0.000000 0.990771 1.000000 1.000000 1.000000
5952.156738 0.000000 1975.368896 0.000000 0.479787 0.000000 0.877385 0.000000 0.000000 0.000000
5990.889160 0.000000 1943.908325 0.000000 0.067891 0.000000 0.997693 0.000000 0.000000 0.000000
5967.831543 0.000000 1924.640625 0.000000 0.450611 0.000000 0.892720 1.000000 1.000000 1.000000
5960.908691 0.000000 1966.368774 0.000000 0.262027 0.000000 -0.965061 0.000000 0.000000 0.000000
5999.868652 0.000000 1968.879761 0.000000 0.269132 0.000000 0.963103 0.000000 0.000000 0.000000
5996.412598 0.000000 1962.742432 0.000000 0.856616 0.000000 0.515954 1.000000 1.000000 1.000000
5996.376953 0.000000 1966.736450 0.000000 0.630538 0.000000 -0.776159 0.000000 0.000000 0.000000
5956.957520 0.000000 1960.315796 0.000000 0.941182 0.000000 0.337899 0.000000 0.000000 0.000000
5970.190430 0.000000 1929.990967 0.000000 0.847948 0.000000 -0.530079 1.000000 1.000000 1.000000
5980.431641 0.000000 1927.976562 0.000000 0.724049 0.000000 0.689749 0.000000 0.000000 0.000000
5952.894531 0.000000 1950.768921 0.000000 0.980791 0.000000 -0.195061 0.000000 0.000000 0.000000
5987.104004 0.000000 1929.010864 0.000000 0.775075 0.000000 0.631869 0.000000 0.000000 0.000000
5978.987305 0.000000 1920.557495 0.000000 0.117155 0.000000 0.993114 0.000000 0.000000 0.000000
5967.197266 0.000000 1932.101562 0.000000 0.981850 0.000000 -0.189661 0.000000 0.000000 0.000000
5977.661133 0.000000 1923.534912 0.000000 0.587812 0.000000 -0.808998 0.000000 0.000000 0.000000
5958.507812 0.000000 1972.559937 0.000000 0.995557 0.000000 0.094156 0.000000 0.000000 0.000000
5956.948730 0.000000 1920.583862 0.000000 0.497038 0.000000 0.867729 0.000000 0.000000 0.000000
5993.676758 0.000000 1938.535767 0.000000 0.291716 0.000000 0.956505 0.000000 0.000000 0.000000
5960.667480 0.000000 1925.247925 0.000000 0.028970 0.000000 0.999580 1.000000 1.000000 1.000000
5961.604492 0.000000 1947.923096 0.000000 0.500350 0.000000 0.865823 0.000000 0.000000 0.000000
5958.057129 0.000000 1965.406494 0.000000 0.203287 0.000000 -0.979119 0.000000 0.000000 0.000000
5952.936035 0.000000 1943.078247 0.000000 0.682441 0.000000 0.730940 0.000000 0.000000 0.000000
5969.664551 0.000000 1927.124756 0.000000 0.834494 0.000000 -0.551017 1.000000 1.000000 1.000000
5959.437500 0.000000 1975.512329 0.000000 0.145361 0.000000 0.989379 0.000000 0.000000 0.000000
5973.934570 0.000000 1975.280762 0.000000 0.507584 0.000000 0.861602 0.000000 0.000000 0.000000
5972.994629 0.000000 1923.021484 0.000000 0.066095 0.000000 0.997813 1.000000 1.000000 1.000000
5968.939453 0.000000 1936.397461 0.000000 0.357881 0.000000 -0.933767 0.000000 0.000000 0.000000
5987.200195 0.000000 1933.265747 0.000000 0.333424 0.000000 -0.942777 0.000000 0.000000 0.000000
5959.213379 0.000000 1958.668823 0.000000 0.581490 0.000000 -0.813554 0.000000 0.000000 0.000000
5979.635742 0.000000 1943.519165 0.000000 0.980335 0.000000 -0.197341 0.000000 0.000000 0.000000
5977.706543 0.000000 1934.108154 0.000000 0.903742 0.000000 0.428077 0.000000 0.000000 0.000000
5968.186523 0.000000 1939.619995 0.000000 0.507851 0.000000 -0.861445 0.000000 0.000000 0.000000
5981.958984 0.000000 1930.669067 0.000000 0.110201 0.000000 0.993909 0.000000 0.000000 0.000000
5990.469727 0.000000 1947.062744 0.000000 0.445141 0.000000 -0.895460 1.000000 1.000000 1.000000
5973.235840 0.000000 1940.329834 0.000000 0.819037 0.000000 0.573741 1.000000 1.000000 1.000000
5960.614258 0.000000 1933.997559 0.000000 0.842385 0.000000 0.538876 0.000000 0.000000 0.000000
5975.068359 0.000000 1924.979858 0.000000 0.997513 0.000000 -0.070482 1.000000 1.000000 1.000000
5967.671387 0.000000 1921.997803 0.000000 0.986887 0.000000 0.161413 0.000000 0.000000 0.000000
6013.125000 0.000000 1972.947998 0.000000 0.736080 0.000000 -0.676895 0.000000 0.000000 0.000000
5964.375000 0.000000 1975.136597 0.000000 0.994437 0.000000 0.105332 0.000000 0.000000 0.000000
5997.942871 0.000000 1942.409668 0.000000 0.701625 0.000000 -0.712547 0.000000 0.000000 0.000000
5955.913086 0.000000 1931.405273 0.000000 0.827528 0.000000 -0.561424 1.000000 1.000000 1.000000
6015.976562 0.000000 1971.084106 0.000000 0.312666 0.000000 -0.949863 0.000000 0.000000 0.000000
5971.640625 0.000000 1945.780518 0.000000 0.244640 0.000000 -0.969614 0.000000 0.000000 0.000000
5995.601562 0.000000 1973.368774 0.000000 0.999785 0.000000 -0.020721 0.000000 0.000000 0.000000
5970.498535 0.000000 1924.286743 0.000000 0.964992 0.000000 -0.262280 1.000000 1.000000 1.000000
5954.575684 0.000000 1961.595825 0.000000 0.713176 0.000000 -0.700985 0.000000 0.000000 0.000000
5970.128418 0.000000 1941.230347 0.000000 0.998302 0.000000 -0.058254 1.000000 1.000000 1.000000
6015.697754 0.000000 1965.192871 0.000000 0.990319 0.000000 -0.138808 0.000000 0.000000 0.000000
5976.535645 0.000000 1936.823730 0.000000 0.257764 0.000000 -0.966208 1.000000 1.000000 1.000000
5971.894531 0.000000 1928.240479 0.000000 0.673283 0.000000 0.739385 1.000000 1.000000 1.000000
5954.552734 0.000000 1976.544922 0.000000 0.338716 0.000000 -0.940889 0.000000 0.000000 0.000000
5995.095215 0.000000 1934.787354 0.000000 0.790041 0.000000 0.613054 0.000000 0.000000 0.000000
6014.994629 0.000000 1968.092529 0.000000 0.856079 0.000000 -0.516845 0.000000 0.000000 0.000000
5985.365723 0.000000 1930.643555 0.000000 0.663324 0.000000 -0.748333 1.000000 1.000000 1.000000
5965.612305 0.000000 1923.597412 0.000000 0.383837 0.000000 -0.923401 1.000000 1.000000 1.000000
5988.550293 0.000000 1951.262817 0.000000 0.958386 0.000000 -0.285474 0.000000 0.000000 0.000000
5956.602051 0.000000 1923.074585 0.000000 0.776325 0.000000 0.630333 0.000000 0.000000 0.000000
5958.070312 0.000000 1927.508667 0.000000 0.652382 0.000000 -0.757890 1.000000 1.000000 1.000000
5982.816895 0.000000 1934.906494 0.000000 0.516405 0.000000 -0.856345 0.000000 0.000000 0.000000
6001.129395 0.000000 1970.874634 0.000000 0.854155 0.000000 0.520019 0.000000 0.000000 0.000000
5968.382324 0.000000 1976.285156 0.000000 0.902504 0.000000 -0.430682 0.000000 0.000000 0.000000
5966.033691 0.000000 1926.359741 0.000000 0.843991 0.000000 0.536358 1.000000 1.000000 1.000000
5954.269043 0.000000 1973.902588 0.000000 0.382893 0.000000 -0.923793 0.000000 0.000000 0.000000
5954.026855 0.000000 1969.094971 0.000000 0.223581 0.000000 -0.974685 0.000000 0.000000 0.000000
5975.105957 0.000000 1941.705444 0.000000 0.814929 0.000000 0.579560 1.000000 1.000000 1.000000
5962.166504 0.000000 1926.982422 0.000000 0.537102 0.000000 0.843517 0.000000 0.000000 0.000000
6001.031738 0.000000 1966.807251 0.000000 0.968657 0.000000 0.248401 0.000000 0.000000 0.000000
5994.219238 0.000000 1966.683350 0.000000 0.339925 0.000000 0.940453 1.000000 1.000000 1.000000
5997.465820 0.000000 1964.764648 0.000000 0.608258 0.000000 -0.793740 0.000000 0.000000 0.000000
5992.179688 0.000000 1948.653442 0.000000 0.044605 0.000000 0.999005 0.000000 0.000000 0.000000
5997.747070 0.000000 1969.160278 0.000000 0.939413 0.000000 0.342788 0.000000 0.000000 0.000000
5994.281250 0.000000 1962.680542 0.000000 0.870431 0.000000 -0.492290 0.000000 0.000000 0.000000
5997.836426 0.000000 1973.101562 0.000000 0.833956 0.000000 -0.551832 0.000000 0.000000 0.000000
5999.448242 0.000000 1944.976318 0.000000 0.660988 0.000000 0.750396 1.000000 1.000000 1.000000
5980.979980 0.000000 1935.747925 0.000000 0.830766 0.000000 -0.556621 0.000000 0.000000 0.000000
5992.688965 0.000000 1944.869263 0.000000 0.576134 0.000000 -0.817356 1.000000 1.000000 1.000000
5968.098633 0.000000 1930.228271 0.000000 0.991011 0.000000 -0.133782 0.000000 0.000000 0.000000
5995.407227 0.000000 1964.696777 0.000000 0.418765 0.000000 0.908095 1.000000 1.000000 1.000000
5973.422363 0.000000 1944.823608 0.000000 0.244846 0.000000 0.969562 0.000000 0.000000 0.000000
5969.219727 0.000000 1931.927490 0.000000 0.281472 0.000000 0.959569 0.000000 0.000000 0.000000
5994.638672 0.000000 1970.901367 0.000000 0.377292 0.000000 0.926094 0.000000 0.000000 0.000000
5994.440430 0.000000 1936.677734 0.000000 0.686488 0.000000 -0.727141 0.000000 0.000000 0.000000
6013.282227 0.000000 1964.423950 0.000000 0.994806 0.000000 0.101792 0.000000 0.000000 0.000000
5956.035156 0.000000 1926.688477 0.000000 0.830330 0.000000 -0.557271 0.000000 0.000000 0.000000
5987.217285 0.000000 1931.307251 0.000000 0.009558 0.000000 0.999954 1.000000 1.000000 1.000000
5956.166992 0.000000 1969.233276 0.000000 0.459342 0.000000 0.888260 0.000000 0.000000 0.000000
5952.597656 0.000000 1940.936035 0.000000 0.633641 0.000000 -0.773627 1.000000 1.000000 1.000000
5958.936035 0.000000 1924.044556 0.000000 0.751219 0.000000 0.660054 0.000000 0.000000 0.000000
5966.368652 0.000000 1976.322266 0.000000 0.891146 0.000000 0.453717 0.000000 0.000000 0.000000
5999.350098 0.000000 1975.211792 0.000000 0.928417 0.000000 0.371539 0.000000 0.000000 0.000000
5975.366211 0.000000 1923.121460 0.000000 0.926071 0.000000 0.377348 1.000000 1.000000 1.000000
5956.679688 0.000000 1973.083740 0.000000 0.931266 0.000000 -0.364339 0.000000 0.000000 0.000000
5963.084961 0.000000 1930.847412 0.000000 0.622442 0.000000 -0.782666 0.000000 0.000000 0.000000
5964.251465 0.000000 1927.304810 0.000000 0.241135 0.000000 -0.970492 0.000000 0.000000 0.000000
5979.504395 0.000000 1934.447144 0.000000 0.233827 0.000000 -0.972278 1.000000 1.000000 1.000000
5977.304688 0.000000 1921.462402 0.000000 0.772116 0.000000 -0.635481 0.000000 0.000000 0.000000
5992.388184 0.000000 1970.470337 0.000000 0.955100 0.000000 -0.296284 0.000000 0.000000 0.000000
5967.854980 0.000000 1926.998413 0.000000 0.284516 0.000000 0.958671 1.000000 1.000000 1.000000
5952.371582 0.000000 1925.553589 0.000000 0.780901 0.000000 0.624654 0.000000 0.000000 0.000000
5952.588379 0.000000 1972.771240 0.000000 0.400266 0.000000 0.916399 0.000000 0.000000 0.000000
5973.452637 0.000000 1942.451660 0.000000 0.987963 0.000000 0.154692 1.000000 1.000000 1.000000
5982.652344 0.000000 1932.554077 0.000000 0.996853 0.000000 -0.079277 1.000000 1.000000 1.000000
5959.784180 0.000000 1973.785156 0.000000 0.708938 0.000000 -0.705271 0.000000 0.000000 0.000000
5959.620605 0.000000 1926.697998 0.000000 0.872279 0.000000 -0.489009 1.000000 1.000000 1.000000
5958.073242 0.000000 1974.256226 0.000000 0.583028 0.000000 0.812452 0.000000 0.000000 0.000000
5968.728516 0.000000 1920.475342 0.000000 0.401681 0.000000 -0.915779 0.000000 0.000000 0.000000
5968.790527 0.000000 1928.624023 0.000000 0.145656 0.000000 0.989335 1.000000 1.000000 1.000000
5976.779785 0.000000 1925.005371 0.000000 0.046116 0.000000 0.998936 1.000000 1.000000 1.000000
5971.835449 0.000000 1941.355835 0.000000 0.006004 0.000000 -0.999982 1.000000 1.000000 1.000000
5977.349609 0.000000 1940.419434 0.000000 0.980610 0.000000 -0.195967 1.000000 1.000000 1.000000
5991.989746 0.000000 1946.372681 0.000000 0.572366 0.000000 -0.819999 1.000000 1.000000 1.000000
5926.230957 0.000000 2015.482178 0.000000 0.938267 0.000000 0.345911 0.000000 0.000000 0.000000
5925.432617 0.000000 1987.980225 0.000000 0.985651 0.000000 0.168798 0.000000 0.000000 0.000000
5910.478027 0.000000 2011.846436 0.000000 0.399961 0.000000 -0.916532 0.000000 0.000000 0.000000
5914.122559 0.000000 1987.761475 0.000000 0.757200 0.000000 -0.653183 0.000000 0.000000 0.000000
5913.237793 0.000000 1983.112061 0.000000 0.770077 0.000000 -0.637951 0.000000 0.000000 0.000000
5946.385254 0.000000 1979.545166 0.000000 0.274394 0.000000 0.961617 0.000000 0.000000 0.000000
5938.798340 0.000000 2013.634277 0.000000 0.370806 0.000000 0.928710 0.000000 0.000000 0.000000
5908.994629 0.000000 1979.505859 0.000000 0.625001 0.000000 -0.780624 0.000000 0.000000 0.000000
5918.608887 0.000000 1982.492798 0.000000 0.586326 0.000000 -0.810075 0.000000 0.000000 0.000000
5923.200195 0.000000 1989.750122 0.000000 0.988272 0.000000 0.152701 0.000000 0.000000 0.000000
5924.575195 0.000000 1979.342163 0.000000 0.553649 0.000000 -0.832750 0.000000 0.000000 0.000000
5890.822754 0.000000 2010.921265 0.000000 0.293901 0.000000 -0.955836 0.000000 0.000000 0.000000
5900.721191 0.000000 2015.277954 0.000000 0.840327 0.000000 0.542080 0.000000 0.000000 0.000000
5921.491699 0.000000 1982.848389 0.000000 0.006089 0.000000 0.999981 0.000000 0.000000 0.000000
5908.805176 0.000000 1977.020630 0.000000 0.069624 0.000000 -0.997573 0.000000 0.000000 0.000000
5943.044922 0.000000 2016.041504 0.000000 0.981879 0.000000 -0.189511 0.000000 0.000000 0.000000
5950.948242 0.000000 1979.107300 0.000000 0.089234 0.000000 0.996011 0.000000 0.000000 0.000000
5924.952637 0.000000 2017.430054 0.000000 0.840417 0.000000 -0.541940 0.000000 0.000000 0.000000
5940.657715 0.000000 1976.989258 0.000000 0.721552 0.000000 -0.692360 0.000000 0.000000 0.000000
5899.263184 0.000000 2013.515503 0.000000 0.926981 0.000000 0.375108 1.000000 1.000000 1.000000
5889.042969 0.000000 2009.454224 0.000000 0.127105 0.000000 0.991889 0.000000 0.000000 0.000000
5928.647949 0.000000 1978.279785 0.000000 0.999999 0.000000 0.001642 0.000000 0.000000 0.000000
5933.143066 0.000000 1977.255493 0.000000 0.132562 0.000000 0.991175 0.000000 0.000000 0.000000
5944.246582 0.000000 1979.810059 0.000000 0.997477 0.000000 0.070992 0.000000 0.000000 0.000000
5933.814941 0.000000 2013.499268 0.000000 0.453890 0.000000 -0.891058 1.000000 1.000000 1.000000
5931.060059 0.000000 2011.086670 0.000000 0.900502 0.000000 0.434852 1.000000 1.000000 1.000000
5933.537598 0.000000 2017.342773 0.000000 0.160004 0.000000 -0.987116 0.000000 0.000000 0.000000
5928.756348 0.000000 1982.419678 0.000000 0.139601 0.000000 -0.990208 0.000000 0.000000 0.000000
5948.271484 0.000000 1985.466431 0.000000 0.051653 0.000000 -0.998665 0.000000 0.000000 0.000000
5928.567383 0.000000 2011.636475 0.000000 0.211307 0.000000 0.977420 0.000000 0.000000 0.000000
5924.990723 0.000000 1977.638672 0.000000 0.987581 0.000000 0.157113 0.000000 0.000000 0.000000
5931.765137 0.000000 2006.237427 0.000000 0.589509 0.000000 0.807762 1.000000 1.000000 1.000000
5930.375488 0.000000 2008.496338 0.000000 0.146095 0.000000 -0.989271 1.000000 1.000000 1.000000
5997.516602 0.000000 1991.686401 0.000000 0.488616 0.000000 0.872499 0.000000 0.000000 0.000000
5993.260742 0.000000 2021.175293 0.000000 0.565516 0.000000 -0.824737 0.000000 0.000000 0.000000
6013.292480 0.000000 1989.512085 0.000000 0.409174 0.000000 -0.912457 0.000000 0.000000 0.000000
5975.491699 0.000000 1977.584595 0.000000 0.576503 0.000000 0.817095 0.000000 0.000000 0.000000
5969.256836 0.000000 2011.667969 0.000000 0.665864 0.000000 0.746073 0.000000 0.000000 0.000000
6007.531250 0.000000 1987.556763 0.000000 0.922223 0.000000 -0.386658 0.000000 0.000000 0.000000
5978.364746 0.000000 2002.514404 0.000000 0.871330 0.000000 0.490698 1.000000 1.000000 1.000000
5987.991211 0.000000 1992.679565 0.000000 0.329702 0.000000 -0.944085 0.000000 0.000000 0.000000
5977.237793 0.000000 1983.112061 0.000000 0.981804 0.000000 -0.189896 0.000000 0.000000 0.000000
5973.668945 0.000000 1986.742065 0.000000 0.795344 0.000000 0.606158 0.000000 0.000000 0.000000
5984.426758 0.000000 1989.390991 0.000000 0.985677 0.000000 -0.168642 0.000000 0.000000 0.000000
5979.932617 0.000000 1997.222778 0.000000 0.999833 0.000000 -0.018274 0.000000 0.000000 0.000000
5967.831543 0.000000 1981.125000 0.000000 0.998308 0.000000 -0.058150 0.000000 0.000000 0.000000
5988.620605 0.000000 2023.661621 0.000000 0.648542 0.000000 -0.761179 0.000000 0.000000 0.000000
5981.530273 0.000000 2004.245483 0.000000 0.818453 0.000000 0.574573 0.000000 0.000000 0.000000
5956.948730 0.000000 1977.068237 0.000000 0.938373 0.000000 -0.345625 0.000000 0.000000 0.000000
5963.486816 0.000000 1985.512695 0.000000 0.908130 0.000000 0.418689 1.000000 1.000000 1.000000
6011.100586 0.000000 1987.045898 0.000000 0.357513 0.000000 0.933908 0.000000 0.000000 0.000000
5954.356934 0.000000 1981.851318 0.000000 0.423857 0.000000 0.905729 1.000000 1.000000 1.000000
5969.722656 0.000000 2029.130493 0.000000 0.480537 0.000000 -0.876975 0.000000 0.000000 0.000000
5964.526855 0.000000 1999.998901 0.000000 0.977191 0.000000 -0.212364 0.000000 0.000000 0.000000
5971.991699 0.000000 2010.180664 0.000000 0.199419 0.000000 -0.979914 0.000000 0.000000 0.000000
5962.072266 0.000000 2033.125122 0.000000 0.654850 0.000000 -0.755759 0.000000 0.000000 0.000000
5965.099609 0.000000 1996.729736 0.000000 0.816459 0.000000 0.577404 0.000000 0.000000 0.000000
5972.994629 0.000000 1979.505859 0.000000 0.670494 0.000000 -0.741915 0.000000 0.000000 0.000000
5972.094727 0.000000 1992.354004 0.000000 0.099573 0.000000 0.995030 1.000000 1.000000 1.000000
5968.939453 0.000000 1992.881836 0.000000 0.823043 0.000000 0.567979 1.000000 1.000000 1.000000
5987.200195 0.000000 1989.750122 0.000000 0.785357 0.000000 0.619044 0.000000 0.000000 0.000000
5979.635742 0.000000 2000.003540 0.000000 0.103026 0.000000 -0.994679 0.000000 0.000000 0.000000
5968.186523 0.000000 1996.104370 0.000000 0.991960 0.000000 -0.126551 0.000000 0.000000 0.000000
5953.451660 0.000000 1986.345581 0.000000 0.964689 0.000000 -0.263393 0.000000 0.000000 0.000000
5966.979980 0.000000 2001.793335 0.000000 0.793524 0.000000 0.608539 1.000000 1.000000 1.000000
5962.564941 0.000000 1979.502075 0.000000 0.904684 0.000000 0.426083 0.000000 0.000000 0.000000
5974.782715 0.000000 1984.256470 0.000000 0.886943 0.000000 0.461879 0.000000 0.000000 0.000000
5959.408691 0.000000 1994.790649 0.000000 0.471369 0.000000 -0.881936 0.000000 0.000000 0.000000
5968.716797 0.000000 2009.050903 0.000000 0.802691 0.000000 0.596395 0.000000 0.000000 0.000000
5962.329590 0.000000 2001.657715 0.000000 0.997738 0.000000 -0.067219 0.000000 0.000000 0.000000
5985.412109 0.000000 1991.910278 0.000000 0.009906 0.000000 -0.999951 0.000000 0.000000 0.000000
5971.640625 0.000000 2002.264893 0.000000 0.951764 0.000000 0.306830 1.000000 1.000000 1.000000
5984.544434 0.000000 2024.284668 0.000000 0.220506 0.000000 -0.975386 0.000000 0.000000 0.000000
5958.363770 0.000000 1986.465820 0.000000 0.249974 0.000000 0.968253 0.000000 0.000000 0.000000
5972.805176 0.000000 1977.020630 0.000000 0.397310 0.000000 -0.917684 0.000000 0.000000 0.000000
5970.128418 0.000000 1997.714722 0.000000 0.136272 0.000000 0.990671 0.000000 0.000000 0.000000
5976.535645 0.000000 1993.308105 0.000000 0.941808 0.000000 -0.336151 0.000000 0.000000 0.000000
5971.362793 0.000000 2004.940918 0.000000 0.988265 0.000000 0.152751 1.000000 1.000000 1.000000
5979.190918 0.000000 2005.262573 0.000000 0.998799 0.000000 -0.048997 0.000000 0.000000 0.000000
5983.328613 0.000000 2027.275024 0.000000 0.057496 0.000000 -0.998346 0.000000 0.000000 0.000000
5965.612305 0.000000 1980.081787 0.000000 0.139132 0.000000 -0.990274 1.000000 1.000000 1.000000
5965.487793 0.000000 1986.969849 0.000000 0.363076 0.000000 0.931759 1.000000 1.000000 1.000000
5980.838379 0.000000 2002.020508 0.000000 0.299148 0.000000 0.954207 0.000000 0.000000 0.000000
5975.885254 0.000000 2002.733276 0.000000 0.652059 0.000000 0.758169 1.000000 1.000000 1.000000
5958.475098 0.000000 1991.543823 0.000000 0.264978 0.000000 0.964254 0.000000 0.000000 0.000000
5988.144531 0.000000 2025.914551 0.000000 0.892986 0.000000 -0.450085 0.000000 0.000000 0.000000
5975.105957 0.000000 1998.189819 0.000000 0.511475 0.000000 0.859298 1.000000 1.000000 1.000000
5990.962402 0.000000 2021.133057 0.000000 0.873290 0.000000 -0.487201 0.000000 0.000000 0.000000
5997.143066 0.000000 1977.255493 0.000000 0.818569 0.000000 0.574408 0.000000 0.000000 0.000000
5986.508301 0.000000 2023.518799 0.000000 0.949318 0.000000 0.314317 0.000000 0.000000 0.000000
5991.167969 0.000000 2025.423096 0.000000 0.329154 0.000000 0.944276 0.000000 0.000000 0.000000
5977.598145 0.000000 2000.584717 0.000000 0.855166 0.000000 0.518354 1.000000 1.000000 1.000000
6002.317871 0.000000 1981.406250 0.000000 0.976450 0.000000 0.215745 0.000000 0.000000 0.000000
5968.905273 0.000000 2030.852539 0.000000 0.376922 0.000000 -0.926245 1.000000 1.000000 1.000000
5968.278320 0.000000 1990.508911 0.000000 0.475496 0.000000 0.879718 0.000000 0.000000 0.000000
5963.084961 0.000000 1987.331787 0.000000 0.055585 0.000000 0.998454 1.000000 1.000000 1.000000
5964.251465 0.000000 1983.789185 0.000000 0.242947 0.000000 0.970040 1.000000 1.000000 1.000000
5974.981445 0.000000 2005.177734 0.000000 0.351862 0.000000 0.936052 0.000000 0.000000 0.000000
5961.693359 0.000000 1986.015869 0.000000 0.485733 0.000000 0.874107 0.000000 0.000000 0.000000
6005.097168 0.000000 1978.738403 0.000000 0.746260 0.000000 -0.665655 0.000000 0.000000 0.000000
5979.849121 0.000000 2003.558716 0.000000 0.997323 0.000000 -0.073117 1.000000 1.000000 1.000000
5976.422363 0.000000 2006.653320 0.000000 0.888374 0.000000 -0.459120 0.000000 0.000000 0.000000
5964.062012 0.000000 1998.258545 0.000000 0.035803 0.000000 0.999359 0.000000 0.000000 0.000000
5966.777344 0.000000 1997.205322 0.000000 0.818122 0.000000 0.575044 0.000000 0.000000 0.000000
5968.985352 0.000000 1999.128906 0.000000 0.148151 0.000000 0.988965 1.000000 1.000000 1.000000
5965.306641 0.000000 2001.504639 0.000000 0.956803 0.000000 -0.290737 0.000000 0.000000 0.000000
5970.442383 0.000000 1991.969727 0.000000 0.947031 0.000000 -0.321142 1.000000 1.000000 1.000000
5971.835449 0.000000 1997.840210 0.000000 0.997917 0.000000 0.064515 0.000000 0.000000 0.000000
5977.349609 0.000000 1996.903809 0.000000 0.264164 0.000000 0.964478 1.000000 1.000000 1.000000
5955.050781 0.000000 1980.347412 0.000000 0.919091 0.000000 -0.394045 1.000000 1.000000 1.000000
6016.163086 0.000000 1955.215332 0.000000 0.789512 0.000000 0.613735 0.000000 0.000000 0.000000
6063.722656 0.000000 2021.272827 0.000000 0.000741 0.000000 -1.000000 0.000000 0.000000 0.000000
6046.236816 0.000000 2029.483032 0.000000 0.893148 0.000000 0.449763 0.000000 0.000000 0.000000
6039.890625 0.000000 1996.010864 0.000000 0.159971 0.000000 -0.987122 0.000000 0.000000 0.000000
6067.456055 0.000000 2027.241333 0.000000 0.999842 0.000000 -0.017766 0.000000 0.000000 0.000000
6046.060547 0.000000 2025.108032 0.000000 0.530885 0.000000 -0.847444 0.000000 0.000000 0.000000
6019.837402 0.000000 2000.515259 0.000000 0.896914 0.000000 -0.442205 0.000000 0.000000 0.000000
6067.213867 0.000000 2023.210327 0.000000 0.748391 0.000000 0.663257 0.000000 0.000000 0.000000
6020.755371 0.000000 2004.825806 0.000000 0.866899 0.000000 -0.498483 0.000000 0.000000 0.000000
6016.894531 0.000000 2007.253296 0.000000 0.917711 0.000000 0.397250 0.000000 0.000000 0.000000
6019.510742 0.000000 2023.881104 0.000000 0.971037 0.000000 0.238930 0.000000 0.000000 0.000000
6025.604492 0.000000 2004.407471 0.000000 0.912419 0.000000 0.409257 0.000000 0.000000 0.000000
6035.991699 0.000000 2010.180664 0.000000 0.016844 0.000000 0.999858 0.000000 0.000000 0.000000
6044.947754 0.000000 2007.024902 0.000000 0.040102 0.000000 -0.999196 0.000000 0.000000 0.000000
6022.395508 0.000000 2007.008789 0.000000 0.286001 0.000000 0.958229 0.000000 0.000000 0.000000
6039.339844 0.000000 2009.360596 0.000000 0.997410 0.000000 0.071928 0.000000 0.000000 0.000000
6023.143066 0.000000 2004.337646 0.000000 0.895461 0.000000 -0.445140 0.000000 0.000000 0.000000
6047.330566 0.000000 2009.374268 0.000000 0.994977 0.000000 0.100107 0.000000 0.000000 0.000000
6035.576660 0.000000 2012.404785 0.000000 0.637163 0.000000 0.770729 0.000000 0.000000 0.000000
6048.801270 0.000000 2005.268311 0.000000 0.175245 0.000000 0.984525 0.000000 0.000000 0.000000
6058.281250 0.000000 2019.164917 0.000000 0.959447 0.000000 -0.281888 0.000000 0.000000 0.000000
6059.628906 0.000000 2017.344238 0.000000 0.980551 0.000000 0.196267 0.000000 0.000000 0.000000
6049.680176 0.000000 2032.780884 0.000000 0.854943 0.000000 -0.518723 0.000000 0.000000 0.000000
6050.177734 0.000000 2003.886230 0.000000 0.156741 0.000000 0.987640 0.000000 0.000000 0.000000
6017.726074 0.000000 2019.857544 0.000000 0.220186 0.000000 0.975458 0.000000 0.000000 0.000000
6050.087402 0.000000 2002.008301 0.000000 0.590272 0.000000 0.807205 0.000000 0.000000 0.000000
6106.979980 0.000000 2018.785889 0.000000 0.974117 0.000000 -0.226046 0.000000 0.000000 0.000000
5677.516602 0.000000 2048.170898 0.000000 0.866908 0.000000 0.498468 0.000000 0.000000 0.000000
5679.145508 0.000000 2051.585449 0.000000 0.221180 0.000000 0.975233 0.000000 0.000000 0.000000
5678.245605 0.000000 2053.360107 0.000000 0.663625 0.000000 -0.748065 0.000000 0.000000 0.000000
5734.230957 0.000000 2071.966553 0.000000 0.999548 0.000000 -0.030052 0.000000 0.000000 0.000000
5737.967773 0.000000 2063.255371 0.000000 0.930072 0.000000 -0.367378 0.000000 0.000000 0.000000
5743.537109 0.000000 2060.565918 0.000000 0.582331 0.000000 -0.812952 0.000000 0.000000 0.000000
5753.384766 0.000000 2089.689209 0.000000 0.736983 0.000000 -0.675911 0.000000 0.000000 0.000000
5749.519043 0.000000 2060.062988 0.000000 0.004894 0.000000 -0.999988 0.000000 0.000000 0.000000
5752.639160 0.000000 2038.409790 0.000000 0.432525 0.000000 -0.901622 0.000000 0.000000 0.000000
5735.591309 0.000000 2075.273438 0.000000 0.774474 0.000000 0.632606 0.000000 0.000000 0.000000
5740.127930 0.000000 2060.878906 0.000000 0.520637 0.000000 0.853778 1.000000 1.000000 1.000000
5752.473633 0.000000 2041.568237 0.000000 0.680454 0.000000 -0.732790 0.000000 0.000000 0.000000
5740.051758 0.000000 2065.531738 0.000000 0.323990 0.000000 0.946060 0.000000 0.000000 0.000000
5752.742188 0.000000 2063.331299 0.000000 0.990420 0.000000 0.138084 0.000000 0.000000 0.000000
5732.952637 0.000000 2073.914307 0.000000 0.456933 0.000000 0.889501 0.000000 0.000000 0.000000
5759.163574 0.000000 2066.112061 0.000000 0.969711 0.000000 0.244254 0.000000 0.000000 0.000000
5759.273438 0.000000 2044.828613 0.000000 0.749650 0.000000 -0.661835 0.000000 0.000000 0.000000
5753.072754 0.000000 2083.554688 0.000000 0.906761 0.000000 -0.421645 1.000000 1.000000 1.000000
5736.179688 0.000000 2061.622070 0.000000 0.899275 0.000000 0.437383 0.000000 0.000000 0.000000
5736.199219 0.000000 2064.283447 0.000000 0.104774 0.000000 0.994496 1.000000 1.000000 1.000000
5739.311523 0.000000 2058.585205 0.000000 0.684075 0.000000 0.729412 0.000000 0.000000 0.000000
5746.395020 0.000000 2063.454102 0.000000 0.913580 0.000000 0.406659 1.000000 1.000000 1.000000
5745.909180 0.000000 2065.278809 0.000000 0.975588 0.000000 -0.219607 0.000000 0.000000 0.000000
5741.839355 0.000000 2060.123291 0.000000 0.848709 0.000000 0.528860 1.000000 1.000000 1.000000
5739.765137 0.000000 2062.721680 0.000000 0.691322 0.000000 -0.722547 1.000000 1.000000 1.000000
5738.375488 0.000000 2064.980713 0.000000 0.190468 0.000000 0.981693 1.000000 1.000000 1.000000
5672.832520 0.000000 2093.423096 0.000000 0.669775 0.000000 0.742564 0.000000 0.000000 0.000000
5660.431641 0.000000 2097.429688 0.000000 0.873092 0.000000 0.487555 0.000000 0.000000 0.000000
5662.961914 0.000000 2090.883301 0.000000 0.276192 0.000000 -0.961103 0.000000 0.000000 0.000000
5661.958984 0.000000 2100.122314 0.000000 0.999869 0.000000 0.016203 0.000000 0.000000 0.000000
5665.365723 0.000000 2100.096680 0.000000 0.575686 0.000000 -0.817671 1.000000 1.000000 1.000000
5656.641113 0.000000 2145.646484 0.000000 0.914316 0.000000 0.405001 0.000000 0.000000 0.000000
5662.021484 0.000000 2098.188721 0.000000 0.027306 0.000000 0.999627 1.000000 1.000000 1.000000
5663.632324 0.000000 2100.590576 0.000000 0.983817 0.000000 0.179178 1.000000 1.000000 1.000000
5815.638184 0.000000 2049.180908 0.000000 0.687872 0.000000 0.725832 0.000000 0.000000 0.000000
5804.062988 0.000000 2042.426636 0.000000 0.518478 0.000000 -0.855091 0.000000 0.000000 0.000000
5804.083496 0.000000 2053.498535 0.000000 0.994495 0.000000 0.104783 0.000000 0.000000 0.000000
5810.318359 0.000000 2033.643433 0.000000 0.294507 0.000000 -0.955649 0.000000 0.000000 0.000000
5798.535645 0.000000 2062.945557 0.000000 0.999044 0.000000 -0.043714 0.000000 0.000000 0.000000
5802.673340 0.000000 2033.581421 0.000000 0.250045 0.000000 -0.968234 0.000000 0.000000 0.000000
5807.663086 0.000000 2043.449341 0.000000 0.325377 0.000000 0.945584 0.000000 0.000000 0.000000
5802.288574 0.000000 2056.585205 0.000000 0.389240 0.000000 -0.921136 0.000000 0.000000 0.000000
5798.469727 0.000000 2060.031494 0.000000 0.386475 0.000000 0.922300 0.000000 0.000000 0.000000
5775.671387 0.000000 2034.966553 0.000000 0.193321 0.000000 -0.981136 0.000000 0.000000 0.000000
5805.942871 0.000000 2055.378418 0.000000 0.996343 0.000000 0.085441 0.000000 0.000000 0.000000
5768.173828 0.000000 2055.703857 0.000000 0.550230 0.000000 -0.835013 0.000000 0.000000 0.000000
5778.498535 0.000000 2037.255493 0.000000 0.442566 0.000000 0.896736 0.000000 0.000000 0.000000
5796.952637 0.000000 2073.914307 0.000000 0.597311 0.000000 0.802010 0.000000 0.000000 0.000000
5807.645996 0.000000 2041.135498 0.000000 0.848599 0.000000 -0.529037 0.000000 0.000000 0.000000
5816.096680 0.000000 2061.081543 0.000000 0.724756 0.000000 0.689005 0.000000 0.000000 0.000000
5800.179688 0.000000 2061.622070 0.000000 0.993083 0.000000 0.117417 0.000000 0.000000 0.000000
5800.199219 0.000000 2064.283447 0.000000 0.707968 0.000000 0.706245 0.000000 0.000000 0.000000
5803.311523 0.000000 2058.585205 0.000000 0.906554 0.000000 0.422090 0.000000 0.000000 0.000000
5799.147461 0.000000 2070.340820 0.000000 0.910943 0.000000 -0.412533 0.000000 0.000000 0.000000
5882.544434 0.000000 2073.860596 0.000000 0.594605 0.000000 -0.804018 0.000000 0.000000 0.000000
5861.982422 0.000000 2083.699219 0.000000 0.918633 0.000000 0.395112 0.000000 0.000000 0.000000
5849.621582 0.000000 2081.312256 0.000000 0.094838 0.000000 0.995493 0.000000 0.000000 0.000000
5845.502930 0.000000 2081.756592 0.000000 0.408337 0.000000 -0.912831 0.000000 0.000000 0.000000
5857.099609 0.000000 2067.387207 0.000000 0.577839 0.000000 -0.816151 0.000000 0.000000 0.000000
5837.099609 0.000000 2053.214111 0.000000 0.987544 0.000000 0.157344 0.000000 0.000000 0.000000
5854.952637 0.000000 2052.949707 0.000000 0.210299 0.000000 0.977637 0.000000 0.000000 0.000000
5862.469727 0.000000 2060.031494 0.000000 0.113916 0.000000 0.993490 0.000000 0.000000 0.000000
5835.616211 0.000000 2062.778564 0.000000 0.789264 0.000000 -0.614054 1.000000 1.000000 1.000000
5873.394043 0.000000 2058.767334 0.000000 0.682870 0.000000 -0.730540 0.000000 0.000000 0.000000
5842.128418 0.000000 2054.199219 0.000000 0.529547 0.000000 0.848280 0.000000 0.000000 0.000000
5847.339844 0.000000 2065.844971 0.000000 0.696942 0.000000 0.717128 0.000000 0.000000 0.000000
5831.143066 0.000000 2060.822021 0.000000 0.985955 0.000000 0.167012 0.000000 0.000000 0.000000
5884.008301 0.000000 2075.714600 0.000000 0.980878 0.000000 0.194626 0.000000 0.000000 0.000000
5860.550293 0.000000 2064.231445 0.000000 0.707813 0.000000 -0.706400 0.000000 0.000000 0.000000
5856.330078 0.000000 2087.734863 0.000000 0.820835 0.000000 0.571165 0.000000 0.000000 0.000000
5887.163574 0.000000 2066.112061 0.000000 0.331838 0.000000 0.943336 1.000000 1.000000 1.000000
5859.522949 0.000000 2078.083496 0.000000 0.998926 0.000000 0.046337 0.000000 0.000000 0.000000
5880.096680 0.000000 2061.081543 0.000000 0.961418 0.000000 0.275093 0.000000 0.000000 0.000000
5843.576660 0.000000 2068.889160 0.000000 0.629923 0.000000 0.776658 0.000000 0.000000 0.000000
5860.916016 0.000000 2061.500000 0.000000 0.477492 0.000000 -0.878636 0.000000 0.000000 0.000000
5856.801270 0.000000 2061.752686 0.000000 0.952070 0.000000 -0.305879 0.000000 0.000000 0.000000
5844.821777 0.000000 2064.548584 0.000000 0.486427 0.000000 0.873721 0.000000 0.000000 0.000000
5832.722168 0.000000 2065.956543 0.000000 0.341901 0.000000 0.939736 0.000000 0.000000 0.000000
5886.854492 0.000000 2060.020996 0.000000 0.008400 0.000000 -0.999965 0.000000 0.000000 0.000000
5839.228516 0.000000 2060.449707 0.000000 0.965818 0.000000 -0.259222 0.000000 0.000000 0.000000
5875.561035 0.000000 2059.699463 0.000000 0.942076 0.000000 -0.335399 0.000000 0.000000 0.000000
5836.080078 0.000000 2064.726318 0.000000 0.982484 0.000000 0.186349 0.000000 0.000000 0.000000
5857.680176 0.000000 2089.265137 0.000000 0.279691 0.000000 -0.960090 0.000000 0.000000 0.000000
5858.177734 0.000000 2060.370605 0.000000 0.877570 0.000000 -0.479448 0.000000 0.000000 0.000000
5861.294434 0.000000 2078.393555 0.000000 0.039395 0.000000 0.999224 0.000000 0.000000 0.000000
5864.832520 0.000000 2093.423096 0.000000 0.509399 0.000000 -0.860531 0.000000 0.000000 0.000000
5833.795410 0.000000 2089.946289 0.000000 0.996944 0.000000 -0.078120 0.000000 0.000000 0.000000
5857.049316 0.000000 2091.172119 0.000000 0.200577 0.000000 -0.979678 0.000000 0.000000 0.000000
5853.096680 0.000000 2090.318115 0.000000 0.996863 0.000000 -0.079148 0.000000 0.000000 0.000000
5641.400879 0.000000 2162.525391 0.000000 0.456490 0.000000 0.889729 0.000000 0.000000 0.000000
5658.364746 0.000000 2171.967529 0.000000 0.050601 0.000000 0.998719 0.000000 0.000000 0.000000
5655.293457 0.000000 2169.970947 0.000000 0.214630 0.000000 0.976695 0.000000 0.000000 0.000000
5636.948730 0.000000 2146.521240 0.000000 0.998735 0.000000 -0.050276 0.000000 0.000000 0.000000
5651.991699 0.000000 2179.633789 0.000000 0.017517 0.000000 -0.999847 0.000000 0.000000 0.000000
5662.961914 0.000000 2147.367676 0.000000 0.259984 0.000000 0.965613 0.000000 0.000000 0.000000
5662.608887 0.000000 2151.945801 0.000000 0.952482 0.000000 -0.304595 0.000000 0.000000 0.000000
5648.939453 0.000000 2162.334961 0.000000 0.849261 0.000000 -0.527974 0.000000 0.000000 0.000000
5653.235840 0.000000 2166.267334 0.000000 0.942187 0.000000 0.335086 0.000000 0.000000 0.000000
5638.395508 0.000000 2176.461914 0.000000 0.103638 0.000000 -0.994615 0.000000 0.000000 0.000000
5649.436523 0.000000 2170.275391 0.000000 0.993536 0.000000 -0.113514 0.000000 0.000000 0.000000
5651.640625 0.000000 2171.718018 0.000000 0.388979 0.000000 -0.921247 0.000000 0.000000 0.000000
5655.339844 0.000000 2178.813721 0.000000 0.187000 0.000000 -0.982360 0.000000 0.000000 0.000000
5645.872070 0.000000 2174.808838 0.000000 0.722644 0.000000 0.691221 1.000000 1.000000 1.000000
5645.487793 0.000000 2156.422852 0.000000 0.228954 0.000000 -0.973437 0.000000 0.000000 0.000000
5655.885254 0.000000 2172.186279 0.000000 0.770758 0.000000 0.637128 0.000000 0.000000 0.000000
5655.105957 0.000000 2167.642822 0.000000 0.583267 0.000000 0.812281 0.000000 0.000000 0.000000
5663.005371 0.000000 2181.311035 0.000000 0.619452 0.000000 -0.785035 0.000000 0.000000 0.000000
5659.443848 0.000000 2178.671143 0.000000 0.243237 0.000000 -0.969967 0.000000 0.000000 0.000000
5652.821777 0.000000 2177.517334 0.000000 0.104620 0.000000 -0.994512 0.000000 0.000000 0.000000
5657.598145 0.000000 2170.037842 0.000000 0.460789 0.000000 -0.887510 0.000000 0.000000 0.000000
5647.228516 0.000000 2173.418457 0.000000 0.910880 0.000000 -0.412671 1.000000 1.000000 1.000000
5662.725586 0.000000 2149.998779 0.000000 0.966753 0.000000 0.255712 0.000000 0.000000 0.000000
5642.618164 0.000000 2159.950684 0.000000 0.521849 0.000000 -0.853038 0.000000 0.000000 0.000000
5645.704590 0.000000 2159.232910 0.000000 0.334247 0.000000 -0.942486 0.000000 0.000000 0.000000
5644.080078 0.000000 2177.695068 0.000000 0.796552 0.000000 -0.604571 0.000000 0.000000 0.000000
5643.557617 0.000000 2186.354004 0.000000 0.971241 0.000000 -0.238100 0.000000 0.000000 0.000000
5657.304688 0.000000 2147.399902 0.000000 0.937647 0.000000 0.347590 0.000000 0.000000 0.000000
5653.609863 0.000000 2179.055176 0.000000 0.992396 0.000000 0.123083 1.000000 1.000000 1.000000
5711.325195 0.000000 2181.414795 0.000000 0.929788 0.000000 0.368096 0.000000 0.000000 0.000000
5716.968750 0.000000 2255.015625 0.000000 0.246424 0.000000 -0.969162 0.000000 0.000000 0.000000
5741.516602 0.000000 2217.624023 0.000000 0.372834 0.000000 -0.927898 0.000000 0.000000 0.000000
5713.360840 0.000000 2249.051025 0.000000 0.802481 0.000000 -0.596678 0.000000 0.000000 0.000000
5818.544434 0.000000 2186.829346 0.000000 0.598428 0.000000 0.801177 0.000000 0.000000 0.000000
5813.860840 0.000000 2194.472656 0.000000 0.923161 0.000000 0.384414 1.000000 1.000000 1.000000
5777.722656 0.000000 2198.583496 0.000000 0.647172 0.000000 0.762344 0.000000 0.000000 0.000000
5792.544434 0.000000 2193.737793 0.000000 0.992977 0.000000 0.118307 0.000000 0.000000 0.000000
5822.390625 0.000000 2202.166748 0.000000 0.975789 0.000000 0.218716 0.000000 0.000000 0.000000
5813.789062 0.000000 2189.850098 0.000000 0.159903 0.000000 0.987133 0.000000 0.000000 0.000000
5809.031738 0.000000 2192.744873 0.000000 0.939253 0.000000 0.343226 0.000000 0.000000 0.000000
5810.103516 0.000000 2194.739258 0.000000 0.266660 0.000000 -0.963791 0.000000 0.000000 0.000000
5815.867676 0.000000 2193.637939 0.000000 0.700786 0.000000 -0.713371 0.000000 0.000000 0.000000
5785.618652 0.000000 2198.083496 0.000000 0.991934 0.000000 0.126752 0.000000 0.000000 0.000000
5813.101074 0.000000 2191.731689 0.000000 0.972528 0.000000 0.232788 0.000000 0.000000 0.000000
5813.007812 0.000000 2187.556641 0.000000 0.998593 0.000000 -0.053034 1.000000 1.000000 1.000000
5813.449707 0.000000 2196.297852 0.000000 0.324275 0.000000 -0.945963 0.000000 0.000000 0.000000
5815.432129 0.000000 2195.489990 0.000000 0.488479 0.000000 -0.872576 1.000000 1.000000 1.000000
5812.072754 0.000000 2194.909424 0.000000 0.888124 0.000000 -0.459603 1.000000 1.000000 1.000000
5814.588867 0.000000 2199.589355 0.000000 0.896787 0.000000 0.442462 0.000000 0.000000 0.000000
5819.964844 0.000000 2197.708008 0.000000 0.978512 0.000000 0.206191 1.000000 1.000000 1.000000
5828.032715 0.000000 2178.017822 0.000000 0.924962 0.000000 -0.380059 0.000000 0.000000 0.000000
5859.765137 0.000000 2172.253418 0.000000 0.999863 0.000000 0.016548 0.000000 0.000000 0.000000
5878.173828 0.000000 2152.590576 0.000000 0.666601 0.000000 0.745415 0.000000 0.000000 0.000000
5876.014648 0.000000 2155.249512 0.000000 0.657366 0.000000 -0.753572 0.000000 0.000000 0.000000
5859.666992 0.000000 2182.892578 0.000000 0.622157 0.000000 0.782892 0.000000 0.000000 0.000000
5830.507812 0.000000 2198.497314 0.000000 0.888354 0.000000 0.459159 0.000000 0.000000 0.000000
5883.100586 0.000000 2156.499023 0.000000 0.619781 0.000000 0.784775 0.000000 0.000000 0.000000
5862.581055 0.000000 2181.530762 0.000000 0.460697 0.000000 0.887558 0.000000 0.000000 0.000000
5834.072266 0.000000 2202.578369 0.000000 0.999450 0.000000 0.033152 0.000000 0.000000 0.000000
5882.631836 0.000000 2181.542725 0.000000 0.964097 0.000000 0.265550 0.000000 0.000000 0.000000
5840.939453 0.000000 2162.334961 0.000000 0.494114 0.000000 0.869397 0.000000 0.000000 0.000000
5831.213379 0.000000 2184.606201 0.000000 0.925618 0.000000 -0.378459 0.000000 0.000000 0.000000
5877.566895 0.000000 2158.868408 0.000000 0.514956 0.000000 0.857217 0.000000 0.000000 0.000000
5863.591309 0.000000 2188.242188 0.000000 0.744836 0.000000 -0.667248 0.000000 0.000000 0.000000
5868.127930 0.000000 2173.847656 0.000000 0.064295 0.000000 -0.997931 0.000000 0.000000 0.000000
5880.473633 0.000000 2154.537109 0.000000 0.999394 0.000000 -0.034806 1.000000 1.000000 1.000000
5883.000977 0.000000 2184.207275 0.000000 0.595555 0.000000 0.803315 0.000000 0.000000 0.000000
5838.650879 0.000000 2196.747070 0.000000 0.641755 0.000000 -0.766910 0.000000 0.000000 0.000000
5841.436523 0.000000 2170.275391 0.000000 0.996534 0.000000 0.083184 0.000000 0.000000 0.000000
5843.640625 0.000000 2171.718018 0.000000 0.836217 0.000000 0.548399 0.000000 0.000000 0.000000
5828.384766 0.000000 2197.178955 0.000000 0.421782 0.000000 0.906697 1.000000 1.000000 1.000000
5826.575684 0.000000 2187.533203 0.000000 0.988847 0.000000 0.148934 1.000000 1.000000 1.000000
5826.552734 0.000000 2202.482422 0.000000 0.292795 0.000000 -0.956175 1.000000 1.000000 1.000000
5838.401855 0.000000 2188.102051 0.000000 0.882698 0.000000 0.469940 0.000000 0.000000 0.000000
5879.044922 0.000000 2185.494629 0.000000 0.096274 0.000000 0.995355 0.000000 0.000000 0.000000
5860.952637 0.000000 2186.883057 0.000000 0.662270 0.000000 0.749265 0.000000 0.000000 0.000000
5826.269043 0.000000 2199.840088 0.000000 0.138846 0.000000 0.990314 0.000000 0.000000 0.000000
5879.794922 0.000000 2159.412354 0.000000 0.738978 0.000000 -0.673730 0.000000 0.000000 0.000000
5826.026855 0.000000 2195.032471 0.000000 0.191549 0.000000 0.981483 1.000000 1.000000 1.000000
5829.729492 0.000000 2188.435059 0.000000 0.926310 0.000000 -0.376762 0.000000 0.000000 0.000000
5878.255859 0.000000 2155.166260 0.000000 0.124908 0.000000 0.992168 0.000000 0.000000 0.000000
5887.374512 0.000000 2186.501709 0.000000 0.853047 0.000000 -0.521834 0.000000 0.000000 0.000000
5881.190430 0.000000 2188.513184 0.000000 0.980586 0.000000 0.196088 0.000000 0.000000 0.000000
5879.867676 0.000000 2193.637939 0.000000 0.971503 0.000000 -0.237028 0.000000 0.000000 0.000000
5883.003418 0.000000 2192.416016 0.000000 0.741834 0.000000 0.670583 0.000000 0.000000 0.000000
5830.997070 0.000000 2186.663086 0.000000 0.204515 0.000000 0.978863 0.000000 0.000000 0.000000
5881.678223 0.000000 2161.527832 0.000000 0.841672 0.000000 0.539989 0.000000 0.000000 0.000000
5864.688965 0.000000 2170.806641 0.000000 0.853884 0.000000 -0.520463 0.000000 0.000000 0.000000
5829.572266 0.000000 2193.337158 0.000000 0.988038 0.000000 -0.154212 0.000000 0.000000 0.000000
5867.311523 0.000000 2171.553955 0.000000 0.587300 0.000000 0.809370 0.000000 0.000000 0.000000
5881.129395 0.000000 2185.224854 0.000000 0.997488 0.000000 -0.070831 0.000000 0.000000 0.000000
5834.234863 0.000000 2193.852051 0.000000 0.987078 0.000000 -0.160240 0.000000 0.000000 0.000000
5877.177734 0.000000 2156.926758 0.000000 0.059485 0.000000 0.998229 0.000000 0.000000 0.000000
5828.166992 0.000000 2195.170898 0.000000 0.863578 0.000000 0.504216 1.000000 1.000000 1.000000
5881.007324 0.000000 2192.066895 0.000000 0.343144 0.000000 0.939283 0.000000 0.000000 0.000000
5881.360352 0.000000 2157.662842 0.000000 0.978715 0.000000 0.205225 0.000000 0.000000 0.000000
5841.033691 0.000000 2186.367188 0.000000 0.790646 0.000000 0.612273 1.000000 1.000000 1.000000
5834.618164 0.000000 2197.849609 0.000000 0.743661 0.000000 -0.668556 0.000000 0.000000 0.000000
5863.147461 0.000000 2183.309570 0.000000 0.668936 0.000000 0.743320 0.000000 0.000000 0.000000
5860.099609 0.000000 2184.724121 0.000000 0.795060 0.000000 -0.606531 0.000000 0.000000 0.000000
5828.679688 0.000000 2199.021240 0.000000 0.999161 0.000000 0.040963 0.000000 0.000000 0.000000
5825.726074 0.000000 2189.310791 0.000000 0.372989 0.000000 0.927836 0.000000 0.000000 0.000000
5883.502441 0.000000 2158.403564 0.000000 0.648539 0.000000 -0.761181 0.000000 0.000000 0.000000
5825.843750 0.000000 2192.785889 0.000000 0.349538 0.000000 0.936922 0.000000 0.000000 0.000000
5882.270996 0.000000 2154.739990 0.000000 0.089611 0.000000 -0.995977 0.000000 0.000000 0.000000
5836.919922 0.000000 2196.441895 0.000000 0.872539 0.000000 0.488544 1.000000 1.000000 1.000000
5880.471680 0.000000 2186.862305 0.000000 0.165686 0.000000 -0.986179 0.000000 0.000000 0.000000
5836.970703 0.000000 2193.392090 0.000000 0.319048 0.000000 0.947739 1.000000 1.000000 1.000000
5834.663574 0.000000 2200.991211 0.000000 0.999995 0.000000 0.003210 1.000000 1.000000 1.000000
5769.400879 0.000000 2219.009766 0.000000 0.383540 0.000000 -0.923524 0.000000 0.000000 0.000000
5780.089355 0.000000 2247.707520 0.000000 0.198006 0.000000 -0.980201 0.000000 0.000000 0.000000
5821.512207 0.000000 2202.916748 0.000000 0.698232 0.000000 -0.715871 0.000000 0.000000 0.000000
5765.464844 0.000000 2207.672607 0.000000 0.264835 0.000000 0.964294 0.000000 0.000000 0.000000
5786.987305 0.000000 2202.979492 0.000000 0.980048 0.000000 0.198759 0.000000 0.000000 0.000000
5769.084961 0.000000 2213.708496 0.000000 0.865858 0.000000 -0.500289 0.000000 0.000000 0.000000
5804.194824 0.000000 2214.968018 0.000000 0.696326 0.000000 -0.717726 0.000000 0.000000 0.000000
5774.686523 0.000000 2217.482178 0.000000 0.397758 0.000000 -0.917490 0.000000 0.000000 0.000000
5766.363770 0.000000 2212.403320 0.000000 0.781395 0.000000 -0.624036 0.000000 0.000000 0.000000
5801.128906 0.000000 2223.756348 0.000000 0.427607 0.000000 -0.903965 0.000000 0.000000 0.000000
5822.948242 0.000000 2205.044678 0.000000 0.694951 0.000000 -0.719057 0.000000 0.000000 0.000000
5766.070312 0.000000 2209.930664 0.000000 0.813519 0.000000 0.581538 0.000000 0.000000 0.000000
5816.096680 0.000000 2230.534668 0.000000 0.048629 0.000000 -0.998817 0.000000 0.000000 0.000000
5825.451172 0.000000 2215.066162 0.000000 0.983347 0.000000 -0.181736 0.000000 0.000000 0.000000
5828.948730 0.000000 2203.005615 0.000000 0.574851 0.000000 0.818258 0.000000 0.000000 0.000000
5833.084961 0.000000 2213.708496 0.000000 0.983689 0.000000 0.179879 1.000000 1.000000 1.000000
5824.042480 0.000000 2202.897949 0.000000 0.447200 0.000000 0.894434 1.000000 1.000000 1.000000
5827.820801 0.000000 2216.696045 0.000000 0.353008 0.000000 -0.935620 0.000000 0.000000 0.000000
5834.564941 0.000000 2205.439453 0.000000 0.806032 0.000000 0.591872 0.000000 0.000000 0.000000
5832.614258 0.000000 2216.419434 0.000000 0.344471 0.000000 0.938797 0.000000 0.000000 0.000000
5824.090332 0.000000 2206.186279 0.000000 0.717386 0.000000 -0.696676 0.000000 0.000000 0.000000
5830.363770 0.000000 2212.403320 0.000000 0.979062 0.000000 0.203563 1.000000 1.000000 1.000000
5830.070312 0.000000 2209.930664 0.000000 0.798278 0.000000 -0.602289 1.000000 1.000000 1.000000
5830.936035 0.000000 2206.466553 0.000000 0.992534 0.000000 0.121968 0.000000 0.000000 0.000000
5834.618164 0.000000 2216.435059 0.000000 0.375180 0.000000 0.926952 1.000000 1.000000 1.000000
5835.084961 0.000000 2213.269287 0.000000 0.321075 0.000000 0.947054 1.000000 1.000000 1.000000
5833.693359 0.000000 2211.953369 0.000000 0.861297 0.000000 -0.508102 1.000000 1.000000 1.000000
5827.095703 0.000000 2218.340820 0.000000 0.408449 0.000000 0.912781 0.000000 0.000000 0.000000
5831.620605 0.000000 2209.119873 0.000000 0.362584 0.000000 -0.931951 1.000000 1.000000 1.000000
5909.705078 0.000000 2060.305176 0.000000 0.666682 0.000000 -0.745342 0.000000 0.000000 0.000000
5944.065918 0.000000 2058.800049 0.000000 0.044800 0.000000 -0.998996 0.000000 0.000000 0.000000
5896.407715 0.000000 2041.249878 0.000000 0.980173 0.000000 -0.198143 0.000000 0.000000 0.000000
5936.541992 0.000000 2056.022705 0.000000 0.257717 0.000000 0.966220 0.000000 0.000000 0.000000
5897.203613 0.000000 2069.138184 0.000000 0.091631 0.000000 0.995793 0.000000 0.000000 0.000000
5899.786133 0.000000 2038.490479 0.000000 0.815102 0.000000 -0.579317 0.000000 0.000000 0.000000
5933.375000 0.000000 2058.359131 0.000000 0.907797 0.000000 -0.419409 0.000000 0.000000 0.000000
5892.755371 0.000000 2061.310059 0.000000 0.985354 0.000000 -0.170521 1.000000 1.000000 1.000000
5939.863281 0.000000 2057.810303 0.000000 0.782291 0.000000 -0.622914 0.000000 0.000000 0.000000
5888.894531 0.000000 2063.737549 0.000000 0.845001 0.000000 0.534764 1.000000 1.000000 1.000000
5894.724121 0.000000 2066.945068 0.000000 0.673496 0.000000 0.739191 1.000000 1.000000 1.000000
5896.667480 0.000000 2038.216675 0.000000 0.837781 0.000000 0.546006 0.000000 0.000000 0.000000
5894.395508 0.000000 2063.493164 0.000000 0.770687 0.000000 -0.637214 1.000000 1.000000 1.000000
5901.872070 0.000000 2061.840088 0.000000 0.448642 0.000000 -0.893711 0.000000 0.000000 0.000000
5895.143066 0.000000 2060.822021 0.000000 0.839506 0.000000 -0.543350 1.000000 1.000000 1.000000
5894.028809 0.000000 2056.367188 0.000000 0.744479 0.000000 0.667646 0.000000 0.000000 0.000000
5889.042969 0.000000 2065.938477 0.000000 0.996359 0.000000 0.085259 1.000000 1.000000 1.000000
5928.179688 0.000000 2061.622070 0.000000 0.527108 0.000000 0.849798 0.000000 0.000000 0.000000
5894.953125 0.000000 2069.047852 0.000000 0.999934 0.000000 -0.011525 0.000000 0.000000 0.000000
5891.385254 0.000000 2071.872070 0.000000 0.650540 0.000000 -0.759472 0.000000 0.000000 0.000000
5891.099121 0.000000 2060.139160 0.000000 0.998281 0.000000 0.058611 1.000000 1.000000 1.000000
5896.722168 0.000000 2065.956543 0.000000 0.679186 0.000000 -0.733966 0.000000 0.000000 0.000000
5931.311523 0.000000 2058.585205 0.000000 0.518018 0.000000 0.855370 0.000000 0.000000 0.000000
5892.789062 0.000000 2067.294434 0.000000 0.144141 0.000000 0.989557 0.000000 0.000000 0.000000
5892.483887 0.000000 2063.186279 0.000000 0.428359 0.000000 0.903609 1.000000 1.000000 1.000000
5893.832520 0.000000 2065.303223 0.000000 0.205629 0.000000 0.978630 1.000000 1.000000 1.000000
5890.335449 0.000000 2064.667480 0.000000 0.607354 0.000000 0.794431 1.000000 1.000000 1.000000
5895.546875 0.000000 2064.742432 0.000000 0.448961 0.000000 0.893551 1.000000 1.000000 1.000000
5973.705078 0.000000 2060.305176 0.000000 0.035865 0.000000 -0.999357 0.000000 0.000000 0.000000
5964.978516 0.000000 2034.173462 0.000000 0.859357 0.000000 -0.511376 0.000000 0.000000 0.000000
5982.530273 0.000000 2056.897461 0.000000 0.694544 0.000000 -0.719450 0.000000 0.000000 0.000000
5993.385742 0.000000 2066.355713 0.000000 0.218818 0.000000 -0.975766 0.000000 0.000000 0.000000
6002.584961 0.000000 2061.331787 0.000000 0.518424 0.000000 -0.855123 0.000000 0.000000 0.000000
5963.941895 0.000000 2075.241455 0.000000 0.239870 0.000000 -0.970805 0.000000 0.000000 0.000000
5993.204590 0.000000 2069.998779 0.000000 0.454431 0.000000 -0.890782 0.000000 0.000000 0.000000
5970.230469 0.000000 2071.473145 0.000000 0.923153 0.000000 0.384434 0.000000 0.000000 0.000000
5985.099609 0.000000 2067.387207 0.000000 0.890296 0.000000 0.455382 0.000000 0.000000 0.000000
5999.537109 0.000000 2060.565918 0.000000 0.994435 0.000000 -0.105353 0.000000 0.000000 0.000000
5971.991699 0.000000 2066.665039 0.000000 0.646773 0.000000 0.762683 1.000000 1.000000 1.000000
5985.448730 0.000000 2056.734375 0.000000 0.967790 0.000000 0.251761 0.000000 0.000000 0.000000
5968.244141 0.000000 2062.635254 0.000000 0.843205 0.000000 -0.537593 0.000000 0.000000 0.000000
5991.591309 0.000000 2075.273438 0.000000 0.969213 0.000000 0.246224 0.000000 0.000000 0.000000
5996.127930 0.000000 2060.878906 0.000000 0.173582 0.000000 -0.984819 0.000000 0.000000 0.000000
5968.716797 0.000000 2065.535400 0.000000 0.775455 0.000000 -0.631403 0.000000 0.000000 0.000000
5986.111328 0.000000 2065.052734 0.000000 0.007232 0.000000 -0.999974 0.000000 0.000000 0.000000
5954.552734 0.000000 2089.513672 0.000000 0.830653 0.000000 -0.556791 0.000000 0.000000 0.000000
5971.576660 0.000000 2068.889160 0.000000 0.764235 0.000000 0.644937 1.000000 1.000000 1.000000
5963.263184 0.000000 2069.999756 0.000000 0.743787 0.000000 0.668416 1.000000 1.000000 1.000000
5961.808105 0.000000 2074.604736 0.000000 0.508137 0.000000 -0.861276 0.000000 0.000000 0.000000
5962.704590 0.000000 2056.179932 0.000000 0.213457 0.000000 0.976952 0.000000 0.000000 0.000000
5962.780273 0.000000 2068.221436 0.000000 0.383524 0.000000 -0.923531 1.000000 1.000000 1.000000
5964.062012 0.000000 2054.742920 0.000000 0.533239 0.000000 0.845965 0.000000 0.000000 0.000000
5970.362793 0.000000 2066.073975 0.000000 0.247914 0.000000 -0.968782 1.000000 1.000000 1.000000
5971.881836 0.000000 2071.975098 0.000000 0.604774 0.000000 0.796397 0.000000 0.000000 0.000000
5951.697754 0.000000 2134.645996 0.000000 0.934768 0.000000 0.355258 0.000000 0.000000 0.000000
5951.509766 0.000000 2127.140381 0.000000 0.952275 0.000000 0.305240 1.000000 1.000000 1.000000
5934.782227 0.000000 2131.986084 0.000000 0.927365 0.000000 -0.374158 0.000000 0.000000 0.000000
5948.008301 0.000000 2132.198975 0.000000 0.996532 0.000000 0.083213 0.000000 0.000000 0.000000
5951.163574 0.000000 2122.596436 0.000000 0.894653 0.000000 0.446761 0.000000 0.000000 0.000000
5937.314941 0.000000 2132.620117 0.000000 0.337532 0.000000 0.941314 0.000000 0.000000 0.000000
5937.424316 0.000000 2128.338379 0.000000 0.836702 0.000000 0.547659 0.000000 0.000000 0.000000
5951.374512 0.000000 2130.017334 0.000000 0.998871 0.000000 -0.047511 0.000000 0.000000 0.000000
5938.750488 0.000000 2130.475098 0.000000 0.744259 0.000000 0.667891 1.000000 1.000000 1.000000
5949.282227 0.000000 2133.877197 0.000000 0.525447 0.000000 -0.850827 0.000000 0.000000 0.000000
5948.454590 0.000000 2130.260986 0.000000 0.944236 0.000000 -0.329268 0.000000 0.000000 0.000000
5978.979980 0.000000 2131.754639 0.000000 0.975912 0.000000 -0.218165 0.000000 0.000000 0.000000
5988.045898 0.000000 2095.196777 0.000000 0.814224 0.000000 0.580551 0.000000 0.000000 0.000000
5985.099609 0.000000 2123.871582 0.000000 0.176773 0.000000 0.984252 0.000000 0.000000 0.000000
6012.832520 0.000000 2122.243652 0.000000 0.057819 0.000000 0.998327 0.000000 0.000000 0.000000
5956.948730 0.000000 2090.036865 0.000000 0.866659 0.000000 0.498901 0.000000 0.000000 0.000000
5952.042480 0.000000 2089.929199 0.000000 0.095150 0.000000 0.995463 0.000000 0.000000 0.000000
5965.099609 0.000000 2109.698486 0.000000 0.947881 0.000000 0.318625 0.000000 0.000000 0.000000
5959.213379 0.000000 2128.121826 0.000000 0.618095 0.000000 -0.786104 0.000000 0.000000 0.000000
6005.566895 0.000000 2102.384033 0.000000 0.956010 0.000000 0.293335 0.000000 0.000000 0.000000
5954.822754 0.000000 2123.889893 0.000000 0.141529 0.000000 -0.989934 0.000000 0.000000 0.000000
5986.111328 0.000000 2121.537109 0.000000 0.998488 0.000000 0.054967 0.000000 0.000000 0.000000
5979.190918 0.000000 2118.231201 0.000000 0.832819 0.000000 -0.553546 0.000000 0.000000 0.000000
5953.118652 0.000000 2134.652100 0.000000 0.665893 0.000000 -0.746048 0.000000 0.000000 0.000000
6001.687988 0.000000 2098.874512 0.000000 0.673549 0.000000 0.739142 0.000000 0.000000 0.000000
5995.596680 0.000000 2138.463379 0.000000 0.998348 0.000000 -0.057463 0.000000 0.000000 0.000000
6015.163574 0.000000 2122.596436 0.000000 0.990692 0.000000 0.136121 0.000000 0.000000 0.000000
5983.330566 0.000000 2122.343018 0.000000 0.963435 0.000000 -0.267943 0.000000 0.000000 0.000000
5957.729492 0.000000 2131.950684 0.000000 0.613534 0.000000 0.789669 0.000000 0.000000 0.000000
5998.671387 0.000000 2136.376465 0.000000 0.138115 0.000000 0.990416 0.000000 0.000000 0.000000
5999.085449 0.000000 2128.750000 0.000000 0.880873 0.000000 -0.473352 0.000000 0.000000 0.000000
6001.424316 0.000000 2128.338379 0.000000 0.078198 0.000000 0.996938 0.000000 0.000000 0.000000
5954.069824 0.000000 2114.743652 0.000000 0.692206 0.000000 0.721700 0.000000 0.000000 0.000000
5997.465820 0.000000 2134.217773 0.000000 0.835623 0.000000 -0.549303 0.000000 0.000000 0.000000
5988.916016 0.000000 2117.984375 0.000000 0.782465 0.000000 -0.622694 0.000000 0.000000 0.000000
5997.747070 0.000000 2138.613525 0.000000 0.739468 0.000000 0.673191 1.000000 1.000000 1.000000
5984.801270 0.000000 2118.237061 0.000000 0.526031 0.000000 0.850465 0.000000 0.000000 0.000000
5958.997070 0.000000 2130.178711 0.000000 0.998209 0.000000 0.059828 0.000000 0.000000 0.000000
6002.394043 0.000000 2142.043701 0.000000 0.700244 0.000000 0.713903 0.000000 0.000000 0.000000
5955.099121 0.000000 2116.623535 0.000000 0.603135 0.000000 -0.797639 0.000000 0.000000 0.000000
5994.638672 0.000000 2140.354492 0.000000 0.948463 0.000000 -0.316889 0.000000 0.000000 0.000000
5958.936035 0.000000 2093.497803 0.000000 0.805808 0.000000 -0.592177 0.000000 0.000000 0.000000
6005.449707 0.000000 2139.813477 0.000000 0.388156 0.000000 0.921594 0.000000 0.000000 0.000000
5982.945801 0.000000 2118.385742 0.000000 0.376738 0.000000 0.926320 0.000000 0.000000 0.000000
6004.072754 0.000000 2138.425049 0.000000 0.265734 0.000000 0.964046 0.000000 0.000000 0.000000
5981.614258 0.000000 2121.649902 0.000000 0.998536 0.000000 -0.054095 0.000000 0.000000 0.000000
5957.351074 0.000000 2128.047852 0.000000 0.946099 0.000000 0.323877 0.000000 0.000000 0.000000
5995.722656 0.000000 2145.245117 0.000000 0.602536 0.000000 -0.798091 0.000000 0.000000 0.000000
5952.525879 0.000000 2127.224854 0.000000 0.632132 0.000000 0.774861 0.000000 0.000000 0.000000
6047.758301 0.000000 2063.597168 0.000000 0.775185 0.000000 -0.631735 0.000000 0.000000 0.000000
6036.569336 0.000000 2038.823975 0.000000 0.829918 0.000000 0.557885 0.000000 0.000000 0.000000
6051.765137 0.000000 2059.284668 0.000000 0.843393 0.000000 0.537297 0.000000 0.000000 0.000000
6042.074219 0.000000 2063.953857 0.000000 0.360689 0.000000 0.932686 0.000000 0.000000 0.000000
6042.364746 0.000000 2058.998779 0.000000 0.005406 0.000000 0.999985 0.000000 0.000000 0.000000
6034.817383 0.000000 2063.881348 0.000000 0.471336 0.000000 -0.881953 0.000000 0.000000 0.000000
6033.260254 0.000000 2059.894531 0.000000 0.247922 0.000000 -0.968780 0.000000 0.000000 0.000000
6045.530273 0.000000 2060.729980 0.000000 0.680705 0.000000 0.732558 0.000000 0.000000 0.000000
6048.449219 0.000000 2059.432861 0.000000 0.357768 0.000000 -0.933810 0.000000 0.000000 0.000000
6027.486816 0.000000 2041.997070 0.000000 0.710722 0.000000 -0.703473 0.000000 0.000000 0.000000
6075.100586 0.000000 2043.530273 0.000000 0.026362 0.000000 0.999652 0.000000 0.000000 0.000000
6023.437500 0.000000 2088.481201 0.000000 0.860574 0.000000 0.509325 0.000000 0.000000 0.000000
6032.244141 0.000000 2062.635254 0.000000 0.000259 0.000000 1.000000 0.000000 0.000000 0.000000
6030.979980 0.000000 2058.277588 0.000000 0.125860 0.000000 0.992048 0.000000 0.000000 0.000000
6076.013184 0.000000 2048.302246 0.000000 0.643697 0.000000 0.765281 0.000000 0.000000 0.000000
6072.473633 0.000000 2041.568237 0.000000 0.993422 0.000000 0.114509 0.000000 0.000000 0.000000
6035.640625 0.000000 2058.749268 0.000000 0.862831 0.000000 -0.505493 0.000000 0.000000 0.000000
6039.339844 0.000000 2065.844971 0.000000 0.238896 0.000000 0.971045 0.000000 0.000000 0.000000
6043.190918 0.000000 2061.746826 0.000000 0.993870 0.000000 -0.110559 0.000000 0.000000 0.000000
6079.509766 0.000000 2070.656006 0.000000 0.361344 0.000000 -0.932432 0.000000 0.000000 0.000000
6030.401855 0.000000 2075.133301 0.000000 0.999703 0.000000 0.024353 0.000000 0.000000 0.000000
6018.627930 0.000000 2062.144775 0.000000 0.297205 0.000000 -0.954814 0.000000 0.000000 0.000000
6048.801270 0.000000 2061.752686 0.000000 0.741933 0.000000 -0.670475 0.000000 0.000000 0.000000
6019.099121 0.000000 2060.139160 0.000000 0.612751 0.000000 -0.790276 0.000000 0.000000 0.000000
6021.572266 0.000000 2080.368408 0.000000 0.993708 0.000000 -0.112002 0.000000 0.000000 0.000000
6020.483887 0.000000 2063.186279 0.000000 0.169849 0.000000 -0.985470 0.000000 0.000000 0.000000
6020.189941 0.000000 2078.600830 0.000000 0.345851 0.000000 0.938289 0.000000 0.000000 0.000000
6075.502441 0.000000 2045.434814 0.000000 0.248773 0.000000 0.968562 0.000000 0.000000 0.000000
6023.784180 0.000000 2086.753906 0.000000 0.930675 0.000000 -0.365848 0.000000 0.000000 0.000000
6022.073242 0.000000 2087.225098 0.000000 0.666793 0.000000 0.745243 0.000000 0.000000 0.000000
6132.365234 0.000000 2072.703857 0.000000 0.304207 0.000000 -0.952606 0.000000 0.000000 0.000000
6141.292480 0.000000 2045.996460 0.000000 0.605572 0.000000 -0.795790 0.000000 0.000000 0.000000
6115.765137 0.000000 2059.284668 0.000000 0.193647 0.000000 0.981071 0.000000 0.000000 0.000000
6125.375000 0.000000 2058.359131 0.000000 0.998513 0.000000 -0.054521 0.000000 0.000000 0.000000
6086.507812 0.000000 2085.528564 0.000000 0.842758 0.000000 0.538292 0.000000 0.000000 0.000000
6131.016113 0.000000 2054.288574 0.000000 0.711578 0.000000 0.702607 0.000000 0.000000 0.000000
6090.072266 0.000000 2089.609619 0.000000 0.449279 0.000000 0.893392 0.000000 0.000000 0.000000
6097.664551 0.000000 2040.093506 0.000000 0.203353 0.000000 0.979105 0.000000 0.000000 0.000000
6087.437500 0.000000 2088.481201 0.000000 0.994389 0.000000 -0.105784 0.000000 0.000000 0.000000
6130.798340 0.000000 2070.118652 0.000000 0.911633 0.000000 0.411005 0.000000 0.000000 0.000000
6108.380371 0.000000 2088.287842 0.000000 0.566382 0.000000 0.824143 0.000000 0.000000 0.000000
6133.566895 0.000000 2045.899780 0.000000 0.727147 0.000000 0.686482 0.000000 0.000000 0.000000
6136.639160 0.000000 2038.409790 0.000000 0.983047 0.000000 -0.183354 0.000000 0.000000 0.000000
6082.575684 0.000000 2074.564453 0.000000 0.966481 0.000000 -0.256738 0.000000 0.000000 0.000000
6082.552734 0.000000 2089.513672 0.000000 0.952449 0.000000 0.304699 0.000000 0.000000 0.000000
6081.118652 0.000000 2078.167725 0.000000 0.952331 0.000000 0.305066 0.000000 0.000000 0.000000
6129.129395 0.000000 2083.843506 0.000000 0.998164 0.000000 -0.060569 0.000000 0.000000 0.000000
6111.330566 0.000000 2065.858643 0.000000 0.736205 0.000000 -0.676759 0.000000 0.000000 0.000000
6134.385254 0.000000 2037.346558 0.000000 0.635947 0.000000 0.771732 0.000000 0.000000 0.000000
6129.314941 0.000000 2076.135742 0.000000 0.772590 0.000000 -0.634906 0.000000 0.000000 0.000000
6126.880859 0.000000 2083.973145 0.000000 0.988339 0.000000 0.152267 0.000000 0.000000 0.000000
6088.237305 0.000000 2081.464111 0.000000 0.204434 0.000000 -0.978880 0.000000 0.000000 0.000000
6116.342285 0.000000 2089.106201 0.000000 0.682129 0.000000 -0.731232 0.000000 0.000000 0.000000
6096.098633 0.000000 2043.197021 0.000000 0.823204 0.000000 -0.567746 0.000000 0.000000 0.000000
6133.177734 0.000000 2043.957886 0.000000 0.979140 0.000000 0.203189 0.000000 0.000000 0.000000
6090.618164 0.000000 2084.880859 0.000000 0.836675 0.000000 0.547699 0.000000 0.000000 0.000000
6087.440918 0.000000 2083.844727 0.000000 0.872586 0.000000 0.488461 0.000000 0.000000 0.000000
6084.679688 0.000000 2086.052490 0.000000 0.280200 0.000000 0.959942 1.000000 1.000000 1.000000
6087.784180 0.000000 2086.753906 0.000000 0.886986 0.000000 0.461795 0.000000 0.000000 0.000000
6086.073242 0.000000 2087.225098 0.000000 0.694625 0.000000 -0.719372 0.000000 0.000000 0.000000
6065.272949 0.000000 2123.546875 0.000000 0.463635 0.000000 0.886026 0.000000 0.000000 0.000000
6036.569336 0.000000 2095.308350 0.000000 0.709843 0.000000 0.704360 0.000000 0.000000 0.000000
6061.434082 0.000000 2119.651123 0.000000 0.855245 0.000000 0.518225 0.000000 0.000000 0.000000
6049.947754 0.000000 2139.395508 0.000000 0.024607 0.000000 0.999697 0.000000 0.000000 0.000000
6064.647949 0.000000 2130.397705 0.000000 0.971942 0.000000 0.235223 0.000000 0.000000 0.000000
6060.376953 0.000000 2136.189453 0.000000 0.999746 0.000000 -0.022554 0.000000 0.000000 0.000000
6057.967773 0.000000 2119.739746 0.000000 0.912012 0.000000 0.410164 0.000000 0.000000 0.000000
6074.504395 0.000000 2113.680664 0.000000 0.433885 0.000000 -0.900968 0.000000 0.000000 0.000000
6033.664551 0.000000 2096.577881 0.000000 0.923163 0.000000 -0.384409 0.000000 0.000000 0.000000
6049.062500 0.000000 2141.995850 0.000000 0.994757 0.000000 0.102268 0.000000 0.000000 0.000000
6036.984863 0.000000 2127.119873 0.000000 0.409527 0.000000 -0.912298 0.000000 0.000000 0.000000
6025.795410 0.000000 2089.946289 0.000000 0.972954 0.000000 -0.230998 0.000000 0.000000 0.000000
6051.689941 0.000000 2141.523438 0.000000 0.872283 0.000000 -0.489001 0.000000 0.000000 0.000000
6048.544434 0.000000 2137.253418 0.000000 0.581181 0.000000 0.813774 0.000000 0.000000 0.000000
6072.346680 0.000000 2112.122803 0.000000 0.731201 0.000000 -0.682162 0.000000 0.000000 0.000000
6043.678223 0.000000 2094.936035 0.000000 0.520550 0.000000 0.853831 1.000000 1.000000 1.000000
6039.935547 0.000000 2126.977051 0.000000 0.837061 0.000000 0.547110 0.000000 0.000000 0.000000
6070.180664 0.000000 2113.771973 0.000000 0.799153 0.000000 -0.601127 0.000000 0.000000 0.000000
6020.602051 0.000000 2092.527588 0.000000 0.256720 0.000000 0.966486 0.000000 0.000000 0.000000
6052.952637 0.000000 2130.398682 0.000000 0.773192 0.000000 -0.634172 1.000000 1.000000 1.000000
6079.163574 0.000000 2122.596436 0.000000 0.928223 0.000000 -0.372024 0.000000 0.000000 0.000000
6051.522949 0.000000 2134.567871 0.000000 0.978709 0.000000 0.205254 0.000000 0.000000 0.000000
6063.085449 0.000000 2128.750000 0.000000 0.971581 0.000000 -0.236708 0.000000 0.000000 0.000000
6056.199219 0.000000 2120.767822 0.000000 0.651181 0.000000 -0.758923 0.000000 0.000000 0.000000
6032.098633 0.000000 2099.681396 0.000000 0.197427 0.000000 -0.980318 0.000000 0.000000 0.000000
6033.219727 0.000000 2101.380615 0.000000 0.929183 0.000000 -0.369621 0.000000 0.000000 0.000000
6022.912598 0.000000 2089.923584 0.000000 0.955571 0.000000 0.294761 0.000000 0.000000 0.000000
6055.039551 0.000000 2130.083496 0.000000 0.827801 0.000000 0.561022 1.000000 1.000000 1.000000
6051.619629 0.000000 2131.828857 0.000000 0.671003 0.000000 0.741455 0.000000 0.000000 0.000000
6032.790527 0.000000 2098.077148 0.000000 0.302807 0.000000 0.953052 0.000000 0.000000 0.000000
6141.292480 0.000000 2102.480957 0.000000 0.933391 0.000000 0.358861 0.000000 0.000000 0.000000
6141.658691 0.000000 2125.237549 0.000000 0.916381 0.000000 0.400306 0.000000 0.000000 0.000000
6125.311035 0.000000 2124.271729 0.000000 0.973554 0.000000 0.228455 0.000000 0.000000 0.000000
6089.866211 0.000000 2128.994141 0.000000 0.777259 0.000000 0.629181 1.000000 1.000000 1.000000
6091.406250 0.000000 2122.992676 0.000000 0.464245 0.000000 0.885707 0.000000 0.000000 0.000000
6084.948730 0.000000 2090.036865 0.000000 0.996772 0.000000 -0.080287 0.000000 0.000000 0.000000
6092.526855 0.000000 2112.967773 0.000000 0.956301 0.000000 -0.292383 0.000000 0.000000 0.000000
6080.042480 0.000000 2089.929199 0.000000 0.710915 0.000000 -0.703277 0.000000 0.000000 0.000000
6116.759766 0.000000 2111.298096 0.000000 0.162553 0.000000 -0.986700 0.000000 0.000000 0.000000
6110.961914 0.000000 2090.883301 0.000000 0.077834 0.000000 -0.996966 1.000000 1.000000 1.000000
6110.952637 0.000000 2109.434082 0.000000 0.268756 0.000000 0.963208 1.000000 1.000000 1.000000
6115.200195 0.000000 2102.718750 0.000000 0.885468 0.000000 0.464700 0.000000 0.000000 0.000000
6087.213379 0.000000 2128.121826 0.000000 0.967090 0.000000 0.254434 1.000000 1.000000 1.000000
6116.575195 0.000000 2092.310791 0.000000 0.994842 0.000000 0.101441 0.000000 0.000000 0.000000
6116.029297 0.000000 2108.474609 0.000000 0.150989 0.000000 0.988535 0.000000 0.000000 0.000000
6092.721191 0.000000 2128.246826 0.000000 0.948201 0.000000 -0.317670 1.000000 1.000000 1.000000
6090.329590 0.000000 2114.626465 0.000000 0.647600 0.000000 0.761980 0.000000 0.000000 0.000000
6108.928223 0.000000 2107.802002 0.000000 0.999742 0.000000 -0.022717 0.000000 0.000000 0.000000
6082.311035 0.000000 2126.532959 0.000000 0.964075 0.000000 0.265629 0.000000 0.000000 0.000000
6095.870117 0.000000 2126.744629 0.000000 0.876363 0.000000 0.481651 1.000000 1.000000 1.000000
6142.582031 0.000000 2104.789062 0.000000 0.942510 0.000000 -0.334177 0.000000 0.000000 0.000000
6113.641602 0.000000 2108.000488 0.000000 0.434565 0.000000 0.900640 1.000000 1.000000 1.000000
6094.401855 0.000000 2131.617676 0.000000 0.999915 0.000000 -0.013038 0.000000 0.000000 0.000000
6106.245605 0.000000 2108.433838 0.000000 0.165612 0.000000 0.986191 0.000000 0.000000 0.000000
6113.365723 0.000000 2100.096680 0.000000 0.640669 0.000000 -0.767817 0.000000 0.000000 0.000000
6085.141602 0.000000 2115.428223 0.000000 0.030724 0.000000 0.999528 0.000000 0.000000 0.000000
6110.816895 0.000000 2104.359619 0.000000 0.196301 0.000000 -0.980544 0.000000 0.000000 0.000000
6135.405273 0.000000 2124.774902 0.000000 0.144643 0.000000 -0.989484 0.000000 0.000000 0.000000
6086.028809 0.000000 2112.851562 0.000000 0.845525 0.000000 0.533937 0.000000 0.000000 0.000000
6091.263184 0.000000 2126.484131 0.000000 0.967613 0.000000 0.252437 1.000000 1.000000 1.000000
6111.888672 0.000000 2111.466064 0.000000 0.974662 0.000000 -0.223684 0.000000 0.000000 0.000000
6081.042969 0.000000 2122.422852 0.000000 0.998977 0.000000 -0.045225 0.000000 0.000000 0.000000
6120.647949 0.000000 2091.248535 0.000000 0.928376 0.000000 -0.371641 0.000000 0.000000 0.000000
6118.792969 0.000000 2092.733887 0.000000 0.698503 0.000000 0.715607 0.000000 0.000000 0.000000
6113.049316 0.000000 2091.172119 0.000000 0.868841 0.000000 0.495091 0.000000 0.000000 0.000000
6086.953125 0.000000 2125.532227 0.000000 0.552519 0.000000 0.833500 1.000000 1.000000 1.000000
6125.814941 0.000000 2126.468018 0.000000 0.375755 0.000000 -0.926719 0.000000 0.000000 0.000000
6127.436035 0.000000 2124.643311 0.000000 0.096158 0.000000 0.995366 0.000000 0.000000 0.000000
6089.808105 0.000000 2131.089111 0.000000 0.983623 0.000000 -0.180238 0.000000 0.000000 0.000000
6132.316895 0.000000 2119.047852 0.000000 0.998599 0.000000 0.052909 0.000000 0.000000 0.000000
6108.979980 0.000000 2105.200928 0.000000 0.322089 0.000000 0.946709 0.000000 0.000000 0.000000
6086.912598 0.000000 2089.923584 0.000000 0.680958 0.000000 0.732323 0.000000 0.000000 0.000000
6109.096680 0.000000 2090.318115 0.000000 0.496339 0.000000 -0.868129 0.000000 0.000000 0.000000
6097.033691 0.000000 2129.882812 0.000000 0.996279 0.000000 0.086185 0.000000 0.000000 0.000000
6110.725586 0.000000 2093.514404 0.000000 0.014916 0.000000 0.999889 0.000000 0.000000 0.000000
6115.093262 0.000000 2112.298096 0.000000 0.353938 0.000000 0.935269 0.000000 0.000000 0.000000
6091.557617 0.000000 2129.869629 0.000000 0.956103 0.000000 0.293030 1.000000 1.000000 1.000000
6090.704590 0.000000 2112.664307 0.000000 0.287338 0.000000 -0.957829 1.000000 1.000000 1.000000
6129.324707 0.000000 2125.519043 0.000000 0.698612 0.000000 0.715501 0.000000 0.000000 0.000000
6093.340332 0.000000 2130.148682 0.000000 0.760007 0.000000 0.649914 0.000000 0.000000 0.000000
6088.859375 0.000000 2127.408936 0.000000 0.989638 0.000000 0.143588 1.000000 1.000000 1.000000
6090.780273 0.000000 2124.705811 0.000000 0.903788 0.000000 0.427981 1.000000 1.000000 1.000000
6092.773926 0.000000 2124.105957 0.000000 0.929378 0.000000 -0.369129 0.000000 0.000000 0.000000
6085.351074 0.000000 2128.047852 0.000000 0.924280 0.000000 -0.381715 0.000000 0.000000 0.000000
6111.632324 0.000000 2100.590576 0.000000 0.962539 0.000000 0.271143 0.000000 0.000000 0.000000
6094.389648 0.000000 2127.706299 0.000000 0.173604 0.000000 -0.984815 1.000000 1.000000 1.000000
6116.990723 0.000000 2090.607422 0.000000 0.586970 0.000000 0.809609 0.000000 0.000000 0.000000
6088.280273 0.000000 2124.152832 0.000000 0.907521 0.000000 -0.420007 1.000000 1.000000 1.000000
5909.705078 0.000000 2173.273926 0.000000 0.360647 0.000000 0.932702 0.000000 0.000000 0.000000
5889.318848 0.000000 2185.294678 0.000000 0.835798 0.000000 0.549036 0.000000 0.000000 0.000000
5907.007324 0.000000 2164.484619 0.000000 0.988913 0.000000 0.148498 0.000000 0.000000 0.000000
5907.771973 0.000000 2169.031738 0.000000 0.925881 0.000000 0.377815 0.000000 0.000000 0.000000
5905.260254 0.000000 2172.863281 0.000000 0.874002 0.000000 0.485923 0.000000 0.000000 0.000000
5892.948730 0.000000 2146.521240 0.000000 0.882506 0.000000 0.470302 0.000000 0.000000 0.000000
5890.356934 0.000000 2151.304443 0.000000 0.946217 0.000000 0.323532 0.000000 0.000000 0.000000
5900.526855 0.000000 2169.452148 0.000000 0.987612 0.000000 0.156912 0.000000 0.000000 0.000000
5888.042480 0.000000 2146.413574 0.000000 0.811744 0.000000 0.584013 0.000000 0.000000 0.000000
5918.608887 0.000000 2151.945801 0.000000 0.356220 0.000000 -0.934402 0.000000 0.000000 0.000000
5904.244141 0.000000 2175.604004 0.000000 0.339786 0.000000 -0.940503 0.000000 0.000000 0.000000
5904.186523 0.000000 2165.557617 0.000000 0.859537 0.000000 0.511074 0.000000 0.000000 0.000000
5902.979980 0.000000 2171.246338 0.000000 0.395545 0.000000 -0.918446 0.000000 0.000000 0.000000
5921.491699 0.000000 2152.301514 0.000000 0.389391 0.000000 0.921072 0.000000 0.000000 0.000000
5926.824707 0.000000 2151.644043 0.000000 0.997978 0.000000 -0.063557 0.000000 0.000000 0.000000
5905.436523 0.000000 2170.275391 0.000000 0.757514 0.000000 0.652819 1.000000 1.000000 1.000000
5907.640625 0.000000 2171.718018 0.000000 0.938583 0.000000 0.345054 0.000000 0.000000 0.000000
5906.128418 0.000000 2167.167969 0.000000 0.986402 0.000000 -0.164353 0.000000 0.000000 0.000000
5889.726074 0.000000 2189.310791 0.000000 0.999988 0.000000 0.004838 0.000000 0.000000 0.000000
5904.985352 0.000000 2168.582031 0.000000 0.758354 0.000000 0.651843 0.000000 0.000000 0.000000
5996.062988 0.000000 2155.395264 0.000000 0.320005 0.000000 -0.947416 0.000000 0.000000 0.000000
5990.824707 0.000000 2151.644043 0.000000 0.962927 0.000000 -0.269764 1.000000 1.000000 1.000000
5989.463867 0.000000 2154.011719 0.000000 0.976621 0.000000 0.214969 0.000000 0.000000 0.000000
5985.365723 0.000000 2156.581055 0.000000 0.611356 0.000000 -0.791356 0.000000 0.000000 0.000000
5992.647949 0.000000 2147.732910 0.000000 0.992108 0.000000 -0.125390 0.000000 0.000000 0.000000
5990.792969 0.000000 2149.218262 0.000000 0.996903 0.000000 0.078642 1.000000 1.000000 1.000000
5994.257812 0.000000 2148.668701 0.000000 0.153584 0.000000 0.988136 0.000000 0.000000 0.000000
5989.372070 0.000000 2150.470703 0.000000 0.860022 0.000000 0.510257 0.000000 0.000000 0.000000
5997.431152 0.000000 2150.458008 0.000000 0.962885 0.000000 0.269911 0.000000 0.000000 0.000000
5988.749023 0.000000 2155.775635 0.000000 0.891266 0.000000 -0.453480 0.000000 0.000000 0.000000
6018.356934 0.000000 2151.304443 0.000000 0.768189 0.000000 0.640223 0.000000 0.000000 0.000000
6016.371582 0.000000 2151.490967 0.000000 0.999919 0.000000 -0.012744 0.000000 0.000000 0.000000
5254.215332 0.000000 2364.797119 0.000000 0.598626 0.000000 -0.801028 0.000000 0.000000 0.000000
5299.213867 0.000000 2362.116699 0.000000 0.130696 0.000000 0.991422 0.000000 0.000000 0.000000
5278.953613 0.000000 2372.111816 0.000000 0.455110 0.000000 -0.890435 0.000000 0.000000 0.000000
5292.376953 0.000000 2362.126953 0.000000 0.969143 0.000000 0.246501 0.000000 0.000000 0.000000
5302.158691 0.000000 2347.919189 0.000000 0.192295 0.000000 -0.981337 0.000000 0.000000 0.000000
5304.742188 0.000000 2345.753174 0.000000 0.105710 0.000000 -0.994397 0.000000 0.000000 0.000000
5303.405273 0.000000 2350.712402 0.000000 0.527736 0.000000 -0.849409 0.000000 0.000000 0.000000
5294.671387 0.000000 2362.313965 0.000000 0.292925 0.000000 0.956136 0.000000 0.000000 0.000000
5290.219238 0.000000 2362.073975 0.000000 0.952448 0.000000 0.304701 0.000000 0.000000 0.000000
5281.680176 0.000000 2371.687012 0.000000 0.400751 0.000000 -0.916187 0.000000 0.000000 0.000000
5272.204102 0.000000 2360.386963 0.000000 0.122085 0.000000 -0.992520 1.000000 1.000000 1.000000
5327.130859 0.000000 2355.231201 0.000000 0.595666 0.000000 0.803232 0.000000 0.000000 0.000000
5330.230469 0.000000 2353.895020 0.000000 0.338358 0.000000 0.941018 0.000000 0.000000 0.000000
5336.641113 0.000000 2371.583984 0.000000 0.448718 0.000000 -0.893673 0.000000 0.000000 0.000000
5330.979980 0.000000 2355.873291 0.000000 0.493176 0.000000 0.869930 1.000000 1.000000 1.000000
5332.141113 0.000000 2369.791260 0.000000 0.006966 0.000000 0.999976 1.000000 1.000000 1.000000
5327.590332 0.000000 2367.955811 0.000000 0.852528 0.000000 -0.522681 0.000000 0.000000 0.000000
5333.843750 0.000000 2366.144043 0.000000 0.998414 0.000000 0.056303 1.000000 1.000000 1.000000
5329.033691 0.000000 2355.820312 0.000000 0.997683 0.000000 0.068041 0.000000 0.000000 0.000000
5326.368652 0.000000 2371.712891 0.000000 0.411299 0.000000 -0.911500 1.000000 1.000000 1.000000
5342.288086 0.000000 2370.321777 0.000000 0.032486 0.000000 0.999472 0.000000 0.000000 0.000000
5338.529785 0.000000 2371.266113 0.000000 0.881405 0.000000 0.472360 0.000000 0.000000 0.000000
5340.161133 0.000000 2364.471436 0.000000 0.880905 0.000000 0.473294 1.000000 1.000000 1.000000
5328.905273 0.000000 2369.758789 0.000000 0.292671 0.000000 -0.956213 0.000000 0.000000 0.000000
5345.680176 0.000000 2371.687012 0.000000 0.896762 0.000000 -0.442512 0.000000 0.000000 0.000000
5322.618164 0.000000 2367.302734 0.000000 0.888822 0.000000 0.458253 0.000000 0.000000 0.000000
5319.440918 0.000000 2366.266602 0.000000 0.835122 0.000000 -0.550065 0.000000 0.000000 0.000000
5341.418457 0.000000 2365.856934 0.000000 0.973104 0.000000 -0.230366 1.000000 1.000000 1.000000
5337.774414 0.000000 2365.558594 0.000000 0.578754 0.000000 0.815502 0.000000 0.000000 0.000000
5331.881836 0.000000 2354.396973 0.000000 0.581450 0.000000 0.813582 1.000000 1.000000 1.000000
5320.564453 0.000000 2367.590332 0.000000 0.768764 0.000000 -0.639533 1.000000 1.000000 1.000000
5206.478027 0.000000 2407.237061 0.000000 0.949452 0.000000 0.313913 0.000000 0.000000 0.000000
5204.089355 0.000000 2417.160645 0.000000 0.999744 0.000000 0.022616 0.000000 0.000000 0.000000
5228.062988 0.000000 2381.332764 0.000000 0.208476 0.000000 -0.978027 0.000000 0.000000 0.000000
5210.709961 0.000000 2409.383789 0.000000 0.619266 0.000000 0.785181 0.000000 0.000000 0.000000
5224.763184 0.000000 2387.465820 0.000000 0.772085 0.000000 -0.635519 0.000000 0.000000 0.000000
5205.502930 0.000000 2420.662842 0.000000 0.496023 0.000000 -0.868309 0.000000 0.000000 0.000000
5230.042969 0.000000 2378.198486 0.000000 0.515978 0.000000 0.856602 0.000000 0.000000 0.000000
5236.014648 0.000000 2381.187012 0.000000 0.989269 0.000000 -0.146103 0.000000 0.000000 0.000000
5209.681152 0.000000 2406.121338 0.000000 0.849793 0.000000 -0.527116 0.000000 0.000000 0.000000
5208.572266 0.000000 2411.808105 0.000000 0.445955 0.000000 0.895056 0.000000 0.000000 0.000000
5235.016113 0.000000 2393.194824 0.000000 0.021747 0.000000 0.999763 0.000000 0.000000 0.000000
5205.934570 0.000000 2427.155762 0.000000 0.985063 0.000000 0.172197 0.000000 0.000000 0.000000
5222.337891 0.000000 2386.079834 0.000000 0.293674 0.000000 0.955906 0.000000 0.000000 0.000000
5240.639160 0.000000 2377.316162 0.000000 0.993015 0.000000 -0.117986 0.000000 0.000000 0.000000
5246.582031 0.000000 2387.210938 0.000000 0.948921 0.000000 0.315514 0.000000 0.000000 0.000000
5240.246582 0.000000 2375.200684 0.000000 0.197678 0.000000 -0.980267 0.000000 0.000000 0.000000
5206.604004 0.000000 2410.873291 0.000000 0.954296 0.000000 0.298864 0.000000 0.000000 0.000000
5236.393066 0.000000 2394.737305 0.000000 0.532341 0.000000 -0.846530 0.000000 0.000000 0.000000
5208.332520 0.000000 2407.548096 0.000000 0.992220 0.000000 0.124498 0.000000 0.000000 0.000000
5153.947754 0.000000 2478.301758 0.000000 0.562754 0.000000 0.826625 0.000000 0.000000 0.000000
5164.412598 0.000000 2471.101807 0.000000 0.852208 0.000000 0.523203 0.000000 0.000000 0.000000
5167.917480 0.000000 2465.610107 0.000000 0.813724 0.000000 0.581251 0.000000 0.000000 0.000000
5159.299805 0.000000 2475.207520 0.000000 0.156388 0.000000 -0.987696 0.000000 0.000000 0.000000
5163.601562 0.000000 2481.728271 0.000000 0.309959 0.000000 -0.950750 1.000000 1.000000 1.000000
5163.596680 0.000000 2477.369629 0.000000 0.494673 0.000000 -0.869079 0.000000 0.000000 0.000000
5156.144531 0.000000 2477.789551 0.000000 0.645821 0.000000 0.763488 1.000000 1.000000 1.000000
5169.314941 0.000000 2471.526367 0.000000 0.927107 0.000000 -0.374796 0.000000 0.000000 0.000000
5165.836426 0.000000 2481.460938 0.000000 0.076756 0.000000 0.997050 0.000000 0.000000 0.000000
5162.638672 0.000000 2479.260742 0.000000 0.310943 0.000000 0.950429 0.000000 0.000000 0.000000
5167.350098 0.000000 2483.571289 0.000000 0.230369 0.000000 0.973103 0.000000 0.000000 0.000000
5160.388184 0.000000 2478.829834 0.000000 0.980478 0.000000 0.196629 1.000000 1.000000 1.000000
5198.873047 0.000000 2436.875244 0.000000 0.606272 0.000000 -0.795258 0.000000 0.000000 0.000000
5202.498535 0.000000 2432.646240 0.000000 0.402925 0.000000 -0.915233 0.000000 0.000000 0.000000
5288.832520 0.000000 2375.844971 0.000000 0.871067 0.000000 0.491164 0.000000 0.000000 0.000000
5262.873047 0.000000 2380.390869 0.000000 0.764970 0.000000 -0.644067 0.000000 0.000000 0.000000
5255.914551 0.000000 2374.180664 0.000000 0.224701 0.000000 0.974428 0.000000 0.000000 0.000000
5302.173828 0.000000 2378.528076 0.000000 0.506781 0.000000 -0.862075 0.000000 0.000000 0.000000
5266.190430 0.000000 2381.865967 0.000000 0.514296 0.000000 0.857613 0.000000 0.000000 0.000000
5276.431641 0.000000 2379.851562 0.000000 0.114221 0.000000 -0.993455 0.000000 0.000000 0.000000
5300.014648 0.000000 2381.187012 0.000000 0.996461 0.000000 0.084057 0.000000 0.000000 0.000000
5278.961914 0.000000 2373.305176 0.000000 0.710321 0.000000 0.703878 0.000000 0.000000 0.000000
5304.639160 0.000000 2377.316162 0.000000 0.896557 0.000000 0.442928 0.000000 0.000000 0.000000
5286.824707 0.000000 2377.581543 0.000000 0.639969 0.000000 -0.768401 0.000000 0.000000 0.000000
5310.948242 0.000000 2374.497803 0.000000 0.738087 0.000000 0.674706 0.000000 0.000000 0.000000
5307.739258 0.000000 2376.850342 0.000000 0.910014 0.000000 -0.414578 0.000000 0.000000 0.000000
5299.914062 0.000000 2378.132080 0.000000 0.623801 0.000000 -0.781583 0.000000 0.000000 0.000000
5308.727539 0.000000 2374.838135 0.000000 0.997084 0.000000 0.076311 0.000000 0.000000 0.000000
5286.792969 0.000000 2375.155762 0.000000 0.460902 0.000000 -0.887451 0.000000 0.000000 0.000000
5295.882812 0.000000 2377.367432 0.000000 0.925804 0.000000 0.378005 0.000000 0.000000 0.000000
5298.317871 0.000000 2376.796875 0.000000 0.337279 0.000000 0.941405 0.000000 0.000000 0.000000
5292.016602 0.000000 2374.092285 0.000000 0.999003 0.000000 0.044641 0.000000 0.000000 0.000000
5251.095703 0.000000 2387.793945 0.000000 0.990356 0.000000 0.138548 0.000000 0.000000 0.000000
5264.790527 0.000000 2380.499023 0.000000 0.773284 0.000000 -0.634060 0.000000 0.000000 0.000000
5295.105469 0.000000 2375.905029 0.000000 0.997015 0.000000 0.077204 1.000000 1.000000 1.000000
5327.130859 0.000000 2411.715576 0.000000 0.492138 0.000000 0.870517 0.000000 0.000000 0.000000
5373.212891 0.000000 2397.735596 0.000000 0.516520 0.000000 0.856275 0.000000 0.000000 0.000000
5318.330566 0.000000 2384.440674 0.000000 0.942220 0.000000 0.334994 0.000000 0.000000 0.000000
5326.875488 0.000000 2417.105713 0.000000 0.847096 0.000000 -0.531440 0.000000 0.000000 0.000000
5352.763184 0.000000 2387.465820 0.000000 0.999754 0.000000 -0.022166 0.000000 0.000000 0.000000
5346.015137 0.000000 2392.839355 0.000000 0.951725 0.000000 0.306951 0.000000 0.000000 0.000000
5374.419434 0.000000 2414.490967 0.000000 0.368872 0.000000 0.929480 0.000000 0.000000 0.000000
5323.941895 0.000000 2414.147705 0.000000 0.642842 0.000000 -0.765999 0.000000 0.000000 0.000000
5365.013672 0.000000 2406.989990 0.000000 0.908000 0.000000 -0.418969 0.000000 0.000000 0.000000
5371.100586 0.000000 2382.436523 0.000000 0.693745 0.000000 0.720221 0.000000 0.000000 0.000000
5324.112305 0.000000 2387.250488 0.000000 0.962879 0.000000 0.269934 0.000000 0.000000 0.000000
5345.448730 0.000000 2395.640625 0.000000 0.938444 0.000000 -0.345430 0.000000 0.000000 0.000000
5335.191895 0.000000 2418.234375 0.000000 0.862222 0.000000 -0.506531 0.000000 0.000000 0.000000
5326.604980 0.000000 2419.920654 0.000000 0.633966 0.000000 0.773361 0.000000 0.000000 0.000000
5351.591309 0.000000 2414.179688 0.000000 0.033621 0.000000 0.999435 0.000000 0.000000 0.000000
5312.090332 0.000000 2375.639404 0.000000 0.468055 0.000000 -0.883699 0.000000 0.000000 0.000000
5315.913086 0.000000 2383.280273 0.000000 0.766976 0.000000 0.641675 0.000000 0.000000 0.000000
5330.498535 0.000000 2376.161865 0.000000 0.996445 0.000000 -0.084243 0.000000 0.000000 0.000000
5330.128418 0.000000 2393.105469 0.000000 0.627115 0.000000 -0.778927 0.000000 0.000000 0.000000
5358.693848 0.000000 2404.402344 0.000000 0.869853 0.000000 -0.493311 0.000000 0.000000 0.000000
5338.245605 0.000000 2390.855713 0.000000 0.036791 0.000000 -0.999323 0.000000 0.000000 0.000000
5375.510742 0.000000 2397.080566 0.000000 0.486213 0.000000 -0.873840 0.000000 0.000000 0.000000
5325.612305 0.000000 2375.472412 0.000000 0.999774 0.000000 0.021265 0.000000 0.000000 0.000000
5318.070312 0.000000 2379.383789 0.000000 0.883299 0.000000 -0.468811 0.000000 0.000000 0.000000
5368.246582 0.000000 2375.200684 0.000000 0.226136 0.000000 0.974096 0.000000 0.000000 0.000000
5357.585449 0.000000 2382.776855 0.000000 0.721966 0.000000 0.691929 1.000000 1.000000 1.000000
5341.739258 0.000000 2393.806885 0.000000 0.086100 0.000000 -0.996287 0.000000 0.000000 0.000000
5369.678223 0.000000 2387.465332 0.000000 0.675446 0.000000 0.737410 1.000000 1.000000 1.000000
5357.537598 0.000000 2412.733398 0.000000 0.618779 0.000000 -0.785565 0.000000 0.000000 0.000000
5346.934570 0.000000 2375.912842 0.000000 0.745889 0.000000 -0.666071 0.000000 0.000000 0.000000
5362.709961 0.000000 2386.433594 0.000000 0.875234 0.000000 -0.483700 0.000000 0.000000 0.000000
5365.177734 0.000000 2382.864258 0.000000 0.630180 0.000000 -0.776449 0.000000 0.000000 0.000000
5374.970703 0.000000 2394.999756 0.000000 0.995193 0.000000 0.097937 0.000000 0.000000 0.000000
5357.587891 0.000000 2380.115967 0.000000 0.542617 0.000000 -0.839980 0.000000 0.000000 0.000000
5366.302246 0.000000 2386.631104 0.000000 0.998332 0.000000 -0.057729 1.000000 1.000000 1.000000
5359.250488 0.000000 2401.324707 0.000000 0.957111 0.000000 -0.289722 0.000000 0.000000 0.000000
5347.093262 0.000000 2394.719971 0.000000 0.955494 0.000000 -0.295011 0.000000 0.000000 0.000000
5337.304688 0.000000 2373.337402 0.000000 0.421452 0.000000 -0.906851 0.000000 0.000000 0.000000
5355.071777 0.000000 2382.922363 0.000000 0.359542 0.000000 0.933129 0.000000 0.000000 0.000000
5371.502441 0.000000 2384.341064 0.000000 0.380812 0.000000 -0.924652 1.000000 1.000000 1.000000
5368.708984 0.000000 2392.787354 0.000000 0.995145 0.000000 0.098421 0.000000 0.000000 0.000000
5312.371582 0.000000 2377.428467 0.000000 0.994634 0.000000 -0.103460 0.000000 0.000000 0.000000
5369.814453 0.000000 2391.186279 0.000000 0.916422 0.000000 -0.400213 1.000000 1.000000 1.000000
5349.372070 0.000000 2376.408203 0.000000 0.842741 0.000000 -0.538319 1.000000 1.000000 1.000000
5368.654297 0.000000 2389.556641 0.000000 0.991830 0.000000 -0.127565 1.000000 1.000000 1.000000
5329.145996 0.000000 2374.897949 0.000000 0.455020 0.000000 -0.890481 1.000000 1.000000 1.000000
5348.990723 0.000000 2373.029297 0.000000 0.113912 0.000000 -0.993491 1.000000 1.000000 1.000000
5328.728516 0.000000 2372.350342 0.000000 0.145314 0.000000 -0.989386 1.000000 1.000000 1.000000
5326.749512 0.000000 2372.374756 0.000000 0.724824 0.000000 -0.688935 0.000000 0.000000 0.000000
5357.674805 0.000000 2385.347168 0.000000 0.925825 0.000000 -0.377952 1.000000 1.000000 1.000000
5337.349609 0.000000 2392.294434 0.000000 0.916354 0.000000 0.400369 1.000000 1.000000 1.000000
5296.205566 0.000000 2485.286865 0.000000 0.519204 0.000000 -0.854650 0.000000 0.000000 0.000000
5301.005371 0.000000 2481.023438 0.000000 0.824172 0.000000 0.566339 0.000000 0.000000 0.000000
5370.807129 0.000000 2435.482666 0.000000 0.589180 0.000000 -0.808002 0.000000 0.000000 0.000000
5364.014648 0.000000 2437.671387 0.000000 0.297875 0.000000 -0.954605 0.000000 0.000000 0.000000
5491.402344 0.000000 2369.826660 0.000000 0.996050 0.000000 -0.088797 0.000000 0.000000 0.000000
5497.384766 0.000000 2372.111084 0.000000 0.151755 0.000000 0.988418 0.000000 0.000000 0.000000
5499.305664 0.000000 2365.638428 0.000000 0.989306 0.000000 -0.145853 0.000000 0.000000 0.000000
5518.368652 0.000000 2371.712891 0.000000 0.329051 0.000000 -0.944312 0.000000 0.000000 0.000000
5396.968750 0.000000 2424.468750 0.000000 0.854747 0.000000 0.519044 0.000000 0.000000 0.000000
5377.451172 0.000000 2384.519287 0.000000 0.668960 0.000000 -0.743298 0.000000 0.000000 0.000000
5385.400879 0.000000 2388.462891 0.000000 0.314040 0.000000 -0.949410 0.000000 0.000000 0.000000
5398.478027 0.000000 2407.237061 0.000000 0.991453 0.000000 0.130461 0.000000 0.000000 0.000000
5383.979980 0.000000 2414.479004 0.000000 0.967517 0.000000 -0.252807 0.000000 0.000000 0.000000
5378.500488 0.000000 2392.087891 0.000000 0.852178 0.000000 -0.523251 0.000000 0.000000 0.000000
5420.662598 0.000000 2422.923828 0.000000 0.611159 0.000000 0.791508 0.000000 0.000000 0.000000
5390.953125 0.000000 2426.315430 0.000000 0.408004 0.000000 -0.912980 0.000000 0.000000 0.000000
5379.837402 0.000000 2395.905762 0.000000 0.484369 0.000000 -0.874864 0.000000 0.000000 0.000000
5384.908691 0.000000 2418.243652 0.000000 0.421192 0.000000 0.906972 0.000000 0.000000 0.000000
5423.868652 0.000000 2420.754639 0.000000 0.241805 0.000000 -0.970325 0.000000 0.000000 0.000000
5380.957520 0.000000 2412.190918 0.000000 0.565076 0.000000 0.825039 0.000000 0.000000 0.000000
5385.866211 0.000000 2411.416016 0.000000 0.097172 0.000000 -0.995268 0.000000 0.000000 0.000000
5376.009766 0.000000 2414.536377 0.000000 0.736297 0.000000 -0.676658 0.000000 0.000000 0.000000
5385.278320 0.000000 2422.427246 0.000000 0.599220 0.000000 0.800585 0.000000 0.000000 0.000000
5390.604980 0.000000 2419.920654 0.000000 0.690085 0.000000 -0.723728 0.000000 0.000000 0.000000
5378.822754 0.000000 2406.311768 0.000000 0.950739 0.000000 0.309992 0.000000 0.000000 0.000000
5388.375000 0.000000 2427.011475 0.000000 0.855980 0.000000 0.517008 0.000000 0.000000 0.000000
5376.597656 0.000000 2392.811035 0.000000 0.784629 0.000000 0.619966 1.000000 1.000000 1.000000
5386.704590 0.000000 2395.086182 0.000000 0.048804 0.000000 0.998808 0.000000 0.000000 0.000000
5388.062012 0.000000 2393.649170 0.000000 0.931602 0.000000 -0.363479 1.000000 1.000000 1.000000
5392.985352 0.000000 2394.519531 0.000000 0.417275 0.000000 0.908780 0.000000 0.000000 0.000000
5384.404785 0.000000 2392.771729 0.000000 0.874661 0.000000 -0.484734 1.000000 1.000000 1.000000
5376.525879 0.000000 2409.646729 0.000000 0.196106 0.000000 -0.980583 0.000000 0.000000 0.000000
5389.306641 0.000000 2396.895264 0.000000 0.997627 0.000000 -0.068848 1.000000 1.000000 1.000000
5473.491699 0.000000 2378.239014 0.000000 0.722965 0.000000 0.690884 0.000000 0.000000 0.000000
5497.460938 0.000000 2372.447021 0.000000 0.728482 0.000000 -0.685065 0.000000 0.000000 0.000000
5380.948730 0.000000 2428.943115 0.000000 0.749204 0.000000 0.662340 0.000000 0.000000 0.000000
5400.795410 0.000000 2456.740234 0.000000 0.654348 0.000000 0.756193 0.000000 0.000000 0.000000
5382.912598 0.000000 2428.829834 0.000000 0.900198 0.000000 0.435480 0.000000 0.000000 0.000000
5496.639160 0.000000 2433.800537 0.000000 0.421522 0.000000 0.906818 0.000000 0.000000 0.000000
5626.544434 0.000000 2412.766846 0.000000 0.993508 0.000000 -0.113762 0.000000 0.000000 0.000000
5606.346680 0.000000 2426.601318 0.000000 0.705943 0.000000 0.708268 0.000000 0.000000 0.000000
5613.386719 0.000000 2427.050781 0.000000 0.891277 0.000000 -0.453459 0.000000 0.000000 0.000000
5625.190430 0.000000 2414.450684 0.000000 0.586410 0.000000 0.810015 0.000000 0.000000 0.000000
5579.959473 0.000000 2477.319092 0.000000 0.977292 0.000000 -0.211896 0.000000 0.000000 0.000000
5617.519043 0.000000 2435.157715 0.000000 0.902713 0.000000 0.430243 0.000000 0.000000 0.000000
5618.842773 0.000000 2446.697998 0.000000 0.871968 0.000000 0.489562 0.000000 0.000000 0.000000
5618.318359 0.000000 2429.033936 0.000000 0.843418 0.000000 -0.537258 0.000000 0.000000 0.000000
5606.686523 0.000000 2429.133789 0.000000 0.534500 0.000000 0.845168 0.000000 0.000000 0.000000
5615.145508 0.000000 2446.976074 0.000000 0.826863 0.000000 0.562404 0.000000 0.000000 0.000000
5616.918945 0.000000 2443.814209 0.000000 0.929496 0.000000 0.368833 0.000000 0.000000 0.000000
5577.604492 0.000000 2456.282471 0.000000 0.441102 0.000000 -0.897457 0.000000 0.000000 0.000000
5616.746582 0.000000 2432.065674 0.000000 0.327472 0.000000 0.944861 0.000000 0.000000 0.000000
5604.759766 0.000000 2450.204346 0.000000 0.965956 0.000000 0.258706 0.000000 0.000000 0.000000
5615.339355 0.000000 2429.074219 0.000000 0.538753 0.000000 -0.842464 0.000000 0.000000 0.000000
5615.448242 0.000000 2453.335693 0.000000 0.980927 0.000000 0.194376 0.000000 0.000000 0.000000
5601.987305 0.000000 2466.441895 0.000000 0.281951 0.000000 -0.959429 0.000000 0.000000 0.000000
5620.679199 0.000000 2448.517334 0.000000 0.440474 0.000000 0.897766 0.000000 0.000000 0.000000
5140.968750 0.000000 2537.437500 0.000000 0.968052 0.000000 -0.250751 0.000000 0.000000 0.000000
5145.621582 0.000000 2533.187256 0.000000 0.965007 0.000000 -0.262223 0.000000 0.000000 0.000000
5141.208496 0.000000 2525.191650 0.000000 0.703516 0.000000 0.710680 0.000000 0.000000 0.000000
5133.506836 0.000000 2521.126953 0.000000 0.707847 0.000000 0.706365 0.000000 0.000000 0.000000
5168.023926 0.000000 2537.847412 0.000000 0.976725 0.000000 -0.214497 0.000000 0.000000 0.000000
5138.230469 0.000000 2523.348145 0.000000 0.978056 0.000000 0.208344 0.000000 0.000000 0.000000
5129.278320 0.000000 2535.395996 0.000000 0.902545 0.000000 0.430596 0.000000 0.000000 0.000000
5126.057129 0.000000 2530.250244 0.000000 0.105489 0.000000 0.994420 0.000000 0.000000 0.000000
5137.360840 0.000000 2531.472900 0.000000 0.201445 0.000000 -0.979500 0.000000 0.000000 0.000000
5127.213379 0.000000 2523.512451 0.000000 0.640211 0.000000 0.768199 0.000000 0.000000 0.000000
5164.352051 0.000000 2502.573486 0.000000 0.976816 0.000000 0.214083 0.000000 0.000000 0.000000
5164.127930 0.000000 2512.753906 0.000000 0.692288 0.000000 0.721621 0.000000 0.000000 0.000000
5158.824707 0.000000 2490.550293 0.000000 0.130928 0.000000 0.991392 0.000000 0.000000 0.000000
5134.650879 0.000000 2535.653320 0.000000 0.999910 0.000000 -0.013411 0.000000 0.000000 0.000000
5169.394043 0.000000 2510.642334 0.000000 0.985017 0.000000 0.172455 0.000000 0.000000 0.000000
5163.690430 0.000000 2488.876465 0.000000 0.754934 0.000000 -0.655801 0.000000 0.000000 0.000000
5143.339844 0.000000 2517.719971 0.000000 0.764024 0.000000 0.645188 0.000000 0.000000 0.000000
5183.814453 0.000000 2503.757080 0.000000 0.851557 0.000000 -0.524261 0.000000 0.000000 0.000000
5149.291016 0.000000 2527.655029 0.000000 0.767566 0.000000 0.640970 1.000000 1.000000 1.000000
5183.163574 0.000000 2517.987061 0.000000 0.368205 0.000000 0.929745 0.000000 0.000000 0.000000
5183.273438 0.000000 2496.703613 0.000000 0.453440 0.000000 -0.891287 0.000000 0.000000 0.000000
5155.522949 0.000000 2529.958496 0.000000 0.688394 0.000000 -0.725337 0.000000 0.000000 0.000000
5125.729492 0.000000 2527.341309 0.000000 0.035965 0.000000 -0.999353 1.000000 1.000000 1.000000
5178.561523 0.000000 2517.071777 0.000000 0.998268 0.000000 0.058837 0.000000 0.000000 0.000000
5137.493164 0.000000 2529.285400 0.000000 0.194253 0.000000 -0.980951 0.000000 0.000000 0.000000
5128.237305 0.000000 2533.339111 0.000000 0.993440 0.000000 -0.114354 0.000000 0.000000 0.000000
5160.647949 0.000000 2486.639160 0.000000 0.569755 0.000000 -0.821814 0.000000 0.000000 0.000000
5165.143066 0.000000 2485.614746 0.000000 0.055012 0.000000 -0.998486 0.000000 0.000000 0.000000
5162.678223 0.000000 2523.487549 0.000000 0.920858 0.000000 -0.389898 1.000000 1.000000 1.000000
5179.003418 0.000000 2531.322266 0.000000 0.993810 0.000000 -0.111094 0.000000 0.000000 0.000000
5126.997070 0.000000 2525.569336 0.000000 0.806013 0.000000 0.591898 1.000000 1.000000 1.000000
5133.139648 0.000000 2528.857178 0.000000 0.020104 0.000000 0.999798 0.000000 0.000000 0.000000
5179.815430 0.000000 2504.032227 0.000000 0.842238 0.000000 0.539107 1.000000 1.000000 1.000000
5138.979980 0.000000 2525.326416 0.000000 0.386811 0.000000 0.922159 0.000000 0.000000 0.000000
5125.572266 0.000000 2532.243408 0.000000 0.151529 0.000000 0.988453 0.000000 0.000000 0.000000
5153.987305 0.000000 2522.926270 0.000000 0.687398 0.000000 -0.726281 1.000000 1.000000 1.000000
5181.282227 0.000000 2529.267822 0.000000 0.102716 0.000000 0.994711 0.000000 0.000000 0.000000
5130.234863 0.000000 2532.758301 0.000000 0.950611 0.000000 0.310386 0.000000 0.000000 0.000000
5143.416992 0.000000 2533.245361 0.000000 0.831822 0.000000 -0.555043 0.000000 0.000000 0.000000
5147.739258 0.000000 2528.935791 0.000000 0.895524 0.000000 0.445012 0.000000 0.000000 0.000000
5142.604004 0.000000 2523.842041 0.000000 0.926777 0.000000 0.375612 0.000000 0.000000 0.000000
5160.756348 0.000000 2490.779053 0.000000 0.401297 0.000000 0.915948 0.000000 0.000000 0.000000
5182.970703 0.000000 2507.968506 0.000000 0.968034 0.000000 -0.250821 0.000000 0.000000 0.000000
5137.033691 0.000000 2525.273438 0.000000 0.268552 0.000000 -0.963265 0.000000 0.000000 0.000000
5170.490723 0.000000 2508.102051 0.000000 0.648040 0.000000 -0.761606 0.000000 0.000000 0.000000
5135.799805 0.000000 2528.376221 0.000000 0.981537 0.000000 -0.191273 1.000000 1.000000 1.000000
5163.628906 0.000000 2525.703613 0.000000 0.283420 0.000000 0.958996 0.000000 0.000000 0.000000
5148.720215 0.000000 2525.821533 0.000000 0.109413 0.000000 0.993996 1.000000 1.000000 1.000000
5170.516602 0.000000 2501.343994 0.000000 0.466477 0.000000 -0.884533 0.000000 0.000000 0.000000
5127.440918 0.000000 2535.719727 0.000000 0.737978 0.000000 0.674825 0.000000 0.000000 0.000000
5131.557617 0.000000 2525.260254 0.000000 0.838868 0.000000 0.544335 0.000000 0.000000 0.000000
5162.257812 0.000000 2487.574951 0.000000 0.315538 0.000000 -0.948913 0.000000 0.000000 0.000000
5121.726074 0.000000 2528.217041 0.000000 0.662933 0.000000 0.748678 0.000000 0.000000 0.000000
5128.859375 0.000000 2522.799561 0.000000 0.783835 0.000000 0.620970 0.000000 0.000000 0.000000
5155.619629 0.000000 2527.219482 0.000000 0.927425 0.000000 -0.374008 1.000000 1.000000 1.000000
5132.970703 0.000000 2532.298340 0.000000 0.863839 0.000000 0.503768 0.000000 0.000000 0.000000
5210.122559 0.000000 2496.120850 0.000000 0.999985 0.000000 0.005451 0.000000 0.000000 0.000000
5186.500488 0.000000 2505.056641 0.000000 0.803350 0.000000 -0.595507 0.000000 0.000000 0.000000
5215.826172 0.000000 2493.434814 0.000000 0.177935 0.000000 -0.984042 0.000000 0.000000 0.000000
5187.505371 0.000000 2528.738770 0.000000 0.963592 0.000000 0.267377 0.000000 0.000000 0.000000
5209.237793 0.000000 2491.471436 0.000000 0.982748 0.000000 -0.184950 0.000000 0.000000 0.000000
5188.763672 0.000000 2521.504639 0.000000 0.816717 0.000000 0.577039 0.000000 0.000000 0.000000
5184.163086 0.000000 2520.059082 0.000000 0.655300 0.000000 -0.755369 0.000000 0.000000 0.000000
5207.293457 0.000000 2508.877197 0.000000 0.999312 0.000000 0.037078 0.000000 0.000000 0.000000
5186.356934 0.000000 2490.210693 0.000000 0.756309 0.000000 -0.654214 0.000000 0.000000 0.000000
5193.604492 0.000000 2512.766846 0.000000 0.963118 0.000000 0.269081 0.000000 0.000000 0.000000
5196.526855 0.000000 2508.358398 0.000000 0.735925 0.000000 -0.677063 0.000000 0.000000 0.000000
5184.936035 0.000000 2507.922119 0.000000 0.958969 0.000000 0.283509 0.000000 0.000000 0.000000
5197.099609 0.000000 2505.089111 0.000000 0.234330 0.000000 -0.972157 0.000000 0.000000 0.000000
5185.451660 0.000000 2494.704834 0.000000 0.613042 0.000000 -0.790050 0.000000 0.000000 0.000000
5202.128418 0.000000 2506.074219 0.000000 0.940935 0.000000 -0.338588 0.000000 0.000000 0.000000
5186.311035 0.000000 2521.923584 0.000000 0.944803 0.000000 0.327638 0.000000 0.000000 0.000000
5186.944824 0.000000 2502.708496 0.000000 0.898278 0.000000 0.439428 0.000000 0.000000 0.000000
5189.141602 0.000000 2510.818848 0.000000 0.944745 0.000000 -0.327805 0.000000 0.000000 0.000000
5198.033691 0.000000 2491.203369 0.000000 0.247651 0.000000 -0.968849 0.000000 0.000000 0.000000
5190.475098 0.000000 2499.903076 0.000000 0.804505 0.000000 -0.593946 0.000000 0.000000 0.000000
5207.105957 0.000000 2506.549072 0.000000 0.000074 0.000000 -1.000000 0.000000 0.000000 0.000000
5184.712402 0.000000 2503.533447 0.000000 0.494693 0.000000 0.869068 1.000000 1.000000 1.000000
5187.385254 0.000000 2523.747070 0.000000 0.695060 0.000000 -0.718951 0.000000 0.000000 0.000000
5184.597656 0.000000 2505.779785 0.000000 0.871047 0.000000 0.491199 0.000000 0.000000 0.000000
5188.483887 0.000000 2515.061279 0.000000 0.492079 0.000000 0.870551 0.000000 0.000000 0.000000
5196.062012 0.000000 2506.617920 0.000000 0.120294 0.000000 -0.992738 0.000000 0.000000 0.000000
5200.790527 0.000000 2493.467773 0.000000 0.912468 0.000000 -0.409147 1.000000 1.000000 1.000000
5128.407715 0.000000 2549.609131 0.000000 0.096289 0.000000 0.995353 0.000000 0.000000 0.000000
5157.098633 0.000000 2584.667969 0.000000 0.274528 0.000000 -0.961579 0.000000 0.000000 0.000000
5153.099609 0.000000 2575.746582 0.000000 0.942897 0.000000 -0.333085 0.000000 0.000000 0.000000
5120.042480 0.000000 2541.804199 0.000000 0.877231 0.000000 0.480068 0.000000 0.000000 0.000000
5149.958984 0.000000 2551.997314 0.000000 0.505438 0.000000 0.862863 0.000000 0.000000 0.000000
5164.051758 0.000000 2573.891113 0.000000 0.995633 0.000000 0.093351 0.000000 0.000000 0.000000
5147.678223 0.000000 2546.811035 0.000000 0.094249 0.000000 -0.995549 0.000000 0.000000 0.000000
5153.641602 0.000000 2559.875488 0.000000 0.511294 0.000000 -0.859406 0.000000 0.000000 0.000000
5160.647949 0.000000 2543.123535 0.000000 0.997900 0.000000 0.064770 0.000000 0.000000 0.000000
5148.979980 0.000000 2557.075928 0.000000 0.588798 0.000000 0.808280 0.000000 0.000000 0.000000
5160.199219 0.000000 2572.642822 0.000000 0.990277 0.000000 0.139110 1.000000 1.000000 1.000000
5136.098633 0.000000 2551.556396 0.000000 0.707566 0.000000 0.706647 0.000000 0.000000 0.000000
5137.219727 0.000000 2553.255615 0.000000 0.249402 0.000000 0.968400 0.000000 0.000000 0.000000
5139.236816 0.000000 2553.119873 0.000000 0.302149 0.000000 0.953261 1.000000 1.000000 1.000000
5154.967773 0.000000 2576.539551 0.000000 0.605740 0.000000 0.795663 0.000000 0.000000 0.000000
5156.830078 0.000000 2576.724609 0.000000 0.882109 0.000000 -0.471045 0.000000 0.000000 0.000000
5163.765137 0.000000 2571.081055 0.000000 0.688996 0.000000 -0.724765 1.000000 1.000000 1.000000
5146.957520 0.000000 2548.423584 0.000000 0.124703 0.000000 0.992194 1.000000 1.000000 1.000000
5162.375488 0.000000 2573.340088 0.000000 0.788652 0.000000 0.614840 1.000000 1.000000 1.000000
5300.003906 0.000000 2488.640137 0.000000 0.189517 0.000000 -0.981878 0.000000 0.000000 0.000000
5333.705078 0.000000 2512.180176 0.000000 0.523955 0.000000 0.851746 0.000000 0.000000 0.000000
5354.673340 0.000000 2485.456299 0.000000 0.814175 0.000000 -0.580619 0.000000 0.000000 0.000000
5277.422852 0.000000 2580.348633 0.000000 0.299460 0.000000 0.954109 0.000000 0.000000 0.000000
5286.581055 0.000000 2576.921387 0.000000 0.171709 0.000000 -0.985148 0.000000 0.000000 0.000000
5310.994629 0.000000 2589.420654 0.000000 0.929185 0.000000 0.369614 0.000000 0.000000 0.000000
5303.044922 0.000000 2580.885254 0.000000 0.196099 0.000000 0.980584 0.000000 0.000000 0.000000
5282.508301 0.000000 2588.362549 0.000000 0.931342 0.000000 0.364144 0.000000 0.000000 0.000000
5344.449219 0.000000 2567.792236 0.000000 0.930700 0.000000 0.365783 0.000000 0.000000 0.000000
5362.798340 0.000000 2578.478027 0.000000 0.959467 0.000000 0.281821 0.000000 0.000000 0.000000
5328.244141 0.000000 2570.994629 0.000000 0.697424 0.000000 -0.716658 0.000000 0.000000 0.000000
5348.029297 0.000000 2560.349609 0.000000 0.201434 0.000000 -0.979502 0.000000 0.000000 0.000000
5350.469727 0.000000 2568.390869 0.000000 0.874866 0.000000 -0.484366 0.000000 0.000000 0.000000
5356.051758 0.000000 2573.891113 0.000000 0.477565 0.000000 0.878596 0.000000 0.000000 0.000000
5343.330566 0.000000 2574.218018 0.000000 0.850458 0.000000 -0.526044 0.000000 0.000000 0.000000
5348.682129 0.000000 2565.586182 0.000000 0.922971 0.000000 -0.384870 0.000000 0.000000 0.000000
5365.007812 0.000000 2582.947266 0.000000 0.578258 0.000000 0.815854 0.000000 0.000000 0.000000
5334.604004 0.000000 2580.326416 0.000000 0.611306 0.000000 -0.791394 0.000000 0.000000 0.000000
5339.528320 0.000000 2576.336182 0.000000 0.990080 0.000000 0.140503 0.000000 0.000000 0.000000
5346.177734 0.000000 2568.729980 0.000000 0.999101 0.000000 -0.042399 1.000000 1.000000 1.000000
5336.332520 0.000000 2577.001221 0.000000 0.939442 0.000000 0.342709 1.000000 1.000000 1.000000
5334.981445 0.000000 2570.021484 0.000000 0.232683 0.000000 0.972553 1.000000 1.000000 1.000000
5339.849121 0.000000 2568.402588 0.000000 0.805233 0.000000 -0.592958 0.000000 0.000000 0.000000
5336.422363 0.000000 2571.497070 0.000000 0.989289 0.000000 0.145969 1.000000 1.000000 1.000000
5346.087402 0.000000 2566.852051 0.000000 0.854672 0.000000 -0.519168 0.000000 0.000000 0.000000
5341.614258 0.000000 2573.524902 0.000000 0.868662 0.000000 0.495405 0.000000 0.000000 0.000000
5333.609863 0.000000 2574.445801 0.000000 0.207820 0.000000 -0.978167 1.000000 1.000000 1.000000
5337.034668 0.000000 2573.743408 0.000000 0.992297 0.000000 -0.123884 1.000000 1.000000 1.000000
5349.967285 0.000000 2566.694092 0.000000 0.876222 0.000000 0.481908 0.000000 0.000000 0.000000
5132.457520 0.000000 2650.057129 0.000000 0.119246 0.000000 -0.992865 0.000000 0.000000 0.000000
5137.722656 0.000000 2650.458496 0.000000 0.749651 0.000000 -0.661833 0.000000 0.000000 0.000000
5141.934570 0.000000 2653.093262 0.000000 0.996113 0.000000 -0.088086 0.000000 0.000000 0.000000
5156.759766 0.000000 2619.657471 0.000000 0.877324 0.000000 0.479899 0.000000 0.000000 0.000000
5143.191895 0.000000 2644.171875 0.000000 0.575124 0.000000 -0.818066 0.000000 0.000000 0.000000
5136.939453 0.000000 2614.209961 0.000000 0.770175 0.000000 -0.637832 0.000000 0.000000 0.000000
5153.910645 0.000000 2640.604004 0.000000 0.837539 0.000000 -0.546378 0.000000 0.000000 0.000000
5139.640625 0.000000 2623.593018 0.000000 0.180318 0.000000 -0.983608 0.000000 0.000000 0.000000
5130.235840 0.000000 2641.965576 0.000000 0.997852 0.000000 0.065516 0.000000 0.000000 0.000000
5140.436035 0.000000 2640.553223 0.000000 0.961918 0.000000 -0.273340 0.000000 0.000000 0.000000
5139.253418 0.000000 2645.867920 0.000000 0.869206 0.000000 -0.494451 1.000000 1.000000 1.000000
5151.373535 0.000000 2641.714355 0.000000 0.622943 0.000000 -0.782267 0.000000 0.000000 0.000000
5137.493164 0.000000 2642.254150 0.000000 0.967945 0.000000 0.251164 0.000000 0.000000 0.000000
5152.607910 0.000000 2637.371826 0.000000 0.757668 0.000000 0.652640 0.000000 0.000000 0.000000
5156.916016 0.000000 2626.343750 0.000000 0.927678 0.000000 -0.373382 0.000000 0.000000 0.000000
5152.801270 0.000000 2626.596436 0.000000 0.952760 0.000000 0.303725 0.000000 0.000000 0.000000
5144.887695 0.000000 2639.881348 0.000000 0.843376 0.000000 0.537324 0.000000 0.000000 0.000000
5129.808105 0.000000 2639.448486 0.000000 0.196174 0.000000 -0.980569 0.000000 0.000000 0.000000
5149.739258 0.000000 2619.744385 0.000000 0.688429 0.000000 0.725304 1.000000 1.000000 1.000000
5148.979980 0.000000 2613.560303 0.000000 0.470403 0.000000 -0.882451 0.000000 0.000000 0.000000
5145.598145 0.000000 2621.912842 0.000000 0.903062 0.000000 -0.429510 1.000000 1.000000 1.000000
5125.572266 0.000000 2645.212158 0.000000 0.871721 0.000000 -0.490003 0.000000 0.000000 0.000000
5130.234863 0.000000 2645.727051 0.000000 0.698714 0.000000 -0.715401 1.000000 1.000000 1.000000
5128.076660 0.000000 2642.334717 0.000000 0.720191 0.000000 -0.693776 0.000000 0.000000 0.000000
5135.799805 0.000000 2641.344971 0.000000 0.986184 0.000000 0.165656 1.000000 1.000000 1.000000
5141.101562 0.000000 2644.732178 0.000000 0.871844 0.000000 -0.489784 0.000000 0.000000 0.000000
5154.177734 0.000000 2625.214355 0.000000 0.748197 0.000000 0.663477 0.000000 0.000000 0.000000
5141.917480 0.000000 2642.543457 0.000000 0.182405 0.000000 -0.983223 1.000000 1.000000 1.000000
5154.967773 0.000000 2633.023926 0.000000 0.964348 0.000000 -0.264636 1.000000 1.000000 1.000000
5130.618164 0.000000 2649.724609 0.000000 0.702359 0.000000 0.711823 1.000000 1.000000 1.000000
5155.093262 0.000000 2620.657471 0.000000 0.972115 0.000000 0.234504 1.000000 1.000000 1.000000
5124.189941 0.000000 2643.444580 0.000000 0.979276 0.000000 -0.202530 1.000000 1.000000 1.000000
5147.504395 0.000000 2612.259521 0.000000 0.641826 0.000000 0.766850 0.000000 0.000000 0.000000
5154.087402 0.000000 2623.336426 0.000000 0.022120 0.000000 -0.999755 1.000000 1.000000 1.000000
5157.379395 0.000000 2635.167969 0.000000 0.271725 0.000000 -0.962375 0.000000 0.000000 0.000000
5156.830078 0.000000 2633.208984 0.000000 0.786937 0.000000 -0.617034 1.000000 1.000000 1.000000
5136.985352 0.000000 2620.457031 0.000000 0.100582 0.000000 -0.994929 1.000000 1.000000 1.000000
5127.260254 0.000000 2644.885742 0.000000 0.677587 0.000000 0.735442 1.000000 1.000000 1.000000
5132.970703 0.000000 2645.267090 0.000000 0.289503 0.000000 0.957177 1.000000 1.000000 1.000000
5157.967285 0.000000 2623.178467 0.000000 0.005313 0.000000 0.999986 1.000000 1.000000 1.000000
5139.835449 0.000000 2619.168213 0.000000 0.883359 0.000000 0.468697 1.000000 1.000000 1.000000
5136.310547 0.000000 2645.876709 0.000000 0.296245 0.000000 0.955112 1.000000 1.000000 1.000000
5151.972656 0.000000 2622.662109 0.000000 0.952632 0.000000 -0.304124 1.000000 1.000000 1.000000
5145.349609 0.000000 2618.231934 0.000000 0.917428 0.000000 -0.397903 1.000000 1.000000 1.000000
5159.989746 0.000000 2624.185059 0.000000 0.868518 0.000000 0.495658 1.000000 1.000000 1.000000
5245.512207 0.000000 2598.307373 0.000000 0.963441 0.000000 0.267922 0.000000 0.000000 0.000000
5179.211426 0.000000 2684.383789 0.000000 0.228874 0.000000 -0.973456 0.000000 0.000000 0.000000
5161.322754 0.000000 2703.041260 0.000000 0.621754 0.000000 -0.783213 0.000000 0.000000 0.000000
5161.064941 0.000000 2706.471191 0.000000 0.325320 0.000000 -0.945604 0.000000 0.000000 0.000000
5168.580566 0.000000 2685.206299 0.000000 0.808829 0.000000 -0.588044 0.000000 0.000000 0.000000
5164.194824 0.000000 2666.843018 0.000000 0.895522 0.000000 0.445017 0.000000 0.000000 0.000000
5148.380371 0.000000 2709.615967 0.000000 0.618354 0.000000 -0.785900 0.000000 0.000000 0.000000
5140.994629 0.000000 2657.318359 0.000000 0.360053 0.000000 -0.932932 1.000000 1.000000 1.000000
5130.564941 0.000000 2657.314453 0.000000 0.490064 0.000000 0.871687 0.000000 0.000000 0.000000
5159.591309 0.000000 2696.601562 0.000000 0.747924 0.000000 0.663784 0.000000 0.000000 0.000000
5143.068359 0.000000 2659.276855 0.000000 0.693376 0.000000 -0.720576 1.000000 1.000000 1.000000
5153.412109 0.000000 2669.722656 0.000000 0.992337 0.000000 -0.123564 1.000000 1.000000 1.000000
5158.385742 0.000000 2671.610596 0.000000 0.870083 0.000000 -0.492906 0.000000 0.000000 0.000000
5139.640625 0.000000 2680.077393 0.000000 0.045917 0.000000 -0.998945 0.000000 0.000000 0.000000
5163.601562 0.000000 2707.665771 0.000000 0.974097 0.000000 -0.226132 0.000000 0.000000 0.000000
5152.544434 0.000000 2702.097168 0.000000 0.520568 0.000000 0.853820 0.000000 0.000000 0.000000
5176.346680 0.000000 2676.966553 0.000000 0.218259 0.000000 0.975891 0.000000 0.000000 0.000000
5174.158691 0.000000 2686.825439 0.000000 0.633910 0.000000 -0.773407 0.000000 0.000000 0.000000
5138.498535 0.000000 2658.583740 0.000000 0.999959 0.000000 -0.009021 1.000000 1.000000 1.000000
5135.870117 0.000000 2691.588379 0.000000 0.908746 0.000000 -0.417349 0.000000 0.000000 0.000000
5153.641602 0.000000 2672.844238 0.000000 0.773276 0.000000 0.634070 0.000000 0.000000 0.000000
5174.180664 0.000000 2678.615723 0.000000 0.999961 0.000000 0.008854 0.000000 0.000000 0.000000
5126.070312 0.000000 2661.805664 0.000000 0.560416 0.000000 -0.828212 0.000000 0.000000 0.000000
5150.816895 0.000000 2669.203369 0.000000 0.964262 0.000000 -0.264950 0.000000 0.000000 0.000000
5134.033691 0.000000 2660.656494 0.000000 0.381617 0.000000 0.924321 0.000000 0.000000 0.000000
5155.522949 0.000000 2699.411621 0.000000 0.955998 0.000000 -0.293373 0.000000 0.000000 0.000000
5166.671387 0.000000 2701.220215 0.000000 0.473625 0.000000 -0.880727 0.000000 0.000000 0.000000
5146.165527 0.000000 2663.023438 0.000000 0.227209 0.000000 0.973846 0.000000 0.000000 0.000000
5165.465820 0.000000 2699.061523 0.000000 0.998306 0.000000 0.058177 0.000000 0.000000 0.000000
5154.508301 0.000000 2701.331299 0.000000 0.717586 0.000000 0.696469 0.000000 0.000000 0.000000
5162.678223 0.000000 2692.940674 0.000000 0.319394 0.000000 0.947622 0.000000 0.000000 0.000000
5162.281250 0.000000 2696.977295 0.000000 0.593589 0.000000 0.804769 0.000000 0.000000 0.000000
5159.167969 0.000000 2703.235596 0.000000 0.142783 0.000000 -0.989754 0.000000 0.000000 0.000000
5165.585449 0.000000 2665.198730 0.000000 0.623509 0.000000 0.781816 0.000000 0.000000 0.000000
5128.722168 0.000000 2687.284668 0.000000 0.683077 0.000000 -0.730347 1.000000 1.000000 1.000000
5124.035156 0.000000 2660.985352 0.000000 0.236701 0.000000 0.971583 1.000000 1.000000 1.000000
5155.217285 0.000000 2665.604248 0.000000 0.621540 0.000000 0.783382 1.000000 1.000000 1.000000
5160.756348 0.000000 2660.232178 0.000000 0.780524 0.000000 0.625126 1.000000 1.000000 1.000000
5182.970703 0.000000 2677.421631 0.000000 0.018826 0.000000 0.999823 0.000000 0.000000 0.000000
5182.854492 0.000000 2681.349121 0.000000 0.350874 0.000000 0.936423 1.000000 1.000000 1.000000
5165.587891 0.000000 2662.537842 0.000000 0.996387 0.000000 -0.084927 0.000000 0.000000 0.000000
5126.936035 0.000000 2658.341553 0.000000 0.899464 0.000000 0.436995 0.000000 0.000000 0.000000
5133.704590 0.000000 2667.592285 0.000000 0.121045 0.000000 -0.992647 0.000000 0.000000 0.000000
5163.628906 0.000000 2695.156738 0.000000 0.270420 0.000000 -0.962742 0.000000 0.000000 0.000000
5132.080078 0.000000 2686.054443 0.000000 0.998018 0.000000 0.062932 1.000000 1.000000 1.000000
5135.325195 0.000000 2689.774170 0.000000 0.821567 0.000000 0.570113 0.000000 0.000000 0.000000
5141.008301 0.000000 2683.870605 0.000000 0.676868 0.000000 0.736105 1.000000 1.000000 1.000000
5143.366211 0.000000 2657.418213 0.000000 0.796068 0.000000 -0.605208 0.000000 0.000000 0.000000
5124.483887 0.000000 2684.514404 0.000000 0.995482 0.000000 -0.094952 1.000000 1.000000 1.000000
5132.251465 0.000000 2661.601807 0.000000 0.791202 0.000000 -0.611555 1.000000 1.000000 1.000000
5163.071777 0.000000 2665.344238 0.000000 0.419500 0.000000 0.907755 1.000000 1.000000 1.000000
5135.854980 0.000000 2661.295410 0.000000 0.237700 0.000000 0.971339 0.000000 0.000000 0.000000
5125.832520 0.000000 2686.631348 0.000000 0.001663 0.000000 0.999999 0.000000 0.000000 0.000000
5150.652344 0.000000 2666.851074 0.000000 0.975923 0.000000 0.218117 0.000000 0.000000 0.000000
5150.021484 0.000000 2663.032471 0.000000 0.452717 0.000000 -0.891654 1.000000 1.000000 1.000000
5165.431152 0.000000 2658.817383 0.000000 0.425730 0.000000 0.904850 0.000000 0.000000 0.000000
5147.877441 0.000000 2666.256592 0.000000 0.940401 0.000000 0.340068 1.000000 1.000000 1.000000
5156.749023 0.000000 2664.135010 0.000000 0.910478 0.000000 -0.413557 1.000000 1.000000 1.000000
5161.963379 0.000000 2662.294922 0.000000 0.803387 0.000000 0.595457 1.000000 1.000000 1.000000
5156.560547 0.000000 2668.821289 0.000000 0.689268 0.000000 -0.724507 1.000000 1.000000 1.000000
5179.429199 0.000000 2680.078125 0.000000 0.307821 0.000000 -0.951444 1.000000 1.000000 1.000000
5151.632324 0.000000 2665.434326 0.000000 0.257745 0.000000 -0.966213 0.000000 0.000000 0.000000
5138.362793 0.000000 2687.402100 0.000000 0.003571 0.000000 0.999994 1.000000 1.000000 1.000000
5180.312988 0.000000 2678.520508 0.000000 0.026491 0.000000 0.999649 1.000000 1.000000 1.000000
5141.609863 0.000000 2687.414551 0.000000 0.110359 0.000000 -0.993892 0.000000 0.000000 0.000000
5137.862305 0.000000 2691.093018 0.000000 0.253705 0.000000 0.967282 0.000000 0.000000 0.000000
5146.957520 0.000000 2661.392334 0.000000 0.725300 0.000000 -0.688433 1.000000 1.000000 1.000000
5128.280273 0.000000 2688.996582 0.000000 0.922771 0.000000 -0.385350 0.000000 0.000000 0.000000
5130.416504 0.000000 2686.449707 0.000000 0.430703 0.000000 -0.902493 1.000000 1.000000 1.000000
5164.442383 0.000000 2661.278320 0.000000 0.705989 0.000000 -0.708223 0.000000 0.000000 0.000000
5154.375977 0.000000 2671.208252 0.000000 0.275666 0.000000 -0.961254 1.000000 1.000000 1.000000
5229.516602 0.000000 2669.499023 0.000000 0.897675 0.000000 -0.440658 0.000000 0.000000 0.000000
5197.099609 0.000000 2674.542236 0.000000 0.992257 0.000000 -0.124199 0.000000 0.000000 0.000000
5186.311035 0.000000 2691.376709 0.000000 0.960660 0.000000 -0.277728 0.000000 0.000000 0.000000
5189.141602 0.000000 2680.271973 0.000000 0.910920 0.000000 0.412583 0.000000 0.000000 0.000000
5232.587891 0.000000 2675.018799 0.000000 0.782503 0.000000 -0.622647 0.000000 0.000000 0.000000
5214.816895 0.000000 2669.203369 0.000000 0.221671 0.000000 -0.975121 0.000000 0.000000 0.000000
5187.099121 0.000000 2681.467285 0.000000 0.983646 0.000000 -0.180112 1.000000 1.000000 1.000000
5184.144043 0.000000 2683.165771 0.000000 0.177384 0.000000 0.984142 0.000000 0.000000 0.000000
5218.375977 0.000000 2671.208252 0.000000 0.313461 0.000000 0.949601 1.000000 1.000000 1.000000
5266.127930 0.000000 2611.557373 0.000000 0.493970 0.000000 -0.869479 0.000000 0.000000 0.000000
5271.890625 0.000000 2617.338867 0.000000 0.435191 0.000000 0.900338 0.000000 0.000000 0.000000
5309.212891 0.000000 2623.673096 0.000000 0.650619 0.000000 -0.759405 0.000000 0.000000 0.000000
5309.032715 0.000000 2620.469238 0.000000 0.741517 0.000000 0.670934 0.000000 0.000000 0.000000
5264.939453 0.000000 2614.209961 0.000000 0.104776 0.000000 -0.994496 0.000000 0.000000 0.000000
5305.678223 0.000000 2613.402832 0.000000 0.254430 0.000000 0.967091 0.000000 0.000000 0.000000
5302.302246 0.000000 2612.568604 0.000000 0.689989 0.000000 -0.723820 0.000000 0.000000 0.000000
5334.478027 0.000000 2633.174561 0.000000 0.971803 0.000000 -0.235793 0.000000 0.000000 0.000000
5372.832520 0.000000 2630.603027 0.000000 0.979696 0.000000 -0.200487 0.000000 0.000000 0.000000
5318.057129 0.000000 2643.218994 0.000000 0.987176 0.000000 -0.159637 0.000000 0.000000 0.000000
5335.068359 0.000000 2602.792480 0.000000 0.962828 0.000000 0.270114 0.000000 0.000000 0.000000
5318.395508 0.000000 2628.336914 0.000000 0.248275 0.000000 -0.968690 0.000000 0.000000 0.000000
5372.013184 0.000000 2613.145996 0.000000 0.710531 0.000000 0.703666 0.000000 0.000000 0.000000
5373.125000 0.000000 2650.760498 0.000000 0.347957 0.000000 -0.937511 0.000000 0.000000 0.000000
5322.329590 0.000000 2622.985840 0.000000 0.503294 0.000000 0.864115 0.000000 0.000000 0.000000
5356.051758 0.000000 2630.375488 0.000000 0.561893 0.000000 -0.827210 0.000000 0.000000 0.000000
5331.640625 0.000000 2623.593018 0.000000 0.521546 0.000000 0.853223 0.000000 0.000000 0.000000
5326.389160 0.000000 2631.666016 0.000000 0.663516 0.000000 0.748162 0.000000 0.000000 0.000000
5327.870117 0.000000 2635.104004 0.000000 0.321247 0.000000 -0.946996 0.000000 0.000000 0.000000
5335.339844 0.000000 2630.688721 0.000000 0.702031 0.000000 -0.712147 0.000000 0.000000 0.000000
5374.582031 0.000000 2613.148438 0.000000 0.941255 0.000000 -0.337695 1.000000 1.000000 1.000000
5371.305664 0.000000 2648.060303 0.000000 0.855994 0.000000 -0.516987 0.000000 0.000000 0.000000
5314.199219 0.000000 2605.393555 0.000000 0.949017 0.000000 -0.315226 0.000000 0.000000 0.000000
5355.060059 0.000000 2632.414795 0.000000 0.282057 0.000000 -0.959398 0.000000 0.000000 0.000000
5333.422363 0.000000 2622.636230 0.000000 0.902581 0.000000 -0.430519 0.000000 0.000000 0.000000
5327.228516 0.000000 2625.293457 0.000000 0.876922 0.000000 -0.480633 1.000000 1.000000 1.000000
5320.076660 0.000000 2642.334717 0.000000 0.620815 0.000000 0.783957 0.000000 0.000000 0.000000
5333.008301 0.000000 2627.386230 0.000000 0.964720 0.000000 -0.263278 0.000000 0.000000 0.000000
5322.704590 0.000000 2621.023682 0.000000 0.870372 0.000000 -0.492396 0.000000 0.000000 0.000000
5334.981445 0.000000 2626.505859 0.000000 0.652149 0.000000 0.758090 1.000000 1.000000 1.000000
5312.371582 0.000000 2603.365967 0.000000 0.882385 0.000000 -0.470528 1.000000 1.000000 1.000000
5326.777344 0.000000 2618.533447 0.000000 0.960588 0.000000 -0.277975 1.000000 1.000000 1.000000
5319.620605 0.000000 2604.510498 0.000000 0.987998 0.000000 -0.154465 1.000000 1.000000 1.000000
5370.250000 0.000000 2631.773193 0.000000 0.949775 0.000000 0.312933 1.000000 1.000000 1.000000
5329.688477 0.000000 2626.508057 0.000000 0.112373 0.000000 0.993666 0.000000 0.000000 0.000000
5325.306641 0.000000 2622.832764 0.000000 0.064937 0.000000 0.997889 1.000000 1.000000 1.000000
5279.453613 0.000000 2671.495850 0.000000 0.691064 0.000000 0.722793 0.000000 0.000000 0.000000
5286.893555 0.000000 2674.212891 0.000000 0.544631 0.000000 -0.838675 0.000000 0.000000 0.000000
5283.991211 0.000000 2670.492188 0.000000 0.552243 0.000000 -0.833683 0.000000 0.000000 0.000000
5284.029297 0.000000 2673.318359 0.000000 0.190217 0.000000 -0.981742 0.000000 0.000000 0.000000
5368.065918 0.000000 2680.128174 0.000000 0.456020 0.000000 0.889970 0.000000 0.000000 0.000000
5318.215332 0.000000 2703.703369 0.000000 0.616714 0.000000 0.787188 0.000000 0.000000 0.000000
5374.419434 0.000000 2696.912842 0.000000 0.835940 0.000000 -0.548820 0.000000 0.000000 0.000000
5338.987305 0.000000 2654.854492 0.000000 0.956656 0.000000 -0.291220 0.000000 0.000000 0.000000
5344.449219 0.000000 2680.760986 0.000000 0.958710 0.000000 -0.284385 0.000000 0.000000 0.000000
5341.096680 0.000000 2655.161865 0.000000 0.562558 0.000000 -0.826758 0.000000 0.000000 0.000000
5485.465820 0.000000 2529.608398 0.000000 0.457048 0.000000 -0.889442 0.000000 0.000000 0.000000
5405.392090 0.000000 2586.470215 0.000000 0.616409 0.000000 0.787426 0.000000 0.000000 0.000000
5404.380371 0.000000 2596.647217 0.000000 0.841230 0.000000 -0.540678 0.000000 0.000000 0.000000
5409.062500 0.000000 2593.870850 0.000000 0.659106 0.000000 0.752050 0.000000 0.000000 0.000000
5408.544434 0.000000 2589.128418 0.000000 0.545182 0.000000 0.838318 0.000000 0.000000 0.000000
5407.328613 0.000000 2592.118652 0.000000 0.845491 0.000000 -0.533990 0.000000 0.000000 0.000000
5406.716309 0.000000 2588.034912 0.000000 0.872806 0.000000 -0.488067 1.000000 1.000000 1.000000
5404.161133 0.000000 2590.408936 0.000000 0.387673 0.000000 -0.921797 1.000000 1.000000 1.000000
5405.418457 0.000000 2591.794434 0.000000 0.808567 0.000000 0.588404 1.000000 1.000000 1.000000
5471.888672 0.000000 2563.341064 0.000000 0.298606 0.000000 -0.954376 0.000000 0.000000 0.000000
5609.385742 0.000000 2518.230713 0.000000 0.192335 0.000000 -0.981329 0.000000 0.000000 0.000000
5626.511719 0.000000 2505.822510 0.000000 0.989929 0.000000 0.141563 0.000000 0.000000 0.000000
5629.524414 0.000000 2502.382324 0.000000 0.532247 0.000000 -0.846589 0.000000 0.000000 0.000000
5591.068359 0.000000 2489.823730 0.000000 0.758226 0.000000 0.651992 0.000000 0.000000 0.000000
5583.671387 0.000000 2486.841553 0.000000 0.555951 0.000000 -0.831215 0.000000 0.000000 0.000000
5582.033691 0.000000 2491.203369 0.000000 0.476541 0.000000 0.879152 0.000000 0.000000 0.000000
5613.585449 0.000000 2495.745605 0.000000 0.996514 0.000000 0.083423 0.000000 0.000000 0.000000
5621.860840 0.000000 2589.863281 0.000000 0.441257 0.000000 -0.897381 0.000000 0.000000 0.000000
5617.262695 0.000000 2596.357910 0.000000 0.288753 0.000000 -0.957404 0.000000 0.000000 0.000000
5626.520996 0.000000 2595.709473 0.000000 0.474686 0.000000 0.880155 0.000000 0.000000 0.000000
5414.230957 0.000000 2636.810303 0.000000 0.605285 0.000000 0.796009 0.000000 0.000000 0.000000
5390.875488 0.000000 2643.043213 0.000000 0.000451 0.000000 -1.000000 0.000000 0.000000 0.000000
5408.426758 0.000000 2610.718994 0.000000 0.907676 0.000000 0.419673 0.000000 0.000000 0.000000
5387.486816 0.000000 2606.840820 0.000000 0.435094 0.000000 -0.900385 0.000000 0.000000 0.000000
5406.961914 0.000000 2599.242676 0.000000 0.778447 0.000000 0.627711 0.000000 0.000000 0.000000
5390.650879 0.000000 2648.622070 0.000000 0.905509 0.000000 0.424327 0.000000 0.000000 0.000000
5400.535645 0.000000 2614.636230 0.000000 0.055112 0.000000 0.998480 0.000000 0.000000 0.000000
5378.944824 0.000000 2615.677246 0.000000 0.863614 0.000000 0.504153 1.000000 1.000000 1.000000
5380.756836 0.000000 2617.074463 0.000000 0.993373 0.000000 0.114932 0.000000 0.000000 0.000000
5405.739258 0.000000 2619.744385 0.000000 0.997072 0.000000 0.076471 0.000000 0.000000 0.000000
5403.877441 0.000000 2609.772217 0.000000 0.391499 0.000000 0.920179 1.000000 1.000000 1.000000
5407.632324 0.000000 2608.949951 0.000000 0.708069 0.000000 0.706143 1.000000 1.000000 1.000000
5383.699707 0.000000 2614.136230 0.000000 0.627334 0.000000 -0.778751 1.000000 1.000000 1.000000
5402.957520 0.000000 2604.907959 0.000000 0.266422 0.000000 -0.963856 0.000000 0.000000 0.000000
5420.083496 0.000000 2674.826660 0.000000 0.537283 0.000000 -0.843402 0.000000 0.000000 0.000000
5409.412109 0.000000 2669.722656 0.000000 0.988624 0.000000 -0.150410 0.000000 0.000000 0.000000
5437.251953 0.000000 2661.580078 0.000000 0.950243 0.000000 0.311511 0.000000 0.000000 0.000000
5465.621582 0.000000 2702.640381 0.000000 0.713895 0.000000 0.700253 0.000000 0.000000 0.000000
5476.276367 0.000000 2688.012451 0.000000 0.691469 0.000000 -0.722406 0.000000 0.000000 0.000000
5491.213867 0.000000 2701.022949 0.000000 0.041017 0.000000 -0.999158 0.000000 0.000000 0.000000
5487.537109 0.000000 2681.894043 0.000000 0.723091 0.000000 -0.690753 0.000000 0.000000 0.000000
5484.127930 0.000000 2682.207031 0.000000 0.858175 0.000000 -0.513357 0.000000 0.000000 0.000000
5442.822754 0.000000 2688.733643 0.000000 0.960996 0.000000 -0.276563 0.000000 0.000000 0.000000
5489.129395 0.000000 2705.171631 0.000000 0.220149 0.000000 0.975466 1.000000 1.000000 1.000000
5476.144531 0.000000 2703.727051 0.000000 0.880249 0.000000 -0.474512 0.000000 0.000000 0.000000
5486.880859 0.000000 2705.301270 0.000000 0.279766 0.000000 -0.960068 1.000000 1.000000 1.000000
5471.005371 0.000000 2689.670410 0.000000 0.942463 0.000000 0.334311 0.000000 0.000000 0.000000
5492.316895 0.000000 2683.891602 0.000000 0.819117 0.000000 -0.573627 0.000000 0.000000 0.000000
5473.987305 0.000000 2692.379395 0.000000 0.560575 0.000000 0.828103 0.000000 0.000000 0.000000
5473.433594 0.000000 2690.569092 0.000000 0.203963 0.000000 -0.978979 1.000000 1.000000 1.000000
5559.638184 0.000000 2614.024658 0.000000 0.564242 0.000000 0.825610 0.000000 0.000000 0.000000
5510.057129 0.000000 2643.218994 0.000000 0.499330 0.000000 -0.866412 0.000000 0.000000 0.000000
5504.042480 0.000000 2598.288574 0.000000 0.839770 0.000000 -0.542942 0.000000 0.000000 0.000000
5516.083496 0.000000 2643.795166 0.000000 0.699576 0.000000 -0.714558 0.000000 0.000000 0.000000
5518.979980 0.000000 2623.121338 0.000000 0.889209 0.000000 0.457502 0.000000 0.000000 0.000000
5515.442871 0.000000 2616.089844 0.000000 0.991372 0.000000 -0.131077 0.000000 0.000000 0.000000
5534.716309 0.000000 2644.519287 0.000000 0.965417 0.000000 -0.260710 1.000000 1.000000 1.000000
5532.161133 0.000000 2646.893311 0.000000 0.764866 0.000000 -0.644189 0.000000 0.000000 0.000000
5516.062012 0.000000 2619.586670 0.000000 0.880024 0.000000 -0.474928 1.000000 1.000000 1.000000
5517.306641 0.000000 2622.832764 0.000000 0.945175 0.000000 -0.326566 1.000000 1.000000 1.000000
5574.507812 0.000000 2650.372314 0.000000 0.392175 0.000000 -0.919891 0.000000 0.000000 0.000000
5623.794922 0.000000 2611.287354 0.000000 0.218585 0.000000 -0.975818 0.000000 0.000000 0.000000
5574.028809 0.000000 2621.210938 0.000000 0.012056 0.000000 -0.999927 0.000000 0.000000 0.000000
5613.143066 0.000000 2598.583496 0.000000 0.640373 0.000000 0.768064 0.000000 0.000000 0.000000
5608.756348 0.000000 2603.747803 0.000000 0.984686 0.000000 0.174340 0.000000 0.000000 0.000000
5568.597656 0.000000 2618.748535 0.000000 0.720489 0.000000 -0.693467 0.000000 0.000000 0.000000
5610.257812 0.000000 2600.543701 0.000000 0.272887 0.000000 -0.962046 0.000000 0.000000 0.000000
5570.681152 0.000000 2620.499756 0.000000 0.511384 0.000000 0.859352 0.000000 0.000000 0.000000
5613.431152 0.000000 2602.333008 0.000000 0.930976 0.000000 0.365080 0.000000 0.000000 0.000000
5518.007324 0.000000 2685.655762 0.000000 0.602034 0.000000 0.798470 0.000000 0.000000 0.000000
5534.236816 0.000000 2707.295410 0.000000 0.803935 0.000000 -0.594717 0.000000 0.000000 0.000000
5544.974609 0.000000 2666.287109 0.000000 0.046003 0.000000 0.998941 0.000000 0.000000 0.000000
5516.457520 0.000000 2706.541504 0.000000 0.996444 0.000000 0.084257 0.000000 0.000000 0.000000
5510.507812 0.000000 2706.856689 0.000000 0.964660 0.000000 0.263498 1.000000 1.000000 1.000000
5562.462402 0.000000 2671.835693 0.000000 0.998912 0.000000 -0.046636 0.000000 0.000000 0.000000
5512.667480 0.000000 2659.544922 0.000000 0.946479 0.000000 -0.322766 0.000000 0.000000 0.000000
5513.604492 0.000000 2682.219971 0.000000 0.248311 0.000000 -0.968680 0.000000 0.000000 0.000000
5511.437500 0.000000 2709.809326 0.000000 0.642872 0.000000 0.765974 1.000000 1.000000 1.000000
5542.337891 0.000000 2668.501709 0.000000 0.988301 0.000000 0.152518 0.000000 0.000000 0.000000
5539.200195 0.000000 2667.562500 0.000000 0.661734 0.000000 0.749739 0.000000 0.000000 0.000000
5516.721191 0.000000 2693.090576 0.000000 0.972964 0.000000 0.230957 0.000000 0.000000 0.000000
5516.375000 0.000000 2709.433350 0.000000 0.869236 0.000000 -0.494397 0.000000 0.000000 0.000000
5560.346680 0.000000 2676.966553 0.000000 0.928114 0.000000 0.372296 0.000000 0.000000 0.000000
5522.498535 0.000000 2658.583740 0.000000 0.196806 0.000000 -0.980442 0.000000 0.000000 0.000000
5517.872070 0.000000 2683.168213 0.000000 0.974186 0.000000 -0.225747 0.000000 0.000000 0.000000
5506.552734 0.000000 2710.841797 0.000000 0.924529 0.000000 0.381111 0.000000 0.000000 0.000000
5540.952637 0.000000 2695.242432 0.000000 0.315588 0.000000 -0.948896 0.000000 0.000000 0.000000
5558.255859 0.000000 2663.525635 0.000000 0.889801 0.000000 -0.456348 0.000000 0.000000 0.000000
5561.678223 0.000000 2669.887207 0.000000 0.493625 0.000000 -0.869675 0.000000 0.000000 0.000000
5512.722168 0.000000 2687.284668 0.000000 0.852960 0.000000 -0.521976 0.000000 0.000000 0.000000
5523.236816 0.000000 2666.088623 0.000000 0.518456 0.000000 -0.855105 0.000000 0.000000 0.000000
5510.936035 0.000000 2658.341553 0.000000 0.633083 0.000000 0.774084 1.000000 1.000000 1.000000
5527.366211 0.000000 2657.418213 0.000000 0.984118 0.000000 0.177515 0.000000 0.000000 0.000000
5558.588867 0.000000 2707.948730 0.000000 0.987262 0.000000 -0.159104 0.000000 0.000000 0.000000
5514.780273 0.000000 2689.549561 0.000000 0.439533 0.000000 0.898226 1.000000 1.000000 1.000000
5511.784180 0.000000 2708.082031 0.000000 0.998502 0.000000 0.054715 1.000000 1.000000 1.000000
5540.560547 0.000000 2668.821289 0.000000 0.067817 0.000000 -0.997698 1.000000 1.000000 1.000000
5516.919922 0.000000 2704.801270 0.000000 0.998564 0.000000 -0.053563 0.000000 0.000000 0.000000
5511.620605 0.000000 2660.994873 0.000000 0.031815 0.000000 -0.999494 1.000000 1.000000 1.000000
5510.073242 0.000000 2708.553223 0.000000 0.411855 0.000000 -0.911250 1.000000 1.000000 1.000000
5514.416504 0.000000 2686.449707 0.000000 0.997012 0.000000 -0.077253 1.000000 1.000000 1.000000
5522.442383 0.000000 2669.782227 0.000000 0.411881 0.000000 0.911238 1.000000 1.000000 1.000000
5587.771973 0.000000 2677.391113 0.000000 0.628227 0.000000 -0.778030 0.000000 0.000000 0.000000
5585.436523 0.000000 2678.634766 0.000000 0.167303 0.000000 0.985906 0.000000 0.000000 0.000000
5612.051758 0.000000 2686.859863 0.000000 0.624579 0.000000 0.780962 0.000000 0.000000 0.000000
5754.544434 0.000000 2299.798096 0.000000 0.172874 0.000000 -0.984944 0.000000 0.000000 0.000000
5744.580566 0.000000 2289.815674 0.000000 0.590591 0.000000 0.806971 0.000000 0.000000 0.000000
5749.005371 0.000000 2311.570312 0.000000 0.085411 0.000000 -0.996346 0.000000 0.000000 0.000000
5746.395020 0.000000 2289.391602 0.000000 0.939080 0.000000 0.343698 1.000000 1.000000 1.000000
5751.638184 0.000000 2331.602783 0.000000 0.639296 0.000000 0.768961 0.000000 0.000000 0.000000
5757.512207 0.000000 2315.885498 0.000000 0.311379 0.000000 -0.950286 0.000000 0.000000 0.000000
5751.531250 0.000000 2326.463135 0.000000 0.714472 0.000000 -0.699664 0.000000 0.000000 0.000000
5775.272949 0.000000 2281.293457 0.000000 0.983246 0.000000 -0.182285 0.000000 0.000000 0.000000
5772.552734 0.000000 2285.569092 0.000000 0.711321 0.000000 0.702867 0.000000 0.000000 0.000000
5772.526855 0.000000 2282.420898 0.000000 0.731307 0.000000 -0.682048 0.000000 0.000000 0.000000
5638.215332 0.000000 2421.281494 0.000000 0.152669 0.000000 0.988277 0.000000 0.000000 0.000000
5638.507812 0.000000 2424.434814 0.000000 0.999957 0.000000 -0.009300 0.000000 0.000000 0.000000
5644.083496 0.000000 2417.857666 0.000000 0.598211 0.000000 0.801339 0.000000 0.000000 0.000000
5645.139648 0.000000 2415.888428 0.000000 0.865501 0.000000 -0.500907 0.000000 0.000000 0.000000
5657.618652 0.000000 2424.020996 0.000000 0.581431 0.000000 0.813596 0.000000 0.000000 0.000000
5647.799805 0.000000 2415.407471 0.000000 0.577853 0.000000 0.816141 0.000000 0.000000 0.000000
5658.529785 0.000000 2427.750488 0.000000 0.854068 0.000000 -0.520162 1.000000 1.000000 1.000000
5642.618164 0.000000 2423.787109 0.000000 0.999070 0.000000 -0.043109 0.000000 0.000000 0.000000
5640.564453 0.000000 2424.074707 0.000000 0.658866 0.000000 -0.752260 0.000000 0.000000 0.000000
5633.318848 0.000000 2467.716553 0.000000 0.999763 0.000000 0.021760 0.000000 0.000000 0.000000
5647.130859 0.000000 2468.199951 0.000000 0.983199 0.000000 -0.182536 0.000000 0.000000 0.000000
5640.407715 0.000000 2436.640381 0.000000 0.917639 0.000000 -0.397415 0.000000 0.000000 0.000000
5673.260742 0.000000 2473.050293 0.000000 0.941654 0.000000 0.336583 0.000000 0.000000 0.000000
5646.873047 0.000000 2436.875244 0.000000 0.998173 0.000000 -0.060424 0.000000 0.000000 0.000000
5693.658691 0.000000 2464.143799 0.000000 0.050263 0.000000 0.998736 0.000000 0.000000 0.000000
5641.063965 0.000000 2459.290039 0.000000 0.780071 0.000000 0.625690 0.000000 0.000000 0.000000
5638.330566 0.000000 2440.925049 0.000000 0.999610 0.000000 0.027935 0.000000 0.000000 0.000000
5663.334473 0.000000 2469.813477 0.000000 0.277065 0.000000 0.960851 0.000000 0.000000 0.000000
5680.647949 0.000000 2469.303955 0.000000 0.990491 0.000000 0.137581 0.000000 0.000000 0.000000
5637.464844 0.000000 2433.610107 0.000000 0.518098 0.000000 -0.855321 0.000000 0.000000 0.000000
5661.958984 0.000000 2439.028564 0.000000 0.995186 0.000000 0.098007 0.000000 0.000000 0.000000
5691.000977 0.000000 2466.629150 0.000000 0.516124 0.000000 0.856514 0.000000 0.000000 0.000000
5665.910645 0.000000 2471.150879 0.000000 0.401527 0.000000 -0.915847 0.000000 0.000000 0.000000
5646.650879 0.000000 2479.168945 0.000000 0.997855 0.000000 0.065457 0.000000 0.000000 0.000000
5692.008301 0.000000 2471.105225 0.000000 0.420815 0.000000 -0.907146 0.000000 0.000000 0.000000
5659.966309 0.000000 2438.441162 0.000000 0.753884 0.000000 -0.657007 0.000000 0.000000 0.000000
5636.035156 0.000000 2435.047852 0.000000 0.960906 0.000000 -0.276873 0.000000 0.000000 0.000000
5647.590332 0.000000 2480.924561 0.000000 0.931941 0.000000 0.362611 0.000000 0.000000 0.000000
5638.936035 0.000000 2432.404053 0.000000 0.911843 0.000000 0.410540 0.000000 0.000000 0.000000
5692.454590 0.000000 2469.167236 0.000000 0.999995 0.000000 -0.003166 0.000000 0.000000 0.000000
5644.919922 0.000000 2478.863770 0.000000 0.962745 0.000000 -0.270413 1.000000 1.000000 1.000000
5639.620605 0.000000 2435.057373 0.000000 0.997737 0.000000 0.067240 1.000000 1.000000 1.000000
5645.317383 0.000000 2482.055420 0.000000 0.684326 0.000000 -0.729176 0.000000 0.000000 0.000000
5747.456055 0.000000 2479.116455 0.000000 0.635650 0.000000 -0.771978 0.000000 0.000000 0.000000
5705.203613 0.000000 2464.528809 0.000000 0.686609 0.000000 0.727027 0.000000 0.000000 0.000000
5710.875488 0.000000 2473.590088 0.000000 0.967234 0.000000 -0.253886 0.000000 0.000000 0.000000
5727.334473 0.000000 2469.813477 0.000000 0.965061 0.000000 0.262027 0.000000 0.000000 0.000000
5719.836426 0.000000 2479.440918 0.000000 0.632259 0.000000 -0.774757 0.000000 0.000000 0.000000
5720.572266 0.000000 2468.292480 0.000000 0.576869 0.000000 -0.816836 0.000000 0.000000 0.000000
5699.510742 0.000000 2475.756104 0.000000 0.887365 0.000000 -0.461067 0.000000 0.000000 0.000000
5711.870117 0.000000 2465.650879 0.000000 0.935242 0.000000 -0.354010 0.000000 0.000000 0.000000
5725.291016 0.000000 2471.170654 0.000000 0.764141 0.000000 -0.645050 0.000000 0.000000 0.000000
5705.808105 0.000000 2469.995361 0.000000 0.117638 0.000000 -0.993057 1.000000 1.000000 1.000000
5739.407227 0.000000 2473.056152 0.000000 0.017498 0.000000 0.999847 0.000000 0.000000 0.000000
5719.416992 0.000000 2476.760986 0.000000 0.999830 0.000000 0.018446 1.000000 1.000000 1.000000
5723.739258 0.000000 2472.451416 0.000000 0.808500 0.000000 0.588496 1.000000 1.000000 1.000000
5717.843750 0.000000 2479.112793 0.000000 0.648684 0.000000 -0.761057 0.000000 0.000000 0.000000
5753.007324 0.000000 2474.488770 0.000000 0.988223 0.000000 0.153022 1.000000 1.000000 1.000000
5751.432129 0.000000 2477.911865 0.000000 0.565993 0.000000 0.824410 0.000000 0.000000 0.000000
5707.557617 0.000000 2468.775879 0.000000 0.749595 0.000000 -0.661897 0.000000 0.000000 0.000000
5700.189941 0.000000 2473.991455 0.000000 0.956068 0.000000 0.293145 1.000000 1.000000 1.000000
5726.945801 0.000000 2457.291992 0.000000 0.376610 0.000000 0.926372 1.000000 1.000000 1.000000
5748.072754 0.000000 2477.331299 0.000000 0.949215 0.000000 0.314628 0.000000 0.000000 0.000000
5733.294434 0.000000 2473.784180 0.000000 0.927587 0.000000 0.373607 1.000000 1.000000 1.000000
5731.619629 0.000000 2470.735107 0.000000 0.993138 0.000000 -0.116949 1.000000 1.000000 1.000000
5710.389648 0.000000 2466.612549 0.000000 0.179420 0.000000 -0.983773 1.000000 1.000000 1.000000
5720.891602 0.000000 2475.183350 0.000000 0.446614 0.000000 0.894727 1.000000 1.000000 1.000000
5720.204102 0.000000 2473.355713 0.000000 0.853876 0.000000 -0.520476 1.000000 1.000000 1.000000
5798.230957 0.000000 2467.357178 0.000000 0.853408 0.000000 0.521244 0.000000 0.000000 0.000000
5781.934570 0.000000 2483.640137 0.000000 0.997996 0.000000 -0.063277 0.000000 0.000000 0.000000
5762.269043 0.000000 2482.261963 0.000000 0.756456 0.000000 0.654045 0.000000 0.000000 0.000000
5776.905273 0.000000 2482.727539 0.000000 0.129364 0.000000 -0.991597 0.000000 0.000000 0.000000
5767.440918 0.000000 2479.235352 0.000000 0.304427 0.000000 0.952536 1.000000 1.000000 1.000000
5764.679688 0.000000 2481.443115 0.000000 0.988575 0.000000 0.150730 0.000000 0.000000 0.000000
5767.260254 0.000000 2475.432617 0.000000 0.542258 0.000000 -0.840212 0.000000 0.000000 0.000000
5674.009766 0.000000 2540.249268 0.000000 0.850022 0.000000 0.526747 0.000000 0.000000 0.000000
5632.009766 0.000000 2527.505127 0.000000 0.395023 0.000000 0.918671 0.000000 0.000000 0.000000
5644.457520 0.000000 2537.088379 0.000000 0.968686 0.000000 -0.248287 0.000000 0.000000 0.000000
5687.819336 0.000000 2504.143311 0.000000 0.989692 0.000000 0.143210 0.000000 0.000000 0.000000
5690.631836 0.000000 2520.448975 0.000000 0.840729 0.000000 0.541456 0.000000 0.000000 0.000000
5655.191895 0.000000 2531.203125 0.000000 0.194393 0.000000 0.980924 0.000000 0.000000 0.000000
5662.961914 0.000000 2486.273926 0.000000 0.669437 0.000000 0.742869 0.000000 0.000000 0.000000
5691.000977 0.000000 2523.113525 0.000000 0.860037 0.000000 -0.510231 0.000000 0.000000 0.000000
5641.795410 0.000000 2485.336914 0.000000 0.816579 0.000000 -0.577234 0.000000 0.000000 0.000000
5634.575684 0.000000 2526.439453 0.000000 0.305562 0.000000 0.952172 0.000000 0.000000 0.000000
5695.509766 0.000000 2522.531006 0.000000 0.853173 0.000000 -0.521627 0.000000 0.000000 0.000000
5688.630371 0.000000 2538.767578 0.000000 0.287974 0.000000 -0.957638 0.000000 0.000000 0.000000
5695.163574 0.000000 2517.987061 0.000000 0.115612 0.000000 -0.993294 0.000000 0.000000 0.000000
5667.522949 0.000000 2529.958496 0.000000 0.080239 0.000000 0.996776 0.000000 0.000000 0.000000
5691.305664 0.000000 2535.091553 0.000000 0.880748 0.000000 0.473585 0.000000 0.000000 0.000000
5692.034180 0.000000 2533.135742 0.000000 0.983350 0.000000 -0.181719 0.000000 0.000000 0.000000
5674.638672 0.000000 2535.745117 0.000000 0.997161 0.000000 0.075304 0.000000 0.000000 0.000000
5672.389160 0.000000 2538.942871 0.000000 0.978926 0.000000 0.204213 1.000000 1.000000 1.000000
5682.750488 0.000000 2525.865723 0.000000 0.862774 0.000000 -0.505590 0.000000 0.000000 0.000000
5670.819824 0.000000 2537.564209 0.000000 0.996923 0.000000 0.078392 0.000000 0.000000 0.000000
5685.101074 0.000000 2530.637939 0.000000 0.998671 0.000000 0.051533 0.000000 0.000000 0.000000
5689.007324 0.000000 2530.973145 0.000000 0.193385 0.000000 -0.981123 0.000000 0.000000 0.000000
5744.205566 0.000000 2541.771240 0.000000 0.066758 0.000000 -0.997769 0.000000 0.000000 0.000000
5750.381836 0.000000 2514.640137 0.000000 0.765652 0.000000 0.643255 0.000000 0.000000 0.000000
5696.894531 0.000000 2515.612549 0.000000 0.562104 0.000000 -0.827067 0.000000 0.000000 0.000000
5708.112305 0.000000 2500.219238 0.000000 0.292588 0.000000 0.956239 0.000000 0.000000 0.000000
5729.448730 0.000000 2508.609375 0.000000 0.618742 0.000000 -0.785594 0.000000 0.000000 0.000000
5703.213379 0.000000 2523.512451 0.000000 0.985907 0.000000 0.167296 0.000000 0.000000 0.000000
5752.639160 0.000000 2490.284912 0.000000 0.981962 0.000000 0.189078 0.000000 0.000000 0.000000
5749.428223 0.000000 2503.153809 0.000000 0.959731 0.000000 0.280920 0.000000 0.000000 0.000000
5757.638184 0.000000 2505.035645 0.000000 0.891948 0.000000 -0.452138 0.000000 0.000000 0.000000
5723.698730 0.000000 2531.811768 0.000000 1.000000 0.000000 -0.000760 0.000000 0.000000 0.000000
5715.362793 0.000000 2513.300293 0.000000 0.040815 0.000000 -0.999167 0.000000 0.000000 0.000000
5759.510742 0.000000 2510.049316 0.000000 0.087933 0.000000 -0.996126 0.000000 0.000000 0.000000
5744.587891 0.000000 2505.565674 0.000000 0.805232 0.000000 0.592960 0.000000 0.000000 0.000000
5724.944336 0.000000 2521.179932 0.000000 0.467074 0.000000 -0.884218 0.000000 0.000000 0.000000
5749.789062 0.000000 2528.756348 0.000000 0.958696 0.000000 0.284433 0.000000 0.000000 0.000000
5753.678223 0.000000 2500.434082 0.000000 0.991507 0.000000 -0.130056 0.000000 0.000000 0.000000
5721.598145 0.000000 2508.944092 0.000000 0.999647 0.000000 -0.026561 0.000000 0.000000 0.000000
5744.914551 0.000000 2502.496094 0.000000 0.937747 0.000000 0.347320 0.000000 0.000000 0.000000
5749.101074 0.000000 2530.637939 0.000000 0.107574 0.000000 -0.994197 0.000000 0.000000 0.000000
5716.141113 0.000000 2539.244385 0.000000 0.998594 0.000000 0.053011 0.000000 0.000000 0.000000
5758.970703 0.000000 2507.968506 0.000000 0.243428 0.000000 -0.969919 0.000000 0.000000 0.000000
5723.528320 0.000000 2519.851807 0.000000 0.012543 0.000000 -0.999921 0.000000 0.000000 0.000000
5748.679199 0.000000 2505.001709 0.000000 0.714315 0.000000 0.699824 0.000000 0.000000 0.000000
5753.007324 0.000000 2530.973145 0.000000 0.348936 0.000000 0.937147 0.000000 0.000000 0.000000
5753.360352 0.000000 2496.569092 0.000000 0.401719 0.000000 0.915763 0.000000 0.000000 0.000000
5713.033691 0.000000 2525.273438 0.000000 0.397923 0.000000 -0.917419 0.000000 0.000000 0.000000
5736.567383 0.000000 2519.995850 0.000000 0.386200 0.000000 0.922415 0.000000 0.000000 0.000000
5746.490723 0.000000 2508.102051 0.000000 0.425573 0.000000 0.904924 0.000000 0.000000 0.000000
5748.393066 0.000000 2507.706055 0.000000 0.754886 0.000000 0.655856 0.000000 0.000000 0.000000
5717.917480 0.000000 2529.574707 0.000000 0.180515 0.000000 -0.983572 0.000000 0.000000 0.000000
5759.825195 0.000000 2498.565186 0.000000 0.623605 0.000000 -0.781739 1.000000 1.000000 1.000000
5735.147461 0.000000 2522.215820 0.000000 0.562205 0.000000 -0.826998 0.000000 0.000000 0.000000
5732.099609 0.000000 2523.630371 0.000000 0.554580 0.000000 0.832130 0.000000 0.000000 0.000000
5726.945801 0.000000 2513.776367 0.000000 0.324805 0.000000 -0.945781 0.000000 0.000000 0.000000
5726.609375 0.000000 2510.975098 0.000000 0.555623 0.000000 -0.831434 0.000000 0.000000 0.000000
5755.502441 0.000000 2497.309814 0.000000 0.192507 0.000000 0.981296 1.000000 1.000000 1.000000
5748.072754 0.000000 2533.815674 0.000000 0.330532 0.000000 -0.943795 0.000000 0.000000 0.000000
5717.452637 0.000000 2507.295410 0.000000 0.942488 0.000000 0.334240 0.000000 0.000000 0.000000
5723.849121 0.000000 2511.918213 0.000000 0.968990 0.000000 0.247100 0.000000 0.000000 0.000000
5752.654297 0.000000 2502.525391 0.000000 0.861444 0.000000 0.507852 0.000000 0.000000 0.000000
5735.039551 0.000000 2525.474121 0.000000 0.565687 0.000000 0.824620 1.000000 1.000000 1.000000
5725.614258 0.000000 2517.040527 0.000000 0.550870 0.000000 0.834591 1.000000 1.000000 1.000000
5710.777344 0.000000 2505.564697 0.000000 0.858824 0.000000 -0.512270 0.000000 0.000000 0.000000
5715.835449 0.000000 2506.199463 0.000000 0.966006 0.000000 0.258520 0.000000 0.000000 0.000000
5641.400879 0.000000 2557.916016 0.000000 0.977879 0.000000 0.209172 0.000000 0.000000 0.000000
5647.272949 0.000000 2563.715332 0.000000 0.802985 0.000000 -0.595999 0.000000 0.000000 0.000000
5658.122559 0.000000 2552.605225 0.000000 0.992443 0.000000 -0.122706 0.000000 0.000000 0.000000
5663.826172 0.000000 2549.919189 0.000000 0.371180 0.000000 0.928561 0.000000 0.000000 0.000000
5684.014648 0.000000 2550.640137 0.000000 0.495258 0.000000 0.868746 0.000000 0.000000 0.000000
5657.706543 0.000000 2555.436279 0.000000 0.683677 0.000000 0.729785 0.000000 0.000000 0.000000
5679.447754 0.000000 2554.482666 0.000000 0.966637 0.000000 0.256150 0.000000 0.000000 0.000000
5634.822754 0.000000 2575.764893 0.000000 0.910821 0.000000 0.412801 0.000000 0.000000 0.000000
5648.716797 0.000000 2573.894775 0.000000 0.969532 0.000000 0.244963 0.000000 0.000000 0.000000
5645.872070 0.000000 2570.199463 0.000000 0.511365 0.000000 -0.859364 0.000000 0.000000 0.000000
5633.118652 0.000000 2586.527100 0.000000 0.991410 0.000000 -0.130787 0.000000 0.000000 0.000000
5656.077637 0.000000 2551.193359 0.000000 0.433629 0.000000 -0.901092 0.000000 0.000000 0.000000
5668.952637 0.000000 2582.273682 0.000000 0.831363 0.000000 0.555729 0.000000 0.000000 0.000000
5691.739258 0.000000 2546.303467 0.000000 0.909874 0.000000 0.414884 0.000000 0.000000 0.000000
5681.687988 0.000000 2550.749512 0.000000 0.410272 0.000000 -0.911963 0.000000 0.000000 0.000000
5660.838379 0.000000 2566.864258 0.000000 0.728340 0.000000 -0.685216 0.000000 0.000000 0.000000
5667.217285 0.000000 2552.635498 0.000000 0.183953 0.000000 -0.982935 0.000000 0.000000 0.000000
5636.789062 0.000000 2575.653809 0.000000 0.849172 0.000000 -0.528116 0.000000 0.000000 0.000000
5644.080078 0.000000 2573.085693 0.000000 0.884010 0.000000 0.467468 0.000000 0.000000 0.000000
5653.008301 0.000000 2570.901855 0.000000 0.928193 0.000000 0.372098 0.000000 0.000000 0.000000
5668.099609 0.000000 2580.114746 0.000000 0.653232 0.000000 -0.757158 1.000000 1.000000 1.000000
5633.726074 0.000000 2584.701416 0.000000 0.552411 0.000000 -0.833572 0.000000 0.000000 0.000000
5680.943848 0.000000 2553.385254 0.000000 0.850099 0.000000 -0.526622 1.000000 1.000000 1.000000
5669.379395 0.000000 2578.683594 0.000000 0.924743 0.000000 0.380592 1.000000 1.000000 1.000000
5632.850586 0.000000 2582.361572 0.000000 0.143901 0.000000 0.989592 0.000000 0.000000 0.000000
5667.182129 0.000000 2548.563232 0.000000 0.050828 0.000000 -0.998707 0.000000 0.000000 0.000000
5744.205566 0.000000 2598.255615 0.000000 0.225684 0.000000 -0.974200 0.000000 0.000000 0.000000
5757.292480 0.000000 2554.355957 0.000000 0.995734 0.000000 -0.092265 0.000000 0.000000 0.000000
5697.017578 0.000000 2568.489990 0.000000 0.553803 0.000000 0.832648 0.000000 0.000000 0.000000
5719.491699 0.000000 2542.428467 0.000000 0.483631 0.000000 -0.875272 0.000000 0.000000 0.000000
5751.531250 0.000000 2552.400635 0.000000 0.656595 0.000000 -0.754243 0.000000 0.000000 0.000000
5728.426758 0.000000 2554.234619 0.000000 0.384267 0.000000 -0.923222 0.000000 0.000000 0.000000
5734.469727 0.000000 2568.390869 0.000000 0.047492 0.000000 0.998872 0.000000 0.000000 0.000000
5697.451660 0.000000 2551.189209 0.000000 0.748930 0.000000 0.662650 0.000000 0.000000 0.000000
5704.614258 0.000000 2555.325684 0.000000 0.880813 0.000000 -0.473465 0.000000 0.000000 0.000000
5706.329590 0.000000 2566.501465 0.000000 0.195781 0.000000 -0.980648 0.000000 0.000000 0.000000
5739.690430 0.000000 2545.360840 0.000000 0.968130 0.000000 -0.250447 0.000000 0.000000 0.000000
5743.339355 0.000000 2542.042969 0.000000 0.705964 0.000000 0.708247 0.000000 0.000000 0.000000
5700.602051 0.000000 2544.402588 0.000000 0.996554 0.000000 0.082947 0.000000 0.000000 0.000000
5705.322266 0.000000 2560.764404 0.000000 0.997680 0.000000 0.068078 0.000000 0.000000 0.000000
5736.647949 0.000000 2543.123535 0.000000 0.450002 0.000000 0.893028 0.000000 0.000000 0.000000
5741.143066 0.000000 2542.099121 0.000000 0.103282 0.000000 0.994652 0.000000 0.000000 0.000000
5741.814941 0.000000 2578.343018 0.000000 0.783477 0.000000 -0.621421 0.000000 0.000000 0.000000
5753.678223 0.000000 2556.918457 0.000000 0.503126 0.000000 -0.864213 0.000000 0.000000 0.000000
5752.654297 0.000000 2559.009766 0.000000 0.976713 0.000000 0.214548 0.000000 0.000000 0.000000
5726.652344 0.000000 2553.882324 0.000000 0.799638 0.000000 -0.600482 0.000000 0.000000 0.000000
5698.681152 0.000000 2564.015381 0.000000 0.353646 0.000000 -0.935379 1.000000 1.000000 1.000000
5726.021484 0.000000 2550.063721 0.000000 0.274339 0.000000 0.961633 0.000000 0.000000 0.000000
5754.270996 0.000000 2550.130615 0.000000 0.967100 0.000000 -0.254395 0.000000 0.000000 0.000000
5712.985352 0.000000 2563.972656 0.000000 0.904470 0.000000 0.426537 0.000000 0.000000 0.000000
5715.835449 0.000000 2562.683838 0.000000 0.139319 0.000000 0.990247 1.000000 1.000000 1.000000
5808.205566 0.000000 2541.771240 0.000000 0.780139 0.000000 0.625607 0.000000 0.000000 0.000000
5772.978516 0.000000 2486.048584 0.000000 0.724732 0.000000 -0.689031 0.000000 0.000000 0.000000
5790.236816 0.000000 2537.842285 0.000000 0.068218 0.000000 -0.997670 0.000000 0.000000 0.000000
5767.979980 0.000000 2527.447754 0.000000 0.962960 0.000000 -0.269644 0.000000 0.000000 0.000000
5811.456055 0.000000 2535.600830 0.000000 0.837397 0.000000 0.546596 0.000000 0.000000 0.000000
5761.017578 0.000000 2512.005615 0.000000 0.085459 0.000000 0.996342 0.000000 0.000000 0.000000
5805.434082 0.000000 2515.041748 0.000000 0.887103 0.000000 -0.461572 0.000000 0.000000 0.000000
5796.045898 0.000000 2490.587402 0.000000 0.938730 0.000000 -0.344653 0.000000 0.000000 0.000000
5794.932617 0.000000 2539.389404 0.000000 0.603717 0.000000 -0.797199 0.000000 0.000000 0.000000
5792.426758 0.000000 2497.750244 0.000000 0.986791 0.000000 0.161996 0.000000 0.000000 0.000000
5765.119141 0.000000 2501.746826 0.000000 0.936628 0.000000 -0.350325 0.000000 0.000000 0.000000
5766.424805 0.000000 2505.672607 0.000000 0.944623 0.000000 -0.328156 0.000000 0.000000 0.000000
5804.376953 0.000000 2531.580078 0.000000 0.837465 0.000000 0.546491 0.000000 0.000000 0.000000
5789.392090 0.000000 2529.985840 0.000000 0.764694 0.000000 0.644393 0.000000 0.000000 0.000000
5801.656250 0.000000 2525.422363 0.000000 0.219221 0.000000 -0.975675 0.000000 0.000000 0.000000
5785.681152 0.000000 2519.090088 0.000000 0.845936 0.000000 -0.533285 0.000000 0.000000 0.000000
5762.356934 0.000000 2490.210693 0.000000 0.566946 0.000000 0.823755 0.000000 0.000000 0.000000
5785.916992 0.000000 2530.078613 0.000000 0.510547 0.000000 -0.859850 0.000000 0.000000 0.000000
5793.062500 0.000000 2537.386475 0.000000 0.708805 0.000000 0.705405 0.000000 0.000000 0.000000
5803.659668 0.000000 2521.492188 0.000000 0.957927 0.000000 -0.287014 0.000000 0.000000 0.000000
5803.596680 0.000000 2533.854004 0.000000 0.998815 0.000000 -0.048658 0.000000 0.000000 0.000000
5819.305664 0.000000 2535.091553 0.000000 0.374556 0.000000 -0.927204 0.000000 0.000000 0.000000
5770.166504 0.000000 2491.826172 0.000000 0.322460 0.000000 -0.946583 0.000000 0.000000 0.000000
5798.962402 0.000000 2529.492432 0.000000 0.570636 0.000000 -0.821203 0.000000 0.000000 0.000000
5810.394043 0.000000 2537.434326 0.000000 0.804113 0.000000 0.594476 0.000000 0.000000 0.000000
5790.716309 0.000000 2531.550537 0.000000 0.601026 0.000000 -0.799230 1.000000 1.000000 1.000000
5776.098633 0.000000 2495.072021 0.000000 0.731602 0.000000 0.681732 1.000000 1.000000 1.000000
5803.407227 0.000000 2529.540527 0.000000 0.956406 0.000000 0.292041 1.000000 1.000000 1.000000
5777.219727 0.000000 2496.771240 0.000000 0.244064 0.000000 -0.969759 0.000000 0.000000 0.000000
5808.914551 0.000000 2502.496094 0.000000 0.841285 0.000000 -0.540592 0.000000 0.000000 0.000000
5764.035156 0.000000 2491.532227 0.000000 0.999355 0.000000 0.035909 0.000000 0.000000 0.000000
5795.217285 0.000000 2496.151123 0.000000 0.905113 0.000000 0.425171 0.000000 0.000000 0.000000
5787.739258 0.000000 2528.935791 0.000000 0.984849 0.000000 -0.173413 0.000000 0.000000 0.000000
5768.076660 0.000000 2529.365967 0.000000 0.968633 0.000000 -0.248497 0.000000 0.000000 0.000000
5766.936035 0.000000 2488.888428 0.000000 0.993170 0.000000 -0.116672 1.000000 1.000000 1.000000
5770.618164 0.000000 2498.856934 0.000000 0.766647 0.000000 0.642069 1.000000 1.000000 1.000000
5803.628906 0.000000 2525.703613 0.000000 0.777573 0.000000 -0.628793 0.000000 0.000000 0.000000
5783.366211 0.000000 2487.965088 0.000000 0.532809 0.000000 -0.846235 1.000000 1.000000 1.000000
5815.432129 0.000000 2534.396240 0.000000 0.078193 0.000000 -0.996938 0.000000 0.000000 0.000000
5799.104492 0.000000 2497.206055 0.000000 0.030048 0.000000 0.999548 0.000000 0.000000 0.000000
5771.084961 0.000000 2495.691162 0.000000 0.262545 0.000000 0.964920 0.000000 0.000000 0.000000
5772.251465 0.000000 2492.148682 0.000000 0.947020 0.000000 0.321174 0.000000 0.000000 0.000000
5803.071777 0.000000 2495.891113 0.000000 0.360552 0.000000 0.932739 0.000000 0.000000 0.000000
5796.749023 0.000000 2494.681885 0.000000 0.861631 0.000000 0.507535 0.000000 0.000000 0.000000
5801.963379 0.000000 2492.841797 0.000000 0.223477 0.000000 0.974709 1.000000 1.000000 1.000000
5796.560547 0.000000 2499.368164 0.000000 0.344707 0.000000 -0.938710 0.000000 0.000000 0.000000
5768.404785 0.000000 2505.740479 0.000000 0.182870 0.000000 0.983137 1.000000 1.000000 1.000000
5767.260254 0.000000 2531.916992 0.000000 0.430761 0.000000 -0.902466 0.000000 0.000000 0.000000
5766.054199 0.000000 2486.911133 0.000000 0.256585 0.000000 0.966522 1.000000 1.000000 1.000000
5793.128418 0.000000 2526.075684 0.000000 0.548486 0.000000 -0.836160 1.000000 1.000000 1.000000
5784.779785 0.000000 2489.849121 0.000000 0.213204 0.000000 -0.977008 1.000000 1.000000 1.000000
5784.204102 0.000000 2529.840088 0.000000 0.584152 0.000000 -0.811644 1.000000 1.000000 1.000000
5830.215332 0.000000 2534.250244 0.000000 0.191464 0.000000 0.981500 0.000000 0.000000 0.000000
5883.981445 0.000000 2540.531738 0.000000 0.156901 0.000000 -0.987614 0.000000 0.000000 0.000000
5875.402344 0.000000 2539.279785 0.000000 0.427200 0.000000 0.904157 0.000000 0.000000 0.000000
5833.278320 0.000000 2535.395996 0.000000 0.815190 0.000000 0.579193 0.000000 0.000000 0.000000
5826.822754 0.000000 2519.280518 0.000000 0.817589 0.000000 -0.575803 0.000000 0.000000 0.000000
5809.272949 0.000000 2575.421875 0.000000 0.374343 0.000000 -0.927290 0.000000 0.000000 0.000000
5809.519043 0.000000 2548.126465 0.000000 0.907083 0.000000 -0.420952 0.000000 0.000000 0.000000
5821.292480 0.000000 2554.355957 0.000000 0.691581 0.000000 0.722299 0.000000 0.000000 0.000000
5774.875488 0.000000 2586.558838 0.000000 0.305697 0.000000 0.952129 0.000000 0.000000 0.000000
5818.028320 0.000000 2554.895508 0.000000 0.877629 0.000000 -0.479340 0.000000 0.000000 0.000000
5818.504395 0.000000 2565.555664 0.000000 0.786988 0.000000 0.616968 0.000000 0.000000 0.000000
5783.191895 0.000000 2587.687500 0.000000 0.988677 0.000000 0.150061 0.000000 0.000000 0.000000
5784.795410 0.000000 2569.708984 0.000000 0.890439 0.000000 0.455103 0.000000 0.000000 0.000000
5788.947754 0.000000 2571.868652 0.000000 0.739980 0.000000 0.672629 0.000000 0.000000 0.000000
5770.329590 0.000000 2566.501465 0.000000 0.980859 0.000000 0.194719 0.000000 0.000000 0.000000
5814.180664 0.000000 2565.646973 0.000000 0.782482 0.000000 -0.622673 0.000000 0.000000 0.000000
5822.970703 0.000000 2564.452881 0.000000 0.032760 0.000000 -0.999463 1.000000 1.000000 1.000000
5811.561035 0.000000 2568.058838 0.000000 0.615787 0.000000 0.787913 0.000000 0.000000 0.000000
5794.177734 0.000000 2568.729980 0.000000 0.014386 0.000000 0.999897 0.000000 0.000000 0.000000
5794.087402 0.000000 2566.852051 0.000000 0.531886 0.000000 -0.846816 0.000000 0.000000 0.000000
5839.130859 0.000000 2581.168701 0.000000 0.966857 0.000000 0.255320 0.000000 0.000000 0.000000
5826.396484 0.000000 2543.658936 0.000000 0.961401 0.000000 0.275151 0.000000 0.000000 0.000000
5879.638184 0.000000 2557.540283 0.000000 0.099663 0.000000 0.995021 0.000000 0.000000 0.000000
5850.122559 0.000000 2552.605225 0.000000 0.985887 0.000000 0.167410 0.000000 0.000000 0.000000
5876.365234 0.000000 2581.063232 0.000000 0.694709 0.000000 -0.719291 0.000000 0.000000 0.000000
5868.062988 0.000000 2550.785889 0.000000 0.994385 0.000000 -0.105819 0.000000 0.000000 0.000000
5885.658691 0.000000 2577.112549 0.000000 0.847663 0.000000 0.530535 0.000000 0.000000 0.000000
5831.914551 0.000000 2543.633789 0.000000 0.685641 0.000000 -0.727940 0.000000 0.000000 0.000000
5878.173828 0.000000 2547.981201 0.000000 0.599241 0.000000 0.800569 0.000000 0.000000 0.000000
5874.318359 0.000000 2542.002686 0.000000 0.766868 0.000000 0.641805 0.000000 0.000000 0.000000
5830.424805 0.000000 2562.156982 0.000000 0.400747 0.000000 -0.916189 0.000000 0.000000 0.000000
5872.023926 0.000000 2594.331787 0.000000 0.548986 0.000000 -0.835832 0.000000 0.000000 0.000000
5871.663086 0.000000 2551.808838 0.000000 0.824040 0.000000 -0.566532 0.000000 0.000000 0.000000
5876.003906 0.000000 2545.124512 0.000000 0.996256 0.000000 0.086451 0.000000 0.000000 0.000000
5876.014648 0.000000 2550.640137 0.000000 0.933425 0.000000 -0.358774 0.000000 0.000000 0.000000
5859.104004 0.000000 2550.338867 0.000000 0.996476 0.000000 0.083873 0.000000 0.000000 0.000000
5856.449219 0.000000 2567.792236 0.000000 0.633996 0.000000 0.773336 0.000000 0.000000 0.000000
5884.832520 0.000000 2574.118652 0.000000 0.648018 0.000000 -0.761625 0.000000 0.000000 0.000000
5868.194824 0.000000 2553.874268 0.000000 0.994980 0.000000 0.100070 0.000000 0.000000 0.000000
5841.664551 0.000000 2548.452881 0.000000 0.575680 0.000000 -0.817675 0.000000 0.000000 0.000000
5853.958984 0.000000 2551.997314 0.000000 0.368604 0.000000 -0.929586 0.000000 0.000000 0.000000
5863.591309 0.000000 2583.632812 0.000000 0.885511 0.000000 0.464618 0.000000 0.000000 0.000000
5832.173828 0.000000 2564.063232 0.000000 0.810244 0.000000 0.586093 0.000000 0.000000 0.000000
5834.235840 0.000000 2585.481201 0.000000 0.995491 0.000000 -0.094855 0.000000 0.000000 0.000000
5843.894531 0.000000 2549.568604 0.000000 0.830921 0.000000 -0.556390 0.000000 0.000000 0.000000
5848.077637 0.000000 2551.193359 0.000000 0.910651 0.000000 0.413176 0.000000 0.000000 0.000000
5880.742188 0.000000 2571.690674 0.000000 0.668140 0.000000 0.744036 0.000000 0.000000 0.000000
5886.948242 0.000000 2543.950928 0.000000 0.571191 0.000000 -0.820817 0.000000 0.000000 0.000000
5857.365723 0.000000 2551.971680 0.000000 0.674882 0.000000 -0.737925 0.000000 0.000000 0.000000
5829.729492 0.000000 2583.825684 0.000000 0.762546 0.000000 0.646934 0.000000 0.000000 0.000000
5850.165527 0.000000 2550.054688 0.000000 0.039767 0.000000 0.999209 0.000000 0.000000 0.000000
5834.166504 0.000000 2548.310547 0.000000 0.997951 0.000000 -0.063977 0.000000 0.000000 0.000000
5824.712402 0.000000 2560.017822 0.000000 0.210465 0.000000 -0.977601 0.000000 0.000000 0.000000
5833.322266 0.000000 2560.764404 0.000000 0.766481 0.000000 0.642267 0.000000 0.000000 0.000000
5833.808105 0.000000 2582.964111 0.000000 0.923089 0.000000 0.384586 0.000000 0.000000 0.000000
5883.529785 0.000000 2542.443848 0.000000 0.804585 0.000000 0.593837 0.000000 0.000000 0.000000
5840.098633 0.000000 2551.556396 0.000000 0.523171 0.000000 -0.852228 0.000000 0.000000 0.000000
5874.709961 0.000000 2555.886719 0.000000 0.481860 0.000000 -0.876248 0.000000 0.000000 0.000000
5859.217285 0.000000 2552.635498 0.000000 0.687863 0.000000 0.725841 0.000000 0.000000 0.000000
5877.177734 0.000000 2552.317383 0.000000 0.825455 0.000000 -0.564468 0.000000 0.000000 0.000000
5881.360352 0.000000 2553.053467 0.000000 0.524554 0.000000 -0.851377 0.000000 0.000000 0.000000
5824.597656 0.000000 2562.264160 0.000000 0.635212 0.000000 0.772338 1.000000 1.000000 1.000000
5836.251465 0.000000 2548.633057 0.000000 0.458684 0.000000 0.888599 0.000000 0.000000 0.000000
5854.609375 0.000000 2567.459473 0.000000 0.272822 0.000000 0.962065 0.000000 0.000000 0.000000
5865.262207 0.000000 2555.134521 0.000000 0.249293 0.000000 -0.968428 0.000000 0.000000 0.000000
5854.652344 0.000000 2553.882324 0.000000 0.210942 0.000000 0.977499 0.000000 0.000000 0.000000
5882.270996 0.000000 2550.130615 0.000000 0.120974 0.000000 -0.992656 0.000000 0.000000 0.000000
5693.524414 0.000000 2615.351074 0.000000 0.931139 0.000000 -0.364665 0.000000 0.000000 0.000000
5690.462402 0.000000 2615.351318 0.000000 0.999977 0.000000 0.006839 0.000000 0.000000 0.000000
5656.641113 0.000000 2710.490234 0.000000 0.575983 0.000000 0.817461 0.000000 0.000000 0.000000
5714.283691 0.000000 2655.898438 0.000000 0.137964 0.000000 -0.990437 0.000000 0.000000 0.000000
5756.832520 0.000000 2687.087402 0.000000 0.957626 0.000000 0.288015 0.000000 0.000000 0.000000
5754.462402 0.000000 2671.835693 0.000000 0.213844 0.000000 0.976868 0.000000 0.000000 0.000000
5732.029297 0.000000 2673.318359 0.000000 0.918728 0.000000 0.394890 0.000000 0.000000 0.000000
5721.283691 0.000000 2676.383301 0.000000 0.965588 0.000000 0.260076 0.000000 0.000000 0.000000
5725.739258 0.000000 2676.228760 0.000000 0.848294 0.000000 0.529526 0.000000 0.000000 0.000000
5721.598145 0.000000 2678.397217 0.000000 0.418265 0.000000 -0.908325 0.000000 0.000000 0.000000
5714.979980 0.000000 2694.779541 0.000000 0.625436 0.000000 -0.780275 1.000000 1.000000 1.000000
5753.007324 0.000000 2700.426270 0.000000 0.849871 0.000000 0.526991 0.000000 0.000000 0.000000
5713.033691 0.000000 2694.726562 0.000000 0.686978 0.000000 0.726678 0.000000 0.000000 0.000000
5750.588867 0.000000 2707.948730 0.000000 0.997505 0.000000 -0.070590 0.000000 0.000000 0.000000
5723.849121 0.000000 2681.371338 0.000000 0.637926 0.000000 -0.770098 1.000000 1.000000 1.000000
5720.422363 0.000000 2684.465820 0.000000 0.149483 0.000000 0.988764 1.000000 1.000000 1.000000
5715.881836 0.000000 2693.303223 0.000000 0.918416 0.000000 -0.395617 1.000000 1.000000 1.000000
5805.516602 0.000000 2613.014648 0.000000 0.890393 0.000000 -0.455192 0.000000 0.000000 0.000000
5801.385742 0.000000 2631.199463 0.000000 0.904684 0.000000 -0.426083 0.000000 0.000000 0.000000
5796.276367 0.000000 2631.528076 0.000000 0.965341 0.000000 -0.260993 0.000000 0.000000 0.000000
5764.948730 0.000000 2598.396240 0.000000 0.619561 0.000000 -0.784948 0.000000 0.000000 0.000000
5800.756348 0.000000 2603.747803 0.000000 0.610188 0.000000 0.792257 1.000000 1.000000 1.000000
5801.963379 0.000000 2605.810547 0.000000 0.921109 0.000000 0.389305 1.000000 1.000000 1.000000
5852.431641 0.000000 2605.789062 0.000000 0.221086 0.000000 0.975254 0.000000 0.000000 0.000000
5853.422852 0.000000 2636.833008 0.000000 0.803487 0.000000 -0.595322 0.000000 0.000000 0.000000
5862.581055 0.000000 2633.405762 0.000000 0.937639 0.000000 -0.347611 0.000000 0.000000 0.000000
5882.637207 0.000000 2625.214844 0.000000 0.995898 0.000000 0.090480 0.000000 0.000000 0.000000
5885.382324 0.000000 2628.583496 0.000000 0.999763 0.000000 -0.021777 0.000000 0.000000 0.000000
5834.234863 0.000000 2645.727051 0.000000 0.337152 0.000000 -0.941450 0.000000 0.000000 0.000000
5884.473145 0.000000 2625.265381 0.000000 0.402287 0.000000 0.915514 0.000000 0.000000 0.000000
5842.442383 0.000000 2613.297852 0.000000 0.999852 0.000000 0.017189 1.000000 1.000000 1.000000
5761.451172 0.000000 2666.941162 0.000000 0.987567 0.000000 -0.157198 0.000000 0.000000 0.000000
5818.368164 0.000000 2706.691650 0.000000 0.988953 0.000000 0.148231 0.000000 0.000000 0.000000
5794.932617 0.000000 2708.842529 0.000000 0.952378 0.000000 0.304921 0.000000 0.000000 0.000000
5814.864258 0.000000 2709.764160 0.000000 0.516626 0.000000 -0.856211 0.000000 0.000000 0.000000
5764.763672 0.000000 2690.957764 0.000000 0.495906 0.000000 -0.868376 0.000000 0.000000 0.000000
5807.868652 0.000000 2703.176514 0.000000 0.773082 0.000000 -0.634306 0.000000 0.000000 0.000000
5801.064941 0.000000 2706.471191 0.000000 0.999309 0.000000 -0.037171 0.000000 0.000000 0.000000
5807.537109 0.000000 2681.894043 0.000000 0.857125 0.000000 0.515108 0.000000 0.000000 0.000000
5769.604492 0.000000 2682.219971 0.000000 0.088785 0.000000 0.996051 0.000000 0.000000 0.000000
5821.125000 0.000000 2707.244873 0.000000 0.326374 0.000000 -0.945241 0.000000 0.000000 0.000000
5823.697754 0.000000 2699.489746 0.000000 0.733200 0.000000 0.680013 0.000000 0.000000 0.000000
5791.328613 0.000000 2705.087402 0.000000 0.675481 0.000000 -0.737377 0.000000 0.000000 0.000000
5823.509766 0.000000 2691.984131 0.000000 0.009057 0.000000 -0.999959 0.000000 0.000000 0.000000
5790.716309 0.000000 2701.003662 0.000000 0.993998 0.000000 0.109398 0.000000 0.000000 0.000000
5805.537598 0.000000 2695.155273 0.000000 0.901452 0.000000 -0.432880 0.000000 0.000000 0.000000
5760.597656 0.000000 2675.232910 0.000000 0.745111 0.000000 -0.666940 1.000000 1.000000 1.000000
5777.033691 0.000000 2694.726562 0.000000 0.985857 0.000000 -0.167586 0.000000 0.000000 0.000000
5796.099609 0.000000 2693.083496 0.000000 0.630093 0.000000 -0.776520 0.000000 0.000000 0.000000
5821.535645 0.000000 2708.941162 0.000000 0.010752 0.000000 -0.999942 0.000000 0.000000 0.000000
5854.236816 0.000000 2707.295410 0.000000 0.874861 0.000000 -0.484373 0.000000 0.000000 0.000000
5878.864258 0.000000 2709.764160 0.000000 0.989463 0.000000 0.144784 0.000000 0.000000 0.000000
5857.947754 0.000000 2704.239258 0.000000 0.850714 0.000000 0.525629 0.000000 0.000000 0.000000
5868.376953 0.000000 2701.033203 0.000000 0.096674 0.000000 0.995316 0.000000 0.000000 0.000000
5833.604492 0.000000 2682.219971 0.000000 0.712079 0.000000 -0.702100 0.000000 0.000000 0.000000
5854.952637 0.000000 2674.277832 0.000000 0.972080 0.000000 0.234649 0.000000 0.000000 0.000000
5863.299805 0.000000 2701.145020 0.000000 0.671953 0.000000 0.740594 0.000000 0.000000 0.000000
5835.616211 0.000000 2684.106689 0.000000 0.316519 0.000000 -0.948586 0.000000 0.000000 0.000000
5838.650879 0.000000 2705.106445 0.000000 0.521531 0.000000 -0.853232 0.000000 0.000000 0.000000
5856.544434 0.000000 2702.097168 0.000000 0.934781 0.000000 -0.355224 0.000000 0.000000 0.000000
5880.346680 0.000000 2676.966553 0.000000 0.786824 0.000000 0.617178 0.000000 0.000000 0.000000
5828.384766 0.000000 2705.538330 0.000000 0.415993 0.000000 -0.909368 0.000000 0.000000 0.000000
5852.928223 0.000000 2672.645752 0.000000 0.838827 0.000000 -0.544398 0.000000 0.000000 0.000000
5826.311035 0.000000 2691.376709 0.000000 0.982549 0.000000 -0.186005 0.000000 0.000000 0.000000
5887.509766 0.000000 2691.984131 0.000000 0.844068 0.000000 -0.536236 0.000000 0.000000 0.000000
5825.118652 0.000000 2699.495850 0.000000 0.996338 0.000000 0.085503 0.000000 0.000000 0.000000
5883.305664 0.000000 2704.544678 0.000000 0.949933 0.000000 -0.312453 0.000000 0.000000 0.000000
5833.808105 0.000000 2695.932861 0.000000 0.975720 0.000000 -0.219021 1.000000 1.000000 1.000000
5854.716309 0.000000 2701.003662 0.000000 0.984795 0.000000 0.173720 0.000000 0.000000 0.000000
5849.598145 0.000000 2678.397217 0.000000 0.568254 0.000000 0.822853 1.000000 1.000000 1.000000
5828.166992 0.000000 2703.530273 0.000000 0.047128 0.000000 0.998889 1.000000 1.000000 1.000000
5828.789062 0.000000 2688.622559 0.000000 0.047137 0.000000 -0.998888 0.000000 0.000000 0.000000
5832.076660 0.000000 2698.819092 0.000000 0.937734 0.000000 -0.347354 0.000000 0.000000 0.000000
5825.726074 0.000000 2697.670166 0.000000 0.964965 0.000000 0.262380 0.000000 0.000000 0.000000
5832.859375 0.000000 2692.252686 0.000000 0.539985 0.000000 -0.841675 1.000000 1.000000 1.000000
5824.525879 0.000000 2692.068604 0.000000 0.354476 0.000000 0.935065 0.000000 0.000000 0.000000
5831.546875 0.000000 2686.070557 0.000000 0.580847 0.000000 0.814013 1.000000 1.000000 1.000000
5918.953613 0.000000 2541.564941 0.000000 0.997854 0.000000 0.065483 0.000000 0.000000 0.000000
5890.552734 0.000000 2541.388672 0.000000 0.128384 0.000000 0.991724 0.000000 0.000000 0.000000
6010.368164 0.000000 2537.238525 0.000000 0.585357 0.000000 -0.810776 0.000000 0.000000 0.000000
5903.130859 0.000000 2581.168701 0.000000 0.872916 0.000000 0.487870 0.000000 0.000000 0.000000
5951.958008 0.000000 2562.695801 0.000000 0.264374 0.000000 0.964420 0.000000 0.000000 0.000000
5936.541992 0.000000 2564.382080 0.000000 0.988911 0.000000 0.148506 0.000000 0.000000 0.000000
5938.584961 0.000000 2569.691162 0.000000 0.823501 0.000000 -0.567315 0.000000 0.000000 0.000000
5946.511719 0.000000 2562.306885 0.000000 0.985010 0.000000 -0.172497 0.000000 0.000000 0.000000
5897.063965 0.000000 2572.258789 0.000000 0.991711 0.000000 -0.128484 0.000000 0.000000 0.000000
5892.763672 0.000000 2577.989014 0.000000 0.999476 0.000000 0.032357 0.000000 0.000000 0.000000
5926.535645 0.000000 2571.304932 0.000000 0.938790 0.000000 -0.344491 0.000000 0.000000 0.000000
5899.786133 0.000000 2546.849854 0.000000 0.843879 0.000000 -0.536534 0.000000 0.000000 0.000000
5894.424805 0.000000 2562.156982 0.000000 0.961044 0.000000 0.276397 0.000000 0.000000 0.000000
5939.863281 0.000000 2566.169678 0.000000 0.977761 0.000000 0.209721 0.000000 0.000000 0.000000
5934.042969 0.000000 2547.651611 0.000000 0.505932 0.000000 0.862573 0.000000 0.000000 0.000000
5899.406250 0.000000 2574.867676 0.000000 0.511086 0.000000 0.859529 0.000000 0.000000 0.000000
5929.064941 0.000000 2593.502441 0.000000 0.536036 0.000000 -0.844195 0.000000 0.000000 0.000000
5941.860840 0.000000 2589.863281 0.000000 0.938858 0.000000 0.344303 0.000000 0.000000 0.000000
5899.486816 0.000000 2550.356445 0.000000 0.972349 0.000000 0.233532 0.000000 0.000000 0.000000
5902.604980 0.000000 2589.373779 0.000000 0.957522 0.000000 0.288361 0.000000 0.000000 0.000000
5948.013184 0.000000 2556.661621 0.000000 0.359679 0.000000 0.933076 0.000000 0.000000 0.000000
5910.077637 0.000000 2558.971436 0.000000 0.999971 0.000000 -0.007674 0.000000 0.000000 0.000000
5891.913086 0.000000 2552.733398 0.000000 0.999997 0.000000 -0.002371 0.000000 0.000000 0.000000
5942.158691 0.000000 2573.856689 0.000000 0.553606 0.000000 -0.832779 0.000000 0.000000 0.000000
5912.535645 0.000000 2558.151855 0.000000 0.949440 0.000000 0.313950 0.000000 0.000000 0.000000
5915.678223 0.000000 2546.811035 0.000000 0.947929 0.000000 -0.318482 0.000000 0.000000 0.000000
5915.190918 0.000000 2570.106201 0.000000 0.826842 0.000000 -0.562435 0.000000 0.000000 0.000000
5931.095215 0.000000 2556.115479 0.000000 0.832152 0.000000 -0.554548 0.000000 0.000000 0.000000
5912.077637 0.000000 2551.193359 0.000000 0.998640 0.000000 -0.052145 0.000000 0.000000 0.000000
5921.641602 0.000000 2559.875488 0.000000 0.276797 0.000000 0.960928 0.000000 0.000000 0.000000
5951.814453 0.000000 2560.241455 0.000000 0.997440 0.000000 -0.071508 0.000000 0.000000 0.000000
5924.550293 0.000000 2572.590820 0.000000 0.165172 0.000000 0.986265 0.000000 0.000000 0.000000
5937.129395 0.000000 2592.202881 0.000000 0.048935 0.000000 -0.998802 0.000000 0.000000 0.000000
5913.618652 0.000000 2593.474121 0.000000 0.919736 0.000000 0.392537 0.000000 0.000000 0.000000
5940.316895 0.000000 2570.922852 0.000000 0.908661 0.000000 -0.417535 0.000000 0.000000 0.000000
5918.716309 0.000000 2588.034912 0.000000 0.872954 0.000000 -0.487803 0.000000 0.000000 0.000000
5926.819824 0.000000 2594.048584 0.000000 0.999894 0.000000 0.014573 1.000000 1.000000 1.000000
5930.440430 0.000000 2558.005859 0.000000 0.241188 0.000000 -0.970478 0.000000 0.000000 0.000000
5911.416992 0.000000 2589.729736 0.000000 0.678223 0.000000 0.734856 0.000000 0.000000 0.000000
5940.679199 0.000000 2561.486084 0.000000 0.960535 0.000000 -0.278159 1.000000 1.000000 1.000000
5888.597656 0.000000 2562.264160 0.000000 0.877049 0.000000 0.480401 1.000000 1.000000 1.000000
5938.490723 0.000000 2564.586426 0.000000 0.776496 0.000000 -0.630123 0.000000 0.000000 0.000000
5918.725586 0.000000 2545.389404 0.000000 0.043365 0.000000 0.999059 1.000000 1.000000 1.000000
5940.393066 0.000000 2564.190430 0.000000 0.114564 0.000000 -0.993416 0.000000 0.000000 0.000000
5914.529785 0.000000 2597.203613 0.000000 0.751669 0.000000 -0.659540 0.000000 0.000000 0.000000
5916.161133 0.000000 2590.408936 0.000000 0.965621 0.000000 -0.259954 1.000000 1.000000 1.000000
5943.432129 0.000000 2590.880615 0.000000 0.895277 0.000000 -0.445509 0.000000 0.000000 0.000000
5938.395020 0.000000 2571.813477 0.000000 0.152006 0.000000 0.988380 0.000000 0.000000 0.000000
5917.418457 0.000000 2591.794434 0.000000 0.671018 0.000000 -0.741441 1.000000 1.000000 1.000000
5936.943848 0.000000 2553.385254 0.000000 0.358816 0.000000 0.933408 0.000000 0.000000 0.000000
5898.704590 0.000000 2564.539307 0.000000 0.190742 0.000000 0.981640 1.000000 1.000000 1.000000
5918.609375 0.000000 2567.459473 0.000000 0.955496 0.000000 0.295003 1.000000 1.000000 1.000000
5888.371582 0.000000 2546.881592 0.000000 0.884371 0.000000 0.466786 0.000000 0.000000 0.000000
5915.849121 0.000000 2568.402588 0.000000 0.331517 0.000000 0.943449 0.000000 0.000000 0.000000
5912.422363 0.000000 2571.497070 0.000000 0.993217 0.000000 -0.116276 0.000000 0.000000 0.000000
5933.431152 0.000000 2545.848633 0.000000 0.697931 0.000000 0.716165 0.000000 0.000000 0.000000
5940.916016 0.000000 2549.159912 0.000000 0.479953 0.000000 0.877294 0.000000 0.000000 0.000000
5896.404785 0.000000 2562.224854 0.000000 0.932732 0.000000 -0.360571 0.000000 0.000000 0.000000
5895.699707 0.000000 2557.651855 0.000000 0.082546 0.000000 0.996587 0.000000 0.000000 0.000000
5922.375977 0.000000 2558.239502 0.000000 0.695052 0.000000 0.718959 1.000000 1.000000 1.000000
5896.953125 0.000000 2567.727539 0.000000 0.146475 0.000000 -0.989214 1.000000 1.000000 1.000000
5919.972656 0.000000 2566.177734 0.000000 0.625727 0.000000 -0.780042 1.000000 1.000000 1.000000
5927.989746 0.000000 2567.700684 0.000000 0.471415 0.000000 0.881911 1.000000 1.000000 1.000000
6002.584961 0.000000 2569.691162 0.000000 0.853379 0.000000 -0.521291 0.000000 0.000000 0.000000
5978.364746 0.000000 2567.358154 0.000000 0.769432 0.000000 -0.638729 0.000000 0.000000 0.000000
5986.015137 0.000000 2562.292480 0.000000 0.838774 0.000000 0.544479 0.000000 0.000000 0.000000
6005.994141 0.000000 2563.083008 0.000000 0.308047 0.000000 0.951371 0.000000 0.000000 0.000000
6011.211426 0.000000 2571.415039 0.000000 0.830331 0.000000 -0.557270 0.000000 0.000000 0.000000
5981.237305 0.000000 2575.319092 0.000000 0.441095 0.000000 -0.897460 0.000000 0.000000 0.000000
6014.624512 0.000000 2550.616943 0.000000 0.795950 0.000000 -0.605362 0.000000 0.000000 0.000000
5990.889160 0.000000 2565.236572 0.000000 0.432053 0.000000 0.901848 0.000000 0.000000 0.000000
5956.755371 0.000000 2569.669434 0.000000 0.281230 0.000000 0.959640 0.000000 0.000000 0.000000
5952.009766 0.000000 2583.989502 0.000000 0.046716 0.000000 -0.998908 0.000000 0.000000 0.000000
5981.020508 0.000000 2554.627197 0.000000 0.994820 0.000000 -0.101651 0.000000 0.000000 0.000000
5979.595215 0.000000 2592.320557 0.000000 0.918788 0.000000 0.394752 0.000000 0.000000 0.000000
5993.676758 0.000000 2559.863770 0.000000 0.838482 0.000000 -0.544930 0.000000 0.000000 0.000000
5961.604492 0.000000 2569.251221 0.000000 0.005720 0.000000 0.999984 0.000000 0.000000 0.000000
6003.016113 0.000000 2562.647949 0.000000 0.573039 0.000000 -0.819528 0.000000 0.000000 0.000000
5988.759766 0.000000 2563.173096 0.000000 0.725443 0.000000 -0.688283 0.000000 0.000000 0.000000
5985.062500 0.000000 2593.870850 0.000000 0.996667 0.000000 0.081578 0.000000 0.000000 0.000000
6013.738281 0.000000 2570.046143 0.000000 0.694086 0.000000 -0.719892 0.000000 0.000000 0.000000
5993.128906 0.000000 2562.662598 0.000000 0.989322 0.000000 -0.145747 0.000000 0.000000 0.000000
5959.143066 0.000000 2569.181396 0.000000 0.012901 0.000000 -0.999917 0.000000 0.000000 0.000000
6008.742188 0.000000 2571.690674 0.000000 0.866897 0.000000 -0.498488 0.000000 0.000000 0.000000
6001.687988 0.000000 2550.749512 0.000000 0.975334 0.000000 -0.220733 0.000000 0.000000 0.000000
5998.880859 0.000000 2592.332520 0.000000 0.837679 0.000000 -0.546163 0.000000 0.000000 0.000000
6013.252441 0.000000 2552.223145 0.000000 0.951913 0.000000 0.306369 0.000000 0.000000 0.000000
6013.382324 0.000000 2572.099121 0.000000 0.930891 0.000000 -0.365297 0.000000 0.000000 0.000000
5980.979980 0.000000 2557.075928 0.000000 0.194873 0.000000 -0.980829 0.000000 0.000000 0.000000
5969.219727 0.000000 2553.255615 0.000000 0.631894 0.000000 -0.775055 0.000000 0.000000 0.000000
5994.638672 0.000000 2592.229492 0.000000 0.695819 0.000000 0.718217 0.000000 0.000000 0.000000
5972.141113 0.000000 2595.728760 0.000000 0.371217 0.000000 0.928546 1.000000 1.000000 1.000000
5967.590332 0.000000 2593.893311 0.000000 0.497669 0.000000 0.867367 0.000000 0.000000 0.000000
5968.905273 0.000000 2595.696289 0.000000 0.997252 0.000000 0.074082 0.000000 0.000000 0.000000
5968.278320 0.000000 2555.352539 0.000000 0.999066 0.000000 -0.043200 1.000000 1.000000 1.000000
6015.825195 0.000000 2555.049561 0.000000 0.993258 0.000000 0.115928 0.000000 0.000000 0.000000
5991.260742 0.000000 2563.400879 0.000000 0.696507 0.000000 -0.717550 0.000000 0.000000 0.000000
6000.943848 0.000000 2553.385254 0.000000 0.559237 0.000000 -0.829008 0.000000 0.000000 0.000000
5965.317383 0.000000 2595.024170 0.000000 0.991571 0.000000 0.129564 1.000000 1.000000 1.000000
5962.663574 0.000000 2596.381836 0.000000 0.381300 0.000000 -0.924451 1.000000 1.000000 1.000000
6018.500488 0.000000 2561.541016 0.000000 0.150790 0.000000 0.988566 0.000000 0.000000 0.000000
6016.098633 0.000000 2548.745850 0.000000 0.994479 0.000000 0.104934 0.000000 0.000000 0.000000
6023.408691 0.000000 2559.634277 0.000000 0.882238 0.000000 -0.470804 0.000000 0.000000 0.000000
6023.143066 0.000000 2569.181396 0.000000 0.578843 0.000000 -0.815439 0.000000 0.000000 0.000000
5908.569336 0.000000 2603.667725 0.000000 0.471242 0.000000 -0.882004 0.000000 0.000000 0.000000
5888.163086 0.000000 2633.027832 0.000000 0.336103 0.000000 -0.941825 0.000000 0.000000 0.000000
5950.624512 0.000000 2607.101318 0.000000 0.579436 0.000000 -0.815018 0.000000 0.000000 0.000000
5911.293457 0.000000 2621.845947 0.000000 0.337041 0.000000 0.941490 0.000000 0.000000 0.000000
5946.631836 0.000000 2633.417725 0.000000 0.126237 0.000000 -0.992000 0.000000 0.000000 0.000000
5912.795410 0.000000 2626.193359 0.000000 0.998614 0.000000 0.052632 0.000000 0.000000 0.000000
5894.395508 0.000000 2628.336914 0.000000 0.379450 0.000000 -0.925212 0.000000 0.000000 0.000000
5890.822754 0.000000 2632.249268 0.000000 0.183697 0.000000 0.982983 0.000000 0.000000 0.000000
5900.721191 0.000000 2636.606201 0.000000 0.766067 0.000000 0.642761 0.000000 0.000000 0.000000
5904.716797 0.000000 2630.379150 0.000000 0.136517 0.000000 0.990638 0.000000 0.000000 0.000000
5898.329590 0.000000 2622.985840 0.000000 0.708256 0.000000 0.705956 0.000000 0.000000 0.000000
5921.910645 0.000000 2640.604004 0.000000 0.234383 0.000000 -0.972144 0.000000 0.000000 0.000000
5920.544434 0.000000 2645.612793 0.000000 0.669199 0.000000 -0.743083 0.000000 0.000000 0.000000
5898.235840 0.000000 2641.965576 0.000000 0.205267 0.000000 0.978706 0.000000 0.000000 0.000000
5902.389160 0.000000 2631.666016 0.000000 0.795897 0.000000 -0.605432 0.000000 0.000000 0.000000
5906.128418 0.000000 2619.042969 0.000000 0.380139 0.000000 0.924929 0.000000 0.000000 0.000000
5901.872070 0.000000 2626.683838 0.000000 0.020119 0.000000 0.999798 0.000000 0.000000 0.000000
5895.143066 0.000000 2625.665771 0.000000 0.420461 0.000000 0.907311 0.000000 0.000000 0.000000
5894.028809 0.000000 2621.210938 0.000000 0.670810 0.000000 0.741629 0.000000 0.000000 0.000000
5907.576660 0.000000 2633.732910 0.000000 0.808503 0.000000 0.588493 0.000000 0.000000 0.000000
5930.281250 0.000000 2640.492920 0.000000 0.995399 0.000000 0.095816 0.000000 0.000000 0.000000
5945.678223 0.000000 2613.402832 0.000000 0.069346 0.000000 0.997593 0.000000 0.000000 0.000000
5891.099121 0.000000 2624.982910 0.000000 0.657869 0.000000 0.753132 0.000000 0.000000 0.000000
5910.911621 0.000000 2639.270752 0.000000 0.620767 0.000000 0.783995 0.000000 0.000000 0.000000
5915.739258 0.000000 2641.904541 0.000000 0.836675 0.000000 -0.547700 0.000000 0.000000 0.000000
5910.604004 0.000000 2636.810791 0.000000 0.965116 0.000000 0.261824 0.000000 0.000000 0.000000
5903.228516 0.000000 2625.293457 0.000000 0.101378 0.000000 0.994848 0.000000 0.000000 0.000000
5905.033691 0.000000 2638.242188 0.000000 0.951334 0.000000 -0.308162 0.000000 0.000000 0.000000
5888.144043 0.000000 2626.681396 0.000000 0.600906 0.000000 0.799320 1.000000 1.000000 1.000000
5903.325195 0.000000 2633.289795 0.000000 0.645364 0.000000 0.763876 0.000000 0.000000 0.000000
5909.008301 0.000000 2627.386230 0.000000 0.916443 0.000000 0.400166 0.000000 0.000000 0.000000
5911.366211 0.000000 2600.933838 0.000000 0.553647 0.000000 0.832751 0.000000 0.000000 0.000000
5951.825195 0.000000 2611.533936 0.000000 0.217389 0.000000 -0.976085 0.000000 0.000000 0.000000
5912.332520 0.000000 2633.485596 0.000000 0.804583 0.000000 -0.593840 0.000000 0.000000 0.000000
5947.502441 0.000000 2610.278564 0.000000 0.101391 0.000000 -0.994847 0.000000 0.000000 0.000000
5944.654297 0.000000 2615.494141 0.000000 0.473176 0.000000 0.880968 1.000000 1.000000 1.000000
5900.773926 0.000000 2632.465332 0.000000 0.999696 0.000000 -0.024651 0.000000 0.000000 0.000000
5902.389648 0.000000 2636.065674 0.000000 0.839454 0.000000 0.543431 0.000000 0.000000 0.000000
5909.609863 0.000000 2630.930176 0.000000 0.989117 0.000000 -0.147131 0.000000 0.000000 0.000000
5913.034668 0.000000 2630.227783 0.000000 0.240564 0.000000 -0.970633 0.000000 0.000000 0.000000
5904.583984 0.000000 2636.637451 0.000000 0.919548 0.000000 0.392978 1.000000 1.000000 1.000000
5992.832520 0.000000 2601.782471 0.000000 0.220778 0.000000 0.975324 0.000000 0.000000 0.000000
5983.758301 0.000000 2628.440918 0.000000 0.559108 0.000000 0.829095 0.000000 0.000000 0.000000
5983.334473 0.000000 2639.266602 0.000000 0.835368 0.000000 -0.549691 0.000000 0.000000 0.000000
5958.424805 0.000000 2618.641357 0.000000 0.985901 0.000000 -0.167331 0.000000 0.000000 0.000000
5994.288574 0.000000 2621.428955 0.000000 0.803074 0.000000 0.595880 0.000000 0.000000 0.000000
5977.661133 0.000000 2601.347412 0.000000 0.631896 0.000000 0.775053 0.000000 0.000000 0.000000
5981.422852 0.000000 2636.833008 0.000000 0.041490 0.000000 0.999139 0.000000 0.000000 0.000000
6010.504395 0.000000 2622.040039 0.000000 0.368958 0.000000 -0.929446 0.000000 0.000000 0.000000
5969.664551 0.000000 2604.937256 0.000000 0.601550 0.000000 0.798836 0.000000 0.000000 0.000000
5980.947754 0.000000 2628.353027 0.000000 0.990619 0.000000 -0.136655 0.000000 0.000000 0.000000
5955.913086 0.000000 2609.217773 0.000000 0.599725 0.000000 -0.800206 0.000000 0.000000 0.000000
5966.686523 0.000000 2612.872803 0.000000 0.002493 0.000000 0.999997 0.000000 0.000000 0.000000
5971.640625 0.000000 2623.593018 0.000000 0.713302 0.000000 0.700857 0.000000 0.000000 0.000000
5978.245605 0.000000 2616.793213 0.000000 0.989286 0.000000 0.145988 0.000000 0.000000 0.000000
5999.448242 0.000000 2622.788818 0.000000 0.339870 0.000000 0.940472 0.000000 0.000000 0.000000
5981.739258 0.000000 2619.744385 0.000000 0.990412 0.000000 -0.138146 0.000000 0.000000 0.000000
5985.987305 0.000000 2635.895020 0.000000 0.955299 0.000000 -0.295642 1.000000 1.000000 1.000000
5956.035156 0.000000 2604.500977 0.000000 0.889327 0.000000 -0.457271 1.000000 1.000000 1.000000
5979.739258 0.000000 2641.904541 0.000000 0.763120 0.000000 0.646257 1.000000 1.000000 1.000000
6014.854492 0.000000 2624.864746 0.000000 0.394516 0.000000 0.918889 0.000000 0.000000 0.000000
5958.912598 0.000000 2598.282959 0.000000 0.225460 0.000000 -0.974252 1.000000 1.000000 1.000000
5952.597656 0.000000 2618.748535 0.000000 0.231011 0.000000 0.972951 0.000000 0.000000 0.000000
6002.490723 0.000000 2621.070801 0.000000 0.716847 0.000000 0.697230 0.000000 0.000000 0.000000
5958.936035 0.000000 2601.857178 0.000000 0.651864 0.000000 -0.758336 1.000000 1.000000 1.000000
6004.393066 0.000000 2620.674805 0.000000 0.977881 0.000000 0.209161 1.000000 1.000000 1.000000
5973.008301 0.000000 2627.386230 0.000000 0.898547 0.000000 -0.438877 0.000000 0.000000 0.000000
5975.366211 0.000000 2600.933838 0.000000 0.932892 0.000000 0.360156 0.000000 0.000000 0.000000
5991.147461 0.000000 2635.184570 0.000000 0.638869 0.000000 -0.769316 1.000000 1.000000 1.000000
5991.260742 0.000000 2619.885254 0.000000 0.964982 0.000000 -0.262316 0.000000 0.000000 0.000000
5988.099609 0.000000 2636.599121 0.000000 0.590791 0.000000 -0.806825 0.000000 0.000000 0.000000
5956.483887 0.000000 2628.030029 0.000000 0.962405 0.000000 -0.271620 0.000000 0.000000 0.000000
5964.251465 0.000000 2605.117432 0.000000 0.986470 0.000000 0.163942 0.000000 0.000000 0.000000
5974.981445 0.000000 2626.505859 0.000000 0.162652 0.000000 -0.986684 1.000000 1.000000 1.000000
5967.854980 0.000000 2604.811035 0.000000 0.812155 0.000000 0.583442 1.000000 1.000000 1.000000
6008.708984 0.000000 2618.724854 0.000000 0.968102 0.000000 0.250557 1.000000 1.000000 1.000000
5979.849121 0.000000 2624.886963 0.000000 0.371039 0.000000 0.928617 0.000000 0.000000 0.000000
5976.422363 0.000000 2627.981445 0.000000 0.078768 0.000000 0.996893 1.000000 1.000000 1.000000
5985.433594 0.000000 2634.084717 0.000000 0.929874 0.000000 0.367879 1.000000 1.000000 1.000000
6005.188965 0.000000 2652.694092 0.000000 0.248029 0.000000 0.968753 1.000000 1.000000 1.000000
5989.379395 0.000000 2635.167969 0.000000 0.819941 0.000000 -0.572448 1.000000 1.000000 1.000000
5959.699707 0.000000 2614.136230 0.000000 0.652745 0.000000 0.757578 0.000000 0.000000 0.000000
6012.312988 0.000000 2622.036133 0.000000 0.263605 0.000000 -0.964631 0.000000 0.000000 0.000000
5958.054199 0.000000 2599.879883 0.000000 0.994691 0.000000 -0.102904 1.000000 1.000000 1.000000
5954.335449 0.000000 2629.511230 0.000000 0.641904 0.000000 -0.766785 0.000000 0.000000 0.000000
5992.687988 0.000000 2620.781982 0.000000 0.907343 0.000000 0.420392 1.000000 1.000000 1.000000
5947.981445 0.000000 2709.984863 0.000000 0.565688 0.000000 0.824619 0.000000 0.000000 0.000000
5935.537109 0.000000 2681.894043 0.000000 0.999988 0.000000 -0.004975 0.000000 0.000000 0.000000
5946.631836 0.000000 2689.902100 0.000000 0.459982 0.000000 0.887928 0.000000 0.000000 0.000000
5946.504395 0.000000 2678.524414 0.000000 0.644859 0.000000 0.764302 0.000000 0.000000 0.000000
5941.519043 0.000000 2681.391113 0.000000 0.498644 0.000000 0.866807 0.000000 0.000000 0.000000
5896.237305 0.000000 2702.792236 0.000000 0.938241 0.000000 0.345982 0.000000 0.000000 0.000000
5938.394043 0.000000 2706.887451 0.000000 0.856366 0.000000 0.516369 0.000000 0.000000 0.000000
5896.722168 0.000000 2687.284668 0.000000 0.943189 0.000000 -0.332256 1.000000 1.000000 1.000000
5898.234863 0.000000 2702.211426 0.000000 0.728412 0.000000 -0.685140 0.000000 0.000000 0.000000
5914.529785 0.000000 2710.172363 0.000000 0.237255 0.000000 0.971448 0.000000 0.000000 0.000000
5943.432129 0.000000 2703.849365 0.000000 0.991121 0.000000 -0.132961 0.000000 0.000000 0.000000
5948.771484 0.000000 2691.849854 0.000000 0.563660 0.000000 0.826007 1.000000 1.000000 1.000000
5936.943848 0.000000 2666.354004 0.000000 0.077806 0.000000 0.996969 0.000000 0.000000 0.000000
5942.588867 0.000000 2707.948730 0.000000 0.851139 0.000000 0.524941 0.000000 0.000000 0.000000
5895.784180 0.000000 2708.082031 0.000000 0.093921 0.000000 0.995580 0.000000 0.000000 0.000000
5894.073242 0.000000 2708.553223 0.000000 0.717925 0.000000 -0.696120 0.000000 0.000000 0.000000
5896.280273 0.000000 2688.996582 0.000000 0.654298 0.000000 0.756237 0.000000 0.000000 0.000000
5944.710938 0.000000 2678.597168 0.000000 0.721963 0.000000 -0.691932 1.000000 1.000000 1.000000
5954.396484 0.000000 2656.627686 0.000000 0.689429 0.000000 -0.724353 0.000000 0.000000 0.000000
6013.292480 0.000000 2667.324707 0.000000 0.053437 0.000000 0.998571 0.000000 0.000000 0.000000
5987.765137 0.000000 2680.612793 0.000000 0.914157 0.000000 -0.405360 0.000000 0.000000 0.000000
5987.991211 0.000000 2670.492188 0.000000 0.997228 0.000000 0.074413 0.000000 0.000000 0.000000
6014.624512 0.000000 2663.585693 0.000000 0.677289 0.000000 -0.735717 0.000000 0.000000 0.000000
6012.832520 0.000000 2687.087402 0.000000 0.837163 0.000000 -0.546954 0.000000 0.000000 0.000000
6010.462402 0.000000 2671.835693 0.000000 0.669923 0.000000 0.742431 0.000000 0.000000 0.000000
5955.820801 0.000000 2668.571045 0.000000 0.185399 0.000000 -0.982663 0.000000 0.000000 0.000000
5964.083496 0.000000 2700.279541 0.000000 0.362728 0.000000 0.931895 0.000000 0.000000 0.000000
5972.832520 0.000000 2667.345215 0.000000 0.538892 0.000000 -0.842375 0.000000 0.000000 0.000000
6008.639160 0.000000 2659.738037 0.000000 0.294568 0.000000 0.955630 0.000000 0.000000 0.000000
5972.984863 0.000000 2691.963623 0.000000 0.816385 0.000000 0.577509 0.000000 0.000000 0.000000
5996.127930 0.000000 2682.207031 0.000000 0.370829 0.000000 -0.928701 0.000000 0.000000 0.000000
6008.473633 0.000000 2662.896484 0.000000 0.424894 0.000000 -0.905243 0.000000 0.000000 0.000000
5955.913086 0.000000 2665.702148 0.000000 0.876144 0.000000 -0.482049 0.000000 0.000000 0.000000
5979.678223 0.000000 2659.779785 0.000000 0.112260 0.000000 -0.993679 0.000000 0.000000 0.000000
5958.475098 0.000000 2669.356201 0.000000 0.644059 0.000000 -0.764975 0.000000 0.000000 0.000000
5971.576660 0.000000 2690.217285 0.000000 0.805053 0.000000 0.593203 0.000000 0.000000 0.000000
5986.934570 0.000000 2658.334717 0.000000 0.091451 0.000000 0.995810 1.000000 1.000000 1.000000
5999.882812 0.000000 2659.789307 0.000000 0.693031 0.000000 -0.720907 0.000000 0.000000 0.000000
5962.234863 0.000000 2702.211426 0.000000 0.983540 0.000000 0.180689 0.000000 0.000000 0.000000
5974.911621 0.000000 2695.755127 0.000000 0.832050 0.000000 -0.554700 0.000000 0.000000 0.000000
5987.217285 0.000000 2665.604248 0.000000 0.992149 0.000000 -0.125059 1.000000 1.000000 1.000000
6002.317871 0.000000 2659.218750 0.000000 0.884799 0.000000 -0.465972 0.000000 0.000000 0.000000
5974.604004 0.000000 2693.295166 0.000000 0.431693 0.000000 -0.902021 1.000000 1.000000 1.000000
6005.177734 0.000000 2665.286133 0.000000 0.106375 0.000000 0.994326 0.000000 0.000000 0.000000
6002.425293 0.000000 2656.919922 0.000000 0.772539 0.000000 0.634967 1.000000 1.000000 1.000000
5982.725586 0.000000 2658.358154 0.000000 0.377610 0.000000 0.925965 1.000000 1.000000 1.000000
5962.618164 0.000000 2668.310059 0.000000 0.670201 0.000000 0.742179 1.000000 1.000000 1.000000
6003.561035 0.000000 2681.027588 0.000000 0.960129 0.000000 -0.279557 0.000000 0.000000 0.000000
6015.825195 0.000000 2668.018311 0.000000 0.865541 0.000000 0.500838 0.000000 0.000000 0.000000
5962.618164 0.000000 2706.208984 0.000000 0.707577 0.000000 -0.706636 0.000000 0.000000 0.000000
5976.332520 0.000000 2689.969971 0.000000 0.968590 0.000000 -0.248663 0.000000 0.000000 0.000000
6005.097168 0.000000 2656.551025 0.000000 0.052344 0.000000 -0.998629 0.000000 0.000000 0.000000
6002.999023 0.000000 2662.108398 0.000000 0.972501 0.000000 0.232899 0.000000 0.000000 0.000000
5989.372070 0.000000 2658.830078 0.000000 0.277723 0.000000 -0.960661 1.000000 1.000000 1.000000
5982.021484 0.000000 2663.032471 0.000000 0.033057 0.000000 -0.999453 1.000000 1.000000 1.000000
5953.843750 0.000000 2701.145264 0.000000 0.429075 0.000000 0.903269 0.000000 0.000000 0.000000
6000.748535 0.000000 2656.177979 0.000000 0.241869 0.000000 0.970309 1.000000 1.000000 1.000000
6004.916016 0.000000 2662.128662 0.000000 0.755411 0.000000 0.655251 1.000000 1.000000 1.000000
5987.182129 0.000000 2661.531982 0.000000 0.748537 0.000000 0.663093 1.000000 1.000000 1.000000
6003.291016 0.000000 2665.189697 0.000000 0.627192 0.000000 -0.778865 0.000000 0.000000 0.000000
5977.034668 0.000000 2686.712158 0.000000 0.416074 0.000000 0.909331 1.000000 1.000000 1.000000
5976.512695 0.000000 2662.498535 0.000000 0.672095 0.000000 0.740465 0.000000 0.000000 0.000000
5985.519531 0.000000 2662.626709 0.000000 0.498786 0.000000 -0.866725 1.000000 1.000000 1.000000
5991.989746 0.000000 2680.669434 0.000000 0.955794 0.000000 -0.294036 1.000000 1.000000 1.000000
6016.254883 0.000000 2645.422119 0.000000 0.014458 0.000000 0.999895 0.000000 0.000000 0.000000
6071.062500 0.000000 2649.298828 0.000000 0.408542 0.000000 -0.912739 0.000000 0.000000 0.000000
6078.390625 0.000000 2654.041748 0.000000 0.945333 0.000000 -0.326108 0.000000 0.000000 0.000000
6024.722168 0.000000 2630.800293 0.000000 0.061920 0.000000 -0.998081 0.000000 0.000000 0.000000
6020.166992 0.000000 2647.045898 0.000000 0.495198 0.000000 0.868780 0.000000 0.000000 0.000000
6042.529785 0.000000 2653.687988 0.000000 0.389958 0.000000 -0.920833 0.000000 0.000000 0.000000
6063.350098 0.000000 2653.024414 0.000000 0.245343 0.000000 -0.969436 0.000000 0.000000 0.000000
6040.332520 0.000000 2633.485596 0.000000 0.013594 0.000000 -0.999908 1.000000 1.000000 1.000000
6020.679688 0.000000 2650.896240 0.000000 0.082269 0.000000 -0.996610 0.000000 0.000000 0.000000
6021.832520 0.000000 2630.146973 0.000000 0.639824 0.000000 -0.768522 0.000000 0.000000 0.000000
6026.780273 0.000000 2633.065186 0.000000 0.010391 0.000000 0.999946 0.000000 0.000000 0.000000
6028.773926 0.000000 2632.465332 0.000000 0.494710 0.000000 -0.869058 0.000000 0.000000 0.000000
6022.073242 0.000000 2652.068848 0.000000 0.500871 0.000000 0.865522 1.000000 1.000000 1.000000
6086.507812 0.000000 2650.372314 0.000000 0.431263 0.000000 -0.902226 0.000000 0.000000 0.000000
6084.384766 0.000000 2649.053955 0.000000 0.789363 0.000000 0.613926 0.000000 0.000000 0.000000
6082.269043 0.000000 2651.715088 0.000000 0.227408 0.000000 0.973800 0.000000 0.000000 0.000000
6082.026855 0.000000 2646.907471 0.000000 0.297434 0.000000 -0.954742 0.000000 0.000000 0.000000
6034.127930 0.000000 2668.041748 0.000000 0.832533 0.000000 0.553975 0.000000 0.000000 0.000000
6039.890625 0.000000 2673.823242 0.000000 0.286710 0.000000 -0.958017 0.000000 0.000000 0.000000
6042.364746 0.000000 2680.326904 0.000000 0.464303 0.000000 0.885676 0.000000 0.000000 0.000000
6035.771973 0.000000 2677.391113 0.000000 0.032479 0.000000 0.999472 0.000000 0.000000 0.000000
6062.042969 0.000000 2660.620361 0.000000 0.986644 0.000000 0.162889 0.000000 0.000000 0.000000
6068.463867 0.000000 2669.847412 0.000000 0.975476 0.000000 0.220107 0.000000 0.000000 0.000000
6028.457520 0.000000 2706.541504 0.000000 0.154202 0.000000 -0.988039 0.000000 0.000000 0.000000
6026.072266 0.000000 2710.937744 0.000000 0.001053 0.000000 -0.999999 0.000000 0.000000 0.000000
6064.746582 0.000000 2658.003174 0.000000 0.856395 0.000000 -0.516321 0.000000 0.000000 0.000000
6035.640625 0.000000 2680.077393 0.000000 0.930394 0.000000 0.366560 0.000000 0.000000 0.000000
6039.339844 0.000000 2687.173096 0.000000 0.856357 0.000000 0.516383 0.000000 0.000000 0.000000
6035.362793 0.000000 2682.753418 0.000000 0.906616 0.000000 0.421957 0.000000 0.000000 0.000000
6020.602051 0.000000 2657.371338 0.000000 0.936326 0.000000 0.351132 0.000000 0.000000 0.000000
6075.305664 0.000000 2704.544678 0.000000 0.682405 0.000000 -0.730975 0.000000 0.000000 0.000000
6036.821777 0.000000 2685.876709 0.000000 0.152115 0.000000 -0.988363 0.000000 0.000000 0.000000
6061.585449 0.000000 2665.198730 0.000000 0.950325 0.000000 -0.311261 0.000000 0.000000 0.000000
6076.034180 0.000000 2702.588867 0.000000 0.113104 0.000000 -0.993583 0.000000 0.000000 0.000000
6037.422363 0.000000 2679.120605 0.000000 0.999989 0.000000 0.004631 0.000000 0.000000 0.000000
6041.598145 0.000000 2678.397217 0.000000 0.884117 0.000000 -0.467265 0.000000 0.000000 0.000000
6056.389160 0.000000 2708.395996 0.000000 0.652300 0.000000 -0.757960 0.000000 0.000000 0.000000
6050.934570 0.000000 2658.334717 0.000000 0.867312 0.000000 -0.497765 0.000000 0.000000 0.000000
6054.819824 0.000000 2707.017334 0.000000 0.572171 0.000000 -0.820134 0.000000 0.000000 0.000000
6063.882812 0.000000 2659.789307 0.000000 0.843958 0.000000 -0.536409 0.000000 0.000000 0.000000
6076.271484 0.000000 2663.279053 0.000000 0.997187 0.000000 -0.074953 0.000000 0.000000 0.000000
6031.228516 0.000000 2681.777832 0.000000 0.452578 0.000000 -0.891725 0.000000 0.000000 0.000000
6022.912598 0.000000 2654.767334 0.000000 0.980468 0.000000 -0.196677 1.000000 1.000000 1.000000
6030.368652 0.000000 2710.619141 0.000000 0.246533 0.000000 -0.969134 1.000000 1.000000 1.000000
6032.905273 0.000000 2708.665039 0.000000 0.433944 0.000000 -0.900940 1.000000 1.000000 1.000000
6059.071777 0.000000 2665.344238 0.000000 0.459946 0.000000 -0.887947 0.000000 0.000000 0.000000
6075.502441 0.000000 2666.762939 0.000000 0.248140 0.000000 -0.968724 0.000000 0.000000 0.000000
6070.588867 0.000000 2707.948730 0.000000 0.953451 0.000000 -0.301549 0.000000 0.000000 0.000000
6053.372070 0.000000 2658.830078 0.000000 0.386171 0.000000 0.922427 0.000000 0.000000 0.000000
6046.652344 0.000000 2666.851074 0.000000 0.999263 0.000000 0.038377 0.000000 0.000000 0.000000
6037.609863 0.000000 2687.414551 0.000000 0.336149 0.000000 0.941809 0.000000 0.000000 0.000000
6049.519531 0.000000 2662.626709 0.000000 0.208544 0.000000 0.978013 0.000000 0.000000 0.000000
6117.432617 0.000000 2665.792725 0.000000 0.079834 0.000000 0.996808 0.000000 0.000000 0.000000
6136.550781 0.000000 2687.624756 0.000000 0.269437 0.000000 -0.963018 0.000000 0.000000 0.000000
6121.260742 0.000000 2698.987793 0.000000 0.486789 0.000000 0.873520 0.000000 0.000000 0.000000
6124.376953 0.000000 2701.033203 0.000000 0.455004 0.000000 0.890489 0.000000 0.000000 0.000000
6131.863281 0.000000 2679.138428 0.000000 0.981739 0.000000 -0.190231 0.000000 0.000000 0.000000
6135.060547 0.000000 2696.365234 0.000000 0.379172 0.000000 0.925326 0.000000 0.000000 0.000000
6131.634277 0.000000 2697.493408 0.000000 0.809801 0.000000 0.586704 0.000000 0.000000 0.000000
6128.746582 0.000000 2658.003174 0.000000 0.862921 0.000000 -0.505339 0.000000 0.000000 0.000000
6081.451660 0.000000 2664.157959 0.000000 0.044423 0.000000 -0.999013 0.000000 0.000000 0.000000
6134.158691 0.000000 2686.825439 0.000000 0.709105 0.000000 -0.705103 0.000000 0.000000 0.000000
6111.328613 0.000000 2705.087402 0.000000 0.568256 0.000000 -0.822852 0.000000 0.000000 0.000000
6143.163574 0.000000 2687.440186 0.000000 0.578935 0.000000 -0.815374 0.000000 0.000000 0.000000
6082.026855 0.000000 2703.391846 0.000000 0.757121 0.000000 0.653275 0.000000 0.000000 0.000000
6135.405273 0.000000 2689.618652 0.000000 0.926011 0.000000 0.377497 0.000000 0.000000 0.000000
6122.219238 0.000000 2700.980225 0.000000 0.829631 0.000000 -0.558313 0.000000 0.000000 0.000000
6105.618652 0.000000 2706.442871 0.000000 0.411379 0.000000 0.911465 0.000000 0.000000 0.000000
6089.808105 0.000000 2695.932861 0.000000 0.780836 0.000000 0.624736 0.000000 0.000000 0.000000
6085.572266 0.000000 2701.696533 0.000000 0.286511 0.000000 -0.958077 0.000000 0.000000 0.000000
6130.317871 0.000000 2659.218750 0.000000 0.990902 0.000000 -0.134588 0.000000 0.000000 0.000000
6097.033691 0.000000 2694.726562 0.000000 0.628819 0.000000 0.777552 0.000000 0.000000 0.000000
6110.288086 0.000000 2709.228027 0.000000 0.890420 0.000000 0.455140 0.000000 0.000000 0.000000
6095.325195 0.000000 2689.774170 0.000000 0.994091 0.000000 0.108549 0.000000 0.000000 0.000000
6135.893555 0.000000 2698.270508 0.000000 0.755191 0.000000 -0.655504 0.000000 0.000000 0.000000
6081.726074 0.000000 2697.670166 0.000000 0.721387 0.000000 0.692533 0.000000 0.000000 0.000000
6088.859375 0.000000 2692.252686 0.000000 0.209324 0.000000 0.977846 0.000000 0.000000 0.000000
6090.780273 0.000000 2689.549561 0.000000 0.995527 0.000000 0.094473 0.000000 0.000000 0.000000
6092.773926 0.000000 2688.949707 0.000000 0.620890 0.000000 -0.783897 0.000000 0.000000 0.000000
6081.843750 0.000000 2701.145264 0.000000 0.894158 0.000000 -0.447751 0.000000 0.000000 0.000000
6080.850586 0.000000 2695.330322 0.000000 0.985479 0.000000 0.169800 0.000000 0.000000 0.000000
5084.793945 0.000000 2714.091797 0.000000 0.175660 0.000000 -0.984451 0.000000 0.000000 0.000000
5098.835938 0.000000 2717.256348 0.000000 0.929102 0.000000 -0.369823 0.000000 0.000000 0.000000
5100.194824 0.000000 2723.327393 0.000000 0.690333 0.000000 -0.723491 0.000000 0.000000 0.000000
5092.575195 0.000000 2713.638916 0.000000 0.705633 0.000000 0.708578 0.000000 0.000000 0.000000
5103.447754 0.000000 2723.935791 0.000000 0.998782 0.000000 0.049348 0.000000 0.000000 0.000000
5094.824707 0.000000 2716.487793 0.000000 0.315595 0.000000 0.948894 0.000000 0.000000 0.000000
5099.690430 0.000000 2714.813965 0.000000 0.391752 0.000000 0.920071 0.000000 0.000000 0.000000
5099.095215 0.000000 2725.568604 0.000000 0.665361 0.000000 0.746521 0.000000 0.000000 0.000000
5094.792969 0.000000 2714.062012 0.000000 0.859664 0.000000 -0.510861 0.000000 0.000000 0.000000
5101.585449 0.000000 2721.683105 0.000000 0.045868 0.000000 0.998948 0.000000 0.000000 0.000000
5096.756348 0.000000 2716.716553 0.000000 0.948740 0.000000 -0.316057 0.000000 0.000000 0.000000
5101.587891 0.000000 2719.022217 0.000000 0.713354 0.000000 -0.700804 0.000000 0.000000 0.000000
5098.257812 0.000000 2713.512451 0.000000 0.685841 0.000000 0.727752 0.000000 0.000000 0.000000
5099.071777 0.000000 2721.828613 0.000000 0.601434 0.000000 0.798923 0.000000 0.000000 0.000000
5093.372070 0.000000 2715.314453 0.000000 0.846942 0.000000 0.531686 0.000000 0.000000 0.000000
5097.963379 0.000000 2718.779297 0.000000 0.032202 0.000000 0.999481 0.000000 0.000000 0.000000
5092.990723 0.000000 2711.935547 0.000000 0.871418 0.000000 -0.490541 0.000000 0.000000 0.000000
5129.084961 0.000000 2722.067871 0.000000 0.213261 0.000000 -0.976995 0.000000 0.000000 0.000000
5123.820801 0.000000 2725.055420 0.000000 0.291540 0.000000 -0.956559 0.000000 0.000000 0.000000
5136.186523 0.000000 2730.401367 0.000000 0.338350 0.000000 0.941020 0.000000 0.000000 0.000000
5142.782715 0.000000 2718.553467 0.000000 0.650293 0.000000 0.759683 0.000000 0.000000 0.000000
5132.721191 0.000000 2749.574951 0.000000 0.877502 0.000000 0.479574 0.000000 0.000000 0.000000
5128.173828 0.000000 2733.516357 0.000000 0.739226 0.000000 -0.673457 0.000000 0.000000 0.000000
5131.442871 0.000000 2729.058594 0.000000 0.620047 0.000000 0.784564 0.000000 0.000000 0.000000
5133.487793 0.000000 2721.266602 0.000000 0.673344 0.000000 -0.739330 0.000000 0.000000 0.000000
5126.070312 0.000000 2718.290039 0.000000 0.719583 0.000000 0.694406 0.000000 0.000000 0.000000
5126.475098 0.000000 2725.840576 0.000000 0.289616 0.000000 -0.957143 0.000000 0.000000 0.000000
5133.704590 0.000000 2724.076660 0.000000 0.753230 0.000000 0.657757 0.000000 0.000000 0.000000
5132.251465 0.000000 2718.086182 0.000000 0.816116 0.000000 0.577888 0.000000 0.000000 0.000000
5130.704590 0.000000 2733.992432 0.000000 0.102619 0.000000 0.994721 1.000000 1.000000 1.000000
5135.854980 0.000000 2717.779785 0.000000 0.982408 0.000000 0.186749 0.000000 0.000000 0.000000
5129.693359 0.000000 2720.312744 0.000000 0.414082 0.000000 -0.910240 0.000000 0.000000 0.000000
5132.062012 0.000000 2732.555420 0.000000 0.875245 0.000000 0.483680 1.000000 1.000000 1.000000
5134.777344 0.000000 2731.502197 0.000000 0.693784 0.000000 -0.720183 0.000000 0.000000 0.000000
5127.699707 0.000000 2727.104980 0.000000 0.886843 0.000000 0.462072 0.000000 0.000000 0.000000
5218.015137 0.000000 2731.745605 0.000000 0.975108 0.000000 -0.221730 0.000000 0.000000 0.000000
5238.173828 0.000000 2717.434326 0.000000 0.946426 0.000000 -0.322922 0.000000 0.000000 0.000000
5200.244141 0.000000 2740.447754 0.000000 0.435150 0.000000 -0.900358 0.000000 0.000000 0.000000
5292.352051 0.000000 2728.510986 0.000000 0.873092 0.000000 0.487556 0.000000 0.000000 0.000000
5291.960938 0.000000 2733.352295 0.000000 0.374811 0.000000 0.927101 0.000000 0.000000 0.000000
5350.581055 0.000000 2746.374512 0.000000 0.882882 0.000000 -0.469596 0.000000 0.000000 0.000000
5306.544434 0.000000 2808.157471 0.000000 0.974273 0.000000 -0.225371 0.000000 0.000000 0.000000
5309.292480 0.000000 2780.293457 0.000000 0.097616 0.000000 0.995224 0.000000 0.000000 0.000000
5373.611816 0.000000 2806.494141 0.000000 0.163759 0.000000 -0.986500 0.000000 0.000000 0.000000
5373.282227 0.000000 2811.689697 0.000000 0.902860 0.000000 -0.429934 0.000000 0.000000 0.000000
5372.454590 0.000000 2808.073486 0.000000 0.988589 0.000000 0.150640 0.000000 0.000000 0.000000
5417.563477 0.000000 2737.740967 0.000000 0.850328 0.000000 -0.526252 0.000000 0.000000 0.000000
5439.487305 0.000000 2741.477783 0.000000 0.066052 0.000000 -0.997816 0.000000 0.000000 0.000000
5422.042969 0.000000 2717.104736 0.000000 0.205141 0.000000 -0.978732 0.000000 0.000000 0.000000
5434.462402 0.000000 2728.320068 0.000000 0.518982 0.000000 -0.854785 0.000000 0.000000 0.000000
5426.798340 0.000000 2747.931152 0.000000 0.987387 0.000000 0.158325 0.000000 0.000000 0.000000
5415.591309 0.000000 2753.085938 0.000000 0.810887 0.000000 0.585202 0.000000 0.000000 0.000000
5403.190918 0.000000 2739.559326 0.000000 0.995490 0.000000 -0.094866 0.000000 0.000000 0.000000
5431.405273 0.000000 2746.103027 0.000000 0.769333 0.000000 -0.638848 0.000000 0.000000 0.000000
5421.465820 0.000000 2755.545898 0.000000 0.710533 0.000000 -0.703664 0.000000 0.000000 0.000000
5415.778320 0.000000 2767.084961 0.000000 0.121053 0.000000 0.992646 0.000000 0.000000 0.000000
5426.394043 0.000000 2763.371826 0.000000 0.180440 0.000000 0.983586 0.000000 0.000000 0.000000
5436.034180 0.000000 2759.073242 0.000000 0.999939 0.000000 0.011024 0.000000 0.000000 0.000000
5416.284180 0.000000 2749.716553 0.000000 0.998981 0.000000 0.045137 0.000000 0.000000 0.000000
5414.819824 0.000000 2763.501709 0.000000 0.204103 0.000000 -0.978949 0.000000 0.000000 0.000000
5419.628906 0.000000 2751.641113 0.000000 0.051074 0.000000 0.998695 1.000000 1.000000 1.000000
5423.350098 0.000000 2765.993164 0.000000 0.989885 0.000000 -0.141872 1.000000 1.000000 1.000000
5438.675293 0.000000 2763.001221 0.000000 0.561026 0.000000 0.827798 0.000000 0.000000 0.000000
5441.451172 0.000000 2723.425537 0.000000 0.366621 0.000000 0.930370 0.000000 0.000000 0.000000
5455.272949 0.000000 2733.168457 0.000000 0.978689 0.000000 0.205346 0.000000 0.000000 0.000000
5452.526855 0.000000 2734.295898 0.000000 0.996284 0.000000 -0.086125 0.000000 0.000000 0.000000
5457.360840 0.000000 2757.410400 0.000000 0.996987 0.000000 -0.077563 0.000000 0.000000 0.000000
5456.939453 0.000000 2727.178711 0.000000 0.697094 0.000000 -0.716980 0.000000 0.000000 0.000000
5501.125000 0.000000 2763.729248 0.000000 0.416926 0.000000 -0.908940 0.000000 0.000000 0.000000
5503.976562 0.000000 2761.865479 0.000000 0.195134 0.000000 0.980777 0.000000 0.000000 0.000000
5503.697754 0.000000 2755.974121 0.000000 0.521926 0.000000 0.852991 0.000000 0.000000 0.000000
5489.129395 0.000000 2761.656006 0.000000 0.366274 0.000000 0.930507 0.000000 0.000000 0.000000
5442.026855 0.000000 2759.876221 0.000000 0.273181 0.000000 -0.961963 0.000000 0.000000 0.000000
5455.590332 0.000000 2763.346436 0.000000 0.960179 0.000000 -0.279385 1.000000 1.000000 1.000000
5503.825195 0.000000 2724.502686 0.000000 0.879938 0.000000 -0.475088 0.000000 0.000000 0.000000
5444.679688 0.000000 2763.864990 0.000000 0.130022 0.000000 0.991511 0.000000 0.000000 0.000000
5441.726074 0.000000 2754.154541 0.000000 0.914818 0.000000 -0.403866 0.000000 0.000000 0.000000
5450.704590 0.000000 2733.992432 0.000000 0.386382 0.000000 0.922339 1.000000 1.000000 1.000000
5423.722656 0.000000 2812.053955 0.000000 0.716900 0.000000 -0.697176 0.000000 0.000000 0.000000
5401.621582 0.000000 2815.609131 0.000000 0.976070 0.000000 -0.217456 0.000000 0.000000 0.000000
5390.873047 0.000000 2775.781494 0.000000 0.999545 0.000000 0.030151 0.000000 0.000000 0.000000
5395.771973 0.000000 2790.359863 0.000000 0.894895 0.000000 -0.446278 0.000000 0.000000 0.000000
5395.991699 0.000000 2800.961914 0.000000 0.897452 0.000000 -0.441112 0.000000 0.000000 0.000000
5393.360840 0.000000 2813.894775 0.000000 0.990494 0.000000 0.137558 0.000000 0.000000 0.000000
5388.083496 0.000000 2813.248291 0.000000 0.943135 0.000000 0.332409 0.000000 0.000000 0.000000
5404.947754 0.000000 2797.806152 0.000000 0.821286 0.000000 -0.570517 0.000000 0.000000 0.000000
5392.186523 0.000000 2786.885742 0.000000 0.202736 0.000000 0.979233 0.000000 0.000000 0.000000
5414.469727 0.000000 2794.328369 0.000000 0.139287 0.000000 0.990252 0.000000 0.000000 0.000000
5399.068359 0.000000 2772.245605 0.000000 0.256463 0.000000 -0.966554 0.000000 0.000000 0.000000
5386.329590 0.000000 2792.438965 0.000000 0.780652 0.000000 0.624966 0.000000 0.000000 0.000000
5379.913086 0.000000 2778.670898 0.000000 0.531088 0.000000 0.847317 0.000000 0.000000 0.000000
5437.638184 0.000000 2787.457520 0.000000 0.782842 0.000000 -0.622221 0.000000 0.000000 0.000000
5384.173828 0.000000 2790.000732 0.000000 0.162174 0.000000 -0.986762 0.000000 0.000000 0.000000
5390.389160 0.000000 2801.119141 0.000000 0.994037 0.000000 0.109039 0.000000 0.000000 0.000000
5396.805176 0.000000 2767.802002 0.000000 0.909418 0.000000 0.415884 0.000000 0.000000 0.000000
5394.128418 0.000000 2788.496094 0.000000 0.527727 0.000000 -0.849414 0.000000 0.000000 0.000000
5399.339844 0.000000 2800.141846 0.000000 0.848656 0.000000 -0.528945 0.000000 0.000000 0.000000
5403.190918 0.000000 2796.043701 0.000000 0.760088 0.000000 0.649821 0.000000 0.000000 0.000000
5399.935547 0.000000 2804.789551 0.000000 0.975418 0.000000 -0.220361 0.000000 0.000000 0.000000
5422.782227 0.000000 2809.798584 0.000000 0.063829 0.000000 -0.997961 0.000000 0.000000 0.000000
5382.070312 0.000000 2774.774414 0.000000 0.470157 0.000000 -0.882583 0.000000 0.000000 0.000000
5425.687988 0.000000 2776.687012 0.000000 0.070742 0.000000 0.997495 0.000000 0.000000 0.000000
5380.756836 0.000000 2786.527588 0.000000 0.708691 0.000000 -0.705519 0.000000 0.000000 0.000000
5382.475098 0.000000 2782.324951 0.000000 0.223847 0.000000 -0.974624 0.000000 0.000000 0.000000
5439.273438 0.000000 2779.125488 0.000000 0.999982 0.000000 0.005944 0.000000 0.000000 0.000000
5382.028809 0.000000 2790.664062 0.000000 0.459796 0.000000 0.888025 0.000000 0.000000 0.000000
5395.576660 0.000000 2803.186035 0.000000 0.157176 0.000000 -0.987571 0.000000 0.000000 0.000000
5393.493164 0.000000 2811.707275 0.000000 0.797762 0.000000 -0.602972 0.000000 0.000000 0.000000
5386.166504 0.000000 2774.248047 0.000000 0.903366 0.000000 0.428870 0.000000 0.000000 0.000000
5418.219238 0.000000 2813.948975 0.000000 0.995463 0.000000 0.095153 0.000000 0.000000 0.000000
5421.465820 0.000000 2812.030273 0.000000 0.070349 0.000000 -0.997522 0.000000 0.000000 0.000000
5416.647949 0.000000 2769.061035 0.000000 0.894005 0.000000 0.448057 0.000000 0.000000 0.000000
5414.792969 0.000000 2770.546387 0.000000 0.945656 0.000000 0.325170 1.000000 1.000000 1.000000
5412.916016 0.000000 2795.796875 0.000000 0.479596 0.000000 -0.877490 0.000000 0.000000 0.000000
5437.252441 0.000000 2778.160645 0.000000 0.719898 0.000000 -0.694080 0.000000 0.000000 0.000000
5418.678223 0.000000 2805.909424 0.000000 0.870476 0.000000 0.492211 1.000000 1.000000 1.000000
5418.281250 0.000000 2809.946045 0.000000 0.948956 0.000000 -0.315407 1.000000 1.000000 1.000000
5421.814941 0.000000 2804.280518 0.000000 0.711527 0.000000 -0.702659 0.000000 0.000000 0.000000
5419.060059 0.000000 2801.867920 0.000000 0.528458 0.000000 0.848960 0.000000 0.000000 0.000000
5435.815430 0.000000 2786.454102 0.000000 0.815723 0.000000 -0.578443 0.000000 0.000000 0.000000
5435.529785 0.000000 2768.381348 0.000000 0.126959 0.000000 0.991908 0.000000 0.000000 0.000000
5419.407227 0.000000 2811.962402 0.000000 0.457705 0.000000 0.889104 1.000000 1.000000 1.000000
5394.979980 0.000000 2807.748291 0.000000 0.196376 0.000000 0.980529 0.000000 0.000000 0.000000
5421.537598 0.000000 2808.124023 0.000000 0.008400 0.000000 0.999965 0.000000 0.000000 0.000000
5410.934570 0.000000 2771.303467 0.000000 0.857678 0.000000 -0.514187 0.000000 0.000000 0.000000
5409.987305 0.000000 2805.348145 0.000000 0.642447 0.000000 -0.766330 0.000000 0.000000 0.000000
5398.604004 0.000000 2806.263916 0.000000 0.652576 0.000000 0.757724 0.000000 0.000000 0.000000
5436.271484 0.000000 2776.247803 0.000000 0.296527 0.000000 0.955024 0.000000 0.000000 0.000000
5416.567383 0.000000 2802.417725 0.000000 0.009922 0.000000 0.999951 0.000000 0.000000 0.000000
5386.618164 0.000000 2781.278809 0.000000 0.999289 0.000000 0.037711 0.000000 0.000000 0.000000
5419.628906 0.000000 2808.125488 0.000000 0.824856 0.000000 -0.565343 1.000000 1.000000 1.000000
5391.325195 0.000000 2802.742920 0.000000 0.976958 0.000000 0.213432 0.000000 0.000000 0.000000
5410.967773 0.000000 2802.477051 0.000000 0.970075 0.000000 -0.242804 0.000000 0.000000 0.000000
5439.825195 0.000000 2780.987061 0.000000 0.529554 0.000000 -0.848276 0.000000 0.000000 0.000000
5415.147461 0.000000 2804.637695 0.000000 0.998178 0.000000 0.060345 0.000000 0.000000 0.000000
5424.943848 0.000000 2779.322754 0.000000 0.888461 0.000000 -0.458951 0.000000 0.000000 0.000000
5386.704590 0.000000 2790.476807 0.000000 0.983291 0.000000 0.182041 0.000000 0.000000 0.000000
5413.372070 0.000000 2771.798828 0.000000 0.997353 0.000000 -0.072705 0.000000 0.000000 0.000000
5388.062012 0.000000 2789.039795 0.000000 0.901219 0.000000 0.433365 0.000000 0.000000 0.000000
5384.404785 0.000000 2788.162354 0.000000 0.261027 0.000000 -0.965331 0.000000 0.000000 0.000000
5390.389648 0.000000 2805.518799 0.000000 0.962625 0.000000 -0.270839 0.000000 0.000000 0.000000
5393.862305 0.000000 2804.061768 0.000000 0.860550 0.000000 0.509366 0.000000 0.000000 0.000000
5412.990723 0.000000 2768.419922 0.000000 0.404272 0.000000 -0.914639 1.000000 1.000000 1.000000
5392.583984 0.000000 2806.090576 0.000000 0.326581 0.000000 -0.945169 1.000000 1.000000 1.000000
5461.705078 0.000000 2794.602051 0.000000 0.987888 0.000000 -0.155172 0.000000 0.000000 0.000000
5462.478027 0.000000 2802.627686 0.000000 0.995299 0.000000 0.096852 0.000000 0.000000 0.000000
5459.991699 0.000000 2800.961914 0.000000 0.787381 0.000000 0.616466 0.000000 0.000000 0.000000
5446.057129 0.000000 2812.672119 0.000000 0.695283 0.000000 -0.718736 0.000000 0.000000 0.000000
5443.820801 0.000000 2781.539795 0.000000 0.435611 0.000000 -0.900135 0.000000 0.000000 0.000000
5457.360840 0.000000 2813.894775 0.000000 0.999867 0.000000 0.016302 0.000000 0.000000 0.000000
5463.191895 0.000000 2813.625000 0.000000 0.828960 0.000000 0.559308 0.000000 0.000000 0.000000
5451.263184 0.000000 2804.296631 0.000000 0.817619 0.000000 -0.575759 0.000000 0.000000 0.000000
5443.099121 0.000000 2794.436035 0.000000 0.135108 0.000000 -0.990831 0.000000 0.000000 0.000000
5462.911621 0.000000 2808.723877 0.000000 0.792972 0.000000 -0.609258 0.000000 0.000000 0.000000
5457.033691 0.000000 2807.695312 0.000000 0.654122 0.000000 0.756389 0.000000 0.000000 0.000000
5440.144043 0.000000 2796.134521 0.000000 0.210376 0.000000 -0.977621 0.000000 0.000000 0.000000
5455.325195 0.000000 2802.742920 0.000000 0.453476 0.000000 0.891269 0.000000 0.000000 0.000000
5451.557617 0.000000 2807.682129 0.000000 0.793026 0.000000 -0.609188 0.000000 0.000000 0.000000
5488.943848 0.000000 2779.322754 0.000000 0.012548 0.000000 0.999921 0.000000 0.000000 0.000000
5453.340332 0.000000 2807.961182 0.000000 0.766055 0.000000 -0.642776 1.000000 1.000000 1.000000
5443.095703 0.000000 2783.184570 0.000000 0.673226 0.000000 -0.739437 0.000000 0.000000 0.000000
5442.681152 0.000000 2789.952881 0.000000 0.709057 0.000000 0.705151 1.000000 1.000000 1.000000
5454.389648 0.000000 2805.518799 0.000000 0.469879 0.000000 -0.882731 1.000000 1.000000 1.000000
5538.900879 0.000000 2711.314697 0.000000 0.676407 0.000000 -0.736528 0.000000 0.000000 0.000000
5542.889160 0.000000 2734.689697 0.000000 0.087136 0.000000 -0.996196 0.000000 0.000000 0.000000
5536.449219 0.000000 2737.245361 0.000000 0.232791 0.000000 -0.972527 0.000000 0.000000 0.000000
5521.722656 0.000000 2763.427246 0.000000 0.974966 0.000000 0.222353 0.000000 0.000000 0.000000
5504.936035 0.000000 2733.859619 0.000000 0.805626 0.000000 -0.592424 0.000000 0.000000 0.000000
5516.721191 0.000000 2749.574951 0.000000 0.491159 0.000000 0.871070 0.000000 0.000000 0.000000
5538.111328 0.000000 2742.865234 0.000000 0.862122 0.000000 -0.506701 0.000000 0.000000 0.000000
5522.498535 0.000000 2715.068115 0.000000 0.999708 0.000000 0.024167 0.000000 0.000000 0.000000
5540.952637 0.000000 2751.726807 0.000000 0.074977 0.000000 0.997185 0.000000 0.000000 0.000000
5542.792969 0.000000 2714.062012 0.000000 0.053129 0.000000 -0.998588 0.000000 0.000000 0.000000
5505.654297 0.000000 2725.608154 0.000000 0.643435 0.000000 -0.765501 0.000000 0.000000 0.000000
5525.101562 0.000000 2757.700928 0.000000 0.983502 0.000000 0.180899 0.000000 0.000000 0.000000
5532.720215 0.000000 2751.759033 0.000000 0.296369 0.000000 -0.955073 0.000000 0.000000 0.000000
5505.726074 0.000000 2754.154541 0.000000 0.944921 0.000000 -0.327299 0.000000 0.000000 0.000000
5544.388184 0.000000 2761.251709 0.000000 0.415610 0.000000 0.909543 0.000000 0.000000 0.000000
5517.340332 0.000000 2751.476807 0.000000 0.989863 0.000000 0.142024 0.000000 0.000000 0.000000
5541.372070 0.000000 2715.314453 0.000000 0.535962 0.000000 -0.844242 0.000000 0.000000 0.000000
5626.544434 0.000000 2751.673096 0.000000 0.345699 0.000000 0.938345 0.000000 0.000000 0.000000
5598.236816 0.000000 2763.779785 0.000000 0.301092 0.000000 -0.953595 0.000000 0.000000 0.000000
5580.083496 0.000000 2756.763916 0.000000 0.773803 0.000000 0.633427 0.000000 0.000000 0.000000
5591.339844 0.000000 2743.657471 0.000000 0.255845 0.000000 0.966718 0.000000 0.000000 0.000000
5600.330078 0.000000 2765.547363 0.000000 0.870494 0.000000 -0.492178 0.000000 0.000000 0.000000
5578.234863 0.000000 2758.695801 0.000000 0.407978 0.000000 0.912992 1.000000 1.000000 1.000000
5581.704590 0.000000 2724.076660 0.000000 0.980507 0.000000 -0.196486 0.000000 0.000000 0.000000
5559.107910 0.000000 2812.935791 0.000000 0.225764 0.000000 0.974182 0.000000 0.000000 0.000000
5566.624512 0.000000 2776.554443 0.000000 0.998364 0.000000 -0.057183 0.000000 0.000000 0.000000
5537.099609 0.000000 2801.684082 0.000000 0.362265 0.000000 0.932075 0.000000 0.000000 0.000000
5562.504395 0.000000 2791.493164 0.000000 0.786557 0.000000 -0.617518 0.000000 0.000000 0.000000
5534.961914 0.000000 2768.695801 0.000000 0.981460 0.000000 -0.191665 0.000000 0.000000 0.000000
5521.436523 0.000000 2791.603516 0.000000 0.988678 0.000000 -0.150052 0.000000 0.000000 0.000000
5527.935547 0.000000 2804.789551 0.000000 0.797730 0.000000 0.603015 0.000000 0.000000 0.000000
5540.952637 0.000000 2808.211182 0.000000 0.738342 0.000000 0.674427 0.000000 0.000000 0.000000
5559.794922 0.000000 2780.740479 0.000000 0.250888 0.000000 0.968016 0.000000 0.000000 0.000000
5557.789062 0.000000 2811.178223 0.000000 0.400573 0.000000 0.916265 0.000000 0.000000 0.000000
5557.007812 0.000000 2808.884766 0.000000 0.910138 0.000000 0.414304 0.000000 0.000000 0.000000
5544.756348 0.000000 2773.200928 0.000000 0.878827 0.000000 -0.477140 0.000000 0.000000 0.000000
5566.854492 0.000000 2794.317871 0.000000 0.613372 0.000000 0.789794 0.000000 0.000000 0.000000
5561.360352 0.000000 2778.990967 0.000000 0.089452 0.000000 0.995991 1.000000 1.000000 1.000000
5558.302246 0.000000 2782.021729 0.000000 0.725756 0.000000 -0.687953 1.000000 1.000000 1.000000
5506.681152 0.000000 2789.952881 0.000000 0.657687 0.000000 -0.753291 1.000000 1.000000 1.000000
5516.062012 0.000000 2789.039795 0.000000 0.007429 0.000000 -0.999972 1.000000 1.000000 1.000000
5549.431152 0.000000 2771.786133 0.000000 0.764194 0.000000 -0.644986 0.000000 0.000000 0.000000
5624.065918 0.000000 2793.096924 0.000000 0.983024 0.000000 -0.183477 0.000000 0.000000 0.000000
5586.127930 0.000000 2781.010498 0.000000 0.846638 0.000000 -0.532169 0.000000 0.000000 0.000000
5631.958008 0.000000 2788.633301 0.000000 0.483371 0.000000 -0.875416 0.000000 0.000000 0.000000
5624.315430 0.000000 2804.743408 0.000000 0.952831 0.000000 -0.303501 0.000000 0.000000 0.000000
5626.504395 0.000000 2791.493164 0.000000 0.894141 0.000000 -0.447786 0.000000 0.000000 0.000000
5591.191895 0.000000 2813.625000 0.000000 0.676298 0.000000 0.736628 0.000000 0.000000 0.000000
5591.068359 0.000000 2772.245605 0.000000 0.606672 0.000000 0.794953 0.000000 0.000000 0.000000
5657.621582 0.000000 2759.124756 0.000000 0.976062 0.000000 0.217492 0.000000 0.000000 0.000000
5653.208496 0.000000 2751.129150 0.000000 0.890260 0.000000 -0.455453 0.000000 0.000000 0.000000
5655.293457 0.000000 2734.814697 0.000000 0.382970 0.000000 -0.923761 0.000000 0.000000 0.000000
5642.072266 0.000000 2767.422119 0.000000 0.160108 0.000000 -0.987099 0.000000 0.000000 0.000000
5646.604980 0.000000 2758.826904 0.000000 0.244484 0.000000 -0.969653 0.000000 0.000000 0.000000
5660.838379 0.000000 2736.317383 0.000000 0.112909 0.000000 0.993605 0.000000 0.000000 0.000000
5657.598145 0.000000 2734.881592 0.000000 0.985671 0.000000 0.168677 0.000000 0.000000 0.000000
5743.537109 0.000000 2738.378418 0.000000 0.474779 0.000000 -0.880105 0.000000 0.000000 0.000000
5732.029297 0.000000 2729.802734 0.000000 0.686651 0.000000 -0.726988 0.000000 0.000000 0.000000
5735.299805 0.000000 2757.629395 0.000000 0.265699 0.000000 0.964056 0.000000 0.000000 0.000000
5742.693848 0.000000 2743.308594 0.000000 0.817415 0.000000 0.576050 0.000000 0.000000 0.000000
5745.687988 0.000000 2720.202637 0.000000 0.580952 0.000000 0.813938 0.000000 0.000000 0.000000
5705.322266 0.000000 2730.217529 0.000000 0.423532 0.000000 -0.905881 0.000000 0.000000 0.000000
5746.317871 0.000000 2715.703125 0.000000 0.358653 0.000000 -0.933471 0.000000 0.000000 0.000000
5732.742188 0.000000 2764.455078 0.000000 0.673636 0.000000 0.739063 0.000000 0.000000 0.000000
5735.104492 0.000000 2723.143555 0.000000 0.403261 0.000000 0.915085 0.000000 0.000000 0.000000
5708.251465 0.000000 2718.086182 0.000000 0.443432 0.000000 -0.896308 0.000000 0.000000 0.000000
5676.083496 0.000000 2787.795410 0.000000 0.333645 0.000000 -0.942699 0.000000 0.000000 0.000000
5635.837402 0.000000 2791.296387 0.000000 0.737025 0.000000 0.675866 0.000000 0.000000 0.000000
5635.510742 0.000000 2814.662354 0.000000 0.080427 0.000000 -0.996761 0.000000 0.000000 0.000000
5644.526855 0.000000 2790.780273 0.000000 0.528815 0.000000 0.848737 0.000000 0.000000 0.000000
5644.083496 0.000000 2813.248291 0.000000 0.844366 0.000000 -0.535767 0.000000 0.000000 0.000000
5648.186523 0.000000 2786.885742 0.000000 0.652352 0.000000 -0.757916 0.000000 0.000000 0.000000
5670.469727 0.000000 2794.328369 0.000000 0.331205 0.000000 -0.943559 0.000000 0.000000 0.000000
5677.942871 0.000000 2789.675293 0.000000 0.995737 0.000000 0.092243 0.000000 0.000000 0.000000
5649.436523 0.000000 2791.603516 0.000000 0.040879 0.000000 0.999164 0.000000 0.000000 0.000000
5695.509766 0.000000 2804.952881 0.000000 0.112199 0.000000 -0.993686 0.000000 0.000000 0.000000
5639.143066 0.000000 2795.118896 0.000000 0.789311 0.000000 -0.613994 0.000000 0.000000 0.000000
5637.141602 0.000000 2793.240723 0.000000 0.968101 0.000000 -0.250559 0.000000 0.000000 0.000000
5634.627930 0.000000 2796.441650 0.000000 0.633697 0.000000 -0.773582 0.000000 0.000000 0.000000
5672.688965 0.000000 2792.134766 0.000000 0.890965 0.000000 0.454071 0.000000 0.000000 0.000000
5635.099121 0.000000 2794.436035 0.000000 0.999996 0.000000 0.002863 0.000000 0.000000 0.000000
5675.311523 0.000000 2792.882080 0.000000 0.967770 0.000000 -0.251838 0.000000 0.000000 0.000000
5689.129395 0.000000 2806.552979 0.000000 0.273984 0.000000 0.961734 0.000000 0.000000 0.000000
5675.960938 0.000000 2789.836670 0.000000 0.979036 0.000000 0.203688 0.000000 0.000000 0.000000
5662.945801 0.000000 2796.198242 0.000000 0.982154 0.000000 0.188081 0.000000 0.000000 0.000000
5646.777344 0.000000 2787.986572 0.000000 0.392124 0.000000 -0.919912 1.000000 1.000000 1.000000
5729.099609 0.000000 2801.684082 0.000000 0.626366 0.000000 -0.779529 0.000000 0.000000 0.000000
5698.822754 0.000000 2801.702393 0.000000 0.866566 0.000000 -0.499062 0.000000 0.000000 0.000000
5755.000977 0.000000 2805.535400 0.000000 0.217021 0.000000 -0.976167 0.000000 0.000000 0.000000
5698.311035 0.000000 2804.345459 0.000000 0.070453 0.000000 0.997515 0.000000 0.000000 0.000000
5751.044922 0.000000 2806.822754 0.000000 0.872068 0.000000 -0.489385 0.000000 0.000000 0.000000
5697.042969 0.000000 2800.235352 0.000000 0.926218 0.000000 -0.376989 0.000000 0.000000 0.000000
5759.374512 0.000000 2807.829834 0.000000 0.262111 0.000000 0.965038 0.000000 0.000000 0.000000
5746.750488 0.000000 2808.287598 0.000000 0.997450 0.000000 0.071369 0.000000 0.000000 0.000000
5729.987305 0.000000 2805.348145 0.000000 0.995036 0.000000 -0.099518 1.000000 1.000000 1.000000
5749.007812 0.000000 2808.884766 0.000000 0.439286 0.000000 0.898347 1.000000 1.000000 1.000000
5729.433594 0.000000 2803.537842 0.000000 0.489096 0.000000 -0.872230 1.000000 1.000000 1.000000
5729.128418 0.000000 2808.497559 0.000000 0.981465 0.000000 -0.191643 0.000000 0.000000 0.000000
5696.525879 0.000000 2805.037354 0.000000 0.923777 0.000000 -0.382931 0.000000 0.000000 0.000000
5761.451172 0.000000 2723.425537 0.000000 0.519807 0.000000 -0.854284 0.000000 0.000000 0.000000
5797.432617 0.000000 2722.277100 0.000000 0.580169 0.000000 -0.814496 0.000000 0.000000 0.000000
5794.900879 0.000000 2711.314697 0.000000 0.415448 0.000000 0.909617 0.000000 0.000000 0.000000
5791.826172 0.000000 2719.372314 0.000000 0.908427 0.000000 -0.418042 0.000000 0.000000 0.000000
5815.531250 0.000000 2721.853760 0.000000 0.506433 0.000000 0.862279 0.000000 0.000000 0.000000
5769.063965 0.000000 2741.711914 0.000000 0.384907 0.000000 -0.922955 0.000000 0.000000 0.000000
5770.072266 0.000000 2767.422119 0.000000 0.323040 0.000000 0.946385 0.000000 0.000000 0.000000
5808.746582 0.000000 2714.487549 0.000000 0.243367 0.000000 -0.969934 0.000000 0.000000 0.000000
5767.437500 0.000000 2766.293701 0.000000 0.964549 0.000000 0.263905 0.000000 0.000000 0.000000
5796.575195 0.000000 2713.638916 0.000000 0.842133 0.000000 -0.539269 0.000000 0.000000 0.000000
5776.186523 0.000000 2730.401367 0.000000 0.171080 0.000000 0.985257 0.000000 0.000000 0.000000
5781.235840 0.000000 2731.111084 0.000000 0.420798 0.000000 0.907154 0.000000 0.000000 0.000000
5768.173828 0.000000 2733.516357 0.000000 0.285210 0.000000 0.958465 0.000000 0.000000 0.000000
5767.143066 0.000000 2738.634521 0.000000 0.752716 0.000000 0.658345 0.000000 0.000000 0.000000
5793.365723 0.000000 2721.424805 0.000000 0.053179 0.000000 0.998585 0.000000 0.000000 0.000000
5798.792969 0.000000 2714.062012 0.000000 0.999278 0.000000 -0.037990 0.000000 0.000000 0.000000
5794.934570 0.000000 2714.819092 0.000000 0.895116 0.000000 -0.445833 1.000000 1.000000 1.000000
5807.882812 0.000000 2716.273682 0.000000 0.004891 0.000000 -0.999988 0.000000 0.000000 0.000000
5789.096680 0.000000 2711.646240 0.000000 0.999974 0.000000 0.007189 0.000000 0.000000 0.000000
5764.483887 0.000000 2740.998779 0.000000 0.333237 0.000000 -0.942843 0.000000 0.000000 0.000000
5770.704590 0.000000 2733.992432 0.000000 0.394112 0.000000 0.919062 0.000000 0.000000 0.000000
5787.120117 0.000000 2713.198730 0.000000 0.334097 0.000000 -0.942539 0.000000 0.000000 0.000000
5772.062012 0.000000 2732.555420 0.000000 0.830259 0.000000 0.557378 1.000000 1.000000 1.000000
5805.431152 0.000000 2715.301758 0.000000 0.987378 0.000000 -0.158383 0.000000 0.000000 0.000000
5795.182129 0.000000 2718.016357 0.000000 0.075600 0.000000 0.997138 1.000000 1.000000 1.000000
5807.105469 0.000000 2714.811279 0.000000 0.620593 0.000000 0.784133 1.000000 1.000000 1.000000
5860.045898 0.000000 2716.524902 0.000000 0.999995 0.000000 0.003320 0.000000 0.000000 0.000000
5862.889160 0.000000 2734.689697 0.000000 0.626014 0.000000 0.779812 0.000000 0.000000 0.000000
5865.967773 0.000000 2741.067871 0.000000 0.678662 0.000000 -0.734451 0.000000 0.000000 0.000000
5832.667480 0.000000 2716.029297 0.000000 0.890084 0.000000 0.455796 0.000000 0.000000 0.000000
5841.664551 0.000000 2717.906006 0.000000 0.292962 0.000000 -0.956124 0.000000 0.000000 0.000000
5862.646484 0.000000 2743.407227 0.000000 0.365104 0.000000 0.930967 0.000000 0.000000 0.000000
5833.795410 0.000000 2711.274414 0.000000 0.987748 0.000000 -0.156059 0.000000 0.000000 0.000000
5842.498535 0.000000 2715.068115 0.000000 0.487185 0.000000 -0.873299 0.000000 0.000000 0.000000
5880.096680 0.000000 2738.894043 0.000000 0.431460 0.000000 -0.902132 0.000000 0.000000 0.000000
5840.098633 0.000000 2721.009521 0.000000 0.227921 0.000000 0.973680 0.000000 0.000000 0.000000
5857.987305 0.000000 2748.863770 0.000000 0.064814 0.000000 -0.997897 0.000000 0.000000 0.000000
5870.245605 0.000000 2731.172607 0.000000 0.503763 0.000000 -0.863842 0.000000 0.000000 0.000000
5846.911621 0.000000 2752.239502 0.000000 0.257752 0.000000 0.966211 0.000000 0.000000 0.000000
5846.604004 0.000000 2749.779541 0.000000 0.570438 0.000000 -0.821340 0.000000 0.000000 0.000000
5864.756348 0.000000 2716.716553 0.000000 0.697708 0.000000 -0.716382 0.000000 0.000000 0.000000
5858.967773 0.000000 2745.992676 0.000000 0.538843 0.000000 0.842406 0.000000 0.000000 0.000000
5827.095703 0.000000 2726.700195 0.000000 0.971989 0.000000 -0.235027 0.000000 0.000000 0.000000
5831.620605 0.000000 2717.479248 0.000000 0.899850 0.000000 0.436199 0.000000 0.000000 0.000000
5840.790527 0.000000 2719.405273 0.000000 0.664627 0.000000 -0.747175 0.000000 0.000000 0.000000
5767.671387 0.000000 2792.590820 0.000000 0.989761 0.000000 0.142731 0.000000 0.000000 0.000000
5823.487305 0.000000 2797.962158 0.000000 0.475727 0.000000 -0.879593 0.000000 0.000000 0.000000
5768.667480 0.000000 2772.513672 0.000000 0.929322 0.000000 0.369271 0.000000 0.000000 0.000000
5769.084961 0.000000 2778.552246 0.000000 0.446646 0.000000 0.894711 0.000000 0.000000 0.000000
5774.401855 0.000000 2809.430176 0.000000 0.588408 0.000000 -0.808564 0.000000 0.000000 0.000000
5815.794922 0.000000 2780.740479 0.000000 0.999693 0.000000 0.024763 0.000000 0.000000 0.000000
5798.962402 0.000000 2811.914307 0.000000 0.975161 0.000000 0.221496 0.000000 0.000000 0.000000
5813.177734 0.000000 2778.254883 0.000000 0.897516 0.000000 0.440982 0.000000 0.000000 0.000000
5769.693359 0.000000 2776.797119 0.000000 0.177822 0.000000 0.984063 0.000000 0.000000 0.000000
5768.309570 0.000000 2796.527588 0.000000 0.838797 0.000000 0.544445 1.000000 1.000000 1.000000
5796.830078 0.000000 2802.662109 0.000000 0.928536 0.000000 0.371242 0.000000 0.000000 0.000000
5882.544434 0.000000 2808.157471 0.000000 0.407264 0.000000 0.913311 0.000000 0.000000 0.000000
5864.832520 0.000000 2771.235596 0.000000 0.971439 0.000000 0.237290 0.000000 0.000000 0.000000
5885.212891 0.000000 2793.126221 0.000000 0.617249 0.000000 0.786768 0.000000 0.000000 0.000000
5848.795410 0.000000 2795.646484 0.000000 0.968836 0.000000 0.247705 0.000000 0.000000 0.000000
5854.952637 0.000000 2787.246582 0.000000 0.163257 0.000000 0.986584 0.000000 0.000000 0.000000
5838.686523 0.000000 2782.325928 0.000000 0.644220 0.000000 0.764840 0.000000 0.000000 0.000000
5851.190918 0.000000 2796.043701 0.000000 0.954095 0.000000 -0.299505 0.000000 0.000000 0.000000
5847.935547 0.000000 2804.789551 0.000000 0.247570 0.000000 -0.968870 0.000000 0.000000 0.000000
5865.650879 0.000000 2777.020996 0.000000 0.954903 0.000000 0.296919 0.000000 0.000000 0.000000
5835.263184 0.000000 2804.296631 0.000000 0.143963 0.000000 0.989583 0.000000 0.000000 0.000000
5836.080078 0.000000 2799.023193 0.000000 0.541219 0.000000 0.840882 0.000000 0.000000 0.000000
5839.325195 0.000000 2802.742920 0.000000 0.806869 0.000000 -0.590730 0.000000 0.000000 0.000000
5845.008301 0.000000 2796.839355 0.000000 0.659196 0.000000 0.751971 0.000000 0.000000 0.000000
5867.071777 0.000000 2778.312988 0.000000 0.476417 0.000000 0.879219 0.000000 0.000000 0.000000
5851.849121 0.000000 2794.340088 0.000000 0.306283 0.000000 0.951940 0.000000 0.000000 0.000000
5836.773926 0.000000 2801.918457 0.000000 0.423002 0.000000 -0.906129 0.000000 0.000000 0.000000
5842.362793 0.000000 2800.370850 0.000000 0.829589 0.000000 -0.558375 0.000000 0.000000 0.000000
5937.272949 0.000000 2744.875000 0.000000 0.240082 0.000000 0.970753 0.000000 0.000000 0.000000
5942.816895 0.000000 2712.500732 0.000000 0.930681 0.000000 0.365831 0.000000 0.000000 0.000000
5940.014648 0.000000 2720.093262 0.000000 0.549532 0.000000 0.835473 0.000000 0.000000 0.000000
5900.526855 0.000000 2734.295898 0.000000 0.872005 0.000000 -0.489498 0.000000 0.000000 0.000000
5900.112305 0.000000 2726.156738 0.000000 0.565942 0.000000 0.824445 0.000000 0.000000 0.000000
5904.186523 0.000000 2730.401367 0.000000 0.999854 0.000000 0.017099 0.000000 0.000000 0.000000
5921.491699 0.000000 2717.145264 0.000000 0.148657 0.000000 0.988889 0.000000 0.000000 0.000000
5912.077637 0.000000 2720.646484 0.000000 0.155689 0.000000 -0.987806 0.000000 0.000000 0.000000
5942.385254 0.000000 2715.158936 0.000000 0.780474 0.000000 0.625188 0.000000 0.000000 0.000000
5894.028809 0.000000 2734.179688 0.000000 0.997143 0.000000 -0.075538 0.000000 0.000000 0.000000
5904.098633 0.000000 2721.009521 0.000000 0.904328 0.000000 0.426838 0.000000 0.000000 0.000000
5905.219727 0.000000 2722.708740 0.000000 0.802091 0.000000 -0.597202 0.000000 0.000000 0.000000
5907.236816 0.000000 2722.572998 0.000000 0.951162 0.000000 -0.308691 1.000000 1.000000 1.000000
5917.096680 0.000000 2711.646240 0.000000 0.302139 0.000000 -0.953264 1.000000 1.000000 1.000000
5918.725586 0.000000 2714.842529 0.000000 0.986404 0.000000 -0.164338 0.000000 0.000000 0.000000
5904.278320 0.000000 2724.805664 0.000000 0.313823 0.000000 -0.949482 0.000000 0.000000 0.000000
5913.304688 0.000000 2712.243652 0.000000 0.626648 0.000000 0.779303 0.000000 0.000000 0.000000
5915.120117 0.000000 2713.198730 0.000000 0.274279 0.000000 -0.961650 1.000000 1.000000 1.000000
5902.777344 0.000000 2731.502197 0.000000 0.999192 0.000000 0.040194 0.000000 0.000000 0.000000
5914.957520 0.000000 2717.876709 0.000000 0.882864 0.000000 -0.469629 0.000000 0.000000 0.000000
5912.779785 0.000000 2715.786621 0.000000 0.898262 0.000000 0.439461 1.000000 1.000000 1.000000
5907.935547 0.000000 2721.008545 0.000000 0.909004 0.000000 0.416788 0.000000 0.000000 0.000000
5973.705078 0.000000 2738.117676 0.000000 0.231186 0.000000 0.972910 0.000000 0.000000 0.000000
5978.364746 0.000000 2736.811279 0.000000 0.615543 0.000000 0.788104 0.000000 0.000000 0.000000
5969.260254 0.000000 2737.707031 0.000000 0.625482 0.000000 -0.780239 0.000000 0.000000 0.000000
5960.908691 0.000000 2757.149902 0.000000 0.997989 0.000000 -0.063392 0.000000 0.000000 0.000000
5988.620605 0.000000 2757.958496 0.000000 0.706407 0.000000 0.707806 0.000000 0.000000 0.000000
5971.991699 0.000000 2744.477539 0.000000 0.722206 0.000000 0.691678 0.000000 0.000000 0.000000
5973.934570 0.000000 2766.062012 0.000000 0.179260 0.000000 0.983802 0.000000 0.000000 0.000000
5975.068359 0.000000 2715.761230 0.000000 0.664338 0.000000 0.747433 0.000000 0.000000 0.000000
5968.716797 0.000000 2743.347900 0.000000 0.786683 0.000000 -0.617358 0.000000 0.000000 0.000000
5987.689941 0.000000 2762.851562 0.000000 0.534597 0.000000 0.845107 0.000000 0.000000 0.000000
6014.390625 0.000000 2767.010498 0.000000 0.776318 0.000000 0.630341 0.000000 0.000000 0.000000
5983.328613 0.000000 2761.571777 0.000000 0.287504 0.000000 0.957780 0.000000 0.000000 0.000000
5984.330078 0.000000 2765.547363 0.000000 0.397318 0.000000 -0.917681 0.000000 0.000000 0.000000
5975.348633 0.000000 2764.248535 0.000000 0.859318 0.000000 0.511441 0.000000 0.000000 0.000000
5977.618652 0.000000 2762.927246 0.000000 0.092213 0.000000 -0.995739 0.000000 0.000000 0.000000
5980.979980 0.000000 2726.529053 0.000000 0.997705 0.000000 -0.067713 1.000000 1.000000 1.000000
5960.722168 0.000000 2743.769043 0.000000 0.535196 0.000000 -0.844728 0.000000 0.000000 0.000000
5971.236816 0.000000 2722.572998 0.000000 0.570302 0.000000 0.821435 0.000000 0.000000 0.000000
5972.141113 0.000000 2765.181885 0.000000 0.993528 0.000000 0.113588 0.000000 0.000000 0.000000
5982.288086 0.000000 2765.712402 0.000000 0.526028 0.000000 0.850467 0.000000 0.000000 0.000000
5981.418457 0.000000 2761.247559 0.000000 0.397807 0.000000 -0.917469 0.000000 0.000000 0.000000
5962.416504 0.000000 2742.934082 0.000000 0.144637 0.000000 0.989485 1.000000 1.000000 1.000000
5949.292480 0.000000 2780.293457 0.000000 0.621495 0.000000 -0.783418 0.000000 0.000000 0.000000
5923.765137 0.000000 2793.581543 0.000000 0.473092 0.000000 0.881013 0.000000 0.000000 0.000000
5900.552734 0.000000 2793.928467 0.000000 0.831547 0.000000 0.555455 0.000000 0.000000 0.000000
5948.832520 0.000000 2800.056152 0.000000 0.297036 0.000000 -0.954866 0.000000 0.000000 0.000000
5929.676758 0.000000 2785.801270 0.000000 0.922984 0.000000 0.384838 0.000000 0.000000 0.000000
5938.798340 0.000000 2804.415527 0.000000 0.908836 0.000000 0.417155 0.000000 0.000000 0.000000
5924.759766 0.000000 2789.110596 0.000000 0.740384 0.000000 0.672185 0.000000 0.000000 0.000000
5904.244141 0.000000 2796.932129 0.000000 0.950018 0.000000 0.312195 0.000000 0.000000 0.000000
5921.910645 0.000000 2810.057129 0.000000 0.074613 0.000000 0.997213 0.000000 0.000000 0.000000
5941.633789 0.000000 2804.791504 0.000000 0.492815 0.000000 0.870134 0.000000 0.000000 0.000000
5934.782227 0.000000 2809.798584 0.000000 0.336788 0.000000 -0.941581 0.000000 0.000000 0.000000
5917.291016 0.000000 2810.076904 0.000000 0.161240 0.000000 0.986915 0.000000 0.000000 0.000000
5890.627930 0.000000 2796.441650 0.000000 0.835693 0.000000 0.549197 0.000000 0.000000 0.000000
5919.373535 0.000000 2811.167480 0.000000 0.228885 0.000000 -0.973453 0.000000 0.000000 0.000000
5907.576660 0.000000 2803.186035 0.000000 0.826526 0.000000 0.562899 0.000000 0.000000 0.000000
5889.042969 0.000000 2800.235352 0.000000 0.273498 0.000000 0.961873 0.000000 0.000000 0.000000
5935.085449 0.000000 2806.562500 0.000000 0.953107 0.000000 0.302633 0.000000 0.000000 0.000000
5951.374512 0.000000 2807.829834 0.000000 0.745328 0.000000 -0.666698 0.000000 0.000000 0.000000
5891.385254 0.000000 2806.168945 0.000000 0.631222 0.000000 -0.775602 0.000000 0.000000 0.000000
5897.808105 0.000000 2808.901611 0.000000 0.966026 0.000000 -0.258444 0.000000 0.000000 0.000000
5938.750488 0.000000 2808.287598 0.000000 0.999630 0.000000 0.027186 0.000000 0.000000 0.000000
5921.987305 0.000000 2805.348145 0.000000 0.199533 0.000000 0.979891 0.000000 0.000000 0.000000
5934.245605 0.000000 2787.656982 0.000000 0.267143 0.000000 -0.963657 0.000000 0.000000 0.000000
5910.911621 0.000000 2808.723877 0.000000 0.869105 0.000000 0.494628 0.000000 0.000000 0.000000
5939.318359 0.000000 2801.375732 0.000000 0.961151 0.000000 -0.276024 0.000000 0.000000 0.000000
5948.771484 0.000000 2804.818604 0.000000 0.797912 0.000000 -0.602774 0.000000 0.000000 0.000000
5948.180664 0.000000 2801.836914 0.000000 0.848874 0.000000 -0.528596 0.000000 0.000000 0.000000
5944.654297 0.000000 2784.947266 0.000000 0.967366 0.000000 -0.253385 0.000000 0.000000 0.000000
5999.722656 0.000000 2812.053955 0.000000 0.987268 0.000000 0.159067 0.000000 0.000000 0.000000
6015.487305 0.000000 2797.962158 0.000000 0.560935 0.000000 0.827860 0.000000 0.000000 0.000000
5975.293457 0.000000 2791.299072 0.000000 0.917722 0.000000 0.397224 0.000000 0.000000 0.000000
5969.664551 0.000000 2774.390381 0.000000 0.554395 0.000000 -0.832254 0.000000 0.000000 0.000000
5982.608887 0.000000 2773.273926 0.000000 0.387495 0.000000 -0.921872 0.000000 0.000000 0.000000
5979.635742 0.000000 2790.784668 0.000000 0.317423 0.000000 0.948284 0.000000 0.000000 0.000000
6005.566895 0.000000 2780.196533 0.000000 0.997726 0.000000 -0.067400 0.000000 0.000000 0.000000
5985.412109 0.000000 2782.691406 0.000000 0.942004 0.000000 0.335602 0.000000 0.000000 0.000000
6008.346680 0.000000 2789.935303 0.000000 0.141420 0.000000 0.989950 0.000000 0.000000 0.000000
5970.498535 0.000000 2771.552490 0.000000 0.039726 0.000000 0.999211 0.000000 0.000000 0.000000
5972.805176 0.000000 2767.802002 0.000000 0.399399 0.000000 0.916777 0.000000 0.000000 0.000000
5971.894531 0.000000 2775.506104 0.000000 0.081049 0.000000 -0.996710 0.000000 0.000000 0.000000
5976.077637 0.000000 2777.130859 0.000000 0.903913 0.000000 -0.427716 0.000000 0.000000 0.000000
5998.782227 0.000000 2809.798584 0.000000 0.826170 0.000000 -0.563421 1.000000 1.000000 1.000000
5965.487793 0.000000 2777.750977 0.000000 0.680426 0.000000 0.732817 0.000000 0.000000 0.000000
5966.033691 0.000000 2773.625244 0.000000 0.973786 0.000000 0.227468 0.000000 0.000000 0.000000
5983.330566 0.000000 2800.155518 0.000000 0.319377 0.000000 -0.947628 0.000000 0.000000 0.000000
6007.405273 0.000000 2802.587402 0.000000 0.316256 0.000000 -0.948674 0.000000 0.000000 0.000000
6001.314941 0.000000 2810.432617 0.000000 0.978559 0.000000 -0.205966 0.000000 0.000000 0.000000
6010.561523 0.000000 2799.493652 0.000000 0.944441 0.000000 -0.328680 0.000000 0.000000 0.000000
5983.005371 0.000000 2802.639160 0.000000 0.917220 0.000000 0.398382 0.000000 0.000000 0.000000
5999.085449 0.000000 2806.562500 0.000000 0.285595 0.000000 -0.958350 1.000000 1.000000 1.000000
6001.424316 0.000000 2806.150879 0.000000 0.998321 0.000000 0.057922 1.000000 1.000000 1.000000
5994.678223 0.000000 2805.909424 0.000000 0.543114 0.000000 -0.839659 1.000000 1.000000 1.000000
5997.814941 0.000000 2804.280518 0.000000 0.646435 0.000000 -0.762969 1.000000 1.000000 1.000000
5999.436035 0.000000 2802.455811 0.000000 0.983705 0.000000 0.179788 0.000000 0.000000 0.000000
5997.537598 0.000000 2808.124023 0.000000 0.648744 0.000000 0.761006 1.000000 1.000000 1.000000
5952.597656 0.000000 2788.201660 0.000000 0.880285 0.000000 0.474445 0.000000 0.000000 0.000000
5992.567383 0.000000 2802.417725 0.000000 0.936514 0.000000 0.350629 1.000000 1.000000 1.000000
6004.393066 0.000000 2790.127930 0.000000 0.684271 0.000000 0.729228 0.000000 0.000000 0.000000
5995.628906 0.000000 2808.125488 0.000000 0.799910 0.000000 -0.600120 1.000000 1.000000 1.000000
6003.561035 0.000000 2793.996338 0.000000 0.667794 0.000000 0.744346 0.000000 0.000000 0.000000
5979.120117 0.000000 2769.683105 0.000000 0.147554 0.000000 0.989054 0.000000 0.000000 0.000000
5985.433594 0.000000 2803.537842 0.000000 0.718977 0.000000 -0.695034 1.000000 1.000000 1.000000
5988.830078 0.000000 2802.662109 0.000000 0.746190 0.000000 0.665733 1.000000 1.000000 1.000000
6034.127930 0.000000 2724.526123 0.000000 0.965275 0.000000 -0.261237 0.000000 0.000000 0.000000
6053.432617 0.000000 2722.277100 0.000000 0.348104 0.000000 0.937456 0.000000 0.000000 0.000000
6048.426758 0.000000 2723.687744 0.000000 0.673024 0.000000 0.739621 0.000000 0.000000 0.000000
6053.098633 0.000000 2754.121094 0.000000 0.967876 0.000000 -0.251427 0.000000 0.000000 0.000000
6047.334473 0.000000 2752.235352 0.000000 0.874296 0.000000 0.485393 0.000000 0.000000 0.000000
6072.315430 0.000000 2748.259033 0.000000 0.724784 0.000000 -0.688976 0.000000 0.000000 0.000000
6016.156738 0.000000 2766.150146 0.000000 0.248323 0.000000 -0.968677 0.000000 0.000000 0.000000
6063.663086 0.000000 2721.261963 0.000000 0.356147 0.000000 0.934430 0.000000 0.000000 0.000000
6035.991699 0.000000 2744.477539 0.000000 0.957075 0.000000 -0.289841 0.000000 0.000000 0.000000
6023.437500 0.000000 2766.293701 0.000000 0.879370 0.000000 0.476139 0.000000 0.000000 0.000000
6051.200195 0.000000 2724.046875 0.000000 0.592779 0.000000 -0.805365 0.000000 0.000000 0.000000
6072.473633 0.000000 2719.380859 0.000000 0.132556 0.000000 0.991176 0.000000 0.000000 0.000000
6049.412109 0.000000 2726.207031 0.000000 0.820040 0.000000 0.572306 0.000000 0.000000 0.000000
6051.522949 0.000000 2755.895996 0.000000 0.976290 0.000000 -0.216466 0.000000 0.000000 0.000000
6065.424316 0.000000 2749.666504 0.000000 0.696967 0.000000 0.717103 0.000000 0.000000 0.000000
6056.647949 0.000000 2712.576660 0.000000 0.693084 0.000000 -0.720856 0.000000 0.000000 0.000000
6054.792969 0.000000 2714.062012 0.000000 0.707803 0.000000 0.706410 0.000000 0.000000 0.000000
6061.585449 0.000000 2721.683105 0.000000 0.998643 0.000000 -0.052083 0.000000 0.000000 0.000000
6075.529785 0.000000 2711.896973 0.000000 0.310047 0.000000 -0.950721 0.000000 0.000000 0.000000
6035.236816 0.000000 2722.572998 0.000000 0.157295 0.000000 0.987552 0.000000 0.000000 0.000000
6020.035156 0.000000 2717.469727 0.000000 0.851507 0.000000 -0.524344 0.000000 0.000000 0.000000
6056.756348 0.000000 2716.716553 0.000000 0.527531 0.000000 -0.849536 0.000000 0.000000 0.000000
6022.912598 0.000000 2711.251709 0.000000 0.581334 0.000000 0.813665 0.000000 0.000000 0.000000
6061.587891 0.000000 2719.022217 0.000000 0.207568 0.000000 0.978221 0.000000 0.000000 0.000000
6022.936035 0.000000 2714.825928 0.000000 0.918810 0.000000 0.394700 1.000000 1.000000 1.000000
6059.071777 0.000000 2721.828613 0.000000 0.717359 0.000000 -0.696704 0.000000 0.000000 0.000000
6075.502441 0.000000 2723.247314 0.000000 0.746871 0.000000 0.664969 0.000000 0.000000 0.000000
6057.262207 0.000000 2724.587646 0.000000 0.974315 0.000000 0.225191 0.000000 0.000000 0.000000
6074.270996 0.000000 2719.583740 0.000000 0.327634 0.000000 0.944805 0.000000 0.000000 0.000000
6023.620605 0.000000 2717.479248 0.000000 0.081374 0.000000 0.996684 1.000000 1.000000 1.000000
6022.054199 0.000000 2712.848633 0.000000 0.397534 0.000000 0.917587 0.000000 0.000000 0.000000
6052.990723 0.000000 2711.935547 0.000000 0.621710 0.000000 0.783248 0.000000 0.000000 0.000000
6030.749512 0.000000 2711.281006 0.000000 0.954778 0.000000 0.297319 1.000000 1.000000 1.000000
6138.544434 0.000000 2751.673096 0.000000 0.858120 0.000000 0.513449 0.000000 0.000000 0.000000
6111.758301 0.000000 2741.409668 0.000000 0.858278 0.000000 0.513184 0.000000 0.000000 0.000000
6135.107910 0.000000 2756.451416 0.000000 0.028836 0.000000 0.999584 0.000000 0.000000 0.000000
6135.531250 0.000000 2721.853760 0.000000 0.921299 0.000000 0.388855 0.000000 0.000000 0.000000
6089.063965 0.000000 2741.711914 0.000000 0.948127 0.000000 -0.317892 0.000000 0.000000 0.000000
6120.763184 0.000000 2726.372070 0.000000 0.437317 0.000000 -0.899307 0.000000 0.000000 0.000000
6134.864258 0.000000 2766.248535 0.000000 0.566031 0.000000 0.824384 0.000000 0.000000 0.000000
6142.270020 0.000000 2715.681396 0.000000 0.896120 0.000000 0.443812 0.000000 0.000000 0.000000
6127.868652 0.000000 2759.660889 0.000000 0.969369 0.000000 0.245609 0.000000 0.000000 0.000000
6131.863281 0.000000 2735.622803 0.000000 0.805911 0.000000 0.592037 0.000000 0.000000 0.000000
6082.356934 0.000000 2716.148193 0.000000 0.447057 0.000000 -0.894506 0.000000 0.000000 0.000000
6135.819336 0.000000 2730.080811 0.000000 0.214466 0.000000 -0.976731 0.000000 0.000000 0.000000
6124.194824 0.000000 2723.327393 0.000000 0.919090 0.000000 -0.394047 0.000000 0.000000 0.000000
6131.016113 0.000000 2732.101074 0.000000 0.977251 0.000000 0.212085 0.000000 0.000000 0.000000
6113.448730 0.000000 2734.546875 0.000000 0.998106 0.000000 0.061519 0.000000 0.000000 0.000000
6110.961914 0.000000 2712.211426 0.000000 0.793675 0.000000 -0.608342 0.000000 0.000000 0.000000
6090.564941 0.000000 2713.798828 0.000000 0.854603 0.000000 0.519282 0.000000 0.000000 0.000000
6136.473633 0.000000 2719.380859 0.000000 0.380770 0.000000 -0.924670 0.000000 0.000000 0.000000
6089.795410 0.000000 2711.274414 0.000000 0.320589 0.000000 -0.947218 0.000000 0.000000 0.000000
6086.363770 0.000000 2720.762695 0.000000 0.944856 0.000000 0.327487 0.000000 0.000000 0.000000
6093.612305 0.000000 2714.378662 0.000000 0.481087 0.000000 -0.876673 0.000000 0.000000 0.000000
6129.129395 0.000000 2761.656006 0.000000 0.012163 0.000000 0.999926 0.000000 0.000000 0.000000
6139.815430 0.000000 2729.969727 0.000000 0.250113 0.000000 0.968217 0.000000 0.000000 0.000000
6125.585449 0.000000 2721.683105 0.000000 0.974192 0.000000 0.225720 0.000000 0.000000 0.000000
6139.529785 0.000000 2711.896973 0.000000 0.994651 0.000000 -0.103297 0.000000 0.000000 0.000000
6120.688965 0.000000 2735.650391 0.000000 0.927056 0.000000 0.374922 0.000000 0.000000 0.000000
6088.722168 0.000000 2743.769043 0.000000 0.385163 0.000000 0.922849 0.000000 0.000000 0.000000
6130.750488 0.000000 2751.803223 0.000000 0.357637 0.000000 -0.933861 0.000000 0.000000 0.000000
6127.882812 0.000000 2716.273682 0.000000 0.455381 0.000000 -0.890297 0.000000 0.000000 0.000000
6130.216309 0.000000 2755.794922 0.000000 0.278253 0.000000 -0.960508 0.000000 0.000000 0.000000
6133.101074 0.000000 2756.575439 0.000000 0.244481 0.000000 0.969654 0.000000 0.000000 0.000000
6123.311523 0.000000 2736.397705 0.000000 0.661940 0.000000 -0.749557 0.000000 0.000000 0.000000
6133.007812 0.000000 2752.400391 0.000000 0.757196 0.000000 0.653187 0.000000 0.000000 0.000000
6084.035156 0.000000 2717.469727 0.000000 0.076411 0.000000 0.997076 0.000000 0.000000 0.000000
6086.912598 0.000000 2711.251709 0.000000 0.403710 0.000000 -0.914887 0.000000 0.000000 0.000000
6125.587891 0.000000 2719.022217 0.000000 0.044505 0.000000 0.999009 0.000000 0.000000 0.000000
6109.096680 0.000000 2711.646240 0.000000 0.999801 0.000000 -0.019930 0.000000 0.000000 0.000000
6086.936035 0.000000 2714.825928 0.000000 0.890369 0.000000 -0.455241 1.000000 1.000000 1.000000
6080.144043 0.000000 2739.650146 0.000000 0.963153 0.000000 -0.268953 0.000000 0.000000 0.000000
6095.325195 0.000000 2746.258545 0.000000 0.448623 0.000000 0.893721 0.000000 0.000000 0.000000
6143.825195 0.000000 2724.502686 0.000000 0.975646 0.000000 -0.219350 0.000000 0.000000 0.000000
6119.104492 0.000000 2723.143555 0.000000 0.211852 0.000000 -0.977302 1.000000 1.000000 1.000000
6092.251465 0.000000 2718.086182 0.000000 0.329517 0.000000 -0.944150 0.000000 0.000000 0.000000
6110.945801 0.000000 2739.713867 0.000000 0.331692 0.000000 -0.943388 0.000000 0.000000 0.000000
6123.071777 0.000000 2721.828613 0.000000 0.582088 0.000000 0.813126 0.000000 0.000000 0.000000
6110.609375 0.000000 2736.912598 0.000000 0.073413 0.000000 -0.997302 0.000000 0.000000 0.000000
6132.072754 0.000000 2759.753174 0.000000 0.962055 0.000000 -0.272856 0.000000 0.000000 0.000000
6133.097168 0.000000 2713.035400 0.000000 0.821091 0.000000 -0.570798 0.000000 0.000000 0.000000
6090.780273 0.000000 2746.033936 0.000000 0.996469 0.000000 -0.083958 1.000000 1.000000 1.000000
6116.560547 0.000000 2725.305664 0.000000 0.999707 0.000000 0.024186 0.000000 0.000000 0.000000
6087.620605 0.000000 2717.479248 0.000000 0.393464 0.000000 -0.919340 1.000000 1.000000 1.000000
6086.054199 0.000000 2712.848633 0.000000 0.953937 0.000000 -0.300007 0.000000 0.000000 0.000000
6125.839355 0.000000 2737.935791 0.000000 0.623441 0.000000 0.781871 0.000000 0.000000 0.000000
6088.280273 0.000000 2745.480957 0.000000 0.827678 0.000000 -0.561203 0.000000 0.000000 0.000000
6114.375977 0.000000 2727.692627 0.000000 0.337527 0.000000 0.941316 1.000000 1.000000 1.000000
6018.356934 0.000000 2772.632568 0.000000 0.724001 0.000000 -0.689799 0.000000 0.000000 0.000000
6016.042480 0.000000 2767.741699 0.000000 0.894823 0.000000 -0.446422 0.000000 0.000000 0.000000
6033.219727 0.000000 2779.193115 0.000000 0.643569 0.000000 -0.765388 0.000000 0.000000 0.000000
6024.722168 0.000000 2800.253418 0.000000 0.302563 0.000000 -0.953130 1.000000 1.000000 1.000000
6035.236816 0.000000 2779.057373 0.000000 0.857796 0.000000 0.513991 0.000000 0.000000 0.000000
6037.008301 0.000000 2796.839355 0.000000 0.478888 0.000000 0.877876 0.000000 0.000000 0.000000
6024.280273 0.000000 2801.965332 0.000000 0.360125 0.000000 -0.932904 1.000000 1.000000 1.000000
6019.050781 0.000000 2771.128662 0.000000 0.765891 0.000000 0.642970 1.000000 1.000000 1.000000
6129.272949 0.000000 2801.359375 0.000000 0.687832 0.000000 -0.725870 0.000000 0.000000 0.000000
6129.519043 0.000000 2774.063965 0.000000 0.650168 0.000000 0.759791 0.000000 0.000000 0.000000
6121.385742 0.000000 2800.652588 0.000000 0.452903 0.000000 -0.891560 0.000000 0.000000 0.000000
6130.789551 0.000000 2779.821777 0.000000 0.683213 0.000000 -0.730219 0.000000 0.000000 0.000000
6125.434082 0.000000 2797.463623 0.000000 0.599513 0.000000 -0.800365 0.000000 0.000000 0.000000
6124.083496 0.000000 2787.795410 0.000000 0.922210 0.000000 0.386690 0.000000 0.000000 0.000000
6130.318359 0.000000 2767.940186 0.000000 0.445973 0.000000 0.895046 0.000000 0.000000 0.000000
6142.624512 0.000000 2776.554443 0.000000 0.521730 0.000000 -0.853110 0.000000 0.000000 0.000000
6138.385254 0.000000 2770.326416 0.000000 0.183195 0.000000 0.983077 0.000000 0.000000 0.000000
6127.537109 0.000000 2794.862793 0.000000 0.705783 0.000000 -0.708428 0.000000 0.000000 0.000000
6141.032715 0.000000 2789.922363 0.000000 0.385385 0.000000 -0.922756 0.000000 0.000000 0.000000
6137.460938 0.000000 2767.837646 0.000000 0.170056 0.000000 -0.985434 0.000000 0.000000 0.000000
6125.942871 0.000000 2789.675293 0.000000 0.430212 0.000000 0.902728 0.000000 0.000000 0.000000
6114.111328 0.000000 2799.349609 0.000000 0.899870 0.000000 -0.436159 0.000000 0.000000 0.000000
6126.693848 0.000000 2799.792969 0.000000 0.246801 0.000000 0.969066 0.000000 0.000000 0.000000
6120.199219 0.000000 2798.580322 0.000000 0.859390 0.000000 -0.511320 0.000000 0.000000 0.000000
6127.250488 0.000000 2796.715332 0.000000 0.935213 0.000000 -0.354086 0.000000 0.000000 0.000000
6130.395020 0.000000 2797.750977 0.000000 0.601396 0.000000 0.798951 0.000000 0.000000 0.000000
6120.256348 0.000000 2784.582031 0.000000 0.490117 0.000000 -0.871657 0.000000 0.000000 0.000000
6128.891113 0.000000 2796.108398 0.000000 0.983722 0.000000 0.179695 0.000000 0.000000 0.000000
6205.658691 0.000000 2012.268921 0.000000 0.312065 0.000000 -0.950061 0.000000 0.000000 0.000000
6202.631836 0.000000 2012.089600 0.000000 0.911424 0.000000 -0.411469 0.000000 0.000000 0.000000
6203.000977 0.000000 2014.754150 0.000000 0.593336 0.000000 0.804955 0.000000 0.000000 0.000000
6201.007324 0.000000 2022.613647 0.000000 0.744859 0.000000 0.667222 0.000000 0.000000 0.000000
6212.032715 0.000000 2008.564697 0.000000 0.701173 0.000000 -0.712991 0.000000 0.000000 0.000000
6216.908691 0.000000 2022.853149 0.000000 0.464248 0.000000 0.885705 0.000000 0.000000 0.000000
6214.507812 0.000000 2029.044312 0.000000 0.061923 0.000000 -0.998081 0.000000 0.000000 0.000000
6211.510742 0.000000 2023.881104 0.000000 0.999999 0.000000 0.001399 0.000000 0.000000 0.000000
6215.213379 0.000000 2015.153198 0.000000 0.971804 0.000000 -0.235791 0.000000 0.000000 0.000000
6212.384766 0.000000 2027.725830 0.000000 0.903060 0.000000 -0.429515 0.000000 0.000000 0.000000
6214.953125 0.000000 2012.563354 0.000000 0.519893 0.000000 0.854232 0.000000 0.000000 0.000000
6159.130859 0.000000 2072.809326 0.000000 0.738810 0.000000 0.673914 0.000000 0.000000 0.000000
6174.236816 0.000000 2085.967285 0.000000 0.355271 0.000000 -0.934763 0.000000 0.000000 0.000000
6165.208496 0.000000 2073.316650 0.000000 0.579377 0.000000 0.815059 0.000000 0.000000 0.000000
6195.213867 0.000000 2079.694824 0.000000 0.998747 0.000000 0.050041 0.000000 0.000000 0.000000
6144.009766 0.000000 2075.630127 0.000000 0.639558 0.000000 0.768743 0.000000 0.000000 0.000000
6156.457520 0.000000 2085.213379 0.000000 0.631846 0.000000 0.775094 1.000000 1.000000 1.000000
6185.967773 0.000000 2063.255371 0.000000 0.053020 0.000000 -0.998593 0.000000 0.000000 0.000000
6150.507812 0.000000 2085.528564 0.000000 0.645850 0.000000 0.763465 0.000000 0.000000 0.000000
6153.278320 0.000000 2083.520996 0.000000 0.922263 0.000000 -0.386564 1.000000 1.000000 1.000000
6197.860840 0.000000 2081.503906 0.000000 0.947145 0.000000 0.320805 0.000000 0.000000 0.000000
6202.462402 0.000000 2050.507568 0.000000 0.616165 0.000000 -0.787617 1.000000 1.000000 1.000000
6161.722656 0.000000 2085.614746 0.000000 0.108562 0.000000 0.994090 0.000000 0.000000 0.000000
6199.819336 0.000000 2052.268311 0.000000 0.345180 0.000000 -0.938537 0.000000 0.000000 0.000000
6173.422852 0.000000 2071.989258 0.000000 0.730087 0.000000 -0.683354 0.000000 0.000000 0.000000
6182.581055 0.000000 2068.562012 0.000000 0.429020 0.000000 -0.903295 1.000000 1.000000 1.000000
6150.057129 0.000000 2078.375244 0.000000 0.784976 0.000000 -0.619527 1.000000 1.000000 1.000000
6205.032715 0.000000 2055.625488 0.000000 0.264755 0.000000 0.964316 0.000000 0.000000 0.000000
6165.934570 0.000000 2088.249512 0.000000 0.988968 0.000000 -0.148131 0.000000 0.000000 0.000000
6161.360840 0.000000 2079.597900 0.000000 0.845210 0.000000 0.534434 0.000000 0.000000 0.000000
6158.604980 0.000000 2081.014404 0.000000 0.874164 0.000000 -0.485630 1.000000 1.000000 1.000000
6151.213379 0.000000 2071.637451 0.000000 0.936830 0.000000 -0.349786 0.000000 0.000000 0.000000
6197.566895 0.000000 2045.899780 0.000000 0.108976 0.000000 -0.994044 0.000000 0.000000 0.000000
6183.591309 0.000000 2075.273438 0.000000 0.122472 0.000000 -0.992472 0.000000 0.000000 0.000000
6204.013184 0.000000 2048.302246 0.000000 0.997769 0.000000 0.066766 0.000000 0.000000 0.000000
6156.375000 0.000000 2088.105225 0.000000 0.949032 0.000000 0.315180 0.000000 0.000000 0.000000
6158.650879 0.000000 2083.778320 0.000000 0.933138 0.000000 0.359519 1.000000 1.000000 1.000000
6188.051758 0.000000 2065.531738 0.000000 0.343886 0.000000 -0.939012 0.000000 0.000000 0.000000
6200.346680 0.000000 2055.638428 0.000000 0.715876 0.000000 0.698228 0.000000 0.000000 0.000000
6154.235840 0.000000 2077.121826 0.000000 0.345225 0.000000 0.938520 0.000000 0.000000 0.000000
6146.575684 0.000000 2074.564453 0.000000 0.999996 0.000000 0.002986 0.000000 0.000000 0.000000
6206.582031 0.000000 2048.304688 0.000000 0.864680 0.000000 0.502324 0.000000 0.000000 0.000000
6146.552734 0.000000 2089.513672 0.000000 0.365965 0.000000 0.930629 0.000000 0.000000 0.000000
6187.659668 0.000000 2069.617188 0.000000 0.538685 0.000000 0.842507 0.000000 0.000000 0.000000
6187.095215 0.000000 2047.756104 0.000000 0.858119 0.000000 0.513451 0.000000 0.000000 0.000000
6180.952637 0.000000 2073.914307 0.000000 0.968620 0.000000 -0.248545 0.000000 0.000000 0.000000
6160.382324 0.000000 2089.253906 0.000000 0.996401 0.000000 -0.084759 1.000000 1.000000 1.000000
6167.885254 0.000000 2059.217529 0.000000 0.416139 0.000000 0.909301 0.000000 0.000000 0.000000
6167.348633 0.000000 2086.436035 0.000000 0.974311 0.000000 0.225207 0.000000 0.000000 0.000000
6199.794922 0.000000 2046.443726 0.000000 0.776314 0.000000 -0.630346 1.000000 1.000000 1.000000
6161.493164 0.000000 2077.410400 0.000000 0.556379 0.000000 0.830928 0.000000 0.000000 0.000000
6175.005371 0.000000 2068.342285 0.000000 0.879842 0.000000 0.475267 0.000000 0.000000 0.000000
6191.085449 0.000000 2072.265625 0.000000 0.993858 0.000000 0.110664 0.000000 0.000000 0.000000
6182.962402 0.000000 2077.617432 0.000000 0.037873 0.000000 0.999283 0.000000 0.000000 0.000000
6194.103516 0.000000 2081.770508 0.000000 0.829234 0.000000 0.558901 0.000000 0.000000 0.000000
6176.607910 0.000000 2072.528076 0.000000 0.186502 0.000000 0.982455 0.000000 0.000000 0.000000
6178.508301 0.000000 2080.003174 0.000000 0.723955 0.000000 0.689847 0.000000 0.000000 0.000000
6168.641113 0.000000 2089.162109 0.000000 0.633955 0.000000 0.773370 0.000000 0.000000 0.000000
6191.436035 0.000000 2068.158936 0.000000 0.899104 0.000000 -0.437736 0.000000 0.000000 0.000000
6150.997070 0.000000 2073.694336 0.000000 0.481431 0.000000 -0.876484 0.000000 0.000000 0.000000
6203.815430 0.000000 2052.157227 0.000000 0.945605 0.000000 0.325316 1.000000 1.000000 1.000000
6201.678223 0.000000 2048.559082 0.000000 0.998622 0.000000 -0.052470 1.000000 1.000000 1.000000
6184.284180 0.000000 2071.904053 0.000000 0.163709 0.000000 -0.986509 0.000000 0.000000 0.000000
6189.537598 0.000000 2073.827148 0.000000 0.884673 0.000000 0.466212 0.000000 0.000000 0.000000
6177.987305 0.000000 2071.051270 0.000000 0.969696 0.000000 0.244314 0.000000 0.000000 0.000000
6164.141113 0.000000 2087.369385 0.000000 0.907702 0.000000 -0.419614 0.000000 0.000000 0.000000
6159.590332 0.000000 2085.533936 0.000000 0.658497 0.000000 0.752583 1.000000 1.000000 1.000000
6154.234863 0.000000 2080.883301 0.000000 0.724899 0.000000 -0.688855 0.000000 0.000000 0.000000
6184.567383 0.000000 2068.120850 0.000000 0.868821 0.000000 0.495126 0.000000 0.000000 0.000000
6152.076660 0.000000 2077.490967 0.000000 0.870994 0.000000 -0.491293 0.000000 0.000000 0.000000
6159.799805 0.000000 2076.501221 0.000000 0.683155 0.000000 0.730273 0.000000 0.000000 0.000000
6158.368652 0.000000 2089.291016 0.000000 0.991997 0.000000 -0.126263 0.000000 0.000000 0.000000
6160.905273 0.000000 2087.336914 0.000000 0.553912 0.000000 -0.832575 1.000000 1.000000 1.000000
6198.302246 0.000000 2047.724976 0.000000 0.995041 0.000000 -0.099469 1.000000 1.000000 1.000000
6178.967773 0.000000 2068.180176 0.000000 0.943584 0.000000 -0.331134 1.000000 1.000000 1.000000
6154.618164 0.000000 2084.880859 0.000000 0.935127 0.000000 -0.354313 1.000000 1.000000 1.000000
6183.147461 0.000000 2070.340820 0.000000 0.762593 0.000000 -0.646879 0.000000 0.000000 0.000000
6180.099609 0.000000 2071.755371 0.000000 0.955801 0.000000 -0.294014 0.000000 0.000000 0.000000
6148.189941 0.000000 2078.600830 0.000000 0.482501 0.000000 0.875895 0.000000 0.000000 0.000000
6177.433594 0.000000 2069.240967 0.000000 0.878522 0.000000 -0.477702 0.000000 0.000000 0.000000
6200.654297 0.000000 2050.650391 0.000000 0.930129 0.000000 -0.367233 0.000000 0.000000 0.000000
6151.784180 0.000000 2086.753906 0.000000 0.964129 0.000000 0.265433 0.000000 0.000000 0.000000
6181.379395 0.000000 2070.324219 0.000000 0.483403 0.000000 -0.875398 0.000000 0.000000 0.000000
6156.919922 0.000000 2083.473145 0.000000 0.706642 0.000000 0.707571 1.000000 1.000000 1.000000
6180.830078 0.000000 2068.365234 0.000000 0.426170 0.000000 -0.904643 1.000000 1.000000 1.000000
6187.765137 0.000000 2062.721680 0.000000 0.772796 0.000000 -0.634655 0.000000 0.000000 0.000000
6157.317383 0.000000 2086.664795 0.000000 0.360429 0.000000 -0.932786 1.000000 1.000000 1.000000
6154.663574 0.000000 2088.022461 0.000000 0.985930 0.000000 -0.167158 1.000000 1.000000 1.000000
6186.375488 0.000000 2064.980713 0.000000 0.875715 0.000000 -0.482829 0.000000 0.000000 0.000000
6152.564453 0.000000 2085.168457 0.000000 0.999829 0.000000 0.018515 1.000000 1.000000 1.000000
6160.310547 0.000000 2081.032959 0.000000 0.801849 0.000000 -0.597526 0.000000 0.000000 0.000000
6210.396484 0.000000 2035.299683 0.000000 0.664445 0.000000 0.747337 0.000000 0.000000 0.000000
6216.407715 0.000000 2041.249878 0.000000 0.972242 0.000000 0.233976 0.000000 0.000000 0.000000
6212.948730 0.000000 2033.552612 0.000000 0.658720 0.000000 -0.752388 0.000000 0.000000 0.000000
6217.604492 0.000000 2060.891846 0.000000 0.008591 0.000000 -0.999963 0.000000 0.000000 0.000000
6215.213379 0.000000 2071.637451 0.000000 0.253172 0.000000 -0.967421 0.000000 0.000000 0.000000
6210.944824 0.000000 2050.833496 0.000000 0.959205 0.000000 -0.282711 0.000000 0.000000 0.000000
6208.712402 0.000000 2051.658447 0.000000 0.463233 0.000000 -0.886236 0.000000 0.000000 0.000000
6214.953125 0.000000 2069.047852 0.000000 0.782585 0.000000 0.622544 0.000000 0.000000 0.000000
6208.597656 0.000000 2053.904785 0.000000 0.519065 0.000000 0.854735 0.000000 0.000000 0.000000
6156.552734 0.000000 2116.115967 0.000000 0.006407 0.000000 -0.999979 0.000000 0.000000 0.000000
6186.835938 0.000000 2095.928223 0.000000 0.260943 0.000000 -0.965354 0.000000 0.000000 0.000000
6185.967773 0.000000 2119.739746 0.000000 0.131483 0.000000 0.991318 0.000000 0.000000 0.000000
6191.537109 0.000000 2117.050293 0.000000 0.574397 0.000000 -0.818577 0.000000 0.000000 0.000000
6169.661133 0.000000 2092.988037 0.000000 0.787506 0.000000 -0.616307 0.000000 0.000000 0.000000
6148.948730 0.000000 2090.036865 0.000000 0.700473 0.000000 0.713679 1.000000 1.000000 1.000000
6155.486816 0.000000 2098.481445 0.000000 0.984820 0.000000 0.173580 1.000000 1.000000 1.000000
6185.676758 0.000000 2107.988770 0.000000 0.918010 0.000000 0.396558 1.000000 1.000000 1.000000
6152.667480 0.000000 2094.701172 0.000000 0.569442 0.000000 0.822031 1.000000 1.000000 1.000000
6153.084961 0.000000 2100.739746 0.000000 0.991418 0.000000 0.130732 1.000000 1.000000 1.000000
6156.526855 0.000000 2112.967773 0.000000 0.642982 0.000000 -0.765881 0.000000 0.000000 0.000000
6188.194824 0.000000 2101.999268 0.000000 0.146094 0.000000 -0.989271 0.000000 0.000000 0.000000
6202.631836 0.000000 2125.058350 0.000000 0.567039 0.000000 0.823691 0.000000 0.000000 0.000000
6147.820801 0.000000 2103.727295 0.000000 0.865726 0.000000 0.500517 0.000000 0.000000 0.000000
6157.099609 0.000000 2109.698486 0.000000 0.879288 0.000000 0.476290 1.000000 1.000000 1.000000
6164.994629 0.000000 2092.474609 0.000000 0.035251 0.000000 -0.999379 0.000000 0.000000 0.000000
6164.094727 0.000000 2105.322754 0.000000 0.994701 0.000000 -0.102814 0.000000 0.000000 0.000000
6168.795410 0.000000 2117.833984 0.000000 0.869363 0.000000 0.494174 0.000000 0.000000 0.000000
6160.939453 0.000000 2105.850586 0.000000 0.576744 0.000000 -0.816925 0.000000 0.000000 0.000000
6182.337891 0.000000 2103.657959 0.000000 0.548187 0.000000 0.836356 0.000000 0.000000 0.000000
6188.352051 0.000000 2107.182861 0.000000 0.994641 0.000000 -0.103388 0.000000 0.000000 0.000000
6145.451660 0.000000 2099.314209 0.000000 0.528830 0.000000 0.848728 0.000000 0.000000 0.000000
6158.979980 0.000000 2114.761963 0.000000 0.672622 0.000000 -0.739986 0.000000 0.000000 0.000000
6164.832520 0.000000 2102.501465 0.000000 0.101841 0.000000 -0.994801 0.000000 0.000000 0.000000
6154.564941 0.000000 2092.470703 0.000000 0.972218 0.000000 0.234079 1.000000 1.000000 1.000000
6197.566895 0.000000 2102.384033 0.000000 0.631799 0.000000 -0.775132 0.000000 0.000000 0.000000
6152.614258 0.000000 2103.450684 0.000000 0.811745 0.000000 0.584012 1.000000 1.000000 1.000000
6167.068359 0.000000 2094.433105 0.000000 0.979895 0.000000 -0.199512 0.000000 0.000000 0.000000
6188.127930 0.000000 2117.363281 0.000000 0.516908 0.000000 0.856041 0.000000 0.000000 0.000000
6151.408691 0.000000 2107.759277 0.000000 0.254996 0.000000 -0.966942 1.000000 1.000000 1.000000
6154.329590 0.000000 2114.626465 0.000000 0.968305 0.000000 0.249772 0.000000 0.000000 0.000000
6153.795410 0.000000 2089.946289 0.000000 0.657453 0.000000 -0.753495 1.000000 1.000000 1.000000
6147.913086 0.000000 2100.858398 0.000000 0.849793 0.000000 -0.527117 0.000000 0.000000 0.000000
6182.385742 0.000000 2106.766846 0.000000 0.790389 0.000000 -0.612605 0.000000 0.000000 0.000000
6158.686523 0.000000 2104.513428 0.000000 0.954124 0.000000 -0.299411 1.000000 1.000000 1.000000
6205.638184 0.000000 2109.645020 0.000000 0.848066 0.000000 0.529891 0.000000 0.000000 0.000000
6152.173828 0.000000 2112.188232 0.000000 0.217754 0.000000 -0.976004 0.000000 0.000000 0.000000
6155.442871 0.000000 2107.730469 0.000000 0.534206 0.000000 -0.845355 1.000000 1.000000 1.000000
6150.363770 0.000000 2099.434570 0.000000 0.616474 0.000000 0.787375 1.000000 1.000000 1.000000
6198.158691 0.000000 2121.981689 0.000000 0.600870 0.000000 -0.799347 0.000000 0.000000 0.000000
6162.498535 0.000000 2093.739990 0.000000 0.579567 0.000000 0.814924 0.000000 0.000000 0.000000
6164.805176 0.000000 2089.989502 0.000000 0.992628 0.000000 0.121200 0.000000 0.000000 0.000000
6163.894531 0.000000 2097.693604 0.000000 0.408608 0.000000 -0.912710 1.000000 1.000000 1.000000
6171.678223 0.000000 2094.936035 0.000000 0.896041 0.000000 -0.443971 0.000000 0.000000 0.000000
6187.095215 0.000000 2104.240479 0.000000 0.817297 0.000000 0.576216 0.000000 0.000000 0.000000
6207.814453 0.000000 2108.366455 0.000000 0.258296 0.000000 -0.966066 0.000000 0.000000 0.000000
6157.612305 0.000000 2093.050537 0.000000 0.093192 0.000000 -0.995648 0.000000 0.000000 0.000000
6157.487793 0.000000 2099.938477 0.000000 0.289061 0.000000 -0.957311 1.000000 1.000000 1.000000
6148.602051 0.000000 2092.527588 0.000000 0.956573 0.000000 0.291492 0.000000 0.000000 0.000000
6185.650879 0.000000 2099.208496 0.000000 0.972785 0.000000 0.231710 0.000000 0.000000 0.000000
6150.070312 0.000000 2096.961914 0.000000 0.698111 0.000000 -0.715990 1.000000 1.000000 1.000000
6193.687988 0.000000 2098.874512 0.000000 0.530640 0.000000 -0.847597 0.000000 0.000000 0.000000
6158.033691 0.000000 2095.812744 0.000000 0.490547 0.000000 -0.871414 1.000000 1.000000 1.000000
6150.475098 0.000000 2104.512451 0.000000 0.080504 0.000000 0.996754 1.000000 1.000000 1.000000
6191.645996 0.000000 2097.619873 0.000000 0.296595 0.000000 -0.955003 0.000000 0.000000 0.000000
6199.794922 0.000000 2102.927979 0.000000 0.563541 0.000000 -0.826088 0.000000 0.000000 0.000000
6148.248535 0.000000 2111.221680 0.000000 0.999746 0.000000 0.022546 0.000000 0.000000 0.000000
6150.028809 0.000000 2112.851562 0.000000 0.060976 0.000000 -0.998139 0.000000 0.000000 0.000000
6198.255859 0.000000 2098.681885 0.000000 0.435611 0.000000 -0.900135 0.000000 0.000000 0.000000
6154.166504 0.000000 2096.435547 0.000000 0.186963 0.000000 0.982367 1.000000 1.000000 1.000000
6144.712402 0.000000 2108.142822 0.000000 0.051849 0.000000 0.998655 0.000000 0.000000 0.000000
6153.322266 0.000000 2108.889404 0.000000 0.805384 0.000000 0.592753 1.000000 1.000000 1.000000
6145.654297 0.000000 2104.280029 0.000000 0.525414 0.000000 -0.850847 0.000000 0.000000 0.000000
6189.585449 0.000000 2100.354980 0.000000 0.839049 0.000000 -0.544056 0.000000 0.000000 0.000000
6201.678223 0.000000 2105.043457 0.000000 0.751501 0.000000 0.659732 0.000000 0.000000 0.000000
6161.219727 0.000000 2101.380615 0.000000 0.712930 0.000000 0.701235 1.000000 1.000000 1.000000
6187.311523 0.000000 2115.069580 0.000000 0.390430 0.000000 0.920633 0.000000 0.000000 0.000000
6186.440430 0.000000 2106.130859 0.000000 0.492817 0.000000 -0.870133 0.000000 0.000000 0.000000
6148.035156 0.000000 2096.141602 0.000000 0.998416 0.000000 0.056268 0.000000 0.000000 0.000000
6189.587891 0.000000 2097.694092 0.000000 0.928448 0.000000 0.371462 0.000000 0.000000 0.000000
6150.936035 0.000000 2093.497803 0.000000 0.947701 0.000000 0.319160 1.000000 1.000000 1.000000
6154.618164 0.000000 2103.466309 0.000000 0.756438 0.000000 -0.654065 1.000000 1.000000 1.000000
6198.302246 0.000000 2104.209229 0.000000 0.512479 0.000000 0.858700 0.000000 0.000000 0.000000
6160.278320 0.000000 2103.477539 0.000000 0.990502 0.000000 0.137496 0.000000 0.000000 0.000000
6167.366211 0.000000 2092.574463 0.000000 0.506631 0.000000 -0.862163 0.000000 0.000000 0.000000
6155.084961 0.000000 2100.300537 0.000000 0.925683 0.000000 0.378301 1.000000 1.000000 1.000000
6156.251465 0.000000 2096.758057 0.000000 0.915729 0.000000 0.401796 1.000000 1.000000 1.000000
6187.071777 0.000000 2100.500488 0.000000 0.068601 0.000000 -0.997644 0.000000 0.000000 0.000000
6154.704590 0.000000 2112.664307 0.000000 0.173849 0.000000 -0.984772 0.000000 0.000000 0.000000
6185.262207 0.000000 2103.259521 0.000000 0.999842 0.000000 -0.017779 0.000000 0.000000 0.000000
6159.854980 0.000000 2096.451660 0.000000 0.700676 0.000000 -0.713480 1.000000 1.000000 1.000000
6153.693359 0.000000 2098.984619 0.000000 0.999712 0.000000 0.023991 1.000000 1.000000 1.000000
6184.256348 0.000000 2106.769531 0.000000 0.204966 0.000000 -0.978769 1.000000 1.000000 1.000000
6147.095703 0.000000 2105.372070 0.000000 0.998486 0.000000 -0.055015 0.000000 0.000000 0.000000
6156.062012 0.000000 2111.227295 0.000000 0.483744 0.000000 -0.875209 1.000000 1.000000 1.000000
6161.145996 0.000000 2092.476074 0.000000 0.949611 0.000000 0.313429 0.000000 0.000000 0.000000
6158.777344 0.000000 2110.174072 0.000000 0.098427 0.000000 -0.995144 0.000000 0.000000 0.000000
6151.620605 0.000000 2096.151123 0.000000 0.145669 0.000000 0.989333 1.000000 1.000000 1.000000
6152.404785 0.000000 2110.349854 0.000000 0.997273 0.000000 -0.073804 0.000000 0.000000 0.000000
6151.699707 0.000000 2105.776855 0.000000 0.055307 0.000000 -0.998469 1.000000 1.000000 1.000000
6150.054199 0.000000 2091.520508 0.000000 0.239611 0.000000 0.970869 1.000000 1.000000 1.000000
6160.728516 0.000000 2089.928467 0.000000 0.719185 0.000000 0.694818 1.000000 1.000000 1.000000
6158.749512 0.000000 2089.952881 0.000000 0.641110 0.000000 -0.767449 0.000000 0.000000 0.000000
6183.089844 0.000000 2105.235107 0.000000 0.181867 0.000000 0.983323 0.000000 0.000000 0.000000
6163.935547 0.000000 2099.680420 0.000000 0.644113 0.000000 -0.764930 0.000000 0.000000 0.000000
6220.112305 0.000000 2104.828613 0.000000 0.820361 0.000000 -0.571846 0.000000 0.000000 0.000000
6232.795410 0.000000 2117.833984 0.000000 0.909390 0.000000 0.415945 0.000000 0.000000 0.000000
6210.822754 0.000000 2123.889893 0.000000 0.509367 0.000000 -0.860550 0.000000 0.000000 0.000000
6227.640625 0.000000 2115.233643 0.000000 0.504038 0.000000 0.863681 0.000000 0.000000 0.000000
6227.362793 0.000000 2117.909668 0.000000 0.638220 0.000000 -0.769854 0.000000 0.000000 0.000000
6222.401855 0.000000 2131.617676 0.000000 0.478823 0.000000 0.877911 0.000000 0.000000 0.000000
6213.141602 0.000000 2115.428223 0.000000 0.964544 0.000000 -0.263921 0.000000 0.000000 0.000000
6210.627930 0.000000 2118.629150 0.000000 0.764449 0.000000 -0.644685 0.000000 0.000000 0.000000
6214.475098 0.000000 2104.512451 0.000000 0.306590 0.000000 -0.951842 0.000000 0.000000 0.000000
6214.028809 0.000000 2112.851562 0.000000 0.581252 0.000000 -0.813723 0.000000 0.000000 0.000000
6210.069824 0.000000 2114.743652 0.000000 0.852027 0.000000 -0.523498 0.000000 0.000000 0.000000
6214.953125 0.000000 2125.532227 0.000000 0.989475 0.000000 -0.144706 0.000000 0.000000 0.000000
6229.422363 0.000000 2114.276855 0.000000 0.982517 0.000000 -0.186172 0.000000 0.000000 0.000000
6216.722168 0.000000 2122.440918 0.000000 0.803838 0.000000 -0.594849 0.000000 0.000000 0.000000
6212.789062 0.000000 2123.778809 0.000000 0.796078 0.000000 -0.605194 1.000000 1.000000 1.000000
6212.483887 0.000000 2119.670654 0.000000 0.684265 0.000000 0.729234 0.000000 0.000000 0.000000
6230.981445 0.000000 2118.146484 0.000000 0.700274 0.000000 0.713874 0.000000 0.000000 0.000000
6213.832520 0.000000 2121.787598 0.000000 0.952580 0.000000 -0.304287 1.000000 1.000000 1.000000
6216.280273 0.000000 2124.152832 0.000000 0.909116 0.000000 -0.416543 0.000000 0.000000 0.000000
6158.007324 0.000000 2685.655762 0.000000 0.967622 0.000000 0.252403 0.000000 0.000000 0.000000
6148.032715 0.000000 2686.377197 0.000000 0.564201 0.000000 -0.825637 0.000000 0.000000 0.000000
6180.276367 0.000000 2688.012451 0.000000 0.762843 0.000000 0.646584 0.000000 0.000000 0.000000
6156.552734 0.000000 2680.959717 0.000000 0.489996 0.000000 0.871725 0.000000 0.000000 0.000000
6154.351562 0.000000 2675.644531 0.000000 0.631715 0.000000 0.775201 0.000000 0.000000 0.000000
6171.131348 0.000000 2670.886719 0.000000 0.991456 0.000000 0.130441 0.000000 0.000000 0.000000
6144.163086 0.000000 2689.512207 0.000000 0.931703 0.000000 0.363221 0.000000 0.000000 0.000000
6171.932617 0.000000 2675.035156 0.000000 0.812268 0.000000 -0.583284 0.000000 0.000000 0.000000
6155.406250 0.000000 2687.836426 0.000000 0.975672 0.000000 0.219234 0.000000 0.000000 0.000000
6177.099609 0.000000 2688.715332 0.000000 0.822238 0.000000 -0.569144 0.000000 0.000000 0.000000
6155.616211 0.000000 2684.106689 0.000000 0.963294 0.000000 -0.268447 0.000000 0.000000 0.000000
6160.716797 0.000000 2686.863525 0.000000 0.175889 0.000000 0.984410 0.000000 0.000000 0.000000
6159.870117 0.000000 2691.588379 0.000000 0.268829 0.000000 -0.963188 0.000000 0.000000 0.000000
6180.682129 0.000000 2678.554932 0.000000 0.857087 0.000000 -0.515171 0.000000 0.000000 0.000000
6157.139648 0.000000 2698.310303 0.000000 0.861555 0.000000 0.507663 0.000000 0.000000 0.000000
6186.440430 0.000000 2670.974609 0.000000 0.945374 0.000000 0.325986 0.000000 0.000000 0.000000
6159.590332 0.000000 2706.862061 0.000000 0.974751 0.000000 -0.223295 0.000000 0.000000 0.000000
6160.905273 0.000000 2708.665039 0.000000 0.207994 0.000000 -0.978130 0.000000 0.000000 0.000000
6178.177734 0.000000 2681.698730 0.000000 0.122807 0.000000 0.992431 0.000000 0.000000 0.000000
6159.325195 0.000000 2689.774170 0.000000 0.149706 0.000000 0.988731 0.000000 0.000000 0.000000
6178.087402 0.000000 2679.820801 0.000000 0.985420 0.000000 -0.170141 0.000000 0.000000 0.000000
6161.256836 0.000000 2745.964844 0.000000 0.971990 0.000000 -0.235024 0.000000 0.000000 0.000000
6156.552734 0.000000 2737.444092 0.000000 0.177949 0.000000 -0.984040 0.000000 0.000000 0.000000
6153.063965 0.000000 2741.711914 0.000000 0.909042 0.000000 -0.416704 0.000000 0.000000 0.000000
6148.755371 0.000000 2739.122559 0.000000 0.223289 0.000000 -0.974752 0.000000 0.000000 0.000000
6160.939453 0.000000 2727.178711 0.000000 0.677466 0.000000 -0.735555 0.000000 0.000000 0.000000
6160.244141 0.000000 2740.447754 0.000000 0.999993 0.000000 0.003659 0.000000 0.000000 0.000000
6151.213379 0.000000 2749.449951 0.000000 0.929768 0.000000 -0.368145 0.000000 0.000000 0.000000
6158.979980 0.000000 2736.090088 0.000000 0.769819 0.000000 -0.638262 0.000000 0.000000 0.000000
6150.395508 0.000000 2741.305664 0.000000 0.773818 0.000000 0.633408 0.000000 0.000000 0.000000
6182.824707 0.000000 2716.487793 0.000000 0.733270 0.000000 0.679937 0.000000 0.000000 0.000000
6160.716797 0.000000 2743.347900 0.000000 0.634462 0.000000 -0.772954 0.000000 0.000000 0.000000
6158.686523 0.000000 2725.841553 0.000000 0.928223 0.000000 -0.372023 0.000000 0.000000 0.000000
6155.442871 0.000000 2729.058594 0.000000 0.897813 0.000000 0.440377 0.000000 0.000000 0.000000
6146.627930 0.000000 2739.957275 0.000000 0.525471 0.000000 -0.850812 0.000000 0.000000 0.000000
6147.385254 0.000000 2749.684570 0.000000 0.058349 0.000000 -0.998296 0.000000 0.000000 0.000000
6165.422363 0.000000 2735.604980 0.000000 0.293147 0.000000 -0.956067 0.000000 0.000000 0.000000
6161.219727 0.000000 2722.708740 0.000000 0.686370 0.000000 -0.727253 0.000000 0.000000 0.000000
6148.166992 0.000000 2760.014648 0.000000 0.965460 0.000000 0.260552 0.000000 0.000000 0.000000
6148.789062 0.000000 2745.106934 0.000000 0.883898 0.000000 -0.467681 0.000000 0.000000 0.000000
6174.725586 0.000000 2714.842529 0.000000 0.995785 0.000000 0.091717 0.000000 0.000000 0.000000
6154.618164 0.000000 2724.794434 0.000000 0.217792 0.000000 -0.975995 0.000000 0.000000 0.000000
6157.704590 0.000000 2724.076660 0.000000 0.869088 0.000000 -0.494657 0.000000 0.000000 0.000000
6165.008301 0.000000 2740.354980 0.000000 0.956405 0.000000 -0.292042 0.000000 0.000000 0.000000
6148.679688 0.000000 2763.864990 0.000000 0.440627 0.000000 0.897690 0.000000 0.000000 0.000000
6144.588379 0.000000 2763.552490 0.000000 0.986560 0.000000 0.163398 0.000000 0.000000 0.000000
6165.452637 0.000000 2733.232910 0.000000 0.996772 0.000000 -0.080291 1.000000 1.000000 1.000000
6156.062012 0.000000 2732.555420 0.000000 0.386186 0.000000 0.922421 0.000000 0.000000 0.000000
6158.777344 0.000000 2731.502197 0.000000 0.610513 0.000000 0.792006 0.000000 0.000000 0.000000
6160.985352 0.000000 2733.425781 0.000000 0.472572 0.000000 -0.881292 0.000000 0.000000 0.000000
6144.525879 0.000000 2748.552979 0.000000 0.999807 0.000000 0.019629 0.000000 0.000000 0.000000
6163.835449 0.000000 2732.136963 0.000000 0.368305 0.000000 -0.929705 0.000000 0.000000 0.000000
6207.958008 0.000000 2788.633301 0.000000 0.391479 0.000000 0.920187 0.000000 0.000000 0.000000
6179.765137 0.000000 2793.581543 0.000000 0.930973 0.000000 0.365088 0.000000 0.000000 0.000000
6161.256836 0.000000 2802.449219 0.000000 0.413135 0.000000 0.910670 0.000000 0.000000 0.000000
6163.007324 0.000000 2785.812744 0.000000 0.088613 0.000000 -0.996066 0.000000 0.000000 0.000000
6205.524414 0.000000 2784.804199 0.000000 0.976150 0.000000 0.217097 0.000000 0.000000 0.000000
6148.763672 0.000000 2803.926514 0.000000 0.720345 0.000000 -0.693616 0.000000 0.000000 0.000000
6161.260254 0.000000 2794.191406 0.000000 0.955357 0.000000 -0.295454 0.000000 0.000000 0.000000
6144.163086 0.000000 2802.480957 0.000000 0.902399 0.000000 -0.430902 0.000000 0.000000 0.000000
6189.375000 0.000000 2792.656006 0.000000 0.998726 0.000000 -0.050452 0.000000 0.000000 0.000000
6162.190430 0.000000 2777.256592 0.000000 0.895915 0.000000 -0.444226 0.000000 0.000000 0.000000
6159.197266 0.000000 2779.367188 0.000000 0.830580 0.000000 0.556899 0.000000 0.000000 0.000000
6169.681152 0.000000 2801.511963 0.000000 0.998858 0.000000 -0.047775 0.000000 0.000000 0.000000
6153.604492 0.000000 2795.188721 0.000000 0.608075 0.000000 -0.793879 0.000000 0.000000 0.000000
6182.581055 0.000000 2802.858887 0.000000 0.798082 0.000000 -0.602549 0.000000 0.000000 0.000000
6161.664551 0.000000 2774.390381 0.000000 0.801617 0.000000 0.597838 0.000000 0.000000 0.000000
6147.820801 0.000000 2781.539795 0.000000 0.847053 0.000000 -0.531508 0.000000 0.000000 0.000000
6160.939453 0.000000 2783.663086 0.000000 0.966349 0.000000 -0.257234 0.000000 0.000000 0.000000
6158.389160 0.000000 2801.119141 0.000000 0.883018 0.000000 0.469340 0.000000 0.000000 0.000000
6157.872070 0.000000 2796.136963 0.000000 0.347485 0.000000 0.937686 0.000000 0.000000 0.000000
6175.330566 0.000000 2800.155518 0.000000 0.291801 0.000000 0.956479 0.000000 0.000000 0.000000
6189.585449 0.000000 2778.167480 0.000000 0.967049 0.000000 0.254591 0.000000 0.000000 0.000000
6205.382324 0.000000 2798.036621 0.000000 0.792418 0.000000 0.609979 0.000000 0.000000 0.000000
6184.688965 0.000000 2792.134766 0.000000 0.998009 0.000000 -0.063066 0.000000 0.000000 0.000000
6160.098633 0.000000 2777.493896 0.000000 0.996361 0.000000 -0.085235 0.000000 0.000000 0.000000
6147.099121 0.000000 2794.436035 0.000000 0.818166 0.000000 0.574983 0.000000 0.000000 0.000000
6161.219727 0.000000 2779.193115 0.000000 0.182093 0.000000 0.983281 0.000000 0.000000 0.000000
6163.236816 0.000000 2779.057373 0.000000 0.110046 0.000000 0.993926 0.000000 0.000000 0.000000
6178.934570 0.000000 2771.303467 0.000000 0.792170 0.000000 -0.610300 1.000000 1.000000 1.000000
6194.709961 0.000000 2781.824219 0.000000 0.909320 0.000000 0.416098 0.000000 0.000000 0.000000
6148.789062 0.000000 2801.591309 0.000000 0.706220 0.000000 -0.707992 0.000000 0.000000 0.000000
6144.597656 0.000000 2788.201660 0.000000 0.979559 0.000000 -0.201157 1.000000 1.000000 1.000000
6154.618164 0.000000 2781.278809 0.000000 0.500028 0.000000 -0.866009 0.000000 0.000000 0.000000
6198.302246 0.000000 2782.021729 0.000000 0.004020 0.000000 -0.999992 0.000000 0.000000 0.000000
6194.516602 0.000000 2783.765869 0.000000 0.981510 0.000000 0.191412 0.000000 0.000000 0.000000
6160.278320 0.000000 2781.290039 0.000000 0.168243 0.000000 0.985746 0.000000 0.000000 0.000000
6165.008301 0.000000 2796.839355 0.000000 0.314172 0.000000 0.949366 0.000000 0.000000 0.000000
6179.093262 0.000000 2790.110596 0.000000 0.746249 0.000000 0.665667 0.000000 0.000000 0.000000
6155.084961 0.000000 2778.113037 0.000000 0.548195 0.000000 -0.836350 0.000000 0.000000 0.000000
6156.251465 0.000000 2774.570557 0.000000 0.690564 0.000000 -0.723271 1.000000 1.000000 1.000000
6192.943848 0.000000 2779.322754 0.000000 0.882649 0.000000 0.470032 0.000000 0.000000 0.000000
6174.945801 0.000000 2796.198242 0.000000 0.999456 0.000000 0.032984 0.000000 0.000000 0.000000
6187.071777 0.000000 2778.312988 0.000000 0.606337 0.000000 -0.795208 0.000000 0.000000 0.000000
6159.854980 0.000000 2774.264160 0.000000 0.748099 0.000000 -0.663587 0.000000 0.000000 0.000000
6181.372070 0.000000 2771.798828 0.000000 0.816066 0.000000 -0.577959 1.000000 1.000000 1.000000
6146.681152 0.000000 2789.952881 0.000000 0.979956 0.000000 -0.199214 0.000000 0.000000 0.000000
6173.614258 0.000000 2799.462402 0.000000 0.595244 0.000000 0.803545 1.000000 1.000000 1.000000
6178.937012 0.000000 2769.519043 0.000000 0.507308 0.000000 -0.861765 0.000000 0.000000 0.000000
6197.929688 0.000000 2783.805176 0.000000 0.089879 0.000000 0.995953 1.000000 1.000000 1.000000
6180.990723 0.000000 2768.419922 0.000000 0.003311 0.000000 -0.999995 1.000000 1.000000 1.000000
6236.793945 0.000000 2770.576172 0.000000 0.656881 0.000000 0.753994 0.000000 0.000000 0.000000
6222.007324 0.000000 2798.624512 0.000000 0.995019 0.000000 0.099684 0.000000 0.000000 0.000000
6238.530273 0.000000 2791.194336 0.000000 0.866400 0.000000 0.499350 0.000000 0.000000 0.000000
6222.220703 0.000000 2784.815186 0.000000 0.564787 0.000000 -0.825237 0.000000 0.000000 0.000000
6214.424805 0.000000 2788.094482 0.000000 0.614198 0.000000 -0.789152 0.000000 0.000000 0.000000
6224.244141 0.000000 2796.932129 0.000000 0.346726 0.000000 -0.937967 0.000000 0.000000 0.000000
6231.068359 0.000000 2772.245605 0.000000 0.675405 0.000000 -0.737447 0.000000 0.000000 0.000000
6235.678223 0.000000 2772.748535 0.000000 0.995153 0.000000 0.098339 0.000000 0.000000 0.000000
6270.948242 0.000000 2769.888428 0.000000 0.477005 0.000000 -0.878901 0.000000 0.000000 0.000000
6214.475098 0.000000 2782.324951 0.000000 0.964406 0.000000 0.264425 0.000000 0.000000 0.000000
6253.585449 0.000000 2778.167480 0.000000 0.878699 0.000000 -0.477376 1.000000 1.000000 1.000000
6248.688965 0.000000 2792.134766 0.000000 0.406985 0.000000 0.913435 0.000000 0.000000 0.000000
6225.219727 0.000000 2779.193115 0.000000 0.127309 0.000000 -0.991863 0.000000 0.000000 0.000000
6227.236816 0.000000 2779.057373 0.000000 0.745147 0.000000 -0.666901 0.000000 0.000000 0.000000
6255.882812 0.000000 2772.758057 0.000000 0.310347 0.000000 -0.950623 1.000000 1.000000 1.000000
6243.217285 0.000000 2778.572998 0.000000 0.994317 0.000000 0.106463 0.000000 0.000000 0.000000
6224.278320 0.000000 2781.290039 0.000000 0.981075 0.000000 0.193627 0.000000 0.000000 0.000000
6247.104492 0.000000 2779.627930 0.000000 0.896911 0.000000 -0.442212 0.000000 0.000000 0.000000
6238.609375 0.000000 2793.396973 0.000000 0.988861 0.000000 -0.148840 0.000000 0.000000 0.000000
6244.749023 0.000000 2777.103760 0.000000 0.933472 0.000000 0.358652 0.000000 0.000000 0.000000
6232.512695 0.000000 2775.467285 0.000000 0.191344 0.000000 -0.981523 1.000000 1.000000 1.000000
6234.957520 0.000000 2774.361084 0.000000 0.492024 0.000000 -0.870582 1.000000 1.000000 1.000000
6294.478027 0.000000 2746.143311 0.000000 0.982611 0.000000 0.185676 0.000000 0.000000 0.000000
6323.456055 0.000000 2761.538330 0.000000 0.999270 0.000000 0.038210 0.000000 0.000000 0.000000
6316.760254 0.000000 2749.755127 0.000000 0.999906 0.000000 -0.013727 0.000000 0.000000 0.000000
6313.260742 0.000000 2755.472168 0.000000 0.242456 0.000000 0.970163 0.000000 0.000000 0.000000
6328.315430 0.000000 2748.259033 0.000000 0.774247 0.000000 -0.632884 0.000000 0.000000 0.000000
6320.023926 0.000000 2763.784912 0.000000 0.973070 0.000000 -0.230510 0.000000 0.000000 0.000000
6295.836426 0.000000 2761.862793 0.000000 0.736607 0.000000 0.676321 0.000000 0.000000 0.000000
6289.722656 0.000000 2763.427246 0.000000 0.795762 0.000000 0.605609 0.000000 0.000000 0.000000
6291.443848 0.000000 2761.169678 0.000000 0.213671 0.000000 -0.976906 0.000000 0.000000 0.000000
6310.646484 0.000000 2743.407227 0.000000 0.870961 0.000000 0.491352 0.000000 0.000000 0.000000
6316.051758 0.000000 2743.344238 0.000000 0.991488 0.000000 0.130200 0.000000 0.000000 0.000000
6335.976562 0.000000 2761.865479 0.000000 0.056631 0.000000 -0.998395 0.000000 0.000000 0.000000
6326.158691 0.000000 2743.309814 0.000000 0.901109 0.000000 0.433592 0.000000 0.000000 0.000000
6325.633789 0.000000 2748.307129 0.000000 0.837365 0.000000 -0.546645 0.000000 0.000000 0.000000
6301.291016 0.000000 2753.592529 0.000000 0.979788 0.000000 0.200040 0.000000 0.000000 0.000000
6322.394043 0.000000 2763.371826 0.000000 0.995611 0.000000 0.093588 0.000000 0.000000 0.000000
6287.590332 0.000000 2763.346436 0.000000 0.710617 0.000000 -0.703579 0.000000 0.000000 0.000000
6295.416992 0.000000 2759.182861 0.000000 0.380517 0.000000 0.924774 1.000000 1.000000 1.000000
6312.567383 0.000000 2745.933350 0.000000 0.364514 0.000000 -0.931198 0.000000 0.000000 0.000000
6300.720215 0.000000 2751.759033 0.000000 0.420732 0.000000 0.907185 1.000000 1.000000 1.000000
6306.967773 0.000000 2745.992676 0.000000 0.994850 0.000000 0.101363 0.000000 0.000000 0.000000
6282.618164 0.000000 2762.693359 0.000000 0.235029 0.000000 -0.971988 0.000000 0.000000 0.000000
6307.619629 0.000000 2753.156982 0.000000 0.658065 0.000000 0.752961 0.000000 0.000000 0.000000
6280.564453 0.000000 2762.980957 0.000000 0.602473 0.000000 0.798139 1.000000 1.000000 1.000000
6288.310547 0.000000 2758.845459 0.000000 0.239983 0.000000 0.970777 1.000000 1.000000 1.000000
6340.032715 0.000000 2742.861572 0.000000 0.513770 0.000000 -0.857928 0.000000 0.000000 0.000000
6340.957520 0.000000 2751.097168 0.000000 0.558969 0.000000 -0.829189 0.000000 0.000000 0.000000
6345.278320 0.000000 2761.333496 0.000000 0.849368 0.000000 -0.527801 0.000000 0.000000 0.000000
6357.934570 0.000000 2766.062012 0.000000 0.836536 0.000000 -0.547912 0.000000 0.000000 0.000000
6350.604980 0.000000 2758.826904 0.000000 0.613555 0.000000 0.789652 0.000000 0.000000 0.000000
6346.235840 0.000000 2754.934326 0.000000 0.680531 0.000000 0.732719 0.000000 0.000000 0.000000
6338.627930 0.000000 2739.957275 0.000000 0.999893 0.000000 0.014650 0.000000 0.000000 0.000000
6344.237305 0.000000 2759.276611 0.000000 0.407046 0.000000 0.913408 0.000000 0.000000 0.000000
6345.808105 0.000000 2752.417236 0.000000 0.656443 0.000000 0.754375 0.000000 0.000000 0.000000
6378.638672 0.000000 2761.682617 0.000000 0.997968 0.000000 -0.063717 0.000000 0.000000 0.000000
6374.819824 0.000000 2763.501709 0.000000 0.590182 0.000000 -0.807270 0.000000 0.000000 0.000000
6359.416992 0.000000 2759.182861 0.000000 0.910072 0.000000 -0.414450 0.000000 0.000000 0.000000
6340.166992 0.000000 2760.014648 0.000000 0.962827 0.000000 -0.270117 0.000000 0.000000 0.000000
6362.529785 0.000000 2766.656738 0.000000 0.886880 0.000000 0.461999 0.000000 0.000000 0.000000
6369.680176 0.000000 2767.077637 0.000000 0.939059 0.000000 0.343756 0.000000 0.000000 0.000000
6340.679688 0.000000 2763.864990 0.000000 0.817342 0.000000 -0.576152 0.000000 0.000000 0.000000
6361.774414 0.000000 2760.949219 0.000000 0.887546 0.000000 -0.460720 0.000000 0.000000 0.000000
6343.784180 0.000000 2764.566406 0.000000 0.847965 0.000000 0.530052 0.000000 0.000000 0.000000
6335.958008 0.000000 2788.633301 0.000000 0.675492 0.000000 0.737368 0.000000 0.000000 0.000000
6303.826172 0.000000 2775.856689 0.000000 0.931372 0.000000 -0.364070 0.000000 0.000000 0.000000
6308.045898 0.000000 2773.009277 0.000000 0.529846 0.000000 -0.848094 0.000000 0.000000 0.000000
6297.237793 0.000000 2773.893311 0.000000 0.472858 0.000000 -0.881139 0.000000 0.000000 0.000000
6333.524414 0.000000 2784.804199 0.000000 0.962257 0.000000 -0.272142 0.000000 0.000000 0.000000
6327.819336 0.000000 2786.565186 0.000000 0.496998 0.000000 -0.867752 0.000000 0.000000 0.000000
6310.337891 0.000000 2781.470459 0.000000 0.948067 0.000000 -0.318070 0.000000 0.000000 0.000000
6286.979980 0.000000 2792.574463 0.000000 0.953570 0.000000 -0.301173 0.000000 0.000000 0.000000
6335.273438 0.000000 2779.125488 0.000000 0.092329 0.000000 0.995729 0.000000 0.000000 0.000000
6333.252441 0.000000 2778.160645 0.000000 0.814715 0.000000 0.579862 0.000000 0.000000 0.000000
6305.049316 0.000000 2768.984619 0.000000 0.794904 0.000000 -0.606736 0.000000 0.000000 0.000000
6317.585449 0.000000 2778.167480 0.000000 0.486409 0.000000 0.873731 1.000000 1.000000 1.000000
6331.529785 0.000000 2768.381348 0.000000 0.367630 0.000000 -0.929972 0.000000 0.000000 0.000000
6301.739258 0.000000 2789.197510 0.000000 0.695958 0.000000 0.718082 0.000000 0.000000 0.000000
6306.934570 0.000000 2771.303467 0.000000 0.999568 0.000000 0.029383 0.000000 0.000000 0.000000
6307.217285 0.000000 2778.572998 0.000000 0.166278 0.000000 -0.986079 0.000000 0.000000 0.000000
6332.271484 0.000000 2776.247803 0.000000 0.057888 0.000000 -0.998323 0.000000 0.000000 0.000000
6278.912598 0.000000 2767.736084 0.000000 0.958108 0.000000 0.286408 1.000000 1.000000 1.000000
6335.825195 0.000000 2780.987061 0.000000 0.445092 0.000000 -0.895485 0.000000 0.000000 0.000000
6311.104492 0.000000 2779.627930 0.000000 0.999918 0.000000 -0.012780 0.000000 0.000000 0.000000
6299.504395 0.000000 2781.712646 0.000000 0.758033 0.000000 -0.652216 0.000000 0.000000 0.000000
6315.071777 0.000000 2778.312988 0.000000 0.672211 0.000000 -0.740359 1.000000 1.000000 1.000000
6328.654297 0.000000 2784.947266 0.000000 0.629169 0.000000 -0.777269 1.000000 1.000000 1.000000
6302.652344 0.000000 2779.819824 0.000000 0.951187 0.000000 0.308614 0.000000 0.000000 0.000000
6302.021484 0.000000 2776.001221 0.000000 0.315829 0.000000 -0.948816 0.000000 0.000000 0.000000
6317.431152 0.000000 2771.786133 0.000000 0.460073 0.000000 0.887881 0.000000 0.000000 0.000000
6299.877441 0.000000 2779.225342 0.000000 0.988215 0.000000 -0.153071 0.000000 0.000000 0.000000
6320.748535 0.000000 2769.146729 0.000000 0.946040 0.000000 0.324049 0.000000 0.000000 0.000000
6288.985352 0.000000 2789.910156 0.000000 0.094797 0.000000 0.995497 0.000000 0.000000 0.000000
6307.182129 0.000000 2774.500732 0.000000 0.525281 0.000000 0.850929 0.000000 0.000000 0.000000
6303.632324 0.000000 2778.403076 0.000000 0.998132 0.000000 -0.061088 0.000000 0.000000 0.000000
6306.937012 0.000000 2769.519043 0.000000 0.409719 0.000000 0.912212 1.000000 1.000000 1.000000
6367.453613 0.000000 2784.464600 0.000000 0.724433 0.000000 0.689345 0.000000 0.000000 0.000000
6385.519043 0.000000 2774.063965 0.000000 0.535482 0.000000 0.844547 0.000000 0.000000 0.000000
6362.122559 0.000000 2778.542725 0.000000 0.368815 0.000000 0.929503 0.000000 0.000000 0.000000
6386.789551 0.000000 2779.821777 0.000000 0.982972 0.000000 -0.183757 0.000000 0.000000 0.000000
6386.842773 0.000000 2785.604248 0.000000 0.484628 0.000000 -0.874720 0.000000 0.000000 0.000000
6362.364746 0.000000 2793.295654 0.000000 0.991588 0.000000 0.129438 0.000000 0.000000 0.000000
6363.932617 0.000000 2788.003906 0.000000 0.803949 0.000000 0.594699 0.000000 0.000000 0.000000
6374.686523 0.000000 2768.040039 0.000000 0.013624 0.000000 -0.999907 0.000000 0.000000 0.000000
6374.337891 0.000000 2781.470459 0.000000 0.991074 0.000000 0.133316 0.000000 0.000000 0.000000
6371.200195 0.000000 2780.531250 0.000000 0.948961 0.000000 0.315394 0.000000 0.000000 0.000000
6363.635742 0.000000 2790.784668 0.000000 0.109942 0.000000 -0.993938 0.000000 0.000000 0.000000
6361.706543 0.000000 2781.373779 0.000000 0.584451 0.000000 0.811429 0.000000 0.000000 0.000000
6374.385742 0.000000 2784.579346 0.000000 0.749265 0.000000 -0.662270 0.000000 0.000000 0.000000
6356.805176 0.000000 2767.802002 0.000000 0.950008 0.000000 -0.312224 0.000000 0.000000 0.000000
6364.928223 0.000000 2785.614502 0.000000 0.950730 0.000000 -0.310020 0.000000 0.000000 0.000000
6362.245605 0.000000 2786.246338 0.000000 0.343162 0.000000 0.939276 0.000000 0.000000 0.000000
6342.912598 0.000000 2767.736084 0.000000 0.833247 0.000000 0.552901 0.000000 0.000000 0.000000
6359.366211 0.000000 2770.386963 0.000000 0.203051 0.000000 -0.979168 0.000000 0.000000 0.000000
6361.304688 0.000000 2768.728027 0.000000 0.562945 0.000000 0.826494 0.000000 0.000000 0.000000
6336.371582 0.000000 2772.819092 0.000000 0.976389 0.000000 0.216019 0.000000 0.000000 0.000000
6363.120117 0.000000 2769.683105 0.000000 0.437928 0.000000 -0.899010 0.000000 0.000000 0.000000
6339.095703 0.000000 2783.184570 0.000000 0.163672 0.000000 -0.986515 0.000000 0.000000 0.000000
6362.957520 0.000000 2774.361084 0.000000 0.886053 0.000000 0.463583 0.000000 0.000000 0.000000
6419.771973 0.000000 2790.359863 0.000000 0.993327 0.000000 0.115333 0.000000 0.000000 0.000000
6412.526855 0.000000 2790.780273 0.000000 0.891599 0.000000 0.452825 0.000000 0.000000 0.000000
"}
