object={
	name="bush_02_generator_1_0"
	clamp_to_water_level=no
	render_under_water=no
	generated_content=yes
	layer="semidynamic_medium"
	pdxmesh="tree_bush_03_mesh"
	count=1908
	transform="1785.384521 0.000000 2259.142334 0.000000 0.562937 0.000000 0.826500 0.186749 0.186749 0.186749
1791.697998 0.000000 2247.614746 0.000000 0.976051 0.000000 0.217540 0.182471 0.182471 0.182471
1784.630249 0.000000 2256.345703 0.000000 0.820436 0.000000 0.571738 0.187885 0.187885 0.187885
1774.880859 0.000000 2253.426270 0.000000 0.053042 0.000000 0.998592 0.190338 0.190338 0.190338
1789.281982 0.000000 2246.845947 0.000000 0.351654 0.000000 0.936130 0.177206 0.177206 0.177206
1784.411987 0.000000 2257.936768 0.000000 0.995564 0.000000 0.094091 0.191022 0.191022 0.191022
1774.873413 0.000000 2251.991943 0.000000 0.931775 0.000000 0.363036 0.197635 0.197635 0.197635
1850.462280 0.000000 2163.476318 0.000000 0.799550 0.000000 0.600599 0.173400 0.173400 0.173400
1830.646362 0.000000 2178.563477 0.000000 0.915394 0.000000 -0.402558 0.202070 0.202070 0.202070
1838.693970 0.000000 2178.464844 0.000000 0.463361 0.000000 0.886169 0.187118 0.187118 0.187118
1828.550415 0.000000 2177.200195 0.000000 0.236082 0.000000 0.971733 0.191517 0.191517 0.191517
1815.348877 0.000000 2199.404785 0.000000 0.961903 0.000000 0.273391 0.191018 0.191018 0.191018
1841.424561 0.000000 2184.822754 0.000000 0.987632 0.000000 -0.156787 0.201002 0.201002 0.201002
1828.682007 0.000000 2170.195557 0.000000 0.932797 0.000000 -0.360403 0.202347 0.202347 0.202347
1828.915894 0.000000 2174.468750 0.000000 0.996644 0.000000 0.081857 0.199478 0.199478 0.199478
1845.449585 0.000000 2196.297852 0.000000 0.751265 0.000000 0.660000 0.195411 0.195411 0.195411
1831.260986 0.000000 2168.010254 0.000000 0.962621 0.000000 0.270851 0.198254 0.198254 0.198254
1841.324829 0.000000 2182.003418 0.000000 0.853138 0.000000 0.521685 0.196506 0.196506 0.196506
1831.989624 0.000000 2172.310059 0.000000 0.913063 0.000000 0.407818 0.197326 0.197326 0.197326
1812.441162 0.000000 2201.912842 0.000000 0.978231 0.000000 0.207521 0.198669 0.198669 0.198669
1829.817749 0.000000 2179.973145 0.000000 0.914476 0.000000 0.404639 0.192926 0.192926 0.192926
1814.444946 0.000000 2198.104980 0.000000 0.676371 0.000000 0.736562 0.187638 0.187638 0.187638
1824.608643 0.000000 2177.937500 0.000000 0.956294 0.000000 0.292407 0.198111 0.198111 0.198111
1813.893921 0.000000 2199.680176 0.000000 0.995409 0.000000 -0.095709 0.200610 0.200610 0.200610
1826.937866 0.000000 2176.911377 0.000000 0.888708 0.000000 0.458474 0.196416 0.196416 0.196416
1829.086060 0.000000 2172.777100 0.000000 0.970216 0.000000 0.242242 0.198442 0.198442 0.198442
1838.049438 0.000000 2184.319824 0.000000 0.893165 0.000000 0.449729 0.197030 0.197030 0.197030
1841.244507 0.000000 2183.458496 0.000000 0.818973 0.000000 -0.573832 0.203891 0.203891 0.203891
1831.319580 0.000000 2171.118896 0.000000 0.907155 0.000000 -0.420796 0.202765 0.202765 0.202765
1844.600952 0.000000 2197.343750 0.000000 0.922672 0.000000 -0.385586 0.202520 0.202520 0.202520
1838.269653 0.000000 2181.707764 0.000000 0.814539 0.000000 0.580108 0.196060 0.196060 0.196060
1840.177368 0.000000 2184.448242 0.000000 0.871077 0.000000 -0.491146 0.203268 0.203268 0.203268
1831.639160 0.000000 2173.479492 0.000000 0.974061 0.000000 -0.226287 0.201453 0.201453 0.201453
1840.161255 0.000000 2185.755371 0.000000 0.954980 0.000000 0.296671 0.198082 0.198082 0.198082
1845.900513 0.000000 2197.781006 0.000000 0.102691 0.000000 0.994713 0.190655 0.190655 0.190655
1829.454834 0.000000 2175.590088 0.000000 0.997320 0.000000 0.073167 0.199534 0.199534 0.199534
1831.180420 0.000000 2176.830566 0.000000 0.058207 0.000000 0.998304 0.190371 0.190371 0.190371
1840.086670 0.000000 2182.087891 0.000000 0.990169 0.000000 -0.139874 0.200893 0.200893 0.200893
1801.084717 0.000000 2213.708496 0.000000 0.950192 0.000000 0.311664 0.178572 0.178572 0.178572
1853.738403 0.000000 2231.139893 0.000000 0.237511 0.000000 0.971385 0.168458 0.168458 0.168458
1794.575806 0.000000 2244.017578 0.000000 0.664613 0.000000 0.747187 0.176092 0.176092 0.176092
1854.581909 0.000000 2217.757812 0.000000 0.834941 0.000000 -0.550339 0.182597 0.182597 0.182597
1794.552734 0.000000 2258.966797 0.000000 0.997949 0.000000 0.064020 0.190088 0.190088 0.190088
1793.118530 0.000000 2247.620850 0.000000 0.720165 0.000000 0.693802 0.192386 0.192386 0.192386
1797.141602 0.000000 2228.396973 0.000000 0.975663 0.000000 -0.219273 0.174892 0.174892 0.174892
1845.005371 0.000000 2255.085938 0.000000 0.935169 0.000000 -0.354201 0.202305 0.202305 0.202305
1855.273682 0.000000 2214.281738 0.000000 0.593384 0.000000 0.804920 0.172846 0.172846 0.172846
1825.049316 0.000000 2204.140869 0.000000 0.970391 0.000000 -0.241540 0.201553 0.201553 0.201553
1810.979736 0.000000 2242.904541 0.000000 0.432434 0.000000 0.901665 0.192847 0.192847 0.192847
1796.166992 0.000000 2251.655273 0.000000 0.937319 0.000000 -0.348472 0.201699 0.201699 0.201699
1796.189941 0.000000 2248.053955 0.000000 0.137961 0.000000 0.990438 0.190881 0.190881 0.190881
1805.189209 0.000000 2211.145264 0.000000 0.688895 0.000000 0.724861 0.194838 0.194838 0.194838
1834.439941 0.000000 2215.114502 0.000000 0.933202 0.000000 0.359351 0.197660 0.197660 0.197660
1794.657715 0.000000 2247.653076 0.000000 0.949109 0.000000 -0.314949 0.202040 0.202040 0.202040
1811.337769 0.000000 2203.049561 0.000000 0.923039 0.000000 -0.384706 0.202514 0.202514 0.202514
1825.739258 0.000000 2205.414551 0.000000 0.897387 0.000000 -0.441244 0.202909 0.202909 0.202909
1804.182983 0.000000 2212.545898 0.000000 0.022942 0.000000 0.999737 0.190146 0.190146 0.190146
1796.993774 0.000000 2227.073730 0.000000 0.034686 0.000000 0.999398 0.190221 0.190221 0.190221
1793.354248 0.000000 2244.606689 0.000000 0.416537 0.000000 0.909119 0.192735 0.192735 0.192735
1796.561035 0.000000 2249.172119 0.000000 0.999985 0.000000 0.005459 0.199965 0.199965 0.199965
1804.215454 0.000000 2213.747070 0.000000 0.938769 0.000000 0.344548 0.197761 0.197761 0.197761
1809.980591 0.000000 2242.146240 0.000000 0.846508 0.000000 -0.532376 0.203574 0.203574 0.203574
1809.965454 0.000000 2243.515869 0.000000 0.690398 0.000000 0.723430 0.194851 0.194851 0.194851
1794.421021 0.000000 2246.606934 0.000000 0.884409 0.000000 -0.466713 0.203091 0.203091 0.203091
1856.233887 0.000000 2216.333984 0.000000 0.473413 0.000000 0.880840 0.193140 0.193140 0.193140
1785.460693 0.000000 2259.478271 0.000000 0.933046 0.000000 0.359758 0.190460 0.190460 0.190460
1784.742188 0.000000 2289.268799 0.000000 0.903037 0.000000 0.429563 0.197173 0.197173 0.197173
1790.970947 0.000000 2282.031006 0.000000 0.951596 0.000000 -0.307353 0.185015 0.185015 0.185015
1758.946045 0.000000 2287.838867 0.000000 0.690300 0.000000 0.723523 0.193759 0.193759 0.193759
1758.609497 0.000000 2285.037598 0.000000 0.145918 0.000000 0.989297 0.190932 0.190932 0.190932
1759.972656 0.000000 2283.755859 0.000000 0.849838 0.000000 0.527044 0.196466 0.196466 0.196466
1777.237427 0.000000 2272.581543 0.000000 0.932376 0.000000 0.361490 0.197645 0.197645 0.197645
1775.029785 0.000000 2273.618408 0.000000 0.209424 0.000000 0.977825 0.182768 0.182768 0.182768
1790.906006 0.000000 2265.185303 0.000000 0.999909 0.000000 0.013481 0.199354 0.199354 0.199354
1759.303223 0.000000 2286.386475 0.000000 0.997245 0.000000 -0.074180 0.199350 0.199350 0.199350
1756.743164 0.000000 2287.988037 0.000000 0.999176 0.000000 -0.040583 0.200258 0.200258 0.200258
1759.740845 0.000000 2304.343506 0.000000 0.969226 0.000000 -0.246172 0.200454 0.200454 0.200454
1783.777832 0.000000 2288.310059 0.000000 0.809482 0.000000 -0.587144 0.203995 0.203995 0.203995
1782.683350 0.000000 2289.936768 0.000000 0.536128 0.000000 0.844137 0.193602 0.193602 0.193602
1776.335083 0.000000 2275.478271 0.000000 0.934063 0.000000 -0.357109 0.202325 0.202325 0.202325
1776.162720 0.000000 2273.238281 0.000000 0.953366 0.000000 -0.301815 0.201952 0.201952 0.201952
1777.438110 0.000000 2275.549805 0.000000 0.151576 0.000000 0.988446 0.190969 0.190969 0.190969
1777.976196 0.000000 2274.453613 0.000000 0.882695 0.000000 -0.469946 0.203115 0.203115 0.203115
1748.569458 0.000000 2321.245850 0.000000 0.956026 0.000000 0.293282 0.198105 0.198105 0.198105
1764.276123 0.000000 2349.106201 0.000000 0.731864 0.000000 0.681450 0.170619 0.170619 0.170619
1757.237427 0.000000 2349.381592 0.000000 0.908739 0.000000 -0.417365 0.202741 0.202741 0.202741
1756.380127 0.000000 2370.709717 0.000000 0.592450 0.000000 0.805607 0.165774 0.165774 0.165774
1749.235596 0.000000 2335.720459 0.000000 0.705704 0.000000 0.708507 0.166586 0.166586 0.166586
1771.601562 0.000000 2368.759521 0.000000 0.879041 0.000000 -0.476746 0.203164 0.203164 0.203164
1741.872192 0.000000 2344.261963 0.000000 0.768790 0.000000 0.639502 0.195583 0.195583 0.195583
1780.706299 0.000000 2372.174805 0.000000 0.120412 0.000000 0.992724 0.190768 0.190768 0.190768
1760.330200 0.000000 2370.156738 0.000000 0.930231 0.000000 -0.366974 0.197290 0.197290 0.197290
1777.129272 0.000000 2366.265381 0.000000 0.276307 0.000000 0.961070 0.178889 0.178889 0.178889
1734.028809 0.000000 2338.789062 0.000000 0.890887 0.000000 0.454226 0.196998 0.196998 0.196998
1773.836670 0.000000 2368.492188 0.000000 0.985408 0.000000 -0.170207 0.201089 0.201089 0.201089
1778.394165 0.000000 2367.981201 0.000000 0.994262 0.000000 -0.106970 0.183818 0.183818 0.183818
1766.819946 0.000000 2368.111084 0.000000 0.929143 0.000000 -0.369721 0.202411 0.202411 0.202411
1754.529663 0.000000 2371.266113 0.000000 0.749541 0.000000 0.661958 0.195395 0.195395 0.195395
1775.350220 0.000000 2370.602539 0.000000 0.626238 0.000000 0.779632 0.194308 0.194308 0.194308
1751.366211 0.000000 2318.511963 0.000000 0.791969 0.000000 0.610561 0.177718 0.177718 0.177718
1781.188721 0.000000 2370.272217 0.000000 0.754824 0.000000 0.655927 0.195446 0.195446 0.195446
1771.722900 0.000000 2371.182617 0.000000 0.997516 0.000000 0.070437 0.199551 0.199551 0.199551
1736.953247 0.000000 2341.790039 0.000000 0.667712 0.000000 0.744419 0.182114 0.182114 0.182114
1748.433228 0.000000 2332.874023 0.000000 0.460650 0.000000 0.887582 0.193048 0.193048 0.193048
1769.936401 0.000000 2368.955811 0.000000 0.998740 0.000000 0.050191 0.199680 0.199680 0.199680
1778.861328 0.000000 2371.376953 0.000000 0.689581 0.000000 0.724209 0.194844 0.194844 0.194844
1749.209473 0.000000 2322.721680 0.000000 0.592953 0.000000 0.805237 0.194041 0.194041 0.194041
1751.674072 0.000000 2321.815430 0.000000 0.998625 0.000000 -0.052415 0.200334 0.200334 0.200334
1751.560547 0.000000 2333.385254 0.000000 0.915259 0.000000 -0.402865 0.202640 0.202640 0.202640
1782.238159 0.000000 2372.221436 0.000000 0.551495 0.000000 0.834178 0.193719 0.193719 0.193719
1740.996094 0.000000 2345.691162 0.000000 0.977944 0.000000 -0.208869 0.201340 0.201340 0.201340
1769.205444 0.000000 2372.315674 0.000000 0.948047 0.000000 -0.318131 0.202061 0.202061 0.202061
1750.014160 0.000000 2321.393555 0.000000 0.923157 0.000000 -0.384424 0.202512 0.202512 0.202512
1735.363403 0.000000 2339.309814 0.000000 0.924834 0.000000 -0.380372 0.202484 0.202484 0.202484
1770.601562 0.000000 2367.708008 0.000000 0.206092 0.000000 0.978533 0.191321 0.191321 0.191321
1777.352295 0.000000 2368.993164 0.000000 0.665984 0.000000 0.745966 0.194640 0.194640 0.194640
1774.236450 0.000000 2371.715820 0.000000 0.082260 0.000000 0.996611 0.190524 0.190524 0.190524
1779.649780 0.000000 2368.480957 0.000000 0.722129 0.000000 0.691758 0.195137 0.195137 0.195137
1774.953857 0.000000 2369.259033 0.000000 0.572568 0.000000 0.819857 0.193881 0.193881 0.193881
1768.703369 0.000000 2370.727783 0.000000 0.999993 0.000000 -0.003809 0.200024 0.200024 0.200024
1780.148193 0.000000 2371.021484 0.000000 0.903564 0.000000 -0.428452 0.202819 0.202819 0.202819
1772.898315 0.000000 2371.720215 0.000000 0.469535 0.000000 0.882914 0.193112 0.193112 0.193112
1777.639282 0.000000 2371.615967 0.000000 0.653746 0.000000 0.756714 0.194536 0.194536 0.194536
1768.053711 0.000000 2368.213623 0.000000 0.346254 0.000000 0.938141 0.192251 0.192251 0.192251
1780.617065 0.000000 2369.216309 0.000000 0.970425 0.000000 -0.241403 0.201552 0.201552 0.201552
1770.690552 0.000000 2371.902588 0.000000 0.705292 0.000000 0.708917 0.194984 0.194984 0.194984
1778.290283 0.000000 2369.625488 0.000000 0.855943 0.000000 -0.517071 0.203460 0.203460 0.203460
1758.961914 0.000000 2373.305176 0.000000 0.989733 0.000000 -0.142932 0.200913 0.200913 0.200913
1784.639160 0.000000 2377.316162 0.000000 0.947465 0.000000 0.319859 0.197927 0.197927 0.197927
1748.984863 0.000000 2409.541748 0.000000 0.720327 0.000000 0.693635 0.165060 0.165060 0.165060
1784.473511 0.000000 2380.474609 0.000000 0.980600 0.000000 0.196021 0.198744 0.198744 0.198744
1766.824463 0.000000 2377.581543 0.000000 0.945315 0.000000 0.326160 0.170724 0.170724 0.170724
1765.463867 0.000000 2379.949219 0.000000 0.574527 0.000000 0.818485 0.180318 0.180318 0.180318
1748.435791 0.000000 2414.615723 0.000000 0.412968 0.000000 0.910746 0.187312 0.187312 0.187312
1774.693970 0.000000 2404.402344 0.000000 0.983723 0.000000 0.179692 0.185482 0.185482 0.185482
1777.687988 0.000000 2381.296387 0.000000 0.888026 0.000000 0.459793 0.196958 0.196958 0.196958
1779.914307 0.000000 2378.132080 0.000000 0.918639 0.000000 0.395097 0.194096 0.194096 0.194096
1780.657715 0.000000 2372.379883 0.000000 0.970282 0.000000 0.241975 0.198444 0.198444 0.198444
1782.385376 0.000000 2376.252686 0.000000 0.999664 0.000000 0.025922 0.199835 0.199835 0.199835
1788.727539 0.000000 2374.838135 0.000000 0.800426 0.000000 0.599431 0.170665 0.170665 0.170665
1783.794922 0.000000 2385.349854 0.000000 0.862430 0.000000 0.506177 0.188360 0.188360 0.188360
1782.255737 0.000000 2381.103760 0.000000 0.996619 0.000000 0.082162 0.199476 0.199476 0.199476
1767.465576 0.000000 2382.229492 0.000000 0.953972 0.000000 0.299895 0.198061 0.198061 0.198061
1761.049316 0.000000 2373.593994 0.000000 0.462573 0.000000 0.886581 0.193061 0.193061 0.193061
1784.246460 0.000000 2375.200684 0.000000 0.976006 0.000000 0.217746 0.198603 0.198603 0.198603
1773.585205 0.000000 2382.776855 0.000000 0.879804 0.000000 -0.475337 0.203153 0.203153 0.203153
1746.979736 0.000000 2412.357666 0.000000 0.686938 0.000000 0.726716 0.194821 0.194821 0.194821
1750.911865 0.000000 2413.333252 0.000000 0.711935 0.000000 0.702245 0.195044 0.195044 0.195044
1778.709717 0.000000 2386.433594 0.000000 0.813837 0.000000 -0.581093 0.203947 0.203947 0.203947
1750.604004 0.000000 2410.873291 0.000000 0.947600 0.000000 0.319458 0.180743 0.180743 0.180743
1779.318481 0.000000 2405.985107 0.000000 0.983153 0.000000 0.182787 0.193817 0.193817 0.193817
1773.587769 0.000000 2380.115967 0.000000 0.960417 0.000000 0.278566 0.198203 0.198203 0.198203
1757.096802 0.000000 2372.739990 0.000000 0.673764 0.000000 0.738946 0.194706 0.194706 0.194706
1758.725830 0.000000 2375.936279 0.000000 0.995870 0.000000 0.090792 0.185456 0.185456 0.185456
1777.909058 0.000000 2404.185059 0.000000 0.925024 0.000000 0.379910 0.182027 0.182027 0.182027
1771.072021 0.000000 2382.922363 0.000000 0.880766 0.000000 -0.473551 0.203141 0.203141 0.203141
1781.097412 0.000000 2374.129150 0.000000 0.871698 0.000000 0.490044 0.196740 0.196740 0.196740
1764.748901 0.000000 2381.713135 0.000000 0.992001 0.000000 -0.126232 0.200806 0.200806 0.200806
1770.442139 0.000000 2400.394531 0.000000 0.605248 0.000000 0.796037 0.184350 0.184350 0.184350
1769.963501 0.000000 2379.873047 0.000000 0.910120 0.000000 0.414344 0.190649 0.190649 0.190649
1780.916016 0.000000 2379.706787 0.000000 0.880434 0.000000 -0.474169 0.203145 0.203145 0.203145
1771.765381 0.000000 2401.627930 0.000000 0.998584 0.000000 0.053190 0.189594 0.189594 0.189594
1785.112305 0.000000 2378.934082 0.000000 0.028637 0.000000 0.999590 0.190182 0.190182 0.190182
1786.082642 0.000000 2376.568115 0.000000 0.138583 0.000000 0.990351 0.190885 0.190885 0.190885
1783.848511 0.000000 2372.406738 0.000000 0.461375 0.000000 0.887205 0.193053 0.193053 0.193053
1781.071411 0.000000 2377.084961 0.000000 0.792885 0.000000 0.609372 0.195828 0.195828 0.195828
1766.707031 0.000000 2380.901123 0.000000 0.968387 0.000000 0.249454 0.198395 0.198395 0.198395
1774.421387 0.000000 2381.390869 0.000000 0.821739 0.000000 0.569863 0.196140 0.196140 0.196140
1785.144531 0.000000 2373.958984 0.000000 0.995333 0.000000 0.096505 0.199385 0.199385 0.199385
1789.975830 0.000000 2413.029541 0.000000 0.910294 0.000000 0.413962 0.197283 0.197283 0.197283
1773.387451 0.000000 2405.131836 0.000000 0.901409 0.000000 0.432969 0.197149 0.197149 0.197149
1774.908691 0.000000 2383.653076 0.000000 0.936781 0.000000 -0.349917 0.202276 0.202276 0.202276
1788.055420 0.000000 2378.260986 0.000000 0.967643 0.000000 -0.252321 0.201624 0.201624 0.201624
1771.440918 0.000000 2380.032227 0.000000 0.555577 0.000000 0.831465 0.193750 0.193750 0.193750
1782.041992 0.000000 2372.385986 0.000000 0.391324 0.000000 0.920253 0.192560 0.192560 0.192560
1760.052002 0.000000 2372.365967 0.000000 0.166476 0.000000 0.986046 0.191065 0.191065 0.191065
1782.252563 0.000000 2374.898438 0.000000 0.075327 0.000000 0.997159 0.190480 0.190480 0.190480
1766.073975 0.000000 2382.190430 0.000000 0.324867 0.000000 0.945760 0.192106 0.192106 0.192106
1749.231079 0.000000 2410.856201 0.000000 0.427885 0.000000 0.903833 0.192815 0.192815 0.192815
1783.696777 0.000000 2381.629639 0.000000 0.404990 0.000000 0.914321 0.192655 0.192655 0.192655
1789.256958 0.000000 2377.708496 0.000000 0.285417 0.000000 0.958403 0.191843 0.191843 0.191843
1772.221924 0.000000 2405.729492 0.000000 0.979014 0.000000 0.203792 0.198693 0.198693 0.198693
1776.350952 0.000000 2381.252686 0.000000 0.733777 0.000000 0.679391 0.195245 0.195245 0.195245
1785.981567 0.000000 2377.971191 0.000000 0.987602 0.000000 0.156981 0.198996 0.198996 0.198996
1749.323364 0.000000 2413.565674 0.000000 0.999022 0.000000 0.044216 0.199718 0.199718 0.199718
1786.353271 0.000000 2373.474121 0.000000 0.825316 0.000000 -0.564671 0.203820 0.203820 0.203820
1764.154541 0.000000 2380.046143 0.000000 0.958782 0.000000 0.284143 0.198166 0.198166 0.198166
1787.996826 0.000000 2379.612793 0.000000 0.163320 0.000000 0.986573 0.191044 0.191044 0.191044
1768.696289 0.000000 2382.591309 0.000000 0.935911 0.000000 -0.352235 0.202292 0.202292 0.202292
1768.398438 0.000000 2381.210205 0.000000 0.932027 0.000000 0.362388 0.197639 0.197639 0.197639
1785.374878 0.000000 2375.601562 0.000000 0.273376 0.000000 0.961907 0.191763 0.191763 0.191763
1784.005127 0.000000 2378.450928 0.000000 0.397871 0.000000 0.917441 0.192605 0.192605 0.192605
1782.206543 0.000000 2379.759521 0.000000 0.755948 0.000000 0.654631 0.195456 0.195456 0.195456
1767.708496 0.000000 2378.338379 0.000000 0.931449 0.000000 -0.363871 0.202371 0.202371 0.202371
1766.709351 0.000000 2383.151367 0.000000 0.932926 0.000000 -0.360068 0.202345 0.202345 0.202345
1773.243774 0.000000 2381.205811 0.000000 0.800985 0.000000 0.598685 0.195914 0.195914 0.195914
1767.854004 0.000000 2383.392334 0.000000 0.648219 0.000000 0.761454 0.194490 0.194490 0.194490
1784.214111 0.000000 2383.870850 0.000000 0.453984 0.000000 0.891010 0.193000 0.193000 0.193000
1786.572144 0.000000 2372.379639 0.000000 0.879329 0.000000 0.476216 0.196840 0.196840 0.196840
1748.036987 0.000000 2412.092529 0.000000 0.891312 0.000000 -0.453391 0.202996 0.202996 0.202996
1783.309570 0.000000 2380.589355 0.000000 0.876718 0.000000 -0.481005 0.203195 0.203195 0.203195
1772.467773 0.000000 2380.349121 0.000000 0.113043 0.000000 0.993590 0.190721 0.190721 0.190721
1785.506714 0.000000 2379.916504 0.000000 0.867783 0.000000 -0.496943 0.203311 0.203311 0.203311
1787.028198 0.000000 2377.747559 0.000000 0.819774 0.000000 0.572687 0.196118 0.196118 0.196118
1726.581909 0.000000 2443.695312 0.000000 0.060457 0.000000 0.998171 0.165854 0.165854 0.165854
1731.820923 0.000000 2442.633545 0.000000 0.949293 0.000000 -0.314393 0.202036 0.202036 0.202036
1731.912964 0.000000 2439.764648 0.000000 0.981128 0.000000 -0.193360 0.188838 0.188838 0.188838
1752.641113 0.000000 2484.552734 0.000000 0.984371 0.000000 0.176106 0.198873 0.198873 0.198873
1730.199341 0.000000 2435.940430 0.000000 0.019770 0.000000 0.999805 0.170421 0.170421 0.170421
1729.654297 0.000000 2443.186279 0.000000 0.999393 0.000000 0.034838 0.199778 0.199778 0.199778
1746.979736 0.000000 2468.842041 0.000000 0.945334 0.000000 0.326102 0.197885 0.197885 0.197885
1736.076904 0.000000 2472.881592 0.000000 0.950046 0.000000 -0.312111 0.202021 0.202021 0.202021
1754.529663 0.000000 2484.234863 0.000000 0.909435 0.000000 0.415847 0.197270 0.197270 0.197270
1740.251709 0.000000 2435.664307 0.000000 0.986970 0.000000 -0.160903 0.201029 0.201029 0.201029
1747.881592 0.000000 2467.365723 0.000000 0.253717 0.000000 0.967278 0.191633 0.191633 0.191633
1741.306641 0.000000 2453.379639 0.000000 0.998390 0.000000 0.056726 0.199639 0.199639 0.199639
1744.584229 0.000000 2467.184326 0.000000 0.925536 0.000000 -0.378659 0.199637 0.199637 0.199637
1743.824707 0.000000 2452.274902 0.000000 0.914062 0.000000 0.405574 0.197341 0.197341 0.197341
1728.233887 0.000000 2442.271484 0.000000 0.995876 0.000000 0.090730 0.199422 0.199422 0.199422
1728.369751 0.000000 2439.729980 0.000000 0.949570 0.000000 0.313556 0.197970 0.197970 0.197970
1734.562622 0.000000 2472.250244 0.000000 0.811110 0.000000 0.584894 0.196023 0.196023 0.196023
1729.945557 0.000000 2445.131836 0.000000 0.829299 0.000000 -0.558805 0.203775 0.203775 0.203775
1755.159668 0.000000 2482.956543 0.000000 0.564017 0.000000 0.825763 0.192186 0.192186 0.192186
1737.264038 0.000000 2473.421387 0.000000 0.914082 0.000000 0.405530 0.197342 0.197342 0.197342
1753.752441 0.000000 2485.205322 0.000000 0.987900 0.000000 0.155090 0.199009 0.199009 0.199009
1741.527222 0.000000 2435.871826 0.000000 0.556774 0.000000 0.830664 0.193759 0.193759 0.193759
1755.631348 0.000000 2484.678223 0.000000 0.120929 0.000000 0.992661 0.190772 0.190772 0.190772
1729.121704 0.000000 2445.936523 0.000000 0.924678 0.000000 0.380751 0.197513 0.197513 0.197513
1815.890747 0.000000 2278.432617 0.000000 0.896561 0.000000 -0.442921 0.202921 0.202921 0.202921
1821.020508 0.000000 2272.205322 0.000000 0.874062 0.000000 0.485814 0.164802 0.164802 0.164802
1828.759888 0.000000 2280.751221 0.000000 0.804834 0.000000 0.593500 0.177841 0.177841 0.177841
1819.635498 0.000000 2282.425293 0.000000 0.999863 0.000000 0.016525 0.199895 0.199895 0.199895
1817.706665 0.000000 2273.014404 0.000000 0.997581 0.000000 -0.069512 0.177984 0.177984 0.177984
1813.235596 0.000000 2279.236084 0.000000 0.891650 0.000000 0.452726 0.197009 0.197009 0.197009
1802.565063 0.000000 2261.923828 0.000000 0.581215 0.000000 0.813750 0.166242 0.166242 0.166242
1814.077637 0.000000 2276.549561 0.000000 0.569087 0.000000 0.822277 0.185166 0.185166 0.185166
1796.602173 0.000000 2261.980713 0.000000 0.638522 0.000000 0.769603 0.194409 0.194409 0.194409
1824.801392 0.000000 2287.690186 0.000000 0.985293 0.000000 0.170872 0.198907 0.198907 0.198907
1831.260986 0.000000 2280.979004 0.000000 0.999592 0.000000 0.028580 0.193661 0.193661 0.193661
1819.504272 0.000000 2273.353271 0.000000 0.992423 0.000000 -0.122872 0.200784 0.200784 0.200784
1819.877563 0.000000 2270.865967 0.000000 0.919303 0.000000 -0.393550 0.202575 0.202575 0.202575
1798.054321 0.000000 2260.973633 0.000000 0.160773 0.000000 0.986991 0.178721 0.178721 0.178721
1829.265259 0.000000 2279.038574 0.000000 0.805635 0.000000 0.592412 0.195964 0.195964 0.195964
1825.478516 0.000000 2289.396484 0.000000 0.149623 0.000000 0.988743 0.190956 0.190956 0.190956
1828.813599 0.000000 2276.529297 0.000000 0.734952 0.000000 0.678119 0.195256 0.195256 0.195256
1814.350952 0.000000 2278.115479 0.000000 0.946732 0.000000 0.322024 0.197913 0.197913 0.197913
1818.692261 0.000000 2271.825928 0.000000 0.847371 0.000000 0.531002 0.196436 0.196436 0.196436
1817.045288 0.000000 2271.266846 0.000000 0.069239 0.000000 0.997600 0.190441 0.190441 0.190441
1854.906006 0.000000 2265.185303 0.000000 0.979756 0.000000 0.200195 0.198717 0.198717 0.198717
1823.303223 0.000000 2286.386475 0.000000 0.862113 0.000000 -0.506716 0.203383 0.203383 0.203383
1819.322510 0.000000 2283.844971 0.000000 0.845528 0.000000 0.533931 0.196414 0.196414 0.196414
1826.937866 0.000000 2289.880127 0.000000 0.363890 0.000000 0.931442 0.192371 0.192371 0.192371
1831.870972 0.000000 2279.810547 0.000000 0.999243 0.000000 -0.038905 0.200248 0.200248 0.200248
1815.293579 0.000000 2339.424072 0.000000 0.810550 0.000000 -0.585670 0.203983 0.203983 0.203983
1826.111450 0.000000 2347.474609 0.000000 0.907025 0.000000 -0.421077 0.202767 0.202767 0.202767
1815.885254 0.000000 2341.639404 0.000000 0.955092 0.000000 -0.296309 0.187775 0.187775 0.187775
1817.598145 0.000000 2339.490967 0.000000 0.692000 0.000000 0.721897 0.194865 0.194865 0.194865
1805.340454 0.000000 2356.086182 0.000000 0.830709 0.000000 0.556707 0.181400 0.181400 0.181400
1821.614136 0.000000 2347.587402 0.000000 0.820090 0.000000 0.572235 0.196122 0.196122 0.196122
1824.608643 0.000000 2347.390625 0.000000 0.988535 0.000000 -0.150989 0.200965 0.200965 0.200965
1827.506348 0.000000 2347.729492 0.000000 0.979063 0.000000 -0.203557 0.201305 0.201305 0.201305
1816.470459 0.000000 2338.607422 0.000000 0.960212 0.000000 0.279271 0.198198 0.198198 0.198198
1823.786499 0.000000 2349.580811 0.000000 0.981368 0.000000 -0.192139 0.201231 0.201231 0.201231
1825.316040 0.000000 2348.552490 0.000000 0.984189 0.000000 -0.177120 0.201134 0.201134 0.201134
1822.521851 0.000000 2349.305176 0.000000 0.349219 0.000000 0.937041 0.192271 0.192271 0.192271
1814.048218 0.000000 2338.972412 0.000000 0.994363 0.000000 -0.106027 0.200676 0.200676 0.200676
1808.244385 0.000000 2401.541504 0.000000 0.885112 0.000000 -0.465378 0.203082 0.203082 0.203082
1815.068237 0.000000 2376.854980 0.000000 0.915505 0.000000 0.402306 0.197364 0.197364 0.197364
1798.363647 0.000000 2381.856445 0.000000 0.991401 0.000000 0.130857 0.181312 0.181312 0.181312
1798.953003 0.000000 2407.954102 0.000000 0.819698 0.000000 -0.572796 0.203883 0.203883 0.203883
1796.788818 0.000000 2406.200684 0.000000 0.038802 0.000000 0.999247 0.190247 0.190247 0.190247
1816.779663 0.000000 2376.880371 0.000000 0.943433 0.000000 0.331563 0.197848 0.197848 0.197848
1814.014160 0.000000 2377.877930 0.000000 0.030214 0.000000 0.999543 0.190192 0.190192 0.190192
1808.399292 0.000000 2400.064453 0.000000 0.819161 0.000000 0.573563 0.196111 0.196111 0.196111
1807.223267 0.000000 2400.690186 0.000000 0.521058 0.000000 0.853521 0.193489 0.193489 0.193489
1809.977295 0.000000 2401.812988 0.000000 0.260662 0.000000 0.965430 0.191679 0.191679 0.191679
1705.563477 0.000000 2511.803467 0.000000 0.945632 0.000000 -0.325240 0.171538 0.171538 0.171538
1705.385620 0.000000 2518.230713 0.000000 0.996588 0.000000 -0.082535 0.171318 0.171318 0.171318
1710.043091 0.000000 2491.167236 0.000000 0.393246 0.000000 0.919433 0.165063 0.165063 0.165063
1716.706299 0.000000 2541.627930 0.000000 0.848705 0.000000 0.528866 0.188198 0.188198 0.188198
1713.687988 0.000000 2494.265137 0.000000 0.994257 0.000000 0.107017 0.199317 0.199317 0.199317
1707.060303 0.000000 2519.446045 0.000000 0.843031 0.000000 -0.537865 0.198482 0.198482 0.198482
1712.943604 0.000000 2496.900879 0.000000 0.810924 0.000000 -0.585151 0.203979 0.203979 0.203979
1713.237427 0.000000 2498.519043 0.000000 0.244503 0.000000 0.969649 0.191573 0.191573 0.191573
1707.954346 0.000000 2509.018555 0.000000 0.979079 0.000000 0.203480 0.197026 0.197026 0.197026
1710.203369 0.000000 2508.833984 0.000000 0.761483 0.000000 0.648185 0.191677 0.191677 0.191677
1713.824829 0.000000 2495.797852 0.000000 0.922909 0.000000 -0.385018 0.202516 0.202516 0.202516
1703.180420 0.000000 2515.736816 0.000000 0.469717 0.000000 0.882817 0.193113 0.193113 0.193113
1751.192017 0.000000 2531.203125 0.000000 0.497522 0.000000 0.867451 0.162450 0.162450 0.162450
1758.961914 0.000000 2486.273926 0.000000 0.537229 0.000000 0.843436 0.191984 0.191984 0.191984
1730.822754 0.000000 2519.280518 0.000000 0.688281 0.000000 0.725444 0.170274 0.170274 0.170274
1742.686646 0.000000 2499.904053 0.000000 0.563558 0.000000 0.826076 0.165581 0.165581 0.165581
1748.435791 0.000000 2527.584473 0.000000 0.644910 0.000000 0.764259 0.184113 0.184113 0.184113
1755.677979 0.000000 2490.326660 0.000000 0.945204 0.000000 0.326480 0.173494 0.173494 0.173494
1730.552734 0.000000 2541.388672 0.000000 0.954662 0.000000 -0.297692 0.201924 0.201924 0.201924
1790.994507 0.000000 2532.936279 0.000000 0.458221 0.000000 0.888839 0.165995 0.165995 0.165995
1777.129272 0.000000 2535.718506 0.000000 0.939775 0.000000 0.341794 0.197779 0.197779 0.197779
1774.880859 0.000000 2535.848145 0.000000 0.981648 0.000000 0.190704 0.198778 0.198778 0.198778
1777.262695 0.000000 2539.873535 0.000000 0.852512 0.000000 -0.522707 0.193811 0.193811 0.193811
1732.788818 0.000000 2519.169434 0.000000 0.892441 0.000000 0.451164 0.181016 0.181016 0.181016
1757.096802 0.000000 2485.708740 0.000000 0.783852 0.000000 0.620948 0.195735 0.195735 0.195735
1741.704834 0.000000 2498.139160 0.000000 0.970541 0.000000 0.240938 0.191224 0.191224 0.191224
1749.101562 0.000000 2531.763428 0.000000 0.999711 0.000000 0.024040 0.199847 0.199847 0.199847
1735.546753 0.000000 2516.617432 0.000000 0.931892 0.000000 -0.362736 0.191026 0.191026 0.191026
1757.325562 0.000000 2489.787598 0.000000 0.236716 0.000000 0.971579 0.191521 0.191521 0.191521
1733.808838 0.000000 2540.795654 0.000000 0.833665 0.000000 0.552270 0.196275 0.196275 0.196275
1750.025146 0.000000 2527.606445 0.000000 0.996024 0.000000 -0.089085 0.200568 0.200568 0.200568
1755.133911 0.000000 2488.842773 0.000000 0.845497 0.000000 -0.533980 0.203586 0.203586 0.203586
1758.191162 0.000000 2487.526611 0.000000 0.867522 0.000000 0.497400 0.195033 0.195033 0.195033
1759.834595 0.000000 2487.466064 0.000000 0.353602 0.000000 0.935396 0.190685 0.190685 0.190685
1732.298828 0.000000 2541.210938 0.000000 0.966969 0.000000 0.254895 0.198359 0.198359 0.198359
1741.299561 0.000000 2496.779053 0.000000 0.999303 0.000000 0.037320 0.199762 0.199762 0.199762
1774.953857 0.000000 2538.712158 0.000000 0.426035 0.000000 0.904707 0.192802 0.192802 0.192802
1777.044434 0.000000 2534.392822 0.000000 0.981547 0.000000 -0.191222 0.201225 0.201225 0.201225
1774.797363 0.000000 2537.115723 0.000000 0.922270 0.000000 -0.386547 0.202527 0.202527 0.202527
1755.969971 0.000000 2486.294678 0.000000 0.384063 0.000000 0.923307 0.192510 0.192510 0.192510
1777.121216 0.000000 2537.220703 0.000000 0.265947 0.000000 0.963988 0.191714 0.191714 0.191714
1749.902222 0.000000 2530.798828 0.000000 0.956179 0.000000 -0.292783 0.201892 0.201892 0.201892
1757.048950 0.000000 2486.955078 0.000000 0.563855 0.000000 0.825874 0.193814 0.193814 0.193814
1740.215454 0.000000 2496.168945 0.000000 0.867211 0.000000 0.497941 0.196682 0.196682 0.196682
1756.237305 0.000000 2489.287842 0.000000 0.869769 0.000000 -0.493459 0.203285 0.203285 0.203285
1722.028442 0.000000 2554.895508 0.000000 0.763846 0.000000 0.645399 0.173625 0.173625 0.173625
1700.550415 0.000000 2572.590820 0.000000 0.410766 0.000000 0.911741 0.192695 0.192695 0.192695
1716.657715 0.000000 2541.833008 0.000000 0.959872 0.000000 -0.280438 0.193330 0.193330 0.193330
1695.373413 0.000000 2585.229980 0.000000 0.990017 0.000000 0.140949 0.175676 0.175676 0.175676
1694.716187 0.000000 2588.034912 0.000000 0.984614 0.000000 -0.174744 0.194358 0.194358 0.194358
1725.281982 0.000000 2585.752197 0.000000 0.610005 0.000000 0.792397 0.176771 0.176771 0.176771
1693.264404 0.000000 2588.578125 0.000000 0.866421 0.000000 0.499314 0.191163 0.191163 0.191163
1695.740845 0.000000 2586.765381 0.000000 0.155539 0.000000 0.987830 0.190994 0.190994 0.190994
1725.145874 0.000000 2583.476074 0.000000 0.756958 0.000000 0.653463 0.195466 0.195466 0.195466
1723.484375 0.000000 2582.993164 0.000000 0.985007 0.000000 0.172513 0.198896 0.198896 0.198896
1745.664795 0.000000 2548.452881 0.000000 0.903878 0.000000 -0.427790 0.202814 0.202814 0.202814
1747.894409 0.000000 2549.568604 0.000000 0.984414 0.000000 0.175869 0.188847 0.188847 0.188847
1784.742188 0.000000 2571.690674 0.000000 0.598419 0.000000 0.801183 0.194084 0.194084 0.194084
1742.401855 0.000000 2583.492676 0.000000 0.843273 0.000000 0.537486 0.196387 0.196387 0.196387
1742.033691 0.000000 2547.687744 0.000000 0.444424 0.000000 0.895816 0.192932 0.192932 0.192932
1789.382446 0.000000 2572.099121 0.000000 0.988937 0.000000 -0.148338 0.188002 0.188002 0.188002
1755.739258 0.000000 2585.420166 0.000000 0.346521 0.000000 0.938042 0.187406 0.187406 0.187406
1743.854980 0.000000 2548.326660 0.000000 0.131067 0.000000 0.991374 0.190837 0.190837 0.190837
1728.850586 0.000000 2582.361572 0.000000 0.567485 0.000000 0.823384 0.192213 0.192213 0.192213
1744.790405 0.000000 2549.952148 0.000000 0.987769 0.000000 -0.155924 0.200997 0.200997 0.200997
1785.864868 0.000000 2570.388184 0.000000 0.528266 0.000000 0.849079 0.193543 0.193543 0.193543
1752.203857 0.000000 2586.324463 0.000000 0.444294 0.000000 0.895881 0.187527 0.187527 0.187527
1745.288208 0.000000 2546.878174 0.000000 0.758372 0.000000 0.651822 0.195480 0.195480 0.195480
1787.913818 0.000000 2570.119629 0.000000 0.846904 0.000000 -0.531746 0.203569 0.203569 0.203569
1790.499634 0.000000 2571.185547 0.000000 0.408803 0.000000 0.912623 0.192681 0.192681 0.192681
1788.871704 0.000000 2570.991699 0.000000 0.937316 0.000000 -0.348481 0.202266 0.202266 0.202266
1744.053223 0.000000 2547.157227 0.000000 0.892678 0.000000 -0.450695 0.202976 0.202976 0.202976
1743.914185 0.000000 2581.920898 0.000000 0.869066 0.000000 0.494696 0.196706 0.196706 0.196706
1705.065186 0.000000 2649.986816 0.000000 0.924930 0.000000 -0.380139 0.188870 0.188870 0.188870
1684.994385 0.000000 2600.833984 0.000000 0.213996 0.000000 0.976835 0.191373 0.191373 0.191373
1722.637329 0.000000 2625.214844 0.000000 0.868498 0.000000 -0.495693 0.203302 0.203302 0.203302
1699.689819 0.000000 2649.882812 0.000000 0.470502 0.000000 0.882399 0.193119 0.193119 0.193119
1684.804932 0.000000 2598.348877 0.000000 0.505890 0.000000 0.862598 0.193377 0.193377 0.193377
1692.928345 0.000000 2616.161377 0.000000 0.957343 0.000000 0.288954 0.198134 0.198134 0.198134
1718.180420 0.000000 2622.131348 0.000000 0.990472 0.000000 0.137713 0.191870 0.191870 0.191870
1687.885254 0.000000 2624.061279 0.000000 0.813790 0.000000 0.581158 0.178479 0.178479 0.178479
1695.888550 0.000000 2619.825439 0.000000 0.996603 0.000000 -0.082359 0.193223 0.193223 0.193223
1664.712524 0.000000 2616.502197 0.000000 0.983850 0.000000 0.178993 0.174346 0.174346 0.174346
1711.436157 0.000000 2633.002686 0.000000 0.757702 0.000000 0.652600 0.195474 0.195474 0.195474
1674.618286 0.000000 2611.825684 0.000000 0.705001 0.000000 0.709206 0.186789 0.186789 0.186789
1716.393188 0.000000 2620.674805 0.000000 0.815545 0.000000 0.578694 0.183439 0.183439 0.183439
1677.704834 0.000000 2611.107910 0.000000 0.184939 0.000000 0.982750 0.183687 0.183687 0.183687
1704.388306 0.000000 2648.282959 0.000000 0.971196 0.000000 -0.238283 0.187983 0.187983 0.187983
1713.324829 0.000000 2633.878418 0.000000 0.980023 0.000000 0.198883 0.198725 0.198725 0.198725
1723.429321 0.000000 2623.593750 0.000000 0.163206 0.000000 0.986592 0.191044 0.191044 0.191044
1682.442383 0.000000 2613.297852 0.000000 0.318406 0.000000 0.947955 0.185607 0.185607 0.185607
1683.350342 0.000000 2600.635010 0.000000 0.920520 0.000000 -0.390696 0.202555 0.202555 0.202555
1721.728394 0.000000 2623.676025 0.000000 0.343651 0.000000 0.939098 0.192233 0.192233 0.192233
1683.704102 0.000000 2612.045410 0.000000 0.835797 0.000000 -0.549038 0.196853 0.196853 0.196853
1682.462158 0.000000 2614.861816 0.000000 0.371656 0.000000 0.928371 0.192424 0.192424 0.192424
1674.378174 0.000000 2610.142578 0.000000 0.304535 0.000000 0.952501 0.183904 0.183904 0.183904
1693.380981 0.000000 2617.678955 0.000000 0.996172 0.000000 0.087418 0.199443 0.199443 0.199443
1718.485352 0.000000 2623.695557 0.000000 0.540491 0.000000 0.841350 0.186584 0.186584 0.186584
1698.143921 0.000000 2649.270752 0.000000 0.107806 0.000000 0.994172 0.190688 0.190688 0.190688
1693.938843 0.000000 2614.814697 0.000000 0.957581 0.000000 -0.288163 0.201861 0.201861 0.201861
1726.321777 0.000000 2616.613525 0.000000 0.951408 0.000000 0.307934 0.198007 0.198007 0.198007
1694.394409 0.000000 2616.327637 0.000000 0.649146 0.000000 0.760664 0.194497 0.194497 0.194497
1698.393066 0.000000 2650.982910 0.000000 0.853122 0.000000 0.521711 0.196506 0.196506 0.196506
1696.754517 0.000000 2648.782227 0.000000 0.142416 0.000000 0.989807 0.190910 0.190910 0.190910
1721.198608 0.000000 2625.016602 0.000000 0.984848 0.000000 0.173418 0.198890 0.198890 0.198890
1699.429199 0.000000 2648.452148 0.000000 0.997606 0.000000 -0.069155 0.200441 0.200441 0.200441
1683.301880 0.000000 2617.850098 0.000000 0.764120 0.000000 0.645074 0.194441 0.194441 0.194441
1684.179199 0.000000 2599.558350 0.000000 0.902038 0.000000 0.431656 0.197159 0.197159 0.197159
1692.436646 0.000000 2614.884033 0.000000 0.353736 0.000000 0.935345 0.192302 0.192302 0.192302
1710.269653 0.000000 2633.582764 0.000000 0.402084 0.000000 0.915603 0.192634 0.192634 0.192634
1699.546753 0.000000 2651.241455 0.000000 0.987094 0.000000 0.160142 0.198976 0.198976 0.198976
1739.616333 0.000000 2627.622314 0.000000 0.999918 0.000000 -0.012813 0.173740 0.173740 0.173740
1738.329468 0.000000 2622.985840 0.000000 0.997705 0.000000 0.067711 0.179444 0.179444 0.179444
1777.393921 0.000000 2623.611084 0.000000 0.649689 0.000000 0.760200 0.194502 0.194502 0.194502
1756.928345 0.000000 2616.161377 0.000000 0.913225 0.000000 -0.407457 0.202672 0.202672 0.202672
1752.535645 0.000000 2614.636230 0.000000 0.434812 0.000000 0.900521 0.179898 0.179898 0.179898
1735.142944 0.000000 2625.665771 0.000000 0.990225 0.000000 -0.139479 0.185135 0.185135 0.185135
1732.602173 0.000000 2600.886963 0.000000 0.161400 0.000000 0.986889 0.191032 0.191032 0.191032
1779.914307 0.000000 2604.069580 0.000000 0.838678 0.000000 0.544627 0.194134 0.194134 0.194134
1782.255737 0.000000 2607.041260 0.000000 0.769157 0.000000 0.639060 0.195586 0.195586 0.195586
1757.739258 0.000000 2619.744385 0.000000 0.999915 0.000000 -0.013040 0.191676 0.191676 0.191676
1734.912720 0.000000 2598.282959 0.000000 0.650819 0.000000 0.759233 0.194511 0.194511 0.194511
1736.309448 0.000000 2627.074463 0.000000 0.087527 0.000000 0.996162 0.190558 0.190558 0.190558
1778.999268 0.000000 2605.624023 0.000000 0.999971 0.000000 -0.007633 0.197807 0.197807 0.197807
1734.054321 0.000000 2599.879883 0.000000 0.047106 0.000000 0.998890 0.190300 0.190300 0.190300
1731.050659 0.000000 2601.675537 0.000000 0.856817 0.000000 -0.515620 0.203449 0.203449 0.203449
1772.147461 0.000000 2613.916748 0.000000 0.672714 0.000000 0.739903 0.187608 0.187608 0.187608
1757.380981 0.000000 2617.678955 0.000000 0.999890 0.000000 -0.014826 0.200094 0.200094 0.200094
1737.912354 0.000000 2627.383301 0.000000 0.766985 0.000000 0.641665 0.195565 0.195565 0.195565
1777.135254 0.000000 2625.118164 0.000000 0.369238 0.000000 0.929335 0.192408 0.192408 0.192408
1783.696777 0.000000 2607.567139 0.000000 0.270739 0.000000 0.962653 0.191745 0.191745 0.191745
1774.744263 0.000000 2623.934814 0.000000 0.974568 0.000000 -0.224093 0.201439 0.201439 0.201439
1732.601685 0.000000 2599.604736 0.000000 0.959730 0.000000 -0.280925 0.201813 0.201813 0.201813
1781.144775 0.000000 2607.602295 0.000000 0.995881 0.000000 -0.090669 0.200578 0.200578 0.200578
1766.214844 0.000000 2610.911133 0.000000 0.738993 0.000000 0.673713 0.195294 0.195294 0.195294
1776.471558 0.000000 2623.083008 0.000000 0.999306 0.000000 0.037238 0.199763 0.199763 0.199763
1772.319580 0.000000 2623.081543 0.000000 0.994769 0.000000 0.102148 0.199349 0.199349 0.199349
1774.371460 0.000000 2622.906006 0.000000 0.888337 0.000000 -0.459192 0.203037 0.203037 0.203037
1804.552612 0.000000 2511.506592 0.000000 0.849636 0.000000 0.527370 0.157941 0.157941 0.157941
1812.984863 0.000000 2522.510498 0.000000 0.843926 0.000000 0.536460 0.177141 0.177141 0.177141
1805.872192 0.000000 2513.715088 0.000000 0.554656 0.000000 0.832080 0.193743 0.193743 0.193743
1793.118530 0.000000 2530.042725 0.000000 0.992702 0.000000 0.120591 0.199230 0.199230 0.199230
1814.604004 0.000000 2523.842041 0.000000 0.913020 0.000000 -0.407915 0.202675 0.202675 0.202675
1807.228516 0.000000 2512.324707 0.000000 0.951467 0.000000 0.307751 0.188579 0.188579 0.188579
1793.725952 0.000000 2528.217041 0.000000 0.595960 0.000000 0.803014 0.194065 0.194065 0.194065
1793.843628 0.000000 2531.692139 0.000000 0.283089 0.000000 0.959094 0.191827 0.191827 0.191827
1794.657715 0.000000 2530.074951 0.000000 0.992743 0.000000 -0.120257 0.200767 0.200767 0.200767
1792.421509 0.000000 2528.835693 0.000000 0.643661 0.000000 0.765311 0.194452 0.194452 0.194452
1792.126343 0.000000 2530.995361 0.000000 0.945221 0.000000 0.326432 0.197883 0.197883 0.197883
1792.328247 0.000000 2533.780762 0.000000 0.813580 0.000000 0.581454 0.196050 0.196050 0.196050
1804.904785 0.000000 2512.794922 0.000000 0.999282 0.000000 0.037893 0.199759 0.199759 0.199759
1793.354248 0.000000 2527.028564 0.000000 0.992439 0.000000 -0.122743 0.200783 0.200783 0.200783
1793.519653 0.000000 2532.856201 0.000000 0.514244 0.000000 0.857644 0.193439 0.193439 0.193439
1814.176880 0.000000 2522.735352 0.000000 0.997994 0.000000 0.063302 0.199597 0.199597 0.199597
3815.299805 0.000000 2136.301270 0.000000 0.998702 0.000000 0.050944 0.196879 0.196879 0.196879
3822.671387 0.000000 2136.376465 0.000000 0.007569 0.000000 0.999971 0.190048 0.190048 0.190048
3818.219238 0.000000 2136.136475 0.000000 0.985004 0.000000 -0.172530 0.201104 0.201104 0.201104
3829.449463 0.000000 2139.813477 0.000000 0.871706 0.000000 0.490029 0.196740 0.196740 0.196740
3831.431885 0.000000 2139.005615 0.000000 0.958569 0.000000 0.284860 0.198161 0.198161 0.198161
3828.072754 0.000000 2138.425049 0.000000 0.701901 0.000000 0.712274 0.194953 0.194953 0.194953
3808.293457 0.000000 2138.929443 0.000000 0.190556 0.000000 0.981676 0.191221 0.191221 0.191221
3828.695557 0.000000 2136.894043 0.000000 0.181571 0.000000 0.983378 0.191162 0.191162 0.191162
3819.248047 0.000000 2137.118896 0.000000 0.670212 0.000000 0.742169 0.194676 0.194676 0.194676
3828.601074 0.000000 2140.859375 0.000000 0.093164 0.000000 0.995651 0.190594 0.190594 0.190594
3834.116699 0.000000 2139.238037 0.000000 0.656026 0.000000 0.754738 0.194555 0.194555 0.194555
3809.497803 0.000000 2138.136719 0.000000 0.690155 0.000000 0.723662 0.194849 0.194849 0.194849
3822.644775 0.000000 2134.918213 0.000000 0.814169 0.000000 -0.580628 0.203944 0.203944 0.203944
3820.346436 0.000000 2137.561768 0.000000 0.893347 0.000000 0.449368 0.197033 0.197033 0.197033
3830.610596 0.000000 2139.835205 0.000000 0.966043 0.000000 0.258381 0.198336 0.198336 0.198336
3838.321777 0.000000 2164.738525 0.000000 0.752286 0.000000 0.658837 0.195421 0.195421 0.195421
3888.541992 0.000000 2168.991455 0.000000 0.304037 0.000000 0.952660 0.156477 0.156477 0.156477
3860.994385 0.000000 2148.958984 0.000000 0.658972 0.000000 0.752168 0.194580 0.194580 0.194580
3865.706787 0.000000 2160.045654 0.000000 0.862046 0.000000 0.506830 0.196616 0.196616 0.196616
3862.782471 0.000000 2153.709717 0.000000 0.031552 0.000000 0.999502 0.185406 0.185406 0.185406
3855.671387 0.000000 2147.935303 0.000000 0.854216 0.000000 0.519919 0.166243 0.166243 0.166243
3862.077637 0.000000 2163.580811 0.000000 0.541162 0.000000 0.840918 0.193640 0.193640 0.193640
3864.535645 0.000000 2162.761230 0.000000 0.928614 0.000000 0.371047 0.197580 0.197580 0.197580
3842.944824 0.000000 2163.802246 0.000000 0.448239 0.000000 0.893914 0.192418 0.192418 0.192418
3895.044922 0.000000 2185.494629 0.000000 0.803999 0.000000 0.594630 0.195946 0.195946 0.195946
3869.290771 0.000000 2188.748779 0.000000 0.045682 0.000000 0.998956 0.188692 0.188692 0.188692
3844.756592 0.000000 2165.199463 0.000000 0.312992 0.000000 0.949756 0.183958 0.183958 0.183958
3876.144287 0.000000 2195.367676 0.000000 0.873079 0.000000 0.487578 0.173610 0.173610 0.173610
3850.166748 0.000000 2152.919922 0.000000 0.422695 0.000000 0.906272 0.192778 0.192778 0.192778
3840.712402 0.000000 2164.627197 0.000000 0.619147 0.000000 0.785275 0.194250 0.194250 0.194250
3849.322266 0.000000 2165.373779 0.000000 0.932182 0.000000 -0.361991 0.191021 0.191021 0.191021
3872.608154 0.000000 2185.496826 0.000000 0.363332 0.000000 0.931660 0.192367 0.192367 0.192367
3867.966309 0.000000 2156.019287 0.000000 0.918962 0.000000 0.394345 0.197419 0.197419 0.197419
3868.979980 0.000000 2161.685303 0.000000 0.137398 0.000000 0.990516 0.190877 0.190877 0.190877
3873.987305 0.000000 2184.020020 0.000000 0.915222 0.000000 -0.402949 0.202640 0.202640 0.202640
3862.911865 0.000000 2187.395752 0.000000 0.995893 0.000000 0.090536 0.199423 0.199423 0.199423
3862.604004 0.000000 2184.935791 0.000000 0.105963 0.000000 0.994370 0.190676 0.190676 0.190676
3863.366211 0.000000 2149.058838 0.000000 0.402536 0.000000 0.915404 0.192637 0.192637 0.192637
3873.433594 0.000000 2182.209717 0.000000 0.455041 0.000000 0.890471 0.193008 0.193008 0.193008
3870.652344 0.000000 2158.491699 0.000000 0.970482 0.000000 0.241173 0.192335 0.192335 0.192335
3867.877441 0.000000 2157.897217 0.000000 0.952294 0.000000 -0.305183 0.201974 0.201974 0.201974
3857.145752 0.000000 2148.960449 0.000000 0.945587 0.000000 -0.325370 0.202110 0.202110 0.202110
3848.404785 0.000000 2166.834229 0.000000 0.996121 0.000000 0.087999 0.199439 0.199439 0.199439
3864.512695 0.000000 2154.139160 0.000000 0.565038 0.000000 0.825065 0.193823 0.193823 0.193823
3865.336426 0.000000 2184.404541 0.000000 0.986481 0.000000 -0.163876 0.201048 0.201048 0.201048
3857.288086 0.000000 2151.487549 0.000000 0.993615 0.000000 0.112821 0.199280 0.199280 0.199280
3847.434570 0.000000 2157.149902 0.000000 0.734505 0.000000 0.678603 0.195252 0.195252 0.195252
3892.777832 0.000000 2179.354248 0.000000 0.997072 0.000000 -0.076474 0.200487 0.200487 0.200487
3861.555664 0.000000 2150.491211 0.000000 0.158724 0.000000 0.987323 0.187804 0.187804 0.187804
3865.935303 0.000000 2186.808838 0.000000 0.304287 0.000000 0.952580 0.191968 0.191968 0.191968
3865.632568 0.000000 2161.623779 0.000000 0.943585 0.000000 0.331131 0.197851 0.197851 0.197851
3861.209473 0.000000 2153.268555 0.000000 0.102236 0.000000 0.994760 0.190652 0.190652 0.190652
3864.030273 0.000000 2159.711426 0.000000 0.999808 0.000000 0.019602 0.199875 0.199875 0.199875
3863.674072 0.000000 2152.362305 0.000000 0.981738 0.000000 0.190239 0.193770 0.193770 0.193770
3874.837891 0.000000 2194.497559 0.000000 0.964204 0.000000 -0.265163 0.201709 0.201709 0.201709
3866.692139 0.000000 2158.857178 0.000000 0.789382 0.000000 0.613903 0.195792 0.195792 0.195792
3860.029785 0.000000 2150.333008 0.000000 0.862017 0.000000 0.506879 0.193312 0.193312 0.193312
3865.045166 0.000000 2158.298096 0.000000 0.941017 0.000000 -0.338359 0.202197 0.202197 0.202197
3869.938965 0.000000 2162.939697 0.000000 0.998852 0.000000 0.047893 0.198576 0.198576 0.198576
3865.909180 0.000000 2163.492432 0.000000 0.998664 0.000000 -0.051670 0.200329 0.200329 0.200329
3862.733154 0.000000 2155.177246 0.000000 0.800023 0.000000 0.599969 0.195904 0.195904 0.195904
3863.062012 0.000000 2162.527832 0.000000 0.116427 0.000000 0.993199 0.190743 0.190743 0.190743
3847.500244 0.000000 2165.702637 0.000000 0.999894 0.000000 0.014592 0.199907 0.199907 0.199907
3864.231201 0.000000 2161.415039 0.000000 0.356085 0.000000 0.934454 0.192318 0.192318 0.192318
3860.063721 0.000000 2187.280518 0.000000 0.126464 0.000000 0.991971 0.190273 0.190273 0.190273
3865.534424 0.000000 2155.968262 0.000000 0.291253 0.000000 0.956646 0.191881 0.191881 0.191881
3871.902832 0.000000 2161.689941 0.000000 0.899562 0.000000 -0.436793 0.202878 0.202878 0.202878
3842.058350 0.000000 2164.845703 0.000000 0.327111 0.000000 0.944986 0.192122 0.192122 0.192122
3864.631836 0.000000 2157.019043 0.000000 0.810281 0.000000 0.586042 0.196014 0.196014 0.196014
3861.231201 0.000000 2184.918701 0.000000 0.996597 0.000000 0.082430 0.199475 0.199475 0.199475
3869.510254 0.000000 2160.469238 0.000000 0.876181 0.000000 -0.481983 0.203202 0.203202 0.203202
3843.455811 0.000000 2165.087402 0.000000 0.725356 0.000000 0.688374 0.195167 0.195167 0.195167
3846.218750 0.000000 2165.480225 0.000000 0.128215 0.000000 0.991746 0.190819 0.190819 0.190819
3844.220459 0.000000 2163.760986 0.000000 0.755972 0.000000 0.654604 0.195457 0.195457 0.195457
3848.904785 0.000000 2152.686035 0.000000 0.968432 0.000000 0.249276 0.198396 0.198396 0.198396
3863.843750 0.000000 2184.746338 0.000000 0.967093 0.000000 0.254422 0.198362 0.198362 0.198362
3865.770264 0.000000 2185.573975 0.000000 0.114956 0.000000 0.993371 0.190733 0.190733 0.190733
3862.163330 0.000000 2149.371582 0.000000 0.942553 0.000000 0.334058 0.197832 0.197832 0.197832
3841.313232 0.000000 2165.891846 0.000000 0.658676 0.000000 0.752427 0.194578 0.194578 0.194578
3866.770996 0.000000 2156.006836 0.000000 0.940323 0.000000 0.340284 0.197790 0.197790 0.197790
3866.768555 0.000000 2161.338623 0.000000 0.180692 0.000000 0.983540 0.191157 0.191157 0.191157
3867.823975 0.000000 2159.267822 0.000000 0.999986 0.000000 0.005210 0.199967 0.199967 0.199967
3845.924316 0.000000 2162.045654 0.000000 0.478868 0.000000 0.877887 0.193179 0.193179 0.193179
3867.859375 0.000000 2161.551514 0.000000 0.050673 0.000000 0.998715 0.190323 0.190323 0.190323
3840.126221 0.000000 2165.828125 0.000000 0.991618 0.000000 0.129203 0.199175 0.199175 0.199175
3867.200684 0.000000 2157.036377 0.000000 0.999391 0.000000 -0.034893 0.200222 0.200222 0.200222
3888.471436 0.000000 2171.208008 0.000000 0.999074 0.000000 -0.043027 0.200274 0.200274 0.200274
3862.239014 0.000000 2185.937256 0.000000 0.880021 0.000000 0.474934 0.196849 0.196849 0.196849
3878.820068 0.000000 2255.142334 0.000000 0.919018 0.000000 -0.394216 0.202580 0.202580 0.202580
3981.139648 0.000000 2246.435303 0.000000 0.775060 0.000000 0.631888 0.182493 0.182493 0.182493
3980.970947 0.000000 2249.876465 0.000000 0.573320 0.000000 0.819332 0.185197 0.185197 0.185197
3997.034424 0.000000 2256.374512 0.000000 0.106319 0.000000 0.994332 0.190678 0.190678 0.190678
3991.398438 0.000000 2258.690918 0.000000 0.961069 0.000000 0.276309 0.198218 0.198218 0.198218
3994.378418 0.000000 2253.564453 0.000000 0.545635 0.000000 0.838023 0.193674 0.193674 0.193674
3902.854736 0.000000 2285.958496 0.000000 0.850288 0.000000 -0.526317 0.203529 0.203529 0.203529
3902.476807 0.000000 2284.781250 0.000000 0.066930 0.000000 0.997758 0.190426 0.190426 0.190426
4031.374512 0.000000 2299.470459 0.000000 0.994845 0.000000 0.101408 0.179809 0.179809 0.179809
4030.710693 0.000000 2297.601318 0.000000 0.219290 0.000000 0.975660 0.191407 0.191407 0.191407
3990.342773 0.000000 2259.520508 0.000000 0.985515 0.000000 -0.169585 0.201085 0.201085 0.201085
4037.729492 0.000000 2301.403809 0.000000 0.999373 0.000000 -0.035400 0.179474 0.179474 0.179474
4038.952881 0.000000 2294.985352 0.000000 0.979427 0.000000 0.201801 0.198706 0.198706 0.198706
4038.997070 0.000000 2299.631836 0.000000 0.170416 0.000000 0.985372 0.191090 0.191090 0.191090
4041.912354 0.000000 2288.477051 0.000000 0.999344 0.000000 0.036213 0.199769 0.199769 0.199769
4033.639160 0.000000 2294.581299 0.000000 0.991588 0.000000 0.129433 0.199174 0.199174 0.199174
4038.382080 0.000000 2296.375000 0.000000 0.795059 0.000000 0.606532 0.195851 0.195851 0.195851
4037.854248 0.000000 2294.128174 0.000000 0.161382 0.000000 0.986892 0.191032 0.191032 0.191032
4033.280029 0.000000 2293.224365 0.000000 0.999992 0.000000 0.004071 0.199974 0.199974 0.199974
4038.251709 0.000000 2298.515381 0.000000 0.994472 0.000000 0.105002 0.199330 0.199330 0.199330
4032.098633 0.000000 2295.437500 0.000000 0.876832 0.000000 -0.480797 0.203193 0.203193 0.203193
4039.661865 0.000000 2296.100342 0.000000 0.983851 0.000000 0.178991 0.198854 0.198854 0.198854
4032.042236 0.000000 2292.806152 0.000000 0.951906 0.000000 0.306392 0.198018 0.198018 0.198018
4036.470459 0.000000 2294.364014 0.000000 0.734918 0.000000 0.678156 0.195256 0.195256 0.195256
4036.465332 0.000000 2298.164551 0.000000 0.854149 0.000000 0.520028 0.196518 0.196518 0.196518
2932.601074 0.000000 3270.546875 0.000000 0.996872 0.000000 0.079030 0.199496 0.199496 0.199496
2955.406250 0.000000 3252.680176 0.000000 0.863258 0.000000 -0.504763 0.174316 0.174316 0.174316
2956.773682 0.000000 3253.793457 0.000000 0.996265 0.000000 0.086352 0.195539 0.195539 0.195539
2954.416504 0.000000 3251.293457 0.000000 0.719752 0.000000 0.694231 0.195115 0.195115 0.195115
2939.211426 0.000000 3305.711914 0.000000 0.100939 0.000000 0.994893 0.190644 0.190644 0.190644
2938.637451 0.000000 3303.027344 0.000000 0.987701 0.000000 -0.156352 0.200999 0.200999 0.200999
2936.742188 0.000000 3305.987549 0.000000 0.986362 0.000000 -0.164593 0.185284 0.185284 0.185284
2943.510498 0.000000 3300.830566 0.000000 0.404115 0.000000 0.914708 0.166206 0.166206 0.166206
2939.913818 0.000000 3304.416504 0.000000 0.802966 0.000000 0.596025 0.195935 0.195935 0.195935
2938.872070 0.000000 3304.224609 0.000000 0.986325 0.000000 0.164810 0.198946 0.198946 0.198946
2967.348877 0.000000 3329.092285 0.000000 0.605077 0.000000 0.796167 0.191418 0.191418 0.191418
2965.843506 0.000000 3326.378418 0.000000 0.251391 0.000000 0.967886 0.184103 0.184103 0.184103
2965.705078 0.000000 3359.445801 0.000000 0.917167 0.000000 -0.398502 0.178773 0.178773 0.178773
2961.939453 0.000000 3374.373779 0.000000 0.472227 0.000000 0.881477 0.157967 0.157967 0.157967
2963.362793 0.000000 3360.565918 0.000000 0.795675 0.000000 0.605724 0.194760 0.194760 0.194760
2977.679932 0.000000 3388.405762 0.000000 0.525430 0.000000 0.850837 0.189185 0.189185 0.189185
2962.536621 0.000000 3386.047852 0.000000 0.868476 0.000000 -0.495731 0.196468 0.196468 0.196468
2952.667480 0.000000 3393.841797 0.000000 0.898446 0.000000 -0.439085 0.172772 0.172772 0.172772
2964.804932 0.000000 3389.130127 0.000000 0.622980 0.000000 0.782238 0.182309 0.182309 0.182309
2965.729980 0.000000 3404.652588 0.000000 0.059585 0.000000 0.998223 0.186113 0.186113 0.186113
2953.352539 0.000000 3390.672119 0.000000 0.992852 0.000000 -0.119354 0.200762 0.200762 0.200762
2963.337891 0.000000 3389.221436 0.000000 0.627138 0.000000 0.778908 0.194315 0.194315 0.194315
4605.125000 0.000000 786.776123 0.000000 0.652675 0.000000 0.757638 0.194527 0.194527 0.194527
4579.689941 0.000000 785.898499 0.000000 0.993075 0.000000 -0.117484 0.200187 0.200187 0.200187
4604.008301 0.000000 776.574036 0.000000 0.819575 0.000000 -0.572972 0.191891 0.191891 0.191891
4593.129395 0.000000 784.702759 0.000000 0.336810 0.000000 0.941573 0.192187 0.192187 0.192187
4579.522949 0.000000 778.942810 0.000000 0.878395 0.000000 0.477935 0.196828 0.196828 0.196828
4590.880859 0.000000 784.832458 0.000000 0.457570 0.000000 0.889174 0.193026 0.193026 0.193026
4571.673340 0.000000 787.070190 0.000000 0.908430 0.000000 -0.418037 0.199338 0.199338 0.199338
4591.085449 0.000000 773.125000 0.000000 0.127487 0.000000 0.991840 0.166227 0.166227 0.166227
4586.678223 0.000000 772.471924 0.000000 0.995250 0.000000 -0.097353 0.200621 0.200621 0.200621
4574.716309 0.000000 780.534851 0.000000 0.684904 0.000000 0.728633 0.194803 0.194803 0.194803
4570.529785 0.000000 789.703735 0.000000 0.425817 0.000000 0.904809 0.174438 0.174438 0.174438
4583.147461 0.000000 771.200134 0.000000 0.813640 0.000000 0.581369 0.178477 0.178477 0.178477
4578.144043 0.000000 785.286377 0.000000 0.388840 0.000000 0.921305 0.192003 0.192003 0.192003
4573.264648 0.000000 781.078064 0.000000 0.840639 0.000000 -0.541596 0.203644 0.203644 0.203644
4573.034668 0.000000 787.780640 0.000000 0.083139 0.000000 0.996538 0.190530 0.190530 0.190530
4598.203613 0.000000 774.627319 0.000000 0.675608 0.000000 0.737261 0.192541 0.192541 0.192541
4602.590332 0.000000 776.851318 0.000000 0.980451 0.000000 -0.196764 0.201261 0.201261 0.201261
4578.377441 0.000000 778.024109 0.000000 0.725676 0.000000 0.688036 0.195169 0.195169 0.195169
4594.478027 0.000000 776.172607 0.000000 0.770637 0.000000 0.637275 0.195601 0.195601 0.195601
4592.316895 0.000000 776.028198 0.000000 0.989025 0.000000 0.147752 0.199056 0.199056 0.199056
4603.628418 0.000000 777.972412 0.000000 0.981487 0.000000 -0.191527 0.201227 0.201227 0.201227
4587.584473 0.000000 773.371826 0.000000 0.648218 0.000000 0.761455 0.194490 0.194490 0.194490
4594.448730 0.000000 777.521729 0.000000 0.928915 0.000000 0.370292 0.197585 0.197585 0.197585
4591.887207 0.000000 784.086548 0.000000 0.511758 0.000000 0.859130 0.193420 0.193420 0.193420
4601.239746 0.000000 777.626160 0.000000 0.998460 0.000000 -0.055482 0.200353 0.200353 0.200353
4602.145020 0.000000 779.441040 0.000000 0.726655 0.000000 0.687002 0.195179 0.195179 0.195179
4600.008301 0.000000 776.546265 0.000000 0.935616 0.000000 -0.353020 0.202297 0.202297 0.202297
4573.641113 0.000000 780.052856 0.000000 0.923952 0.000000 0.382509 0.197501 0.197501 0.197501
4586.652344 0.000000 773.949524 0.000000 0.876744 0.000000 0.480957 0.196806 0.196806 0.196806
4601.960449 0.000000 780.524597 0.000000 0.830087 0.000000 -0.557634 0.203766 0.203766 0.203766
4510.725586 0.000000 794.373840 0.000000 0.416342 0.000000 0.909208 0.192734 0.192734 0.192734
4510.191406 0.000000 792.995239 0.000000 0.075160 0.000000 0.997171 0.190479 0.190479 0.190479
4511.834473 0.000000 792.934753 0.000000 0.966094 0.000000 0.258189 0.198337 0.198337 0.198337
4564.094727 0.000000 806.182129 0.000000 0.309668 0.000000 0.950845 0.171029 0.171029 0.171029
4588.352051 0.000000 808.042358 0.000000 0.301165 0.000000 0.953572 0.167215 0.167215 0.167215
4593.394043 0.000000 816.111023 0.000000 0.903553 0.000000 0.428476 0.181164 0.181164 0.181164
4587.690430 0.000000 794.345215 0.000000 0.923668 0.000000 0.383193 0.180900 0.180900 0.180900
4581.463867 0.000000 798.386597 0.000000 0.056647 0.000000 0.998394 0.185029 0.185029 0.185029
4585.128906 0.000000 811.646912 0.000000 0.998756 0.000000 -0.049855 0.178434 0.178434 0.178434
4606.582031 0.000000 805.648315 0.000000 0.996516 0.000000 -0.083399 0.190421 0.190421 0.190421
4601.072754 0.000000 840.898315 0.000000 0.393335 0.000000 0.919395 0.169378 0.169378 0.169378
4605.252441 0.000000 801.207581 0.000000 0.877235 0.000000 -0.480062 0.178145 0.178145 0.178145
4576.801270 0.000000 819.096497 0.000000 0.821451 0.000000 0.570279 0.196137 0.196137 0.196137
4548.035156 0.000000 797.000977 0.000000 0.013015 0.000000 0.999915 0.170382 0.170382 0.170382
4590.245605 0.000000 810.703796 0.000000 0.970558 0.000000 0.240867 0.177884 0.177884 0.177884
4579.217285 0.000000 801.619812 0.000000 0.999998 0.000000 0.001787 0.199989 0.199989 0.199989
4584.756348 0.000000 796.247742 0.000000 0.991089 0.000000 0.133202 0.191898 0.191898 0.191898
4607.825195 0.000000 804.033875 0.000000 0.078823 0.000000 0.996889 0.180897 0.180897 0.180897
4571.849121 0.000000 817.386841 0.000000 0.947851 0.000000 -0.318715 0.202065 0.202065 0.202065
4547.095703 0.000000 806.231384 0.000000 0.352341 0.000000 0.935872 0.182058 0.182058 0.182058
4597.188965 0.000000 845.193970 0.000000 0.586015 0.000000 0.810300 0.179315 0.179315 0.179315
4580.749023 0.000000 800.150757 0.000000 0.985739 0.000000 -0.168280 0.187559 0.187559 0.187559
4577.519531 0.000000 798.642212 0.000000 0.893409 0.000000 0.449244 0.193170 0.193170 0.193170
4568.779785 0.000000 795.317810 0.000000 0.630491 0.000000 0.776197 0.194343 0.194343 0.194343
4562.442383 0.000000 805.797913 0.000000 0.992382 0.000000 0.123195 0.199214 0.199214 0.199214
4572.266602 0.000000 828.148438 0.000000 0.999710 0.000000 -0.024092 0.200153 0.200153 0.200153
4600.427734 0.000000 842.652222 0.000000 0.945377 0.000000 -0.325979 0.202114 0.202114 0.202114
4575.967773 0.000000 808.980957 0.000000 0.999179 0.000000 -0.040511 0.193527 0.193527 0.193527
4566.338379 0.000000 803.763733 0.000000 0.640516 0.000000 0.767945 0.194426 0.194426 0.194426
4562.461914 0.000000 807.361938 0.000000 0.438400 0.000000 0.898780 0.192889 0.192889 0.192889
4576.131348 0.000000 795.900635 0.000000 0.735240 0.000000 0.677807 0.195259 0.195259 0.195259
4582.707031 0.000000 799.338562 0.000000 0.628104 0.000000 0.778129 0.194323 0.194323 0.194323
4571.133789 0.000000 794.311401 0.000000 0.520267 0.000000 0.854004 0.193483 0.193483 0.193483
4576.284180 0.000000 832.969971 0.000000 0.357728 0.000000 0.933826 0.185325 0.185325 0.185325
4570.062500 0.000000 817.818848 0.000000 0.998444 0.000000 -0.055768 0.200355 0.200355 0.200355
4579.500488 0.000000 818.365784 0.000000 0.947332 0.000000 0.320252 0.197925 0.197925 0.197925
4567.955566 0.000000 824.571838 0.000000 0.997948 0.000000 0.064026 0.199592 0.199592 0.199592
4571.322754 0.000000 815.251221 0.000000 0.819755 0.000000 0.572715 0.196118 0.196118 0.196118
4577.760254 0.000000 795.189392 0.000000 0.985289 0.000000 0.170894 0.198907 0.198907 0.198907
4567.035156 0.000000 801.218384 0.000000 0.180239 0.000000 0.983623 0.191154 0.191154 0.191154
4602.669922 0.000000 846.519043 0.000000 0.589611 0.000000 0.807688 0.194014 0.194014 0.194014
4569.036621 0.000000 815.716187 0.000000 0.984093 0.000000 -0.177652 0.201137 0.201137 0.201137
4577.739258 0.000000 793.305237 0.000000 0.101362 0.000000 0.994850 0.190646 0.190646 0.190646
4591.546387 0.000000 797.128662 0.000000 0.997459 0.000000 0.071244 0.199546 0.199546 0.199546
4605.367188 0.000000 841.916992 0.000000 0.978342 0.000000 -0.206996 0.201327 0.201327 0.201327
4574.425293 0.000000 797.665588 0.000000 0.677833 0.000000 0.735216 0.194742 0.194742 0.194742
4568.631836 0.000000 801.394104 0.000000 0.597339 0.000000 0.801989 0.194076 0.194076 0.194076
4566.619629 0.000000 824.302368 0.000000 0.899830 0.000000 0.436240 0.197126 0.197126 0.197126
4569.172852 0.000000 827.296021 0.000000 0.536520 0.000000 0.843888 0.193605 0.193605 0.193605
4571.559082 0.000000 826.670593 0.000000 0.954466 0.000000 0.298319 0.198071 0.198071 0.198071
4606.281738 0.000000 843.848816 0.000000 0.340749 0.000000 0.940154 0.192214 0.192214 0.192214
4578.554688 0.000000 800.495300 0.000000 0.972483 0.000000 0.232975 0.198503 0.198503 0.198503
4583.871094 0.000000 811.216797 0.000000 0.788296 0.000000 0.615296 0.195781 0.195781 0.195781
4564.231934 0.000000 814.569092 0.000000 0.998786 0.000000 -0.049269 0.200314 0.200314 0.200314
4603.539551 0.000000 843.315918 0.000000 0.466997 0.000000 0.884259 0.193093 0.193093 0.193093
4568.864258 0.000000 817.335205 0.000000 0.823591 0.000000 0.567184 0.196161 0.196161 0.196161
4548.727051 0.000000 798.032104 0.000000 0.516834 0.000000 0.856086 0.193458 0.193458 0.193458
4578.136719 0.000000 818.905090 0.000000 0.945246 0.000000 -0.326359 0.202116 0.202116 0.202116
4567.342773 0.000000 815.521790 0.000000 0.919877 0.000000 -0.392207 0.202566 0.202566 0.202566
4568.429199 0.000000 814.714722 0.000000 0.873009 0.000000 0.487704 0.196757 0.196757 0.196757
4576.087402 0.000000 830.900513 0.000000 0.868046 0.000000 -0.496484 0.203308 0.203308 0.203308
4599.347168 0.000000 846.832520 0.000000 0.008599 0.000000 0.999963 0.190055 0.190055 0.190055
4588.467773 0.000000 798.786560 0.000000 0.103704 0.000000 0.994608 0.190661 0.190661 0.190661
4572.431641 0.000000 854.773499 0.000000 0.925335 0.000000 -0.379149 0.185461 0.185461 0.185461
4588.352051 0.000000 864.526733 0.000000 0.982892 0.000000 -0.184183 0.201179 0.201179 0.201179
4602.637207 0.000000 874.199341 0.000000 0.791918 0.000000 0.610627 0.195818 0.195818 0.195818
4591.447754 0.000000 859.951294 0.000000 0.646089 0.000000 0.763262 0.194472 0.194472 0.194472
4593.394043 0.000000 872.595398 0.000000 0.935420 0.000000 0.353539 0.169457 0.169457 0.169457
4598.158691 0.000000 879.325378 0.000000 0.972699 0.000000 -0.232070 0.177222 0.177222 0.177222
4571.678223 0.000000 852.279785 0.000000 0.598902 0.000000 0.800822 0.176147 0.176147 0.176147
4607.814453 0.000000 865.710327 0.000000 0.144973 0.000000 0.989436 0.175417 0.175417 0.175417
4577.365723 0.000000 857.440491 0.000000 0.964124 0.000000 -0.265451 0.174025 0.174025 0.174025
4598.180664 0.000000 871.115845 0.000000 0.096286 0.000000 0.995354 0.190614 0.190614 0.190614
4595.914062 0.000000 853.054016 0.000000 0.871403 0.000000 -0.490568 0.203264 0.203264 0.203264
4598.255859 0.000000 856.025696 0.000000 0.629507 0.000000 0.776995 0.194335 0.194335 0.194335
4597.177734 0.000000 857.786072 0.000000 0.724992 0.000000 0.688758 0.195163 0.195163 0.195163
4594.490723 0.000000 870.055176 0.000000 0.405543 0.000000 0.914076 0.192658 0.192658 0.192658
4596.393066 0.000000 869.659241 0.000000 0.973564 0.000000 -0.228414 0.196388 0.196388 0.196388
4598.302246 0.000000 861.553101 0.000000 0.323560 0.000000 0.946208 0.192098 0.192098 0.192098
4607.825195 0.000000 860.518250 0.000000 0.222212 0.000000 0.974998 0.191427 0.191427 0.191427
4604.771484 0.000000 884.349731 0.000000 0.726078 0.000000 0.687613 0.195173 0.195173 0.195173
4593.909180 0.000000 879.106934 0.000000 0.893845 0.000000 -0.448376 0.196138 0.196138 0.196138
4555.084961 0.000000 857.644287 0.000000 0.250349 0.000000 0.968156 0.191611 0.191611 0.191611
4556.251465 0.000000 854.101746 0.000000 0.967196 0.000000 0.254030 0.198365 0.198365 0.198365
4597.097168 0.000000 849.050964 0.000000 0.940193 0.000000 0.340642 0.197787 0.197787 0.197787
4594.999023 0.000000 854.608459 0.000000 0.156853 0.000000 0.987622 0.189933 0.189933 0.189933
4592.891113 0.000000 875.639709 0.000000 0.199773 0.000000 0.979842 0.191280 0.191280 0.191280
4596.916016 0.000000 854.628662 0.000000 0.195194 0.000000 0.980765 0.191251 0.191251 0.191251
4602.250000 0.000000 880.757568 0.000000 0.810006 0.000000 -0.586421 0.203989 0.203989 0.203989
4600.710938 0.000000 871.097168 0.000000 0.884902 0.000000 0.465777 0.196915 0.196915 0.196915
4586.415039 0.000000 866.883789 0.000000 0.982020 0.000000 -0.188778 0.200082 0.200082 0.200082
4557.188965 0.000000 855.520264 0.000000 0.266298 0.000000 0.963891 0.191716 0.191716 0.191716
4589.531250 0.000000 865.658752 0.000000 0.995374 0.000000 -0.096075 0.200613 0.200613 0.200613
4601.728516 0.000000 872.660339 0.000000 0.811920 0.000000 0.583769 0.196032 0.196032 0.196032
4579.595703 0.000000 867.377502 0.000000 0.964833 0.000000 0.262865 0.198307 0.198307 0.198307
4580.813477 0.000000 864.419861 0.000000 0.919864 0.000000 0.392238 0.197434 0.197434 0.197434
4578.977539 0.000000 861.765076 0.000000 0.355874 0.000000 0.934534 0.192316 0.192316 0.192316
4592.395508 0.000000 879.596619 0.000000 0.344614 0.000000 0.938744 0.185778 0.185778 0.185778
4577.699219 0.000000 860.695862 0.000000 0.763679 0.000000 0.645596 0.195532 0.195532 0.195532
4573.055664 0.000000 853.279419 0.000000 0.961264 0.000000 -0.275631 0.199517 0.199517 0.199517
4593.135254 0.000000 874.102539 0.000000 0.506414 0.000000 0.862291 0.193381 0.193381 0.193381
4573.938965 0.000000 863.799072 0.000000 0.175843 0.000000 0.984418 0.185236 0.185236 0.185236
4575.750977 0.000000 853.848572 0.000000 0.726252 0.000000 0.687428 0.195175 0.195175 0.195175
4596.241699 0.000000 859.000427 0.000000 0.933375 0.000000 0.358903 0.197663 0.197663 0.197663
4581.802246 0.000000 865.542480 0.000000 0.980946 0.000000 -0.194278 0.201245 0.201245 0.201245
4590.908691 0.000000 858.575073 0.000000 0.915730 0.000000 -0.401793 0.202632 0.202632 0.202632
4576.240234 0.000000 861.235474 0.000000 0.137326 0.000000 0.990526 0.190877 0.190877 0.190877
4603.914062 0.000000 875.588318 0.000000 0.992165 0.000000 -0.124934 0.200797 0.200797 0.200797
4601.198730 0.000000 874.001099 0.000000 0.554172 0.000000 0.832402 0.193739 0.193739 0.193739
4606.208984 0.000000 883.926331 0.000000 0.652575 0.000000 0.757724 0.194526 0.194526 0.194526
4598.908203 0.000000 859.139648 0.000000 0.061868 0.000000 0.998084 0.190394 0.190394 0.190394
4603.526855 0.000000 880.032776 0.000000 0.920715 0.000000 -0.390235 0.202552 0.202552 0.202552
4598.041992 0.000000 847.307922 0.000000 0.741895 0.000000 0.670516 0.195321 0.195321 0.195321
4601.187988 0.000000 878.750977 0.000000 0.844683 0.000000 0.535267 0.196404 0.196404 0.196404
4598.252441 0.000000 849.820251 0.000000 0.960607 0.000000 0.277912 0.198207 0.198207 0.198207
4606.420410 0.000000 860.606384 0.000000 0.841225 0.000000 -0.540685 0.203637 0.203637 0.203637
4579.032227 0.000000 864.901733 0.000000 0.038320 0.000000 0.999265 0.190244 0.190244 0.190244
4599.696777 0.000000 856.551453 0.000000 0.520554 0.000000 0.853829 0.193485 0.193485 0.193485
4607.927246 0.000000 862.010986 0.000000 0.778092 0.000000 0.628150 0.195676 0.195676 0.195676
4599.129883 0.000000 873.859009 0.000000 0.959434 0.000000 0.281933 0.198180 0.198180 0.198180
4597.408691 0.000000 875.679321 0.000000 0.434971 0.000000 0.900444 0.192865 0.192865 0.192865
4596.887695 0.000000 870.852722 0.000000 0.695661 0.000000 0.718370 0.194898 0.194898 0.194898
4595.083008 0.000000 879.679810 0.000000 0.686273 0.000000 0.727344 0.194815 0.194815 0.194815
4598.395020 0.000000 857.328857 0.000000 0.162345 0.000000 0.986734 0.191038 0.191038 0.191038
4599.719727 0.000000 851.295471 0.000000 0.448129 0.000000 0.893969 0.192958 0.192958 0.192958
4600.930664 0.000000 859.665771 0.000000 0.984745 0.000000 -0.174005 0.201113 0.201113 0.201113
4594.592773 0.000000 852.976807 0.000000 0.919863 0.000000 0.392241 0.197434 0.197434 0.197434
4606.710938 0.000000 885.492065 0.000000 0.961076 0.000000 -0.276284 0.201782 0.201782 0.201782
4601.375000 0.000000 850.523376 0.000000 0.954395 0.000000 0.298547 0.198070 0.198070 0.198070
4595.609375 0.000000 877.431885 0.000000 0.939043 0.000000 -0.343799 0.202234 0.202234 0.202234
4603.344238 0.000000 883.902710 0.000000 0.995864 0.000000 -0.090861 0.200579 0.200579 0.200579
4598.206543 0.000000 854.681335 0.000000 0.412040 0.000000 0.911166 0.192704 0.192704 0.192704
4599.961426 0.000000 848.958252 0.000000 0.975253 0.000000 -0.221090 0.201419 0.201419 0.201419
4591.663086 0.000000 864.348816 0.000000 0.214421 0.000000 0.976741 0.191376 0.191376 0.191376
4607.384277 0.000000 863.029846 0.000000 0.528827 0.000000 0.848729 0.193547 0.193547 0.193547
4600.213867 0.000000 858.792786 0.000000 0.888235 0.000000 -0.459389 0.203039 0.203039 0.203039
4599.779785 0.000000 870.451782 0.000000 0.999912 0.000000 0.013251 0.199916 0.199916 0.199916
4587.242188 0.000000 864.322083 0.000000 0.882321 0.000000 -0.470649 0.203120 0.203120 0.203120
4598.497559 0.000000 860.429565 0.000000 0.848060 0.000000 0.529899 0.196445 0.196445 0.196445
4599.309570 0.000000 855.511169 0.000000 0.167803 0.000000 0.985821 0.191073 0.191073 0.191073
4594.699707 0.000000 878.318542 0.000000 0.992950 0.000000 -0.118530 0.200756 0.200756 0.200756
4597.988770 0.000000 858.504883 0.000000 0.703709 0.000000 0.710489 0.194969 0.194969 0.194969
4599.381348 0.000000 861.292542 0.000000 0.831522 0.000000 0.555492 0.196251 0.196251 0.196251
4600.785645 0.000000 875.789795 0.000000 0.844444 0.000000 0.535644 0.196401 0.196401 0.196401
4596.250488 0.000000 857.166138 0.000000 0.072179 0.000000 0.997392 0.190460 0.190460 0.190460
4576.682129 0.000000 864.679932 0.000000 0.975692 0.000000 0.219145 0.198593 0.198593 0.198593
4597.292480 0.000000 876.832397 0.000000 0.962559 0.000000 -0.271074 0.201748 0.201748 0.201748
4587.132812 0.000000 862.632629 0.000000 0.557524 0.000000 0.830161 0.193765 0.193765 0.193765
4590.294922 0.000000 862.708557 0.000000 0.990843 0.000000 0.135019 0.199138 0.199138 0.199138
4588.463379 0.000000 861.889282 0.000000 0.999976 0.000000 -0.006947 0.200044 0.200044 0.200044
4656.023926 0.000000 786.831909 0.000000 0.440174 0.000000 0.897912 0.183176 0.183176 0.183176
4609.118652 0.000000 779.026978 0.000000 0.334620 0.000000 0.942353 0.192172 0.192172 0.192172
4618.618164 0.000000 785.740112 0.000000 0.174603 0.000000 0.984639 0.191117 0.191117 0.191117
4616.564453 0.000000 786.027954 0.000000 0.205161 0.000000 0.978728 0.191315 0.191315 0.191315
4619.256348 0.000000 787.330200 0.000000 0.610141 0.000000 0.792293 0.194178 0.194178 0.194178
4619.049316 0.000000 784.177795 0.000000 0.973944 0.000000 0.226789 0.198544 0.198544 0.198544
4611.051758 0.000000 784.149353 0.000000 0.014437 0.000000 0.999896 0.186365 0.186365 0.186365
4610.657715 0.000000 779.059204 0.000000 0.148732 0.000000 0.988878 0.189881 0.189881 0.189881
4654.236328 0.000000 790.153259 0.000000 0.749801 0.000000 0.661664 0.195397 0.195397 0.195397
4654.953613 0.000000 787.696411 0.000000 0.972182 0.000000 -0.234228 0.201505 0.201505 0.201505
4608.126465 0.000000 779.979797 0.000000 0.841388 0.000000 -0.540431 0.203635 0.203635 0.203635
4608.860352 0.000000 790.138367 0.000000 0.490324 0.000000 0.871540 0.193262 0.193262 0.193262
4619.890137 0.000000 785.029907 0.000000 0.335562 0.000000 0.942018 0.192179 0.192179 0.192179
4620.457520 0.000000 842.557190 0.000000 0.955865 0.000000 -0.293807 0.201898 0.201898 0.201898
4608.936035 0.000000 813.390808 0.000000 0.708437 0.000000 0.705774 0.163329 0.163329 0.163329
4631.191895 0.000000 836.671875 0.000000 0.999821 0.000000 0.018898 0.181403 0.181403 0.181403
4633.706543 0.000000 804.420593 0.000000 0.928375 0.000000 0.371645 0.189828 0.189828 0.189828
4647.591309 0.000000 832.617310 0.000000 0.925012 0.000000 0.379938 0.197519 0.197519 0.197519
4627.443848 0.000000 840.701050 0.000000 0.907151 0.000000 -0.420805 0.175503 0.175503 0.175503
4611.913086 0.000000 801.717773 0.000000 0.497961 0.000000 0.867200 0.165701 0.165701 0.165701
4655.339355 0.000000 791.027283 0.000000 0.951086 0.000000 -0.308926 0.201999 0.201999 0.201999
4627.253418 0.000000 838.367859 0.000000 0.101746 0.000000 0.994810 0.180502 0.180502 0.180502
4635.673340 0.000000 843.554565 0.000000 0.099754 0.000000 0.995012 0.190636 0.190636 0.190636
4646.962402 0.000000 834.961182 0.000000 0.502987 0.000000 0.864294 0.187398 0.187398 0.187398
4609.654297 0.000000 805.139404 0.000000 0.685381 0.000000 0.728185 0.194807 0.194807 0.194807
4655.882812 0.000000 795.804932 0.000000 0.998025 0.000000 0.062810 0.189536 0.189536 0.189536
4623.590332 0.000000 842.877747 0.000000 0.929641 0.000000 -0.368467 0.202402 0.202402 0.202402
4622.368652 0.000000 846.634766 0.000000 0.425467 0.000000 0.904974 0.192798 0.192798 0.192798
4647.039551 0.000000 830.942871 0.000000 0.835256 0.000000 -0.549861 0.203706 0.203706 0.203706
4653.431152 0.000000 794.832947 0.000000 0.702306 0.000000 0.711875 0.194957 0.194957 0.194957
4620.919922 0.000000 840.816956 0.000000 0.990586 0.000000 -0.136894 0.200874 0.200874 0.200874
4622.777344 0.000000 811.033386 0.000000 0.058330 0.000000 0.998297 0.190372 0.190372 0.190372
4615.699707 0.000000 806.636108 0.000000 0.859556 0.000000 -0.511041 0.203415 0.203415 0.203415
4621.317383 0.000000 844.008484 0.000000 0.840917 0.000000 -0.541163 0.203640 0.203640 0.203640
4655.105469 0.000000 794.342590 0.000000 0.872692 0.000000 -0.488272 0.193000 0.193000 0.193000
4624.004883 0.000000 808.249084 0.000000 0.677089 0.000000 0.735901 0.194735 0.194735 0.194735
4608.233887 0.000000 804.224487 0.000000 0.864818 0.000000 0.502086 0.196651 0.196651 0.196651
4611.049316 0.000000 803.052124 0.000000 0.708076 0.000000 0.706137 0.195009 0.195009 0.195009
4622.057129 0.000000 842.617126 0.000000 0.264360 0.000000 0.964424 0.191703 0.191703 0.191703
4625.817871 0.000000 809.942322 0.000000 0.981259 0.000000 0.192695 0.198766 0.198766 0.198766
4637.380859 0.000000 810.178894 0.000000 0.026378 0.000000 0.999652 0.190168 0.190168 0.190168
4633.632324 0.000000 805.998779 0.000000 0.835823 0.000000 -0.548998 0.195712 0.195712 0.195712
4641.699219 0.000000 804.211487 0.000000 0.517838 0.000000 0.855479 0.193465 0.193465 0.193465
4646.078125 0.000000 832.410889 0.000000 0.972940 0.000000 -0.231056 0.201484 0.201484 0.201484
4652.188965 0.000000 795.802368 0.000000 0.834463 0.000000 -0.551063 0.203716 0.203716 0.203716
4620.289551 0.000000 804.228638 0.000000 0.796747 0.000000 0.604313 0.193674 0.193674 0.193674
4609.657715 0.000000 791.284973 0.000000 0.477090 0.000000 0.878854 0.193166 0.193166 0.193166
4640.240234 0.000000 804.751099 0.000000 0.875348 0.000000 -0.483494 0.203213 0.203213 0.203213
4625.469238 0.000000 808.519714 0.000000 0.943266 0.000000 -0.332038 0.202155 0.202155 0.202155
4635.790527 0.000000 809.534790 0.000000 0.661191 0.000000 0.750218 0.194599 0.194599 0.194599
4609.626465 0.000000 845.698608 0.000000 0.830567 0.000000 0.556919 0.196240 0.196240 0.196240
4609.945801 0.000000 807.085083 0.000000 0.988698 0.000000 0.149922 0.199042 0.199042 0.199042
4628.196289 0.000000 839.543579 0.000000 0.920583 0.000000 -0.390547 0.202554 0.202554 0.202554
4608.926758 0.000000 844.474976 0.000000 0.985777 0.000000 0.168059 0.198925 0.198925 0.198925
4621.763672 0.000000 845.419373 0.000000 0.930681 0.000000 0.365833 0.197616 0.197616 0.197616
4635.236816 0.000000 808.268127 0.000000 0.884517 0.000000 0.466509 0.196910 0.196910 0.196910
4614.510254 0.000000 807.381653 0.000000 0.998179 0.000000 0.060325 0.199616 0.199616 0.199616
4632.351074 0.000000 842.911621 0.000000 0.240080 0.000000 0.970753 0.191543 0.191543 0.191543
4628.561035 0.000000 841.546631 0.000000 0.991014 0.000000 0.133759 0.199146 0.199146 0.199146
4646.464355 0.000000 833.675293 0.000000 0.773198 0.000000 0.634164 0.195627 0.195627 0.195627
4634.696777 0.000000 810.527344 0.000000 0.012856 0.000000 0.999917 0.190082 0.190082 0.190082
4634.914551 0.000000 842.485046 0.000000 0.915119 0.000000 -0.403184 0.202642 0.202642 0.202642
4644.154785 0.000000 798.483704 0.000000 0.977823 0.000000 0.209434 0.198657 0.198657 0.198657
4654.200195 0.000000 791.891052 0.000000 0.339539 0.000000 0.940592 0.192205 0.192205 0.192205
4634.372559 0.000000 843.638000 0.000000 0.909936 0.000000 -0.414749 0.202723 0.202723 0.202723
4612.727051 0.000000 798.032104 0.000000 0.998613 0.000000 -0.052654 0.200335 0.200335 0.200335
4668.871582 0.000000 819.976074 0.000000 0.955581 0.000000 -0.294728 0.201905 0.201905 0.201905
4618.865723 0.000000 805.872070 0.000000 0.929963 0.000000 -0.367653 0.202397 0.202397 0.202397
4638.669434 0.000000 806.397705 0.000000 0.964230 0.000000 -0.265068 0.201708 0.201708 0.201708
4628.580078 0.000000 838.378418 0.000000 0.381248 0.000000 0.924473 0.192490 0.192490 0.192490
4609.121582 0.000000 807.889771 0.000000 0.838385 0.000000 0.545078 0.196330 0.196330 0.196330
4608.649414 0.000000 805.696350 0.000000 0.990130 0.000000 0.140149 0.199105 0.199105 0.199105
4628.942871 0.000000 840.388428 0.000000 0.864164 0.000000 -0.503210 0.203357 0.203357 0.203357
4620.296875 0.000000 844.366943 0.000000 0.095348 0.000000 0.995444 0.190608 0.190608 0.190608
4621.689453 0.000000 841.602478 0.000000 0.427821 0.000000 0.903863 0.192814 0.192814 0.192814
4676.789062 0.000000 824.638184 0.000000 0.600411 0.000000 0.799692 0.176158 0.176158 0.176158
4672.597656 0.000000 811.248535 0.000000 0.967986 0.000000 -0.251003 0.180155 0.180155 0.180155
4677.597168 0.000000 817.667908 0.000000 0.579179 0.000000 0.815201 0.193933 0.193933 0.193933
4676.370605 0.000000 817.370850 0.000000 0.988490 0.000000 0.151287 0.199033 0.199033 0.199033
4650.835938 0.000000 853.271912 0.000000 0.999986 0.000000 0.005219 0.185964 0.185964 0.185964
4620.526855 0.000000 870.311462 0.000000 0.384977 0.000000 0.922926 0.192516 0.192516 0.192516
4633.706543 0.000000 860.904968 0.000000 0.956169 0.000000 -0.292817 0.201892 0.201892 0.201892
4624.186523 0.000000 866.416870 0.000000 0.048686 0.000000 0.998814 0.170053 0.170053 0.170053
4631.068359 0.000000 851.776794 0.000000 0.971614 0.000000 0.236571 0.198480 0.198480 0.198480
4614.395508 0.000000 877.321289 0.000000 0.826481 0.000000 0.562964 0.175310 0.175310 0.175310
4646.646484 0.000000 879.422852 0.000000 0.843184 0.000000 -0.537626 0.203614 0.203614 0.203614
4616.173828 0.000000 869.531921 0.000000 0.961062 0.000000 0.276332 0.198218 0.198218 0.198218
4645.463867 0.000000 854.870972 0.000000 0.941041 0.000000 0.338292 0.180627 0.180627 0.180627
4641.365723 0.000000 857.440491 0.000000 0.759779 0.000000 0.650181 0.174137 0.174137 0.174137
4621.612305 0.000000 850.394226 0.000000 0.131655 0.000000 0.991296 0.190841 0.190841 0.190841
4644.550293 0.000000 878.059631 0.000000 0.943728 0.000000 -0.330724 0.202146 0.202146 0.202146
4649.650879 0.000000 856.552368 0.000000 0.506245 0.000000 0.862390 0.182546 0.182546 0.182546
4639.373535 0.000000 890.698730 0.000000 0.404762 0.000000 0.914422 0.192653 0.192653 0.192653
4634.165527 0.000000 855.523376 0.000000 0.442298 0.000000 0.896868 0.192917 0.192917 0.192917
4614.028809 0.000000 870.195251 0.000000 0.852149 0.000000 -0.523299 0.203506 0.203506 0.203506
4609.042969 0.000000 879.766724 0.000000 0.988510 0.000000 0.151158 0.195689 0.195689 0.195689
4647.465820 0.000000 857.151306 0.000000 0.837204 0.000000 -0.546891 0.203684 0.203684 0.203684
4608.712402 0.000000 865.486633 0.000000 0.984359 0.000000 0.176173 0.198873 0.198873 0.198873
4640.607910 0.000000 886.356262 0.000000 0.934536 0.000000 0.355870 0.173873 0.173873 0.173873
4635.966309 0.000000 856.878723 0.000000 0.486604 0.000000 0.873623 0.193235 0.193235 0.193235
4638.716309 0.000000 893.503601 0.000000 0.126198 0.000000 0.992005 0.190806 0.190806 0.190806
4643.217285 0.000000 858.104187 0.000000 0.846340 0.000000 0.532644 0.196424 0.196424 0.196424
4631.416992 0.000000 895.198425 0.000000 0.993885 0.000000 -0.110416 0.195645 0.195645 0.195645
4620.080078 0.000000 878.554443 0.000000 0.324624 0.000000 0.945843 0.191029 0.191029 0.191029
4636.720215 0.000000 887.774780 0.000000 0.825669 0.000000 0.564154 0.184094 0.184094 0.184094
4647.104492 0.000000 859.159241 0.000000 0.725455 0.000000 0.688269 0.176033 0.176033 0.176033
4647.260742 0.000000 868.869629 0.000000 0.231438 0.000000 0.972850 0.175396 0.175396 0.175396
4629.452637 0.000000 869.248535 0.000000 0.634492 0.000000 0.772930 0.192198 0.192198 0.192198
4641.433594 0.000000 883.069214 0.000000 0.239197 0.000000 0.970971 0.183490 0.183490 0.183490
4644.749023 0.000000 856.635132 0.000000 0.529379 0.000000 0.848385 0.193552 0.193552 0.193552
4625.145996 0.000000 849.819824 0.000000 0.994471 0.000000 0.105008 0.199330 0.199330 0.199330
4639.632324 0.000000 857.934448 0.000000 0.971430 0.000000 0.237325 0.186800 0.186800 0.186800
4624.728516 0.000000 847.272217 0.000000 0.937250 0.000000 0.348658 0.197733 0.197733 0.197733
4608.525879 0.000000 884.568726 0.000000 0.807763 0.000000 0.589508 0.195986 0.195986 0.195986
4634.057129 0.000000 882.728760 0.000000 0.933506 0.000000 -0.358562 0.202335 0.202335 0.202335
4622.749512 0.000000 847.296692 0.000000 0.344597 0.000000 0.938751 0.192240 0.192240 0.192240
4632.512695 0.000000 854.998535 0.000000 0.999775 0.000000 0.021191 0.199865 0.199865 0.199865
4618.416504 0.000000 878.949768 0.000000 0.964486 0.000000 -0.264136 0.201702 0.201702 0.201702
4627.835449 0.000000 868.152710 0.000000 0.213505 0.000000 0.976942 0.191370 0.191370 0.191370
4633.336426 0.000000 885.263916 0.000000 0.868965 0.000000 0.494874 0.195051 0.195051 0.195051
4638.190918 0.000000 884.319458 0.000000 0.999998 0.000000 -0.001909 0.200012 0.200012 0.200012
4623.824707 0.000000 870.712280 0.000000 0.949395 0.000000 0.314086 0.197966 0.197966 0.197966
4616.954590 0.000000 870.983643 0.000000 0.069802 0.000000 0.997561 0.190445 0.190445 0.190445
4642.559570 0.000000 880.471130 0.000000 0.784486 0.000000 0.620146 0.195741 0.195741 0.195741
4622.222168 0.000000 870.416443 0.000000 0.980086 0.000000 -0.198572 0.201273 0.201273 0.201273
4621.021484 0.000000 879.894653 0.000000 0.858431 0.000000 0.512929 0.195470 0.195470 0.195470
4633.632324 0.000000 862.483154 0.000000 0.824409 0.000000 -0.565995 0.203830 0.203830 0.203830
4646.707031 0.000000 855.822937 0.000000 0.981589 0.000000 0.191008 0.198776 0.198776 0.198776
4624.485352 0.000000 872.377808 0.000000 0.709668 0.000000 0.704537 0.195023 0.195023 0.195023
4631.673828 0.000000 853.221741 0.000000 0.030760 0.000000 0.999527 0.190196 0.190196 0.190196
4611.329590 0.000000 882.693909 0.000000 0.665602 0.000000 0.746307 0.194637 0.194637 0.194637
4637.264648 0.000000 894.046814 0.000000 0.999081 0.000000 0.042867 0.199727 0.199727 0.199727
4634.692383 0.000000 859.716553 0.000000 0.502128 0.000000 0.864793 0.193349 0.193349 0.193349
4628.029785 0.000000 851.192383 0.000000 0.934231 0.000000 0.356668 0.197678 0.197678 0.197678
4609.639160 0.000000 882.471985 0.000000 0.599801 0.000000 0.800149 0.194095 0.194095 0.194095
4622.035156 0.000000 873.265259 0.000000 0.999989 0.000000 -0.004675 0.200030 0.200030 0.200030
4632.325195 0.000000 896.405884 0.000000 0.925168 0.000000 0.379557 0.197522 0.197522 0.197522
4621.322266 0.000000 851.862366 0.000000 0.995902 0.000000 0.090441 0.199423 0.199423 0.199423
4622.213379 0.000000 848.970581 0.000000 0.864261 0.000000 0.503044 0.196644 0.196644 0.196644
4626.338867 0.000000 855.298828 0.000000 0.985733 0.000000 0.168315 0.198923 0.198923 0.198923
4646.826172 0.000000 854.001709 0.000000 0.082243 0.000000 0.996612 0.190524 0.190524 0.190524
4639.740723 0.000000 892.234192 0.000000 0.905789 0.000000 0.423729 0.197214 0.197214 0.197214
4623.104980 0.000000 850.168213 0.000000 0.434318 0.000000 0.900760 0.192860 0.192860 0.192860
4620.996094 0.000000 877.097473 0.000000 0.999833 0.000000 0.018282 0.199884 0.199884 0.199884
4630.696289 0.000000 883.580322 0.000000 0.062172 0.000000 0.998065 0.190396 0.190396 0.190396
4630.014160 0.000000 852.799683 0.000000 0.701887 0.000000 0.712288 0.194953 0.194953 0.194953
4609.945801 0.000000 863.569458 0.000000 0.944656 0.000000 -0.328063 0.202128 0.202128 0.202128
4634.283691 0.000000 893.811462 0.000000 0.834518 0.000000 -0.550981 0.203715 0.203715 0.203715
4615.363281 0.000000 870.716003 0.000000 0.939422 0.000000 -0.342763 0.202227 0.202227 0.202227
4646.014160 0.000000 878.094299 0.000000 0.173312 0.000000 0.984867 0.191109 0.191109 0.191109
4645.210449 0.000000 879.347229 0.000000 0.982421 0.000000 -0.186680 0.201195 0.201195 0.201195
4628.600586 0.000000 858.287598 0.000000 0.223829 0.000000 0.974628 0.191437 0.191437 0.191437
4637.948242 0.000000 888.385986 0.000000 0.740174 0.000000 0.672415 0.195305 0.195305 0.195305
4628.958984 0.000000 872.935364 0.000000 0.786514 0.000000 0.617572 0.195762 0.195762 0.195762
4624.399414 0.000000 874.986328 0.000000 0.147740 0.000000 0.989026 0.190944 0.190944 0.190944
4610.058594 0.000000 865.705017 0.000000 0.278892 0.000000 0.960323 0.191799 0.191799 0.191799
4646.074219 0.000000 857.112183 0.000000 0.599241 0.000000 0.800569 0.194091 0.194091 0.194091
4633.172852 0.000000 883.780396 0.000000 0.739380 0.000000 0.673289 0.195298 0.195298 0.195298
4635.559082 0.000000 883.154968 0.000000 0.975180 0.000000 -0.221413 0.201421 0.201421 0.201421
4623.223145 0.000000 875.612183 0.000000 0.994502 0.000000 -0.104719 0.200668 0.200668 0.200668
4608.098633 0.000000 883.328186 0.000000 0.728378 0.000000 0.685175 0.195195 0.195195 0.195195
4639.443848 0.000000 885.377014 0.000000 0.985724 0.000000 0.168372 0.198923 0.198923 0.198923
4622.623047 0.000000 851.976929 0.000000 0.840092 0.000000 -0.542444 0.203650 0.203650 0.203650
4625.977051 0.000000 876.734863 0.000000 0.774373 0.000000 0.632730 0.195639 0.195639 0.195639
4644.191406 0.000000 858.970581 0.000000 0.952273 0.000000 0.305248 0.198025 0.198025 0.198025
4610.597656 0.000000 860.730652 0.000000 0.922205 0.000000 -0.386702 0.202528 0.202528 0.202528
4635.442383 0.000000 855.688477 0.000000 0.838986 0.000000 0.544153 0.196337 0.196337 0.196337
4608.042480 0.000000 880.696838 0.000000 0.714768 0.000000 0.699362 0.195069 0.195069 0.195069
4616.415527 0.000000 874.337891 0.000000 0.438919 0.000000 0.898527 0.192893 0.192893 0.192893
4625.011230 0.000000 848.602783 0.000000 0.976074 0.000000 -0.217437 0.201395 0.201395 0.201395
4644.740723 0.000000 872.367737 0.000000 0.953241 0.000000 -0.302211 0.201954 0.201954 0.201954
4644.268066 0.000000 869.891663 0.000000 0.454346 0.000000 0.890825 0.193003 0.193003 0.193003
4636.231934 0.000000 888.868408 0.000000 0.422941 0.000000 0.906157 0.192780 0.192780 0.192780
4635.313477 0.000000 894.899109 0.000000 0.517131 0.000000 0.855906 0.193460 0.193460 0.193460
4614.969727 0.000000 879.589722 0.000000 0.996734 0.000000 0.080749 0.199485 0.199485 0.199485
4639.890137 0.000000 893.506775 0.000000 0.300890 0.000000 0.953659 0.191946 0.191946 0.191946
4620.518066 0.000000 875.855896 0.000000 0.802045 0.000000 0.597264 0.195925 0.195925 0.195925
4624.053223 0.000000 852.625977 0.000000 0.836937 0.000000 -0.547300 0.203687 0.203687 0.203687
4623.586426 0.000000 873.134888 0.000000 0.808815 0.000000 0.588063 0.195998 0.195998 0.195998
4638.526367 0.000000 891.721008 0.000000 0.998154 0.000000 0.060736 0.199613 0.199613 0.199613
4625.432129 0.000000 902.396484 0.000000 0.387674 0.000000 0.921797 0.192534 0.192534 0.192534
4633.831543 0.000000 854.409119 0.000000 0.930867 0.000000 -0.365359 0.202381 0.202381 0.202381
4615.767090 0.000000 873.268372 0.000000 0.853391 0.000000 -0.521271 0.203491 0.203491 0.203491
4611.978516 0.000000 863.483521 0.000000 0.841047 0.000000 0.540963 0.196361 0.196361 0.196361
4624.913574 0.000000 851.048584 0.000000 0.855251 0.000000 -0.518214 0.203468 0.203468 0.203468
4608.649414 0.000000 862.180725 0.000000 0.920015 0.000000 -0.391883 0.202564 0.202564 0.202564
4636.718750 0.000000 857.766052 0.000000 0.995704 0.000000 0.092594 0.199410 0.199410 0.199410
4644.323242 0.000000 857.766357 0.000000 0.627179 0.000000 0.778875 0.194316 0.194316 0.194316
4619.572266 0.000000 872.844482 0.000000 0.855574 0.000000 -0.517681 0.203464 0.203464 0.203464
4609.237793 0.000000 883.587646 0.000000 0.122354 0.000000 0.992487 0.190781 0.190781 0.190781
4620.067383 0.000000 847.352722 0.000000 0.926748 0.000000 -0.375684 0.202452 0.202452 0.202452
4611.692383 0.000000 880.566650 0.000000 0.168061 0.000000 0.985777 0.191075 0.191075 0.191075
4637.641113 0.000000 893.021606 0.000000 0.041245 0.000000 0.999149 0.190263 0.190263 0.190263
4643.665039 0.000000 856.846619 0.000000 0.979707 0.000000 -0.200434 0.201285 0.201285 0.201285
4609.343750 0.000000 860.578979 0.000000 0.812550 0.000000 0.582891 0.196038 0.196038 0.196038
4618.479980 0.000000 875.415344 0.000000 0.950237 0.000000 0.311526 0.197983 0.197983 0.197983
4620.654785 0.000000 850.970032 0.000000 0.911807 0.000000 -0.410618 0.202694 0.202694 0.202694
4645.641602 0.000000 874.548157 0.000000 0.958651 0.000000 -0.284584 0.201837 0.201837 0.201837
4618.056641 0.000000 870.912842 0.000000 0.674266 0.000000 0.738488 0.194711 0.194711 0.194711
4636.235840 0.000000 889.942688 0.000000 0.534082 0.000000 0.845433 0.193587 0.193587 0.193587
4621.181641 0.000000 849.081604 0.000000 0.939138 0.000000 0.343540 0.197767 0.197767 0.197767
4541.125000 0.000000 956.229248 0.000000 0.919178 0.000000 -0.393843 0.183284 0.183284 0.183284
4518.824707 0.000000 908.987915 0.000000 0.785239 0.000000 0.619193 0.185331 0.185331 0.185331
4543.976562 0.000000 954.365417 0.000000 0.979152 0.000000 0.203129 0.182557 0.182557 0.182557
4536.630371 0.000000 957.205017 0.000000 0.991394 0.000000 0.130910 0.181870 0.181870 0.181870
4540.771484 0.000000 940.834106 0.000000 0.991207 0.000000 0.132319 0.185767 0.185767 0.185767
4519.260742 0.000000 925.354004 0.000000 0.016485 0.000000 0.999864 0.181052 0.181052 0.181052
4512.594727 0.000000 923.388428 0.000000 0.326915 0.000000 0.945054 0.184048 0.184048 0.184048
4517.604004 0.000000 926.333984 0.000000 0.972783 0.000000 0.231719 0.198511 0.198511 0.198511
4539.962402 0.000000 942.698364 0.000000 0.998368 0.000000 -0.057109 0.200364 0.200364 0.200364
4513.762207 0.000000 925.647888 0.000000 0.998167 0.000000 -0.060526 0.200386 0.200386 0.200386
4542.208984 0.000000 940.410706 0.000000 0.397604 0.000000 0.917557 0.192603 0.192603 0.192603
4541.367188 0.000000 954.885742 0.000000 0.620520 0.000000 0.784190 0.194262 0.194262 0.194262
4516.268066 0.000000 926.376038 0.000000 0.880390 0.000000 0.474251 0.196854 0.196854 0.196854
4542.141113 0.000000 950.618225 0.000000 0.615764 0.000000 0.787931 0.194223 0.194223 0.194223
4517.876953 0.000000 927.567383 0.000000 0.843633 0.000000 -0.536920 0.203608 0.203608 0.203608
4556.112305 0.000000 918.656738 0.000000 0.170572 0.000000 0.985345 0.173963 0.173963 0.173963
4606.582031 0.000000 918.617065 0.000000 0.178950 0.000000 0.983858 0.168122 0.168122 0.168122
4567.935547 0.000000 940.805115 0.000000 0.085824 0.000000 0.996310 0.178271 0.178271 0.178271
4558.401855 0.000000 945.445862 0.000000 0.711780 0.000000 0.702402 0.195042 0.195042 0.195042
4571.203125 0.000000 943.067688 0.000000 0.725109 0.000000 0.688634 0.195164 0.195164 0.195164
4607.273438 0.000000 915.141052 0.000000 0.733491 0.000000 0.679699 0.169538 0.169538 0.169538
4563.576660 0.000000 939.201599 0.000000 0.984893 0.000000 -0.173164 0.201108 0.201108 0.201108
4545.042969 0.000000 936.251099 0.000000 0.248932 0.000000 0.968521 0.175501 0.175501 0.175501
4601.072754 0.000000 953.867065 0.000000 0.950660 0.000000 -0.310235 0.185033 0.185033 0.185033
4599.867676 0.000000 950.981628 0.000000 0.838958 0.000000 -0.544197 0.178562 0.178562 0.178562
4586.281250 0.000000 945.961731 0.000000 0.865601 0.000000 -0.500734 0.178277 0.178277 0.178277
4561.219727 0.000000 915.208740 0.000000 0.907614 0.000000 -0.419805 0.202758 0.202758 0.202758
4563.236816 0.000000 915.073059 0.000000 0.341497 0.000000 0.939883 0.192219 0.192219 0.192219
4582.819824 0.000000 956.001709 0.000000 0.946110 0.000000 -0.323845 0.180588 0.180588 0.180588
4591.350098 0.000000 958.493042 0.000000 0.977104 0.000000 0.212761 0.191402 0.191402 0.191402
4559.325195 0.000000 938.758423 0.000000 0.186036 0.000000 0.982543 0.191191 0.191191 0.191191
4573.418457 0.000000 953.747498 0.000000 0.837956 0.000000 -0.545738 0.185418 0.185418 0.185418
4545.726074 0.000000 946.654480 0.000000 0.926013 0.000000 0.377492 0.197536 0.197536 0.197536
4566.981445 0.000000 931.974548 0.000000 0.979580 0.000000 -0.201052 0.200725 0.200725 0.200725
4545.843750 0.000000 950.129700 0.000000 0.388168 0.000000 0.921589 0.189302 0.189302 0.189302
4549.351074 0.000000 941.875977 0.000000 0.887437 0.000000 0.460929 0.187572 0.187572 0.187572
4563.881836 0.000000 942.287537 0.000000 0.989424 0.000000 -0.145049 0.200364 0.200364 0.200364
4560.004883 0.000000 921.217834 0.000000 0.862844 0.000000 0.505471 0.196076 0.196076 0.196076
4560.024902 0.000000 945.168579 0.000000 0.892503 0.000000 0.451042 0.197021 0.197021 0.197021
4581.577148 0.000000 951.918579 0.000000 0.922927 0.000000 0.384975 0.197484 0.197484 0.197484
4572.899902 0.000000 955.298706 0.000000 0.654713 0.000000 0.755877 0.189640 0.189640 0.189640
4606.383301 0.000000 924.916443 0.000000 0.141110 0.000000 0.989994 0.190901 0.190901 0.190901
4597.071289 0.000000 908.491272 0.000000 0.731473 0.000000 0.681871 0.195223 0.195223 0.195223
4564.841797 0.000000 938.316101 0.000000 0.699548 0.000000 0.714585 0.190018 0.190018 0.190018
4546.657715 0.000000 948.512329 0.000000 0.873277 0.000000 -0.487223 0.195270 0.195270 0.195270
4599.353516 0.000000 910.893799 0.000000 0.928848 0.000000 0.370461 0.197584 0.197584 0.197584
4575.303223 0.000000 930.761414 0.000000 0.122985 0.000000 0.992409 0.190785 0.190785 0.190785
4573.034668 0.000000 957.233765 0.000000 0.504090 0.000000 0.863651 0.193363 0.193363 0.193363
4562.728027 0.000000 937.908081 0.000000 0.321371 0.000000 0.946953 0.188855 0.188855 0.188855
4556.289551 0.000000 917.197388 0.000000 0.897912 0.000000 -0.440174 0.202902 0.202902 0.202902
4563.524902 0.000000 940.683838 0.000000 0.977074 0.000000 -0.212900 0.201366 0.201366 0.201366
4571.529297 0.000000 934.435913 0.000000 0.502702 0.000000 0.864460 0.191728 0.191728 0.191728
4561.469238 0.000000 921.488464 0.000000 0.778785 0.000000 0.627292 0.195135 0.195135 0.195135
4567.838867 0.000000 934.773682 0.000000 0.947858 0.000000 -0.318693 0.202065 0.202065 0.202065
4589.470215 0.000000 951.034302 0.000000 0.914598 0.000000 0.404363 0.197350 0.197350 0.197350
4566.889648 0.000000 953.011963 0.000000 0.068659 0.000000 0.997640 0.190437 0.190437 0.190437
4566.292480 0.000000 935.170593 0.000000 0.901511 0.000000 -0.432756 0.202849 0.202849 0.202849
4574.348145 0.000000 934.088440 0.000000 0.391475 0.000000 0.920189 0.192561 0.192561 0.192561
4590.953613 0.000000 957.149536 0.000000 0.941354 0.000000 0.337421 0.197809 0.197809 0.197809
4544.098633 0.000000 939.812561 0.000000 0.498238 0.000000 0.867041 0.193320 0.193320 0.193320
4558.057129 0.000000 938.412415 0.000000 0.594001 0.000000 0.804464 0.194049 0.194049 0.194049
4557.796875 0.000000 942.762817 0.000000 0.792371 0.000000 0.610039 0.195823 0.195823 0.195823
4546.857910 0.000000 946.093506 0.000000 0.303149 0.000000 0.952943 0.191961 0.191961 0.191961
4558.943359 0.000000 944.344543 0.000000 0.470925 0.000000 0.882173 0.193122 0.193122 0.193122
4597.270996 0.000000 907.050110 0.000000 0.554780 0.000000 0.831997 0.193744 0.193744 0.193744
4572.419922 0.000000 935.292908 0.000000 0.864572 0.000000 0.502509 0.196648 0.196648 0.196648
4565.042969 0.000000 931.653870 0.000000 0.981339 0.000000 -0.192285 0.201232 0.201232 0.201232
4561.206543 0.000000 941.081360 0.000000 0.929100 0.000000 -0.369827 0.202412 0.202412 0.202412
4559.853516 0.000000 918.487305 0.000000 0.970424 0.000000 0.241408 0.198448 0.198448 0.198448
4561.255371 0.000000 914.038452 0.000000 0.643052 0.000000 0.765822 0.194447 0.194447 0.194447
4598.206543 0.000000 911.165710 0.000000 0.994208 0.000000 -0.107477 0.200686 0.200686 0.200686
4605.552246 0.000000 913.063293 0.000000 0.909476 0.000000 0.415757 0.197270 0.197270 0.197270
4565.500000 0.000000 933.933716 0.000000 0.189387 0.000000 0.981903 0.191213 0.191213 0.191213
4568.817383 0.000000 936.783569 0.000000 0.860313 0.000000 0.509765 0.196595 0.196595 0.196595
4599.309570 0.000000 911.995544 0.000000 0.849429 0.000000 0.527703 0.196461 0.196461 0.196461
4556.499512 0.000000 943.132874 0.000000 0.150374 0.000000 0.988629 0.190961 0.190961 0.190961
4535.060547 0.000000 1001.834106 0.000000 0.155728 0.000000 0.987800 0.161035 0.161035 0.161035
4543.509766 0.000000 997.452881 0.000000 0.880784 0.000000 -0.473519 0.178672 0.178672 0.178672
4537.198730 0.000000 986.969849 0.000000 0.166025 0.000000 0.986121 0.191062 0.191062 0.191062
4543.314453 0.000000 988.147156 0.000000 0.176095 0.000000 0.984373 0.191127 0.191127 0.191127
4542.499512 0.000000 989.622925 0.000000 0.448497 0.000000 0.893785 0.192961 0.192961 0.192961
4544.163086 0.000000 994.980896 0.000000 0.741058 0.000000 0.671441 0.165770 0.165770 0.165770
4553.278320 0.000000 1010.317932 0.000000 0.616229 0.000000 0.787567 0.166480 0.166480 0.166480
4602.637207 0.000000 987.168091 0.000000 0.999729 0.000000 -0.023265 0.195102 0.195102 0.195102
4550.395508 0.000000 990.290039 0.000000 0.868772 0.000000 -0.495213 0.176533 0.176533 0.176533
4593.394043 0.000000 985.564148 0.000000 0.045557 0.000000 0.998962 0.170035 0.170035 0.170035
4598.180664 0.000000 984.084595 0.000000 0.992251 0.000000 0.124249 0.191395 0.191395 0.191395
4550.953125 0.000000 995.844604 0.000000 0.479038 0.000000 0.877794 0.193180 0.193180 0.193180
4589.814941 0.000000 996.780457 0.000000 0.870721 0.000000 -0.491778 0.178789 0.178789 0.178789
4552.722168 0.000000 992.753479 0.000000 0.967675 0.000000 -0.252200 0.194281 0.194281 0.194281
4584.567383 0.000000 994.917664 0.000000 0.989353 0.000000 -0.145535 0.184608 0.184608 0.184608
4571.504395 0.000000 974.212769 0.000000 0.971259 0.000000 -0.238025 0.187417 0.187417 0.187417
4585.963379 0.000000 967.763672 0.000000 0.022323 0.000000 0.999751 0.184283 0.184283 0.184283
4588.442383 0.000000 966.747131 0.000000 0.975972 0.000000 -0.217898 0.188987 0.188987 0.188987
4600.710938 0.000000 984.065918 0.000000 0.950735 0.000000 -0.310005 0.198046 0.198046 0.198046
4594.132324 0.000000 979.655518 0.000000 0.955770 0.000000 0.294115 0.198100 0.198100 0.198100
4601.728516 0.000000 985.629089 0.000000 0.994658 0.000000 -0.103229 0.196724 0.196724 0.196724
4590.203125 0.000000 983.755737 0.000000 0.349563 0.000000 0.936913 0.189581 0.189581 0.189581
4568.030273 0.000000 973.539551 0.000000 0.649017 0.000000 0.760774 0.194496 0.194496 0.194496
4553.880371 0.000000 993.752930 0.000000 0.288569 0.000000 0.957459 0.184877 0.184877 0.184877
4598.485352 0.000000 985.648621 0.000000 0.974898 0.000000 -0.222651 0.193530 0.193530 0.193530
4547.329590 0.000000 995.662659 0.000000 0.999191 0.000000 0.040212 0.197506 0.197506 0.197506
4570.692383 0.000000 972.685303 0.000000 0.564147 0.000000 0.825674 0.193816 0.193816 0.193816
4569.045410 0.000000 972.126221 0.000000 0.850686 0.000000 -0.525673 0.203524 0.203524 0.203524
4601.773926 0.000000 982.023193 0.000000 0.866320 0.000000 0.499490 0.196670 0.196670 0.196670
4549.854492 0.000000 994.987549 0.000000 0.507398 0.000000 0.861712 0.193388 0.193388 0.193388
4603.526855 0.000000 993.001526 0.000000 0.813145 0.000000 0.582061 0.196045 0.196045 0.196045
4544.049316 0.000000 985.931885 0.000000 0.997080 0.000000 -0.076364 0.200487 0.200487 0.200487
4568.631836 0.000000 970.847229 0.000000 0.949242 0.000000 0.314546 0.197963 0.197963 0.197963
4590.744141 0.000000 985.887878 0.000000 0.906916 0.000000 0.421312 0.197231 0.197231 0.197231
4597.408691 0.000000 988.648071 0.000000 0.780270 0.000000 0.625443 0.195698 0.195698 0.195698
4571.442383 0.000000 968.657227 0.000000 0.892002 0.000000 0.452031 0.197014 0.197014 0.197014
4587.903809 0.000000 960.341797 0.000000 0.945415 0.000000 -0.325868 0.202113 0.202113 0.202113
4548.693359 0.000000 992.874695 0.000000 0.360660 0.000000 0.932697 0.192349 0.192349 0.192349
4545.515137 0.000000 989.419373 0.000000 0.372074 0.000000 0.928203 0.192427 0.192427 0.192427
4548.470703 0.000000 995.223511 0.000000 0.165646 0.000000 0.986185 0.191059 0.191059 0.191059
4552.362793 0.000000 1016.019409 0.000000 0.173041 0.000000 0.984915 0.191107 0.191107 0.191107
4592.198730 0.000000 983.906189 0.000000 0.626854 0.000000 0.779137 0.194313 0.194313 0.194313
4549.747070 0.000000 993.205322 0.000000 0.940923 0.000000 0.338621 0.197801 0.197801 0.197801
4540.454590 0.000000 1057.057861 0.000000 0.583660 0.000000 0.811998 0.193968 0.193968 0.193968
4542.208984 0.000000 1053.379395 0.000000 0.994463 0.000000 0.105088 0.198213 0.198213 0.198213
4542.025391 0.000000 1019.846863 0.000000 0.861366 0.000000 0.507984 0.196608 0.196608 0.196608
4554.072266 0.000000 1072.890747 0.000000 0.591950 0.000000 0.805975 0.194033 0.194033 0.194033
4602.637207 0.000000 1043.652466 0.000000 0.615487 0.000000 0.788147 0.163755 0.163755 0.163755
4563.443848 0.000000 1066.638550 0.000000 0.891387 0.000000 0.453243 0.197005 0.197005 0.197005
4558.650879 0.000000 1067.059570 0.000000 0.989153 0.000000 -0.146887 0.190244 0.190244 0.190244
4576.330078 0.000000 1071.016235 0.000000 0.960028 0.000000 0.279903 0.181539 0.181539 0.181539
4567.348633 0.000000 1069.717163 0.000000 0.999667 0.000000 -0.025786 0.181662 0.181662 0.181662
4575.373535 0.000000 1060.151855 0.000000 0.968293 0.000000 -0.249816 0.175065 0.175065 0.175065
4591.085449 0.000000 1055.546875 0.000000 0.509771 0.000000 0.860310 0.190697 0.190697 0.190697
4593.424316 0.000000 1055.135254 0.000000 0.976618 0.000000 -0.214983 0.185021 0.185021 0.185021
4593.031738 0.000000 1063.057251 0.000000 0.603165 0.000000 0.797616 0.194122 0.194122 0.194122
4605.252441 0.000000 1027.145142 0.000000 0.998936 0.000000 0.046115 0.199706 0.199706 0.199706
4594.709961 0.000000 1030.808594 0.000000 0.041589 0.000000 0.999135 0.175875 0.175875 0.175875
4565.843750 0.000000 1067.003418 0.000000 0.057823 0.000000 0.998327 0.190368 0.190368 0.190368
4560.905273 0.000000 1070.618164 0.000000 0.295397 0.000000 0.955375 0.183846 0.183846 0.183846
4583.039551 0.000000 1056.880371 0.000000 0.913749 0.000000 0.406278 0.196784 0.196784 0.196784
4550.054199 0.000000 1018.317383 0.000000 0.818256 0.000000 0.574854 0.196101 0.196101 0.196101
4570.957520 0.000000 1023.345581 0.000000 0.538407 0.000000 0.842685 0.193619 0.193619 0.193619
4554.663574 0.000000 1071.303711 0.000000 0.490285 0.000000 0.871562 0.193262 0.193262 0.193262
4547.050781 0.000000 1020.113037 0.000000 0.999084 0.000000 -0.042784 0.200272 0.200272 0.200272
4606.038574 0.000000 1040.702026 0.000000 0.900269 0.000000 -0.435334 0.202867 0.202867 0.202867
4555.039062 0.000000 1032.975098 0.000000 0.802377 0.000000 0.596818 0.195929 0.195929 0.195929
4562.010742 0.000000 1067.251831 0.000000 0.998574 0.000000 0.053391 0.199660 0.199660 0.199660
4564.029785 0.000000 1020.645508 0.000000 0.704389 0.000000 0.709814 0.188968 0.188968 0.188968
4547.916016 0.000000 1021.331787 0.000000 0.075980 0.000000 0.997109 0.190484 0.190484 0.190484
4555.568848 0.000000 1072.672119 0.000000 0.546176 0.000000 0.837670 0.193678 0.193678 0.193678
4565.894043 0.000000 1069.992554 0.000000 0.792442 0.000000 0.609948 0.195824 0.195824 0.195824
4576.813477 0.000000 1060.224609 0.000000 0.363050 0.000000 0.931770 0.192365 0.192365 0.192365
4557.299805 0.000000 1028.185425 0.000000 0.084613 0.000000 0.996414 0.189472 0.189472 0.189472
4569.534668 0.000000 1026.280762 0.000000 0.999953 0.000000 -0.009680 0.200062 0.200062 0.200062
4557.763672 0.000000 1071.356934 0.000000 0.883548 0.000000 -0.468341 0.203103 0.203103 0.203103
4607.365723 0.000000 1026.684082 0.000000 0.981673 0.000000 0.190572 0.198779 0.198779 0.198779
4591.816406 0.000000 1062.507080 0.000000 0.998921 0.000000 0.046444 0.199704 0.199704 0.199704
4568.631836 0.000000 1027.331665 0.000000 0.989891 0.000000 -0.141834 0.200906 0.200906 0.200906
4556.955566 0.000000 1072.582886 0.000000 0.973968 0.000000 0.226686 0.198544 0.198544 0.198544
4590.744141 0.000000 1042.372192 0.000000 0.906539 0.000000 -0.422123 0.202774 0.202774 0.202774
4564.561035 0.000000 1067.484131 0.000000 0.935196 0.000000 0.354130 0.197696 0.197696 0.197696
4591.484375 0.000000 1036.177856 0.000000 0.364213 0.000000 0.931316 0.192373 0.192373 0.192373
4552.616211 0.000000 1033.962402 0.000000 0.787694 0.000000 0.616067 0.195775 0.195775 0.195775
4592.927734 0.000000 1061.734741 0.000000 0.425586 0.000000 0.904918 0.192799 0.192799 0.192799
4593.044434 0.000000 1065.799072 0.000000 0.967167 0.000000 -0.254141 0.201636 0.201636 0.201636
4592.056641 0.000000 1067.925537 0.000000 0.763681 0.000000 0.645594 0.195532 0.195532 0.195532
4592.896973 0.000000 1064.329224 0.000000 0.978077 0.000000 0.208241 0.198665 0.198665 0.198665
4590.722168 0.000000 1064.530396 0.000000 0.029466 0.000000 0.999566 0.190188 0.190188 0.190188
4593.121094 0.000000 1068.626831 0.000000 0.688077 0.000000 0.725638 0.194831 0.194831 0.194831
4602.750488 0.000000 1031.206177 0.000000 0.861277 0.000000 -0.508136 0.203393 0.203393 0.203393
4605.982422 0.000000 1028.243652 0.000000 0.993208 0.000000 -0.116353 0.200742 0.200742 0.200742
4591.731934 0.000000 1063.817505 0.000000 0.159739 0.000000 0.987159 0.191021 0.191021 0.191021
4548.601562 0.000000 1018.042297 0.000000 0.265090 0.000000 0.964224 0.191708 0.191708 0.191708
4590.873535 0.000000 1065.820190 0.000000 0.830375 0.000000 -0.557205 0.203763 0.203763 0.203763
4563.857422 0.000000 1069.415649 0.000000 0.965368 0.000000 -0.260892 0.201680 0.201680 0.201680
4575.371094 0.000000 1071.780029 0.000000 0.988892 0.000000 0.148638 0.199050 0.199050 0.199050
4560.554199 0.000000 1069.493652 0.000000 0.786853 0.000000 0.617141 0.195766 0.195766 0.195766
4560.913574 0.000000 1020.501709 0.000000 0.544877 0.000000 0.838516 0.193668 0.193668 0.193668
4564.942871 0.000000 1066.325928 0.000000 0.184930 0.000000 0.982752 0.191184 0.191184 0.191184
4593.734375 0.000000 1034.827881 0.000000 0.989809 0.000000 0.142402 0.199090 0.199090 0.199090
4558.558105 0.000000 1069.591553 0.000000 0.882775 0.000000 -0.469796 0.203113 0.203113 0.203113
4606.436523 0.000000 1027.240967 0.000000 0.994550 0.000000 -0.104259 0.200665 0.200665 0.200665
4556.296875 0.000000 1070.304443 0.000000 0.951777 0.000000 -0.306790 0.201985 0.201985 0.201985
4594.122070 0.000000 1033.771729 0.000000 0.689164 0.000000 0.724605 0.194840 0.194840 0.194840
4597.577148 0.000000 1035.664795 0.000000 0.997773 0.000000 0.066705 0.199575 0.199575 0.199575
4544.090332 0.000000 1076.498779 0.000000 0.857279 0.000000 -0.514853 0.192616 0.192616 0.192616
4553.795410 0.000000 1073.227539 0.000000 0.197638 0.000000 0.980275 0.166086 0.166086 0.166086
4557.487793 0.000000 1083.219849 0.000000 0.916751 0.000000 0.399459 0.196278 0.196278 0.196278
4554.618164 0.000000 1086.747559 0.000000 0.884895 0.000000 -0.465791 0.203085 0.203085 0.203085
4544.016113 0.000000 1081.855713 0.000000 0.326308 0.000000 0.945264 0.184044 0.184044 0.184044
4554.378418 0.000000 1085.064453 0.000000 0.777350 0.000000 0.629069 0.195669 0.195669 0.195669
4558.213379 0.000000 1074.908081 0.000000 0.224460 0.000000 0.974483 0.189296 0.189296 0.189296
4553.676758 0.000000 1087.879639 0.000000 0.869550 0.000000 0.493845 0.196712 0.196712 0.196712
4545.323730 0.000000 1079.260498 0.000000 0.950996 0.000000 -0.309205 0.202001 0.202001 0.202001
4558.755859 0.000000 1082.651245 0.000000 0.518764 0.000000 0.854917 0.193472 0.193472 0.193472
4561.011230 0.000000 1074.540283 0.000000 0.628284 0.000000 0.777984 0.194325 0.194325 0.194325
4556.067383 0.000000 1073.290161 0.000000 0.824845 0.000000 -0.565358 0.203825 0.203825 0.203825
4662.381836 0.000000 933.077637 0.000000 0.886900 0.000000 0.461961 0.160533 0.160533 0.160533
4638.608887 0.000000 909.289673 0.000000 0.462251 0.000000 0.886749 0.182244 0.182244 0.182244
4626.498535 0.000000 907.567993 0.000000 0.961942 0.000000 0.273254 0.196017 0.196017 0.196017
4622.033691 0.000000 909.640991 0.000000 0.960434 0.000000 0.278506 0.198203 0.198203 0.198203
4625.145996 0.000000 906.304199 0.000000 0.579779 0.000000 0.814774 0.193937 0.193937 0.193937
4645.967285 0.000000 928.647339 0.000000 0.999563 0.000000 -0.029544 0.200188 0.200188 0.200188
4643.595703 0.000000 923.861877 0.000000 0.497675 0.000000 0.867363 0.193316 0.193316 0.193316
4654.867676 0.000000 934.209595 0.000000 0.996452 0.000000 0.084164 0.195553 0.195553 0.195553
4643.500488 0.000000 931.334534 0.000000 0.233065 0.000000 0.972461 0.191498 0.191498 0.191498
4642.581543 0.000000 922.929688 0.000000 0.045554 0.000000 0.998962 0.190290 0.190290 0.190290
4625.011230 0.000000 905.087158 0.000000 0.947243 0.000000 0.320515 0.197923 0.197923 0.197923
4642.136719 0.000000 931.873840 0.000000 0.989592 0.000000 0.143903 0.199081 0.199081 0.199081
4624.913574 0.000000 907.532959 0.000000 0.464373 0.000000 0.885640 0.193074 0.193074 0.193074
4620.654785 0.000000 907.454407 0.000000 0.392866 0.000000 0.919596 0.192570 0.192570 0.192570
4645.641602 0.000000 931.032532 0.000000 0.981550 0.000000 -0.191207 0.201225 0.201225 0.201225
4676.957520 0.000000 943.597107 0.000000 0.853483 0.000000 0.521120 0.164584 0.164584 0.164584
4613.572266 0.000000 1007.165161 0.000000 0.014916 0.000000 0.999889 0.169861 0.169861 0.169861
4616.309570 0.000000 989.027649 0.000000 0.952540 0.000000 -0.304414 0.186694 0.186694 0.186694
4636.899902 0.000000 1011.783081 0.000000 0.770870 0.000000 0.636992 0.187385 0.187385 0.187385
4697.909180 0.000000 977.320679 0.000000 0.961419 0.000000 0.275088 0.198226 0.198226 0.198226
4699.236816 0.000000 977.721252 0.000000 0.916797 0.000000 0.399353 0.197385 0.197385 0.197385
4702.069336 0.000000 973.362549 0.000000 0.846024 0.000000 0.533145 0.196420 0.196420 0.196420
4813.139648 0.000000 947.294678 0.000000 0.684106 0.000000 0.729382 0.176244 0.176244 0.176244
4810.331055 0.000000 949.086304 0.000000 0.352375 0.000000 0.935859 0.184213 0.184213 0.184213
4811.042480 0.000000 944.781921 0.000000 0.886277 0.000000 0.463156 0.196934 0.196934 0.196934
4809.122070 0.000000 950.811646 0.000000 0.869179 0.000000 -0.494498 0.203293 0.203293 0.203293
4755.253418 0.000000 1007.820984 0.000000 0.835709 0.000000 0.549172 0.183652 0.183652 0.183652
4757.917480 0.000000 1004.496643 0.000000 0.860398 0.000000 -0.509623 0.203404 0.203404 0.203404
4790.238281 0.000000 1016.596436 0.000000 0.948897 0.000000 -0.315587 0.202044 0.202044 0.202044
4788.147949 0.000000 1015.396606 0.000000 0.937270 0.000000 -0.348603 0.202267 0.202267 0.202267
4791.533691 0.000000 1014.189880 0.000000 0.714461 0.000000 0.699676 0.195067 0.195067 0.195067
4853.860840 0.000000 1008.300842 0.000000 0.999824 0.000000 -0.018754 0.200119 0.200119 0.200119
4858.631836 0.000000 995.370789 0.000000 0.979040 0.000000 0.203666 0.167527 0.167527 0.167527
4802.552734 0.000000 1016.310608 0.000000 0.829706 0.000000 0.558200 0.191833 0.191833 0.191833
4852.072754 0.000000 1008.737549 0.000000 0.951910 0.000000 -0.306377 0.201982 0.201982 0.201982
4861.810547 0.000000 993.887817 0.000000 0.835379 0.000000 0.549674 0.185848 0.185848 0.185848
4805.809082 0.000000 1015.717590 0.000000 0.521572 0.000000 0.853208 0.193493 0.193493 0.193493
4840.728027 0.000000 1003.048035 0.000000 0.124806 0.000000 0.992181 0.190797 0.190797 0.190797
4859.526855 0.000000 993.001526 0.000000 0.999806 0.000000 0.019720 0.199874 0.199874 0.199874
4860.871582 0.000000 989.429199 0.000000 0.860286 0.000000 -0.509812 0.203406 0.203406 0.203406
4843.446289 0.000000 1001.845947 0.000000 0.741089 0.000000 0.671407 0.195314 0.195314 0.195314
4611.913086 0.000000 1027.655273 0.000000 0.462149 0.000000 0.886802 0.193058 0.193058 0.193058
4610.944824 0.000000 1034.114746 0.000000 0.997670 0.000000 0.068222 0.199565 0.199565 0.199565
4608.597656 0.000000 1037.186035 0.000000 0.780185 0.000000 0.625549 0.195698 0.195698 0.195698
4611.095703 0.000000 1032.168823 0.000000 0.934000 0.000000 0.357274 0.187154 0.187154 0.187154
4608.369629 0.000000 1027.620605 0.000000 0.874940 0.000000 -0.484232 0.203218 0.203218 0.203218
4612.635742 0.000000 1029.121582 0.000000 0.929453 0.000000 0.368941 0.197594 0.197594 0.197594
4610.209961 0.000000 1027.493530 0.000000 0.237674 0.000000 0.971345 0.191528 0.191528 0.191528
4610.970703 0.000000 1026.166382 0.000000 0.452447 0.000000 0.891792 0.192989 0.192989 0.192989
4612.846680 0.000000 1031.626099 0.000000 0.811477 0.000000 0.584385 0.196027 0.196027 0.196027
4610.058594 0.000000 1035.158081 0.000000 0.992855 0.000000 -0.119325 0.200761 0.200761 0.200761
4611.455566 0.000000 1035.399902 0.000000 0.988812 0.000000 -0.149167 0.200953 0.200953 0.200953
4608.213379 0.000000 1028.820435 0.000000 0.985989 0.000000 0.166811 0.198933 0.198933 0.198933
4791.848633 0.000000 1016.781860 0.000000 0.936655 0.000000 -0.350253 0.202278 0.202278 0.202278
4787.663574 0.000000 1017.887146 0.000000 0.998387 0.000000 -0.056767 0.200362 0.200362 0.200362
4787.501953 0.000000 1016.785645 0.000000 0.924132 0.000000 0.382074 0.197504 0.197504 0.197504
4818.442383 0.000000 1031.735352 0.000000 0.822888 0.000000 0.568204 0.181867 0.181867 0.181867
4803.498047 0.000000 1017.476318 0.000000 0.786709 0.000000 0.617324 0.191377 0.191377 0.191377
4805.937500 0.000000 1017.218689 0.000000 0.909347 0.000000 -0.416038 0.202732 0.202732 0.202732
4868.081543 0.000000 980.204163 0.000000 0.881124 0.000000 0.472886 0.196864 0.196864 0.196864
4869.575684 0.000000 981.582886 0.000000 0.275404 0.000000 0.961329 0.191776 0.191776 0.191776
5117.125000 0.000000 956.229248 0.000000 0.454622 0.000000 0.890685 0.181111 0.181111 0.181111
5119.976562 0.000000 954.365417 0.000000 0.042222 0.000000 0.999108 0.190269 0.190269 0.190269
5118.994629 0.000000 951.373779 0.000000 0.905707 0.000000 -0.423904 0.199379 0.199379 0.199379
5117.535645 0.000000 957.925537 0.000000 0.880919 0.000000 0.473266 0.184730 0.184730 0.184730
5119.025879 0.000000 953.115173 0.000000 0.992396 0.000000 -0.123088 0.199098 0.199098 0.199098
5119.487305 0.000000 990.462097 0.000000 0.994294 0.000000 -0.106670 0.165266 0.165266 0.165266
5116.832520 0.000000 992.556152 0.000000 0.807047 0.000000 0.590488 0.182255 0.182255 0.182255
5114.631836 0.000000 995.370789 0.000000 0.896563 0.000000 0.442916 0.195423 0.195423 0.195423
5113.384766 0.000000 1016.486145 0.000000 0.981411 0.000000 0.191919 0.195987 0.195987 0.195987
5109.633789 0.000000 997.291626 0.000000 0.980500 0.000000 -0.196519 0.201259 0.201259 0.201259
5119.163574 0.000000 992.908936 0.000000 0.390378 0.000000 0.920655 0.179069 0.179069 0.179069
5114.561523 0.000000 991.993652 0.000000 0.984815 0.000000 -0.173606 0.201111 0.201111 0.201111
5117.382324 0.000000 990.536682 0.000000 0.793817 0.000000 0.608156 0.178833 0.178833 0.178833
5113.678223 0.000000 975.356018 0.000000 0.996857 0.000000 -0.079224 0.184217 0.184217 0.184217
5118.854492 0.000000 986.817810 0.000000 0.762251 0.000000 0.647281 0.177993 0.177993 0.177993
5107.318359 0.000000 993.875854 0.000000 0.158063 0.000000 0.987429 0.186195 0.186195 0.186195
5116.454590 0.000000 1000.573486 0.000000 0.999521 0.000000 -0.030938 0.200197 0.200197 0.200197
5116.771484 0.000000 997.318481 0.000000 0.960587 0.000000 0.277980 0.193765 0.193765 0.193765
5114.250000 0.000000 993.726318 0.000000 0.311844 0.000000 0.950133 0.192019 0.192019 0.192019
5112.710938 0.000000 984.065918 0.000000 0.998495 0.000000 -0.054839 0.200349 0.200349 0.200349
5117.810547 0.000000 993.887817 0.000000 0.555803 0.000000 0.831314 0.180184 0.180184 0.180184
5108.122559 0.000000 997.899536 0.000000 0.631839 0.000000 0.775100 0.194354 0.194354 0.194354
5113.728516 0.000000 985.629089 0.000000 0.867530 0.000000 -0.497385 0.203314 0.203314 0.203314
5115.955078 0.000000 991.289551 0.000000 0.387609 0.000000 0.921824 0.192534 0.192534 0.192534
5113.993164 0.000000 996.830261 0.000000 0.792260 0.000000 0.610183 0.195822 0.195822 0.195822
5117.976074 0.000000 1000.920227 0.000000 0.161430 0.000000 0.986884 0.191032 0.191032 0.191032
5113.773926 0.000000 982.023193 0.000000 0.691056 0.000000 0.722802 0.194857 0.194857 0.194857
5110.848633 0.000000 982.747009 0.000000 0.853364 0.000000 -0.521316 0.203491 0.203491 0.203491
5114.590332 0.000000 1002.788818 0.000000 0.998940 0.000000 -0.046026 0.200293 0.200293 0.200293
5115.914062 0.000000 988.557068 0.000000 0.602448 0.000000 0.798158 0.194116 0.194116 0.194116
5109.635254 0.000000 998.756958 0.000000 0.111420 0.000000 0.993773 0.190711 0.190711 0.190711
5118.208984 0.000000 996.895081 0.000000 0.712708 0.000000 0.701461 0.195051 0.195051 0.195051
5114.093750 0.000000 990.671265 0.000000 0.556127 0.000000 0.831097 0.193754 0.193754 0.193754
5115.526855 0.000000 993.001526 0.000000 0.940641 0.000000 -0.339405 0.202205 0.202205 0.202205
5113.187988 0.000000 991.719727 0.000000 0.411270 0.000000 0.911514 0.192698 0.192698 0.192698
5112.862793 0.000000 994.357300 0.000000 0.931747 0.000000 0.363108 0.197634 0.197634 0.197634
5117.145996 0.000000 1001.913635 0.000000 0.867490 0.000000 0.497455 0.196685 0.196685 0.196685
5115.628418 0.000000 1003.909912 0.000000 0.043105 0.000000 0.999071 0.190275 0.190275 0.190275
5106.304199 0.000000 986.622131 0.000000 0.938614 0.000000 -0.344970 0.202242 0.202242 0.202242
5118.710938 0.000000 998.460815 0.000000 0.882114 0.000000 0.471036 0.196878 0.196878 0.196878
5113.239746 0.000000 1003.563660 0.000000 0.773378 0.000000 0.633945 0.195629 0.195629 0.195629
5115.484375 0.000000 1001.430664 0.000000 0.888089 0.000000 0.459672 0.196959 0.196959 0.196959
5113.404785 0.000000 997.878540 0.000000 0.836488 0.000000 -0.547985 0.203692 0.203692 0.203692
5117.613770 0.000000 986.805542 0.000000 0.999593 0.000000 -0.028519 0.200182 0.200182 0.200182
5107.089355 0.000000 989.231262 0.000000 0.558946 0.000000 0.829204 0.193776 0.193776 0.193776
5113.484375 0.000000 1001.250244 0.000000 0.704656 0.000000 0.709549 0.194978 0.194978 0.194978
5111.779785 0.000000 983.420532 0.000000 0.017641 0.000000 0.999844 0.190112 0.190112 0.190112
5113.571289 0.000000 1000.090210 0.000000 0.796039 0.000000 0.605245 0.195862 0.195862 0.195862
5111.966309 0.000000 996.130066 0.000000 0.895568 0.000000 -0.444924 0.202935 0.202935 0.202935
5118.400879 0.000000 999.785095 0.000000 0.996127 0.000000 0.087931 0.199439 0.199439 0.199439
5112.073242 0.000000 999.673035 0.000000 0.807926 0.000000 0.589284 0.195988 0.195988 0.195988
5110.816895 0.000000 1017.969543 0.000000 0.934447 0.000000 -0.356101 0.173415 0.173415 0.173415
5113.460938 0.000000 1016.822021 0.000000 0.925663 0.000000 -0.378349 0.199634 0.199634 0.199634
5115.739258 0.000000 1021.225403 0.000000 0.879201 0.000000 -0.476451 0.184951 0.184951 0.184951
5116.727539 0.000000 1019.213257 0.000000 0.130320 0.000000 0.991472 0.175865 0.175865 0.175865
4370.338867 0.000000 1759.048828 0.000000 0.028771 0.000000 0.999586 0.190183 0.190183 0.190183
4541.248047 0.000000 1797.017700 0.000000 0.973454 0.000000 -0.228882 0.160838 0.160838 0.160838
4523.659668 0.000000 1787.195312 0.000000 0.130403 0.000000 0.991461 0.190833 0.190833 0.190833
4540.008301 0.000000 1793.292847 0.000000 0.946573 0.000000 0.322489 0.197355 0.197355 0.197355
4543.374512 0.000000 1791.111084 0.000000 0.948243 0.000000 0.317546 0.197943 0.197943 0.197943
4537.190430 0.000000 1793.122437 0.000000 0.988890 0.000000 0.148646 0.176748 0.176748 0.176748
4539.003418 0.000000 1797.025269 0.000000 0.929866 0.000000 -0.367898 0.183689 0.183689 0.183689
4523.060059 0.000000 1785.149170 0.000000 0.823599 0.000000 0.567172 0.196161 0.196161 0.196161
4541.282227 0.000000 1794.970825 0.000000 0.982100 0.000000 0.188360 0.178747 0.178747 0.178747
4520.567383 0.000000 1785.698975 0.000000 0.621010 0.000000 0.783803 0.194266 0.194266 0.194266
4540.771484 0.000000 1788.099731 0.000000 0.865616 0.000000 -0.500708 0.203339 0.203339 0.203339
4522.059082 0.000000 1786.298584 0.000000 0.918157 0.000000 -0.396218 0.202594 0.202594 0.202594
4541.976074 0.000000 1791.701416 0.000000 0.884666 0.000000 0.466226 0.196912 0.196912 0.196912
4539.962402 0.000000 1789.963989 0.000000 0.597181 0.000000 0.802106 0.194074 0.194074 0.194074
4543.883789 0.000000 1789.755127 0.000000 0.974645 0.000000 0.223759 0.198563 0.198563 0.198563
4539.914062 0.000000 1779.338379 0.000000 0.974317 0.000000 -0.225183 0.201446 0.201446 0.201446
4517.210449 0.000000 1783.097168 0.000000 0.968216 0.000000 0.250115 0.198391 0.198391 0.198391
4522.544434 0.000000 1787.868652 0.000000 0.998639 0.000000 0.052146 0.199668 0.199668 0.199668
4520.466309 0.000000 1784.553101 0.000000 0.978692 0.000000 -0.205333 0.201317 0.201317 0.201317
4500.545898 0.000000 1783.176025 0.000000 0.444836 0.000000 0.895612 0.192935 0.192935 0.192935
4550.953125 0.000000 1786.625854 0.000000 0.738158 0.000000 0.674627 0.195286 0.195286 0.195286
4552.722168 0.000000 1783.534668 0.000000 0.664536 0.000000 0.747257 0.186995 0.186995 0.186995
4546.681152 0.000000 1773.234131 0.000000 0.998301 0.000000 -0.058273 0.200371 0.200371 0.200371
4549.351074 0.000000 1789.141602 0.000000 0.584507 0.000000 0.811389 0.193974 0.193974 0.193974
4552.280273 0.000000 1785.246582 0.000000 0.655633 0.000000 0.755080 0.194552 0.194552 0.194552
4553.880371 0.000000 1784.534180 0.000000 0.828646 0.000000 -0.559773 0.203782 0.203782 0.203782
4550.382324 0.000000 1788.015625 0.000000 0.998434 0.000000 -0.055945 0.200356 0.200356 0.200356
4547.621094 0.000000 1788.103638 0.000000 0.999979 0.000000 0.006514 0.199959 0.199959 0.199959
4551.662109 0.000000 1787.740845 0.000000 0.366298 0.000000 0.930498 0.192388 0.192388 0.192388
4546.176270 0.000000 1788.948853 0.000000 0.994383 0.000000 -0.105846 0.200675 0.200675 0.200675
4548.470703 0.000000 1786.004761 0.000000 0.989189 0.000000 -0.146644 0.200937 0.200937 0.200937
4553.391113 0.000000 1785.579224 0.000000 0.023868 0.000000 0.999715 0.190152 0.190152 0.190152
4548.465332 0.000000 1789.805298 0.000000 0.159627 0.000000 0.987177 0.191021 0.191021 0.191021
4549.862793 0.000000 1786.880493 0.000000 0.996780 0.000000 0.080183 0.199489 0.199489 0.199489
4547.692383 0.000000 1784.316650 0.000000 0.854507 0.000000 0.519439 0.196523 0.196523 0.196523
4544.016602 0.000000 1774.168945 0.000000 0.995743 0.000000 -0.092174 0.200588 0.200588 0.200588
4658.216309 0.000000 1400.169800 0.000000 0.996662 0.000000 0.081634 0.183834 0.183834 0.183834
4657.324707 0.000000 1391.222290 0.000000 0.986632 0.000000 0.162964 0.195057 0.195057 0.195057
4658.478027 0.000000 1397.500732 0.000000 0.218378 0.000000 0.975864 0.191402 0.191402 0.191402
4657.638184 0.000000 1396.713623 0.000000 0.438523 0.000000 0.898720 0.192890 0.192890 0.192890
4670.948242 0.000000 1414.263550 0.000000 0.242976 0.000000 0.970032 0.191562 0.191562 0.191562
4671.423340 0.000000 1415.584595 0.000000 1.000000 0.000000 0.000006 0.200000 0.200000 0.200000
4670.025391 0.000000 1415.237427 0.000000 0.837316 0.000000 -0.546719 0.203682 0.203682 0.203682
4961.987305 0.000000 1393.238647 0.000000 0.665633 0.000000 0.746279 0.194092 0.194092 0.194092
4952.422363 0.000000 1385.325195 0.000000 0.503612 0.000000 0.863930 0.190652 0.190652 0.190652
4972.898438 0.000000 1411.485840 0.000000 0.977648 0.000000 0.210248 0.198651 0.198651 0.198651
4950.742676 0.000000 1382.253174 0.000000 0.460942 0.000000 0.887430 0.193050 0.193050 0.193050
5134.389160 0.000000 937.134705 0.000000 0.892214 0.000000 -0.451614 0.179671 0.179671 0.179671
5121.118652 0.000000 948.480103 0.000000 0.624217 0.000000 0.781251 0.180686 0.180686 0.180686
5135.325195 0.000000 938.758423 0.000000 0.991528 0.000000 0.129895 0.179644 0.179644 0.179644
5121.843750 0.000000 950.129700 0.000000 0.959072 0.000000 -0.283161 0.197305 0.197305 0.197305
5120.517090 0.000000 953.527039 0.000000 0.942380 0.000000 -0.334545 0.188014 0.188014 0.188014
5125.351074 0.000000 941.875977 0.000000 0.985318 0.000000 -0.170727 0.187010 0.187010 0.187010
5139.881836 0.000000 942.287537 0.000000 0.038133 0.000000 0.999273 0.180651 0.180651 0.180651
5136.583984 0.000000 942.106140 0.000000 0.542618 0.000000 0.839980 0.182260 0.182260 0.182260
5138.728027 0.000000 937.908081 0.000000 0.866508 0.000000 -0.499163 0.203327 0.203327 0.203327
5137.357910 0.000000 937.165649 0.000000 0.423537 0.000000 0.905879 0.192784 0.192784 0.192784
5124.032715 0.000000 991.845947 0.000000 0.793612 0.000000 0.608425 0.172248 0.172248 0.172248
5120.163086 0.000000 994.980896 0.000000 0.674141 0.000000 0.738603 0.194710 0.194710 0.194710
5123.837402 0.000000 983.796448 0.000000 0.781750 0.000000 0.623592 0.166110 0.166110 0.166110
5124.755371 0.000000 988.107056 0.000000 0.934317 0.000000 -0.356444 0.178518 0.178518 0.178518
5138.190430 0.000000 969.756531 0.000000 0.521689 0.000000 0.853136 0.158806 0.158806 0.158806
5126.724121 0.000000 993.741882 0.000000 0.982175 0.000000 0.187968 0.186545 0.186545 0.186545
5120.936035 0.000000 982.843933 0.000000 0.950830 0.000000 0.309713 0.184130 0.184130 0.184130
5143.408203 0.000000 972.072571 0.000000 0.125821 0.000000 0.992053 0.176373 0.176373 0.176373
5122.822754 0.000000 994.202515 0.000000 0.965480 0.000000 0.260478 0.193878 0.193878 0.193878
5122.311035 0.000000 996.845459 0.000000 0.885406 0.000000 0.464818 0.186442 0.186442 0.186442
5125.729492 0.000000 1002.263245 0.000000 0.126357 0.000000 0.991985 0.175841 0.175841 0.175841
5131.263184 0.000000 996.796692 0.000000 0.983541 0.000000 -0.180684 0.201157 0.201157 0.201157
5121.042969 0.000000 992.735474 0.000000 0.998200 0.000000 -0.059975 0.184666 0.184666 0.184666
5126.953125 0.000000 995.844604 0.000000 0.956900 0.000000 0.290419 0.178145 0.178145 0.178145
5126.997070 0.000000 1000.491333 0.000000 0.837198 0.000000 0.546901 0.186418 0.186418 0.186418
5133.139648 0.000000 1003.779053 0.000000 0.002274 0.000000 0.999997 0.187353 0.187353 0.187353
5129.808105 0.000000 1001.401550 0.000000 0.491546 0.000000 0.870852 0.178113 0.178113 0.178113
5123.099121 0.000000 986.936035 0.000000 0.990265 0.000000 0.139198 0.181821 0.181821 0.181821
5130.234863 0.000000 1007.680298 0.000000 0.901150 0.000000 -0.433508 0.180694 0.180694 0.180694
5128.076660 0.000000 1004.287781 0.000000 0.916685 0.000000 0.399611 0.178032 0.178032 0.178032
5133.340332 0.000000 1000.461182 0.000000 0.971143 0.000000 0.238497 0.190128 0.190128 0.190128
5130.780273 0.000000 995.018188 0.000000 0.190706 0.000000 0.981647 0.176759 0.176759 0.176759
5132.773926 0.000000 994.418396 0.000000 0.718630 0.000000 0.695392 0.186907 0.186907 0.186907
5120.850586 0.000000 1000.799072 0.000000 0.154226 0.000000 0.988036 0.189916 0.189916 0.189916
5134.389648 0.000000 998.018799 0.000000 0.942485 0.000000 -0.334249 0.186880 0.186880 0.186880
5132.970703 0.000000 1007.220154 0.000000 0.910193 0.000000 0.414184 0.184019 0.184019 0.184019
5120.525879 0.000000 997.537476 0.000000 0.649579 0.000000 0.760294 0.194501 0.194501 0.194501
5128.280273 0.000000 994.465332 0.000000 0.996483 0.000000 -0.083797 0.187615 0.187615 0.187615
5126.562500 0.000000 1003.656372 0.000000 0.982044 0.000000 -0.188653 0.196136 0.196136 0.196136
5121.639160 0.000000 995.440735 0.000000 0.999074 0.000000 0.043032 0.199726 0.199726 0.199726
5141.272461 0.000000 968.603943 0.000000 0.605167 0.000000 0.796098 0.189787 0.189787 0.189787
5120.098633 0.000000 996.296936 0.000000 0.891208 0.000000 0.453595 0.197003 0.197003 0.197003
5120.369141 0.000000 999.761536 0.000000 0.588588 0.000000 0.808433 0.194006 0.194006 0.194006
5132.112305 0.000000 1031.625488 0.000000 0.820822 0.000000 0.571185 0.196130 0.196130 0.196130
5136.939453 0.000000 1032.647461 0.000000 0.947888 0.000000 0.318604 0.197936 0.197936 0.197936
5127.408691 0.000000 1034.556274 0.000000 0.406373 0.000000 0.913707 0.192664 0.192664 0.192664
5134.686523 0.000000 1031.310181 0.000000 0.985327 0.000000 -0.170676 0.201092 0.201092 0.201092
5127.143066 0.000000 1044.103271 0.000000 0.494691 0.000000 0.869069 0.193294 0.193294 0.193294
5126.475098 0.000000 1031.309448 0.000000 0.148040 0.000000 0.988981 0.184528 0.184528 0.184528
5126.028809 0.000000 1039.648315 0.000000 0.621841 0.000000 0.783143 0.194272 0.194272 0.194272
5121.654297 0.000000 1031.076904 0.000000 0.550197 0.000000 0.835035 0.180687 0.180687 0.180687
5137.219727 0.000000 1028.177490 0.000000 0.999110 0.000000 0.042187 0.199731 0.199731 0.199731
5139.236816 0.000000 1028.041870 0.000000 0.994002 0.000000 0.109363 0.199302 0.199302 0.199302
5133.704590 0.000000 1029.545410 0.000000 0.141352 0.000000 0.989959 0.190903 0.190903 0.190903
5136.278320 0.000000 1030.274536 0.000000 0.969209 0.000000 -0.246238 0.201584 0.201584 0.201584
5124.483887 0.000000 1046.467407 0.000000 0.982382 0.000000 -0.186886 0.194434 0.194434 0.194434
5128.309570 0.000000 1045.511963 0.000000 0.468860 0.000000 0.883273 0.193107 0.193107 0.193107
5123.095703 0.000000 1032.168823 0.000000 0.864734 0.000000 0.502231 0.196650 0.196650 0.196650
5127.699707 0.000000 1032.573608 0.000000 0.941837 0.000000 -0.336070 0.202182 0.202182 0.202182
5136.790527 0.000000 1024.874023 0.000000 0.741337 0.000000 0.671132 0.195316 0.195316 0.195316
5138.442383 0.000000 1031.735352 0.000000 0.138416 0.000000 0.990374 0.183933 0.183933 0.183933
5139.935547 0.000000 1026.477173 0.000000 0.999590 0.000000 -0.028638 0.200182 0.200182 0.200182
5133.642090 0.000000 1038.370361 0.000000 0.895721 0.000000 -0.444617 0.202933 0.202933 0.202933
5128.954590 0.000000 1040.436768 0.000000 0.999117 0.000000 -0.042018 0.200268 0.200268 0.200268
5134.469238 0.000000 1035.377319 0.000000 0.912246 0.000000 -0.409642 0.202687 0.202687 0.202687
5130.378418 0.000000 1028.580078 0.000000 0.822179 0.000000 0.569230 0.196145 0.196145 0.196145
5129.912598 0.000000 1045.820923 0.000000 0.999160 0.000000 -0.040972 0.200261 0.200261 0.200261
5126.164062 0.000000 1045.288452 0.000000 0.980419 0.000000 0.196921 0.198738 0.198738 0.198738
5126.595703 0.000000 1042.717773 0.000000 0.977411 0.000000 0.211345 0.198644 0.198644 0.198644
5135.446289 0.000000 1032.736816 0.000000 0.999648 0.000000 -0.026513 0.200169 0.200169 0.200169
5132.289551 0.000000 1030.166138 0.000000 0.998309 0.000000 0.058127 0.199630 0.199630 0.199630
5129.676758 0.000000 1031.395264 0.000000 0.931255 0.000000 -0.364368 0.202374 0.202374 0.202374
5126.267578 0.000000 1041.158813 0.000000 0.860374 0.000000 -0.509664 0.203405 0.203405 0.203405
5133.735352 0.000000 1032.386841 0.000000 0.881884 0.000000 -0.471466 0.203126 0.203126 0.203126
5127.363281 0.000000 1040.169067 0.000000 0.319369 0.000000 0.947630 0.192069 0.192069 0.192069
5133.299805 0.000000 1028.185425 0.000000 0.787696 0.000000 0.616064 0.195775 0.195775 0.195775
5129.525391 0.000000 1038.766479 0.000000 0.259295 0.000000 0.965798 0.191670 0.191670 0.191670
5134.755859 0.000000 1026.166870 0.000000 0.609131 0.000000 0.793070 0.194170 0.194170 0.194170
5122.058594 0.000000 1035.158081 0.000000 0.812322 0.000000 0.583209 0.196036 0.196036 0.196036
5135.028809 0.000000 1029.824585 0.000000 0.990777 0.000000 0.135501 0.199135 0.199135 0.199135
5125.597168 0.000000 1043.605469 0.000000 0.591619 0.000000 0.806218 0.194030 0.194030 0.194030
5128.616211 0.000000 1033.962402 0.000000 0.900039 0.000000 -0.435809 0.202871 0.202871 0.202871
5132.183105 0.000000 1026.374023 0.000000 0.954812 0.000000 0.297210 0.198079 0.198079 0.198079
5137.185059 0.000000 1031.224731 0.000000 0.181402 0.000000 0.983409 0.191161 0.191161 0.191161
5124.993652 0.000000 1040.901855 0.000000 0.940355 0.000000 0.340196 0.197790 0.197790 0.197790
5124.370605 0.000000 1043.308350 0.000000 0.997203 0.000000 0.074737 0.199524 0.199524 0.199524
5128.415527 0.000000 1043.791016 0.000000 0.492248 0.000000 0.870455 0.193277 0.193277 0.193277
5136.268066 0.000000 1028.996826 0.000000 0.501698 0.000000 0.865043 0.193346 0.193346 0.193346
5130.865723 0.000000 1031.809570 0.000000 0.978887 0.000000 -0.204401 0.201311 0.201311 0.201311
5125.319336 0.000000 1036.687134 0.000000 0.930436 0.000000 -0.366453 0.202389 0.202389 0.202389
5137.255371 0.000000 1027.007202 0.000000 0.895752 0.000000 0.444553 0.197067 0.197067 0.197067
5136.122070 0.000000 1027.652466 0.000000 0.909013 0.000000 0.416768 0.197263 0.197263 0.197263
5130.092773 0.000000 1036.505249 0.000000 0.879566 0.000000 -0.475777 0.203157 0.203157 0.203157
5127.204590 0.000000 1045.701416 0.000000 0.964436 0.000000 0.264316 0.198297 0.198297 0.198297
5128.323730 0.000000 1035.243286 0.000000 0.996534 0.000000 0.083190 0.199470 0.199470 0.199470
5131.732910 0.000000 1039.030273 0.000000 0.829599 0.000000 0.558360 0.196229 0.196229 0.196229
4484.948730 0.000000 1807.615112 0.000000 0.967575 0.000000 0.252585 0.180593 0.180593 0.180593
4488.667480 0.000000 1812.279175 0.000000 0.986261 0.000000 -0.165194 0.177966 0.177966 0.177966
4495.671387 0.000000 1809.029053 0.000000 0.731724 0.000000 0.681601 0.168430 0.168430 0.168430
4484.602051 0.000000 1810.105835 0.000000 0.478485 0.000000 0.878096 0.174779 0.174779 0.174779
4484.601562 0.000000 1808.823486 0.000000 0.661302 0.000000 0.750119 0.194600 0.194600 0.194600
4863.509766 0.000000 2014.171631 0.000000 0.609461 0.000000 0.792816 0.181663 0.181663 0.181663
4854.362793 0.000000 2010.594849 0.000000 0.052618 0.000000 0.998615 0.190335 0.190335 0.190335
4862.095703 0.000000 2008.499268 0.000000 0.914800 0.000000 -0.403907 0.202647 0.202647 0.202647
4862.208984 0.000000 2013.613770 0.000000 0.873207 0.000000 -0.487350 0.203241 0.203241 0.203241
4863.974609 0.000000 2008.484497 0.000000 0.979397 0.000000 0.201946 0.198705 0.198705 0.198705
4856.862793 0.000000 2011.076050 0.000000 0.307196 0.000000 0.951646 0.191988 0.191988 0.191988
4863.246094 0.000000 2012.962646 0.000000 0.854236 0.000000 0.519886 0.196519 0.196519 0.196519
4907.601562 0.000000 1916.884399 0.000000 0.992522 0.000000 0.122062 0.199221 0.199221 0.199221
4900.742188 0.000000 1917.189575 0.000000 0.962773 0.000000 0.270312 0.191593 0.191593 0.191593
4898.393066 0.000000 1916.686035 0.000000 0.530502 0.000000 0.847684 0.193560 0.193560 0.193560
4911.887207 0.000000 1913.774048 0.000000 0.997922 0.000000 0.064440 0.199589 0.199589 0.199589
4911.537109 0.000000 1947.597168 0.000000 0.999893 0.000000 -0.014608 0.200093 0.200093 0.200093
4919.819336 0.000000 1939.299683 0.000000 0.914171 0.000000 -0.405329 0.171435 0.171435 0.171435
4915.016113 0.000000 1941.319824 0.000000 0.939934 0.000000 0.341356 0.197782 0.197782 0.197782
4883.991699 0.000000 1953.696289 0.000000 0.990310 0.000000 0.138876 0.189074 0.189074 0.189074
4884.984863 0.000000 1957.666748 0.000000 0.590197 0.000000 0.807259 0.194019 0.194019 0.194019
4925.125000 0.000000 1972.947998 0.000000 0.497737 0.000000 0.867328 0.173281 0.173281 0.173281
4880.716797 0.000000 1952.566528 0.000000 0.929758 0.000000 -0.368172 0.202400 0.202400 0.202400
4927.976562 0.000000 1971.084106 0.000000 0.989162 0.000000 0.146827 0.199062 0.199062 0.199062
4913.394043 0.000000 1945.798462 0.000000 0.952865 0.000000 -0.303393 0.201962 0.201962 0.201962
4918.158691 0.000000 1952.528564 0.000000 0.444328 0.000000 0.895864 0.186987 0.186987 0.186987
4917.633789 0.000000 1957.526001 0.000000 0.994723 0.000000 0.102600 0.187061 0.187061 0.187061
4887.935547 0.000000 1957.523926 0.000000 0.849251 0.000000 0.527990 0.190956 0.190956 0.190956
4920.742188 0.000000 1950.362671 0.000000 0.997468 0.000000 -0.071118 0.178555 0.178555 0.178555
4920.096680 0.000000 1948.112671 0.000000 0.862234 0.000000 -0.506511 0.203381 0.203381 0.203381
4883.576660 0.000000 1955.920410 0.000000 0.967037 0.000000 0.254636 0.198361 0.198361 0.198361
4917.789062 0.000000 1963.912476 0.000000 0.237097 0.000000 0.971486 0.191524 0.191524 0.191524
4897.049316 0.000000 1921.718994 0.000000 0.581850 0.000000 0.813296 0.183088 0.183088 0.183088
4900.342285 0.000000 1976.137451 0.000000 0.894900 0.000000 -0.446266 0.202945 0.202945 0.202945
4916.679199 0.000000 1940.158081 0.000000 0.347262 0.000000 0.937768 0.192258 0.192258 0.192258
4914.490723 0.000000 1943.258301 0.000000 0.847730 0.000000 -0.530427 0.203559 0.203559 0.203559
4916.393066 0.000000 1942.862305 0.000000 0.999999 0.000000 -0.001705 0.187125 0.187125 0.187125
4911.250488 0.000000 1949.449585 0.000000 0.150341 0.000000 0.988634 0.181332 0.181332 0.181332
4886.981445 0.000000 1948.693359 0.000000 0.771577 0.000000 0.636136 0.195611 0.195611 0.195611
4912.891113 0.000000 1948.842773 0.000000 0.644972 0.000000 0.764206 0.194463 0.194463 0.194463
4878.389648 0.000000 1958.253174 0.000000 0.896631 0.000000 0.442779 0.181071 0.181071 0.181071
4882.362793 0.000000 1953.105347 0.000000 0.523871 0.000000 0.851798 0.183753 0.183753 0.183753
4921.864746 0.000000 1949.059937 0.000000 0.788640 0.000000 0.614855 0.195784 0.195784 0.195784
4914.132324 0.000000 1939.889893 0.000000 0.882504 0.000000 0.470306 0.196883 0.196883 0.196883
4882.634277 0.000000 1965.737427 0.000000 0.510875 0.000000 0.859655 0.190163 0.190163 0.190163
4913.135254 0.000000 1947.305664 0.000000 0.344877 0.000000 0.938648 0.192242 0.192242 0.192242
4918.203613 0.000000 1960.799194 0.000000 0.993232 0.000000 0.116144 0.199259 0.199259 0.199259
4923.914062 0.000000 1948.791504 0.000000 0.309176 0.000000 0.951005 0.192001 0.192001 0.192001
4912.063965 0.000000 1946.264771 0.000000 0.193915 0.000000 0.981018 0.191242 0.191242 0.191242
4922.116699 0.000000 1969.784912 0.000000 0.845276 0.000000 0.534329 0.196411 0.196411 0.196411
4918.205566 0.000000 1955.682007 0.000000 0.886705 0.000000 0.462335 0.196940 0.196940 0.196940
4881.357910 0.000000 1953.884399 0.000000 0.999068 0.000000 -0.043156 0.200275 0.200275 0.200275
4887.843750 0.000000 1958.808960 0.000000 0.760735 0.000000 0.649062 0.195503 0.195503 0.195503
4919.950684 0.000000 1958.652710 0.000000 0.846443 0.000000 0.532480 0.196425 0.196425 0.196425
4923.012207 0.000000 1968.895508 0.000000 0.839243 0.000000 0.543756 0.196340 0.196340 0.196340
4913.310547 0.000000 1949.938599 0.000000 0.847484 0.000000 -0.530820 0.203562 0.203562 0.203562
4919.669922 0.000000 1954.133423 0.000000 0.997749 0.000000 -0.067055 0.200427 0.200427 0.200427
4915.578125 0.000000 1943.706055 0.000000 0.092426 0.000000 0.995720 0.190589 0.190589 0.190589
4927.956055 0.000000 1947.387085 0.000000 0.971626 0.000000 -0.236521 0.201520 0.201520 0.201520
4913.734375 0.000000 1938.577881 0.000000 0.823953 0.000000 -0.566659 0.203835 0.203835 0.203835
4919.966309 0.000000 1956.364502 0.000000 0.782618 0.000000 0.622502 0.195722 0.195722 0.195722
4915.336914 0.000000 1942.580444 0.000000 0.734078 0.000000 0.679065 0.195248 0.195248 0.195248
4913.606934 0.000000 1951.276123 0.000000 0.488872 0.000000 0.872356 0.193252 0.193252 0.193252
4886.239258 0.000000 1959.999756 0.000000 0.237424 0.000000 0.971406 0.191526 0.191526 0.191526
4885.654297 0.000000 1954.381592 0.000000 0.512936 0.000000 0.858427 0.193429 0.193429 0.193429
4929.884766 0.000000 1971.521240 0.000000 0.960886 0.000000 0.276943 0.198214 0.198214 0.198214
4932.384766 0.000000 1971.241455 0.000000 0.367423 0.000000 0.930054 0.192395 0.192395 0.192395
4930.069824 0.000000 1945.290405 0.000000 0.950192 0.000000 -0.311666 0.195227 0.195227 0.195227
4932.679688 0.000000 1973.083740 0.000000 0.972863 0.000000 0.231384 0.198513 0.198513 0.198513
4928.588379 0.000000 1972.771240 0.000000 0.817110 0.000000 0.576482 0.185652 0.185652 0.185652
4928.043457 0.000000 1944.719849 0.000000 0.358448 0.000000 0.933550 0.183714 0.183714 0.183714
4933.961426 0.000000 1971.101562 0.000000 0.619269 0.000000 0.785179 0.194251 0.194251 0.194251
4928.049316 0.000000 1946.166260 0.000000 0.849957 0.000000 -0.526852 0.203533 0.203533 0.203533
4931.574219 0.000000 1973.892334 0.000000 0.773535 0.000000 0.633753 0.195630 0.195630 0.195630
4933.108887 0.000000 1970.101318 0.000000 0.905937 0.000000 0.423412 0.197217 0.197217 0.197217
4928.743652 0.000000 1971.389526 0.000000 0.945368 0.000000 0.326005 0.197886 0.197886 0.197886
4929.670898 0.000000 1970.389404 0.000000 0.987270 0.000000 0.159053 0.198983 0.198983 0.198983
4931.005859 0.000000 1971.426758 0.000000 0.777331 0.000000 0.629091 0.195669 0.195669 0.195669
4925.611816 0.000000 2015.712769 0.000000 0.999190 0.000000 -0.040242 0.164917 0.164917 0.164917
4875.486816 0.000000 1985.512695 0.000000 0.972812 0.000000 0.231596 0.192395 0.192395 0.192395
4876.526855 0.000000 1999.998901 0.000000 0.926165 0.000000 -0.377119 0.196791 0.196791 0.196791
4900.575195 0.000000 1979.342163 0.000000 0.743024 0.000000 0.669265 0.195332 0.195332 0.195332
4874.564941 0.000000 1979.502075 0.000000 0.764544 0.000000 0.644571 0.195541 0.195541 0.195541
4887.068359 0.000000 1981.464233 0.000000 0.932696 0.000000 0.360663 0.197651 0.197651 0.197651
4866.311035 0.000000 2013.564209 0.000000 0.811679 0.000000 -0.584104 0.187402 0.187402 0.187402
4870.070312 0.000000 1983.993042 0.000000 0.992023 0.000000 -0.126059 0.182805 0.182805 0.182805
4925.252441 0.000000 1987.379517 0.000000 0.989204 0.000000 0.146545 0.174529 0.174529 0.174529
4870.953125 0.000000 2012.563354 0.000000 0.961384 0.000000 -0.275211 0.201775 0.201775 0.201775
4899.217285 0.000000 1987.791626 0.000000 0.681313 0.000000 0.731993 0.194772 0.194772 0.194772
4894.725586 0.000000 1980.545654 0.000000 0.074655 0.000000 0.997209 0.190476 0.190476 0.190476
4887.366211 0.000000 1979.605835 0.000000 0.987568 0.000000 -0.157192 0.183551 0.183551 0.183551
4875.084961 0.000000 1987.331787 0.000000 0.710553 0.000000 0.703644 0.181920 0.181920 0.181920
4873.693359 0.000000 1986.015869 0.000000 0.958859 0.000000 -0.283884 0.190525 0.190525 0.190525
4864.371582 0.000000 1982.037964 0.000000 0.244110 0.000000 0.969748 0.176545 0.176545 0.176545
4876.773926 0.000000 2011.137207 0.000000 0.285689 0.000000 0.958323 0.177873 0.177873 0.177873
4905.963379 0.000000 1984.482422 0.000000 0.969153 0.000000 0.246459 0.196192 0.196192 0.196192
4899.182129 0.000000 1983.719482 0.000000 0.848610 0.000000 -0.529019 0.202408 0.202408 0.202408
4881.862305 0.000000 2013.280518 0.000000 0.951757 0.000000 0.306853 0.198014 0.198014 0.198014
4898.937012 0.000000 1978.737793 0.000000 0.990082 0.000000 0.140489 0.184602 0.184602 0.184602
4889.034668 0.000000 2008.899658 0.000000 0.996374 0.000000 -0.085079 0.199981 0.199981 0.199981
4900.990723 0.000000 1977.638672 0.000000 0.996008 0.000000 -0.089264 0.200569 0.200569 0.200569
4864.525879 0.000000 2014.256226 0.000000 0.564291 0.000000 0.825576 0.193274 0.193274 0.193274
4888.512695 0.000000 1984.686035 0.000000 0.754071 0.000000 0.656793 0.195438 0.195438 0.195438
4883.881836 0.000000 2015.490601 0.000000 0.149902 0.000000 0.988701 0.186144 0.186144 0.186144
4883.343262 0.000000 2028.554199 0.000000 0.975188 0.000000 -0.221376 0.195779 0.195779 0.195779
4927.462891 0.000000 1977.303101 0.000000 0.490360 0.000000 0.871520 0.193263 0.193263 0.193263
4875.049316 0.000000 2026.833984 0.000000 0.793389 0.000000 0.608714 0.195834 0.195834 0.195834
4882.010742 0.000000 2027.486206 0.000000 0.390572 0.000000 0.920572 0.192554 0.192554 0.192554
4897.699219 0.000000 1990.383423 0.000000 0.639514 0.000000 0.768780 0.194417 0.194417 0.194417
4887.673828 0.000000 1982.909302 0.000000 0.538855 0.000000 0.842398 0.191996 0.191996 0.191996
4879.453125 0.000000 2025.928345 0.000000 0.997093 0.000000 -0.076199 0.200486 0.200486 0.200486
4877.467285 0.000000 2025.599976 0.000000 0.992619 0.000000 -0.121276 0.200774 0.200774 0.200774
4887.955566 0.000000 2010.743652 0.000000 0.853823 0.000000 0.520563 0.196514 0.196514 0.196514
4870.382324 0.000000 2013.953125 0.000000 0.555062 0.000000 0.831809 0.193746 0.193746 0.193746
4896.868164 0.000000 1993.324585 0.000000 0.631253 0.000000 0.775577 0.193260 0.193260 0.193260
4886.014160 0.000000 1982.487183 0.000000 0.942191 0.000000 -0.335076 0.200476 0.200476 0.200476
4871.015137 0.000000 1985.175171 0.000000 0.821903 0.000000 0.569627 0.196142 0.196142 0.196142
4926.208984 0.000000 2013.613770 0.000000 0.751566 0.000000 0.659658 0.195414 0.195414 0.195414
4886.619629 0.000000 2010.474243 0.000000 0.920801 0.000000 -0.390032 0.202551 0.202551 0.202551
4902.074219 0.000000 1986.799683 0.000000 0.445392 0.000000 0.895336 0.192939 0.192939 0.192939
4925.256836 0.000000 1982.317871 0.000000 0.015706 0.000000 0.999877 0.190100 0.190100 0.190100
4871.662109 0.000000 2013.678345 0.000000 0.907732 0.000000 -0.419551 0.202756 0.202756 0.202756
4926.025391 0.000000 1980.081177 0.000000 0.846375 0.000000 0.532587 0.196424 0.196424 0.196424
4896.387695 0.000000 1986.246582 0.000000 0.830232 0.000000 -0.557418 0.203764 0.203764 0.203764
4898.554688 0.000000 1986.667236 0.000000 0.077202 0.000000 0.997015 0.190492 0.190492 0.190492
4880.512207 0.000000 2012.698486 0.000000 0.420804 0.000000 0.907152 0.192765 0.192765 0.192765
4900.202637 0.000000 1980.601807 0.000000 0.955973 0.000000 0.293454 0.198104 0.198104 0.198104
4926.710938 0.000000 2015.179565 0.000000 0.619686 0.000000 0.784850 0.194255 0.194255 0.194255
4896.728027 0.000000 1988.161865 0.000000 0.585437 0.000000 0.810718 0.193982 0.193982 0.193982
4899.792969 0.000000 1977.929688 0.000000 0.923231 0.000000 -0.384245 0.202511 0.202511 0.202511
4902.709473 0.000000 1987.760864 0.000000 0.955936 0.000000 -0.293575 0.201897 0.201897 0.201897
4901.606445 0.000000 1979.872559 0.000000 0.619705 0.000000 0.784835 0.194255 0.194255 0.194255
4872.070801 0.000000 1980.745972 0.000000 0.889322 0.000000 0.457281 0.196976 0.196976 0.196976
4874.092773 0.000000 1996.739624 0.000000 0.706347 0.000000 0.707866 0.194993 0.194993 0.194993
4926.358398 0.000000 1983.824829 0.000000 0.813459 0.000000 0.581622 0.196048 0.196048 0.196048
4927.475098 0.000000 1981.720337 0.000000 0.811793 0.000000 -0.583945 0.203970 0.203970 0.203970
4872.323730 0.000000 1995.477661 0.000000 0.842416 0.000000 0.538828 0.196377 0.196377 0.196377
4896.682129 0.000000 1994.367432 0.000000 0.890846 0.000000 -0.454305 0.203002 0.203002 0.203002
4871.536621 0.000000 1991.194336 0.000000 0.984658 0.000000 0.174494 0.198883 0.198883 0.198883
4928.371582 0.000000 1982.037964 0.000000 0.994963 0.000000 -0.100239 0.188275 0.188275 0.188275
4931.498047 0.000000 1977.710693 0.000000 0.026342 0.000000 0.999653 0.190168 0.190168 0.190168
4929.515137 0.000000 2006.138184 0.000000 0.937430 0.000000 -0.348174 0.202264 0.202264 0.202264
4928.489258 0.000000 2008.375122 0.000000 0.944434 0.000000 -0.328701 0.202132 0.202132 0.202132
4856.742188 0.000000 2119.815674 0.000000 0.999655 0.000000 -0.026276 0.173254 0.173254 0.173254
4825.706543 0.000000 2160.045654 0.000000 0.999898 0.000000 0.014286 0.199909 0.199909 0.199909
4829.958984 0.000000 2156.606689 0.000000 0.995434 0.000000 -0.095455 0.173074 0.173074 0.173074
4806.395508 0.000000 2176.461914 0.000000 0.915542 0.000000 0.402223 0.174145 0.174145 0.174145
4839.465820 0.000000 2156.291992 0.000000 0.726754 0.000000 0.686898 0.195179 0.195179 0.195179
4835.217285 0.000000 2157.244873 0.000000 0.441646 0.000000 0.897189 0.192912 0.192912 0.192912
4821.008301 0.000000 2175.511230 0.000000 0.195043 0.000000 0.980795 0.185357 0.185357 0.185357
4825.034668 0.000000 2178.352783 0.000000 0.879404 0.000000 0.476075 0.196841 0.196841 0.196841
4816.583984 0.000000 2184.762451 0.000000 0.966268 0.000000 -0.257540 0.195445 0.195445 0.195445
4815.974609 0.000000 2179.966064 0.000000 0.997676 0.000000 -0.068140 0.200434 0.200434 0.200434
4825.632324 0.000000 2161.623779 0.000000 0.292770 0.000000 0.956183 0.191892 0.191892 0.191892
4815.217285 0.000000 2178.554688 0.000000 0.842013 0.000000 0.539457 0.196373 0.196373 0.196373
4824.230957 0.000000 2161.415039 0.000000 0.486655 0.000000 0.873595 0.193236 0.193236 0.193236
4822.619629 0.000000 2179.927490 0.000000 0.997429 0.000000 0.071659 0.199543 0.199543 0.199543
4838.074219 0.000000 2156.252930 0.000000 0.990250 0.000000 -0.139298 0.200890 0.200890 0.200890
4838.709473 0.000000 2157.213867 0.000000 0.988769 0.000000 0.149450 0.199045 0.199045 0.199045
4812.307617 0.000000 2187.166748 0.000000 0.946746 0.000000 -0.321980 0.202087 0.202087 0.202087
4864.525879 0.000000 2070.740479 0.000000 0.989486 0.000000 0.144629 0.187366 0.187366 0.187366
4867.329590 0.000000 2068.865723 0.000000 0.827935 0.000000 0.560825 0.196210 0.196210 0.196210
4867.621094 0.000000 2070.525391 0.000000 0.172871 0.000000 0.984944 0.191106 0.191106 0.191106
4866.176270 0.000000 2071.370850 0.000000 0.958219 0.000000 0.286036 0.198153 0.198153 0.198153
4103.437500 0.000000 2314.418701 0.000000 0.979485 0.000000 -0.201517 0.175355 0.175355 0.175355
4097.318848 0.000000 2354.747803 0.000000 0.699190 0.000000 0.714935 0.165444 0.165444 0.165444
4098.500488 0.000000 2335.603516 0.000000 0.849178 0.000000 -0.528107 0.183587 0.183587 0.183587
4110.875488 0.000000 2360.621338 0.000000 0.397265 0.000000 0.917704 0.154836 0.154836 0.154836
4107.486816 0.000000 2324.418945 0.000000 0.076395 0.000000 0.997078 0.167543 0.167543 0.167543
4113.360840 0.000000 2362.019775 0.000000 0.835080 0.000000 -0.550129 0.183166 0.183166 0.183166
4110.604980 0.000000 2363.436279 0.000000 0.485411 0.000000 0.874286 0.172659 0.172659 0.172659
4098.944824 0.000000 2333.255371 0.000000 0.945642 0.000000 -0.325210 0.202109 0.202109 0.202109
4109.487793 0.000000 2325.875977 0.000000 0.937246 0.000000 0.348670 0.197733 0.197733 0.197733
4100.602051 0.000000 2318.465088 0.000000 0.878699 0.000000 0.477376 0.175329 0.175329 0.175329
4120.641113 0.000000 2371.583984 0.000000 0.884297 0.000000 -0.466925 0.192853 0.192853 0.192853
4112.098633 0.000000 2325.618896 0.000000 0.996023 0.000000 0.089097 0.177087 0.177087 0.177087
4111.590332 0.000000 2367.955811 0.000000 0.989605 0.000000 -0.143812 0.192477 0.192477 0.192477
4122.529785 0.000000 2371.266113 0.000000 0.838505 0.000000 0.544895 0.196331 0.196331 0.196331
4107.084961 0.000000 2326.238037 0.000000 0.077566 0.000000 0.996987 0.190494 0.190494 0.190494
4111.854980 0.000000 2322.389160 0.000000 0.214159 0.000000 0.976799 0.188694 0.188694 0.188694
4102.054199 0.000000 2317.458008 0.000000 0.280031 0.000000 0.959991 0.191807 0.191807 0.191807
4110.057129 0.000000 2367.695312 0.000000 0.643173 0.000000 0.765721 0.186278 0.186278 0.186278
4106.378418 0.000000 2327.720703 0.000000 0.759544 0.000000 0.650455 0.195492 0.195492 0.195492
4111.453125 0.000000 2364.834473 0.000000 0.687255 0.000000 0.726416 0.190458 0.190458 0.190458
4109.299805 0.000000 2327.325928 0.000000 0.870294 0.000000 0.492533 0.196721 0.196721 0.196721
4110.755859 0.000000 2325.307373 0.000000 0.928528 0.000000 -0.371261 0.202422 0.202422 0.202422
4108.183105 0.000000 2325.514648 0.000000 0.952863 0.000000 0.303401 0.198038 0.198038 0.198038
4099.978516 0.000000 2332.077393 0.000000 0.166028 0.000000 0.986121 0.191062 0.191062 0.191062
4103.012695 0.000000 2316.950195 0.000000 0.866283 0.000000 -0.499553 0.203330 0.203330 0.203330
4123.970215 0.000000 2373.325928 0.000000 0.142099 0.000000 0.989852 0.190908 0.190908 0.190908
4218.385254 0.000000 2374.935791 0.000000 0.346056 0.000000 0.938214 0.175556 0.175556 0.175556
4314.165527 0.000000 2380.601562 0.000000 0.106851 0.000000 0.994275 0.190682 0.190682 0.190682
4321.049316 0.000000 2373.593994 0.000000 0.754514 0.000000 0.656283 0.190515 0.190515 0.190515
4315.966309 0.000000 2381.956787 0.000000 0.330741 0.000000 0.943721 0.192146 0.192146 0.192146
4319.750977 0.000000 2378.926758 0.000000 0.511221 0.000000 0.859450 0.193416 0.193416 0.193416
4318.425293 0.000000 2379.228027 0.000000 0.857358 0.000000 -0.514721 0.203442 0.203442 0.203442
5099.601562 0.000000 2594.697021 0.000000 0.996662 0.000000 -0.081639 0.200520 0.200520 0.200520
5118.390625 0.000000 2597.557373 0.000000 0.252714 0.000000 0.967541 0.174450 0.174450 0.174450
5105.262695 0.000000 2596.357910 0.000000 0.927233 0.000000 -0.374486 0.183730 0.183730 0.183730
5096.389160 0.000000 2595.427246 0.000000 0.816441 0.000000 -0.577428 0.197636 0.197636 0.197636
5097.936523 0.000000 2594.893311 0.000000 0.998506 0.000000 -0.054636 0.194175 0.194175 0.194175
5096.703613 0.000000 2596.665283 0.000000 0.614516 0.000000 0.788905 0.194213 0.194213 0.194213
5053.638184 0.000000 2618.004395 0.000000 0.897843 0.000000 -0.440315 0.202903 0.202903 0.202903
5055.163574 0.000000 2630.955811 0.000000 0.924158 0.000000 -0.382010 0.202495 0.202495 0.202495
5054.970703 0.000000 2620.937256 0.000000 0.937275 0.000000 0.348591 0.197733 0.197733 0.197733
5055.169434 0.000000 2615.158936 0.000000 0.002363 0.000000 0.999997 0.190015 0.190015 0.190015
5054.038574 0.000000 2622.264404 0.000000 0.442174 0.000000 0.896930 0.192916 0.192916 0.192916
5052.201172 0.000000 2618.871826 0.000000 0.982947 0.000000 0.183891 0.198823 0.198823 0.198823
5054.383301 0.000000 2619.447754 0.000000 0.876681 0.000000 0.481071 0.196805 0.196805 0.196805
5053.039062 0.000000 2616.622314 0.000000 0.768654 0.000000 0.639664 0.195581 0.195581 0.195581
5054.477051 0.000000 2623.687500 0.000000 0.663916 0.000000 0.747807 0.194622 0.194622 0.194622
5054.282715 0.000000 2614.402100 0.000000 0.127906 0.000000 0.991786 0.190817 0.190817 0.190817
5055.384277 0.000000 2614.045410 0.000000 0.946748 0.000000 0.321974 0.197913 0.197913 0.197913
5053.255859 0.000000 2619.371094 0.000000 0.989878 0.000000 0.141924 0.199093 0.199093 0.199093
5055.124512 0.000000 2621.994629 0.000000 0.983114 0.000000 -0.182992 0.201172 0.201172 0.201172
5097.676758 0.000000 2616.348145 0.000000 0.959023 0.000000 -0.283327 0.201829 0.201829 0.201829
5114.462402 0.000000 2615.351318 0.000000 0.970947 0.000000 0.239294 0.198462 0.198462 0.198462
5056.936035 0.000000 2620.890869 0.000000 0.329425 0.000000 0.944182 0.192137 0.192137 0.192137
5104.746582 0.000000 2601.518799 0.000000 0.997107 0.000000 0.076007 0.199516 0.199516 0.199516
5069.099609 0.000000 2618.057861 0.000000 0.956077 0.000000 -0.293117 0.201894 0.201894 0.201894
5086.952637 0.000000 2617.793457 0.000000 0.434121 0.000000 0.900854 0.192859 0.192859 0.192859
5094.337891 0.000000 2612.017334 0.000000 0.878397 0.000000 0.477932 0.196828 0.196828 0.196828
5092.029297 0.000000 2616.833984 0.000000 0.996334 0.000000 0.085546 0.199455 0.199455 0.199455
5085.958984 0.000000 2608.481689 0.000000 0.600302 0.000000 0.799773 0.170176 0.170176 0.170176
5100.352051 0.000000 2615.542236 0.000000 0.958679 0.000000 0.284488 0.198164 0.198164 0.198164
5076.832520 0.000000 2610.860840 0.000000 0.723450 0.000000 0.690377 0.163991 0.163991 0.163991
5109.566895 0.000000 2610.743408 0.000000 0.928147 0.000000 0.372214 0.197572 0.197572 0.197572
5112.473633 0.000000 2606.412109 0.000000 0.240069 0.000000 0.970756 0.191543 0.191543 0.191543
5109.428223 0.000000 2616.122559 0.000000 0.854986 0.000000 0.518651 0.168453 0.168453 0.168453
5097.128906 0.000000 2619.146973 0.000000 0.851571 0.000000 0.524240 0.196487 0.196487 0.196487
5084.928223 0.000000 2616.161377 0.000000 0.886263 0.000000 -0.463183 0.203066 0.203066 0.203066
5080.535645 0.000000 2614.636230 0.000000 0.296544 0.000000 0.955019 0.182240 0.182240 0.182240
5118.582031 0.000000 2613.148438 0.000000 0.331285 0.000000 0.943531 0.192150 0.192150 0.192150
5089.641602 0.000000 2616.359863 0.000000 0.843628 0.000000 0.536928 0.196392 0.196392 0.196392
5082.245605 0.000000 2616.793213 0.000000 0.997967 0.000000 -0.063737 0.195354 0.195354 0.195354
5058.944824 0.000000 2615.677246 0.000000 0.776553 0.000000 0.630051 0.189632 0.189632 0.189632
5107.914062 0.000000 2604.069580 0.000000 0.249680 0.000000 0.968328 0.191607 0.191607 0.191607
5060.756836 0.000000 2617.074463 0.000000 0.982970 0.000000 0.183765 0.174876 0.174876 0.174876
5103.645996 0.000000 2605.979248 0.000000 0.997028 0.000000 0.077037 0.199509 0.199509 0.199509
5111.794922 0.000000 2611.287354 0.000000 0.969569 0.000000 0.244819 0.198425 0.198425 0.198425
5060.248535 0.000000 2619.581055 0.000000 0.989549 0.000000 0.144194 0.199079 0.199079 0.199079
5082.165527 0.000000 2606.539062 0.000000 0.967338 0.000000 -0.253491 0.179040 0.179040 0.179040
5062.028809 0.000000 2621.210938 0.000000 0.706185 0.000000 0.708027 0.171505 0.171505 0.171505
5110.255859 0.000000 2607.041260 0.000000 0.995554 0.000000 -0.094193 0.200601 0.200601 0.200601
5058.069824 0.000000 2623.103027 0.000000 0.154230 0.000000 0.988035 0.190986 0.190986 0.190986
5056.712402 0.000000 2616.502197 0.000000 0.972517 0.000000 0.232830 0.198504 0.198504 0.198504
5096.647949 0.000000 2599.607910 0.000000 0.864272 0.000000 0.503026 0.196644 0.196644 0.196644
5083.966309 0.000000 2607.894287 0.000000 0.697326 0.000000 0.716754 0.173074 0.173074 0.173074
5103.135742 0.000000 2614.337402 0.000000 0.556002 0.000000 0.831181 0.193753 0.193753 0.193753
5115.815430 0.000000 2617.000977 0.000000 0.883700 0.000000 0.468053 0.196899 0.196899 0.196899
5084.979980 0.000000 2613.560303 0.000000 0.583133 0.000000 0.812376 0.193963 0.193963 0.193963
5113.678223 0.000000 2613.402832 0.000000 0.991977 0.000000 0.126422 0.199193 0.199193 0.199193
5077.422363 0.000000 2622.636230 0.000000 0.999907 0.000000 0.013653 0.180314 0.180314 0.180314
5104.914551 0.000000 2615.464844 0.000000 0.874043 0.000000 0.485849 0.196770 0.196770 0.196770
5103.882812 0.000000 2603.304932 0.000000 0.613004 0.000000 0.790080 0.194201 0.194201 0.194201
5102.245605 0.000000 2618.203857 0.000000 0.991528 0.000000 0.129890 0.199171 0.199171 0.199171
5106.709961 0.000000 2612.371094 0.000000 0.965747 0.000000 0.259485 0.198329 0.198329 0.198329
5106.317871 0.000000 2602.734375 0.000000 0.905237 0.000000 0.424908 0.197206 0.197206 0.197206
5109.177734 0.000000 2608.801758 0.000000 0.973654 0.000000 0.228029 0.198535 0.198535 0.198535
5113.360352 0.000000 2609.537842 0.000000 0.976002 0.000000 0.217760 0.198602 0.198602 0.198602
5056.597656 0.000000 2618.748535 0.000000 0.490101 0.000000 0.871666 0.193261 0.193261 0.193261
5106.425293 0.000000 2600.435547 0.000000 0.991664 0.000000 0.128849 0.199177 0.199177 0.199177
5110.302246 0.000000 2612.568604 0.000000 0.900605 0.000000 0.434638 0.197138 0.197138 0.197138
5060.483887 0.000000 2628.030029 0.000000 0.922901 0.000000 -0.385038 0.194574 0.194574 0.194574
5098.257812 0.000000 2600.543701 0.000000 0.213065 0.000000 0.977038 0.191367 0.191367 0.191367
5083.504395 0.000000 2612.259521 0.000000 0.428833 0.000000 0.903384 0.192822 0.192822 0.192822
5104.943848 0.000000 2609.869629 0.000000 0.917325 0.000000 0.398140 0.194076 0.194076 0.194076
5066.704590 0.000000 2621.023682 0.000000 0.959111 0.000000 0.283031 0.198173 0.198173 0.198173
5100.016602 0.000000 2600.029785 0.000000 0.745224 0.000000 0.666814 0.195353 0.195353 0.195353
5109.097168 0.000000 2600.066650 0.000000 0.997828 0.000000 -0.065875 0.200420 0.200420 0.200420
5106.999023 0.000000 2605.624023 0.000000 0.980392 0.000000 0.197058 0.198737 0.198737 0.198737
5112.654297 0.000000 2615.494141 0.000000 0.569608 0.000000 0.821916 0.193858 0.193858 0.193858
5086.652344 0.000000 2610.366699 0.000000 0.867188 0.000000 -0.497982 0.203319 0.203319 0.203319
5058.681152 0.000000 2620.499756 0.000000 0.533214 0.000000 0.845981 0.193580 0.193580 0.193580
5068.062012 0.000000 2619.586670 0.000000 0.998488 0.000000 -0.054963 0.200350 0.200350 0.200350
5101.431152 0.000000 2602.333008 0.000000 0.991481 0.000000 0.130254 0.199168 0.199168 0.199168
5083.877441 0.000000 2609.772217 0.000000 0.381902 0.000000 0.924203 0.192495 0.192495 0.192495
5109.929688 0.000000 2614.352051 0.000000 0.443325 0.000000 0.896361 0.192924 0.192924 0.192924
5080.512695 0.000000 2606.014160 0.000000 0.341122 0.000000 0.940019 0.192216 0.192216 0.192216
5095.089844 0.000000 2613.594482 0.000000 0.727307 0.000000 0.686312 0.195185 0.195185 0.195185
5069.306641 0.000000 2622.832764 0.000000 0.662877 0.000000 0.748728 0.194613 0.194613 0.194613
5103.105469 0.000000 2601.842529 0.000000 0.861099 0.000000 0.508437 0.196604 0.196604 0.196604
5110.403320 0.000000 2617.967041 0.000000 0.317209 0.000000 0.948356 0.192055 0.192055 0.192055
5098.415039 0.000000 2617.899414 0.000000 0.904221 0.000000 0.427064 0.197191 0.197191 0.197191
5105.237305 0.000000 2611.487793 0.000000 0.852079 0.000000 -0.523413 0.203507 0.203507 0.203507
5119.169434 0.000000 2615.158936 0.000000 0.910571 0.000000 -0.413352 0.202713 0.202713 0.202713
5056.043457 0.000000 2622.532227 0.000000 0.812977 0.000000 -0.582296 0.203957 0.203957 0.203957
5108.078125 0.000000 2614.951904 0.000000 0.183908 0.000000 0.982943 0.191178 0.191178 0.191178
5069.642090 0.000000 2619.932861 0.000000 0.423493 0.000000 0.905899 0.192784 0.192784 0.192784
5093.265137 0.000000 2617.944824 0.000000 0.989442 0.000000 -0.144927 0.200926 0.200926 0.200926
5108.080566 0.000000 2611.474854 0.000000 0.235767 0.000000 0.971810 0.191515 0.191515 0.191515
5088.594727 0.000000 2617.919678 0.000000 0.006110 0.000000 0.999981 0.190039 0.190039 0.190039
5100.147461 0.000000 2613.916748 0.000000 0.004213 0.000000 0.999991 0.190027 0.190027 0.190027
5110.998047 0.000000 2615.583496 0.000000 0.322712 0.000000 0.946497 0.192092 0.192092 0.192092
5096.469727 0.000000 2617.546387 0.000000 0.980421 0.000000 -0.196911 0.201262 0.201262 0.201262
5103.029785 0.000000 2612.524658 0.000000 0.823660 0.000000 -0.567084 0.203839 0.203839 0.203839
5070.469238 0.000000 2616.939697 0.000000 0.939629 0.000000 -0.342195 0.202223 0.202223 0.202223
5087.967773 0.000000 2616.480957 0.000000 0.158467 0.000000 0.987364 0.191013 0.191013 0.191013
5103.392090 0.000000 2619.561523 0.000000 0.250335 0.000000 0.968159 0.191611 0.191611 0.191611
5078.338379 0.000000 2611.263672 0.000000 0.956910 0.000000 0.290385 0.198124 0.198124 0.198124
5072.278320 0.000000 2619.000488 0.000000 0.903461 0.000000 -0.428671 0.202820 0.202820 0.202820
5109.071289 0.000000 2603.022461 0.000000 0.592241 0.000000 0.805761 0.194035 0.194035 0.194035
5085.380859 0.000000 2617.678955 0.000000 0.943172 0.000000 -0.332304 0.202157 0.202157 0.202157
5059.597168 0.000000 2623.387939 0.000000 0.738756 0.000000 0.673973 0.195292 0.195292 0.195292
5080.030273 0.000000 2611.586426 0.000000 0.038379 0.000000 0.999263 0.190244 0.190244 0.190244
5093.508789 0.000000 2613.669678 0.000000 0.960530 0.000000 0.278175 0.198205 0.198205 0.198205
5098.712402 0.000000 2619.499756 0.000000 0.022591 0.000000 0.999745 0.190144 0.190144 0.190144
5082.692383 0.000000 2610.732178 0.000000 0.933513 0.000000 0.358543 0.197665 0.197665 0.197665
5081.045410 0.000000 2610.173096 0.000000 0.985919 0.000000 0.167224 0.198930 0.198930 0.198930
5112.379395 0.000000 2612.662109 0.000000 0.987385 0.000000 -0.158336 0.201012 0.201012 0.201012
5111.353516 0.000000 2605.425049 0.000000 0.470105 0.000000 0.882611 0.193116 0.193116 0.193116
5085.938965 0.000000 2614.814697 0.000000 0.538932 0.000000 0.842349 0.193623 0.193623 0.193623
5107.663574 0.000000 2599.449707 0.000000 0.970280 0.000000 -0.241984 0.201556 0.201556 0.201556
5099.175293 0.000000 2616.578613 0.000000 0.617369 0.000000 0.786674 0.194236 0.194236 0.194236
5118.321777 0.000000 2616.613525 0.000000 0.724632 0.000000 0.689136 0.195160 0.195160 0.195160
5104.663086 0.000000 2616.937256 0.000000 0.971755 0.000000 0.235994 0.198483 0.198483 0.198483
5095.388184 0.000000 2616.342041 0.000000 0.973824 0.000000 -0.227304 0.201460 0.201460 0.201460
5086.394531 0.000000 2616.327637 0.000000 0.866143 0.000000 -0.499797 0.203332 0.203332 0.203332
5103.286621 0.000000 2600.054688 0.000000 0.823789 0.000000 0.566897 0.196163 0.196163 0.196163
5093.802246 0.000000 2616.558105 0.000000 0.811777 0.000000 -0.583968 0.203970 0.203970 0.203970
5115.523926 0.000000 2611.740479 0.000000 0.418459 0.000000 0.908236 0.192749 0.192749 0.192749
5095.789551 0.000000 2612.218750 0.000000 0.109497 0.000000 0.993987 0.190698 0.190698 0.190698
5117.240234 0.000000 2612.312500 0.000000 0.825636 0.000000 -0.564203 0.203816 0.203816 0.203816
5088.240234 0.000000 2612.251221 0.000000 0.888340 0.000000 -0.459186 0.203037 0.203037 0.203037
5074.172363 0.000000 2623.428467 0.000000 0.995578 0.000000 0.093934 0.197167 0.197167 0.197167
5117.294434 0.000000 2613.796631 0.000000 0.933092 0.000000 0.359637 0.197658 0.197658 0.197658
5088.868164 0.000000 2614.652588 0.000000 0.844845 0.000000 0.535011 0.196406 0.196406 0.196406
5057.945801 0.000000 2614.584961 0.000000 0.865800 0.000000 0.500390 0.196664 0.196664 0.196664
5079.035156 0.000000 2608.718262 0.000000 0.996242 0.000000 -0.086615 0.200552 0.200552 0.200552
5110.908203 0.000000 2610.155273 0.000000 0.964139 0.000000 0.265397 0.198290 0.198290 0.198290
5105.096680 0.000000 2605.974854 0.000000 0.015560 0.000000 0.999879 0.190099 0.190099 0.190099
5094.002930 0.000000 2599.942871 0.000000 0.931668 0.000000 -0.363312 0.202367 0.202367 0.202367
5059.093750 0.000000 2628.351318 0.000000 0.996471 0.000000 -0.083934 0.200535 0.200535 0.200535
5081.534668 0.000000 2607.843262 0.000000 0.997795 0.000000 0.066377 0.199577 0.199577 0.199577
5058.875977 0.000000 2630.867920 0.000000 0.212116 0.000000 0.977244 0.191361 0.191361 0.191361
5103.546387 0.000000 2604.628662 0.000000 0.545236 0.000000 0.838282 0.193671 0.193671 0.193671
5084.436523 0.000000 2614.884033 0.000000 0.918469 0.000000 -0.395492 0.202589 0.202589 0.202589
5056.049316 0.000000 2623.978760 0.000000 0.563935 0.000000 0.825819 0.193814 0.193814 0.193814
5083.236816 0.000000 2615.768066 0.000000 0.887530 0.000000 -0.460751 0.203048 0.203048 0.203048
5058.058594 0.000000 2616.720703 0.000000 0.578473 0.000000 0.815702 0.193927 0.193927 0.193927
5080.631836 0.000000 2608.894043 0.000000 0.970712 0.000000 -0.240245 0.201545 0.201545 0.201545
5091.032227 0.000000 2615.917480 0.000000 0.991658 0.000000 0.128894 0.199177 0.199177 0.199177
5114.873047 0.000000 2614.030029 0.000000 0.885036 0.000000 -0.465522 0.203083 0.203083 0.203083
5085.510254 0.000000 2612.344238 0.000000 0.927192 0.000000 0.374587 0.197556 0.197556 0.197556
5101.193359 0.000000 2619.131104 0.000000 0.737397 0.000000 0.675460 0.195279 0.195279 0.195279
5103.484375 0.000000 2617.740234 0.000000 0.443172 0.000000 0.896436 0.192923 0.192923 0.192923
5059.455566 0.000000 2616.962402 0.000000 0.996566 0.000000 0.082806 0.199472 0.199472 0.199472
5060.788086 0.000000 2620.781982 0.000000 0.552784 0.000000 0.833325 0.193729 0.193729 0.193729
5060.993652 0.000000 2622.464355 0.000000 0.463649 0.000000 0.886019 0.193069 0.193069 0.193069
5105.067871 0.000000 2602.810303 0.000000 0.650841 0.000000 0.759214 0.194512 0.194512 0.194512
5114.750488 0.000000 2612.768555 0.000000 0.869529 0.000000 0.493882 0.196712 0.196712 0.196712
5099.903809 0.000000 2598.388672 0.000000 0.580185 0.000000 0.814485 0.193940 0.193940 0.193940
5112.930664 0.000000 2610.681396 0.000000 0.999313 0.000000 0.037066 0.199764 0.199764 0.199764
5106.592773 0.000000 2603.992432 0.000000 0.716251 0.000000 0.697843 0.195083 0.195083 0.195083
5107.583984 0.000000 2602.857178 0.000000 0.540273 0.000000 0.841490 0.193634 0.193634 0.193634
5109.270996 0.000000 2601.581299 0.000000 0.635556 0.000000 0.772055 0.194385 0.194385 0.194385
5109.096680 0.000000 2612.191650 0.000000 0.751189 0.000000 0.660087 0.195410 0.195410 0.195410
5110.646973 0.000000 2616.769775 0.000000 0.948662 0.000000 0.316290 0.197951 0.197951 0.197951
5097.855957 0.000000 2599.296875 0.000000 0.885956 0.000000 0.463770 0.196930 0.196930 0.196930
5057.312988 0.000000 2617.766846 0.000000 0.960329 0.000000 0.278869 0.198201 0.198201 0.198201
5104.334961 0.000000 2614.384521 0.000000 0.911297 0.000000 -0.411749 0.202702 0.202702 0.202702
5104.162598 0.000000 2612.144531 0.000000 0.976969 0.000000 -0.213383 0.201369 0.201369 0.201369
5113.471191 0.000000 2614.620605 0.000000 0.769549 0.000000 0.638588 0.195590 0.195590 0.195590
5058.034668 0.000000 2624.366943 0.000000 0.489685 0.000000 0.871899 0.193258 0.193258 0.193258
5086.669434 0.000000 2613.897705 0.000000 0.843755 0.000000 -0.536728 0.203607 0.203607 0.203607
5110.206543 0.000000 2605.697021 0.000000 0.893549 0.000000 -0.448965 0.202964 0.202964 0.202964
5096.114258 0.000000 2600.836670 0.000000 0.633458 0.000000 0.773777 0.194367 0.194367 0.194367
5102.356934 0.000000 2615.578369 0.000000 0.505651 0.000000 0.862738 0.193375 0.193375 0.193375
5103.663086 0.000000 2615.364502 0.000000 0.970261 0.000000 0.242061 0.198444 0.198444 0.198444
5059.154785 0.000000 2619.033203 0.000000 0.932212 0.000000 -0.361914 0.202358 0.202358 0.202358
5118.282715 0.000000 2614.402100 0.000000 0.954155 0.000000 0.299312 0.198065 0.198065 0.198065
5082.768555 0.000000 2613.213623 0.000000 0.138709 0.000000 0.990333 0.190886 0.190886 0.190886
5083.824219 0.000000 2611.142822 0.000000 0.856183 0.000000 -0.516672 0.203457 0.203457 0.203457
5101.104004 0.000000 2599.735840 0.000000 0.408729 0.000000 0.912656 0.192681 0.192681 0.192681
5112.213867 0.000000 2609.808350 0.000000 0.768629 0.000000 0.639694 0.195581 0.195581 0.195581
5099.242188 0.000000 2615.337646 0.000000 0.935891 0.000000 -0.352291 0.202292 0.202292 0.202292
5056.361816 0.000000 2619.917236 0.000000 0.563152 0.000000 0.826354 0.193808 0.193808 0.193808
5110.497559 0.000000 2611.445068 0.000000 0.751269 0.000000 0.659996 0.195411 0.195411 0.195411
5116.159668 0.000000 2615.917480 0.000000 0.819431 0.000000 -0.573178 0.203886 0.203886 0.203886
5083.859375 0.000000 2613.426514 0.000000 0.986658 0.000000 0.162808 0.198959 0.198959 0.198959
5098.590820 0.000000 2601.690186 0.000000 0.914198 0.000000 0.405268 0.197344 0.197344 0.197344
5056.125977 0.000000 2617.703125 0.000000 0.465241 0.000000 0.885184 0.193081 0.193081 0.193081
5099.013184 0.000000 2599.491455 0.000000 0.896844 0.000000 0.442346 0.197083 0.197083 0.197083
5059.692383 0.000000 2631.582275 0.000000 0.195983 0.000000 0.980607 0.191256 0.191256 0.191256
5103.740234 0.000000 2613.419922 0.000000 0.581921 0.000000 0.813245 0.193954 0.193954 0.193954
5097.191895 0.000000 2600.727295 0.000000 0.690100 0.000000 0.723714 0.194849 0.194849 0.194849
5057.144043 0.000000 2623.735596 0.000000 0.908987 0.000000 -0.416825 0.202737 0.202737 0.202737
5111.309570 0.000000 2606.526855 0.000000 0.762168 0.000000 0.647380 0.195517 0.195517 0.195517
5107.716797 0.000000 2600.533447 0.000000 0.495611 0.000000 0.868545 0.193301 0.193301 0.193301
5109.988770 0.000000 2609.520508 0.000000 0.393857 0.000000 0.919172 0.192577 0.192577 0.192577
5057.148926 0.000000 2622.430420 0.000000 0.965354 0.000000 -0.260945 0.201681 0.201681 0.201681
5058.932617 0.000000 2622.442383 0.000000 0.618758 0.000000 0.785582 0.194247 0.194247 0.194247
5105.364258 0.000000 2600.570557 0.000000 0.999039 0.000000 -0.043833 0.200279 0.200279 0.200279
5096.529297 0.000000 2616.151855 0.000000 0.991661 0.000000 -0.128873 0.200823 0.200823 0.200823
5112.792480 0.000000 2616.550781 0.000000 0.821368 0.000000 -0.570398 0.203864 0.203864 0.203864
5056.016602 0.000000 2621.434570 0.000000 0.768433 0.000000 0.639930 0.195579 0.195579 0.195579
5108.250488 0.000000 2608.181885 0.000000 0.987792 0.000000 0.155778 0.199004 0.199004 0.199004
5105.862305 0.000000 2599.483154 0.000000 0.721701 0.000000 0.692205 0.195133 0.195133 0.195133
5107.812988 0.000000 2612.500244 0.000000 0.870033 0.000000 0.492994 0.196718 0.196718 0.196718
5104.528320 0.000000 2604.153564 0.000000 0.999991 0.000000 -0.004344 0.200028 0.200028 0.200028
5099.303711 0.000000 2600.841553 0.000000 0.655072 0.000000 0.755566 0.194547 0.194547 0.194547
5088.682129 0.000000 2615.695557 0.000000 0.997899 0.000000 0.064797 0.199587 0.199587 0.199587
5105.976074 0.000000 2613.359863 0.000000 0.911629 0.000000 0.411014 0.197303 0.197303 0.197303
5100.463379 0.000000 2612.904785 0.000000 0.992134 0.000000 -0.125184 0.200799 0.200799 0.200799
5979.236816 0.000000 2107.408691 0.000000 0.569679 0.000000 0.821867 0.193859 0.193859 0.193859
5127.437500 0.000000 2596.840576 0.000000 0.602278 0.000000 0.798287 0.164209 0.164209 0.164209
5125.809082 0.000000 2597.280029 0.000000 0.257310 0.000000 0.966329 0.191657 0.191657 0.191657
5121.626465 0.000000 2596.714111 0.000000 0.993973 0.000000 -0.109628 0.200699 0.200699 0.200699
5123.094727 0.000000 2596.581055 0.000000 0.967847 0.000000 -0.251539 0.201619 0.201619 0.201619
5122.356934 0.000000 2603.179443 0.000000 0.429008 0.000000 0.903300 0.192823 0.192823 0.192823
5128.667480 0.000000 2603.060547 0.000000 0.568846 0.000000 0.822444 0.193852 0.193852 0.193852
5130.564941 0.000000 2600.830078 0.000000 0.874161 0.000000 -0.485636 0.203228 0.203228 0.203228
5120.090332 0.000000 2601.576904 0.000000 0.692198 0.000000 0.721708 0.194867 0.194867 0.194867
5135.671387 0.000000 2599.810303 0.000000 0.860626 0.000000 -0.509238 0.203401 0.203401 0.203401
5129.795410 0.000000 2598.305664 0.000000 0.838849 0.000000 0.544364 0.196335 0.196335 0.196335
5133.612305 0.000000 2601.409912 0.000000 0.978400 0.000000 -0.206722 0.201326 0.201326 0.201326
5124.602051 0.000000 2600.886963 0.000000 0.639284 0.000000 0.768971 0.194415 0.194415 0.194415
5126.070312 0.000000 2605.321289 0.000000 0.067587 0.000000 0.997713 0.190431 0.190431 0.190431
5122.199219 0.000000 2605.393555 0.000000 0.878611 0.000000 -0.477538 0.199186 0.199186 0.199186
5126.936035 0.000000 2601.857178 0.000000 0.810385 0.000000 0.585897 0.196015 0.196015 0.196015
5120.371582 0.000000 2603.365967 0.000000 0.065225 0.000000 0.997871 0.185615 0.185615 0.185615
5126.054199 0.000000 2599.879883 0.000000 0.528906 0.000000 0.848680 0.193548 0.193548 0.193548
5136.728516 0.000000 2598.287842 0.000000 0.484722 0.000000 0.874668 0.185103 0.185103 0.185103
5123.050781 0.000000 2601.675537 0.000000 0.739156 0.000000 0.673535 0.195295 0.195295 0.195295
5130.256348 0.000000 2602.511963 0.000000 0.194472 0.000000 0.980908 0.191246 0.191246 0.191246
5132.241699 0.000000 2600.546143 0.000000 0.999940 0.000000 -0.010972 0.200070 0.200070 0.200070
5123.498047 0.000000 2599.038818 0.000000 0.819057 0.000000 0.573712 0.196110 0.196110 0.196110
5123.916016 0.000000 2602.894287 0.000000 0.708973 0.000000 0.705236 0.195017 0.195017 0.195017
5133.322266 0.000000 2602.877930 0.000000 0.840673 0.000000 -0.541543 0.203643 0.203643 0.203643
5134.213379 0.000000 2599.986084 0.000000 0.383303 0.000000 0.923622 0.192504 0.192504 0.192504
5121.657715 0.000000 2598.784912 0.000000 0.469044 0.000000 0.883175 0.193108 0.193108 0.193108
5121.598145 0.000000 2601.846924 0.000000 0.998383 0.000000 -0.056845 0.200362 0.200362 0.200362
5135.104980 0.000000 2601.183838 0.000000 0.921429 0.000000 -0.388546 0.202540 0.202540 0.202540
5128.364746 0.000000 2598.738037 0.000000 0.921386 0.000000 -0.388649 0.202541 0.202541 0.202541
5131.583984 0.000000 2601.838867 0.000000 0.998091 0.000000 -0.061757 0.200393 0.200393 0.200393
5126.753418 0.000000 2603.446045 0.000000 0.878126 0.000000 0.478429 0.196824 0.196824 0.196824
5128.904785 0.000000 2604.561035 0.000000 0.883058 0.000000 -0.469264 0.203110 0.203110 0.203110
5125.529297 0.000000 2601.771240 0.000000 0.852005 0.000000 -0.523533 0.203508 0.203508 0.203508
5125.292969 0.000000 2604.298584 0.000000 0.852004 0.000000 0.523535 0.196492 0.196492 0.196492
5124.601562 0.000000 2599.604736 0.000000 0.503754 0.000000 0.863847 0.193361 0.193361 0.193361
5129.798340 0.000000 2603.654785 0.000000 0.940142 0.000000 0.340782 0.197786 0.197786 0.197786
5123.610840 0.000000 2600.262939 0.000000 0.766509 0.000000 0.642234 0.195560 0.195560 0.195560
5126.916992 0.000000 2600.705078 0.000000 0.999583 0.000000 -0.028859 0.200184 0.200184 0.200184
5132.748535 0.000000 2603.976562 0.000000 0.894328 0.000000 0.447412 0.197047 0.197047 0.197047
5128.070801 0.000000 2602.073975 0.000000 0.834743 0.000000 0.550639 0.196288 0.196288 0.196288
5129.386230 0.000000 2605.551758 0.000000 0.361736 0.000000 0.932281 0.192356 0.192356 0.192356
5132.654785 0.000000 2601.985596 0.000000 0.900235 0.000000 -0.435404 0.202868 0.202868 0.202868
5125.937500 0.000000 2598.781250 0.000000 0.999960 0.000000 0.008984 0.199943 0.199943 0.199943
6195.413574 0.000000 2052.988037 0.000000 0.968696 0.000000 0.248248 0.198403 0.198403 0.198403
6822.581055 0.000000 2520.437012 0.000000 0.985113 0.000000 0.171908 0.181072 0.181072 0.181072
6853.729492 0.000000 2527.341309 0.000000 0.966278 0.000000 -0.257500 0.176804 0.176804 0.176804
6872.641113 0.000000 2541.037109 0.000000 0.860456 0.000000 -0.509524 0.203404 0.203404 0.203404
6857.808105 0.000000 2526.479736 0.000000 0.817730 0.000000 -0.575603 0.201049 0.201049 0.201049
6881.987305 0.000000 2522.926270 0.000000 0.943246 0.000000 -0.332094 0.199324 0.199324 0.199324
6874.529785 0.000000 2540.719238 0.000000 0.419715 0.000000 0.907656 0.191138 0.191138 0.191138
6861.340332 0.000000 2525.539307 0.000000 0.473731 0.000000 0.880669 0.187732 0.187732 0.187732
6856.564453 0.000000 2537.043457 0.000000 0.992170 0.000000 -0.124893 0.194610 0.194610 0.194610
6868.440918 0.000000 2540.819092 0.000000 0.653046 0.000000 0.757318 0.184177 0.184177 0.184177
6859.735352 0.000000 2529.365723 0.000000 0.753381 0.000000 0.657584 0.191600 0.191600 0.191600
6870.249023 0.000000 2541.679688 0.000000 0.963714 0.000000 0.266936 0.198280 0.198280 0.198280
6858.666016 0.000000 2527.674072 0.000000 0.115212 0.000000 0.993341 0.190735 0.190735 0.190735
6857.022461 0.000000 2528.379639 0.000000 0.724208 0.000000 0.689581 0.195156 0.195156 0.195156
6871.398438 0.000000 2541.112793 0.000000 0.837881 0.000000 0.545852 0.196324 0.196324 0.196324
6873.752441 0.000000 2541.689697 0.000000 0.838294 0.000000 -0.545218 0.203671 0.203671 0.203671
6855.968750 0.000000 2526.265625 0.000000 0.936793 0.000000 0.349885 0.197724 0.197724 0.197724
6850.552734 0.000000 2597.873047 0.000000 0.015635 0.000000 0.999878 0.164007 0.164007 0.164007
6873.304688 0.000000 2542.790527 0.000000 0.960773 0.000000 -0.277336 0.201789 0.201789 0.201789
6875.120117 0.000000 2543.745605 0.000000 0.995688 0.000000 0.092762 0.199409 0.199409 0.199409
6853.809082 0.000000 2597.280029 0.000000 0.820165 0.000000 -0.572127 0.203307 0.203307 0.203307
6875.133789 0.000000 2545.327148 0.000000 0.837667 0.000000 0.546181 0.196322 0.196322 0.196322
6852.298828 0.000000 2597.695312 0.000000 0.643006 0.000000 0.765861 0.193902 0.193902 0.193902
6868.179199 0.000000 2543.073975 0.000000 0.944531 0.000000 0.328422 0.197870 0.197870 0.197870
6875.970215 0.000000 2542.779053 0.000000 0.513262 0.000000 0.858232 0.193431 0.193431 0.193431
6870.342773 0.000000 2541.942383 0.000000 0.692702 0.000000 0.721224 0.194872 0.194872 0.194872
6873.950684 0.000000 2543.777344 0.000000 0.140463 0.000000 0.990086 0.190897 0.190897 0.190897
6871.045898 0.000000 2543.430664 0.000000 0.908481 0.000000 -0.417925 0.202745 0.202745 0.202745
6886.337891 0.000000 2612.017334 0.000000 0.973740 0.000000 0.227664 0.197982 0.197982 0.197982
6857.795410 0.000000 2598.305664 0.000000 0.770572 0.000000 0.637353 0.189026 0.189026 0.189026
6862.389160 0.000000 2631.666016 0.000000 0.707536 0.000000 0.706677 0.178071 0.178071 0.178071
6891.095215 0.000000 2612.599854 0.000000 0.166736 0.000000 0.986002 0.182503 0.182503 0.182503
6894.782227 0.000000 2640.345459 0.000000 0.996367 0.000000 0.085164 0.199457 0.199457 0.199457
6894.671387 0.000000 2644.735840 0.000000 0.986431 0.000000 0.164179 0.186133 0.186133 0.186133
6893.465820 0.000000 2642.577148 0.000000 0.932773 0.000000 0.360465 0.197652 0.197652 0.197652
6884.560547 0.000000 2612.336914 0.000000 0.712485 0.000000 0.701687 0.181936 0.181936 0.181936
6863.736328 0.000000 2629.042480 0.000000 0.891899 0.000000 0.452234 0.197013 0.197013 0.197013
6865.267090 0.000000 2628.915039 0.000000 0.984945 0.000000 -0.172866 0.201106 0.201106 0.201106
6887.789551 0.000000 2612.218750 0.000000 0.837970 0.000000 0.545716 0.195775 0.195775 0.195775
6893.470215 0.000000 2645.565674 0.000000 0.076871 0.000000 0.997041 0.190490 0.190490 0.190490
6895.960449 0.000000 2641.232910 0.000000 0.977564 0.000000 0.210638 0.198649 0.198649 0.198649
6893.556641 0.000000 2643.924561 0.000000 0.809851 0.000000 0.586636 0.196009 0.196009 0.196009
6896.927734 0.000000 2643.297119 0.000000 0.542968 0.000000 0.839753 0.193654 0.193654 0.193654
6893.494141 0.000000 2639.921631 0.000000 0.900020 0.000000 -0.435850 0.202871 0.202871 0.202871
6892.451660 0.000000 2641.893799 0.000000 0.735239 0.000000 0.677808 0.195259 0.195259 0.195259
6892.436035 0.000000 2639.437012 0.000000 0.999771 0.000000 -0.021410 0.200136 0.200136 0.200136
6853.937500 0.000000 2598.781250 0.000000 0.441078 0.000000 0.897469 0.192908 0.192908 0.192908
6878.952637 0.000000 2674.277832 0.000000 0.229000 0.000000 0.973426 0.172163 0.172163 0.172163
6891.690430 0.000000 2658.329590 0.000000 0.995238 0.000000 0.097474 0.199378 0.199378 0.199378
6879.888672 0.000000 2676.309814 0.000000 0.893054 0.000000 -0.449950 0.186483 0.186483 0.186483
6888.756348 0.000000 2660.232178 0.000000 0.562738 0.000000 0.826635 0.193262 0.193262 0.193262
6858.704590 0.000000 2677.508057 0.000000 0.337941 0.000000 0.941167 0.184119 0.184119 0.184119
6859.461426 0.000000 2682.360107 0.000000 0.821672 0.000000 -0.569961 0.202148 0.202148 0.202148
6892.442383 0.000000 2661.278320 0.000000 0.817328 0.000000 -0.576173 0.203909 0.203909 0.203909
6890.135254 0.000000 2659.265137 0.000000 0.998777 0.000000 0.049450 0.199685 0.199685 0.199685
6858.583984 0.000000 2680.989746 0.000000 0.966236 0.000000 0.257661 0.198341 0.198341 0.198341
6856.415527 0.000000 2681.837891 0.000000 0.951901 0.000000 -0.306404 0.201983 0.201983 0.201983
6859.572266 0.000000 2680.344482 0.000000 0.971035 0.000000 0.238936 0.198464 0.198464 0.198464
7647.330566 0.000000 2913.124268 0.000000 0.964067 0.000000 0.265659 0.198288 0.198288 0.198288
7648.342773 0.000000 2915.748535 0.000000 0.998995 0.000000 -0.044811 0.200285 0.200285 0.200285
7649.315918 0.000000 2913.396240 0.000000 0.971147 0.000000 -0.238484 0.201533 0.201533 0.201533
"}
object={
	name="bush_02_generator_1_1"
	clamp_to_water_level=no
	render_under_water=no
	generated_content=yes
	layer="semidynamic_medium"
	pdxmesh="tree_bush_04_mesh"
	count=829
	transform="1774.722412 0.000000 2250.702148 0.000000 0.470535 0.000000 -0.882381 0.206881 0.206881 0.206881
1775.887085 0.000000 2252.680420 0.000000 0.579072 0.000000 -0.815277 0.206068 0.206068 0.206068
1845.861084 0.000000 2194.472656 0.000000 0.377868 0.000000 -0.925860 0.181374 0.181374 0.181374
1813.934448 0.000000 2201.218262 0.000000 0.095126 0.000000 -0.995465 0.209394 0.209394 0.209394
1830.469604 0.000000 2173.000244 0.000000 0.508981 0.000000 -0.860778 0.206600 0.206600 0.206600
1836.051758 0.000000 2178.500488 0.000000 0.665758 0.000000 -0.746167 0.189831 0.189831 0.189831
1847.405518 0.000000 2181.259277 0.000000 0.568594 0.000000 -0.822619 0.188249 0.188249 0.188249
1839.085327 0.000000 2185.234375 0.000000 0.572301 0.000000 -0.820044 0.206121 0.206121 0.206121
1839.436157 0.000000 2181.127686 0.000000 0.776798 0.000000 -0.629750 0.204337 0.204337 0.204337
1812.141357 0.000000 2200.338135 0.000000 0.119124 0.000000 -0.992879 0.209240 0.209240 0.209240
1829.967529 0.000000 2171.303467 0.000000 0.702883 0.000000 -0.711306 0.205038 0.205038 0.205038
1825.478516 0.000000 2176.427734 0.000000 0.333526 0.000000 -0.942741 0.207835 0.207835 0.207835
1830.014160 0.000000 2177.234863 0.000000 0.385339 0.000000 -0.922775 0.207482 0.207482 0.207482
1828.309082 0.000000 2175.792236 0.000000 0.520374 0.000000 -0.853939 0.206516 0.206516 0.206516
1843.455933 0.000000 2253.178955 0.000000 0.105638 0.000000 -0.994405 0.171214 0.171214 0.171214
1836.194824 0.000000 2214.968018 0.000000 0.415974 0.000000 -0.909377 0.190432 0.190432 0.190432
1812.804932 0.000000 2202.958252 0.000000 0.476622 0.000000 -0.879108 0.206837 0.206837 0.206837
1805.487915 0.000000 2212.907227 0.000000 0.642867 0.000000 -0.765978 0.205555 0.205555 0.205555
1802.166626 0.000000 2209.404297 0.000000 0.625256 0.000000 -0.780420 0.187262 0.187262 0.187262
1797.572388 0.000000 2249.821533 0.000000 0.778837 0.000000 -0.627226 0.204316 0.204316 0.204316
1809.033569 0.000000 2242.851562 0.000000 0.076481 0.000000 -0.997071 0.209513 0.209513 0.209513
1803.084839 0.000000 2213.269287 0.000000 0.628507 0.000000 -0.777804 0.205673 0.205673 0.205673
1793.725952 0.000000 2245.795166 0.000000 0.249284 0.000000 -0.968430 0.208396 0.208396 0.208396
1802.378174 0.000000 2214.751953 0.000000 0.764736 0.000000 -0.644344 0.196439 0.196439 0.196439
1798.267334 0.000000 2227.330566 0.000000 0.304297 0.000000 -0.952577 0.208032 0.208032 0.208032
1799.363403 0.000000 2226.341064 0.000000 0.803190 0.000000 -0.595724 0.204063 0.204063 0.204063
1802.359741 0.000000 2210.708008 0.000000 0.207606 0.000000 -0.978213 0.208669 0.208669 0.208669
1806.365845 0.000000 2245.887939 0.000000 0.430835 0.000000 -0.902431 0.207164 0.207164 0.207164
1802.015381 0.000000 2213.093018 0.000000 0.167630 0.000000 -0.985850 0.208928 0.208928 0.208928
1857.654297 0.000000 2217.248779 0.000000 0.609247 0.000000 -0.792980 0.205829 0.205829 0.205829
1857.945557 0.000000 2219.194336 0.000000 0.370958 0.000000 -0.928650 0.207581 0.207581 0.207581
1856.649170 0.000000 2217.805664 0.000000 0.734122 0.000000 -0.679018 0.204752 0.204752 0.204752
1857.343872 0.000000 2216.204102 0.000000 0.667665 0.000000 -0.744462 0.205346 0.205346 0.205346
1775.447998 0.000000 2272.060791 0.000000 0.052017 0.000000 -0.998646 0.200272 0.200272 0.200272
1782.158813 0.000000 2291.434814 0.000000 0.246327 0.000000 -0.969187 0.208416 0.208416 0.208416
1756.838379 0.000000 2284.442383 0.000000 0.414162 0.000000 -0.910203 0.207282 0.207282 0.207282
1759.373413 0.000000 2302.808105 0.000000 0.665058 0.000000 -0.746791 0.185809 0.185809 0.185809
1775.135498 0.000000 2275.431152 0.000000 0.309081 0.000000 -0.951036 0.208000 0.208000 0.208000
1758.716187 0.000000 2305.613037 0.000000 0.284878 0.000000 -0.958564 0.206995 0.206995 0.206995
1783.822754 0.000000 2290.668213 0.000000 0.127289 0.000000 -0.991866 0.209187 0.209187 0.209187
1791.416748 0.000000 2266.600098 0.000000 0.242243 0.000000 -0.970215 0.195597 0.195597 0.195597
1759.814087 0.000000 2282.413330 0.000000 0.663619 0.000000 -0.748071 0.205380 0.205380 0.205380
1783.338501 0.000000 2291.899170 0.000000 0.759618 0.000000 -0.650369 0.204508 0.204508 0.204508
1751.890747 0.000000 2334.916992 0.000000 0.592868 0.000000 -0.805300 0.194422 0.194422 0.194422
1750.937134 0.000000 2330.286621 0.000000 0.610686 0.000000 -0.791873 0.171227 0.171227 0.171227
1785.384521 0.000000 2372.111084 0.000000 0.417603 0.000000 -0.908629 0.207257 0.207257 0.207257
1750.782471 0.000000 2323.162842 0.000000 0.684780 0.000000 -0.728750 0.173585 0.173585 0.173585
1751.068237 0.000000 2320.370605 0.000000 0.745275 0.000000 -0.666757 0.204646 0.204646 0.204646
1750.077637 0.000000 2333.033936 0.000000 0.584615 0.000000 -0.811311 0.206025 0.206025 0.206025
1747.894409 0.000000 2323.631104 0.000000 0.280703 0.000000 -0.959795 0.181946 0.181946 0.181946
1781.005371 0.000000 2368.054688 0.000000 0.530573 0.000000 -0.847639 0.206440 0.206440 0.206440
1755.443970 0.000000 2348.124268 0.000000 0.356434 0.000000 -0.934320 0.190810 0.190810 0.190810
1777.262695 0.000000 2370.420410 0.000000 0.019028 0.000000 -0.999819 0.209879 0.209879 0.209879
1767.778442 0.000000 2371.694336 0.000000 0.168717 0.000000 -0.985665 0.208921 0.208921 0.208921
1770.638916 0.000000 2366.291992 0.000000 0.041014 0.000000 -0.999159 0.209739 0.209739 0.209739
1768.389160 0.000000 2369.489746 0.000000 0.008475 0.000000 -0.999964 0.209946 0.209946 0.209946
1761.680054 0.000000 2371.687012 0.000000 0.805358 0.000000 -0.592789 0.198896 0.198896 0.198896
1772.208862 0.000000 2369.946045 0.000000 0.680984 0.000000 -0.732299 0.205231 0.205231 0.205231
1770.912964 0.000000 2369.859619 0.000000 0.035188 0.000000 -0.999381 0.209776 0.209776 0.209776
1776.248535 0.000000 2369.664795 0.000000 0.078997 0.000000 -0.996875 0.209497 0.209497 0.209497
1767.513672 0.000000 2370.501465 0.000000 0.257378 0.000000 -0.966311 0.208343 0.208343 0.208343
1755.631348 0.000000 2371.709473 0.000000 0.111327 0.000000 -0.993784 0.209290 0.209290 0.209290
1773.231567 0.000000 2369.442383 0.000000 0.540100 0.000000 -0.841601 0.206368 0.206368 0.206368
1781.492676 0.000000 2371.388672 0.000000 0.153857 0.000000 -0.988093 0.209017 0.209017 0.209017
1769.374878 0.000000 2369.902344 0.000000 0.040288 0.000000 -0.999188 0.209743 0.209743 0.209743
1790.624390 0.000000 2381.163818 0.000000 0.586352 0.000000 -0.810057 0.167348 0.167348 0.167348
1787.100830 0.000000 2382.436523 0.000000 0.230269 0.000000 -0.973127 0.208521 0.208521 0.208521
1785.460693 0.000000 2372.447021 0.000000 0.325804 0.000000 -0.945437 0.207887 0.207887 0.207887
1772.051758 0.000000 2404.437988 0.000000 0.525936 0.000000 -0.850524 0.206474 0.206474 0.206474
1789.251953 0.000000 2379.158203 0.000000 0.351747 0.000000 -0.936095 0.207712 0.207712 0.207712
1769.650879 0.000000 2381.630371 0.000000 0.707749 0.000000 -0.706464 0.204994 0.204994 0.204994
1787.739136 0.000000 2376.850342 0.000000 0.367367 0.000000 -0.930076 0.207605 0.207605 0.207605
1775.645996 0.000000 2380.041748 0.000000 0.084476 0.000000 -0.996425 0.209462 0.209462 0.209462
1768.648071 0.000000 2373.670410 0.000000 0.794646 0.000000 -0.607073 0.204153 0.204153 0.204153
1787.529663 0.000000 2372.990723 0.000000 0.050223 0.000000 -0.998738 0.209680 0.209680 0.209680
1788.271606 0.000000 2380.857178 0.000000 0.549741 0.000000 -0.835335 0.190692 0.190692 0.190692
1785.360474 0.000000 2383.600342 0.000000 0.210376 0.000000 -0.977620 0.208651 0.208651 0.208651
1788.454834 0.000000 2412.682861 0.000000 0.103474 0.000000 -0.994632 0.209340 0.209340 0.209340
1782.302368 0.000000 2386.631104 0.000000 0.547844 0.000000 -0.836580 0.206309 0.206309 0.206309
1778.395020 0.000000 2402.360352 0.000000 0.186073 0.000000 -0.982536 0.190092 0.190092 0.190092
1778.999268 0.000000 2379.686523 0.000000 0.011056 0.000000 -0.999939 0.206401 0.206401 0.206401
1786.270874 0.000000 2380.677490 0.000000 0.374684 0.000000 -0.927152 0.207555 0.207555 0.207555
1776.891357 0.000000 2400.717773 0.000000 0.690922 0.000000 -0.722929 0.188480 0.188480 0.188480
1770.375244 0.000000 2403.886963 0.000000 0.633485 0.000000 -0.773755 0.205632 0.205632 0.205632
1785.205933 0.000000 2381.970215 0.000000 0.283211 0.000000 -0.959058 0.208172 0.208172 0.208172
1750.025146 0.000000 2414.637695 0.000000 0.686570 0.000000 -0.727064 0.205182 0.205182 0.205182
1783.353271 0.000000 2379.487549 0.000000 0.292821 0.000000 -0.956167 0.208108 0.208108 0.208108
1766.826294 0.000000 2379.079834 0.000000 0.042836 0.000000 -0.999082 0.209727 0.209727 0.209727
1771.575684 0.000000 2403.073975 0.000000 0.257526 0.000000 -0.966271 0.208342 0.208342 0.208342
1783.122803 0.000000 2377.486572 0.000000 0.552117 0.000000 -0.833766 0.206276 0.206276 0.206276
1777.096680 0.000000 2380.037354 0.000000 0.333781 0.000000 -0.942651 0.207834 0.207834 0.207834
1748.063843 0.000000 2413.218018 0.000000 0.695067 0.000000 -0.718945 0.205107 0.205107 0.205107
1788.926270 0.000000 2376.186768 0.000000 0.540566 0.000000 -0.841302 0.206364 0.206364 0.206364
1787.590332 0.000000 2375.496338 0.000000 0.003682 0.000000 -0.999993 0.209977 0.209977 0.209977
1767.339722 0.000000 2373.926270 0.000000 0.182506 0.000000 -0.983205 0.208832 0.208832 0.208832
1751.285645 0.000000 2412.054199 0.000000 0.237274 0.000000 -0.971443 0.208475 0.208475 0.208475
1772.345703 0.000000 2383.060303 0.000000 0.549291 0.000000 -0.835631 0.206298 0.206298 0.206298
1787.503784 0.000000 2374.249023 0.000000 0.187769 0.000000 -0.982213 0.208797 0.208797 0.208797
1770.844238 0.000000 2381.243652 0.000000 0.220539 0.000000 -0.975378 0.208584 0.208584 0.208584
1783.719727 0.000000 2376.373535 0.000000 0.206352 0.000000 -0.978478 0.208677 0.208677 0.208677
1781.270874 0.000000 2375.643799 0.000000 0.103769 0.000000 -0.994601 0.209338 0.209338 0.209338
1781.096558 0.000000 2386.254150 0.000000 0.096243 0.000000 -0.995358 0.209386 0.209386 0.209386
1769.855957 0.000000 2373.359375 0.000000 0.569857 0.000000 -0.821744 0.206140 0.206140 0.206140
1769.849365 0.000000 2383.015869 0.000000 0.685188 0.000000 -0.728366 0.205194 0.205194 0.205194
1781.144775 0.000000 2381.664795 0.000000 0.515493 0.000000 -0.856894 0.206552 0.206552 0.206552
1783.961548 0.000000 2374.036377 0.000000 0.532734 0.000000 -0.846283 0.206423 0.206423 0.206423
1787.256226 0.000000 2381.314209 0.000000 0.244048 0.000000 -0.969763 0.208430 0.208430 0.208430
1728.514038 0.000000 2444.908936 0.000000 0.426722 0.000000 -0.904383 0.207193 0.207193 0.207193
1746.230469 0.000000 2466.863770 0.000000 0.142542 0.000000 -0.989789 0.209089 0.209089 0.209089
1729.451538 0.000000 2438.220459 0.000000 0.214390 0.000000 -0.976748 0.208624 0.208624 0.208624
1742.979858 0.000000 2453.668213 0.000000 0.083715 0.000000 -0.996490 0.209466 0.209466 0.209466
1742.033691 0.000000 2434.718994 0.000000 0.796562 0.000000 -0.604557 0.180689 0.180689 0.180689
1745.033569 0.000000 2468.789062 0.000000 0.459270 0.000000 -0.888297 0.187252 0.187252 0.187252
1741.189209 0.000000 2437.082764 0.000000 0.036863 0.000000 -0.999320 0.209765 0.209765 0.209765
1731.049561 0.000000 2441.098877 0.000000 0.323382 0.000000 -0.946269 0.207904 0.207904 0.207904
1728.016235 0.000000 2437.480713 0.000000 0.456196 0.000000 -0.889880 0.206984 0.206984 0.206984
1757.209717 0.000000 2484.789307 0.000000 0.058229 0.000000 -0.998303 0.209629 0.209629 0.209629
1728.649170 0.000000 2443.743164 0.000000 0.261534 0.000000 -0.965194 0.208315 0.208315 0.208315
1824.448975 0.000000 2285.370361 0.000000 0.149829 0.000000 -0.988712 0.190305 0.190305 0.190305
1795.912964 0.000000 2270.311523 0.000000 0.695078 0.000000 -0.718934 0.205107 0.205107 0.205107
1830.385864 0.000000 2276.219971 0.000000 0.774514 0.000000 -0.632557 0.196918 0.196918 0.196918
1820.838379 0.000000 2284.442383 0.000000 0.652222 0.000000 -0.758028 0.205477 0.205477 0.205477
1798.935791 0.000000 2262.950928 0.000000 0.754886 0.000000 -0.655856 0.183927 0.183927 0.183927
1822.946045 0.000000 2287.838867 0.000000 0.698479 0.000000 -0.715630 0.205077 0.205077 0.205077
1822.609497 0.000000 2285.037598 0.000000 0.569755 0.000000 -0.821814 0.206141 0.206141 0.206141
1795.049561 0.000000 2271.645752 0.000000 0.457146 0.000000 -0.889392 0.206977 0.206977 0.206977
1794.210083 0.000000 2270.149902 0.000000 0.330496 0.000000 -0.943808 0.207856 0.207856 0.207856
1829.802124 0.000000 2277.651855 0.000000 0.398652 0.000000 -0.917102 0.207390 0.207390 0.207390
1796.601685 0.000000 2260.698486 0.000000 0.532374 0.000000 -0.846510 0.206426 0.206426 0.206426
1821.463379 0.000000 2285.450928 0.000000 0.449439 0.000000 -0.893311 0.207032 0.207032 0.207032
1819.823975 0.000000 2272.236572 0.000000 0.437255 0.000000 -0.899338 0.207119 0.207119 0.207119
1824.590820 0.000000 2286.515869 0.000000 0.780426 0.000000 -0.625249 0.204300 0.204300 0.204300
1819.200684 0.000000 2270.005127 0.000000 0.096236 0.000000 -0.995359 0.209386 0.209386 0.209386
1806.401855 0.000000 2357.555176 0.000000 0.445290 0.000000 -0.895386 0.184442 0.184442 0.184442
1823.330566 0.000000 2348.280518 0.000000 0.298297 0.000000 -0.954473 0.208072 0.208072 0.208072
1803.557495 0.000000 2355.807129 0.000000 0.380478 0.000000 -0.924790 0.190077 0.190077 0.190077
1826.937866 0.000000 2346.364502 0.000000 0.435020 0.000000 -0.900421 0.207135 0.207135 0.207135
1799.213501 0.000000 2410.543701 0.000000 0.197394 0.000000 -0.980324 0.175408 0.175408 0.175408
1795.912964 0.000000 2383.280273 0.000000 0.772326 0.000000 -0.635226 0.174612 0.174612 0.174612
1808.985107 0.000000 2394.519531 0.000000 0.563403 0.000000 -0.826182 0.204457 0.204457 0.204457
1809.688232 0.000000 2400.570557 0.000000 0.302629 0.000000 -0.953108 0.208043 0.208043 0.208043
1807.824707 0.000000 2395.790527 0.000000 0.570605 0.000000 -0.821225 0.192276 0.192276 0.192276
1806.835571 0.000000 2401.984375 0.000000 0.187276 0.000000 -0.982307 0.208801 0.208801 0.208801
1797.854248 0.000000 2407.096924 0.000000 0.600420 0.000000 -0.799685 0.205900 0.205900 0.205900
1704.074829 0.000000 2517.645508 0.000000 0.529234 0.000000 -0.848476 0.206450 0.206450 0.206450
1712.350952 0.000000 2494.221436 0.000000 0.607482 0.000000 -0.794334 0.205844 0.205844 0.205844
1747.771851 0.000000 2507.937988 0.000000 0.551167 0.000000 -0.834395 0.186060 0.186060 0.186060
1740.375244 0.000000 2539.980225 0.000000 0.700440 0.000000 -0.713712 0.188402 0.188402 0.188402
1746.128174 0.000000 2506.074219 0.000000 0.146485 0.000000 -0.989213 0.188568 0.188568 0.188568
1750.911865 0.000000 2526.302002 0.000000 0.090108 0.000000 -0.995932 0.209426 0.209426 0.209426
1738.618286 0.000000 2498.856934 0.000000 0.159539 0.000000 -0.987192 0.193760 0.193760 0.193760
1749.917603 0.000000 2529.574707 0.000000 0.166894 0.000000 -0.985975 0.208933 0.208933 0.208933
1753.304810 0.000000 2486.306152 0.000000 0.396140 0.000000 -0.918190 0.207407 0.207407 0.207407
1755.119873 0.000000 2487.261230 0.000000 0.381127 0.000000 -0.924523 0.207511 0.207511 0.207511
1738.378174 0.000000 2497.173828 0.000000 0.130700 0.000000 -0.991422 0.209166 0.209166 0.209166
1731.094727 0.000000 2540.096680 0.000000 0.129118 0.000000 -0.991629 0.209176 0.209176 0.209176
1748.708740 0.000000 2528.877930 0.000000 0.505972 0.000000 -0.862550 0.206623 0.206623 0.206623
1776.056396 0.000000 2536.519287 0.000000 0.264109 0.000000 -0.964493 0.208298 0.208298 0.208298
1775.887085 0.000000 2535.102295 0.000000 0.498663 0.000000 -0.866796 0.206676 0.206676 0.206676
1774.873413 0.000000 2534.413818 0.000000 0.763919 0.000000 -0.645312 0.204465 0.204465 0.204465
1724.008179 0.000000 2584.073975 0.000000 0.267716 0.000000 -0.963498 0.189606 0.189606 0.189606
1724.454834 0.000000 2582.135986 0.000000 0.040744 0.000000 -0.999170 0.209741 0.209741 0.209741
1698.559692 0.000000 2575.002441 0.000000 0.456935 0.000000 -0.889500 0.196543 0.196543 0.196543
1725.975830 0.000000 2582.482666 0.000000 0.163070 0.000000 -0.986615 0.208957 0.208957 0.208957
1699.506348 0.000000 2573.666992 0.000000 0.487953 0.000000 -0.872870 0.206755 0.206755 0.206755
1701.210327 0.000000 2573.878418 0.000000 0.569786 0.000000 -0.821793 0.206141 0.206141 0.206141
1698.937866 0.000000 2572.302002 0.000000 0.472272 0.000000 -0.881453 0.206869 0.206869 0.206869
1694.526123 0.000000 2586.252197 0.000000 0.459615 0.000000 -0.888119 0.206960 0.206960 0.206960
1742.873047 0.000000 2549.843994 0.000000 0.798693 0.000000 -0.601739 0.204111 0.204111 0.204111
1740.721313 0.000000 2580.121826 0.000000 0.699376 0.000000 -0.714754 0.205069 0.205069 0.205069
1786.561523 0.000000 2573.556152 0.000000 0.478956 0.000000 -0.877839 0.182489 0.182489 0.182489
1742.622803 0.000000 2546.508301 0.000000 0.378391 0.000000 -0.925646 0.207530 0.207530 0.207530
1741.796753 0.000000 2580.809814 0.000000 0.543285 0.000000 -0.839548 0.206344 0.206344 0.206344
1742.943481 0.000000 2582.391357 0.000000 0.716115 0.000000 -0.697983 0.204918 0.204918 0.204918
1697.062500 0.000000 2650.355225 0.000000 0.787066 0.000000 -0.616868 0.190502 0.190502 0.190502
1697.641846 0.000000 2616.359863 0.000000 0.553806 0.000000 -0.832646 0.189508 0.189508 0.189508
1727.814697 0.000000 2616.725830 0.000000 0.617998 0.000000 -0.786180 0.205759 0.205759 0.205759
1720.096558 0.000000 2625.925293 0.000000 0.023836 0.000000 -0.999716 0.209848 0.209848 0.209848
1700.742188 0.000000 2651.486328 0.000000 0.710385 0.000000 -0.703813 0.186024 0.186024 0.186024
1681.145752 0.000000 2600.835449 0.000000 0.685091 0.000000 -0.728458 0.192550 0.192550 0.192550
1720.710815 0.000000 2622.112793 0.000000 0.559714 0.000000 -0.828686 0.206218 0.206218 0.206218
1695.967773 0.000000 2616.480957 0.000000 0.358188 0.000000 -0.933649 0.207668 0.207668 0.207668
1775.447998 0.000000 2610.967041 0.000000 0.413709 0.000000 -0.910409 0.198575 0.198575 0.198575
1773.942993 0.000000 2620.222168 0.000000 0.576796 0.000000 -0.816888 0.202045 0.202045 0.202045
1754.245850 0.000000 2616.793213 0.000000 0.633272 0.000000 -0.773929 0.205634 0.205634 0.205634
1775.448120 0.000000 2622.788818 0.000000 0.585846 0.000000 -0.810422 0.206015 0.206015 0.206015
1771.311401 0.000000 2623.428955 0.000000 0.164288 0.000000 -0.986412 0.206023 0.206023 0.206023
1767.104736 0.000000 2610.174805 0.000000 0.174751 0.000000 -0.984613 0.208882 0.208882 0.208882
1776.891357 0.000000 2626.655273 0.000000 0.682166 0.000000 -0.731198 0.205221 0.205221 0.205221
1744.790405 0.000000 2606.436523 0.000000 0.672714 0.000000 -0.739902 0.199552 0.199552 0.199552
1775.029785 0.000000 2612.524658 0.000000 0.621183 0.000000 -0.783665 0.205733 0.205733 0.205733
1777.393677 0.000000 2622.111816 0.000000 0.444379 0.000000 -0.895839 0.207068 0.207068 0.207068
1734.164185 0.000000 2626.851074 0.000000 0.790205 0.000000 -0.612843 0.204199 0.204199 0.204199
1755.790405 0.000000 2617.034668 0.000000 0.156265 0.000000 -0.987715 0.209001 0.209001 0.209001
1776.063843 0.000000 2624.077148 0.000000 0.313373 0.000000 -0.949630 0.207971 0.207971 0.207971
1752.874268 0.000000 2616.296387 0.000000 0.158439 0.000000 -0.987369 0.208987 0.208987 0.208987
1813.353394 0.000000 2521.202393 0.000000 0.707616 0.000000 -0.706597 0.204995 0.204995 0.204995
1815.843750 0.000000 2523.652588 0.000000 0.367646 0.000000 -0.929966 0.207603 0.207603 0.207603
3806.060547 0.000000 2138.076660 0.000000 0.468253 0.000000 -0.883594 0.202261 0.202261 0.202261
3809.947754 0.000000 2139.395508 0.000000 0.061254 0.000000 -0.998122 0.209610 0.209610 0.209610
3812.620605 0.000000 2136.630371 0.000000 0.680482 0.000000 -0.732765 0.178791 0.178791 0.178791
3835.305908 0.000000 2139.700928 0.000000 0.803312 0.000000 -0.595559 0.204061 0.204061 0.204061
3831.867676 0.000000 2137.153564 0.000000 0.074831 0.000000 -0.997196 0.209523 0.209523 0.209523
3830.280518 0.000000 2136.501221 0.000000 0.119302 0.000000 -0.992858 0.209239 0.209239 0.209239
3821.470459 0.000000 2137.206299 0.000000 0.559927 0.000000 -0.828542 0.206217 0.206217 0.206217
3823.816406 0.000000 2135.710205 0.000000 0.466150 0.000000 -0.884706 0.206913 0.206913 0.206913
3832.732422 0.000000 2138.479004 0.000000 0.686423 0.000000 -0.727202 0.205184 0.205184 0.205184
3824.927490 0.000000 2134.937744 0.000000 0.565536 0.000000 -0.824724 0.206173 0.206173 0.206173
3835.012207 0.000000 2138.348633 0.000000 0.319145 0.000000 -0.947706 0.207932 0.207932 0.207932
3831.038086 0.000000 2137.921875 0.000000 0.217355 0.000000 -0.976093 0.208605 0.208605 0.208605
3869.958740 0.000000 2156.606689 0.000000 0.234336 0.000000 -0.972156 0.197398 0.197398 0.197398
3863.935547 0.000000 2183.461426 0.000000 0.762642 0.000000 -0.646821 0.197605 0.197605 0.197605
3864.077637 0.000000 2155.802734 0.000000 0.014507 0.000000 -0.999895 0.209908 0.209908 0.209908
3870.816895 0.000000 2160.843994 0.000000 0.561606 0.000000 -0.827405 0.206204 0.206204 0.206204
3874.508057 0.000000 2192.971924 0.000000 0.439115 0.000000 -0.898431 0.188542 0.188542 0.188542
3874.967773 0.000000 2181.148926 0.000000 0.429258 0.000000 -0.903182 0.187444 0.187444 0.187444
3867.504150 0.000000 2160.384521 0.000000 0.510040 0.000000 -0.860151 0.206593 0.206593 0.206593
3849.693359 0.000000 2155.468994 0.000000 0.225406 0.000000 -0.974265 0.208553 0.208553 0.208553
3862.351074 0.000000 2165.146729 0.000000 0.632069 0.000000 -0.774912 0.203340 0.203340 0.203340
3889.135254 0.000000 2173.243164 0.000000 0.155818 0.000000 -0.987786 0.202564 0.202564 0.202564
3848.131592 0.000000 2155.793945 0.000000 0.610979 0.000000 -0.791647 0.205816 0.205816 0.205816
3863.560547 0.000000 2163.932129 0.000000 0.109859 0.000000 -0.993947 0.209299 0.209299 0.209299
3894.835205 0.000000 2184.080811 0.000000 0.096074 0.000000 -0.995374 0.209387 0.209387 0.209387
3863.285645 0.000000 2186.116699 0.000000 0.349962 0.000000 -0.936764 0.207724 0.207724 0.207724
3851.238525 0.000000 2152.547363 0.000000 0.278213 0.000000 -0.960519 0.208205 0.208205 0.208205
3888.198730 0.000000 2170.078125 0.000000 0.708238 0.000000 -0.705974 0.204990 0.204990 0.204990
3990.249023 0.000000 2259.257812 0.000000 0.700991 0.000000 -0.713170 0.205055 0.205055 0.205055
3903.510498 0.000000 2284.111816 0.000000 0.781581 0.000000 -0.623804 0.204288 0.204288 0.204288
4031.510010 0.000000 2296.593506 0.000000 0.796548 0.000000 -0.604575 0.204133 0.204133 0.204133
4030.208984 0.000000 2296.035645 0.000000 0.109419 0.000000 -0.993996 0.209302 0.209302 0.209302
4041.604492 0.000000 2286.829346 0.000000 0.023664 0.000000 -0.999720 0.192803 0.192803 0.192803
4039.213623 0.000000 2297.574951 0.000000 0.238723 0.000000 -0.971088 0.208465 0.208465 0.208465
4090.520996 0.000000 2313.287598 0.000000 0.772406 0.000000 -0.635129 0.190069 0.190069 0.190069
4040.309326 0.000000 2288.168213 0.000000 0.478485 0.000000 -0.878096 0.206824 0.206824 0.206824
4037.351074 0.000000 2297.500977 0.000000 0.382538 0.000000 -0.923940 0.207501 0.207501 0.207501
4037.862793 0.000000 2295.239990 0.000000 0.063608 0.000000 -0.997975 0.209595 0.209595 0.209595
4039.350830 0.000000 2298.625977 0.000000 0.239850 0.000000 -0.970810 0.208458 0.208458 0.208458
2957.021240 0.000000 3252.238281 0.000000 0.735950 0.000000 -0.677036 0.200720 0.200720 0.200720
2954.235840 0.000000 3319.778076 0.000000 0.799076 0.000000 -0.601229 0.204106 0.204106 0.204106
2945.042969 0.000000 3308.594727 0.000000 0.603676 0.000000 -0.797230 0.190304 0.190304 0.190304
2954.665771 0.000000 3318.455322 0.000000 0.224016 0.000000 -0.974585 0.208562 0.208562 0.208562
2954.072266 0.000000 3388.750244 0.000000 0.418402 0.000000 -0.908262 0.178805 0.178805 0.178805
2968.641113 0.000000 3388.302734 0.000000 0.567219 0.000000 -0.823567 0.206160 0.206160 0.206160
2961.033691 0.000000 3372.539062 0.000000 0.741634 0.000000 -0.670804 0.189201 0.189201 0.189201
2974.288086 0.000000 3387.040527 0.000000 0.404675 0.000000 -0.914460 0.201540 0.201540 0.201540
2969.752441 0.000000 3388.955322 0.000000 0.210859 0.000000 -0.977516 0.208647 0.208647 0.208647
2962.134277 0.000000 3388.978271 0.000000 0.497567 0.000000 -0.867426 0.206685 0.206685 0.206685
2960.278564 0.000000 3402.618164 0.000000 0.765102 0.000000 -0.643910 0.186127 0.186127 0.186127
4572.380371 0.000000 789.147217 0.000000 0.556674 0.000000 -0.830731 0.180245 0.180245 0.180245
4580.144531 0.000000 783.258301 0.000000 0.693652 0.000000 -0.720310 0.191905 0.191905 0.191905
4581.294434 0.000000 779.252991 0.000000 0.731030 0.000000 -0.682346 0.204781 0.204781 0.204781
4595.824219 0.000000 778.631348 0.000000 0.359134 0.000000 -0.933286 0.206498 0.206498 0.206498
4604.104492 0.000000 787.950623 0.000000 0.802509 0.000000 -0.596641 0.204070 0.204070 0.204070
4579.429199 0.000000 784.467896 0.000000 0.267648 0.000000 -0.963517 0.207692 0.207692 0.207692
4578.454102 0.000000 775.318115 0.000000 0.175640 0.000000 -0.984454 0.208876 0.208876 0.208876
4590.953613 0.000000 787.696411 0.000000 0.657590 0.000000 -0.753376 0.205432 0.205432 0.205432
4510.961914 0.000000 791.742554 0.000000 0.262826 0.000000 -0.964843 0.174464 0.174464 0.174464
4510.608887 0.000000 796.320923 0.000000 0.169033 0.000000 -0.985610 0.194874 0.194874 0.194874
4573.958984 0.000000 800.981567 0.000000 0.617246 0.000000 -0.786770 0.205765 0.205765 0.205765
4604.013184 0.000000 805.645996 0.000000 0.461887 0.000000 -0.886939 0.176800 0.176800 0.176800
4577.049316 0.000000 792.031555 0.000000 0.471472 0.000000 -0.881881 0.206874 0.206874 0.206874
4569.598145 0.000000 814.412842 0.000000 0.433027 0.000000 -0.901381 0.207149 0.207149 0.207149
4594.317871 0.000000 795.234375 0.000000 0.032085 0.000000 -0.999485 0.192753 0.192753 0.192753
4574.725586 0.000000 794.373840 0.000000 0.170692 0.000000 -0.985325 0.208908 0.208908 0.208908
4574.945801 0.000000 819.245178 0.000000 0.283265 0.000000 -0.959042 0.208172 0.208172 0.208172
4598.588867 0.000000 843.964417 0.000000 0.459341 0.000000 -0.888260 0.195367 0.195367 0.195367
4570.057129 0.000000 826.244385 0.000000 0.529861 0.000000 -0.848084 0.206445 0.206445 0.206445
4573.325684 0.000000 795.256226 0.000000 0.200794 0.000000 -0.979633 0.208713 0.208713 0.208713
4563.704102 0.000000 804.545471 0.000000 0.474888 0.000000 -0.880046 0.206850 0.206850 0.206850
4565.229004 0.000000 804.873535 0.000000 0.272273 0.000000 -0.962220 0.208244 0.208244 0.208244
4607.025879 0.000000 840.146423 0.000000 0.508237 0.000000 -0.861217 0.206606 0.206606 0.206606
4606.321777 0.000000 809.113464 0.000000 0.478056 0.000000 -0.878329 0.206827 0.206827 0.206827
4562.930176 0.000000 814.643921 0.000000 0.564834 0.000000 -0.825205 0.206179 0.206179 0.206179
4562.172363 0.000000 815.928589 0.000000 0.110455 0.000000 -0.993881 0.209295 0.209295 0.209295
4570.256836 0.000000 795.506165 0.000000 0.773940 0.000000 -0.633259 0.204366 0.204366 0.204366
4569.534668 0.000000 800.343262 0.000000 0.127880 0.000000 -0.991790 0.209184 0.209184 0.209184
4549.475098 0.000000 799.057495 0.000000 0.115632 0.000000 -0.993292 0.209262 0.209262 0.209262
4606.572266 0.000000 841.299011 0.000000 0.548783 0.000000 -0.835965 0.206302 0.206302 0.206302
4589.243652 0.000000 799.643372 0.000000 0.441512 0.000000 -0.897256 0.207089 0.207089 0.207089
4607.644043 0.000000 846.801758 0.000000 0.436383 0.000000 -0.899761 0.207125 0.207125 0.207125
4575.684570 0.000000 794.916504 0.000000 0.429875 0.000000 -0.902888 0.207171 0.207171 0.207171
4597.566895 0.000000 859.727844 0.000000 0.142735 0.000000 -0.989761 0.209088 0.209088 0.209088
4600.473633 0.000000 855.396362 0.000000 0.666423 0.000000 -0.745574 0.205357 0.205357 0.205357
4572.928223 0.000000 865.145691 0.000000 0.424758 0.000000 -0.905307 0.200242 0.200242 0.200242
4599.794922 0.000000 860.271851 0.000000 0.577841 0.000000 -0.816149 0.206078 0.206078 0.206078
4601.360352 0.000000 858.522278 0.000000 0.603622 0.000000 -0.797271 0.205874 0.205874 0.205874
4594.395020 0.000000 877.282227 0.000000 0.784669 0.000000 -0.619914 0.204257 0.204257 0.204257
4603.502441 0.000000 859.263000 0.000000 0.146648 0.000000 -0.989189 0.209063 0.209063 0.209063
4574.652344 0.000000 859.351013 0.000000 0.739431 0.000000 -0.673233 0.188073 0.188073 0.188073
4593.237305 0.000000 860.472229 0.000000 0.780042 0.000000 -0.625728 0.204304 0.204304 0.204304
4601.206055 0.000000 856.892151 0.000000 0.224098 0.000000 -0.974567 0.208561 0.208561 0.208561
4554.378418 0.000000 859.127014 0.000000 0.696077 0.000000 -0.717967 0.205099 0.205099 0.205099
4576.131348 0.000000 852.385010 0.000000 0.793208 0.000000 -0.608951 0.202452 0.202452 0.202452
4598.485352 0.000000 872.679871 0.000000 0.477951 0.000000 -0.878386 0.206828 0.206828 0.206828
4600.379395 0.000000 861.646423 0.000000 0.393933 0.000000 -0.919139 0.207422 0.207422 0.207422
4598.609375 0.000000 875.114197 0.000000 0.488245 0.000000 -0.872706 0.206753 0.206753 0.206753
4578.581543 0.000000 866.445312 0.000000 0.219099 0.000000 -0.975703 0.208594 0.208594 0.208594
4574.425293 0.000000 854.149963 0.000000 0.755417 0.000000 -0.655244 0.204549 0.204549 0.204549
4594.572266 0.000000 871.980286 0.000000 0.153276 0.000000 -0.988183 0.209020 0.209020 0.209020
4603.590332 0.000000 850.418152 0.000000 0.683885 0.000000 -0.729590 0.205206 0.205206 0.205206
4554.359863 0.000000 855.083130 0.000000 0.369278 0.000000 -0.929319 0.207592 0.207592 0.207592
4599.424805 0.000000 871.534790 0.000000 0.386225 0.000000 -0.922405 0.207476 0.207476 0.207476
4597.270996 0.000000 850.565735 0.000000 0.606332 0.000000 -0.795211 0.205853 0.205853 0.205853
4607.246094 0.000000 883.275146 0.000000 0.662662 0.000000 -0.748919 0.205389 0.205389 0.205389
4604.871582 0.000000 876.460449 0.000000 0.018483 0.000000 -0.999829 0.209882 0.209882 0.209882
4592.334961 0.000000 863.368958 0.000000 0.731488 0.000000 -0.681854 0.204777 0.204777 0.204777
4595.089355 0.000000 876.262512 0.000000 0.780524 0.000000 -0.625126 0.204299 0.204299 0.204299
4597.144531 0.000000 856.586609 0.000000 0.117506 0.000000 -0.993072 0.209250 0.209250 0.209250
4593.310547 0.000000 876.735474 0.000000 0.220459 0.000000 -0.975396 0.208585 0.208585 0.208585
4590.356934 0.000000 864.562622 0.000000 0.425867 0.000000 -0.904786 0.207199 0.207199 0.207199
4587.277832 0.000000 860.278259 0.000000 0.022890 0.000000 -0.999738 0.209854 0.209854 0.209854
4606.282715 0.000000 863.386353 0.000000 0.576401 0.000000 -0.817167 0.206089 0.206089 0.206089
4602.572266 0.000000 847.301636 0.000000 0.469679 0.000000 -0.882837 0.206887 0.206887 0.206887
4601.725098 0.000000 879.768250 0.000000 0.161720 0.000000 -0.986837 0.208966 0.208966 0.208966
4591.740234 0.000000 862.404236 0.000000 0.095434 0.000000 -0.995436 0.209392 0.209392 0.209392
4579.712891 0.000000 864.046082 0.000000 0.574719 0.000000 -0.818351 0.206102 0.206102 0.206102
4596.906250 0.000000 853.518005 0.000000 0.635547 0.000000 -0.772062 0.205616 0.205616 0.205616
4614.507812 0.000000 786.388000 0.000000 0.509851 0.000000 -0.860263 0.184025 0.184025 0.184025
4654.880859 0.000000 784.832458 0.000000 0.019075 0.000000 -0.999818 0.203412 0.203412 0.203412
4609.843750 0.000000 780.676575 0.000000 0.152590 0.000000 -0.988290 0.204926 0.204926 0.204926
4620.970703 0.000000 781.282654 0.000000 0.550784 0.000000 -0.834648 0.200508 0.200508 0.200508
4621.467285 0.000000 782.943665 0.000000 0.138282 0.000000 -0.990393 0.209117 0.209117 0.209117
4654.797363 0.000000 786.099976 0.000000 0.759141 0.000000 -0.650926 0.204512 0.204512 0.204512
4625.722656 0.000000 842.958557 0.000000 0.127464 0.000000 -0.991843 0.209186 0.209186 0.209186
4635.635742 0.000000 813.831604 0.000000 0.686103 0.000000 -0.727504 0.205186 0.205186 0.205186
4647.299805 0.000000 837.160706 0.000000 0.737608 0.000000 -0.675229 0.174327 0.174327 0.174327
4631.408203 0.000000 802.619446 0.000000 0.389365 0.000000 -0.921083 0.179561 0.179561 0.179561
4622.650879 0.000000 841.122070 0.000000 0.233531 0.000000 -0.972349 0.208499 0.208499 0.208499
4634.245605 0.000000 809.293152 0.000000 0.395375 0.000000 -0.918520 0.207412 0.207412 0.207412
4644.952637 0.000000 831.258179 0.000000 0.474446 0.000000 -0.880284 0.206853 0.206853 0.206853
4624.382324 0.000000 846.597656 0.000000 0.298921 0.000000 -0.954278 0.208067 0.208067 0.208067
4633.618652 0.000000 842.458496 0.000000 0.118371 0.000000 -0.992969 0.209245 0.209245 0.209245
4637.739258 0.000000 812.244324 0.000000 0.569412 0.000000 -0.822052 0.200947 0.200947 0.200947
4624.905273 0.000000 844.680664 0.000000 0.362901 0.000000 -0.931828 0.207636 0.207636 0.207636
4637.418457 0.000000 840.778748 0.000000 0.429314 0.000000 -0.903155 0.194408 0.194408 0.194408
4644.099609 0.000000 829.099060 0.000000 0.655140 0.000000 -0.755507 0.205452 0.205452 0.205452
4611.095703 0.000000 806.231384 0.000000 0.540659 0.000000 -0.841242 0.196537 0.196537 0.196537
4611.050781 0.000000 794.175537 0.000000 0.682189 0.000000 -0.731176 0.195448 0.195448 0.195448
4634.869141 0.000000 812.230164 0.000000 0.232036 0.000000 -0.972707 0.208509 0.208509 0.208509
4632.030273 0.000000 804.086426 0.000000 0.564796 0.000000 -0.825231 0.198094 0.198094 0.198094
4633.909180 0.000000 807.867554 0.000000 0.318782 0.000000 -0.947828 0.207935 0.207935 0.207935
4655.286621 0.000000 792.554626 0.000000 0.493427 0.000000 -0.869787 0.206715 0.206715 0.206715
4632.470703 0.000000 813.529236 0.000000 0.779430 0.000000 -0.626489 0.204310 0.204310 0.204310
4620.955566 0.000000 846.645386 0.000000 0.355146 0.000000 -0.934811 0.207689 0.207689 0.207689
4634.370605 0.000000 813.371033 0.000000 0.468409 0.000000 -0.883512 0.206897 0.206897 0.206897
4623.939941 0.000000 845.479126 0.000000 0.028650 0.000000 -0.999590 0.209818 0.209818 0.209818
4619.890137 0.000000 841.514282 0.000000 0.490327 0.000000 -0.871539 0.206738 0.206738 0.206738
4633.064941 0.000000 841.419922 0.000000 0.176265 0.000000 -0.984343 0.208872 0.208872 0.208872
4625.432129 0.000000 845.912109 0.000000 0.765954 0.000000 -0.642895 0.204445 0.204445 0.204445
4622.558105 0.000000 843.654114 0.000000 0.690043 0.000000 -0.723769 0.205152 0.205152 0.205152
4633.314941 0.000000 843.510986 0.000000 0.733711 0.000000 -0.679462 0.204756 0.204756 0.204756
4673.515137 0.000000 819.966248 0.000000 0.508969 0.000000 -0.860785 0.206601 0.206601 0.206601
4617.604492 0.000000 874.720032 0.000000 0.196402 0.000000 -0.980524 0.208741 0.208741 0.208741
4628.832520 0.000000 859.845276 0.000000 0.112598 0.000000 -0.993641 0.209282 0.209282 0.209282
4623.671387 0.000000 848.794739 0.000000 0.413740 0.000000 -0.910395 0.207284 0.207284 0.207284
4648.756348 0.000000 852.732117 0.000000 0.692134 0.000000 -0.721769 0.205133 0.205133 0.205133
4636.161133 0.000000 895.877747 0.000000 0.231103 0.000000 -0.972929 0.208515 0.208515 0.208515
4635.504395 0.000000 861.244019 0.000000 0.474702 0.000000 -0.880147 0.205692 0.205692 0.205692
4633.774414 0.000000 896.964844 0.000000 0.124411 0.000000 -0.992231 0.209206 0.209206 0.209206
4613.832520 0.000000 879.131287 0.000000 0.634959 0.000000 -0.772546 0.205620 0.205620 0.205620
4635.877441 0.000000 858.756531 0.000000 0.302380 0.000000 -0.953188 0.208044 0.208044 0.208044
4649.963379 0.000000 854.794922 0.000000 0.751979 0.000000 -0.659187 0.204582 0.204582 0.204582
4644.560547 0.000000 861.321411 0.000000 0.681391 0.000000 -0.731919 0.205228 0.205228 0.205228
4624.985352 0.000000 869.441467 0.000000 0.732414 0.000000 -0.680860 0.204768 0.204768 0.204768
4621.306641 0.000000 871.817078 0.000000 0.667223 0.000000 -0.744858 0.205350 0.205350 0.205350
4626.929199 0.000000 852.739868 0.000000 0.221022 0.000000 -0.975269 0.208581 0.208581 0.208581
4620.241699 0.000000 849.530457 0.000000 0.375754 0.000000 -0.926720 0.207548 0.207548 0.207548
4642.977539 0.000000 861.765076 0.000000 0.595607 0.000000 -0.803276 0.205938 0.205938 0.205938
4629.229004 0.000000 861.357910 0.000000 0.292305 0.000000 -0.956325 0.208112 0.208112 0.208112
4629.555664 0.000000 851.350708 0.000000 0.360969 0.000000 -0.932578 0.207649 0.207649 0.207649
4641.853027 0.000000 859.030396 0.000000 0.679871 0.000000 -0.733332 0.205241 0.205241 0.205241
4630.338379 0.000000 860.248108 0.000000 0.346410 0.000000 -0.938083 0.207748 0.207748 0.207748
4641.699219 0.000000 860.695862 0.000000 0.482400 0.000000 -0.875951 0.206795 0.206795 0.206795
4632.030273 0.000000 860.570801 0.000000 0.604773 0.000000 -0.796398 0.205865 0.205865 0.205865
4645.106445 0.000000 859.863586 0.000000 0.411602 0.000000 -0.911364 0.207299 0.207299 0.207299
4629.918945 0.000000 858.773010 0.000000 0.791764 0.000000 -0.610827 0.204183 0.204183 0.204183
4612.846680 0.000000 862.172913 0.000000 0.512093 0.000000 -0.858930 0.206577 0.206577 0.206577
4614.267578 0.000000 871.705688 0.000000 0.272826 0.000000 -0.962063 0.208241 0.208241 0.208241
4640.240234 0.000000 861.235474 0.000000 0.201779 0.000000 -0.979431 0.208707 0.208707 0.208707
4613.850586 0.000000 865.044067 0.000000 0.756265 0.000000 -0.654266 0.204540 0.204540 0.204540
4635.304688 0.000000 892.404297 0.000000 0.210358 0.000000 -0.977624 0.208651 0.208651 0.208651
4632.230957 0.000000 862.274353 0.000000 0.201850 0.000000 -0.979416 0.208706 0.208706 0.208706
4626.397949 0.000000 869.400818 0.000000 0.718651 0.000000 -0.695371 0.204895 0.204895 0.204895
4634.769531 0.000000 895.939026 0.000000 0.119263 0.000000 -0.992863 0.209239 0.209239 0.209239
4617.525391 0.000000 869.313354 0.000000 0.089513 0.000000 -0.995986 0.209429 0.209429 0.209429
4611.455566 0.000000 865.946716 0.000000 0.732060 0.000000 -0.681240 0.204771 0.204771 0.204771
4638.022949 0.000000 890.678406 0.000000 0.564164 0.000000 -0.825663 0.206184 0.206184 0.206184
4627.737305 0.000000 853.747314 0.000000 0.543965 0.000000 -0.839108 0.206338 0.206338 0.206338
4612.220703 0.000000 864.620300 0.000000 0.802387 0.000000 -0.596804 0.204071 0.204071 0.204071
4642.554688 0.000000 856.979675 0.000000 0.545799 0.000000 -0.837916 0.206325 0.206325 0.206325
4628.231934 0.000000 871.053467 0.000000 0.429156 0.000000 -0.903230 0.207176 0.207176 0.207176
4636.472656 0.000000 892.781799 0.000000 0.327185 0.000000 -0.944960 0.207878 0.207878 0.207878
4634.770996 0.000000 856.866272 0.000000 0.515377 0.000000 -0.856963 0.206553 0.206553 0.206553
4640.728027 0.000000 858.474365 0.000000 0.176733 0.000000 -0.984259 0.208869 0.208869 0.208869
4622.047363 0.000000 874.462952 0.000000 0.732840 0.000000 -0.680401 0.204764 0.204764 0.204764
4632.507324 0.000000 894.790649 0.000000 0.253993 0.000000 -0.967206 0.208365 0.208365 0.208365
4633.064941 0.000000 897.904297 0.000000 0.022523 0.000000 -0.999746 0.209857 0.209857 0.209857
4609.121582 0.000000 864.374146 0.000000 0.686880 0.000000 -0.726771 0.205180 0.205180 0.205180
4620.748535 0.000000 852.960876 0.000000 0.380194 0.000000 -0.924907 0.207517 0.207517 0.207517
4645.454590 0.000000 876.449524 0.000000 0.060201 0.000000 -0.998186 0.209617 0.209617 0.209617
4613.924316 0.000000 862.905090 0.000000 0.423093 0.000000 -0.906086 0.207219 0.207219 0.207219
4636.939453 0.000000 890.878418 0.000000 0.646464 0.000000 -0.762945 0.205525 0.205525 0.205525
4636.950195 0.000000 895.130493 0.000000 0.058735 0.000000 -0.998274 0.209626 0.209626 0.209626
4635.200684 0.000000 857.895691 0.000000 0.021715 0.000000 -0.999764 0.209862 0.209862 0.209862
4539.305664 0.000000 953.528992 0.000000 0.293002 0.000000 -0.956112 0.195865 0.195865 0.195865
4536.427734 0.000000 955.620972 0.000000 0.181883 0.000000 -0.983320 0.197721 0.197721 0.197721
4543.025879 0.000000 953.115173 0.000000 0.428223 0.000000 -0.903673 0.207183 0.207183 0.207183
4540.439453 0.000000 952.803040 0.000000 0.648914 0.000000 -0.760862 0.205504 0.205504 0.205504
4538.917480 0.000000 950.996643 0.000000 0.123118 0.000000 -0.992392 0.209214 0.209214 0.209214
4535.218262 0.000000 955.886536 0.000000 0.237170 0.000000 -0.971468 0.208476 0.208476 0.208476
4540.564941 0.000000 954.119629 0.000000 0.229542 0.000000 -0.973299 0.208526 0.208526 0.208526
4560.939453 0.000000 919.678650 0.000000 0.592069 0.000000 -0.805887 0.172504 0.172504 0.172504
4558.686523 0.000000 918.341492 0.000000 0.330482 0.000000 -0.943812 0.207856 0.207856 0.207856
4563.362793 0.000000 931.737854 0.000000 0.222777 0.000000 -0.974869 0.185785 0.185785 0.185785
4607.814453 0.000000 922.194702 0.000000 0.043688 0.000000 -0.999045 0.182111 0.182111 0.182111
4580.144531 0.000000 952.711426 0.000000 0.066616 0.000000 -0.997779 0.182571 0.182571 0.182571
4579.522949 0.000000 948.395935 0.000000 0.786445 0.000000 -0.617661 0.183643 0.183643 0.183643
4603.815430 0.000000 922.469788 0.000000 0.654594 0.000000 -0.755981 0.195673 0.195673 0.195673
4557.704590 0.000000 916.576599 0.000000 0.401852 0.000000 -0.915704 0.207367 0.207367 0.207367
4572.161133 0.000000 952.362122 0.000000 0.292221 0.000000 -0.956351 0.189458 0.189458 0.189458
4601.814453 0.000000 922.592468 0.000000 0.206025 0.000000 -0.978547 0.208679 0.208679 0.208679
4555.735352 0.000000 947.803284 0.000000 0.135156 0.000000 -0.990824 0.207965 0.207965 0.207965
4559.446289 0.000000 919.768066 0.000000 0.157215 0.000000 -0.987564 0.208995 0.208995 0.208995
4556.607910 0.000000 940.685608 0.000000 0.446183 0.000000 -0.894942 0.207056 0.207056 0.207056
4544.421387 0.000000 947.273132 0.000000 0.151658 0.000000 -0.988433 0.209031 0.209031 0.209031
4607.365723 0.000000 913.715393 0.000000 0.467911 0.000000 -0.883775 0.206900 0.206900 0.206900
4546.176270 0.000000 941.683228 0.000000 0.407257 0.000000 -0.913313 0.207330 0.207330 0.207330
4575.121582 0.000000 935.010254 0.000000 0.709213 0.000000 -0.704994 0.204981 0.204981 0.204981
4579.980469 0.000000 951.543518 0.000000 0.350458 0.000000 -0.936578 0.207721 0.207721 0.207721
4561.980469 0.000000 943.005737 0.000000 0.268040 0.000000 -0.963408 0.208272 0.208272 0.208272
4604.196777 0.000000 913.519897 0.000000 0.642786 0.000000 -0.766046 0.205556 0.205556 0.205556
4543.510742 0.000000 984.971069 0.000000 0.784814 0.000000 -0.619731 0.180225 0.180225 0.180225
4535.044922 0.000000 999.322693 0.000000 0.214970 0.000000 -0.976621 0.179402 0.179402 0.179402
4536.096680 0.000000 987.878296 0.000000 0.395219 0.000000 -0.918587 0.207413 0.207413 0.207413
4541.382324 0.000000 990.536682 0.000000 0.045249 0.000000 -0.998976 0.199726 0.199726 0.199726
4503.366211 0.000000 962.887085 0.000000 0.455042 0.000000 -0.890470 0.194816 0.194816 0.194816
4592.587891 0.000000 980.487610 0.000000 0.670648 0.000000 -0.741776 0.195543 0.195543 0.195543
4575.330566 0.000000 992.655457 0.000000 0.119151 0.000000 -0.992876 0.184037 0.184037 0.184037
4549.729492 0.000000 1002.263245 0.000000 0.658540 0.000000 -0.752546 0.190463 0.190463 0.190463
4594.395020 0.000000 990.250977 0.000000 0.734900 0.000000 -0.678176 0.184672 0.184672 0.184672
4549.832520 0.000000 992.100037 0.000000 0.513627 0.000000 -0.858013 0.206566 0.206566 0.206566
4544.525879 0.000000 997.537476 0.000000 0.373952 0.000000 -0.927448 0.207560 0.207560 0.207560
4568.512695 0.000000 967.967285 0.000000 0.250848 0.000000 -0.968027 0.206635 0.206635 0.206635
4601.864746 0.000000 988.825562 0.000000 0.276017 0.000000 -0.961153 0.195388 0.195388 0.195388
4566.696289 0.000000 996.549072 0.000000 0.653775 0.000000 -0.756689 0.205464 0.205464 0.205464
4544.098633 0.000000 996.296936 0.000000 0.185510 0.000000 -0.982642 0.208812 0.208812 0.208812
4569.770020 0.000000 999.402161 0.000000 0.567401 0.000000 -0.823442 0.206159 0.206159 0.206159
4601.538086 0.000000 983.184875 0.000000 0.157052 0.000000 -0.987590 0.208996 0.208996 0.208996
4550.969727 0.000000 992.558472 0.000000 0.728232 0.000000 -0.685331 0.204807 0.204807 0.204807
4599.779785 0.000000 983.420532 0.000000 0.392654 0.000000 -0.919686 0.207431 0.207431 0.207431
4551.807129 0.000000 993.436035 0.000000 0.114125 0.000000 -0.993466 0.209272 0.209272 0.209272
4545.237793 0.000000 996.556396 0.000000 0.615335 0.000000 -0.788266 0.205780 0.205780 0.205780
4541.976074 0.000000 1057.404541 0.000000 0.787854 0.000000 -0.615862 0.204224 0.204224 0.204224
4588.376953 0.000000 1062.986450 0.000000 0.133515 0.000000 -0.991047 0.171067 0.171067 0.171067
4546.356934 0.000000 1021.616943 0.000000 0.486905 0.000000 -0.873455 0.206763 0.206763 0.206763
4544.090332 0.000000 1020.014343 0.000000 0.271750 0.000000 -0.962368 0.183748 0.183748 0.183748
4590.671387 0.000000 1063.173218 0.000000 0.609543 0.000000 -0.792753 0.205827 0.205827 0.205827
4589.747070 0.000000 1065.410278 0.000000 0.713197 0.000000 -0.700963 0.181982 0.181982 0.181982
4584.284180 0.000000 1055.185303 0.000000 0.588828 0.000000 -0.808258 0.192721 0.192721 0.192721
4567.366211 0.000000 1019.371460 0.000000 0.306105 0.000000 -0.951998 0.189956 0.189956 0.189956
4557.317383 0.000000 1069.946045 0.000000 0.502948 0.000000 -0.864317 0.206645 0.206645 0.206645
4544.523438 0.000000 1018.374817 0.000000 0.388724 0.000000 -0.921354 0.207458 0.207458 0.207458
4561.288086 0.000000 1021.799988 0.000000 0.291762 0.000000 -0.956491 0.208115 0.208115 0.208115
4581.577148 0.000000 1064.887329 0.000000 0.422734 0.000000 -0.906254 0.205480 0.205480 0.205480
4560.425781 0.000000 1067.421753 0.000000 0.337000 0.000000 -0.941505 0.207812 0.207812 0.207812
4564.440918 0.000000 1072.225342 0.000000 0.226916 0.000000 -0.973914 0.203285 0.203285 0.203285
4603.523926 0.000000 1030.178101 0.000000 0.781763 0.000000 -0.623576 0.204286 0.204286 0.204286
4593.352051 0.000000 1069.852417 0.000000 0.189053 0.000000 -0.981967 0.208789 0.208789 0.208789
4550.510254 0.000000 1033.319214 0.000000 0.382670 0.000000 -0.923885 0.207500 0.207500 0.207500
4590.797363 0.000000 1068.521851 0.000000 0.149905 0.000000 -0.988700 0.209042 0.209042 0.209042
4591.887207 0.000000 1066.508423 0.000000 0.748488 0.000000 -0.663149 0.204616 0.204616 0.204616
4561.011230 0.000000 1018.055908 0.000000 0.681288 0.000000 -0.732015 0.205228 0.205228 0.205228
4604.125488 0.000000 1027.613281 0.000000 0.128354 0.000000 -0.991728 0.209181 0.209181 0.209181
4597.096680 0.000000 1030.629150 0.000000 0.623077 0.000000 -0.782160 0.205718 0.205718 0.205718
4575.222656 0.000000 1070.553345 0.000000 0.215110 0.000000 -0.976590 0.208620 0.208620 0.208620
4563.400879 0.000000 1072.691772 0.000000 0.371500 0.000000 -0.928433 0.207577 0.207577 0.207577
4562.778809 0.000000 1023.737976 0.000000 0.483542 0.000000 -0.875321 0.206787 0.206787 0.206787
4607.022461 0.000000 1029.166748 0.000000 0.512164 0.000000 -0.858888 0.206577 0.206577 0.206577
4601.036621 0.000000 1030.245239 0.000000 0.612666 0.000000 -0.790342 0.205802 0.205802 0.205802
4564.805176 0.000000 1073.270630 0.000000 0.184131 0.000000 -0.982902 0.203557 0.203557 0.203557
4555.316406 0.000000 1074.120117 0.000000 0.261763 0.000000 -0.965132 0.208314 0.208314 0.208314
4547.916016 0.000000 1077.816162 0.000000 0.058672 0.000000 -0.998277 0.209626 0.209626 0.209626
4558.511719 0.000000 1083.837524 0.000000 0.085430 0.000000 -0.996344 0.209455 0.209455 0.209455
4553.453613 0.000000 1085.873413 0.000000 0.013614 0.000000 -0.999907 0.209913 0.209913 0.209913
4562.082520 0.000000 1073.265381 0.000000 0.253063 0.000000 -0.967450 0.208371 0.208371 0.208371
4628.832520 0.000000 916.329651 0.000000 0.788479 0.000000 -0.615062 0.187628 0.187628 0.187628
4621.612305 0.000000 906.878601 0.000000 0.233533 0.000000 -0.972349 0.208499 0.208499 0.208499
4642.087402 0.000000 928.805237 0.000000 0.292053 0.000000 -0.956402 0.208113 0.208113 0.208113
4637.325684 0.000000 908.224976 0.000000 0.045245 0.000000 -0.998976 0.209712 0.209712 0.209712
4625.288086 0.000000 908.831238 0.000000 0.456344 0.000000 -0.889803 0.206983 0.206983 0.206983
4627.350098 0.000000 906.103882 0.000000 0.657984 0.000000 -0.753032 0.203126 0.203126 0.203126
4620.241699 0.000000 906.014832 0.000000 0.130122 0.000000 -0.991498 0.209169 0.209169 0.209169
4637.055664 0.000000 909.763794 0.000000 0.559706 0.000000 -0.828691 0.206218 0.206218 0.206218
4623.104980 0.000000 906.652588 0.000000 0.743060 0.000000 -0.669225 0.204667 0.204667 0.204667
4645.085938 0.000000 930.120911 0.000000 0.393526 0.000000 -0.919313 0.207425 0.207425 0.207425
4622.623047 0.000000 908.461304 0.000000 0.323937 0.000000 -0.946079 0.207900 0.207900 0.207900
4614.395508 0.000000 990.290039 0.000000 0.804527 0.000000 -0.593916 0.174327 0.174327 0.174327
4694.351074 0.000000 978.974792 0.000000 0.532612 0.000000 -0.846360 0.206424 0.206424 0.206424
4697.534668 0.000000 969.796387 0.000000 0.420858 0.000000 -0.907127 0.207235 0.207235 0.207235
4842.281250 0.000000 1002.446106 0.000000 0.420560 0.000000 -0.907265 0.190402 0.190402 0.190402
4858.250000 0.000000 993.726318 0.000000 0.241869 0.000000 -0.970309 0.208445 0.208445 0.208445
4804.298828 0.000000 1016.132812 0.000000 0.345568 0.000000 -0.938394 0.207754 0.207754 0.207754
4842.410156 0.000000 1001.270142 0.000000 0.170085 0.000000 -0.985429 0.208912 0.208912 0.208912
4608.712402 0.000000 1034.939697 0.000000 0.112519 0.000000 -0.993650 0.209282 0.209282 0.209282
4611.049316 0.000000 1028.989624 0.000000 0.291914 0.000000 -0.956445 0.208114 0.208114 0.208114
4613.597656 0.000000 1030.186401 0.000000 0.355748 0.000000 -0.934582 0.207685 0.207685 0.207685
4609.312988 0.000000 1036.204346 0.000000 0.622322 0.000000 -0.782762 0.205724 0.205724 0.205724
4608.405762 0.000000 1026.494751 0.000000 0.501084 0.000000 -0.865398 0.206659 0.206659 0.206659
4791.122559 0.000000 1021.861633 0.000000 0.142323 0.000000 -0.989820 0.209091 0.209091 0.209091
4790.041992 0.000000 1016.761047 0.000000 0.008110 0.000000 -0.999967 0.209948 0.209948 0.209948
4819.236816 0.000000 1028.041870 0.000000 0.401609 0.000000 -0.915811 0.185296 0.185296 0.185296
4801.657715 0.000000 1017.222473 0.000000 0.419149 0.000000 -0.907917 0.207247 0.207247 0.207247
4817.250000 0.000000 1029.399658 0.000000 0.140155 0.000000 -0.990130 0.209105 0.209105 0.209105
4867.597168 0.000000 985.340942 0.000000 0.232163 0.000000 -0.972677 0.198579 0.198579 0.198579
4870.813965 0.000000 981.998413 0.000000 0.344504 0.000000 -0.938785 0.207761 0.207761 0.207761
5119.697754 0.000000 948.474121 0.000000 0.154096 0.000000 -0.988056 0.207259 0.207259 0.207259
5117.282227 0.000000 947.705200 0.000000 0.756276 0.000000 -0.654253 0.197092 0.197092 0.197092
5118.675293 0.000000 955.501099 0.000000 0.394484 0.000000 -0.918903 0.207418 0.207418 0.207418
5118.913574 0.000000 949.788513 0.000000 0.435765 0.000000 -0.900061 0.205389 0.205389 0.205389
5117.658691 0.000000 995.550110 0.000000 0.054802 0.000000 -0.998497 0.193795 0.193795 0.193795
5116.008301 0.000000 1002.511536 0.000000 0.733725 0.000000 -0.679446 0.197300 0.197300 0.197300
5119.374512 0.000000 1000.329895 0.000000 0.518414 0.000000 -0.855130 0.206530 0.206530 0.206530
5115.529785 0.000000 960.881348 0.000000 0.361825 0.000000 -0.932246 0.204153 0.204153 0.204153
5113.007324 0.000000 1005.894897 0.000000 0.776228 0.000000 -0.630452 0.184309 0.184309 0.184309
5108.393066 0.000000 982.627991 0.000000 0.261087 0.000000 -0.965315 0.208318 0.208318 0.208318
5116.180664 0.000000 994.336914 0.000000 0.355242 0.000000 -0.934775 0.191980 0.191980 0.191980
5115.262207 0.000000 982.370361 0.000000 0.572363 0.000000 -0.820000 0.188799 0.188799 0.188799
5113.001953 0.000000 995.666382 0.000000 0.295629 0.000000 -0.955303 0.208089 0.208089 0.208089
5119.210449 0.000000 994.836182 0.000000 0.000603 0.000000 -1.000000 0.209996 0.209996 0.209996
5110.203613 0.000000 1000.564819 0.000000 0.618622 0.000000 -0.785689 0.205754 0.205754 0.205754
5110.834961 0.000000 997.908936 0.000000 0.720226 0.000000 -0.693739 0.204881 0.204881 0.204881
5108.695801 0.000000 996.338074 0.000000 0.752665 0.000000 -0.658403 0.204575 0.204575 0.204575
5108.887695 0.000000 983.821472 0.000000 0.408747 0.000000 -0.912648 0.207319 0.207319 0.207319
5111.338379 0.000000 992.758606 0.000000 0.023441 0.000000 -0.999725 0.209851 0.209851 0.209851
5111.950684 0.000000 998.418396 0.000000 0.733621 0.000000 -0.679558 0.204757 0.204757 0.204757
5119.246094 0.000000 996.243896 0.000000 0.051215 0.000000 -0.998688 0.209674 0.209674 0.209674
5111.669922 0.000000 993.898987 0.000000 0.788646 0.000000 -0.614848 0.204216 0.204216 0.204216
5113.725098 0.000000 992.737000 0.000000 0.304055 0.000000 -0.952655 0.208033 0.208033 0.208033
5112.785645 0.000000 988.758545 0.000000 0.345814 0.000000 -0.938303 0.207752 0.207752 0.207752
5119.416504 0.000000 1023.943726 0.000000 0.418736 0.000000 -0.908108 0.197380 0.197380 0.197380
4361.808105 0.000000 1735.698364 0.000000 0.322232 0.000000 -0.946661 0.183451 0.183451 0.183451
4357.933594 0.000000 1735.367920 0.000000 0.649246 0.000000 -0.760579 0.205502 0.205502 0.205502
4539.000977 0.000000 1788.816650 0.000000 0.320909 0.000000 -0.947110 0.207920 0.207920 0.207920
4543.697754 0.000000 1795.739746 0.000000 0.480122 0.000000 -0.877202 0.177847 0.177847 0.177847
4540.454590 0.000000 1791.354736 0.000000 0.541440 0.000000 -0.840740 0.206358 0.206358 0.206358
4542.710938 0.000000 1789.242065 0.000000 0.795963 0.000000 -0.605345 0.204139 0.204139 0.204139
4521.785156 0.000000 1785.098877 0.000000 0.666428 0.000000 -0.745569 0.205356 0.205356 0.205356
4542.400879 0.000000 1790.566284 0.000000 0.590808 0.000000 -0.806812 0.205976 0.205976 0.205976
4554.780273 0.000000 1785.799438 0.000000 0.808975 0.000000 -0.587843 0.198286 0.198286 0.198286
4544.850586 0.000000 1791.580322 0.000000 0.644219 0.000000 -0.764841 0.204968 0.204968 0.204968
4546.009277 0.000000 1772.064331 0.000000 0.120194 0.000000 -0.992750 0.209233 0.209233 0.209233
4545.237793 0.000000 1787.337646 0.000000 0.159166 0.000000 -0.987252 0.208982 0.208982 0.208982
4545.148926 0.000000 1775.164795 0.000000 0.058863 0.000000 -0.998266 0.209625 0.209625 0.209625
4544.352051 0.000000 1789.401367 0.000000 0.375876 0.000000 -0.926670 0.207547 0.207547 0.207547
4657.314941 0.000000 1398.323242 0.000000 0.032797 0.000000 -0.999462 0.209204 0.209204 0.209204
4659.824219 0.000000 1399.959473 0.000000 0.804895 0.000000 -0.593417 0.204044 0.204044 0.204044
4658.908203 0.000000 1394.390869 0.000000 0.713256 0.000000 -0.700904 0.200926 0.200926 0.200926
4659.748047 0.000000 1397.080322 0.000000 0.503482 0.000000 -0.864006 0.206641 0.206641 0.206641
4654.890137 0.000000 1391.879761 0.000000 0.633699 0.000000 -0.773580 0.205631 0.205631 0.205631
4655.144043 0.000000 1393.349609 0.000000 0.806529 0.000000 -0.591194 0.204027 0.204027 0.204027
4668.727539 0.000000 1414.603882 0.000000 0.684145 0.000000 -0.729346 0.187385 0.187385 0.187385
4971.722656 0.000000 1410.948242 0.000000 0.517448 0.000000 -0.855715 0.206538 0.206538 0.206538
4953.742188 0.000000 1384.676270 0.000000 0.594388 0.000000 -0.804178 0.203063 0.203063 0.203063
4970.690430 0.000000 1411.668213 0.000000 0.611246 0.000000 -0.791441 0.205813 0.205813 0.205813
5126.953125 0.000000 939.360229 0.000000 0.244634 0.000000 -0.969615 0.197918 0.197918 0.197918
5139.524902 0.000000 940.683838 0.000000 0.557708 0.000000 -0.830037 0.206234 0.206234 0.206234
5136.512207 0.000000 939.495361 0.000000 0.784894 0.000000 -0.619630 0.204254 0.204254 0.204254
5121.017578 0.000000 986.927429 0.000000 0.633961 0.000000 -0.773365 0.174525 0.174525 0.174525
5142.782715 0.000000 967.537720 0.000000 0.028577 0.000000 -0.999592 0.179844 0.179844 0.179844
5122.575684 0.000000 1001.361450 0.000000 0.780171 0.000000 -0.625567 0.194574 0.194574 0.194574
5134.401855 0.000000 1001.930237 0.000000 0.488615 0.000000 -0.872500 0.195747 0.195747 0.195747
5135.799805 0.000000 1003.298218 0.000000 0.123219 0.000000 -0.992380 0.196321 0.196321 0.196321
5135.325195 0.000000 995.242798 0.000000 0.541886 0.000000 -0.840452 0.190748 0.190748 0.190748
5125.832520 0.000000 992.100037 0.000000 0.386349 0.000000 -0.922353 0.190040 0.190040 0.190040
5124.140625 0.000000 1001.802246 0.000000 0.633298 0.000000 -0.773908 0.192386 0.192386 0.192386
5123.329590 0.000000 995.662659 0.000000 0.405520 0.000000 -0.914086 0.202696 0.202696 0.202696
5132.607910 0.000000 997.169983 0.000000 0.525216 0.000000 -0.850969 0.206480 0.206480 0.206480
5121.280273 0.000000 994.083740 0.000000 0.769797 0.000000 -0.638288 0.204407 0.204407 0.204407
5122.500488 0.000000 1036.462769 0.000000 0.679832 0.000000 -0.733368 0.193743 0.193743 0.193743
5126.395508 0.000000 1046.774414 0.000000 0.755724 0.000000 -0.654890 0.204546 0.204546 0.204546
5125.141602 0.000000 1042.224976 0.000000 0.476837 0.000000 -0.878992 0.206836 0.206836 0.206836
5122.069824 0.000000 1041.540405 0.000000 0.032024 0.000000 -0.999487 0.185702 0.185702 0.185702
5136.098633 0.000000 1026.478271 0.000000 0.521855 0.000000 -0.853034 0.206505 0.206505 0.206505
5130.618164 0.000000 1030.263184 0.000000 0.532116 0.000000 -0.846671 0.206428 0.206428 0.206428
5134.777344 0.000000 1036.970947 0.000000 0.668001 0.000000 -0.744161 0.190388 0.190388 0.190388
5127.546875 0.000000 1048.023560 0.000000 0.404471 0.000000 -0.914551 0.192829 0.192829 0.192829
5128.953125 0.000000 1042.649414 0.000000 0.233592 0.000000 -0.972335 0.208499 0.208499 0.208499
5139.704102 0.000000 1030.483032 0.000000 0.807995 0.000000 -0.589190 0.196582 0.196582 0.196582
5131.761719 0.000000 1041.128418 0.000000 0.393710 0.000000 -0.919235 0.207424 0.207424 0.207424
5126.813965 0.000000 1038.482788 0.000000 0.729890 0.000000 -0.683565 0.204791 0.204791 0.204791
5127.500488 0.000000 1036.015137 0.000000 0.721628 0.000000 -0.692281 0.204868 0.204868 0.204868
5126.510254 0.000000 1033.319214 0.000000 0.703333 0.000000 -0.710861 0.205034 0.205034 0.205034
5124.788086 0.000000 1039.219604 0.000000 0.544113 0.000000 -0.839012 0.206337 0.206337 0.206337
5133.344238 0.000000 1031.008423 0.000000 0.021072 0.000000 -0.999778 0.209866 0.209866 0.209866
5127.754395 0.000000 1046.685059 0.000000 0.016314 0.000000 -0.999867 0.209896 0.209896 0.209896
5126.218750 0.000000 1035.792847 0.000000 0.807703 0.000000 -0.589590 0.204014 0.204014 0.204014
5124.220703 0.000000 1034.073486 0.000000 0.476713 0.000000 -0.879059 0.206837 0.206837 0.206837
5128.409180 0.000000 1031.538208 0.000000 0.508604 0.000000 -0.861001 0.206603 0.206603 0.206603
5125.575684 0.000000 1038.067261 0.000000 0.197853 0.000000 -0.980232 0.208732 0.208732 0.208732
5134.511719 0.000000 1027.353149 0.000000 0.637171 0.000000 -0.770723 0.205602 0.205602 0.205602
5135.853516 0.000000 1031.456055 0.000000 0.512572 0.000000 -0.858644 0.206574 0.206574 0.206574
5127.767090 0.000000 1042.721558 0.000000 0.490144 0.000000 -0.871642 0.206739 0.206739 0.206739
5137.250000 0.000000 1029.399658 0.000000 0.792544 0.000000 -0.609815 0.204175 0.204175 0.204175
4860.832520 0.000000 2009.274902 0.000000 0.449507 0.000000 -0.893277 0.177456 0.177456 0.177456
4863.814453 0.000000 1995.397827 0.000000 0.718969 0.000000 -0.695042 0.179066 0.179066 0.179066
4855.405273 0.000000 2011.806274 0.000000 0.651247 0.000000 -0.758866 0.205485 0.205485 0.205485
4897.062500 0.000000 1916.058350 0.000000 0.163147 0.000000 -0.986602 0.178520 0.178520 0.178520
4910.880859 0.000000 1914.520020 0.000000 0.490620 0.000000 -0.871374 0.182993 0.182993 0.182993
4906.913086 0.000000 1917.984619 0.000000 0.245832 0.000000 -0.969312 0.208419 0.208419 0.208419
4899.546875 0.000000 1916.944458 0.000000 0.738943 0.000000 -0.673768 0.204707 0.204707 0.204707
4904.832520 0.000000 1923.969849 0.000000 0.720649 0.000000 -0.693300 0.161836 0.161836 0.161836
4886.478027 0.000000 1955.362061 0.000000 0.700248 0.000000 -0.713900 0.163130 0.163130 0.163130
4889.916992 0.000000 1965.234985 0.000000 0.047055 0.000000 -0.998892 0.177981 0.177981 0.177981
4925.638184 0.000000 1940.192017 0.000000 0.082779 0.000000 -0.996568 0.193043 0.193043 0.193043
4878.389160 0.000000 1953.853516 0.000000 0.726073 0.000000 -0.687618 0.186467 0.186467 0.186467
4887.885254 0.000000 1946.248901 0.000000 0.428248 0.000000 -0.903661 0.184549 0.184549 0.184549
4911.135742 0.000000 1936.524902 0.000000 0.314668 0.000000 -0.949202 0.189904 0.189904 0.189904
4886.604004 0.000000 1958.998413 0.000000 0.307968 0.000000 -0.951397 0.208007 0.208007 0.208007
4918.362793 0.000000 1954.110474 0.000000 0.540110 0.000000 -0.841595 0.206368 0.206368 0.206368
4884.841797 0.000000 1955.034912 0.000000 0.492234 0.000000 -0.870463 0.206724 0.206724 0.206724
4882.728027 0.000000 1954.626831 0.000000 0.462139 0.000000 -0.886808 0.206942 0.206942 0.206942
4913.393555 0.000000 1944.299316 0.000000 0.348088 0.000000 -0.937462 0.207737 0.207737 0.207737
4912.663086 0.000000 1939.124634 0.000000 0.281176 0.000000 -0.959656 0.208186 0.208186 0.208186
4885.353516 0.000000 1956.358521 0.000000 0.053643 0.000000 -0.998560 0.209658 0.209658 0.209658
4910.744141 0.000000 1946.122192 0.000000 0.048892 0.000000 -0.998804 0.209689 0.209689 0.209689
4914.572266 0.000000 1945.183472 0.000000 0.389700 0.000000 -0.920942 0.207452 0.207452 0.207452
4926.841797 0.000000 1975.000977 0.000000 0.721102 0.000000 -0.692828 0.204873 0.204873 0.204873
4916.467773 0.000000 1941.593506 0.000000 0.756417 0.000000 -0.654090 0.204539 0.204539 0.204539
4924.439453 0.000000 1969.521729 0.000000 0.445949 0.000000 -0.895058 0.207057 0.207057 0.207057
4915.413574 0.000000 1940.019287 0.000000 0.641150 0.000000 -0.767415 0.205569 0.205569 0.205569
4922.264648 0.000000 1971.106689 0.000000 0.172962 0.000000 -0.984929 0.208893 0.208893 0.208893
4926.572266 0.000000 1970.986572 0.000000 0.494031 0.000000 -0.869444 0.206710 0.206710 0.206710
4887.342773 0.000000 1945.209229 0.000000 0.028259 0.000000 -0.999601 0.209820 0.209820 0.209820
4882.317871 0.000000 1955.711426 0.000000 0.313489 0.000000 -0.949592 0.207970 0.207970 0.207970
4920.785645 0.000000 1948.992920 0.000000 0.240609 0.000000 -0.970622 0.208453 0.208453 0.208453
4928.517090 0.000000 1970.245728 0.000000 0.101543 0.000000 -0.994831 0.209352 0.209352 0.209352
4933.809082 0.000000 1975.951904 0.000000 0.205616 0.000000 -0.978633 0.208097 0.208097 0.208097
4931.597168 0.000000 1945.575317 0.000000 0.351976 0.000000 -0.936009 0.200728 0.200728 0.200728
4873.084961 0.000000 1987.770996 0.000000 0.245802 0.000000 -0.969320 0.196743 0.196743 0.196743
4897.412109 0.000000 1991.910278 0.000000 0.008802 0.000000 -0.999961 0.209944 0.209944 0.209944
4875.442871 0.000000 1994.761719 0.000000 0.722417 0.000000 -0.691458 0.178464 0.178464 0.178464
4897.641602 0.000000 1995.031738 0.000000 0.394388 0.000000 -0.918944 0.207419 0.207419 0.207419
4903.465820 0.000000 1986.838867 0.000000 0.685067 0.000000 -0.728480 0.205195 0.205195 0.205195
4876.062012 0.000000 1998.258545 0.000000 0.777639 0.000000 -0.628711 0.198605 0.198605 0.198605
4900.749023 0.000000 1986.322632 0.000000 0.075850 0.000000 -0.997119 0.209517 0.209517 0.209517
4877.642090 0.000000 1998.604736 0.000000 0.319713 0.000000 -0.947514 0.202104 0.202104 0.202104
4872.993164 0.000000 1980.079834 0.000000 0.067361 0.000000 -0.997729 0.209571 0.209571 0.209571
4874.256348 0.000000 1981.183838 0.000000 0.024016 0.000000 -0.999712 0.205732 0.205732 0.205732
4897.853027 0.000000 1988.717896 0.000000 0.161527 0.000000 -0.986868 0.208967 0.208967 0.208967
4902.707031 0.000000 1985.510376 0.000000 0.466886 0.000000 -0.884317 0.198214 0.198214 0.198214
4865.639160 0.000000 2012.159546 0.000000 0.756512 0.000000 -0.653980 0.204538 0.204538 0.204538
4873.676758 0.000000 1991.629639 0.000000 0.400344 0.000000 -0.916365 0.207378 0.207378 0.207378
4896.240234 0.000000 1990.922974 0.000000 0.099586 0.000000 -0.995029 0.209365 0.209365 0.209365
4927.883789 0.000000 2015.692627 0.000000 0.637705 0.000000 -0.770281 0.205598 0.205598 0.205598
4924.055664 0.000000 1982.870483 0.000000 0.218076 0.000000 -0.975932 0.208600 0.208600 0.208600
4902.002930 0.000000 1978.614746 0.000000 0.720635 0.000000 -0.693314 0.204877 0.204877 0.204877
4927.423340 0.000000 1980.428345 0.000000 0.154959 0.000000 -0.987921 0.209010 0.209010 0.209010
4885.353516 0.000000 2012.842896 0.000000 0.645854 0.000000 -0.763461 0.205530 0.205530 0.205530
4864.098633 0.000000 2013.015747 0.000000 0.794287 0.000000 -0.607542 0.204157 0.204157 0.204157
4872.616211 0.000000 1994.196777 0.000000 0.030425 0.000000 -0.999537 0.209806 0.209806 0.209806
4878.689941 0.000000 2013.297485 0.000000 0.267365 0.000000 -0.963595 0.208277 0.208277 0.208277
4927.246094 0.000000 2012.962646 0.000000 0.285086 0.000000 -0.958502 0.208160 0.208160 0.208160
4881.206543 0.000000 2014.284546 0.000000 0.007556 0.000000 -0.999971 0.209952 0.209952 0.209952
4864.489258 0.000000 2008.375122 0.000000 0.507619 0.000000 -0.861582 0.206611 0.206611 0.206611
4882.317871 0.000000 2012.195801 0.000000 0.627511 0.000000 -0.778608 0.205681 0.205681 0.205681
4900.323242 0.000000 1987.453857 0.000000 0.699814 0.000000 -0.714325 0.205065 0.205065 0.205065
4869.862793 0.000000 2012.817993 0.000000 0.704991 0.000000 -0.709216 0.205019 0.205019 0.205019
4928.523438 0.000000 1978.609131 0.000000 0.524157 0.000000 -0.851622 0.200704 0.200704 0.200704
4929.598145 0.000000 1980.518921 0.000000 0.247294 0.000000 -0.968940 0.208409 0.208409 0.208409
4928.042480 0.000000 2010.384277 0.000000 0.760225 0.000000 -0.649659 0.204502 0.204502 0.204502
4823.339844 0.000000 2178.813721 0.000000 0.408115 0.000000 -0.912931 0.207324 0.207324 0.207324
4820.821777 0.000000 2177.517334 0.000000 0.185346 0.000000 -0.982673 0.192436 0.192436 0.192436
4815.325195 0.000000 2181.414795 0.000000 0.392496 0.000000 -0.919754 0.190582 0.190582 0.190582
4839.104492 0.000000 2158.299805 0.000000 0.446659 0.000000 -0.894704 0.197773 0.197773 0.197773
4824.422363 0.000000 2176.106445 0.000000 0.145869 0.000000 -0.989304 0.209068 0.209068 0.209068
4833.519531 0.000000 2154.267334 0.000000 0.386165 0.000000 -0.922430 0.197015 0.197015 0.197015
4837.106445 0.000000 2159.004150 0.000000 0.048454 0.000000 -0.998825 0.209691 0.209691 0.209691
4834.554688 0.000000 2156.120361 0.000000 0.425700 0.000000 -0.904865 0.207201 0.207201 0.207201
4839.854004 0.000000 2157.454834 0.000000 0.471154 0.000000 -0.882051 0.206877 0.206877 0.206877
4824.817383 0.000000 2179.439941 0.000000 0.163377 0.000000 -0.986564 0.208955 0.208955 0.208955
4872.309570 0.000000 2062.230713 0.000000 0.217427 0.000000 -0.976077 0.195749 0.195749 0.195749
4868.693359 0.000000 2066.077881 0.000000 0.136659 0.000000 -0.990618 0.209127 0.209127 0.209127
4110.650879 0.000000 2366.200195 0.000000 0.260498 0.000000 -0.965474 0.199569 0.199569 0.199569
4102.936035 0.000000 2319.435303 0.000000 0.670869 0.000000 -0.741576 0.205318 0.205318 0.205318
4108.251465 0.000000 2322.695557 0.000000 0.782625 0.000000 -0.622494 0.198556 0.198556 0.198556
4109.188965 0.000000 2324.114014 0.000000 0.356668 0.000000 -0.934231 0.207678 0.207678 0.207678
4321.680176 0.000000 2371.687012 0.000000 0.520675 0.000000 -0.853755 0.196680 0.196680 0.196680
4121.304688 0.000000 2373.337402 0.000000 0.449942 0.000000 -0.893058 0.207029 0.207029 0.207029
4321.491699 0.000000 2378.239014 0.000000 0.323665 0.000000 -0.946172 0.179949 0.179949 0.179949
4312.077637 0.000000 2381.740234 0.000000 0.800605 0.000000 -0.599193 0.180651 0.180651 0.180651
4315.442383 0.000000 2380.766602 0.000000 0.376323 0.000000 -0.926488 0.207544 0.207544 0.207544
5095.778320 0.000000 2597.631836 0.000000 0.423678 0.000000 -0.905813 0.207215 0.207215 0.207215
5103.350098 0.000000 2596.540039 0.000000 0.764911 0.000000 -0.644136 0.204456 0.204456 0.204456
5099.722656 0.000000 2597.120117 0.000000 0.360963 0.000000 -0.932580 0.207649 0.207649 0.207649
5097.205566 0.000000 2598.253174 0.000000 0.558749 0.000000 -0.829337 0.206226 0.206226 0.206226
5102.236328 0.000000 2597.653320 0.000000 0.573655 0.000000 -0.819097 0.206111 0.206111 0.206111
5100.898438 0.000000 2597.657715 0.000000 0.143327 0.000000 -0.989675 0.209084 0.209084 0.209084
5098.690430 0.000000 2597.840088 0.000000 0.222635 0.000000 -0.974902 0.208571 0.208571 0.208571
5053.032715 0.000000 2620.469238 0.000000 0.688817 0.000000 -0.724936 0.205163 0.205163 0.205163
5054.582031 0.000000 2613.148438 0.000000 0.671179 0.000000 -0.741295 0.180586 0.180586 0.180586
5055.814453 0.000000 2616.725830 0.000000 0.165703 0.000000 -0.986176 0.208940 0.208940 0.208940
5055.510742 0.000000 2623.018066 0.000000 0.429670 0.000000 -0.902986 0.207173 0.207173 0.207173
5052.312988 0.000000 2622.036133 0.000000 0.518319 0.000000 -0.855187 0.204796 0.204796 0.204796
5054.321777 0.000000 2616.613525 0.000000 0.168267 0.000000 -0.985741 0.208924 0.208924 0.208924
5054.095703 0.000000 2629.827393 0.000000 0.358189 0.000000 -0.933649 0.207668 0.207668 0.207668
5055.116211 0.000000 2618.031006 0.000000 0.379400 0.000000 -0.925233 0.207523 0.207523 0.207523
5055.974609 0.000000 2629.812744 0.000000 0.253493 0.000000 -0.967337 0.208368 0.208368 0.208368
5052.561035 0.000000 2617.785156 0.000000 0.160566 0.000000 -0.987025 0.208973 0.208973 0.208973
5090.015137 0.000000 2618.776855 0.000000 0.484474 0.000000 -0.874806 0.166814 0.166814 0.166814
5111.819336 0.000000 2617.112061 0.000000 0.428990 0.000000 -0.903309 0.207177 0.207177 0.207177
5068.526855 0.000000 2621.327148 0.000000 0.436960 0.000000 -0.899481 0.207121 0.207121 0.207121
5081.706543 0.000000 2611.920654 0.000000 0.218403 0.000000 -0.975859 0.208598 0.208598 0.208598
5103.447754 0.000000 2610.967041 0.000000 0.091835 0.000000 -0.995774 0.199442 0.199442 0.199442
5079.408203 0.000000 2610.119385 0.000000 0.075088 0.000000 -0.997177 0.209522 0.209522 0.209522
5116.013184 0.000000 2613.145996 0.000000 0.111501 0.000000 -0.993764 0.209289 0.209289 0.209289
5066.329590 0.000000 2622.985840 0.000000 0.672323 0.000000 -0.740258 0.197255 0.197255 0.197255
5099.690430 0.000000 2601.845215 0.000000 0.733994 0.000000 -0.679156 0.204753 0.204753 0.204753
5103.339355 0.000000 2598.527344 0.000000 0.799508 0.000000 -0.600655 0.204102 0.204102 0.204102
5080.077637 0.000000 2607.677734 0.000000 0.039728 0.000000 -0.999211 0.209747 0.209747 0.209747
5119.814453 0.000000 2616.725830 0.000000 0.390629 0.000000 -0.920548 0.207445 0.207445 0.207445
5061.141602 0.000000 2623.787598 0.000000 0.420776 0.000000 -0.907164 0.207235 0.207235 0.207235
5105.687988 0.000000 2607.233887 0.000000 0.278567 0.000000 -0.960417 0.208203 0.208203 0.208203
5110.385254 0.000000 2602.190186 0.000000 0.547776 0.000000 -0.836625 0.180882 0.180882 0.180882
5101.143066 0.000000 2598.583496 0.000000 0.345801 0.000000 -0.938308 0.207752 0.207752 0.207752
5059.099121 0.000000 2624.982910 0.000000 0.569249 0.000000 -0.822165 0.206145 0.206145 0.206145
5098.440430 0.000000 2614.490234 0.000000 0.527458 0.000000 -0.849581 0.206463 0.206463 0.206463
5106.516602 0.000000 2614.312744 0.000000 0.627084 0.000000 -0.778951 0.205685 0.205685 0.205685
5115.502441 0.000000 2610.278564 0.000000 0.736389 0.000000 -0.676558 0.204731 0.204731 0.204731
5113.814453 0.000000 2617.123779 0.000000 0.082209 0.000000 -0.996615 0.209476 0.209476 0.209476
5061.832520 0.000000 2630.146973 0.000000 0.722911 0.000000 -0.690941 0.198544 0.198544 0.198544
5096.256348 0.000000 2615.128906 0.000000 0.801866 0.000000 -0.597503 0.204077 0.204077 0.204077
5104.748535 0.000000 2599.693604 0.000000 0.101260 0.000000 -0.994860 0.209354 0.209354 0.209354
5092.560547 0.000000 2612.336914 0.000000 0.496855 0.000000 -0.867834 0.206690 0.206690 0.206690
5070.777344 0.000000 2618.533447 0.000000 0.215151 0.000000 -0.976581 0.208620 0.208620 0.208620
5108.916016 0.000000 2605.644287 0.000000 0.524160 0.000000 -0.851620 0.206488 0.206488 0.206488
5107.291016 0.000000 2608.705322 0.000000 0.476051 0.000000 -0.879418 0.206841 0.206841 0.206841
5090.375977 0.000000 2614.723877 0.000000 0.766290 0.000000 -0.642495 0.204442 0.204442 0.204442
5115.993164 0.000000 2614.824951 0.000000 0.396148 0.000000 -0.918187 0.207407 0.207407 0.207407
5098.439941 0.000000 2610.505127 0.000000 0.393075 0.000000 -0.919506 0.202780 0.202780 0.202780
5113.206055 0.000000 2607.907715 0.000000 0.344571 0.000000 -0.938760 0.207760 0.207760 0.207760
5101.531250 0.000000 2616.674316 0.000000 0.753532 0.000000 -0.657411 0.204567 0.204567 0.204567
5070.222168 0.000000 2621.432129 0.000000 0.703162 0.000000 -0.711029 0.205035 0.205035 0.205035
5092.813477 0.000000 2615.435547 0.000000 0.212818 0.000000 -0.977092 0.208635 0.208635 0.208635
5090.977539 0.000000 2612.780762 0.000000 0.202176 0.000000 -0.979349 0.208704 0.208704 0.208704
5081.632324 0.000000 2613.498779 0.000000 0.436159 0.000000 -0.899870 0.207127 0.207127 0.207127
5101.641602 0.000000 2614.638184 0.000000 0.527470 0.000000 -0.849574 0.206463 0.206463 0.206463
5072.485352 0.000000 2623.393555 0.000000 0.473374 0.000000 -0.880862 0.206861 0.206861 0.206861
5068.917480 0.000000 2616.478271 0.000000 0.397726 0.000000 -0.917504 0.207396 0.207396 0.207396
5100.188965 0.000000 2603.302490 0.000000 0.492033 0.000000 -0.870577 0.206725 0.206725 0.206725
5108.241699 0.000000 2610.016113 0.000000 0.152017 0.000000 -0.988378 0.209028 0.209028 0.209028
5074.930176 0.000000 2622.143799 0.000000 0.550021 0.000000 -0.835151 0.203981 0.203981 0.203981
5080.230957 0.000000 2613.290039 0.000000 0.695547 0.000000 -0.718481 0.205103 0.205103 0.205103
5090.581543 0.000000 2617.460938 0.000000 0.577763 0.000000 -0.816204 0.206079 0.206079 0.206079
5057.993652 0.000000 2621.731201 0.000000 0.657140 0.000000 -0.753768 0.205435 0.205435 0.205435
5058.009277 0.000000 2619.330078 0.000000 0.041424 0.000000 -0.999142 0.209736 0.209736 0.209736
5111.696777 0.000000 2607.567139 0.000000 0.183590 0.000000 -0.983003 0.208825 0.208825 0.208825
5060.081543 0.000000 2618.250977 0.000000 0.675354 0.000000 -0.737494 0.205280 0.205280 0.205280
5104.351074 0.000000 2607.190186 0.000000 0.358067 0.000000 -0.933696 0.207669 0.207669 0.207669
5095.339844 0.000000 2599.863770 0.000000 0.795363 0.000000 -0.606134 0.204146 0.204146 0.204146
5117.039062 0.000000 2616.622314 0.000000 0.437722 0.000000 -0.899110 0.207116 0.207116 0.207116
5102.200195 0.000000 2599.391113 0.000000 0.726357 0.000000 -0.687318 0.204824 0.204824 0.204824
5100.736816 0.000000 2601.103271 0.000000 0.709651 0.000000 -0.704553 0.204977 0.204977 0.204977
5110.395020 0.000000 2608.344482 0.000000 0.702612 0.000000 -0.711574 0.205040 0.205040 0.205040
5100.330078 0.000000 2617.046143 0.000000 0.313867 0.000000 -0.949467 0.207968 0.207968 0.207968
5102.633301 0.000000 2602.997070 0.000000 0.139950 0.000000 -0.990159 0.209106 0.209106 0.209106
5056.489258 0.000000 2629.703369 0.000000 0.254074 0.000000 -0.967185 0.208365 0.208365 0.208365
5106.833984 0.000000 2606.861572 0.000000 0.145190 0.000000 -0.989404 0.209072 0.209072 0.209072
5109.144531 0.000000 2607.602295 0.000000 0.414092 0.000000 -0.910235 0.207282 0.207282 0.207282
5097.447266 0.000000 2615.186523 0.000000 0.305851 0.000000 -0.952079 0.208021 0.208021 0.208021
5101.140625 0.000000 2617.893799 0.000000 0.127940 0.000000 -0.991782 0.209183 0.209183 0.209183
5057.121582 0.000000 2615.389648 0.000000 0.147669 0.000000 -0.989037 0.209056 0.209056 0.209056
5106.000000 0.000000 2601.589111 0.000000 0.051755 0.000000 -0.998660 0.209670 0.209670 0.209670
5107.308594 0.000000 2613.456299 0.000000 0.518640 0.000000 -0.854993 0.206529 0.206529 0.206529
5105.195312 0.000000 2598.644287 0.000000 0.113348 0.000000 -0.993555 0.209277 0.209277 0.209277
5091.712891 0.000000 2615.061768 0.000000 0.173480 0.000000 -0.984837 0.208890 0.208890 0.208890
5105.437988 0.000000 2614.456055 0.000000 0.478174 0.000000 -0.878265 0.206826 0.206826 0.206826
5108.906250 0.000000 2604.533691 0.000000 0.801015 0.000000 -0.598644 0.204086 0.204086 0.204086
5059.739746 0.000000 2620.552002 0.000000 0.423688 0.000000 -0.905808 0.207215 0.207215 0.207215
5111.381348 0.000000 2612.308105 0.000000 0.802882 0.000000 -0.596138 0.204066 0.204066 0.204066
5113.036621 0.000000 2611.807617 0.000000 0.398323 0.000000 -0.917245 0.207392 0.207392 0.207392
5099.132812 0.000000 2613.648193 0.000000 0.778208 0.000000 -0.628007 0.204323 0.204323 0.204323
5102.294922 0.000000 2613.724121 0.000000 0.529232 0.000000 -0.848477 0.206450 0.206450 0.206450
5122.552734 0.000000 2597.873047 0.000000 0.687183 0.000000 -0.726485 0.205177 0.205177 0.205177
5122.269043 0.000000 2595.230713 0.000000 0.744530 0.000000 -0.667588 0.203507 0.203507 0.203507
5120.588379 0.000000 2594.099365 0.000000 0.664091 0.000000 -0.747651 0.205376 0.205376 0.205376
5124.298828 0.000000 2597.695312 0.000000 0.554117 0.000000 -0.832439 0.206261 0.206261 0.206261
5120.926758 0.000000 2595.490479 0.000000 0.590177 0.000000 -0.807274 0.205981 0.205981 0.205981
5120.860352 0.000000 2597.638428 0.000000 0.514175 0.000000 -0.857685 0.206562 0.206562 0.206562
5124.948730 0.000000 2598.396240 0.000000 0.552094 0.000000 -0.833782 0.206277 0.206277 0.206277
5120.042480 0.000000 2598.288574 0.000000 0.379875 0.000000 -0.925038 0.207519 0.207519 0.207519
5130.166504 0.000000 2604.794922 0.000000 0.666671 0.000000 -0.745352 0.205354 0.205354 0.205354
5124.035156 0.000000 2604.500977 0.000000 0.673028 0.000000 -0.739617 0.205300 0.205300 0.205300
5126.912598 0.000000 2598.282959 0.000000 0.109636 0.000000 -0.993972 0.209301 0.209301 0.209301
5137.145996 0.000000 2600.835449 0.000000 0.351742 0.000000 -0.936097 0.207712 0.207712 0.207712
5127.620605 0.000000 2604.510498 0.000000 0.607013 0.000000 -0.794692 0.205847 0.205847 0.205847
5134.749512 0.000000 2598.312256 0.000000 0.702249 0.000000 -0.711932 0.205044 0.205044 0.205044
5120.523438 0.000000 2599.937256 0.000000 0.584815 0.000000 -0.811167 0.206023 0.206023 0.206023
5128.993164 0.000000 2601.407959 0.000000 0.327710 0.000000 -0.944778 0.207874 0.207874 0.207874
5129.352539 0.000000 2599.890869 0.000000 0.424387 0.000000 -0.905481 0.207210 0.207210 0.207210
5124.727051 0.000000 2605.532227 0.000000 0.473815 0.000000 -0.880624 0.206858 0.206858 0.206858
5127.012695 0.000000 2599.372070 0.000000 0.801746 0.000000 -0.597665 0.204078 0.204078 0.204078
5133.181641 0.000000 2600.097168 0.000000 0.476087 0.000000 -0.879398 0.206841 0.206841 0.206841
6194.132324 0.000000 2052.858643 0.000000 0.069461 0.000000 -0.997585 0.209557 0.209557 0.209557
6852.189941 0.000000 2530.475830 0.000000 0.564386 0.000000 -0.825511 0.186546 0.186546 0.186546
6857.264160 0.000000 2529.905762 0.000000 0.549545 0.000000 -0.835464 0.206296 0.206296 0.206296
6854.988770 0.000000 2526.772705 0.000000 0.727180 0.000000 -0.686447 0.204817 0.204817 0.204817
6848.042480 0.000000 2541.804199 0.000000 0.769409 0.000000 -0.638757 0.192387 0.192387 0.192387
6870.020996 0.000000 2543.116943 0.000000 0.744576 0.000000 -0.667538 0.204653 0.204653 0.204653
6872.231445 0.000000 2543.475098 0.000000 0.239980 0.000000 -0.970778 0.208457 0.208457 0.208457
6893.537598 0.000000 2638.670898 0.000000 0.446730 0.000000 -0.894669 0.207052 0.207052 0.207052
6898.750488 0.000000 2638.834473 0.000000 0.096713 0.000000 -0.995312 0.185337 0.185337 0.185337
6906.520996 0.000000 2652.193848 0.000000 0.106378 0.000000 -0.994326 0.191731 0.191731 0.191731
6854.936035 0.000000 2601.857178 0.000000 0.300563 0.000000 -0.953762 0.187076 0.187076 0.187076
6891.628906 0.000000 2638.672363 0.000000 0.081701 0.000000 -0.996657 0.197157 0.197157 0.197157
6887.089844 0.000000 2613.594482 0.000000 0.756501 0.000000 -0.653993 0.203965 0.203965 0.203965
6893.684570 0.000000 2641.191895 0.000000 0.475747 0.000000 -0.879582 0.206844 0.206844 0.206844
6853.529297 0.000000 2601.771240 0.000000 0.535106 0.000000 -0.844785 0.206405 0.206405 0.206405
6894.644531 0.000000 2643.277588 0.000000 0.756691 0.000000 -0.653773 0.204536 0.204536 0.204536
6852.601562 0.000000 2599.604736 0.000000 0.590703 0.000000 -0.806889 0.205977 0.205977 0.205977
6894.588379 0.000000 2642.062500 0.000000 0.069188 0.000000 -0.997604 0.209559 0.209559 0.209559
6892.563965 0.000000 2638.000977 0.000000 0.085556 0.000000 -0.996333 0.209455 0.209455 0.209455
6856.309570 0.000000 2683.558838 0.000000 0.773884 0.000000 -0.633327 0.204366 0.204366 0.204366
6861.306641 0.000000 2679.317139 0.000000 0.024842 0.000000 -0.999691 0.209254 0.209254 0.209254
6857.912598 0.000000 2683.867676 0.000000 0.482148 0.000000 -0.876090 0.206797 0.206797 0.206797
6858.056641 0.000000 2678.412842 0.000000 0.506251 0.000000 -0.862386 0.206621 0.206621 0.206621
7650.111328 0.000000 2912.318359 0.000000 0.594507 0.000000 -0.804090 0.196140 0.196140 0.196140
7650.967773 0.000000 2915.445801 0.000000 0.346827 0.000000 -0.937929 0.190870 0.190870 0.190870
7650.559570 0.000000 2913.908691 0.000000 0.721967 0.000000 -0.691927 0.195109 0.195109 0.195109
7648.608398 0.000000 2912.234375 0.000000 0.411567 0.000000 -0.911380 0.207300 0.207300 0.207300
"}
