object={
	name="cypress_mediterranean_sparse_generator_3_0"
	clamp_to_water_level=no
	render_under_water=no
	generated_content=yes
	layer="semidynamic_high"
	pdxmesh="tree_cypress_mediterranean_02_mesh"
	count=810
	transform="3966.390625 0.000000 2484.588623 0.000000 0.727077 0.000000 0.686556 0.196543 0.196543 0.196543
4023.060791 0.000000 2413.943359 0.000000 0.997992 0.000000 -0.063342 0.200427 0.200427 0.200427
4002.857422 0.000000 2401.472656 0.000000 0.871354 0.000000 0.490655 0.196543 0.196543 0.196543
3974.395264 0.000000 2402.399414 0.000000 0.760983 0.000000 0.648772 0.196378 0.196378 0.196378
3974.952881 0.000000 2407.954102 0.000000 0.872030 0.000000 0.489452 0.201521 0.201521 0.201521
4028.771729 0.000000 2409.427979 0.000000 0.663134 0.000000 0.748501 0.209440 0.209440 0.209440
4028.180420 0.000000 2406.446289 0.000000 0.725963 0.000000 0.687734 0.211219 0.211219 0.211219
3994.057129 0.000000 2407.806885 0.000000 0.366409 0.000000 0.930454 0.209016 0.209016 0.209016
4022.362793 0.000000 2405.985596 0.000000 0.679388 0.000000 0.733779 0.224658 0.224658 0.224658
3999.786377 0.000000 2406.065186 0.000000 0.987519 0.000000 -0.157498 0.237743 0.237743 0.237743
3993.173096 0.000000 2408.858398 0.000000 0.822978 0.000000 0.568074 0.244737 0.244737 0.244737
4019.089111 0.000000 2401.340576 0.000000 0.426486 0.000000 0.904494 0.247950 0.247950 0.247950
3990.176758 0.000000 2409.766602 0.000000 0.407189 0.000000 0.913344 0.235354 0.235354 0.235354
4020.024414 0.000000 2412.663574 0.000000 0.853350 0.000000 0.521338 0.272253 0.272253 0.272253
3989.654541 0.000000 2406.256592 0.000000 0.369069 0.000000 0.929402 0.264139 0.264139 0.264139
4001.256592 0.000000 2409.190674 0.000000 0.826784 0.000000 -0.562520 0.288659 0.288659 0.288659
4028.731934 0.000000 2410.468994 0.000000 0.392018 0.000000 0.919957 0.264028 0.264028 0.264028
3991.335693 0.000000 2407.838135 0.000000 0.093740 0.000000 0.995597 0.267728 0.267728 0.267728
4003.412598 0.000000 2405.186035 0.000000 0.904813 0.000000 -0.425808 0.308137 0.308137 0.308137
3991.377686 0.000000 2406.849365 0.000000 0.805211 0.000000 0.592988 0.281338 0.281338 0.281338
4002.722900 0.000000 2404.607178 0.000000 0.390804 0.000000 0.920474 0.278369 0.278369 0.278369
4003.133789 0.000000 2406.226562 0.000000 0.996579 0.000000 -0.082646 0.301469 0.301469 0.301469
4002.144287 0.000000 2406.290283 0.000000 0.885100 0.000000 0.465401 0.291407 0.291407 0.291407
4064.544434 0.000000 2419.675293 0.000000 0.889869 0.000000 -0.456216 0.205353 0.205353 0.205353
4067.523193 0.000000 2416.989746 0.000000 0.397275 0.000000 0.917700 0.194655 0.194655 0.194655
4064.293457 0.000000 2421.351318 0.000000 0.976468 0.000000 0.215662 0.225143 0.225143 0.225143
4041.880371 0.000000 2405.862305 0.000000 0.997232 0.000000 -0.074358 0.234635 0.234635 0.234635
4035.329590 0.000000 2407.771973 0.000000 0.337927 0.000000 0.941172 0.224161 0.224161 0.224161
4032.049561 0.000000 2398.041260 0.000000 0.696600 0.000000 0.717460 0.230583 0.230583 0.230583
4076.898193 0.000000 2428.204590 0.000000 0.951282 0.000000 0.308321 0.251940 0.251940 0.251940
4036.693359 0.000000 2404.984131 0.000000 0.434757 0.000000 0.900548 0.242638 0.242638 0.242638
4038.969727 0.000000 2404.667969 0.000000 0.626772 0.000000 0.779203 0.249471 0.249471 0.249471
4039.807129 0.000000 2405.545410 0.000000 0.809381 0.000000 -0.587285 0.268733 0.268733 0.268733
4037.862793 0.000000 2408.208740 0.000000 0.600100 0.000000 0.799925 0.255092 0.255092 0.255092
4037.747314 0.000000 2405.314697 0.000000 0.583601 0.000000 0.812041 0.244751 0.244751 0.244751
4032.148438 0.000000 2401.867676 0.000000 0.999437 0.000000 0.033540 0.284917 0.284917 0.284917
4036.652344 0.000000 2409.618896 0.000000 0.999966 0.000000 0.008258 0.267396 0.267396 0.267396
4068.357178 0.000000 2417.583008 0.000000 0.410423 0.000000 0.911895 0.279789 0.279789 0.279789
4071.672119 0.000000 2417.784424 0.000000 0.921950 0.000000 -0.387309 0.305661 0.305661 0.305661
4045.445801 0.000000 2405.870850 0.000000 0.286233 0.000000 0.958160 0.277942 0.277942 0.277942
4044.309082 0.000000 2405.691650 0.000000 0.502665 0.000000 0.864481 0.282014 0.282014 0.282014
4070.179932 0.000000 2416.991455 0.000000 0.979757 0.000000 0.200189 0.295443 0.295443 0.295443
4042.680664 0.000000 2404.920654 0.000000 0.963138 0.000000 0.269009 0.295114 0.295114 0.295114
4044.186279 0.000000 2404.705078 0.000000 0.740523 0.000000 0.672031 0.287305 0.287305 0.287305
3997.418457 0.000000 2478.825684 0.000000 0.629585 0.000000 0.776932 0.209071 0.209071 0.209071
3972.679688 0.000000 2481.443115 0.000000 0.771939 0.000000 0.635697 0.213913 0.213913 0.213913
3984.310547 0.000000 2476.423584 0.000000 0.914115 0.000000 -0.405454 0.228740 0.228740 0.228740
3969.626221 0.000000 2483.745361 0.000000 0.962572 0.000000 -0.271025 0.248129 0.248129 0.248129
4019.649658 0.000000 2481.449707 0.000000 0.868055 0.000000 0.496469 0.231916 0.231916 0.231916
4020.148193 0.000000 2483.990234 0.000000 0.837133 0.000000 0.547000 0.232894 0.232894 0.232894
3973.108887 0.000000 2478.460693 0.000000 0.986115 0.000000 -0.166063 0.256056 0.256056 0.256056
3995.349609 0.000000 2483.834961 0.000000 0.324548 0.000000 0.945869 0.273933 0.273933 0.273933
4064.330078 0.000000 2483.125488 0.000000 0.877583 0.000000 -0.479424 0.211955 0.211955 0.211955
4071.778320 0.000000 2484.663086 0.000000 0.852407 0.000000 -0.522878 0.212926 0.212926 0.212926
4062.288086 0.000000 2483.290527 0.000000 0.779896 0.000000 0.625910 0.203469 0.203469 0.203469
4061.034424 0.000000 2482.312012 0.000000 0.968199 0.000000 0.250181 0.234110 0.234110 0.234110
4066.393066 0.000000 2481.529785 0.000000 0.797366 0.000000 0.603496 0.225339 0.225339 0.225339
4071.522949 0.000000 2432.826172 0.000000 0.999061 0.000000 -0.043317 0.242201 0.242201 0.242201
4071.339600 0.000000 2430.410645 0.000000 0.998953 0.000000 -0.045750 0.256297 0.256297 0.256297
4055.398438 0.000000 2484.628418 0.000000 0.579456 0.000000 0.815003 0.249223 0.249223 0.249223
4075.903809 0.000000 2428.935547 0.000000 0.828476 0.000000 -0.560025 0.268907 0.268907 0.268907
4059.631348 0.000000 2484.678223 0.000000 0.720683 0.000000 0.693265 0.238190 0.238190 0.238190
4074.590820 0.000000 2432.237061 0.000000 0.795931 0.000000 0.605387 0.262959 0.262959 0.262959
4075.191406 0.000000 2433.375488 0.000000 0.998370 0.000000 0.057070 0.271196 0.271196 0.271196
4056.628906 0.000000 2483.204590 0.000000 0.916788 0.000000 0.399373 0.292708 0.292708 0.292708
4059.948730 0.000000 2480.653809 0.000000 0.749318 0.000000 0.662210 0.264512 0.264512 0.264512
4076.463623 0.000000 2432.906250 0.000000 0.984341 0.000000 0.176277 0.290378 0.290378 0.290378
3966.419189 0.000000 2527.459717 0.000000 0.962251 0.000000 -0.272162 0.201824 0.201824 0.201824
3966.624512 0.000000 2494.132568 0.000000 0.599200 0.000000 0.800600 0.193812 0.193812 0.193812
3944.974609 0.000000 2496.833984 0.000000 0.999644 0.000000 0.026690 0.199820 0.199820 0.199820
3915.442871 0.000000 2503.121094 0.000000 0.994611 0.000000 -0.103677 0.201010 0.201010 0.201010
3959.044922 0.000000 2524.400879 0.000000 0.889650 0.000000 0.456643 0.203412 0.203412 0.203412
3964.727539 0.000000 2487.806885 0.000000 0.960087 0.000000 0.279701 0.203215 0.203215 0.203215
3949.465576 0.000000 2529.608398 0.000000 0.991815 0.000000 0.127681 0.208805 0.208805 0.208805
3961.112305 0.000000 2491.902832 0.000000 0.835663 0.000000 0.549243 0.213250 0.213250 0.213250
3936.131592 0.000000 2490.431885 0.000000 0.931300 0.000000 -0.364254 0.228332 0.228332 0.228332
3951.221436 0.000000 2526.014648 0.000000 0.178251 0.000000 0.983985 0.227313 0.227313 0.227313
3967.423340 0.000000 2488.787842 0.000000 0.937165 0.000000 0.348887 0.234133 0.234133 0.234133
3954.478027 0.000000 2527.188232 0.000000 0.344328 0.000000 0.938849 0.219771 0.219771 0.219771
3953.743164 0.000000 2524.958252 0.000000 0.999522 0.000000 0.030920 0.236379 0.236379 0.236379
3949.243652 0.000000 2494.174561 0.000000 0.767164 0.000000 0.641451 0.267480 0.267480 0.267480
3967.022461 0.000000 2497.760498 0.000000 0.640729 0.000000 0.767767 0.271929 0.271929 0.271929
3948.757568 0.000000 2495.093262 0.000000 0.165578 0.000000 0.986197 0.257200 0.257200 0.257200
3964.518066 0.000000 2498.635254 0.000000 0.202610 0.000000 0.979260 0.254907 0.254907 0.254907
3950.968262 0.000000 2528.274414 0.000000 0.700492 0.000000 0.713660 0.285835 0.285835 0.285835
3974.215332 0.000000 2534.250244 0.000000 0.996269 0.000000 0.086306 0.199439 0.199439 0.199439
3968.009766 0.000000 2527.505127 0.000000 0.352160 0.000000 0.935940 0.191717 0.191717 0.191717
3982.650879 0.000000 2535.653320 0.000000 0.883017 0.000000 -0.469342 0.207206 0.207206 0.207206
4014.693848 0.000000 2517.371094 0.000000 0.960303 0.000000 -0.278958 0.203985 0.203985 0.203985
3974.070312 0.000000 2492.352539 0.000000 0.965870 0.000000 -0.259029 0.208987 0.208987 0.208987
3984.098877 0.000000 2495.072021 0.000000 0.941354 0.000000 0.337419 0.206030 0.206030 0.206030
3974.562500 0.000000 2528.734619 0.000000 0.132861 0.000000 0.991135 0.206930 0.206930 0.206930
3989.229004 0.000000 2499.404785 0.000000 0.946825 0.000000 -0.321749 0.225035 0.225035 0.225035
3999.750977 0.000000 2491.895508 0.000000 0.989806 0.000000 0.142421 0.235786 0.235786 0.235786
3969.657715 0.000000 2485.816162 0.000000 0.833604 0.000000 0.552362 0.229655 0.229655 0.229655
3981.681641 0.000000 2530.981445 0.000000 0.970483 0.000000 -0.241170 0.229443 0.229443 0.229443
3975.231934 0.000000 2498.551758 0.000000 0.996458 0.000000 -0.084088 0.231908 0.231908 0.231908
4018.478027 0.000000 2527.188232 0.000000 0.099552 0.000000 0.995032 0.225499 0.225499 0.225499
4019.748047 0.000000 2526.767822 0.000000 0.999487 0.000000 -0.032034 0.241518 0.241518 0.241518
4027.539551 0.000000 2537.847168 0.000000 0.995935 0.000000 0.090070 0.241881 0.241881 0.241881
3977.453613 0.000000 2497.982910 0.000000 0.327293 0.000000 0.944923 0.249000 0.249000 0.249000
4020.629395 0.000000 2527.512695 0.000000 0.820118 0.000000 -0.572194 0.272677 0.272677 0.272677
3974.427490 0.000000 2495.870361 0.000000 0.897312 0.000000 0.441397 0.261918 0.261918 0.261918
3976.754883 0.000000 2539.025146 0.000000 0.887751 0.000000 0.460324 0.267467 0.267467 0.267467
3986.752197 0.000000 2499.376953 0.000000 0.043542 0.000000 0.999052 0.273749 0.273749 0.273749
3976.644287 0.000000 2538.053711 0.000000 0.841605 0.000000 -0.540094 0.282296 0.282296 0.282296
3977.080078 0.000000 2495.162598 0.000000 0.986541 0.000000 -0.163513 0.302996 0.302996 0.302996
3975.262451 0.000000 2497.069580 0.000000 0.178349 0.000000 0.983967 0.260682 0.260682 0.260682
3976.761475 0.000000 2494.003662 0.000000 0.948368 0.000000 -0.317173 0.305886 0.305886 0.305886
3993.756836 0.000000 2485.457764 0.000000 0.079373 0.000000 0.996845 0.271853 0.271853 0.271853
3976.266846 0.000000 2495.590820 0.000000 0.910944 0.000000 0.412529 0.292245 0.292245 0.292245
4081.519043 0.000000 2491.642090 0.000000 0.859178 0.000000 -0.511676 0.203446 0.203446 0.203446
4068.575195 0.000000 2487.701416 0.000000 0.950699 0.000000 -0.310115 0.202196 0.202196 0.202196
4043.616455 0.000000 2514.653564 0.000000 0.397969 0.000000 0.917399 0.191910 0.191910 0.191910
4047.671387 0.000000 2486.841553 0.000000 0.850323 0.000000 -0.526262 0.205929 0.205929 0.205929
4034.575684 0.000000 2526.439453 0.000000 0.967323 0.000000 -0.253549 0.202653 0.202653 0.202653
4034.268799 0.000000 2538.746338 0.000000 0.973281 0.000000 -0.229616 0.208757 0.208757 0.208757
4035.385010 0.000000 2523.747070 0.000000 0.904665 0.000000 -0.426123 0.209755 0.209755 0.209755
4045.139648 0.000000 2528.857178 0.000000 0.933273 0.000000 0.359167 0.210194 0.210194 0.210194
4079.883057 0.000000 2490.336182 0.000000 0.775012 0.000000 0.631947 0.209741 0.209741 0.209741
4049.033691 0.000000 2525.273438 0.000000 0.979403 0.000000 0.201913 0.215373 0.215373 0.215373
4059.504150 0.000000 2499.290771 0.000000 0.828957 0.000000 -0.559312 0.223268 0.223268 0.223268
4080.943604 0.000000 2496.900879 0.000000 0.587821 0.000000 0.808991 0.205027 0.205027 0.205027
4032.525879 0.000000 2522.615479 0.000000 0.592905 0.000000 0.805273 0.212796 0.212796 0.212796
4051.881592 0.000000 2523.850098 0.000000 0.891806 0.000000 -0.452417 0.222793 0.222793 0.222793
4076.442139 0.000000 2491.825195 0.000000 0.421379 0.000000 0.906885 0.212051 0.212051 0.212051
4047.736084 0.000000 2516.073730 0.000000 0.833456 0.000000 0.552586 0.217465 0.217465 0.217465
4077.531006 0.000000 2503.705566 0.000000 0.240952 0.000000 0.970537 0.215278 0.215278 0.215278
4066.559814 0.000000 2518.518066 0.000000 0.986201 0.000000 -0.165552 0.220762 0.220762 0.220762
4045.021240 0.000000 2517.941406 0.000000 0.460497 0.000000 0.887661 0.214963 0.214963 0.214963
4050.727783 0.000000 2519.470459 0.000000 0.941850 0.000000 0.336032 0.227771 0.227771 0.227771
4061.067139 0.000000 2508.825439 0.000000 0.983224 0.000000 0.182402 0.224358 0.224358 0.224358
4048.398438 0.000000 2530.368896 0.000000 0.998486 0.000000 0.055002 0.235575 0.235575 0.235575
4043.583252 0.000000 2532.257324 0.000000 0.665383 0.000000 0.746502 0.239891 0.239891 0.239891
4055.724365 0.000000 2512.441895 0.000000 0.869097 0.000000 -0.494642 0.259658 0.259658 0.259658
4032.098633 0.000000 2521.375000 0.000000 0.982078 0.000000 0.188477 0.246301 0.246301 0.246301
4046.057373 0.000000 2519.974854 0.000000 0.936483 0.000000 -0.350714 0.241517 0.241517 0.241517
4037.108887 0.000000 2534.945068 0.000000 0.581679 0.000000 0.813418 0.247243 0.247243 0.247243
4076.737061 0.000000 2488.134521 0.000000 0.911083 0.000000 -0.412223 0.257972 0.257972 0.257972
4048.512451 0.000000 2521.057861 0.000000 0.164181 0.000000 0.986430 0.234858 0.234858 0.234858
4049.052246 0.000000 2528.116943 0.000000 0.997020 0.000000 -0.077149 0.265716 0.265716 0.265716
4073.855957 0.000000 2486.328125 0.000000 0.951940 0.000000 0.306283 0.260091 0.260091 0.260091
4037.217285 0.000000 2533.461426 0.000000 0.889899 0.000000 0.456158 0.243068 0.243068 0.243068
4080.335205 0.000000 2501.415771 0.000000 0.932450 0.000000 0.361299 0.249103 0.249103 0.249103
4080.162842 0.000000 2499.175781 0.000000 0.961703 0.000000 0.274095 0.253462 0.253462 0.253462
4055.342773 0.000000 2510.052979 0.000000 0.685312 0.000000 0.728249 0.251477 0.251477 0.251477
4061.463379 0.000000 2511.388428 0.000000 0.951074 0.000000 -0.308963 0.267657 0.267657 0.267657
4073.447266 0.000000 2502.217773 0.000000 0.754378 0.000000 0.656440 0.261014 0.261014 0.261014
4056.484619 0.000000 2485.323730 0.000000 0.342218 0.000000 0.939620 0.248723 0.248723 0.248723
4054.342773 0.000000 2485.458008 0.000000 0.620288 0.000000 0.784374 0.249872 0.249872 0.249872
4083.501953 0.000000 2485.379395 0.000000 0.997889 0.000000 -0.064945 0.255403 0.255403 0.255403
4069.876953 0.000000 2509.129883 0.000000 0.662680 0.000000 0.748903 0.271872 0.271872 0.271872
4079.739990 0.000000 2500.451172 0.000000 0.990848 0.000000 -0.134984 0.265909 0.265909 0.265909
4073.192139 0.000000 2487.758545 0.000000 0.985986 0.000000 0.166830 0.261963 0.261963 0.261963
4083.716553 0.000000 2487.564697 0.000000 0.519803 0.000000 0.854286 0.245818 0.245818 0.245818
4072.529297 0.000000 2503.183105 0.000000 0.961839 0.000000 0.273616 0.267054 0.267054 0.267054
4042.690430 0.000000 2531.674316 0.000000 0.891331 0.000000 -0.453353 0.264978 0.264978 0.264978
4047.808838 0.000000 2529.483887 0.000000 0.809470 0.000000 0.587161 0.253360 0.253360 0.253360
4070.425049 0.000000 2489.123779 0.000000 0.965033 0.000000 -0.262127 0.266448 0.266448 0.266448
4054.742920 0.000000 2511.940674 0.000000 0.179479 0.000000 0.983762 0.244132 0.244132 0.244132
4076.463379 0.000000 2499.936035 0.000000 0.920954 0.000000 -0.389672 0.269359 0.269359 0.269359
4046.090820 0.000000 2529.346436 0.000000 0.979566 0.000000 -0.201122 0.263921 0.263921 0.263921
4052.371338 0.000000 2521.552979 0.000000 0.822612 0.000000 0.568603 0.274021 0.274021 0.274021
4063.611084 0.000000 2510.729004 0.000000 0.839902 0.000000 0.542737 0.281282 0.281282 0.281282
4070.267090 0.000000 2507.124023 0.000000 0.981405 0.000000 -0.191946 0.303371 0.303371 0.303371
4066.436279 0.000000 2508.412354 0.000000 0.999904 0.000000 0.013826 0.283543 0.283543 0.283543
4066.093994 0.000000 2509.372803 0.000000 0.692925 0.000000 0.721010 0.271489 0.271489 0.271489
4073.991211 0.000000 2505.791504 0.000000 0.319369 0.000000 0.947630 0.278028 0.278028 0.278028
4052.945068 0.000000 2518.596680 0.000000 0.012967 0.000000 0.999916 0.264142 0.264142 0.264142
4070.880615 0.000000 2505.701660 0.000000 0.404979 0.000000 0.914326 0.279821 0.279821 0.279821
4067.260742 0.000000 2511.986816 0.000000 0.999035 0.000000 0.043924 0.299167 0.299167 0.299167
4065.448730 0.000000 2516.315674 0.000000 0.070593 0.000000 0.997505 0.263673 0.263673 0.263673
4064.570557 0.000000 2510.408203 0.000000 0.968796 0.000000 0.247861 0.295301 0.295301 0.295301
4073.134521 0.000000 2505.254639 0.000000 0.995834 0.000000 -0.091182 0.301611 0.301611 0.301611
4064.643555 0.000000 2514.980713 0.000000 0.328326 0.000000 0.944564 0.276528 0.276528 0.276528
4035.235840 0.000000 2534.290527 0.000000 0.974762 0.000000 -0.223245 0.303904 0.303904 0.303904
4054.437256 0.000000 2517.707520 0.000000 0.192350 0.000000 0.981326 0.274522 0.274522 0.274522
4062.598145 0.000000 2512.835693 0.000000 0.927984 0.000000 -0.372619 0.307235 0.307235 0.307235
4071.637451 0.000000 2504.253906 0.000000 0.722222 0.000000 0.691661 0.286643 0.286643 0.286643
4070.128174 0.000000 2505.163086 0.000000 0.027820 0.000000 0.999613 0.273016 0.273016 0.273016
4056.141602 0.000000 2517.345215 0.000000 0.840879 0.000000 0.541223 0.289892 0.289892 0.289892
4057.665283 0.000000 2516.685547 0.000000 0.192166 0.000000 0.981362 0.275653 0.275653 0.275653
4055.062500 0.000000 2516.958740 0.000000 0.898730 0.000000 -0.438503 0.308398 0.308398 0.308398
7151.085449 0.000000 886.093750 0.000000 0.999012 0.000000 0.044430 0.204434 0.204434 0.204434
7142.962402 0.000000 891.445557 0.000000 0.780185 0.000000 0.625549 0.202944 0.202944 0.202944
7157.881348 0.000000 889.425354 0.000000 0.956378 0.000000 0.292133 0.252689 0.252689 0.252689
7152.827148 0.000000 891.103516 0.000000 0.999780 0.000000 -0.020984 0.250383 0.250383 0.250383
7154.970215 0.000000 891.282349 0.000000 0.009500 0.000000 0.999955 0.271643 0.271643 0.271643
7215.917480 0.000000 658.110168 0.000000 0.918508 0.000000 0.395402 0.197260 0.197260 0.197260
7222.203613 0.000000 661.658569 0.000000 0.999094 0.000000 -0.042566 0.241630 0.241630 0.241630
7217.743164 0.000000 660.973938 0.000000 0.346644 0.000000 0.937997 0.229688 0.229688 0.229688
7220.024414 0.000000 661.648010 0.000000 0.383589 0.000000 0.923504 0.246858 0.246858 0.246858
7215.882812 0.000000 682.836182 0.000000 0.999550 0.000000 -0.029990 0.209476 0.209476 0.209476
7243.256348 0.000000 730.845825 0.000000 0.998482 0.000000 0.055086 0.223312 0.223312 0.223312
7240.644531 0.000000 730.553711 0.000000 0.996550 0.000000 0.083000 0.298528 0.298528 0.298528
7241.863770 0.000000 732.963196 0.000000 0.988383 0.000000 0.151985 0.275926 0.275926 0.275926
7240.076660 0.000000 778.350281 0.000000 0.863715 0.000000 -0.503980 0.216852 0.216852 0.216852
7254.338379 0.000000 747.279358 0.000000 0.266131 0.000000 0.963937 0.220937 0.220937 0.220937
7241.022461 0.000000 777.364136 0.000000 0.999727 0.000000 -0.023352 0.243110 0.243110 0.243110
7256.631836 0.000000 744.909729 0.000000 0.995933 0.000000 0.090092 0.238549 0.238549 0.238549
7250.751953 0.000000 748.361389 0.000000 0.419338 0.000000 0.907830 0.253738 0.253738 0.253738
7253.444336 0.000000 744.969971 0.000000 0.266869 0.000000 0.963733 0.274351 0.274351 0.274351
7255.761719 0.000000 745.285461 0.000000 0.998974 0.000000 0.045296 0.299135 0.299135 0.299135
7253.702148 0.000000 746.648438 0.000000 0.911053 0.000000 -0.412289 0.307893 0.307893 0.307893
7252.464355 0.000000 747.641968 0.000000 0.948036 0.000000 -0.318162 0.306014 0.306014 0.306014
7254.729492 0.000000 745.548279 0.000000 0.938874 0.000000 -0.344260 0.306712 0.306712 0.306712
7253.385742 0.000000 747.548706 0.000000 0.290883 0.000000 0.956758 0.276306 0.276306 0.276306
7255.941406 0.000000 744.500671 0.000000 0.930098 0.000000 -0.367312 0.307183 0.307183 0.307183
7251.006836 0.000000 747.596619 0.000000 0.670350 0.000000 0.742045 0.284157 0.284157 0.284157
7254.219727 0.000000 744.693359 0.000000 0.774067 0.000000 0.633103 0.286907 0.286907 0.286907
7328.330078 0.000000 788.594299 0.000000 0.998704 0.000000 0.050888 0.202712 0.202712 0.202712
7332.342285 0.000000 789.965515 0.000000 0.653130 0.000000 0.757246 0.203099 0.203099 0.203099
7331.061035 0.000000 789.613770 0.000000 0.813843 0.000000 0.581084 0.236147 0.236147 0.236147
7231.825195 0.000000 804.033875 0.000000 0.825465 0.000000 0.564453 0.207250 0.207250 0.207250
7239.671387 0.000000 815.637817 0.000000 0.127422 0.000000 0.991849 0.190777 0.190777 0.190777
7268.620605 0.000000 837.489746 0.000000 0.839252 0.000000 0.543743 0.196182 0.196182 0.196182
7232.597656 0.000000 811.248535 0.000000 0.998876 0.000000 0.047406 0.210550 0.210550 0.210550
7256.332520 0.000000 825.985657 0.000000 0.278482 0.000000 0.960441 0.203739 0.203739 0.203739
7240.404785 0.000000 811.209106 0.000000 0.720791 0.000000 0.693153 0.214290 0.214290 0.214290
7251.881836 0.000000 829.318787 0.000000 0.797059 0.000000 0.603902 0.214792 0.214792 0.214792
7247.824707 0.000000 814.227905 0.000000 0.530734 0.000000 0.847538 0.208564 0.208564 0.208564
7265.478516 0.000000 820.802734 0.000000 0.988900 0.000000 -0.148582 0.227426 0.227426 0.227426
7248.485352 0.000000 815.893433 0.000000 0.819117 0.000000 0.573627 0.224643 0.224643 0.224643
7250.728027 0.000000 824.939331 0.000000 0.160902 0.000000 0.986970 0.217434 0.217434 0.217434
7257.742188 0.000000 819.832520 0.000000 0.847177 0.000000 0.531311 0.236795 0.236795 0.236795
7239.015137 0.000000 799.003357 0.000000 0.145117 0.000000 0.989415 0.218250 0.218250 0.218250
7270.464355 0.000000 833.675293 0.000000 0.703778 0.000000 0.710420 0.245129 0.245129 0.245129
7265.315918 0.000000 823.474304 0.000000 0.979034 0.000000 0.203697 0.241186 0.241186 0.241186
7259.792969 0.000000 820.221985 0.000000 0.638800 0.000000 0.769373 0.242038 0.242038 0.242038
7236.727051 0.000000 798.032104 0.000000 0.998763 0.000000 -0.049722 0.264230 0.264230 0.264230
7233.121582 0.000000 807.889771 0.000000 0.973885 0.000000 -0.227043 0.275169 0.275169 0.275169
7271.595215 0.000000 833.879150 0.000000 0.540582 0.000000 0.841291 0.242612 0.242612 0.242612
7268.531250 0.000000 834.927185 0.000000 0.930181 0.000000 -0.367102 0.269041 0.269041 0.269041
7256.998535 0.000000 821.537964 0.000000 0.983567 0.000000 0.180546 0.280989 0.280989 0.280989
7268.699219 0.000000 832.296143 0.000000 0.118117 0.000000 0.993000 0.250411 0.250411 0.250411
7267.967285 0.000000 825.055481 0.000000 0.780350 0.000000 0.625343 0.257423 0.257423 0.257423
7268.375977 0.000000 828.045959 0.000000 0.999020 0.000000 0.044270 0.273604 0.273604 0.273604
7238.455566 0.000000 821.855591 0.000000 0.817402 0.000000 -0.576068 0.310667 0.310667 0.310667
7233.787109 0.000000 806.120483 0.000000 0.979347 0.000000 -0.202189 0.274816 0.274816 0.274816
7239.893555 0.000000 818.734070 0.000000 0.981579 0.000000 0.191058 0.287943 0.287943 0.287943
7253.793945 0.000000 827.426636 0.000000 0.746183 0.000000 0.665741 0.287260 0.287260 0.287260
7246.566406 0.000000 819.637634 0.000000 0.422872 0.000000 0.906189 0.279613 0.279613 0.279613
7246.848145 0.000000 817.012939 0.000000 0.997649 0.000000 0.068523 0.298690 0.298690 0.298690
7266.854492 0.000000 822.080505 0.000000 0.997035 0.000000 0.076945 0.298529 0.298529 0.298529
7270.707031 0.000000 855.822937 0.000000 0.380372 0.000000 0.924834 0.211152 0.211152 0.211152
7273.729980 0.000000 853.237671 0.000000 0.999864 0.000000 -0.016482 0.281198 0.281198 0.281198
7272.990723 0.000000 855.216919 0.000000 0.017429 0.000000 0.999848 0.260553 0.260553 0.260553
7326.961914 0.000000 791.742554 0.000000 0.897619 0.000000 -0.440772 0.203157 0.203157 0.203157
7304.859375 0.000000 828.268372 0.000000 0.286242 0.000000 0.958157 0.204303 0.204303 0.204303
7338.135254 0.000000 795.280701 0.000000 0.769710 0.000000 0.638394 0.213882 0.213882 0.213882
7310.835449 0.000000 820.421875 0.000000 0.336721 0.000000 0.941604 0.230558 0.230558 0.230558
7329.739258 0.000000 793.305237 0.000000 0.411090 0.000000 0.911595 0.225964 0.225964 0.225964
7303.386719 0.000000 835.996826 0.000000 0.117210 0.000000 0.993107 0.234781 0.234781 0.234781
7310.050293 0.000000 822.934326 0.000000 0.999491 0.000000 0.031901 0.250330 0.250330 0.250330
7337.729980 0.000000 796.753296 0.000000 0.997212 0.000000 -0.074623 0.263989 0.263989 0.263989
7336.990723 0.000000 798.732544 0.000000 0.917681 0.000000 -0.397318 0.275906 0.275906 0.275906
7309.893066 0.000000 820.202881 0.000000 0.352324 0.000000 0.935878 0.261460 0.261460 0.261460
7339.475098 0.000000 797.544373 0.000000 0.692250 0.000000 0.721658 0.285871 0.285871 0.285871
7339.767090 0.000000 796.684143 0.000000 0.987612 0.000000 0.156918 0.297238 0.297238 0.297238
7312.278320 0.000000 860.821411 0.000000 0.635215 0.000000 0.772336 0.206027 0.206027 0.206027
7315.490723 0.000000 861.962036 0.000000 0.891755 0.000000 0.452519 0.291700 0.291700 0.291700
7316.274414 0.000000 861.662354 0.000000 0.558372 0.000000 0.829591 0.281644 0.281644 0.281644
7163.529785 0.000000 904.396973 0.000000 0.795600 0.000000 0.605822 0.207901 0.207901 0.207901
7150.421387 0.000000 912.797119 0.000000 0.834777 0.000000 0.550588 0.220140 0.220140 0.220140
7163.590332 0.000000 906.902527 0.000000 0.666080 0.000000 0.745880 0.241950 0.241950 0.241950
6738.634277 0.000000 1513.862427 0.000000 0.921484 0.000000 -0.388417 0.232635 0.232635 0.232635
6737.432129 0.000000 1523.724609 0.000000 0.948001 0.000000 -0.318267 0.266045 0.266045 0.266045
6736.360840 0.000000 1515.138306 0.000000 0.881163 0.000000 -0.472813 0.305494 0.305494 0.305494
6735.746582 0.000000 1521.956787 0.000000 0.537451 0.000000 0.843295 0.282565 0.282565 0.282565
7187.991699 0.000000 936.977478 0.000000 0.999622 0.000000 0.027493 0.199813 0.199813 0.199813
7178.780273 0.000000 938.533813 0.000000 0.947996 0.000000 0.318282 0.215446 0.215446 0.215446
7180.996094 0.000000 933.581848 0.000000 0.984507 0.000000 0.175344 0.235444 0.235444 0.235444
7178.576172 0.000000 934.093811 0.000000 0.924083 0.000000 0.382193 0.243458 0.243458 0.243458
7177.391113 0.000000 938.313599 0.000000 0.082045 0.000000 0.996629 0.241462 0.241462 0.241462
7177.796387 0.000000 936.244263 0.000000 0.896513 0.000000 0.443017 0.274112 0.274112 0.274112
7185.146484 0.000000 931.031128 0.000000 0.115722 0.000000 0.993282 0.274449 0.274449 0.274449
7439.854980 0.000000 910.279724 0.000000 0.986726 0.000000 0.162395 0.217369 0.217369 0.217369
7445.272461 0.000000 912.119568 0.000000 0.972393 0.000000 -0.233351 0.232230 0.232230 0.232230
7444.063965 0.000000 944.624268 0.000000 0.435870 0.000000 0.900010 0.234223 0.234223 0.234223
7437.796875 0.000000 942.762817 0.000000 0.869640 0.000000 0.493687 0.242582 0.242582 0.242582
7438.689941 0.000000 940.094299 0.000000 0.626202 0.000000 0.779661 0.232670 0.232670 0.232670
7438.943359 0.000000 944.344543 0.000000 0.892211 0.000000 -0.451619 0.268483 0.268483 0.268483
7440.512207 0.000000 939.495361 0.000000 0.622315 0.000000 0.782767 0.238735 0.238735 0.238735
7442.564453 0.000000 940.842041 0.000000 0.855032 0.000000 0.518575 0.279644 0.279644 0.279644
7440.047852 0.000000 942.917419 0.000000 0.425450 0.000000 0.904982 0.280088 0.280088 0.280088
7443.247070 0.000000 941.599609 0.000000 0.767341 0.000000 0.641239 0.277265 0.277265 0.277265
7438.905273 0.000000 942.285095 0.000000 0.818794 0.000000 -0.574087 0.311679 0.311679 0.311679
7441.480469 0.000000 942.249634 0.000000 0.981376 0.000000 0.192099 0.296598 0.296598 0.296598
7444.676758 0.000000 942.918579 0.000000 0.997204 0.000000 -0.074725 0.301428 0.301428 0.301428
7440.362305 0.000000 941.287842 0.000000 0.712373 0.000000 0.701801 0.285551 0.285551 0.285551
7440.993652 0.000000 940.200195 0.000000 0.005880 0.000000 0.999983 0.270933 0.270933 0.270933
7447.833496 0.000000 942.873779 0.000000 0.995658 0.000000 -0.093090 0.301732 0.301732 0.301732
7452.431641 0.000000 967.742249 0.000000 0.027044 0.000000 0.999634 0.189633 0.189633 0.189633
7471.645996 0.000000 967.932373 0.000000 0.971320 0.000000 0.237774 0.200791 0.200791 0.200791
7464.688965 0.000000 984.634888 0.000000 0.937128 0.000000 -0.348985 0.217204 0.217204 0.217204
7448.779785 0.000000 964.770935 0.000000 0.910455 0.000000 -0.413608 0.228821 0.228821 0.228821
7456.131348 0.000000 965.353760 0.000000 0.974815 0.000000 -0.223016 0.237849 0.237849 0.237849
7467.175293 0.000000 978.531860 0.000000 0.714011 0.000000 0.700134 0.226172 0.226172 0.226172
7471.484375 0.000000 979.693481 0.000000 0.892776 0.000000 0.450502 0.246875 0.246875 0.246875
7452.718750 0.000000 970.734802 0.000000 0.433537 0.000000 0.901136 0.240642 0.240642 0.240642
7461.876953 0.000000 984.051758 0.000000 0.887377 0.000000 0.461045 0.272222 0.272222 0.272222
7463.486328 0.000000 989.221497 0.000000 0.890127 0.000000 0.455712 0.260109 0.260109 0.260109
7450.285645 0.000000 966.039612 0.000000 0.147325 0.000000 0.989088 0.248454 0.248454 0.248454
7449.039551 0.000000 968.861877 0.000000 0.142232 0.000000 0.989833 0.251216 0.251216 0.251216
7462.730957 0.000000 985.827454 0.000000 0.283121 0.000000 0.959084 0.254642 0.254642 0.254642
7453.689453 0.000000 969.468811 0.000000 0.098229 0.000000 0.995164 0.273775 0.273775 0.273775
7467.111816 0.000000 980.518066 0.000000 0.997963 0.000000 0.063791 0.298874 0.298874 0.298874
7461.860840 0.000000 986.130188 0.000000 0.890795 0.000000 0.454406 0.291150 0.291150 0.291150
7463.216797 0.000000 986.500854 0.000000 0.852107 0.000000 0.523367 0.289481 0.289481 0.289481
4862.419434 0.000000 2245.037842 0.000000 0.832682 0.000000 -0.553751 0.203927 0.203927 0.203927
4838.646484 0.000000 2235.047852 0.000000 0.047825 0.000000 0.998856 0.190565 0.190565 0.190565
4829.739258 0.000000 2224.353760 0.000000 0.453614 0.000000 0.891199 0.200202 0.200202 0.200202
4836.830078 0.000000 2237.818359 0.000000 0.181869 0.000000 0.983323 0.208832 0.208832 0.208832
4860.112793 0.000000 2238.565674 0.000000 0.893826 0.000000 0.448415 0.230335 0.230335 0.230335
4830.394531 0.000000 2220.937012 0.000000 0.916634 0.000000 0.399728 0.235719 0.235719 0.235719
4839.789551 0.000000 2216.828125 0.000000 0.935954 0.000000 -0.352123 0.233422 0.233422 0.233422
4825.742188 0.000000 2231.941895 0.000000 0.611820 0.000000 0.790997 0.222249 0.222249 0.222249
4822.292480 0.000000 2234.311279 0.000000 0.990249 0.000000 -0.139311 0.247778 0.247778 0.247778
4847.221680 0.000000 2243.592773 0.000000 0.726210 0.000000 0.687473 0.230504 0.230504 0.230504
4826.696777 0.000000 2222.636719 0.000000 0.018533 0.000000 0.999828 0.226532 0.226532 0.226532
4840.166504 0.000000 2215.496826 0.000000 0.754166 0.000000 0.656684 0.242902 0.242902 0.242902
4840.398438 0.000000 2211.757080 0.000000 0.990851 0.000000 -0.134958 0.242619 0.242619 0.242619
4841.849121 0.000000 2213.562744 0.000000 0.388686 0.000000 0.921370 0.243986 0.243986 0.243986
4841.785156 0.000000 2236.973877 0.000000 0.467559 0.000000 0.883962 0.254469 0.254469 0.254469
4841.447266 0.000000 2219.795898 0.000000 0.231645 0.000000 0.972800 0.252469 0.252469 0.252469
4845.039062 0.000000 2240.313965 0.000000 0.995075 0.000000 0.099122 0.272826 0.272826 0.272826
4862.400879 0.000000 2242.441406 0.000000 0.914534 0.000000 -0.404509 0.272498 0.272498 0.272498
4840.466309 0.000000 2236.427979 0.000000 0.230511 0.000000 0.973070 0.251021 0.251021 0.251021
4829.912109 0.000000 2223.183594 0.000000 0.989496 0.000000 0.144559 0.292004 0.292004 0.292004
4839.297852 0.000000 2219.257568 0.000000 0.946314 0.000000 -0.323250 0.284114 0.284114 0.284114
4829.189453 0.000000 2239.810303 0.000000 0.255183 0.000000 0.966893 0.276028 0.276028 0.276028
4828.431152 0.000000 2222.353271 0.000000 0.293705 0.000000 0.955896 0.273398 0.273398 0.273398
4838.622070 0.000000 2237.066406 0.000000 0.899796 0.000000 -0.436312 0.308014 0.308014 0.308014
4859.962891 0.000000 2240.466064 0.000000 0.272495 0.000000 0.962157 0.274920 0.274920 0.274920
4840.732422 0.000000 2217.009033 0.000000 0.977876 0.000000 0.209184 0.283822 0.283822 0.283822
4824.250000 0.000000 2239.056885 0.000000 0.861645 0.000000 -0.507511 0.308552 0.308552 0.308552
4838.516602 0.000000 2239.079590 0.000000 0.679831 0.000000 0.733369 0.284924 0.284924 0.284924
4844.419434 0.000000 2239.645508 0.000000 0.934984 0.000000 -0.354690 0.306585 0.306585 0.306585
4825.402832 0.000000 2232.777832 0.000000 0.231395 0.000000 0.972860 0.274510 0.274510 0.274510
4829.746582 0.000000 2220.304688 0.000000 0.258060 0.000000 0.966129 0.276211 0.276211 0.276211
4858.115723 0.000000 2241.089111 0.000000 0.999015 0.000000 0.044368 0.295894 0.295894 0.295894
4838.631836 0.000000 2236.027832 0.000000 0.329204 0.000000 0.944259 0.278072 0.278072 0.278072
4827.588867 0.000000 2239.673340 0.000000 0.210644 0.000000 0.977563 0.275885 0.275885 0.275885
4848.715332 0.000000 2239.230957 0.000000 0.039262 0.000000 0.999229 0.273274 0.273274 0.273274
4845.417480 0.000000 2238.092041 0.000000 0.837672 0.000000 0.546174 0.289506 0.289506 0.289506
4829.415527 0.000000 2221.448242 0.000000 0.846380 0.000000 -0.532580 0.310201 0.310201 0.310201
4828.598633 0.000000 2221.549805 0.000000 0.944051 0.000000 0.329801 0.293896 0.293896 0.293896
4919.062500 0.000000 2140.939453 0.000000 0.214990 0.000000 0.976616 0.190839 0.190839 0.190839
4926.994629 0.000000 2137.545654 0.000000 0.223975 0.000000 0.974595 0.191832 0.191832 0.191832
4924.166992 0.000000 2136.503174 0.000000 0.968884 0.000000 0.247515 0.241789 0.241789 0.241789
4921.653809 0.000000 2142.762451 0.000000 0.428481 0.000000 0.903551 0.237108 0.237108 0.237108
4894.945801 0.000000 2174.870117 0.000000 0.998561 0.000000 -0.053627 0.216413 0.216413 0.216413
4875.941895 0.000000 2244.694580 0.000000 0.981947 0.000000 -0.189155 0.201264 0.201264 0.201264
4884.984863 0.000000 2240.088623 0.000000 0.655952 0.000000 0.754802 0.194064 0.194064 0.194064
4867.385254 0.000000 2241.325195 0.000000 0.874249 0.000000 0.485478 0.201554 0.201554 0.201554
4870.997070 0.000000 2243.147461 0.000000 0.974329 0.000000 -0.225129 0.215573 0.215573 0.215573
4914.394043 0.000000 2255.012451 0.000000 0.532070 0.000000 0.846700 0.206021 0.206021 0.206021
4897.680176 0.000000 2258.718262 0.000000 0.997363 0.000000 0.072580 0.215918 0.215918 0.215918
4865.726074 0.000000 2245.795166 0.000000 0.970970 0.000000 -0.239203 0.221983 0.221983 0.221983
4883.070801 0.000000 2246.258545 0.000000 0.766979 0.000000 0.641672 0.220147 0.220147 0.220147
4892.899902 0.000000 2254.439209 0.000000 0.082950 0.000000 0.996554 0.208928 0.208928 0.208928
4886.696289 0.000000 2239.205322 0.000000 0.896741 0.000000 -0.442556 0.243136 0.243136 0.243136
4889.172852 0.000000 2239.405273 0.000000 0.881264 0.000000 0.472624 0.239661 0.239661 0.239661
4898.757812 0.000000 2208.352539 0.000000 0.197026 0.000000 0.980398 0.224608 0.224608 0.224608
4911.887207 0.000000 2252.680420 0.000000 0.854215 0.000000 0.519921 0.234289 0.234289 0.234289
4887.843750 0.000000 2241.230713 0.000000 0.435026 0.000000 0.900418 0.240662 0.240662 0.240662
4886.176758 0.000000 2240.313477 0.000000 0.979706 0.000000 0.200439 0.251649 0.251649 0.251649
4876.862793 0.000000 2247.552979 0.000000 0.118407 0.000000 0.992965 0.243343 0.243343 0.243343
4890.614258 0.000000 2246.534180 0.000000 0.970093 0.000000 0.242734 0.248946 0.248946 0.248946
4896.087402 0.000000 2243.009766 0.000000 0.290117 0.000000 0.956991 0.238800 0.238800 0.238800
4878.294922 0.000000 2249.398926 0.000000 0.996786 0.000000 -0.080105 0.286671 0.286671 0.286671
4884.845703 0.000000 2248.368164 0.000000 0.917609 0.000000 0.397485 0.281260 0.281260 0.281260
4889.147461 0.000000 2247.005371 0.000000 0.910342 0.000000 -0.413856 0.307398 0.307398 0.307398
4898.542969 0.000000 2210.641357 0.000000 0.466040 0.000000 0.884764 0.280642 0.280642 0.280642
4886.761719 0.000000 2247.968262 0.000000 0.991688 0.000000 -0.128669 0.302363 0.302363 0.302363
4888.785156 0.000000 2245.387939 0.000000 0.610213 0.000000 0.792237 0.282535 0.282535 0.282535
4889.831055 0.000000 2240.128662 0.000000 0.751209 0.000000 0.660065 0.287285 0.287285 0.287285
4885.257324 0.000000 2245.689453 0.000000 0.938395 0.000000 0.345564 0.293341 0.293341 0.293341
4889.062012 0.000000 2243.140625 0.000000 0.139667 0.000000 0.990198 0.274980 0.274980 0.274980
4886.175293 0.000000 2244.327148 0.000000 0.989679 0.000000 0.143299 0.297254 0.297254 0.297254
4898.206055 0.000000 2211.466797 0.000000 0.998623 0.000000 0.052457 0.299065 0.299065 0.299065
4146.317871 0.000000 2546.250000 0.000000 0.551500 0.000000 0.834175 0.206210 0.206210 0.206210
4146.425293 0.000000 2543.951172 0.000000 0.080358 0.000000 0.996766 0.197192 0.197192 0.197192
4153.206055 0.000000 2551.423340 0.000000 0.922430 0.000000 0.386164 0.214286 0.214286 0.214286
4149.071289 0.000000 2546.538086 0.000000 0.707308 0.000000 0.706905 0.217766 0.217766 0.217766
4151.381348 0.000000 2555.823730 0.000000 0.997453 0.000000 0.071325 0.262660 0.262660 0.262660
4186.074219 0.000000 2572.313232 0.000000 0.869241 0.000000 -0.494388 0.203383 0.203383 0.203383
4167.143066 0.000000 2569.181396 0.000000 0.890250 0.000000 -0.455473 0.209419 0.209419 0.209419
4169.912598 0.000000 2570.898926 0.000000 0.650212 0.000000 0.759753 0.219636 0.219636 0.219636
4172.996094 0.000000 2571.628662 0.000000 0.579748 0.000000 0.814796 0.232550 0.232550 0.232550
4174.835449 0.000000 2571.437500 0.000000 0.879809 0.000000 0.475327 0.230564 0.230564 0.230564
4175.223145 0.000000 2570.143311 0.000000 0.286783 0.000000 0.957996 0.222627 0.222627 0.222627
4189.685059 0.000000 2576.551514 0.000000 0.999862 0.000000 -0.016619 0.244720 0.244720 0.244720
4164.993652 0.000000 2565.979980 0.000000 0.229603 0.000000 0.973284 0.229336 0.229336 0.229336
4168.415527 0.000000 2568.869141 0.000000 0.895271 0.000000 -0.445521 0.250784 0.250784 0.250784
4174.050293 0.000000 2573.949951 0.000000 0.846395 0.000000 0.532556 0.251565 0.251565 0.251565
4173.138672 0.000000 2573.335205 0.000000 0.029799 0.000000 0.999556 0.245475 0.245475 0.245475
4172.066406 0.000000 2572.062256 0.000000 0.810640 0.000000 0.585545 0.257565 0.257565 0.257565
4431.870117 0.000000 2522.135254 0.000000 0.995775 0.000000 0.091824 0.200746 0.200746 0.200746
4464.914551 0.000000 2502.496094 0.000000 0.577561 0.000000 0.816348 0.202865 0.202865 0.202865
4428.164062 0.000000 2520.822021 0.000000 0.823162 0.000000 0.567807 0.237902 0.237902 0.237902
4433.977051 0.000000 2514.781738 0.000000 0.900188 0.000000 0.435501 0.233160 0.233160 0.233160
4430.943359 0.000000 2525.906982 0.000000 0.999395 0.000000 -0.034786 0.256727 0.256727 0.256727
4428.518066 0.000000 2513.902832 0.000000 0.885665 0.000000 -0.464325 0.268077 0.268077 0.268077
4433.990723 0.000000 2512.548340 0.000000 0.760746 0.000000 0.649050 0.277617 0.277617 0.277617
4432.178223 0.000000 2512.022217 0.000000 0.965630 0.000000 0.259921 0.284634 0.284634 0.284634
4430.926270 0.000000 2509.128418 0.000000 0.142621 0.000000 0.989777 0.274711 0.274711 0.274711
4428.542480 0.000000 2510.529541 0.000000 0.436735 0.000000 0.899590 0.279679 0.279679 0.279679
4433.333008 0.000000 2510.846191 0.000000 0.816365 0.000000 0.577536 0.286829 0.286829 0.286829
4431.156250 0.000000 2508.126465 0.000000 0.988881 0.000000 0.148712 0.297356 0.297356 0.297356
4430.421875 0.000000 2507.561279 0.000000 0.865787 0.000000 0.500412 0.290089 0.290089 0.290089
4435.675781 0.000000 2511.529297 0.000000 0.952134 0.000000 0.305681 0.294602 0.294602 0.294602
4428.557617 0.000000 2509.300293 0.000000 0.526705 0.000000 0.850048 0.280899 0.280899 0.280899
4429.337891 0.000000 2511.984131 0.000000 0.985956 0.000000 -0.167002 0.303047 0.303047 0.303047
4431.457031 0.000000 2506.343750 0.000000 0.668433 0.000000 0.743773 0.284139 0.284139 0.284139
4434.979004 0.000000 2510.064209 0.000000 0.222025 0.000000 0.975041 0.276596 0.276596 0.276596
4429.361328 0.000000 2510.759766 0.000000 0.927629 0.000000 0.373503 0.293048 0.293048 0.293048
4449.910645 0.000000 2584.119629 0.000000 0.986334 0.000000 -0.164758 0.201157 0.201157 0.201157
4447.328613 0.000000 2592.118652 0.000000 0.141159 0.000000 0.989987 0.191232 0.191232 0.191232
4458.281250 0.000000 2584.008545 0.000000 0.743685 0.000000 0.668530 0.206192 0.206192 0.206192
4459.407227 0.000000 2586.024902 0.000000 0.875199 0.000000 0.483763 0.204790 0.204790 0.204790
4456.284180 0.000000 2580.263428 0.000000 0.881797 0.000000 -0.471630 0.211887 0.211887 0.211887
4454.078125 0.000000 2583.426514 0.000000 0.999349 0.000000 0.036067 0.232418 0.232418 0.232418
4456.728027 0.000000 2584.610596 0.000000 0.925457 0.000000 0.378853 0.235419 0.235419 0.235419
4469.635254 0.000000 2580.319580 0.000000 0.880383 0.000000 -0.474263 0.232952 0.232952 0.232952
4451.429199 0.000000 2591.967773 0.000000 0.188504 0.000000 0.982072 0.225488 0.225488 0.225488
4458.351562 0.000000 2590.885254 0.000000 0.998084 0.000000 0.061878 0.239960 0.239960 0.239960
4451.061035 0.000000 2597.113770 0.000000 0.078075 0.000000 0.996947 0.226703 0.226703 0.226703
4453.762695 0.000000 2585.674316 0.000000 0.085346 0.000000 0.996351 0.230124 0.230124 0.230124
4451.546875 0.000000 2594.757080 0.000000 0.749905 0.000000 0.661545 0.259890 0.259890 0.259890
4456.134277 0.000000 2586.387451 0.000000 0.566460 0.000000 0.824089 0.249021 0.249021 0.249021
4453.870117 0.000000 2594.724854 0.000000 0.856930 0.000000 -0.515433 0.268827 0.268827 0.268827
4527.350098 0.000000 2540.055664 0.000000 0.216595 0.000000 0.976261 0.205195 0.205195 0.205195
4546.857910 0.000000 2527.656006 0.000000 0.816970 0.000000 -0.576680 0.248321 0.248321 0.248321
4496.939453 0.000000 2557.725586 0.000000 0.932312 0.000000 -0.361655 0.202578 0.202578 0.202578
4484.483887 0.000000 2571.545654 0.000000 0.192742 0.000000 0.981250 0.202028 0.202028 0.202028
4485.832520 0.000000 2573.662598 0.000000 0.992392 0.000000 0.123121 0.211612 0.211612 0.211612
4516.749023 0.000000 2551.166260 0.000000 0.109274 0.000000 0.994012 0.202815 0.202815 0.202815
4485.351074 0.000000 2579.922852 0.000000 0.081123 0.000000 0.996704 0.205021 0.205021 0.205021
4527.546387 0.000000 2548.144287 0.000000 0.999749 0.000000 0.022404 0.248204 0.248204 0.248204
4503.724609 0.000000 2568.926270 0.000000 0.989960 0.000000 -0.141350 0.243824 0.243824 0.243824
4526.601562 0.000000 2548.899414 0.000000 0.999928 0.000000 -0.012015 0.248596 0.248596 0.248596
4529.195312 0.000000 2542.159912 0.000000 0.369421 0.000000 0.929262 0.253487 0.253487 0.253487
4487.204590 0.000000 2570.779541 0.000000 0.944413 0.000000 -0.328760 0.273735 0.273735 0.273735
4529.862305 0.000000 2542.998779 0.000000 0.041218 0.000000 0.999150 0.248889 0.248889 0.248889
4491.583496 0.000000 2568.383301 0.000000 0.961794 0.000000 0.273773 0.278446 0.278446 0.278446
4500.484375 0.000000 2566.570312 0.000000 0.535557 0.000000 0.844499 0.269920 0.269920 0.269920
4518.167480 0.000000 2553.453369 0.000000 0.786850 0.000000 0.617145 0.288045 0.288045 0.288045
4489.816895 0.000000 2567.310059 0.000000 0.998990 0.000000 0.044934 0.299207 0.299207 0.299207
4487.893555 0.000000 2569.749756 0.000000 0.912449 0.000000 0.409191 0.292738 0.292738 0.292738
4486.282227 0.000000 2579.805420 0.000000 0.675636 0.000000 0.737236 0.270116 0.270116 0.270116
4489.685059 0.000000 2568.294678 0.000000 0.190938 0.000000 0.981602 0.273979 0.273979 0.273979
4486.026855 0.000000 2567.106934 0.000000 0.980589 0.000000 -0.196076 0.299375 0.299375 0.299375
4488.460938 0.000000 2566.981445 0.000000 0.817894 0.000000 -0.575369 0.310813 0.310813 0.310813
4357.351074 0.000000 2636.407227 0.000000 0.455946 0.000000 0.890008 0.205811 0.205811 0.205811
4357.481934 0.000000 2635.067139 0.000000 0.753188 0.000000 0.657805 0.278971 0.278971 0.278971
4354.314941 0.000000 2634.008057 0.000000 0.975217 0.000000 -0.221252 0.303877 0.303877 0.303877
4441.661133 0.000000 2601.347412 0.000000 0.909895 0.000000 -0.414838 0.202926 0.202926 0.202926
4422.953125 0.000000 2633.891602 0.000000 0.965668 0.000000 -0.259778 0.208420 0.208420 0.208420
4420.789062 0.000000 2632.138184 0.000000 0.795255 0.000000 0.606275 0.207367 0.207367 0.207367
4446.725586 0.000000 2601.873779 0.000000 0.840499 0.000000 0.541814 0.210664 0.210664 0.210664
4421.832520 0.000000 2630.146973 0.000000 0.173668 0.000000 0.984804 0.206304 0.206304 0.206304
4452.560547 0.000000 2612.336914 0.000000 0.973488 0.000000 0.228738 0.220081 0.220081 0.220081
4427.461426 0.000000 2625.875732 0.000000 0.862095 0.000000 0.506747 0.219548 0.219548 0.219548
4448.594727 0.000000 2617.919678 0.000000 0.203789 0.000000 0.979015 0.214921 0.214921 0.214921
4430.222168 0.000000 2621.432129 0.000000 0.989353 0.000000 -0.145539 0.229669 0.229669 0.229669
4450.977539 0.000000 2612.780762 0.000000 0.407908 0.000000 0.913023 0.214430 0.214430 0.214430
4437.229004 0.000000 2612.373535 0.000000 0.999167 0.000000 -0.040811 0.234300 0.234300 0.234300
4453.508789 0.000000 2613.669678 0.000000 0.524857 0.000000 0.851191 0.213094 0.213094 0.213094
4445.055664 0.000000 2604.294922 0.000000 0.995643 0.000000 0.093242 0.222967 0.222967 0.222967
4426.583984 0.000000 2624.505371 0.000000 0.112067 0.000000 0.993701 0.211135 0.211135 0.211135
4447.750977 0.000000 2604.864258 0.000000 0.063758 0.000000 0.997965 0.220330 0.220330 0.220330
4448.240234 0.000000 2612.251221 0.000000 0.498439 0.000000 0.866925 0.220420 0.220420 0.220420
4446.425293 0.000000 2605.165527 0.000000 0.071062 0.000000 0.997472 0.220404 0.220404 0.220404
4443.970215 0.000000 2599.263428 0.000000 0.042143 0.000000 0.999112 0.229638 0.229638 0.229638
4424.415527 0.000000 2625.353516 0.000000 0.971149 0.000000 0.238472 0.257735 0.257735 0.257735
4422.969727 0.000000 2630.605469 0.000000 0.419044 0.000000 0.907966 0.244891 0.244891 0.244891
4423.807129 0.000000 2631.482910 0.000000 0.722124 0.000000 0.691764 0.249566 0.249566 0.249566
4451.665039 0.000000 2607.862305 0.000000 0.115890 0.000000 0.993262 0.263921 0.263921 0.263921
4445.639160 0.000000 2601.756348 0.000000 0.996377 0.000000 -0.085049 0.265820 0.265820 0.265820
4445.897949 0.000000 2599.306641 0.000000 0.900724 0.000000 0.434391 0.269472 0.269472 0.269472
4425.796387 0.000000 2630.775391 0.000000 0.980463 0.000000 0.196705 0.263760 0.263760 0.263760
4452.076660 0.000000 2606.949219 0.000000 0.460319 0.000000 0.887753 0.280936 0.280936 0.280936
4446.916992 0.000000 2606.083740 0.000000 0.413988 0.000000 0.910282 0.279865 0.279865 0.279865
4450.542969 0.000000 2606.031982 0.000000 0.899006 0.000000 -0.437937 0.293608 0.293608 0.293608
4452.835449 0.000000 2606.530273 0.000000 0.274632 0.000000 0.961549 0.277443 0.277443 0.277443
4757.422363 0.000000 2453.183105 0.000000 0.413642 0.000000 0.910439 0.202897 0.202897 0.202897
4757.609863 0.000000 2461.477051 0.000000 0.677807 0.000000 0.735240 0.210125 0.210125 0.210125
4767.972656 0.000000 2453.208984 0.000000 0.828678 0.000000 0.559726 0.216858 0.216858 0.216858
4754.728027 0.000000 2462.986084 0.000000 0.793219 0.000000 0.608936 0.230527 0.230527 0.230527
4761.036621 0.000000 2453.762939 0.000000 0.781968 0.000000 0.623318 0.238710 0.238710 0.238710
4755.693848 0.000000 2458.163818 0.000000 0.944828 0.000000 0.327568 0.249531 0.249531 0.249531
4760.864258 0.000000 2455.382080 0.000000 0.323204 0.000000 0.946329 0.239216 0.239216 0.239216
4762.147949 0.000000 2453.373535 0.000000 0.975842 0.000000 0.218477 0.278761 0.278761 0.278761
4767.611328 0.000000 2454.244629 0.000000 0.316263 0.000000 0.948672 0.278438 0.278438 0.278438
4766.344238 0.000000 2455.486816 0.000000 0.269254 0.000000 0.963069 0.277589 0.277589 0.277589
4762.912598 0.000000 2455.237549 0.000000 0.994710 0.000000 0.102725 0.287720 0.287720 0.287720
4764.763184 0.000000 2455.572021 0.000000 0.887980 0.000000 -0.459882 0.308393 0.308393 0.308393
4764.412109 0.000000 2454.700684 0.000000 0.957317 0.000000 0.289041 0.294850 0.294850 0.294850
4762.685059 0.000000 2464.969482 0.000000 0.517515 0.000000 0.855674 0.279904 0.279904 0.279904
4763.588867 0.000000 2465.610840 0.000000 0.727372 0.000000 0.686244 0.284461 0.284461 0.284461
4913.272949 0.000000 2293.000000 0.000000 0.688763 0.000000 0.724987 0.194796 0.194796 0.194796
4905.676758 0.000000 2277.441895 0.000000 0.957527 0.000000 0.288345 0.197992 0.197992 0.197992
4917.519043 0.000000 2286.000488 0.000000 0.940974 0.000000 0.338479 0.197854 0.197854 0.197854
4909.747070 0.000000 2308.066650 0.000000 0.188201 0.000000 0.982131 0.199518 0.199518 0.199518
4917.101074 0.000000 2304.700439 0.000000 0.993661 0.000000 0.112421 0.210035 0.210035 0.210035
4914.516602 0.000000 2275.406494 0.000000 0.389224 0.000000 0.921143 0.204701 0.204701 0.204701
4904.388184 0.000000 2309.376709 0.000000 0.992397 0.000000 0.123078 0.219372 0.219372 0.219372
4923.502441 0.000000 2271.372314 0.000000 0.939239 0.000000 0.343264 0.215763 0.215763 0.215763
4894.652344 0.000000 2271.460449 0.000000 0.961408 0.000000 0.275125 0.213645 0.213645 0.213645
4895.632324 0.000000 2270.043701 0.000000 0.888568 0.000000 -0.458745 0.219936 0.219936 0.219936
4901.265137 0.000000 2279.038574 0.000000 0.965002 0.000000 -0.262242 0.229073 0.229073 0.229073
4895.967773 0.000000 2277.574707 0.000000 0.972950 0.000000 0.231015 0.222803 0.222803 0.222803
4896.608398 0.000000 2290.906250 0.000000 0.893804 0.000000 -0.448457 0.243790 0.243790 0.243790
4917.096191 0.000000 2284.443359 0.000000 0.859299 0.000000 -0.511473 0.237473 0.237473 0.237473
4900.309082 0.000000 2288.760986 0.000000 0.774866 0.000000 0.632126 0.233884 0.233884 0.233884
4916.156250 0.000000 2277.743164 0.000000 0.996153 0.000000 0.087627 0.234131 0.234131 0.234131
4889.534668 0.000000 2268.937012 0.000000 0.038725 0.000000 0.999250 0.216243 0.216243 0.216243
4897.739258 0.000000 2261.898926 0.000000 0.959172 0.000000 -0.282824 0.249418 0.249418 0.249418
4919.129883 0.000000 2285.968262 0.000000 0.875293 0.000000 -0.483593 0.257739 0.257739 0.257739
4906.351562 0.000000 2308.463379 0.000000 0.571897 0.000000 0.820326 0.242056 0.242056 0.242056
4911.984863 0.000000 2292.955322 0.000000 0.062801 0.000000 0.998026 0.227967 0.227967 0.227967
4925.982422 0.000000 2270.899902 0.000000 0.999072 0.000000 -0.043062 0.253451 0.253451 0.253451
4924.125488 0.000000 2270.269531 0.000000 0.965179 0.000000 -0.261590 0.256075 0.256075 0.256075
4917.656738 0.000000 2282.018311 0.000000 0.995092 0.000000 0.098957 0.262300 0.262300 0.262300
4890.770996 0.000000 2268.975586 0.000000 0.976906 0.000000 0.213668 0.244912 0.244912 0.244912
4919.569824 0.000000 2279.373291 0.000000 0.908459 0.000000 0.417974 0.263334 0.263334 0.263334
4925.552246 0.000000 2268.688232 0.000000 0.999943 0.000000 -0.010674 0.249703 0.249703 0.249703
4897.511719 0.000000 2268.434570 0.000000 0.546924 0.000000 0.837182 0.261696 0.261696 0.261696
4917.492676 0.000000 2314.904297 0.000000 0.902318 0.000000 -0.431070 0.273475 0.273475 0.273475
4893.720703 0.000000 2281.958252 0.000000 0.432023 0.000000 0.901862 0.248029 0.248029 0.248029
4892.949219 0.000000 2280.080078 0.000000 0.753153 0.000000 0.657845 0.253244 0.253244 0.253244
4917.304199 0.000000 2279.902832 0.000000 0.999636 0.000000 -0.026991 0.288661 0.288661 0.288661
4895.969727 0.000000 2260.501953 0.000000 0.864755 0.000000 -0.502194 0.293551 0.293551 0.293551
4910.219727 0.000000 2290.566650 0.000000 0.589780 0.000000 0.807564 0.280375 0.280375 0.280375
4890.914062 0.000000 2266.982910 0.000000 0.843443 0.000000 0.537218 0.290124 0.290124 0.290124
4896.790527 0.000000 2263.698975 0.000000 0.923477 0.000000 -0.383653 0.307284 0.307284 0.307284
4897.637695 0.000000 2275.307861 0.000000 0.788837 0.000000 0.614602 0.287954 0.287954 0.287954
4891.628418 0.000000 2266.524658 0.000000 0.945878 0.000000 0.324524 0.294245 0.294245 0.294245
4896.583984 0.000000 2274.142822 0.000000 0.986957 0.000000 -0.160984 0.302943 0.302943 0.302943
4897.171387 0.000000 2273.468506 0.000000 0.933238 0.000000 -0.359259 0.306523 0.306523 0.306523
4925.658691 0.000000 2351.175049 0.000000 0.992366 0.000000 0.123329 0.199194 0.199194 0.199194
4945.256836 0.000000 2350.574219 0.000000 0.641594 0.000000 0.767044 0.194304 0.194304 0.194304
4928.163086 0.000000 2350.605957 0.000000 0.714437 0.000000 0.699699 0.194834 0.194834 0.194834
4928.894531 0.000000 2346.159424 0.000000 0.328277 0.000000 0.944581 0.191636 0.191636 0.191636
4953.618652 0.000000 2367.536621 0.000000 0.946393 0.000000 -0.323018 0.211220 0.211220 0.211220
4956.720215 0.000000 2356.368408 0.000000 0.391011 0.000000 0.920386 0.202700 0.202700 0.202700
4956.664062 0.000000 2368.402100 0.000000 0.573662 0.000000 0.819092 0.257159 0.257159 0.257159
4958.530273 0.000000 2395.803711 0.000000 0.386946 0.000000 0.922102 0.192383 0.192383 0.192383
4953.661133 0.000000 2375.409912 0.000000 0.093647 0.000000 0.995605 0.189970 0.189970 0.189970
4959.632324 0.000000 2383.012451 0.000000 0.861540 0.000000 -0.507690 0.226267 0.226267 0.226267
4948.433105 0.000000 2389.358398 0.000000 0.988541 0.000000 0.150956 0.220784 0.220784 0.220784
4946.461914 0.000000 2388.924316 0.000000 0.947015 0.000000 -0.321189 0.225607 0.225607 0.225607
4931.597168 0.000000 2397.450439 0.000000 0.123945 0.000000 0.992289 0.215132 0.215132 0.215132
5101.386719 0.000000 2652.988281 0.000000 0.884411 0.000000 -0.466708 0.203273 0.203273 0.203273
5099.722656 0.000000 2653.604492 0.000000 0.838927 0.000000 0.544244 0.215428 0.215428 0.215428
5095.513672 0.000000 2652.923340 0.000000 0.850662 0.000000 -0.525714 0.255352 0.255352 0.255352
5098.690430 0.000000 2654.324463 0.000000 0.871927 0.000000 0.489635 0.253775 0.253775 0.253775
5106.709961 0.000000 2668.855469 0.000000 0.998761 0.000000 0.049765 0.209973 0.209973 0.209973
5098.257812 0.000000 2657.028076 0.000000 0.837138 0.000000 0.546992 0.208484 0.208484 0.208484
5098.415039 0.000000 2674.383789 0.000000 0.725741 0.000000 0.687968 0.214875 0.214875 0.214875
5098.712402 0.000000 2675.984131 0.000000 0.730663 0.000000 0.682738 0.214938 0.214938 0.214938
5108.467773 0.000000 2675.890381 0.000000 0.989214 0.000000 0.146478 0.242922 0.242922 0.242922
5104.162598 0.000000 2668.628906 0.000000 0.426813 0.000000 0.904340 0.232619 0.232619 0.232619
5101.140625 0.000000 2674.378174 0.000000 0.996243 0.000000 -0.086598 0.261882 0.261882 0.261882
5094.709473 0.000000 2665.573242 0.000000 0.838681 0.000000 -0.544623 0.265105 0.265105 0.265105
5099.277832 0.000000 2667.778320 0.000000 0.983181 0.000000 -0.182634 0.252262 0.252262 0.252262
5099.013184 0.000000 2655.975830 0.000000 0.933784 0.000000 -0.357838 0.264836 0.264836 0.264836
5097.191895 0.000000 2657.211670 0.000000 0.934577 0.000000 -0.355760 0.282288 0.282288 0.282288
5109.577148 0.000000 2673.711670 0.000000 0.972191 0.000000 -0.234190 0.260906 0.260906 0.260906
5102.294922 0.000000 2670.208496 0.000000 0.577243 0.000000 0.816572 0.265715 0.265715 0.265715
5100.463379 0.000000 2669.389160 0.000000 0.035448 0.000000 0.999372 0.268153 0.268153 0.268153
5102.404297 0.000000 2667.008301 0.000000 0.977299 0.000000 0.211864 0.283233 0.283233 0.283233
5105.666504 0.000000 2675.136230 0.000000 0.058418 0.000000 0.998292 0.265321 0.265321 0.265321
5107.106445 0.000000 2671.633789 0.000000 0.371298 0.000000 0.928514 0.279450 0.279450 0.279450
5102.626465 0.000000 2668.059326 0.000000 0.944276 0.000000 -0.329154 0.305815 0.305815 0.305815
5094.424805 0.000000 2662.363525 0.000000 0.975773 0.000000 0.218785 0.280394 0.280394 0.280394
5105.165527 0.000000 2674.213379 0.000000 0.191121 0.000000 0.981566 0.267448 0.267448 0.267448
5102.106445 0.000000 2668.777344 0.000000 0.988976 0.000000 -0.148073 0.302577 0.302577 0.302577
5100.847656 0.000000 2667.426270 0.000000 0.037150 0.000000 0.999310 0.270710 0.270710 0.270710
5092.835449 0.000000 2663.014648 0.000000 0.950333 0.000000 0.311235 0.293955 0.293955 0.293955
5107.625977 0.000000 2672.310547 0.000000 0.935170 0.000000 -0.354199 0.306915 0.306915 0.306915
5095.854492 0.000000 2655.672607 0.000000 0.873076 0.000000 0.487584 0.290273 0.290273 0.290273
5094.076172 0.000000 2655.620361 0.000000 0.405069 0.000000 0.914286 0.277965 0.277965 0.277965
5100.686523 0.000000 2666.196045 0.000000 0.599698 0.000000 0.800226 0.282283 0.282283 0.282283
5178.305176 0.000000 2642.262695 0.000000 0.386273 0.000000 0.922385 0.192085 0.192085 0.192085
5141.422363 0.000000 2622.636230 0.000000 0.987308 0.000000 0.158819 0.205242 0.205242 0.205242
5131.256348 0.000000 2651.314697 0.000000 0.827907 0.000000 -0.560865 0.224463 0.224463 0.224463
5157.817871 0.000000 2631.848145 0.000000 0.456582 0.000000 0.889681 0.221469 0.221469 0.221469
5174.904297 0.000000 2634.589600 0.000000 0.954511 0.000000 -0.298177 0.229420 0.229420 0.229420
5155.030762 0.000000 2622.175537 0.000000 0.993490 0.000000 0.113922 0.233865 0.233865 0.233865
5163.575684 0.000000 2629.011475 0.000000 0.263326 0.000000 0.964707 0.215988 0.215988 0.215988
5157.210449 0.000000 2630.362793 0.000000 0.815907 0.000000 0.578184 0.226173 0.226173 0.226173
5140.196289 0.000000 2647.043457 0.000000 0.566500 0.000000 0.824062 0.224251 0.224251 0.224251
5160.459473 0.000000 2627.800781 0.000000 0.996670 0.000000 0.081545 0.233637 0.233637 0.233637
5132.955566 0.000000 2654.145264 0.000000 0.476614 0.000000 0.879113 0.224207 0.224207 0.224207
5172.695801 0.000000 2634.385010 0.000000 0.896325 0.000000 0.443397 0.240024 0.240024 0.240024
5152.863281 0.000000 2619.105957 0.000000 0.925727 0.000000 -0.378193 0.248218 0.248218 0.248218
5144.179688 0.000000 2638.889404 0.000000 0.983064 0.000000 -0.183263 0.251699 0.251699 0.251699
5174.086914 0.000000 2642.880371 0.000000 0.130838 0.000000 0.991404 0.232074 0.232074 0.232074
5154.136719 0.000000 2626.405029 0.000000 0.998341 0.000000 -0.057571 0.257568 0.257568 0.257568
5161.763184 0.000000 2620.301758 0.000000 0.966542 0.000000 -0.256508 0.271557 0.271557 0.271557
5152.087402 0.000000 2638.400391 0.000000 0.542987 0.000000 0.839741 0.255656 0.255656 0.255656
5142.963379 0.000000 2620.754150 0.000000 0.988423 0.000000 -0.151721 0.274104 0.274104 0.274104
5168.327148 0.000000 2653.584229 0.000000 0.962109 0.000000 0.272666 0.275209 0.275209 0.275209
5126.709961 0.000000 2654.411133 0.000000 0.667360 0.000000 0.744735 0.256257 0.256257 0.256257
5161.171875 0.000000 2621.757812 0.000000 0.890888 0.000000 -0.454223 0.274410 0.274410 0.274410
5155.250488 0.000000 2635.707520 0.000000 0.937134 0.000000 0.348970 0.267039 0.267039 0.267039
5138.137207 0.000000 2641.239258 0.000000 0.990464 0.000000 -0.137774 0.272770 0.272770 0.272770
5163.449707 0.000000 2626.564697 0.000000 0.931973 0.000000 -0.362528 0.278307 0.278307 0.278307
5153.751465 0.000000 2638.257812 0.000000 0.962323 0.000000 0.271907 0.265449 0.265449 0.265449
5137.626953 0.000000 2643.261963 0.000000 0.988790 0.000000 0.149313 0.268806 0.268806 0.268806
5173.109375 0.000000 2642.556152 0.000000 0.894854 0.000000 0.446358 0.284648 0.284648 0.284648
5159.437500 0.000000 2620.909668 0.000000 0.330267 0.000000 0.943888 0.278046 0.278046 0.278046
5132.804688 0.000000 2646.232178 0.000000 0.996683 0.000000 0.081378 0.298548 0.298548 0.298548
5141.506348 0.000000 2645.637451 0.000000 0.999997 0.000000 0.002254 0.283159 0.283159 0.283159
5155.412598 0.000000 2631.123535 0.000000 0.966433 0.000000 -0.256919 0.300419 0.300419 0.300419
5137.119629 0.000000 2646.539795 0.000000 0.999214 0.000000 -0.039636 0.296178 0.296178 0.296178
5137.887207 0.000000 2647.895508 0.000000 0.372101 0.000000 0.928192 0.275728 0.275728 0.275728
5142.761719 0.000000 2643.358887 0.000000 0.835090 0.000000 -0.550113 0.305209 0.305209 0.305209
5162.251953 0.000000 2625.383789 0.000000 0.688081 0.000000 0.725634 0.281505 0.281505 0.281505
5133.181641 0.000000 2650.605957 0.000000 0.516762 0.000000 0.856129 0.282104 0.282104 0.282104
5161.785645 0.000000 2622.537354 0.000000 0.985225 0.000000 -0.171267 0.303074 0.303074 0.303074
5139.773926 0.000000 2642.221680 0.000000 0.904433 0.000000 0.426616 0.292259 0.292259 0.292259
5134.078125 0.000000 2652.047363 0.000000 0.825895 0.000000 -0.563824 0.311440 0.311440 0.311440
5139.296875 0.000000 2646.889404 0.000000 0.935563 0.000000 -0.353161 0.306894 0.306894 0.306894
5135.476074 0.000000 2646.369873 0.000000 0.777470 0.000000 0.628920 0.287796 0.287796 0.287796
5132.220215 0.000000 2650.930908 0.000000 0.124000 0.000000 0.992282 0.274812 0.274812 0.274812
5163.210449 0.000000 2625.724854 0.000000 0.920415 0.000000 0.390942 0.288303 0.288303 0.288303
5132.758789 0.000000 2649.217041 0.000000 0.689359 0.000000 0.724420 0.285497 0.285497 0.285497
5139.236816 0.000000 2642.908203 0.000000 0.677373 0.000000 0.735640 0.285482 0.285482 0.285482
5155.133789 0.000000 2632.164062 0.000000 0.932658 0.000000 -0.360762 0.306952 0.306952 0.306952
5139.537598 0.000000 2653.400146 0.000000 0.922170 0.000000 0.386784 0.292415 0.292415 0.292415
5154.144531 0.000000 2632.227783 0.000000 0.990135 0.000000 -0.140120 0.302648 0.302648 0.302648
5132.681641 0.000000 2647.252441 0.000000 0.797757 0.000000 0.602980 0.288463 0.288463 0.288463
5158.548340 0.000000 2620.900146 0.000000 0.131987 0.000000 0.991251 0.274413 0.274413 0.274413
5137.305664 0.000000 2649.306396 0.000000 0.965117 0.000000 0.261820 0.294941 0.294941 0.294941
5158.583008 0.000000 2622.540039 0.000000 0.955656 0.000000 0.294485 0.294291 0.294291 0.294291
5138.520996 0.000000 2646.267578 0.000000 0.759283 0.000000 0.650761 0.286467 0.286467 0.286467
5134.660156 0.000000 2649.488525 0.000000 0.514384 0.000000 0.857560 0.280936 0.280936 0.280936
5136.749023 0.000000 2652.982666 0.000000 0.999713 0.000000 0.023977 0.299542 0.299542 0.299542
5122.356934 0.000000 2659.663818 0.000000 0.536947 0.000000 0.843616 0.193132 0.193132 0.193132
5129.084961 0.000000 2665.583496 0.000000 0.823708 0.000000 0.567014 0.195891 0.195891 0.195891
5163.095215 0.000000 2669.084229 0.000000 0.819072 0.000000 0.573690 0.197053 0.197053 0.197053
5153.049316 0.000000 2656.015869 0.000000 0.995604 0.000000 -0.093660 0.206584 0.206584 0.206584
5144.512695 0.000000 2662.498535 0.000000 0.902085 0.000000 -0.431558 0.229585 0.229585 0.229585
5160.469727 0.000000 2674.030762 0.000000 0.712838 0.000000 0.701329 0.219919 0.219919 0.219919
5159.388184 0.000000 2672.826416 0.000000 0.957387 0.000000 0.288808 0.232611 0.232611 0.232611
5139.337891 0.000000 2654.924561 0.000000 0.920769 0.000000 -0.390108 0.243701 0.243701 0.243701
5151.169922 0.000000 2668.003174 0.000000 0.900507 0.000000 -0.434842 0.267068 0.267068 0.267068
5149.048828 0.000000 2656.408203 0.000000 0.919886 0.000000 0.392186 0.240647 0.240647 0.240647
5126.916992 0.000000 2657.189453 0.000000 0.881595 0.000000 0.472007 0.252967 0.252967 0.252967
5155.712891 0.000000 2671.546143 0.000000 0.444281 0.000000 0.895888 0.267816 0.267816 0.267816
5127.012695 0.000000 2655.856445 0.000000 0.993293 0.000000 -0.115625 0.269059 0.269059 0.269059
5169.862305 0.000000 2655.967529 0.000000 0.963333 0.000000 -0.268307 0.265954 0.265954 0.265954
5146.285645 0.000000 2660.570801 0.000000 0.860811 0.000000 0.508925 0.270891 0.270891 0.270891
5124.471191 0.000000 2658.409668 0.000000 0.548522 0.000000 0.836136 0.265201 0.265201 0.265201
5136.073730 0.000000 2657.275146 0.000000 0.948092 0.000000 -0.317996 0.271260 0.271260 0.271260
5127.502930 0.000000 2662.039062 0.000000 0.043560 0.000000 0.999051 0.248921 0.248921 0.248921
5154.505859 0.000000 2670.197021 0.000000 0.944016 0.000000 0.329899 0.279709 0.279709 0.279709
5158.267090 0.000000 2676.577148 0.000000 0.554233 0.000000 0.832361 0.265799 0.265799 0.265799
5151.628906 0.000000 2657.896484 0.000000 0.904415 0.000000 0.426653 0.273319 0.273319 0.273319
5127.659180 0.000000 2659.499512 0.000000 0.447446 0.000000 0.894311 0.261031 0.261031 0.261031
5156.887207 0.000000 2670.918457 0.000000 0.448559 0.000000 0.893753 0.271298 0.271298 0.271298
5165.587891 0.000000 2661.555176 0.000000 0.868600 0.000000 0.495515 0.290759 0.290759 0.290759
5126.565430 0.000000 2660.916748 0.000000 0.885619 0.000000 -0.464413 0.289334 0.289334 0.289334
5157.482910 0.000000 2669.177979 0.000000 0.917588 0.000000 0.397532 0.291377 0.291377 0.291377
5134.026855 0.000000 2655.453369 0.000000 0.881955 0.000000 0.471333 0.291380 0.291380 0.291380
5159.437500 0.000000 2677.394043 0.000000 0.804840 0.000000 0.593492 0.270963 0.270963 0.270963
5124.596680 0.000000 2660.104980 0.000000 0.498135 0.000000 0.867099 0.281531 0.281531 0.281531
5145.506836 0.000000 2660.042480 0.000000 0.991226 0.000000 -0.132179 0.302398 0.302398 0.302398
5140.122559 0.000000 2657.621826 0.000000 0.966514 0.000000 -0.256613 0.304956 0.304956 0.304956
5154.721191 0.000000 2668.382324 0.000000 0.764544 0.000000 0.644572 0.286622 0.286622 0.286622
5139.126953 0.000000 2656.225830 0.000000 0.369531 0.000000 0.929218 0.269927 0.269927 0.269927
5134.919922 0.000000 2655.769531 0.000000 0.427464 0.000000 0.904032 0.280169 0.280169 0.280169
5154.097168 0.000000 2669.060547 0.000000 0.912392 0.000000 -0.409317 0.308054 0.308054 0.308054
5140.746094 0.000000 2659.303223 0.000000 0.929679 0.000000 -0.368372 0.307021 0.307021 0.307021
5152.800781 0.000000 2668.064941 0.000000 0.269945 0.000000 0.962876 0.275463 0.275463 0.275463
5137.713867 0.000000 2658.205811 0.000000 0.994429 0.000000 0.105407 0.298078 0.298078 0.298078
5125.979492 0.000000 2660.284180 0.000000 0.983611 0.000000 -0.180303 0.303191 0.303191 0.303191
5144.679199 0.000000 2660.271484 0.000000 0.336986 0.000000 0.941510 0.277805 0.277805 0.277805
5136.137207 0.000000 2658.124268 0.000000 0.203275 0.000000 0.979122 0.275137 0.275137 0.275137
5152.583984 0.000000 2669.533447 0.000000 0.772743 0.000000 0.634719 0.286996 0.286996 0.286996
5142.214844 0.000000 2659.458252 0.000000 0.990843 0.000000 -0.135017 0.302587 0.302587 0.302587
5155.757812 0.000000 2669.638428 0.000000 0.971242 0.000000 0.238095 0.295409 0.295409 0.295409
5136.606934 0.000000 2659.368408 0.000000 0.841833 0.000000 -0.539738 0.310376 0.310376 0.310376
5141.901855 0.000000 2656.950928 0.000000 0.443793 0.000000 0.896129 0.278782 0.278782 0.278782
5140.873047 0.000000 2656.512207 0.000000 0.067878 0.000000 0.997694 0.271297 0.271297 0.271297
5217.491699 0.000000 2660.660889 0.000000 0.772515 0.000000 0.634996 0.195225 0.195225 0.195225
5214.652344 0.000000 2666.851074 0.000000 0.669908 0.000000 0.742444 0.206917 0.206917 0.206917
5223.089844 0.000000 2670.078857 0.000000 0.892137 0.000000 0.451765 0.215285 0.215285 0.215285
5234.132324 0.000000 2674.186768 0.000000 0.790251 0.000000 0.612783 0.221017 0.221017 0.221017
5215.750977 0.000000 2661.348633 0.000000 0.960361 0.000000 -0.278760 0.234981 0.234981 0.234981
5216.240234 0.000000 2668.735596 0.000000 0.227931 0.000000 0.973677 0.223475 0.223475 0.223475
5224.166504 0.000000 2667.371826 0.000000 0.129754 0.000000 0.991546 0.230145 0.230145 0.230145
5220.191406 0.000000 2666.470459 0.000000 0.740358 0.000000 0.672213 0.241105 0.241105 0.241105
5215.169922 0.000000 2668.003174 0.000000 0.952105 0.000000 -0.305772 0.261826 0.261826 0.261826
5227.277832 0.000000 2667.778320 0.000000 0.902835 0.000000 0.429988 0.263154 0.263154 0.263154
5233.734375 0.000000 2672.874756 0.000000 0.932689 0.000000 -0.360682 0.282948 0.282948 0.282948
5219.665039 0.000000 2664.346680 0.000000 0.551335 0.000000 0.834284 0.262766 0.262766 0.262766
5227.281250 0.000000 2666.380127 0.000000 0.800670 0.000000 0.599106 0.260467 0.260467 0.260467
5226.282715 0.000000 2668.271484 0.000000 0.107768 0.000000 0.994176 0.257286 0.257286 0.257286
5218.923828 0.000000 2666.608154 0.000000 0.938278 0.000000 0.345883 0.283743 0.283743 0.283743
5218.215820 0.000000 2665.558594 0.000000 0.084128 0.000000 0.996455 0.255543 0.255543 0.255543
5234.836914 0.000000 2673.583496 0.000000 0.822781 0.000000 -0.568359 0.304372 0.304372 0.304372
5218.231445 0.000000 2667.390625 0.000000 0.614042 0.000000 0.789273 0.274899 0.274899 0.274899
5284.682129 0.000000 2678.554932 0.000000 0.998108 0.000000 0.061484 0.204865 0.204865 0.204865
5284.813477 0.000000 2671.919922 0.000000 0.486119 0.000000 0.873893 0.217758 0.217758 0.217758
5285.604004 0.000000 2677.349609 0.000000 0.113607 0.000000 0.993526 0.224688 0.224688 0.224688
5285.802246 0.000000 2673.042480 0.000000 0.998061 0.000000 -0.062247 0.231696 0.231696 0.231696
5254.267578 0.000000 2679.205566 0.000000 0.997844 0.000000 0.065634 0.227115 0.227115 0.227115
5254.813965 0.000000 2676.529541 0.000000 0.842746 0.000000 0.538311 0.236176 0.236176 0.236176
5282.505859 0.000000 2670.197021 0.000000 0.883569 0.000000 0.468301 0.285302 0.285302 0.285302
5429.860840 0.000000 2646.347656 0.000000 0.955182 0.000000 0.296020 0.197944 0.197944 0.197944
5436.104492 0.000000 2651.935059 0.000000 0.818468 0.000000 -0.574553 0.242952 0.242952 0.242952
5428.601074 0.000000 2649.218750 0.000000 0.165803 0.000000 0.986159 0.231514 0.231514 0.231514
5435.539551 0.000000 2650.815918 0.000000 0.991423 0.000000 -0.130692 0.240871 0.240871 0.240871
5437.190430 0.000000 2653.703369 0.000000 0.659181 0.000000 0.751984 0.241331 0.241331 0.241331
5430.610352 0.000000 2648.194580 0.000000 0.887926 0.000000 -0.459987 0.275087 0.275087 0.275087
5431.218262 0.000000 2650.417725 0.000000 0.377926 0.000000 0.925836 0.241879 0.241879 0.241879
5431.916992 0.000000 2648.447754 0.000000 0.723206 0.000000 0.690632 0.258325 0.258325 0.258325
5473.412109 0.000000 2669.722656 0.000000 0.999938 0.000000 -0.011121 0.201480 0.201480 0.201480
5446.054199 0.000000 2656.364258 0.000000 0.144383 0.000000 0.989522 0.210942 0.210942 0.210942
5443.050781 0.000000 2658.159912 0.000000 0.226604 0.000000 0.973987 0.208740 0.208740 0.208740
5474.977539 0.000000 2669.265137 0.000000 0.509679 0.000000 0.860365 0.218013 0.218013 0.218013
5472.868164 0.000000 2671.136963 0.000000 0.658167 0.000000 0.752872 0.220767 0.220767 0.220767
5498.873047 0.000000 2670.514404 0.000000 0.946817 0.000000 0.321771 0.242564 0.242564 0.242564
5451.305176 0.000000 2662.088623 0.000000 0.983725 0.000000 -0.179679 0.295661 0.295661 0.295661
5449.080078 0.000000 2664.615723 0.000000 0.647530 0.000000 0.762040 0.276590 0.276590 0.276590
5448.761230 0.000000 2663.456787 0.000000 0.830286 0.000000 0.557338 0.285163 0.285163 0.285163
5449.526367 0.000000 2662.931152 0.000000 0.999507 0.000000 -0.031388 0.295478 0.295478 0.295478
5503.025879 0.000000 2760.615234 0.000000 0.989996 0.000000 -0.141094 0.234168 0.234168 0.234168
5501.367188 0.000000 2762.385742 0.000000 0.923656 0.000000 -0.383224 0.251771 0.251771 0.251771
5476.342285 0.000000 2823.403076 0.000000 0.989410 0.000000 -0.145146 0.212642 0.212642 0.212642
5461.101562 0.000000 2814.185303 0.000000 0.619201 0.000000 0.785232 0.210508 0.210508 0.210508
5464.891602 0.000000 2814.089600 0.000000 0.352834 0.000000 0.935686 0.205384 0.205384 0.205384
5462.889648 0.000000 2816.996338 0.000000 0.900057 0.000000 -0.435772 0.238967 0.238967 0.238967
5453.676758 0.000000 2804.728271 0.000000 0.952605 0.000000 -0.304210 0.272225 0.272225 0.272225
5463.599609 0.000000 2814.621094 0.000000 0.349674 0.000000 0.936871 0.257556 0.257556 0.257556
5454.090820 0.000000 2811.768311 0.000000 0.978455 0.000000 0.206462 0.263080 0.263080 0.263080
5461.995605 0.000000 2808.240234 0.000000 0.574690 0.000000 0.818371 0.281548 0.281548 0.281548
5451.761719 0.000000 2805.145996 0.000000 0.354391 0.000000 0.935097 0.273022 0.273022 0.273022
5544.199219 0.000000 2742.095947 0.000000 0.418828 0.000000 0.908066 0.198382 0.198382 0.198382
5531.739258 0.000000 2754.873291 0.000000 0.931938 0.000000 -0.362618 0.216167 0.216167 0.216167
5532.266602 0.000000 2748.617188 0.000000 0.454093 0.000000 0.890954 0.220436 0.220436 0.220436
5544.675293 0.000000 2758.290283 0.000000 0.967615 0.000000 0.252430 0.237911 0.237911 0.237911
5533.817383 0.000000 2751.129395 0.000000 0.933193 0.000000 0.359376 0.236719 0.236719 0.236719
5532.231934 0.000000 2752.852783 0.000000 0.360880 0.000000 0.932612 0.250444 0.250444 0.250444
5544.053711 0.000000 2763.604248 0.000000 0.188355 0.000000 0.982101 0.238506 0.238506 0.238506
5545.492676 0.000000 2761.733887 0.000000 0.927917 0.000000 -0.372787 0.281384 0.281384 0.281384
5544.275879 0.000000 2760.022705 0.000000 0.814482 0.000000 0.580188 0.267042 0.267042 0.267042
5507.149902 0.000000 2757.043213 0.000000 0.995999 0.000000 -0.089369 0.260786 0.260786 0.260786
5532.235840 0.000000 2753.927002 0.000000 0.453284 0.000000 0.891366 0.251787 0.251787 0.251787
5543.420898 0.000000 2742.753662 0.000000 0.182030 0.000000 0.983293 0.250349 0.250349 0.250349
5539.800781 0.000000 2741.399170 0.000000 0.200291 0.000000 0.979737 0.275800 0.275800 0.275800
5534.608887 0.000000 2773.273926 0.000000 0.945231 0.000000 -0.326401 0.202274 0.202274 0.202274
5547.690430 0.000000 2771.298340 0.000000 0.967764 0.000000 -0.251858 0.205499 0.205499 0.205499
5529.304688 0.000000 2768.728027 0.000000 0.008267 0.000000 0.999966 0.202950 0.202950 0.202950
5538.377441 0.000000 2811.461670 0.000000 0.923876 0.000000 -0.382692 0.233737 0.233737 0.233737
5535.069336 0.000000 2777.117432 0.000000 0.873617 0.000000 0.486614 0.240017 0.240017 0.240017
5535.443848 0.000000 2805.845703 0.000000 0.991029 0.000000 0.133649 0.250802 0.250802 0.250802
5548.736816 0.000000 2770.556396 0.000000 0.994407 0.000000 0.105614 0.243929 0.243929 0.243929
5535.082031 0.000000 2803.882080 0.000000 0.889495 0.000000 0.456945 0.241991 0.241991 0.241991
5569.118652 0.000000 2812.464600 0.000000 0.354843 0.000000 0.934926 0.192806 0.192806 0.192806
5499.000977 0.000000 2862.019775 0.000000 0.997847 0.000000 0.065581 0.200934 0.200934 0.200934
5490.750488 0.000000 2864.771973 0.000000 0.811405 0.000000 -0.584484 0.213497 0.213497 0.213497
5476.749023 0.000000 2833.588135 0.000000 0.773459 0.000000 0.633846 0.213407 0.213407 0.213407
5471.834473 0.000000 2826.372314 0.000000 0.922023 0.000000 -0.387135 0.250071 0.250071 0.250071
5501.145996 0.000000 2865.897949 0.000000 0.879603 0.000000 -0.475709 0.252338 0.252338 0.252338
5490.448730 0.000000 2867.443604 0.000000 0.940398 0.000000 -0.340076 0.263436 0.263436 0.263436
5502.710938 0.000000 2862.445068 0.000000 0.996954 0.000000 0.077987 0.264240 0.264240 0.264240
5477.606445 0.000000 2827.138184 0.000000 0.238529 0.000000 0.971135 0.256380 0.256380 0.256380
5502.400879 0.000000 2863.769531 0.000000 0.915459 0.000000 -0.402411 0.270710 0.270710 0.270710
5474.086426 0.000000 2831.116699 0.000000 0.269308 0.000000 0.963054 0.239510 0.239510 0.239510
5500.731934 0.000000 2862.343994 0.000000 0.690766 0.000000 0.723078 0.263312 0.263312 0.263312
5474.215820 0.000000 2835.011719 0.000000 0.162964 0.000000 0.986632 0.256691 0.256691 0.256691
5494.385254 0.000000 2884.612061 0.000000 0.975601 0.000000 -0.219550 0.205256 0.205256 0.205256
5487.085449 0.000000 2919.531250 0.000000 0.821348 0.000000 -0.570427 0.210422 0.210422 0.210422
5486.203125 0.000000 2904.224609 0.000000 0.759952 0.000000 0.649979 0.223711 0.223711 0.223711
5486.671387 0.000000 2914.239746 0.000000 0.999929 0.000000 0.011935 0.237132 0.237132 0.237132
5493.096191 0.000000 2905.771484 0.000000 0.177830 0.000000 0.984061 0.221007 0.221007 0.221007
5498.873047 0.000000 2896.451904 0.000000 0.243866 0.000000 0.969809 0.231442 0.231442 0.231442
5486.744141 0.000000 2906.356689 0.000000 0.832412 0.000000 -0.554157 0.243883 0.243883 0.243883
5491.583984 0.000000 2885.279053 0.000000 0.050241 0.000000 0.998737 0.228779 0.228779 0.228779
5486.890137 0.000000 2916.958008 0.000000 0.827380 0.000000 0.561642 0.267366 0.267366 0.267366
5491.336914 0.000000 2902.814697 0.000000 0.657999 0.000000 0.753019 0.252532 0.252532 0.252532
5503.022461 0.000000 2893.151123 0.000000 0.881573 0.000000 0.472048 0.256151 0.256151 0.256151
5488.471680 0.000000 2905.504883 0.000000 0.307657 0.000000 0.951497 0.257405 0.257405 0.257405
5493.387207 0.000000 2886.251221 0.000000 0.751022 0.000000 0.660277 0.286983 0.286983 0.286983
5493.589844 0.000000 2887.525146 0.000000 0.657223 0.000000 0.753696 0.284591 0.284591 0.284591
5560.096680 0.000000 2851.862793 0.000000 0.886115 0.000000 -0.463465 0.212399 0.212399 0.212399
5564.201172 0.000000 2844.809326 0.000000 0.882299 0.000000 0.470689 0.222064 0.222064 0.222064
5565.613770 0.000000 2850.789795 0.000000 0.928383 0.000000 -0.371624 0.252793 0.252793 0.252793
5567.956055 0.000000 2851.137207 0.000000 0.653700 0.000000 0.756754 0.246350 0.246350 0.246350
5563.427246 0.000000 2847.403564 0.000000 0.608834 0.000000 0.793298 0.280773 0.280773 0.280773
5563.312012 0.000000 2845.337891 0.000000 0.806594 0.000000 0.591106 0.281893 0.281893 0.281893
5562.491699 0.000000 2846.950684 0.000000 0.993336 0.000000 -0.115256 0.298008 0.298008 0.298008
5563.654297 0.000000 2844.052002 0.000000 0.352149 0.000000 0.935944 0.272505 0.272505 0.272505
5569.451660 0.000000 2833.611084 0.000000 0.893157 0.000000 0.449745 0.196797 0.196797 0.196797
5575.620605 0.000000 2830.447998 0.000000 0.956006 0.000000 0.293346 0.210757 0.210757 0.210757
5570.970703 0.000000 2833.666504 0.000000 0.855611 0.000000 0.517620 0.228477 0.228477 0.228477
5569.144043 0.000000 2849.673096 0.000000 0.290532 0.000000 0.956865 0.240263 0.240263 0.240263
5505.654297 0.000000 2895.061279 0.000000 0.999812 0.000000 0.019374 0.209093 0.209093 0.209093
5504.369629 0.000000 2891.604980 0.000000 0.994425 0.000000 0.105450 0.225076 0.225076 0.225076
5549.641602 0.000000 2897.060059 0.000000 0.904982 0.000000 0.425449 0.230592 0.230592 0.230592
5507.916016 0.000000 2885.316162 0.000000 0.986677 0.000000 0.162694 0.233921 0.233921 0.233921
5549.193359 0.000000 2901.552979 0.000000 0.953263 0.000000 0.302141 0.246594 0.246594 0.246594
5553.976074 0.000000 2895.781738 0.000000 0.874488 0.000000 0.485047 0.272349 0.272349 0.272349
5553.560547 0.000000 2894.853027 0.000000 0.907956 0.000000 0.419065 0.273443 0.273443 0.273443
5550.106445 0.000000 2894.714844 0.000000 0.999653 0.000000 -0.026342 0.300472 0.300472 0.300472
"}
object={
	name="cypress_mediterranean_sparse_generator_3_1"
	clamp_to_water_level=no
	render_under_water=no
	generated_content=yes
	layer="semidynamic_high"
	pdxmesh="tree_cypress_mediterranean_01_mesh"
	count=341
	transform="3981.099609 0.000000 2392.120361 0.000000 0.801894 0.000000 -0.597466 0.204476 0.204476 0.204476
4027.001221 0.000000 2410.144775 0.000000 0.612310 0.000000 -0.790618 0.206686 0.206686 0.206686
3979.263184 0.000000 2408.906006 0.000000 0.220472 0.000000 -0.975393 0.213479 0.213479 0.213479
4001.478516 0.000000 2402.365234 0.000000 0.800816 0.000000 -0.598910 0.233755 0.233755 0.233755
4000.608643 0.000000 2403.875000 0.000000 0.610300 0.000000 -0.792170 0.236309 0.236309 0.236309
3998.521973 0.000000 2405.789551 0.000000 0.138403 0.000000 -0.990376 0.257076 0.257076 0.257076
4000.863281 0.000000 2393.168457 0.000000 0.467817 0.000000 -0.883825 0.282649 0.282649 0.282649
4000.723877 0.000000 2394.760010 0.000000 0.021130 0.000000 -0.999777 0.278450 0.278450 0.278450
4021.139160 0.000000 2412.338867 0.000000 0.647303 0.000000 -0.762233 0.293255 0.293255 0.293255
4000.414062 0.000000 2408.375732 0.000000 0.410037 0.000000 -0.912069 0.296799 0.296799 0.296799
4016.989258 0.000000 2403.910156 0.000000 0.051973 0.000000 -0.998648 0.304908 0.304908 0.304908
4074.690674 0.000000 2428.386963 0.000000 0.510176 0.000000 -0.860070 0.274518 0.274518 0.274518
4047.974854 0.000000 2404.987061 0.000000 0.215890 0.000000 -0.976418 0.308910 0.308910 0.308910
3982.604980 0.000000 2476.405029 0.000000 0.635810 0.000000 -0.771846 0.206120 0.206120 0.206120
4001.062500 0.000000 2480.902100 0.000000 0.461153 0.000000 -0.887321 0.207548 0.207548 0.207548
4000.544434 0.000000 2476.159668 0.000000 0.386526 0.000000 -0.922279 0.209140 0.209140 0.209140
3991.599854 0.000000 2483.383301 0.000000 0.250205 0.000000 -0.968193 0.245125 0.245125 0.245125
3997.034424 0.000000 2482.312012 0.000000 0.047929 0.000000 -0.998851 0.241378 0.241378 0.241378
3986.425781 0.000000 2477.680176 0.000000 0.808089 0.000000 -0.589061 0.236605 0.236605 0.236605
4000.754395 0.000000 2479.329102 0.000000 0.155382 0.000000 -0.987855 0.244805 0.244805 0.244805
3968.927002 0.000000 2482.521729 0.000000 0.167459 0.000000 -0.985879 0.260589 0.260589 0.260589
3996.664307 0.000000 2481.370850 0.000000 0.465019 0.000000 -0.885301 0.299680 0.299680 0.299680
3995.948730 0.000000 2480.653809 0.000000 0.728766 0.000000 -0.684763 0.313050 0.313050 0.313050
3994.225586 0.000000 2483.120850 0.000000 0.720379 0.000000 -0.693581 0.307044 0.307044 0.307044
4057.752441 0.000000 2485.205322 0.000000 0.492340 0.000000 -0.870403 0.278524 0.278524 0.278524
4057.314697 0.000000 2481.557861 0.000000 0.731266 0.000000 -0.682093 0.290314 0.290314 0.290314
4059.349609 0.000000 2483.834961 0.000000 0.134569 0.000000 -0.990904 0.321382 0.321382 0.321382
4058.225586 0.000000 2483.120850 0.000000 0.693990 0.000000 -0.719985 0.310737 0.310737 0.310737
3955.634277 0.000000 2528.040283 0.000000 0.247189 0.000000 -0.968967 0.208872 0.208872 0.208872
3966.025391 0.000000 2488.440674 0.000000 0.709971 0.000000 -0.704231 0.245887 0.245887 0.245887
3959.950928 0.000000 2523.496582 0.000000 0.653771 0.000000 -0.756693 0.263103 0.263103 0.263103
3964.967041 0.000000 2496.901855 0.000000 0.043363 0.000000 -0.999059 0.297137 0.297137 0.297137
3967.184082 0.000000 2499.342773 0.000000 0.195776 0.000000 -0.980649 0.299481 0.299481 0.299481
3950.654785 0.000000 2495.340088 0.000000 0.652724 0.000000 -0.757596 0.302400 0.302400 0.302400
4028.033936 0.000000 2533.135742 0.000000 0.449460 0.000000 -0.893301 0.220875 0.220875 0.220875
3985.219727 0.000000 2496.771240 0.000000 0.492933 0.000000 -0.870067 0.214993 0.214993 0.214993
3975.784180 0.000000 2538.628906 0.000000 0.230904 0.000000 -0.972977 0.230239 0.230239 0.230239
3974.073242 0.000000 2539.100098 0.000000 0.196322 0.000000 -0.980539 0.230542 0.230542 0.230542
3979.568604 0.000000 2541.265869 0.000000 0.373738 0.000000 -0.927534 0.241360 0.241360 0.241360
4030.842041 0.000000 2539.844727 0.000000 0.566852 0.000000 -0.823820 0.267487 0.267487 0.267487
4030.281982 0.000000 2538.380127 0.000000 0.207421 0.000000 -0.978252 0.272263 0.272263 0.272263
4028.564941 0.000000 2535.682129 0.000000 0.722856 0.000000 -0.690998 0.291713 0.291713 0.291713
3987.048340 0.000000 2495.613770 0.000000 0.068989 0.000000 -0.997617 0.322493 0.322493 0.322493
3988.064209 0.000000 2497.166016 0.000000 0.018353 0.000000 -0.999832 0.324014 0.324014 0.324014
4044.978516 0.000000 2486.048584 0.000000 0.769086 0.000000 -0.639145 0.204432 0.204432 0.204432
4061.958740 0.000000 2495.512939 0.000000 0.084637 0.000000 -0.996412 0.210277 0.210277 0.210277
4034.310791 0.000000 2521.923584 0.000000 0.371663 0.000000 -0.928368 0.211095 0.211095 0.211095
4053.422607 0.000000 2509.667480 0.000000 0.011017 0.000000 -0.999939 0.218812 0.218812 0.218812
4036.189941 0.000000 2530.475830 0.000000 0.004296 0.000000 -0.999991 0.233475 0.233475 0.233475
4056.030273 0.000000 2498.617676 0.000000 0.306148 0.000000 -0.951984 0.232682 0.232682 0.232682
4079.286621 0.000000 2487.085938 0.000000 0.187001 0.000000 -0.982360 0.254005 0.254005 0.254005
4070.782471 0.000000 2513.322266 0.000000 0.538023 0.000000 -0.842930 0.243263 0.243263 0.243263
4069.210205 0.000000 2517.394043 0.000000 0.240784 0.000000 -0.970579 0.255959 0.255959 0.255959
4052.314697 0.000000 2512.218018 0.000000 0.134883 0.000000 -0.990862 0.249458 0.249458 0.249458
4053.231201 0.000000 2523.824951 0.000000 0.372606 0.000000 -0.927990 0.247602 0.247602 0.247602
4078.200195 0.000000 2486.422363 0.000000 0.592875 0.000000 -0.805295 0.249319 0.249319 0.249319
4081.067871 0.000000 2489.841553 0.000000 0.705481 0.000000 -0.708729 0.250175 0.250175 0.250175
4068.268066 0.000000 2507.938477 0.000000 0.392734 0.000000 -0.919652 0.262998 0.262998 0.262998
4063.121582 0.000000 2516.572754 0.000000 0.152270 0.000000 -0.988339 0.283906 0.283906 0.283906
4072.114014 0.000000 2487.867920 0.000000 0.016179 0.000000 -0.999869 0.284393 0.284393 0.284393
4060.225586 0.000000 2512.942383 0.000000 0.203055 0.000000 -0.979167 0.283227 0.283227 0.283227
4081.364014 0.000000 2487.601807 0.000000 0.747846 0.000000 -0.663872 0.272997 0.272997 0.272997
4081.862061 0.000000 2486.514404 0.000000 0.315199 0.000000 -0.949026 0.279792 0.279792 0.279792
4053.654541 0.000000 2519.225342 0.000000 0.340139 0.000000 -0.940375 0.308162 0.308162 0.308162
4078.294922 0.000000 2500.755371 0.000000 0.303582 0.000000 -0.952805 0.280587 0.280587 0.280587
4085.817627 0.000000 2486.363037 0.000000 0.068686 0.000000 -0.997638 0.304656 0.304656 0.304656
4047.058105 0.000000 2491.038818 0.000000 0.105686 0.000000 -0.994399 0.303442 0.303442 0.303442
4062.344238 0.000000 2511.971191 0.000000 0.747924 0.000000 -0.663784 0.302109 0.302109 0.302109
4071.437256 0.000000 2507.940918 0.000000 0.769486 0.000000 -0.638663 0.312089 0.312089 0.312089
4069.324707 0.000000 2515.486572 0.000000 0.148741 0.000000 -0.988876 0.306711 0.306711 0.306711
4055.377686 0.000000 2519.818115 0.000000 0.787410 0.000000 -0.616429 0.312287 0.312287 0.312287
4069.866455 0.000000 2513.665039 0.000000 0.377630 0.000000 -0.925957 0.321984 0.321984 0.321984
4069.861084 0.000000 2511.208252 0.000000 0.676702 0.000000 -0.736257 0.315650 0.315650 0.315650
4054.974365 0.000000 2516.152832 0.000000 0.724323 0.000000 -0.689460 0.314073 0.314073 0.314073
4070.548584 0.000000 2507.931396 0.000000 0.799791 0.000000 -0.600279 0.311236 0.311236 0.311236
7152.316895 0.000000 888.996948 0.000000 0.149712 0.000000 -0.988730 0.261427 0.261427 0.261427
7156.629395 0.000000 889.465759 0.000000 0.566021 0.000000 -0.824391 0.268116 0.268116 0.268116
7218.750488 0.000000 661.881409 0.000000 0.369626 0.000000 -0.929181 0.217876 0.217876 0.217876
7220.629395 0.000000 663.528259 0.000000 0.458097 0.000000 -0.888902 0.295380 0.295380 0.295380
7221.139160 0.000000 661.323120 0.000000 0.106951 0.000000 -0.994264 0.280614 0.280614 0.280614
7239.440918 0.000000 728.219604 0.000000 0.588492 0.000000 -0.808503 0.220177 0.220177 0.220177
7241.805664 0.000000 731.943481 0.000000 0.127073 0.000000 -0.991893 0.325567 0.325567 0.325567
7256.512695 0.000000 742.029785 0.000000 0.568368 0.000000 -0.822774 0.227053 0.227053 0.227053
7248.268066 0.000000 746.575012 0.000000 0.778548 0.000000 -0.627585 0.265773 0.265773 0.265773
7253.121094 0.000000 746.050049 0.000000 0.176620 0.000000 -0.984279 0.325879 0.325879 0.325879
7332.742188 0.000000 787.502075 0.000000 0.286332 0.000000 -0.958130 0.223523 0.223523 0.223523
7331.546875 0.000000 787.257019 0.000000 0.805247 0.000000 -0.592939 0.261650 0.261650 0.261650
7266.735840 0.000000 830.434326 0.000000 0.505412 0.000000 -0.862878 0.206965 0.206965 0.206965
7239.699707 0.000000 806.636108 0.000000 0.563409 0.000000 -0.826178 0.229538 0.229538 0.229538
7269.210449 0.000000 822.862854 0.000000 0.690104 0.000000 -0.723710 0.253430 0.253430 0.253430
7236.081543 0.000000 810.751038 0.000000 0.370282 0.000000 -0.928919 0.254500 0.254500 0.254500
7237.044922 0.000000 821.657959 0.000000 0.662461 0.000000 -0.749096 0.257489 0.257489 0.257489
7253.654297 0.000000 824.694092 0.000000 0.527474 0.000000 -0.849571 0.297336 0.297336 0.297336
7269.165527 0.000000 828.824036 0.000000 0.318055 0.000000 -0.948072 0.291861 0.291861 0.291861
7232.030273 0.000000 808.170410 0.000000 0.142119 0.000000 -0.989850 0.314678 0.314678 0.314678
7248.178223 0.000000 817.490967 0.000000 0.735618 0.000000 -0.677397 0.297525 0.297525 0.297525
7250.823242 0.000000 826.919739 0.000000 0.448600 0.000000 -0.893733 0.312640 0.312640 0.312640
7250.564453 0.000000 827.873291 0.000000 0.656222 0.000000 -0.754568 0.308505 0.308505 0.308505
7236.596680 0.000000 796.120605 0.000000 0.739611 0.000000 -0.673034 0.290133 0.290133 0.290133
7252.944824 0.000000 824.065552 0.000000 0.214513 0.000000 -0.976721 0.302439 0.302439 0.302439
7266.722656 0.000000 823.044556 0.000000 0.134770 0.000000 -0.990877 0.327418 0.327418 0.327418
7252.539551 0.000000 826.154785 0.000000 0.541453 0.000000 -0.840731 0.317464 0.317464 0.317464
7311.325195 0.000000 825.789673 0.000000 0.015122 0.000000 -0.999886 0.224480 0.224480 0.224480
7328.131348 0.000000 795.900635 0.000000 0.771314 0.000000 -0.636455 0.232416 0.232416 0.232416
7326.425293 0.000000 797.665588 0.000000 0.077207 0.000000 -0.997015 0.263525 0.263525 0.263525
7336.923828 0.000000 797.479370 0.000000 0.730860 0.000000 -0.682528 0.272718 0.272718 0.272718
7308.066406 0.000000 821.046631 0.000000 0.667791 0.000000 -0.744349 0.291623 0.291623 0.291623
7338.392578 0.000000 797.551514 0.000000 0.242853 0.000000 -0.970063 0.323230 0.323230 0.323230
7308.186523 0.000000 823.142700 0.000000 0.622959 0.000000 -0.782254 0.317156 0.317156 0.317156
7338.345703 0.000000 796.091064 0.000000 0.332484 0.000000 -0.943109 0.321589 0.321589 0.321589
7318.338379 0.000000 860.248108 0.000000 0.789346 0.000000 -0.613949 0.231556 0.231556 0.231556
7314.209473 0.000000 858.169250 0.000000 0.528409 0.000000 -0.848990 0.290439 0.290439 0.290439
7316.464355 0.000000 860.610718 0.000000 0.315630 0.000000 -0.948882 0.323446 0.323446 0.323446
7317.385742 0.000000 860.517456 0.000000 0.726263 0.000000 -0.687417 0.314220 0.314220 0.314220
7149.431152 0.000000 907.801697 0.000000 0.370787 0.000000 -0.928718 0.224651 0.224651 0.224651
7153.096680 0.000000 911.443481 0.000000 0.479934 0.000000 -0.877305 0.242698 0.242698 0.242698
7158.252441 0.000000 906.304626 0.000000 0.411816 0.000000 -0.911267 0.262758 0.262758 0.262758
7161.981445 0.000000 909.377563 0.000000 0.561627 0.000000 -0.827390 0.260166 0.260166 0.260166
7159.719727 0.000000 907.779846 0.000000 0.693719 0.000000 -0.720246 0.258824 0.258824 0.258824
7160.005371 0.000000 909.857239 0.000000 0.105799 0.000000 -0.994388 0.265776 0.265776 0.265776
7148.467773 0.000000 911.755310 0.000000 0.145863 0.000000 -0.989305 0.276242 0.276242 0.276242
7161.008789 0.000000 906.202759 0.000000 0.242504 0.000000 -0.970150 0.324527 0.324527 0.324527
6750.288086 0.000000 1523.056152 0.000000 0.157045 0.000000 -0.987591 0.220206 0.220206 0.220206
6738.010742 0.000000 1519.126831 0.000000 0.544282 0.000000 -0.838902 0.231570 0.231570 0.231570
6738.747559 0.000000 1521.070923 0.000000 0.539744 0.000000 -0.841829 0.284639 0.284639 0.284639
7174.953125 0.000000 939.360229 0.000000 0.144533 0.000000 -0.989500 0.216545 0.216545 0.216545
7176.099121 0.000000 939.139587 0.000000 0.537956 0.000000 -0.842973 0.272863 0.272863 0.272863
7181.138672 0.000000 935.288330 0.000000 0.577361 0.000000 -0.816489 0.297058 0.297058 0.297058
7180.066406 0.000000 934.015381 0.000000 0.176985 0.000000 -0.984214 0.303665 0.303665 0.303665
7184.178223 0.000000 930.459717 0.000000 0.135137 0.000000 -0.990827 0.325208 0.325208 0.325208
7437.487793 0.000000 913.766663 0.000000 0.323598 0.000000 -0.946195 0.213314 0.213314 0.213314
7445.323242 0.000000 944.971863 0.000000 0.422831 0.000000 -0.906208 0.259497 0.259497 0.259497
7443.737305 0.000000 910.231689 0.000000 0.329510 0.000000 -0.944152 0.261257 0.261257 0.261257
7464.179688 0.000000 988.419006 0.000000 0.246697 0.000000 -0.969093 0.218873 0.218873 0.218873
7454.021484 0.000000 968.501282 0.000000 0.334630 0.000000 -0.942350 0.226829 0.226829 0.226829
7457.760254 0.000000 964.642517 0.000000 0.707637 0.000000 -0.706576 0.243511 0.243511 0.243511
7472.351074 0.000000 969.143250 0.000000 0.202269 0.000000 -0.979330 0.265296 0.265296 0.265296
7467.257324 0.000000 983.047180 0.000000 0.686272 0.000000 -0.727345 0.286967 0.286967 0.286967
7456.861816 0.000000 960.609436 0.000000 0.480508 0.000000 -0.876990 0.320427 0.320427 0.320427
4827.203125 0.000000 2242.208252 0.000000 0.355606 0.000000 -0.934636 0.214295 0.214295 0.214295
4828.720215 0.000000 2243.399658 0.000000 0.793730 0.000000 -0.608270 0.223782 0.223782 0.223782
4839.104492 0.000000 2214.784180 0.000000 0.492951 0.000000 -0.870057 0.224146 0.224146 0.224146
4837.817871 0.000000 2236.457520 0.000000 0.486618 0.000000 -0.873615 0.230330 0.230330 0.230330
4829.938965 0.000000 2219.424072 0.000000 0.460726 0.000000 -0.887542 0.239825 0.239825 0.239825
4854.203613 0.000000 2243.221191 0.000000 0.571185 0.000000 -0.820822 0.251438 0.251438 0.251438
4827.790527 0.000000 2221.644043 0.000000 0.741568 0.000000 -0.670878 0.237622 0.237622 0.237622
4822.619629 0.000000 2236.411865 0.000000 0.612626 0.000000 -0.790373 0.260057 0.260057 0.260057
4840.696289 0.000000 2213.138184 0.000000 0.035547 0.000000 -0.999368 0.277619 0.277619 0.277619
4841.405762 0.000000 2240.743408 0.000000 0.497120 0.000000 -0.867682 0.254845 0.254845 0.254845
4855.966309 0.000000 2238.786377 0.000000 0.216749 0.000000 -0.976227 0.294640 0.294640 0.294640
4825.272461 0.000000 2237.643799 0.000000 0.050998 0.000000 -0.998699 0.321467 0.321467 0.321467
4841.023438 0.000000 2238.468262 0.000000 0.021798 0.000000 -0.999762 0.327263 0.327263 0.327263
4826.685059 0.000000 2239.031982 0.000000 0.672677 0.000000 -0.739936 0.314786 0.314786 0.314786
4826.909668 0.000000 2238.101074 0.000000 0.600769 0.000000 -0.799423 0.316443 0.316443 0.316443
4828.162598 0.000000 2220.346436 0.000000 0.453127 0.000000 -0.891446 0.319988 0.319988 0.319988
4824.141602 0.000000 2234.923340 0.000000 0.197747 0.000000 -0.980253 0.325530 0.325530 0.325530
4840.383789 0.000000 2239.210205 0.000000 0.728058 0.000000 -0.685516 0.313294 0.313294 0.313294
4825.665527 0.000000 2234.263672 0.000000 0.396679 0.000000 -0.917957 0.321644 0.321644 0.321644
4842.032227 0.000000 2239.014160 0.000000 0.021276 0.000000 -0.999774 0.327389 0.327389 0.327389
4894.609375 0.000000 2172.068848 0.000000 0.280802 0.000000 -0.959766 0.227303 0.227303 0.227303
4897.947754 0.000000 2252.364258 0.000000 0.682867 0.000000 -0.730542 0.205419 0.205419 0.205419
4898.735840 0.000000 2242.543701 0.000000 0.749795 0.000000 -0.661670 0.204820 0.204820 0.204820
4879.453125 0.000000 2251.865723 0.000000 0.612588 0.000000 -0.790403 0.231428 0.231428 0.231428
4893.034668 0.000000 2256.374512 0.000000 0.273882 0.000000 -0.961763 0.243628 0.243628 0.243628
4901.085938 0.000000 2229.261475 0.000000 0.119964 0.000000 -0.992778 0.247061 0.247061 0.247061
4887.285645 0.000000 2242.601074 0.000000 0.369305 0.000000 -0.929308 0.252010 0.252010 0.252010
4868.508301 0.000000 2245.591064 0.000000 0.514191 0.000000 -0.857676 0.275703 0.275703 0.275703
4897.511719 0.000000 2211.950195 0.000000 0.088661 0.000000 -0.996062 0.299763 0.299763 0.299763
4880.360840 0.000000 2249.435303 0.000000 0.105403 0.000000 -0.994430 0.308696 0.308696 0.308696
4885.033691 0.000000 2247.451904 0.000000 0.644859 0.000000 -0.764302 0.299473 0.299473 0.299473
4884.676758 0.000000 2242.059326 0.000000 0.392147 0.000000 -0.919902 0.320992 0.320992 0.320992
4888.531250 0.000000 2240.614258 0.000000 0.124725 0.000000 -0.992191 0.325500 0.325500 0.325500
4886.864258 0.000000 2244.916504 0.000000 0.028418 0.000000 -0.999596 0.329457 0.329457 0.329457
4888.664062 0.000000 2241.462646 0.000000 0.412667 0.000000 -0.910882 0.320203 0.320203 0.320203
4152.213867 0.000000 2553.323975 0.000000 0.190744 0.000000 -0.981640 0.271188 0.271188 0.271188
4150.497559 0.000000 2554.960693 0.000000 0.177108 0.000000 -0.984191 0.281641 0.281641 0.281641
4148.906250 0.000000 2548.049316 0.000000 0.806865 0.000000 -0.590735 0.281964 0.281964 0.281964
4154.970215 0.000000 2545.718994 0.000000 0.463557 0.000000 -0.886067 0.309193 0.309193 0.309193
4166.395508 0.000000 2571.852539 0.000000 0.463443 0.000000 -0.886127 0.207585 0.207585 0.207585
4191.005371 0.000000 2576.701660 0.000000 0.442575 0.000000 -0.896732 0.214201 0.214201 0.214201
4164.788086 0.000000 2564.297607 0.000000 0.103417 0.000000 -0.994638 0.260019 0.260019 0.260019
4163.798340 0.000000 2570.403076 0.000000 0.220973 0.000000 -0.975280 0.277213 0.277213 0.277213
4427.572266 0.000000 2510.891357 0.000000 0.359858 0.000000 -0.933007 0.274750 0.274750 0.274750
4429.676758 0.000000 2522.306396 0.000000 0.704854 0.000000 -0.709353 0.294541 0.294541 0.294541
4428.908691 0.000000 2506.201904 0.000000 0.170995 0.000000 -0.985272 0.326456 0.326456 0.326456
4426.929688 0.000000 2509.324707 0.000000 0.059372 0.000000 -0.998236 0.327337 0.327337 0.327337
4429.396973 0.000000 2508.947021 0.000000 0.536710 0.000000 -0.843767 0.318879 0.318879 0.318879
4430.183594 0.000000 2509.654297 0.000000 0.623930 0.000000 -0.781480 0.315889 0.315889 0.315889
4434.104004 0.000000 2511.347656 0.000000 0.223399 0.000000 -0.974727 0.323379 0.323379 0.323379
4431.677246 0.000000 2509.693604 0.000000 0.216399 0.000000 -0.976305 0.323960 0.323960 0.323960
4445.392090 0.000000 2586.470215 0.000000 0.411995 0.000000 -0.911186 0.207697 0.207697 0.207697
4448.544434 0.000000 2589.128418 0.000000 0.806230 0.000000 -0.591602 0.205904 0.205904 0.205904
4468.122559 0.000000 2579.461914 0.000000 0.227018 0.000000 -0.973891 0.241577 0.241577 0.241577
4466.478027 0.000000 2583.672607 0.000000 0.607656 0.000000 -0.794200 0.258293 0.258293 0.258293
4461.556641 0.000000 2587.440186 0.000000 0.051247 0.000000 -0.998686 0.250304 0.250304 0.250304
4454.464355 0.000000 2584.690918 0.000000 0.741013 0.000000 -0.671490 0.264070 0.264070 0.264070
4467.748047 0.000000 2583.252197 0.000000 0.137979 0.000000 -0.990435 0.264122 0.264122 0.264122
4462.588379 0.000000 2585.578125 0.000000 0.043995 0.000000 -0.999032 0.276864 0.276864 0.276864
4455.595215 0.000000 2584.894775 0.000000 0.614027 0.000000 -0.789285 0.266164 0.266164 0.266164
4529.262695 0.000000 2539.873535 0.000000 0.752094 0.000000 -0.659056 0.216608 0.216608 0.216608
4521.262207 0.000000 2555.134521 0.000000 0.429382 0.000000 -0.903123 0.220440 0.220440 0.220440
4519.789551 0.000000 2555.734375 0.000000 0.458643 0.000000 -0.888621 0.240464 0.240464 0.240464
4487.363281 0.000000 2565.247314 0.000000 0.021957 0.000000 -0.999759 0.248671 0.248671 0.248671
4526.200195 0.000000 2542.906738 0.000000 0.365929 0.000000 -0.930643 0.254550 0.254550 0.254550
4526.633301 0.000000 2546.512695 0.000000 0.374655 0.000000 -0.927164 0.277075 0.277075 0.277075
4510.762207 0.000000 2563.965576 0.000000 0.322898 0.000000 -0.946434 0.282229 0.282229 0.282229
4502.963379 0.000000 2564.269775 0.000000 0.576045 0.000000 -0.817418 0.273519 0.273519 0.273519
4490.479980 0.000000 2569.946533 0.000000 0.694209 0.000000 -0.719774 0.294766 0.294766 0.294766
4490.592285 0.000000 2568.977539 0.000000 0.157223 0.000000 -0.987563 0.303968 0.303968 0.303968
4489.040527 0.000000 2571.244385 0.000000 0.726387 0.000000 -0.687286 0.310574 0.310574 0.310574
4355.329590 0.000000 2633.709473 0.000000 0.794069 0.000000 -0.607827 0.238614 0.238614 0.238614
4356.652344 0.000000 2635.556396 0.000000 0.749809 0.000000 -0.661654 0.302064 0.302064 0.302064
4355.821777 0.000000 2634.483398 0.000000 0.241369 0.000000 -0.970433 0.323058 0.323058 0.323058
4448.426758 0.000000 2610.718994 0.000000 0.743733 0.000000 -0.668477 0.204862 0.204862 0.204862
4449.365723 0.000000 2608.456055 0.000000 0.739447 0.000000 -0.673215 0.212594 0.212594 0.212594
4423.754395 0.000000 2628.247559 0.000000 0.344493 0.000000 -0.938789 0.269900 0.269900 0.269900
4452.154785 0.000000 2605.983643 0.000000 0.345626 0.000000 -0.938372 0.254783 0.254783 0.254783
4455.708496 0.000000 2604.275879 0.000000 0.717928 0.000000 -0.696118 0.265688 0.265688 0.265688
4452.323242 0.000000 2608.781982 0.000000 0.557885 0.000000 -0.829918 0.289936 0.289936 0.289936
4763.443848 0.000000 2461.093018 0.000000 0.418563 0.000000 -0.908188 0.213787 0.213787 0.213787
4762.731934 0.000000 2452.421143 0.000000 0.284053 0.000000 -0.958808 0.301359 0.301359 0.301359
4762.909668 0.000000 2464.038574 0.000000 0.312267 0.000000 -0.949994 0.318307 0.318307 0.318307
4905.064941 0.000000 2311.080566 0.000000 0.227388 0.000000 -0.973804 0.209075 0.209075 0.209075
4906.219238 0.000000 2305.589600 0.000000 0.175615 0.000000 -0.984459 0.222564 0.222564 0.222564
4910.867676 0.000000 2289.834717 0.000000 0.336295 0.000000 -0.941757 0.234267 0.234267 0.234267
4895.750977 0.000000 2265.958008 0.000000 0.450463 0.000000 -0.892795 0.234384 0.234384 0.234384
4894.394531 0.000000 2277.421387 0.000000 0.236037 0.000000 -0.971744 0.237089 0.237089 0.237089
4899.506348 0.000000 2291.245117 0.000000 0.206917 0.000000 -0.978359 0.255696 0.255696 0.255696
4922.669922 0.000000 2315.112793 0.000000 0.720772 0.000000 -0.693173 0.239116 0.239116 0.239116
4895.902832 0.000000 2274.658691 0.000000 0.358067 0.000000 -0.933696 0.260914 0.260914 0.260914
4894.669434 0.000000 2274.991455 0.000000 0.434090 0.000000 -0.900869 0.259980 0.259980 0.259980
4907.550781 0.000000 2309.082275 0.000000 0.032123 0.000000 -0.999484 0.271809 0.271809 0.271809
4892.025391 0.000000 2265.745850 0.000000 0.778178 0.000000 -0.628044 0.268182 0.268182 0.268182
4895.684570 0.000000 2263.510254 0.000000 0.603936 0.000000 -0.797033 0.277391 0.277391 0.277391
4915.812988 0.000000 2273.593994 0.000000 0.411898 0.000000 -0.911230 0.286011 0.286011 0.286011
4896.682129 0.000000 2276.789307 0.000000 0.677187 0.000000 -0.735811 0.280413 0.280413 0.280413
4914.345703 0.000000 2272.490723 0.000000 0.468305 0.000000 -0.883567 0.285150 0.285150 0.285150
4897.317871 0.000000 2271.947998 0.000000 0.360278 0.000000 -0.932845 0.322421 0.322421 0.322421
4936.627441 0.000000 2355.883789 0.000000 0.091461 0.000000 -0.995809 0.245430 0.245430 0.245430
4957.209473 0.000000 2371.820557 0.000000 0.084819 0.000000 -0.996396 0.249326 0.249326 0.249326
4932.032715 0.000000 2403.955322 0.000000 0.125411 0.000000 -0.992105 0.209308 0.209308 0.209308
4932.756836 0.000000 2391.136963 0.000000 0.241021 0.000000 -0.970520 0.212085 0.212085 0.212085
5099.095215 0.000000 2669.084229 0.000000 0.571013 0.000000 -0.820941 0.208252 0.208252 0.208252
5106.490723 0.000000 2677.555176 0.000000 0.779262 0.000000 -0.626699 0.218644 0.218644 0.218644
5099.440918 0.000000 2662.454102 0.000000 0.683963 0.000000 -0.729516 0.237209 0.237209 0.237209
5095.854004 0.000000 2665.814209 0.000000 0.786288 0.000000 -0.617860 0.266219 0.266219 0.266219
5097.046387 0.000000 2655.090332 0.000000 0.399640 0.000000 -0.916672 0.308424 0.308424 0.308424
5103.897461 0.000000 2666.451172 0.000000 0.615008 0.000000 -0.788521 0.300689 0.300689 0.300689
5100.757812 0.000000 2664.546387 0.000000 0.403405 0.000000 -0.915022 0.288668 0.288668 0.288668
5093.770020 0.000000 2659.768066 0.000000 0.046056 0.000000 -0.998939 0.292506 0.292506 0.292506
5102.351074 0.000000 2673.715576 0.000000 0.165060 0.000000 -0.986284 0.305805 0.305805 0.305805
5107.971191 0.000000 2675.073486 0.000000 0.790898 0.000000 -0.611947 0.312182 0.312182 0.312182
5104.073730 0.000000 2672.705566 0.000000 0.778891 0.000000 -0.627159 0.312515 0.312515 0.312515
5101.207031 0.000000 2668.567627 0.000000 0.727585 0.000000 -0.686018 0.305649 0.305649 0.305649
5107.951172 0.000000 2670.580322 0.000000 0.665155 0.000000 -0.746705 0.314555 0.314555 0.314555
5106.671875 0.000000 2674.818359 0.000000 0.776637 0.000000 -0.629948 0.312607 0.312607 0.312607
5093.102051 0.000000 2661.628418 0.000000 0.662342 0.000000 -0.749202 0.316174 0.316174 0.316174
5128.986816 0.000000 2652.989258 0.000000 0.469023 0.000000 -0.883186 0.230506 0.230506 0.230506
5152.813477 0.000000 2641.787109 0.000000 0.185344 0.000000 -0.982674 0.261664 0.261664 0.261664
5173.881348 0.000000 2640.440918 0.000000 0.651173 0.000000 -0.758929 0.258267 0.258267 0.258267
5142.709473 0.000000 2618.243408 0.000000 0.285762 0.000000 -0.958300 0.253568 0.253568 0.253568
5159.639160 0.000000 2625.354492 0.000000 0.558721 0.000000 -0.829355 0.268223 0.268223 0.268223
5173.900391 0.000000 2649.656006 0.000000 0.705103 0.000000 -0.709105 0.257431 0.257431 0.257431
5153.799316 0.000000 2637.167236 0.000000 0.451141 0.000000 -0.892453 0.267871 0.267871 0.267871
5152.813965 0.000000 2636.135986 0.000000 0.665498 0.000000 -0.746400 0.264746 0.264746 0.264746
5172.589844 0.000000 2641.699951 0.000000 0.585790 0.000000 -0.810463 0.259215 0.259215 0.259215
5152.724121 0.000000 2620.697510 0.000000 0.166720 0.000000 -0.986004 0.289532 0.289532 0.289532
5162.766602 0.000000 2627.328613 0.000000 0.623635 0.000000 -0.781716 0.285683 0.285683 0.285683
5138.747559 0.000000 2650.758545 0.000000 0.500552 0.000000 -0.865706 0.318028 0.318028 0.318028
5160.559570 0.000000 2624.967285 0.000000 0.244954 0.000000 -0.969535 0.320790 0.320790 0.320790
5150.683105 0.000000 2638.553467 0.000000 0.112187 0.000000 -0.993687 0.325286 0.325286 0.325286
5144.785156 0.000000 2640.778564 0.000000 0.403683 0.000000 -0.914899 0.322064 0.322064 0.322064
5162.533691 0.000000 2624.085693 0.000000 0.514253 0.000000 -0.857638 0.312034 0.312034 0.312034
5137.103516 0.000000 2648.363525 0.000000 0.756730 0.000000 -0.653728 0.313608 0.313608 0.313608
5136.262695 0.000000 2646.895020 0.000000 0.276783 0.000000 -0.960932 0.316986 0.316986 0.316986
5134.654297 0.000000 2646.727295 0.000000 0.620477 0.000000 -0.784225 0.314872 0.314872 0.314872
5133.829590 0.000000 2648.210693 0.000000 0.769038 0.000000 -0.639203 0.312413 0.312413 0.312413
5142.864258 0.000000 2640.307129 0.000000 0.263211 0.000000 -0.964738 0.324913 0.324913 0.324913
5138.671387 0.000000 2647.979736 0.000000 0.371789 0.000000 -0.928317 0.322725 0.322725 0.322725
5159.104492 0.000000 2666.659180 0.000000 0.031211 0.000000 -0.999513 0.226887 0.226887 0.226887
5129.352539 0.000000 2656.375244 0.000000 0.186775 0.000000 -0.982403 0.252737 0.252737 0.252737
5125.475098 0.000000 2663.041748 0.000000 0.512126 0.000000 -0.858911 0.249721 0.249721 0.249721
5167.546387 0.000000 2661.113037 0.000000 0.007680 0.000000 -0.999970 0.256544 0.256544 0.256544
5156.740723 0.000000 2679.867676 0.000000 0.586335 0.000000 -0.810068 0.253077 0.253077 0.253077
5169.195312 0.000000 2655.128662 0.000000 0.224074 0.000000 -0.974572 0.279736 0.279736 0.279736
5153.619629 0.000000 2671.828613 0.000000 0.189237 0.000000 -0.981932 0.300228 0.300228 0.300228
5156.576660 0.000000 2675.181641 0.000000 0.210019 0.000000 -0.977697 0.306404 0.306404 0.306404
5156.603516 0.000000 2669.771240 0.000000 0.481511 0.000000 -0.876440 0.316462 0.316462 0.316462
5145.595215 0.000000 2658.820312 0.000000 0.587550 0.000000 -0.809188 0.316205 0.316205 0.316205
5157.326660 0.000000 2668.261230 0.000000 0.567309 0.000000 -0.823505 0.314749 0.314749 0.314749
5164.463379 0.000000 2658.843750 0.000000 0.129752 0.000000 -0.991546 0.316853 0.316853 0.316853
5140.914551 0.000000 2658.217529 0.000000 0.683338 0.000000 -0.730102 0.315233 0.315233 0.315233
5142.411621 0.000000 2658.610352 0.000000 0.802569 0.000000 -0.596560 0.312208 0.312208 0.312208
5165.165527 0.000000 2660.730469 0.000000 0.313392 0.000000 -0.949624 0.322318 0.322318 0.322318
5153.171387 0.000000 2668.859131 0.000000 0.533678 0.000000 -0.845688 0.319060 0.319060 0.319060
5143.881836 0.000000 2658.956055 0.000000 0.157281 0.000000 -0.987554 0.326984 0.326984 0.326984
5141.435059 0.000000 2659.715088 0.000000 0.796049 0.000000 -0.605233 0.312099 0.312099 0.312099
5233.542480 0.000000 2676.194336 0.000000 0.278571 0.000000 -0.960416 0.241072 0.241072 0.241072
5227.440918 0.000000 2662.454102 0.000000 0.276381 0.000000 -0.961048 0.254302 0.254302 0.254302
5234.122070 0.000000 2671.818604 0.000000 0.748665 0.000000 -0.662949 0.271773 0.271773 0.271773
5256.173828 0.000000 2677.031982 0.000000 0.238817 0.000000 -0.971065 0.213342 0.213342 0.213342
5285.508789 0.000000 2670.154053 0.000000 0.663073 0.000000 -0.748555 0.235666 0.235666 0.235666
5280.868164 0.000000 2671.136963 0.000000 0.728707 0.000000 -0.684825 0.243806 0.243806 0.243806
5425.424316 0.000000 2636.697754 0.000000 0.566414 0.000000 -0.824121 0.215547 0.215547 0.215547
5433.072754 0.000000 2648.398438 0.000000 0.115612 0.000000 -0.993294 0.218646 0.218646 0.218646
5429.900391 0.000000 2649.656006 0.000000 0.753752 0.000000 -0.657159 0.255419 0.255419 0.255419
5442.199219 0.000000 2661.877930 0.000000 0.697539 0.000000 -0.716546 0.211260 0.211260 0.211260
5476.813477 0.000000 2671.919922 0.000000 0.166937 0.000000 -0.985968 0.245959 0.245959 0.245959
5477.508789 0.000000 2670.154053 0.000000 0.182771 0.000000 -0.983155 0.245802 0.245802 0.245802
5474.581543 0.000000 2673.945312 0.000000 0.699560 0.000000 -0.714574 0.244832 0.244832 0.244832
5475.032227 0.000000 2672.401855 0.000000 0.150846 0.000000 -0.988557 0.251205 0.251205 0.251205
5448.262207 0.000000 2665.957275 0.000000 0.714228 0.000000 -0.699913 0.302901 0.302901 0.302901
5454.401855 0.000000 2809.430176 0.000000 0.796535 0.000000 -0.604592 0.208968 0.208968 0.208968
5464.204102 0.000000 2812.261963 0.000000 0.379007 0.000000 -0.925394 0.229522 0.229522 0.229522
5465.560059 0.000000 2810.907959 0.000000 0.734761 0.000000 -0.678326 0.237719 0.237719 0.237719
5455.354980 0.000000 2813.956543 0.000000 0.008504 0.000000 -0.999964 0.237907 0.237907 0.237907
5455.808594 0.000000 2811.905762 0.000000 0.341913 0.000000 -0.939732 0.281963 0.281963 0.281963
5542.962402 0.000000 2755.429932 0.000000 0.235198 0.000000 -0.971948 0.215854 0.215854 0.215854
5542.706543 0.000000 2756.586182 0.000000 0.413456 0.000000 -0.910524 0.273393 0.273393 0.273393
5545.344238 0.000000 2760.677979 0.000000 0.720157 0.000000 -0.693811 0.286896 0.286896 0.286896
5538.308105 0.000000 2741.073242 0.000000 0.672113 0.000000 -0.740449 0.314737 0.314737 0.314737
5564.832520 0.000000 2800.056152 0.000000 0.711098 0.000000 -0.703093 0.205334 0.205334 0.205334
5567.697754 0.000000 2812.458496 0.000000 0.671723 0.000000 -0.740803 0.206141 0.206141 0.206141
5535.330566 0.000000 2800.155518 0.000000 0.669142 0.000000 -0.743135 0.209155 0.209155 0.209155
5546.257812 0.000000 2769.996826 0.000000 0.009370 0.000000 -0.999956 0.222624 0.222624 0.222624
5490.216309 0.000000 2868.763672 0.000000 0.473585 0.000000 -0.880748 0.216991 0.216991 0.216991
5474.937012 0.000000 2826.003418 0.000000 0.648811 0.000000 -0.760949 0.234030 0.234030 0.234030
5472.728027 0.000000 2835.427490 0.000000 0.716939 0.000000 -0.697136 0.276014 0.276014 0.276014
5475.665039 0.000000 2833.799805 0.000000 0.696761 0.000000 -0.717303 0.290428 0.290428 0.290428
5478.425293 0.000000 2828.030029 0.000000 0.037692 0.000000 -0.999289 0.278895 0.278895 0.278895
5476.130371 0.000000 2824.219727 0.000000 0.074871 0.000000 -0.997193 0.286233 0.286233 0.286233
5472.829590 0.000000 2826.410889 0.000000 0.665892 0.000000 -0.746048 0.311382 0.311382 0.311382
5491.291016 0.000000 2891.127197 0.000000 0.569317 0.000000 -0.822118 0.228867 0.228867 0.228867
5495.353516 0.000000 2887.846924 0.000000 0.431648 0.000000 -0.902042 0.236426 0.236426 0.236426
5490.304199 0.000000 2907.090820 0.000000 0.315877 0.000000 -0.948800 0.266470 0.266470 0.266470
5491.578125 0.000000 2903.940430 0.000000 0.688200 0.000000 -0.725521 0.274109 0.274109 0.274109
5488.198730 0.000000 2904.375000 0.000000 0.387703 0.000000 -0.921784 0.292077 0.292077 0.292077
5568.936035 0.000000 2846.828369 0.000000 0.695597 0.000000 -0.718433 0.205543 0.205543 0.205543
5549.140625 0.000000 2900.315674 0.000000 0.229615 0.000000 -0.973282 0.265611 0.265611 0.265611
5509.937500 0.000000 2881.203125 0.000000 0.753757 0.000000 -0.657153 0.289214 0.289214 0.289214
5511.816895 0.000000 2883.565674 0.000000 0.667490 0.000000 -0.744618 0.292243 0.292243 0.292243
"}
