object={
	name="latin_dynamic_farmland_objects_generator_1_0"
	clamp_to_water_level=no
	render_under_water=no
	generated_content=yes
	layer="farms_dynamic"
	pdxmesh="latin_farm_farmstead_01_mesh"
	count=1791
	transform="2466.932617 0.000000 167.045670 0.000000 0.054799 0.000000 0.998497 0.000000 0.000000 0.000000
2511.130859 0.000000 152.340530 0.000000 0.111082 0.000000 0.993811 0.000000 0.000000 0.000000
2551.637939 0.000000 128.712219 0.000000 0.317258 0.000000 0.948339 0.000000 0.000000 0.000000
2516.089355 0.000000 157.785675 0.000000 0.796347 0.000000 0.604839 0.000000 0.000000 0.000000
2521.505615 0.000000 166.740448 0.000000 0.129814 0.000000 0.991538 0.000000 0.000000 0.000000
2549.993896 0.000000 134.254898 0.000000 0.327223 0.000000 0.944947 1.000000 1.000000 1.000000
2557.524170 0.000000 130.038452 0.000000 0.263918 0.000000 0.964545 0.000000 0.000000 0.000000
2514.230469 0.000000 151.004288 0.000000 0.712321 0.000000 0.701854 1.000000 1.000000 1.000000
2546.798096 0.000000 149.649933 0.000000 0.553387 0.000000 0.832924 1.000000 1.000000 1.000000
2534.469482 0.000000 139.562790 0.000000 0.525723 0.000000 0.850656 1.000000 1.000000 1.000000
2477.516602 0.000000 184.186432 0.000000 0.383681 0.000000 0.923466 0.000000 0.000000 0.000000
2493.212891 0.000000 194.844894 0.000000 0.164451 0.000000 0.986385 0.000000 0.000000 0.000000
2519.890625 0.000000 188.510818 0.000000 0.709872 0.000000 0.704331 0.000000 0.000000 0.000000
2532.045898 0.000000 174.728043 0.000000 0.722690 0.000000 0.691173 0.000000 0.000000 0.000000
2502.330566 0.000000 181.549942 0.000000 0.088077 0.000000 0.996114 0.000000 0.000000 0.000000
2515.007568 0.000000 187.531479 0.000000 0.332783 0.000000 0.943003 0.000000 0.000000 0.000000
2500.755371 0.000000 197.325806 0.000000 0.114902 0.000000 0.993377 0.000000 0.000000 0.000000
2528.617920 0.000000 172.818741 0.000000 0.567305 0.000000 0.823508 0.000000 0.000000 0.000000
2521.661133 0.000000 172.519348 0.000000 0.694410 0.000000 0.719580 0.000000 0.000000 0.000000
2458.979736 0.000000 267.770325 0.000000 0.700170 0.000000 0.713976 0.000000 0.000000 0.000000
2460.793701 0.000000 285.263641 0.000000 0.795257 0.000000 0.606272 0.000000 0.000000 0.000000
2472.763184 0.000000 297.544067 0.000000 0.471082 0.000000 0.882089 0.000000 0.000000 0.000000
2457.505615 0.000000 336.193573 0.000000 0.005621 0.000000 0.999984 0.000000 0.000000 0.000000
2472.015625 0.000000 290.050476 0.000000 0.080099 0.000000 0.996787 0.000000 0.000000 0.000000
2476.194824 0.000000 294.499268 0.000000 0.659981 0.000000 0.751283 0.000000 0.000000 0.000000
2465.448975 0.000000 305.718689 0.000000 0.109300 0.000000 0.994009 0.000000 0.000000 0.000000
2462.961914 0.000000 283.383179 0.000000 0.491039 0.000000 0.871137 1.000000 1.000000 1.000000
2541.516602 0.000000 297.155182 0.000000 0.473885 0.000000 0.880587 0.000000 0.000000 0.000000
2551.531250 0.000000 293.025543 0.000000 0.176527 0.000000 0.984296 0.000000 0.000000 0.000000
2548.003906 0.000000 285.749451 0.000000 0.783704 0.000000 0.621134 0.000000 0.000000 0.000000
2409.204590 0.000000 375.467590 0.000000 0.619671 0.000000 0.784862 0.000000 0.000000 0.000000
2431.487305 0.000000 425.618347 0.000000 0.469150 0.000000 0.883118 0.000000 0.000000 0.000000
2446.220459 0.000000 355.987152 0.000000 0.499674 0.000000 0.866214 0.000000 0.000000 0.000000
2438.330566 0.000000 351.003052 0.000000 0.747526 0.000000 0.664232 0.000000 0.000000 0.000000
2451.007568 0.000000 356.984619 0.000000 0.522121 0.000000 0.852872 0.000000 0.000000 0.000000
2461.020508 0.000000 351.736633 0.000000 0.474086 0.000000 0.880478 0.000000 0.000000 0.000000
2440.667480 0.000000 343.685486 0.000000 0.514082 0.000000 0.857741 0.000000 0.000000 0.000000
2462.608887 0.000000 344.445892 0.000000 0.192199 0.000000 0.981356 0.000000 0.000000 0.000000
2559.957764 0.000000 359.805237 0.000000 0.631386 0.000000 0.775469 0.000000 0.000000 0.000000
2554.504395 0.000000 362.665100 0.000000 0.553789 0.000000 0.832657 0.000000 0.000000 0.000000
2436.458496 0.000000 449.856598 0.000000 0.492059 0.000000 0.870562 0.000000 0.000000 0.000000
2574.220459 0.000000 130.049652 0.000000 0.648388 0.000000 0.761310 0.000000 0.000000 0.000000
2560.513916 0.000000 129.049606 0.000000 0.281796 0.000000 0.959474 0.000000 0.000000 0.000000
2752.255127 0.000000 216.594009 0.000000 0.174842 0.000000 0.984597 0.000000 0.000000 0.000000
2575.130859 0.000000 321.793671 0.000000 0.202297 0.000000 0.979324 0.000000 0.000000 0.000000
2573.507080 0.000000 318.236359 0.000000 0.301715 0.000000 0.953398 0.000000 0.000000 0.000000
2578.230469 0.000000 320.457397 0.000000 0.331598 0.000000 0.943421 0.000000 0.000000 0.000000
2567.671631 0.000000 363.762817 0.000000 0.311113 0.000000 0.950373 0.000000 0.000000 0.000000
2570.351318 0.000000 359.785217 0.000000 0.797978 0.000000 0.602687 0.000000 0.000000 0.000000
2598.535645 0.000000 424.898743 0.000000 0.107895 0.000000 0.994162 0.000000 0.000000 0.000000
2429.612061 0.000000 547.119019 0.000000 0.433753 0.000000 0.901032 0.000000 0.000000 0.000000
2447.130859 0.000000 491.246796 0.000000 0.216270 0.000000 0.976334 0.000000 0.000000 0.000000
2443.959473 0.000000 500.365875 0.000000 0.768770 0.000000 0.639526 0.000000 0.000000 0.000000
2486.864258 0.000000 506.873627 0.000000 0.784853 0.000000 0.619682 0.000000 0.000000 0.000000
2436.048096 0.000000 460.225067 0.000000 0.294477 0.000000 0.955658 0.000000 0.000000 0.000000
2483.214111 0.000000 498.132202 0.000000 0.349776 0.000000 0.936833 0.000000 0.000000 0.000000
2493.508057 0.000000 501.651794 0.000000 0.086945 0.000000 0.996213 1.000000 1.000000 1.000000
2491.981689 0.000000 507.094238 0.000000 0.272815 0.000000 0.962067 1.000000 1.000000 1.000000
2490.807129 0.000000 515.013916 0.000000 0.774561 0.000000 0.632499 1.000000 1.000000 1.000000
2446.873047 0.000000 516.406433 0.000000 0.442219 0.000000 0.896907 0.000000 0.000000 0.000000
2438.215332 0.000000 557.296997 0.000000 0.000150 0.000000 1.000000 0.000000 0.000000 0.000000
2433.017578 0.000000 535.052429 0.000000 0.373567 0.000000 0.927603 0.000000 0.000000 0.000000
2487.531250 0.000000 518.963074 0.000000 0.456495 0.000000 0.889726 0.000000 0.000000 0.000000
2482.318359 0.000000 508.565277 0.000000 0.111133 0.000000 0.993806 0.000000 0.000000 0.000000
2432.163086 0.000000 543.105896 0.000000 0.719561 0.000000 0.694430 1.000000 1.000000 1.000000
2435.837158 0.000000 531.921448 0.000000 0.177081 0.000000 0.984196 0.000000 0.000000 0.000000
2436.957520 0.000000 548.206482 0.000000 0.719361 0.000000 0.694637 0.000000 0.000000 0.000000
2533.098633 0.000000 551.230347 0.000000 0.640046 0.000000 0.768336 0.000000 0.000000 0.000000
2439.914795 0.000000 566.680664 0.000000 0.195884 0.000000 0.980627 0.000000 0.000000 0.000000
2436.763672 0.000000 601.035950 0.000000 0.743239 0.000000 0.669026 0.000000 0.000000 0.000000
2443.941895 0.000000 606.647766 0.000000 0.116722 0.000000 0.993165 0.000000 0.000000 0.000000
2450.230469 0.000000 602.879272 0.000000 0.059148 0.000000 0.998249 0.000000 0.000000 0.000000
2440.667480 0.000000 569.622986 0.000000 0.760222 0.000000 0.649663 0.000000 0.000000 0.000000
2434.396484 0.000000 623.190247 0.000000 0.519586 0.000000 0.854418 0.000000 0.000000 0.000000
2446.220459 0.000000 638.409058 0.000000 0.391940 0.000000 0.919991 0.000000 0.000000 0.000000
2447.197021 0.000000 632.960876 0.000000 0.730573 0.000000 0.682834 0.000000 0.000000 0.000000
2473.677002 0.000000 639.395142 0.000000 0.664294 0.000000 0.747471 0.000000 0.000000 0.000000
2448.939697 0.000000 637.256775 0.000000 0.253065 0.000000 0.967449 1.000000 1.000000 1.000000
2462.952637 0.000000 640.840454 0.000000 0.346892 0.000000 0.937905 1.000000 1.000000 1.000000
2468.276123 0.000000 711.059265 0.000000 0.206354 0.000000 0.978477 0.000000 0.000000 0.000000
2473.065186 0.000000 729.518066 0.000000 0.417581 0.000000 0.908640 0.000000 0.000000 0.000000
2474.009521 0.000000 789.233521 0.000000 0.677786 0.000000 0.735259 0.000000 0.000000 0.000000
2477.433838 0.000000 764.026123 0.000000 0.184242 0.000000 0.982881 0.000000 0.000000 0.000000
2473.322754 0.000000 782.572510 0.000000 0.415762 0.000000 0.909473 0.000000 0.000000 0.000000
2473.967773 0.000000 764.114807 0.000000 0.668714 0.000000 0.743520 0.000000 0.000000 0.000000
2473.563477 0.000000 817.272278 0.000000 0.216525 0.000000 0.976277 0.000000 0.000000 0.000000
2485.993896 0.000000 812.067383 0.000000 0.764114 0.000000 0.645081 0.000000 0.000000 0.000000
2483.863525 0.000000 815.153992 0.000000 0.672786 0.000000 0.739837 0.000000 0.000000 0.000000
2480.580566 0.000000 821.221985 0.000000 0.401100 0.000000 0.916034 0.000000 0.000000 0.000000
2479.537109 0.000000 817.909729 0.000000 0.454120 0.000000 0.890940 0.000000 0.000000 0.000000
2493.248291 0.000000 893.267700 0.000000 0.682375 0.000000 0.731002 0.000000 0.000000 0.000000
2618.511719 0.000000 472.384979 0.000000 0.724423 0.000000 0.689356 0.000000 0.000000 0.000000
2611.634277 0.000000 494.602875 0.000000 0.548915 0.000000 0.835878 0.000000 0.000000 0.000000
2611.016113 0.000000 472.726135 0.000000 0.114151 0.000000 0.993463 0.000000 0.000000 0.000000
2616.065674 0.000000 533.721985 0.000000 0.003841 0.000000 0.999993 0.000000 0.000000 0.000000
2611.863525 0.000000 532.732117 0.000000 0.671265 0.000000 0.741217 0.000000 0.000000 0.000000
2602.835938 0.000000 514.365662 0.000000 0.432052 0.000000 0.901849 0.000000 0.000000 0.000000
2682.511719 0.000000 585.353760 0.000000 0.047663 0.000000 0.998863 0.000000 0.000000 0.000000
2665.967773 0.000000 594.661682 0.000000 0.618941 0.000000 0.785438 0.000000 0.000000 0.000000
2684.832764 0.000000 597.165527 0.000000 0.792047 0.000000 0.610460 0.000000 0.000000 0.000000
2665.677002 0.000000 582.910767 0.000000 0.226379 0.000000 0.974039 1.000000 1.000000 1.000000
2685.032959 0.000000 587.031799 0.000000 0.613513 0.000000 0.789685 0.000000 0.000000 0.000000
2682.504395 0.000000 588.602600 0.000000 0.781329 0.000000 0.624119 0.000000 0.000000 0.000000
2618.504395 0.000000 645.086975 0.000000 0.736052 0.000000 0.676925 1.000000 1.000000 1.000000
2634.351318 0.000000 642.207092 0.000000 0.543170 0.000000 0.839623 1.000000 1.000000 1.000000
2633.084717 0.000000 632.145996 0.000000 0.123720 0.000000 0.992317 1.000000 1.000000 1.000000
2726.893555 0.000000 584.291077 0.000000 0.409456 0.000000 0.912330 0.000000 0.000000 0.000000
2738.585205 0.000000 592.737976 0.000000 0.468982 0.000000 0.883207 0.000000 0.000000 0.000000
2732.376709 0.000000 611.111450 0.000000 0.563527 0.000000 0.826098 0.000000 0.000000 0.000000
2747.981689 0.000000 620.062988 0.000000 0.249250 0.000000 0.968439 1.000000 1.000000 1.000000
2715.595215 0.000000 615.367493 0.000000 0.131175 0.000000 0.991359 0.000000 0.000000 0.000000
2748.832764 0.000000 597.165527 0.000000 0.253592 0.000000 0.967311 0.000000 0.000000 0.000000
2700.526855 0.000000 587.889587 0.000000 0.213659 0.000000 0.976908 0.000000 0.000000 0.000000
2726.469482 0.000000 591.437805 0.000000 0.277068 0.000000 0.960850 0.000000 0.000000 0.000000
2782.060547 0.000000 612.998657 0.000000 0.726701 0.000000 0.686954 0.000000 0.000000 0.000000
2781.392090 0.000000 609.517212 0.000000 0.627488 0.000000 0.778626 0.000000 0.000000 0.000000
2770.230469 0.000000 602.879272 0.000000 0.762532 0.000000 0.646951 0.000000 0.000000 0.000000
2758.056885 0.000000 609.781494 0.000000 0.741637 0.000000 0.670801 1.000000 1.000000 1.000000
2780.380127 0.000000 619.694092 0.000000 0.316459 0.000000 0.948606 1.000000 1.000000 1.000000
2729.260742 0.000000 665.550293 0.000000 0.301902 0.000000 0.953339 0.000000 0.000000 0.000000
2736.746582 0.000000 624.565796 0.000000 0.201123 0.000000 0.979566 0.000000 0.000000 0.000000
2738.798096 0.000000 658.009277 0.000000 0.691764 0.000000 0.722123 1.000000 1.000000 1.000000
2741.519043 0.000000 647.953552 0.000000 0.637450 0.000000 0.770492 1.000000 1.000000 1.000000
2713.706787 0.000000 634.967468 0.000000 0.157383 0.000000 0.987538 1.000000 1.000000 1.000000
2772.968506 0.000000 673.453247 0.000000 0.099063 0.000000 0.995081 0.000000 0.000000 0.000000
2758.508057 0.000000 673.419250 0.000000 0.500966 0.000000 0.865467 0.000000 0.000000 0.000000
2796.352051 0.000000 638.589233 0.000000 0.761511 0.000000 0.648152 1.000000 1.000000 1.000000
2576.971924 0.000000 726.989502 0.000000 0.716140 0.000000 0.697957 0.000000 0.000000 0.000000
2577.939453 0.000000 719.608093 0.000000 0.007524 0.000000 0.999972 0.000000 0.000000 0.000000
2578.230469 0.000000 715.848022 0.000000 0.702983 0.000000 0.711207 0.000000 0.000000 0.000000
2585.917236 0.000000 722.578674 0.000000 0.641349 0.000000 0.767249 0.000000 0.000000 0.000000
2577.360840 0.000000 723.972839 0.000000 0.303596 0.000000 0.952801 0.000000 0.000000 0.000000
2584.795410 0.000000 705.724670 0.000000 0.149614 0.000000 0.988744 0.000000 0.000000 0.000000
2685.248291 0.000000 723.814575 0.000000 0.534627 0.000000 0.845088 0.000000 0.000000 0.000000
2665.967773 0.000000 707.630432 0.000000 0.619948 0.000000 0.784643 0.000000 0.000000 0.000000
2649.917236 0.000000 722.578674 0.000000 0.727107 0.000000 0.686524 0.000000 0.000000 0.000000
2614.864258 0.000000 789.295532 0.000000 0.428818 0.000000 0.903391 0.000000 0.000000 0.000000
2598.535645 0.000000 763.804993 0.000000 0.567018 0.000000 0.823705 0.000000 0.000000 0.000000
2601.967773 0.000000 764.114807 0.000000 0.444802 0.000000 0.895629 1.000000 1.000000 1.000000
2617.384521 0.000000 790.548645 0.000000 0.374434 0.000000 0.927253 1.000000 1.000000 1.000000
2628.032471 0.000000 765.908447 0.000000 0.253038 0.000000 0.967456 0.000000 0.000000 0.000000
2641.260010 0.000000 760.754028 0.000000 0.470711 0.000000 0.882287 0.000000 0.000000 0.000000
2662.581055 0.000000 769.421326 0.000000 0.477427 0.000000 0.878671 0.000000 0.000000 0.000000
2644.994385 0.000000 736.849548 0.000000 0.256932 0.000000 0.966429 1.000000 1.000000 1.000000
2719.758545 0.000000 707.972107 0.000000 0.121295 0.000000 0.992617 0.000000 0.000000 0.000000
2699.929443 0.000000 689.818359 0.000000 0.649551 0.000000 0.760318 0.000000 0.000000 0.000000
2726.346680 0.000000 732.070190 0.000000 0.321390 0.000000 0.946947 0.000000 0.000000 0.000000
2705.722656 0.000000 729.989807 0.000000 0.418545 0.000000 0.908196 0.000000 0.000000 0.000000
2713.917236 0.000000 722.578674 0.000000 0.462652 0.000000 0.886540 0.000000 0.000000 0.000000
2700.083740 0.000000 723.326355 0.000000 0.399262 0.000000 0.916837 1.000000 1.000000 1.000000
2702.604980 0.000000 725.389465 0.000000 0.054286 0.000000 0.998525 0.000000 0.000000 0.000000
2773.705078 0.000000 704.680176 0.000000 0.747456 0.000000 0.664311 0.000000 0.000000 0.000000
2790.231201 0.000000 716.341553 0.000000 0.060787 0.000000 0.998151 0.000000 0.000000 0.000000
2767.130859 0.000000 717.184265 0.000000 0.613373 0.000000 0.789794 0.000000 0.000000 0.000000
2807.637939 0.000000 693.555969 0.000000 0.738763 0.000000 0.673966 0.000000 0.000000 0.000000
2813.292725 0.000000 690.371460 0.000000 0.547273 0.000000 0.836954 0.000000 0.000000 0.000000
2802.842529 0.000000 695.682434 0.000000 0.790722 0.000000 0.612176 0.000000 0.000000 0.000000
2769.256836 0.000000 712.527344 0.000000 0.463435 0.000000 0.886131 0.000000 0.000000 0.000000
2778.364746 0.000000 703.373840 0.000000 0.255576 0.000000 0.966789 0.000000 0.000000 0.000000
2790.889160 0.000000 701.252136 0.000000 0.400854 0.000000 0.916142 0.000000 0.000000 0.000000
2756.957520 0.000000 717.659607 0.000000 0.604702 0.000000 0.796452 0.000000 0.000000 0.000000
2793.967773 0.000000 707.630432 0.000000 0.440497 0.000000 0.897754 1.000000 1.000000 1.000000
2755.510986 0.000000 724.740479 0.000000 0.557843 0.000000 0.829946 1.000000 1.000000 1.000000
2810.462158 0.000000 694.882568 0.000000 0.579130 0.000000 0.815235 0.000000 0.000000 0.000000
2761.084717 0.000000 688.630371 0.000000 0.005312 0.000000 0.999986 0.000000 0.000000 0.000000
2813.032959 0.000000 700.000549 0.000000 0.758980 0.000000 0.651114 0.000000 0.000000 0.000000
2752.936035 0.000000 700.422058 0.000000 0.474837 0.000000 0.880074 0.000000 0.000000 0.000000
2755.820801 0.000000 691.617859 0.000000 0.152975 0.000000 0.988230 1.000000 1.000000 1.000000
2718.530029 0.000000 757.756958 0.000000 0.226567 0.000000 0.973996 0.000000 0.000000 0.000000
2724.276123 0.000000 767.543640 0.000000 0.747291 0.000000 0.664497 0.000000 0.000000 0.000000
2735.663086 0.000000 744.308777 0.000000 0.690155 0.000000 0.723662 0.000000 0.000000 0.000000
2729.065186 0.000000 786.002441 0.000000 0.114636 0.000000 0.993408 0.000000 0.000000 0.000000
2729.967773 0.000000 764.114807 0.000000 0.700513 0.000000 0.713640 0.000000 0.000000 0.000000
2729.677002 0.000000 752.363892 0.000000 0.722382 0.000000 0.691494 1.000000 1.000000 1.000000
2739.016113 0.000000 755.148010 0.000000 0.175709 0.000000 0.984442 1.000000 1.000000 1.000000
2749.032959 0.000000 756.484924 0.000000 0.613311 0.000000 0.789841 1.000000 1.000000 1.000000
2746.504395 0.000000 758.055725 0.000000 0.632426 0.000000 0.774621 1.000000 1.000000 1.000000
2782.236816 0.000000 786.826782 0.000000 0.540393 0.000000 0.841413 0.000000 0.000000 0.000000
2778.364746 0.000000 759.858215 0.000000 0.102552 0.000000 0.994728 0.000000 0.000000 0.000000
2784.426758 0.000000 746.734680 0.000000 0.445427 0.000000 0.895318 0.000000 0.000000 0.000000
2781.237549 0.000000 767.819092 0.000000 0.447162 0.000000 0.894453 0.000000 0.000000 0.000000
2784.448975 0.000000 760.292175 0.000000 0.350623 0.000000 0.936517 1.000000 1.000000 1.000000
2763.487061 0.000000 742.856506 0.000000 0.301834 0.000000 0.953361 0.000000 0.000000 0.000000
2752.042236 0.000000 734.304199 0.000000 0.183401 0.000000 0.983038 1.000000 1.000000 1.000000
2764.112305 0.000000 749.203613 0.000000 0.535676 0.000000 0.844424 0.000000 0.000000 0.000000
2785.448975 0.000000 757.593689 0.000000 0.281653 0.000000 0.959516 1.000000 1.000000 1.000000
2755.820801 0.000000 748.102234 0.000000 0.040923 0.000000 0.999162 1.000000 1.000000 1.000000
2782.952637 0.000000 753.809204 0.000000 0.752459 0.000000 0.658639 0.000000 0.000000 0.000000
2787.200439 0.000000 747.093872 0.000000 0.680244 0.000000 0.732986 1.000000 1.000000 1.000000
2597.982422 0.000000 841.043030 0.000000 0.604610 0.000000 0.796521 0.000000 0.000000 0.000000
2612.365479 0.000000 830.047485 0.000000 0.399811 0.000000 0.916597 1.000000 1.000000 1.000000
2614.864258 0.000000 845.779907 0.000000 0.583336 0.000000 0.812231 0.000000 0.000000 0.000000
2611.214111 0.000000 837.038452 0.000000 0.632231 0.000000 0.774780 0.000000 0.000000 0.000000
2613.013428 0.000000 825.427612 0.000000 0.438006 0.000000 0.898972 0.000000 0.000000 0.000000
2615.060791 0.000000 832.380981 0.000000 0.706385 0.000000 0.707828 1.000000 1.000000 1.000000
2682.807129 0.000000 797.435791 0.000000 0.329399 0.000000 0.944191 0.000000 0.000000 0.000000
2646.937256 0.000000 805.208618 0.000000 0.332525 0.000000 0.943094 0.000000 0.000000 0.000000
2636.457520 0.000000 842.557190 0.000000 0.479696 0.000000 0.877435 0.000000 0.000000 0.000000
2633.278076 0.000000 840.864807 0.000000 0.591102 0.000000 0.806597 1.000000 1.000000 1.000000
2631.213623 0.000000 828.981323 0.000000 0.405272 0.000000 0.914196 1.000000 1.000000 1.000000
2649.706787 0.000000 804.420593 0.000000 0.323028 0.000000 0.946390 0.000000 0.000000 0.000000
2597.982422 0.000000 897.527405 0.000000 0.720475 0.000000 0.693481 0.000000 0.000000 0.000000
2600.832275 0.000000 850.766785 0.000000 0.663204 0.000000 0.748439 0.000000 0.000000 0.000000
2623.487305 0.000000 877.493347 0.000000 0.691030 0.000000 0.722826 0.000000 0.000000 0.000000
2614.816650 0.000000 848.516418 0.000000 0.486701 0.000000 0.873569 1.000000 1.000000 1.000000
2602.835938 0.000000 853.271912 0.000000 0.564117 0.000000 0.825695 0.000000 0.000000 0.000000
2645.705078 0.000000 874.133301 0.000000 0.262499 0.000000 0.964932 0.000000 0.000000 0.000000
2672.205322 0.000000 903.724365 0.000000 0.722107 0.000000 0.691782 0.000000 0.000000 0.000000
2685.658936 0.000000 882.581360 0.000000 0.139242 0.000000 0.990258 0.000000 0.000000 0.000000
2666.288330 0.000000 870.413452 0.000000 0.674208 0.000000 0.738541 0.000000 0.000000 0.000000
2677.861084 0.000000 895.332092 0.000000 0.011574 0.000000 0.999933 1.000000 1.000000 1.000000
2701.507080 0.000000 826.595703 0.000000 0.345920 0.000000 0.938264 0.000000 0.000000 0.000000
2721.099609 0.000000 824.730957 0.000000 0.094872 0.000000 0.995489 1.000000 1.000000 1.000000
2717.423096 0.000000 829.333069 0.000000 0.222854 0.000000 0.974852 0.000000 0.000000 0.000000
2705.360840 0.000000 836.941589 0.000000 0.127091 0.000000 0.991891 0.000000 0.000000 0.000000
2711.191895 0.000000 836.671875 0.000000 0.219056 0.000000 0.975712 1.000000 1.000000 1.000000
2723.200439 0.000000 803.578247 0.000000 0.586778 0.000000 0.809748 0.000000 0.000000 0.000000
2810.544434 0.000000 831.204346 0.000000 0.458802 0.000000 0.888539 0.000000 0.000000 0.000000
2780.793701 0.000000 793.623047 0.000000 0.482460 0.000000 0.875918 0.000000 0.000000 0.000000
2808.551025 0.000000 823.640442 0.000000 0.569134 0.000000 0.822245 0.000000 0.000000 0.000000
2758.215332 0.000000 839.718872 0.000000 0.153665 0.000000 0.988123 0.000000 0.000000 0.000000
2784.617920 0.000000 794.146851 0.000000 0.653752 0.000000 0.756709 0.000000 0.000000 0.000000
2804.014648 0.000000 799.624573 0.000000 0.245457 0.000000 0.969408 0.000000 0.000000 0.000000
2768.186279 0.000000 809.932495 0.000000 0.172862 0.000000 0.984946 1.000000 1.000000 1.000000
2707.771729 0.000000 869.891052 0.000000 0.541413 0.000000 0.840757 0.000000 0.000000 0.000000
2691.510986 0.000000 894.193604 0.000000 0.627622 0.000000 0.778518 0.000000 0.000000 0.000000
2746.462158 0.000000 864.335693 0.000000 0.403837 0.000000 0.914831 0.000000 0.000000 0.000000
2697.084717 0.000000 858.083496 0.000000 0.356315 0.000000 0.934366 1.000000 1.000000 1.000000
2743.819336 0.000000 866.096558 0.000000 0.622117 0.000000 0.782924 1.000000 1.000000 1.000000
2717.423096 0.000000 885.817444 0.000000 0.762616 0.000000 0.646852 0.000000 0.000000 0.000000
2746.631836 0.000000 882.402039 0.000000 0.739503 0.000000 0.673153 1.000000 1.000000 1.000000
2708.094971 0.000000 862.666504 0.000000 0.127047 0.000000 0.991897 0.000000 0.000000 0.000000
2704.939697 0.000000 863.194275 0.000000 0.114362 0.000000 0.993439 1.000000 1.000000 1.000000
2716.947998 0.000000 877.337463 0.000000 0.618940 0.000000 0.785438 1.000000 1.000000 1.000000
2808.065674 0.000000 872.628235 0.000000 0.373876 0.000000 0.927479 0.000000 0.000000 0.000000
2754.396484 0.000000 849.127747 0.000000 0.743973 0.000000 0.668209 0.000000 0.000000 0.000000
2761.400879 0.000000 863.384766 0.000000 0.406392 0.000000 0.913699 0.000000 0.000000 0.000000
2779.131592 0.000000 863.386780 0.000000 0.206505 0.000000 0.978446 0.000000 0.000000 0.000000
2752.513916 0.000000 863.346497 0.000000 0.338937 0.000000 0.940809 0.000000 0.000000 0.000000
2763.487061 0.000000 855.825256 0.000000 0.017017 0.000000 0.999855 0.000000 0.000000 0.000000
2781.423096 0.000000 885.817444 0.000000 0.545170 0.000000 0.838326 0.000000 0.000000 0.000000
2834.127686 0.000000 691.088562 0.000000 0.507043 0.000000 0.861920 0.000000 0.000000 0.000000
2860.083252 0.000000 697.873474 0.000000 0.228379 0.000000 0.973572 0.000000 0.000000 0.000000
2841.505615 0.000000 731.584229 0.000000 0.571996 0.000000 0.820256 0.000000 0.000000 0.000000
2839.491943 0.000000 734.928406 0.000000 0.464154 0.000000 0.885754 0.000000 0.000000 0.000000
2869.013428 0.000000 768.943237 0.000000 0.064206 0.000000 0.997937 0.000000 0.000000 0.000000
2871.060791 0.000000 775.896606 0.000000 0.282304 0.000000 0.959325 0.000000 0.000000 0.000000
2851.104248 0.000000 742.838989 0.000000 0.592860 0.000000 0.805306 0.000000 0.000000 0.000000
2876.832764 0.000000 766.618652 0.000000 0.486762 0.000000 0.873534 1.000000 1.000000 1.000000
2864.746582 0.000000 737.534546 0.000000 0.455248 0.000000 0.890365 1.000000 1.000000 1.000000
2880.163086 0.000000 769.043396 0.000000 0.463493 0.000000 0.886101 0.000000 0.000000 0.000000
2890.072266 0.000000 790.468872 0.000000 0.498148 0.000000 0.867092 1.000000 1.000000 1.000000
2887.437256 0.000000 789.340515 0.000000 0.659683 0.000000 0.751544 0.000000 0.000000 0.000000
2897.360840 0.000000 780.457214 0.000000 0.438308 0.000000 0.898825 0.000000 0.000000 0.000000
2903.191895 0.000000 780.187500 0.000000 0.630803 0.000000 0.775943 1.000000 1.000000 1.000000
2825.203857 0.000000 826.482056 0.000000 0.778904 0.000000 0.627143 0.000000 0.000000 0.000000
2835.771729 0.000000 813.406677 0.000000 0.600424 0.000000 0.799682 0.000000 0.000000 0.000000
2878.419189 0.000000 832.928528 0.000000 0.307384 0.000000 0.951585 0.000000 0.000000 0.000000
2877.508057 0.000000 840.558044 0.000000 0.599009 0.000000 0.800742 0.000000 0.000000 0.000000
2867.634277 0.000000 833.509094 0.000000 0.674596 0.000000 0.738187 0.000000 0.000000 0.000000
2874.631836 0.000000 825.917664 0.000000 0.224856 0.000000 0.974392 0.000000 0.000000 0.000000
2816.936035 0.000000 813.390808 0.000000 0.476530 0.000000 0.879158 0.000000 0.000000 0.000000
2833.360840 0.000000 836.941589 0.000000 0.379687 0.000000 0.925115 1.000000 1.000000 1.000000
2846.961914 0.000000 791.742554 0.000000 0.497613 0.000000 0.867399 1.000000 1.000000 1.000000
2854.337891 0.000000 804.517395 0.000000 0.262579 0.000000 0.964911 0.000000 0.000000 0.000000
2851.200439 0.000000 803.578247 0.000000 0.160422 0.000000 0.987049 1.000000 1.000000 1.000000
2925.516602 0.000000 805.514526 0.000000 0.727819 0.000000 0.685769 0.000000 0.000000 0.000000
2889.400879 0.000000 806.900391 0.000000 0.248253 0.000000 0.968695 0.000000 0.000000 0.000000
2907.131592 0.000000 806.902405 0.000000 0.661642 0.000000 0.749820 0.000000 0.000000 0.000000
2880.163086 0.000000 825.527771 0.000000 0.470831 0.000000 0.882224 1.000000 1.000000 1.000000
2916.620605 0.000000 837.489746 0.000000 0.414743 0.000000 0.909939 0.000000 0.000000 0.000000
2881.451416 0.000000 800.173706 0.000000 0.576468 0.000000 0.817120 1.000000 1.000000 1.000000
2828.978516 0.000000 848.001587 0.000000 0.411251 0.000000 0.911522 0.000000 0.000000 0.000000
2834.127686 0.000000 860.541687 0.000000 0.478143 0.000000 0.878282 0.000000 0.000000 0.000000
2856.832275 0.000000 850.766785 0.000000 0.309455 0.000000 0.950914 0.000000 0.000000 0.000000
2831.273193 0.000000 869.184204 0.000000 0.582624 0.000000 0.812742 0.000000 0.000000 0.000000
2838.477783 0.000000 882.158936 0.000000 0.041986 0.000000 0.999118 0.000000 0.000000 0.000000
2830.220459 0.000000 864.346558 0.000000 0.241381 0.000000 0.970430 0.000000 0.000000 0.000000
2822.508057 0.000000 899.356750 0.000000 0.399786 0.000000 0.916609 1.000000 1.000000 1.000000
2826.072266 0.000000 903.437622 0.000000 0.772295 0.000000 0.635264 0.000000 0.000000 0.000000
2941.248291 0.000000 893.267700 0.000000 0.782479 0.000000 0.622677 0.000000 0.000000 0.000000
2918.581055 0.000000 882.390076 0.000000 0.005172 0.000000 0.999987 0.000000 0.000000 0.000000
2944.513916 0.000000 806.862122 0.000000 0.099084 0.000000 0.995079 0.000000 0.000000 0.000000
2950.330566 0.000000 859.362427 0.000000 0.302585 0.000000 0.953122 0.000000 0.000000 0.000000
2497.884521 0.000000 954.802551 0.000000 0.767306 0.000000 0.641281 0.000000 0.000000 0.000000
2496.009766 0.000000 945.942505 0.000000 0.025290 0.000000 0.999680 0.000000 0.000000 0.000000
2493.292725 0.000000 972.793335 0.000000 0.478362 0.000000 0.878163 0.000000 0.000000 0.000000
2503.671631 0.000000 985.090942 0.000000 0.347000 0.000000 0.937865 0.000000 0.000000 0.000000
2496.098633 0.000000 967.183350 0.000000 0.431085 0.000000 0.902311 0.000000 0.000000 0.000000
2500.048096 0.000000 968.584412 0.000000 0.713581 0.000000 0.700573 0.000000 0.000000 0.000000
2505.278076 0.000000 1010.317932 0.000000 0.040105 0.000000 0.999195 0.000000 0.000000 0.000000
2505.400879 0.000000 1032.837891 0.000000 0.735790 0.000000 0.677209 0.000000 0.000000 0.000000
2504.908447 0.000000 1062.618774 0.000000 0.519346 0.000000 0.854564 0.000000 0.000000 0.000000
2507.487061 0.000000 1025.278320 0.000000 0.447828 0.000000 0.894120 0.000000 0.000000 0.000000
2495.957764 0.000000 1094.102173 0.000000 0.100477 0.000000 0.994939 0.000000 0.000000 0.000000
2457.505615 0.000000 1126.974854 0.000000 0.635594 0.000000 0.772024 0.000000 0.000000 0.000000
2485.013428 0.000000 1107.849487 0.000000 0.706364 0.000000 0.707849 0.000000 0.000000 0.000000
2498.396484 0.000000 1075.065308 0.000000 0.416575 0.000000 0.909101 0.000000 0.000000 0.000000
2497.017578 0.000000 1099.896240 0.000000 0.039155 0.000000 0.999233 0.000000 0.000000 0.000000
2296.551025 0.000000 1331.999756 0.000000 0.421722 0.000000 0.906725 0.000000 0.000000 0.000000
2282.009521 0.000000 1354.077271 0.000000 0.627913 0.000000 0.778284 0.000000 0.000000 0.000000
2299.211426 0.000000 1328.758789 0.000000 0.526590 0.000000 0.850119 0.000000 0.000000 0.000000
2403.764893 0.000000 1155.534790 0.000000 0.362133 0.000000 0.932126 0.000000 0.000000 0.000000
2418.842529 0.000000 1147.557495 0.000000 0.276225 0.000000 0.961093 0.000000 0.000000 0.000000
2368.156738 0.000000 1184.587646 0.000000 0.253221 0.000000 0.967408 0.000000 0.000000 0.000000
2406.889160 0.000000 1153.127075 0.000000 0.359292 0.000000 0.933225 0.000000 0.000000 0.000000
2376.908447 0.000000 1175.587524 0.000000 0.222657 0.000000 0.974897 0.000000 0.000000 0.000000
2386.230469 0.000000 1167.723022 0.000000 0.739104 0.000000 0.673592 0.000000 0.000000 0.000000
2374.508057 0.000000 1181.778687 0.000000 0.574451 0.000000 0.818539 0.000000 0.000000 0.000000
2377.278076 0.000000 1179.771118 0.000000 0.620638 0.000000 0.784097 0.000000 0.000000 0.000000
2365.512207 0.000000 1186.197998 0.000000 0.425264 0.000000 0.905069 0.000000 0.000000 0.000000
2369.451416 0.000000 1198.347534 0.000000 0.788314 0.000000 0.615273 0.000000 0.000000 0.000000
2370.500488 0.000000 1205.915894 0.000000 0.136252 0.000000 0.990674 0.000000 0.000000 0.000000
2436.048096 0.000000 1138.037598 0.000000 0.046003 0.000000 0.998941 0.000000 0.000000 0.000000
2450.579102 0.000000 1184.876343 0.000000 0.297290 0.000000 0.954787 1.000000 1.000000 1.000000
2451.007568 0.000000 1204.250244 0.000000 0.714044 0.000000 0.700101 0.000000 0.000000 0.000000
2457.237549 0.000000 1192.330811 0.000000 0.382757 0.000000 0.923849 0.000000 0.000000 0.000000
2473.322754 0.000000 1234.447510 0.000000 0.738479 0.000000 0.674276 0.000000 0.000000 0.000000
2557.524170 0.000000 1203.241577 0.000000 0.641109 0.000000 0.767450 0.000000 0.000000 0.000000
2556.832764 0.000000 1218.493652 0.000000 0.665352 0.000000 0.746530 0.000000 0.000000 0.000000
2360.551025 0.000000 1275.515381 0.000000 0.624079 0.000000 0.781361 0.000000 0.000000 0.000000
2412.662354 0.000000 1293.236450 0.000000 0.614460 0.000000 0.788948 0.000000 0.000000 0.000000
2345.563477 0.000000 1325.631592 0.000000 0.410217 0.000000 0.911988 0.000000 0.000000 0.000000
2354.789307 0.000000 1311.227905 0.000000 0.454579 0.000000 0.890706 0.000000 0.000000 0.000000
2403.764893 0.000000 1324.987915 0.000000 0.380261 0.000000 0.924879 0.000000 0.000000 0.000000
2395.131592 0.000000 1315.261841 0.000000 0.079045 0.000000 0.996871 0.000000 0.000000 0.000000
2395.932861 0.000000 1319.410278 0.000000 0.788005 0.000000 0.615669 0.000000 0.000000 0.000000
2368.156738 0.000000 1354.040771 0.000000 0.736939 0.000000 0.675959 0.000000 0.000000 0.000000
2381.507080 0.000000 1334.955078 0.000000 0.338125 0.000000 0.941101 0.000000 0.000000 0.000000
2423.062500 0.000000 1350.158081 0.000000 0.530872 0.000000 0.847452 0.000000 0.000000 0.000000
2428.832764 0.000000 1331.462402 0.000000 0.532573 0.000000 0.846384 0.000000 0.000000 0.000000
2426.462158 0.000000 1316.210693 0.000000 0.197483 0.000000 0.980306 1.000000 1.000000 1.000000
2423.819336 0.000000 1317.971558 0.000000 0.230979 0.000000 0.972959 1.000000 1.000000 1.000000
2412.194824 0.000000 1311.218018 0.000000 0.241787 0.000000 0.970329 0.000000 0.000000 0.000000
2406.581055 0.000000 1334.265015 0.000000 0.001397 0.000000 0.999999 1.000000 1.000000 1.000000
2388.094971 0.000000 1314.541504 0.000000 0.457375 0.000000 0.889274 0.000000 0.000000 0.000000
2453.705078 0.000000 1269.523926 0.000000 0.559897 0.000000 0.828562 0.000000 0.000000 0.000000
2436.032471 0.000000 1274.267822 0.000000 0.561957 0.000000 0.827167 0.000000 0.000000 0.000000
2484.365479 0.000000 1281.922485 0.000000 0.193836 0.000000 0.981034 0.000000 0.000000 0.000000
2441.063721 0.000000 1273.118286 0.000000 0.637907 0.000000 0.770113 1.000000 1.000000 1.000000
2485.013428 0.000000 1277.302612 0.000000 0.012137 0.000000 0.999926 0.000000 0.000000 0.000000
2493.612061 0.000000 1281.415894 0.000000 0.636457 0.000000 0.771312 0.000000 0.000000 0.000000
2474.288330 0.000000 1265.804077 0.000000 0.387486 0.000000 0.921876 0.000000 0.000000 0.000000
2483.759033 0.000000 1274.021118 0.000000 0.022708 0.000000 0.999742 0.000000 0.000000 0.000000
2457.680908 0.000000 1276.433716 0.000000 0.106116 0.000000 0.994354 0.000000 0.000000 0.000000
2474.835938 0.000000 1248.662476 0.000000 0.688140 0.000000 0.725578 0.000000 0.000000 0.000000
2473.677002 0.000000 1260.723267 0.000000 0.432273 0.000000 0.901743 0.000000 0.000000 0.000000
2493.032959 0.000000 1264.844360 0.000000 0.354042 0.000000 0.935230 1.000000 1.000000 1.000000
2500.458496 0.000000 1297.122192 0.000000 0.604331 0.000000 0.796734 0.000000 0.000000 0.000000
2534.893555 0.000000 1262.103638 0.000000 0.680795 0.000000 0.732474 0.000000 0.000000 0.000000
2552.551025 0.000000 1275.515381 0.000000 0.692655 0.000000 0.721269 0.000000 0.000000 0.000000
2498.500488 0.000000 1262.400269 0.000000 0.223653 0.000000 0.974669 0.000000 0.000000 0.000000
2557.658936 0.000000 1277.972046 0.000000 0.187063 0.000000 0.982348 0.000000 0.000000 0.000000
2515.007568 0.000000 1260.734619 0.000000 0.145228 0.000000 0.989398 0.000000 0.000000 0.000000
2552.315674 0.000000 1279.665283 0.000000 0.202824 0.000000 0.979215 0.000000 0.000000 0.000000
2519.293701 0.000000 1266.221069 0.000000 0.402640 0.000000 0.915359 1.000000 1.000000 1.000000
2521.661133 0.000000 1245.722412 0.000000 0.363217 0.000000 0.931705 0.000000 0.000000 0.000000
2496.042236 0.000000 1242.663574 0.000000 0.774343 0.000000 0.632766 0.000000 0.000000 0.000000
2546.798096 0.000000 1279.337402 0.000000 0.547559 0.000000 0.836767 1.000000 1.000000 1.000000
2532.759766 0.000000 1264.032471 0.000000 0.075761 0.000000 0.997126 0.000000 0.000000 0.000000
2524.380127 0.000000 1297.506592 0.000000 0.452280 0.000000 0.891876 1.000000 1.000000 1.000000
2516.094971 0.000000 1258.057129 0.000000 0.603847 0.000000 0.797101 0.000000 0.000000 0.000000
2508.083740 0.000000 1288.170166 0.000000 0.156643 0.000000 0.987655 1.000000 1.000000 1.000000
2540.352051 0.000000 1259.917358 0.000000 0.787827 0.000000 0.615897 1.000000 1.000000 1.000000
2480.205322 0.000000 1355.599365 0.000000 0.574036 0.000000 0.818830 0.000000 0.000000 0.000000
2442.351318 0.000000 1320.019531 0.000000 0.566545 0.000000 0.824030 0.000000 0.000000 0.000000
2468.620605 0.000000 1345.849121 0.000000 0.174206 0.000000 0.984709 0.000000 0.000000 0.000000
2434.356934 0.000000 1304.038818 0.000000 0.087240 0.000000 0.996187 0.000000 0.000000 0.000000
2451.991699 0.000000 1332.368164 0.000000 0.443397 0.000000 0.896325 0.000000 0.000000 0.000000
2432.042236 0.000000 1299.147949 0.000000 0.706878 0.000000 0.707335 0.000000 0.000000 0.000000
2439.437256 0.000000 1354.184204 0.000000 0.796393 0.000000 0.604780 1.000000 1.000000 1.000000
2448.186279 0.000000 1318.291870 0.000000 0.158643 0.000000 0.987336 1.000000 1.000000 1.000000
2497.451416 0.000000 1311.316284 0.000000 0.239650 0.000000 0.970859 0.000000 0.000000 0.000000
2500.458496 0.000000 1353.606567 0.000000 0.423729 0.000000 0.905789 0.000000 0.000000 0.000000
2545.519043 0.000000 1305.470215 0.000000 0.529577 0.000000 0.848262 0.000000 0.000000 0.000000
2527.825928 0.000000 1307.263062 0.000000 0.701607 0.000000 0.712564 0.000000 0.000000 0.000000
2521.237549 0.000000 1305.299561 0.000000 0.442354 0.000000 0.896840 0.000000 0.000000 0.000000
2534.581055 0.000000 1334.265015 0.000000 0.079189 0.000000 0.996860 0.000000 0.000000 0.000000
2526.961914 0.000000 1300.101929 0.000000 0.483735 0.000000 0.875214 0.000000 0.000000 0.000000
2607.663086 0.000000 913.761902 0.000000 0.341086 0.000000 0.940032 0.000000 0.000000 0.000000
2684.832764 0.000000 936.071777 0.000000 0.219476 0.000000 0.975618 1.000000 1.000000 1.000000
2681.384521 0.000000 960.001770 0.000000 0.598668 0.000000 0.800997 0.000000 0.000000 0.000000
2650.122314 0.000000 971.042786 0.000000 0.629231 0.000000 0.777219 0.000000 0.000000 0.000000
2630.215332 0.000000 1009.171997 0.000000 0.563377 0.000000 0.826200 0.000000 0.000000 0.000000
2624.513916 0.000000 976.315247 0.000000 0.528595 0.000000 0.848874 0.000000 0.000000 0.000000
2653.530273 0.000000 987.526733 0.000000 0.342259 0.000000 0.939606 0.000000 0.000000 0.000000
2626.356934 0.000000 965.132568 0.000000 0.513051 0.000000 0.858358 0.000000 0.000000 0.000000
2638.604980 0.000000 1007.811340 0.000000 0.295600 0.000000 0.955312 0.000000 0.000000 0.000000
2640.244385 0.000000 989.432190 0.000000 0.263458 0.000000 0.964671 0.000000 0.000000 0.000000
2651.635498 0.000000 983.284729 0.000000 0.456932 0.000000 0.889502 0.000000 0.000000 0.000000
2733.311035 0.000000 938.099915 0.000000 0.756447 0.000000 0.654055 0.000000 0.000000 0.000000
2729.967773 0.000000 933.567932 0.000000 0.382333 0.000000 0.924025 0.000000 0.000000 0.000000
2721.099609 0.000000 937.699707 0.000000 0.733634 0.000000 0.679545 0.000000 0.000000 0.000000
2699.487061 0.000000 912.309631 0.000000 0.786447 0.000000 0.617658 0.000000 0.000000 0.000000
2749.032959 0.000000 925.938049 0.000000 0.724597 0.000000 0.689173 0.000000 0.000000 0.000000
2797.516602 0.000000 918.483276 0.000000 0.070616 0.000000 0.997504 0.000000 0.000000 0.000000
2773.705078 0.000000 930.617676 0.000000 0.368260 0.000000 0.929723 0.000000 0.000000 0.000000
2770.127686 0.000000 917.026062 0.000000 0.796546 0.000000 0.604578 0.000000 0.000000 0.000000
2810.368164 0.000000 955.675964 0.000000 0.506647 0.000000 0.862154 0.000000 0.000000 0.000000
2799.722412 0.000000 948.069641 0.000000 0.180011 0.000000 0.983665 0.000000 0.000000 0.000000
2814.419189 0.000000 945.897278 0.000000 0.307051 0.000000 0.951693 0.000000 0.000000 0.000000
2764.457520 0.000000 955.525940 0.000000 0.644360 0.000000 0.764722 1.000000 1.000000 1.000000
2794.835938 0.000000 909.756287 0.000000 0.329729 0.000000 0.944076 1.000000 1.000000 1.000000
2761.278076 0.000000 953.833557 0.000000 0.783741 0.000000 0.621088 0.000000 0.000000 0.000000
2769.722656 0.000000 955.927307 0.000000 0.111784 0.000000 0.993733 1.000000 1.000000 1.000000
2760.667480 0.000000 908.529236 0.000000 0.489344 0.000000 0.872091 1.000000 1.000000 1.000000
2810.504395 0.000000 927.508850 0.000000 0.183567 0.000000 0.983007 0.000000 0.000000 0.000000
2775.191895 0.000000 949.640625 0.000000 0.285748 0.000000 0.958305 1.000000 1.000000 1.000000
2766.604980 0.000000 951.326965 0.000000 0.179252 0.000000 0.983803 1.000000 1.000000 1.000000
2729.204590 0.000000 996.795715 0.000000 0.780639 0.000000 0.624982 1.000000 1.000000 1.000000
2729.967773 0.000000 990.052307 0.000000 0.636095 0.000000 0.771611 0.000000 0.000000 0.000000
2732.194824 0.000000 972.311768 0.000000 0.568609 0.000000 0.822608 0.000000 0.000000 0.000000
2738.798096 0.000000 996.915527 0.000000 0.159668 0.000000 0.987171 1.000000 1.000000 1.000000
2723.200439 0.000000 973.031372 0.000000 0.117077 0.000000 0.993123 0.000000 0.000000 0.000000
2741.519043 0.000000 986.859802 0.000000 0.604396 0.000000 0.796684 0.000000 0.000000 0.000000
2778.979736 0.000000 1002.067200 0.000000 0.795626 0.000000 0.605788 0.000000 0.000000 0.000000
2760.407471 0.000000 968.046753 0.000000 0.331400 0.000000 0.943490 0.000000 0.000000 0.000000
2796.376709 0.000000 1006.502075 0.000000 0.775238 0.000000 0.631670 0.000000 0.000000 0.000000
2793.967773 0.000000 990.052307 0.000000 0.631930 0.000000 0.775026 0.000000 0.000000 0.000000
2766.604980 0.000000 1007.811340 0.000000 0.205516 0.000000 0.978654 0.000000 0.000000 0.000000
2809.384521 0.000000 1016.486145 0.000000 0.756958 0.000000 0.653463 0.000000 0.000000 0.000000
2623.586426 0.000000 1070.153320 0.000000 0.759137 0.000000 0.650931 0.000000 0.000000 0.000000
2622.270020 0.000000 1021.150146 0.000000 0.180921 0.000000 0.983498 0.000000 0.000000 0.000000
2612.014648 0.000000 1025.562012 0.000000 0.330137 0.000000 0.943933 0.000000 0.000000 0.000000
2632.407471 0.000000 1024.531128 0.000000 0.726053 0.000000 0.687638 0.000000 0.000000 0.000000
2660.276123 0.000000 1049.965454 0.000000 0.448103 0.000000 0.893982 0.000000 0.000000 0.000000
2633.063721 0.000000 1047.180786 0.000000 0.774672 0.000000 0.632363 0.000000 0.000000 0.000000
2654.953613 0.000000 1072.971313 0.000000 0.209857 0.000000 0.977732 0.000000 0.000000 0.000000
2658.857422 0.000000 1045.847656 0.000000 0.102623 0.000000 0.994720 1.000000 1.000000 1.000000
2665.967773 0.000000 1046.536621 0.000000 0.196720 0.000000 0.980460 1.000000 1.000000 1.000000
2633.278076 0.000000 1066.802368 0.000000 0.706310 0.000000 0.707903 0.000000 0.000000 0.000000
2681.384521 0.000000 1072.970459 0.000000 0.351138 0.000000 0.936324 0.000000 0.000000 0.000000
2567.671631 0.000000 1098.059692 0.000000 0.471534 0.000000 0.881848 0.000000 0.000000 0.000000
2579.991699 0.000000 1106.430664 0.000000 0.094354 0.000000 0.995539 0.000000 0.000000 0.000000
2671.722412 0.000000 1117.522827 0.000000 0.649514 0.000000 0.760349 0.000000 0.000000 0.000000
2659.991211 0.000000 1088.929565 0.000000 0.638551 0.000000 0.769580 0.000000 0.000000 0.000000
2672.647949 0.000000 1113.678833 0.000000 0.157333 0.000000 0.987546 0.000000 0.000000 0.000000
2658.735840 0.000000 1112.856201 0.000000 0.568076 0.000000 0.822976 0.000000 0.000000 0.000000
2683.100830 0.000000 1083.295898 0.000000 0.425615 0.000000 0.904904 1.000000 1.000000 1.000000
2647.191895 0.000000 1119.093750 0.000000 0.049363 0.000000 0.998781 1.000000 1.000000 1.000000
2654.952637 0.000000 1092.715454 0.000000 0.709722 0.000000 0.704482 0.000000 0.000000 0.000000
2652.947998 0.000000 1103.274902 0.000000 0.760078 0.000000 0.649832 1.000000 1.000000 1.000000
2709.705078 0.000000 1043.586426 0.000000 0.637318 0.000000 0.770601 0.000000 0.000000 0.000000
2724.045898 0.000000 1021.993652 0.000000 0.790385 0.000000 0.612610 0.000000 0.000000 0.000000
2692.763672 0.000000 1052.911011 0.000000 0.474759 0.000000 0.880116 0.000000 0.000000 0.000000
2692.948486 0.000000 1016.833801 0.000000 0.769324 0.000000 0.638859 1.000000 1.000000 1.000000
2697.084717 0.000000 1027.536621 0.000000 0.168355 0.000000 0.985726 1.000000 1.000000 1.000000
2717.423096 0.000000 1055.270630 0.000000 0.006216 0.000000 0.999981 0.000000 0.000000 0.000000
2723.200439 0.000000 1029.515747 0.000000 0.696274 0.000000 0.717776 1.000000 1.000000 1.000000
2780.793701 0.000000 1019.560547 0.000000 0.294015 0.000000 0.955801 0.000000 0.000000 0.000000
2815.487305 0.000000 1046.946411 0.000000 0.478982 0.000000 0.877825 0.000000 0.000000 0.000000
2774.937256 0.000000 1031.146118 0.000000 0.184151 0.000000 0.982898 0.000000 0.000000 0.000000
2778.364746 0.000000 1042.280029 0.000000 0.000386 0.000000 1.000000 0.000000 0.000000 0.000000
2756.957520 0.000000 1056.565796 0.000000 0.288105 0.000000 0.957599 0.000000 0.000000 0.000000
2777.917236 0.000000 1061.484985 0.000000 0.460976 0.000000 0.887413 0.000000 0.000000 0.000000
2719.758545 0.000000 1103.362793 0.000000 0.470195 0.000000 0.882563 0.000000 0.000000 0.000000
2735.868652 0.000000 1121.614136 0.000000 0.117336 0.000000 0.993092 0.000000 0.000000 0.000000
2692.948486 0.000000 1073.318237 0.000000 0.137729 0.000000 0.990470 0.000000 0.000000 0.000000
2726.581055 0.000000 1108.327515 0.000000 0.578671 0.000000 0.815561 1.000000 1.000000 1.000000
2688.042236 0.000000 1073.210449 0.000000 0.410685 0.000000 0.911777 1.000000 1.000000 1.000000
2716.380127 0.000000 1128.053467 0.000000 0.207780 0.000000 0.978176 1.000000 1.000000 1.000000
2708.094971 0.000000 1088.604004 0.000000 0.783260 0.000000 0.621694 1.000000 1.000000 1.000000
2709.235596 0.000000 1093.064209 0.000000 0.002871 0.000000 0.999996 1.000000 1.000000 1.000000
2810.511719 0.000000 1093.713135 0.000000 0.512909 0.000000 0.858443 0.000000 0.000000 0.000000
2814.419189 0.000000 1115.350464 0.000000 0.234691 0.000000 0.972070 0.000000 0.000000 0.000000
2806.382080 0.000000 1102.530762 0.000000 0.770658 0.000000 0.637249 0.000000 0.000000 0.000000
2758.424561 0.000000 1093.563232 0.000000 0.617826 0.000000 0.786315 0.000000 0.000000 0.000000
2760.667480 0.000000 1077.982300 0.000000 0.048151 0.000000 0.998840 1.000000 1.000000 1.000000
2803.016113 0.000000 1094.054199 0.000000 0.797855 0.000000 0.602850 0.000000 0.000000 0.000000
2863.722412 0.000000 948.069641 0.000000 0.470196 0.000000 0.882562 0.000000 0.000000 0.000000
2831.273193 0.000000 925.668579 0.000000 0.560075 0.000000 0.828442 0.000000 0.000000 0.000000
2861.375000 0.000000 928.671692 0.000000 0.737987 0.000000 0.674815 0.000000 0.000000 0.000000
2843.595215 0.000000 954.273743 0.000000 0.700369 0.000000 0.713781 0.000000 0.000000 0.000000
2842.987305 0.000000 903.838806 0.000000 0.088373 0.000000 0.996087 0.000000 0.000000 0.000000
2848.448975 0.000000 929.745300 0.000000 0.532579 0.000000 0.846380 0.000000 0.000000 0.000000
2863.537109 0.000000 930.878479 0.000000 0.312989 0.000000 0.949757 0.000000 0.000000 0.000000
2841.661133 0.000000 906.816223 0.000000 0.215449 0.000000 0.976515 1.000000 1.000000 1.000000
2820.948486 0.000000 903.865051 0.000000 0.205840 0.000000 0.978586 0.000000 0.000000 0.000000
2860.194824 0.000000 915.827393 0.000000 0.301525 0.000000 0.953458 0.000000 0.000000 0.000000
2867.016113 0.000000 924.601135 0.000000 0.774358 0.000000 0.632747 0.000000 0.000000 0.000000
2836.994385 0.000000 906.302673 0.000000 0.009021 0.000000 0.999959 0.000000 0.000000 0.000000
2836.094971 0.000000 919.150879 0.000000 0.787892 0.000000 0.615813 0.000000 0.000000 0.000000
2841.706787 0.000000 917.389343 0.000000 0.616209 0.000000 0.787582 0.000000 0.000000 0.000000
2935.531250 0.000000 914.353699 0.000000 0.454630 0.000000 0.890681 0.000000 0.000000 0.000000
2901.503174 0.000000 952.069214 0.000000 0.472706 0.000000 0.881220 0.000000 0.000000 0.000000
2903.836426 0.000000 954.362854 0.000000 0.145785 0.000000 0.989316 0.000000 0.000000 0.000000
2897.360840 0.000000 949.910339 0.000000 0.214437 0.000000 0.976738 1.000000 1.000000 1.000000
2854.231201 0.000000 998.763428 0.000000 0.568674 0.000000 0.822563 0.000000 0.000000 0.000000
2827.959473 0.000000 1008.725220 0.000000 0.782000 0.000000 0.623279 0.000000 0.000000 0.000000
2871.637939 0.000000 975.977844 0.000000 0.694024 0.000000 0.719952 0.000000 0.000000 0.000000
2836.089355 0.000000 1005.051270 0.000000 0.663034 0.000000 0.748589 0.000000 0.000000 0.000000
2838.937256 0.000000 974.661743 0.000000 0.584358 0.000000 0.811496 1.000000 1.000000 1.000000
2837.668701 0.000000 970.023254 0.000000 0.788231 0.000000 0.615379 1.000000 1.000000 1.000000
2861.386719 0.000000 1014.941406 0.000000 0.705426 0.000000 0.708784 0.000000 0.000000 0.000000
2860.194824 0.000000 972.311768 0.000000 0.279210 0.000000 0.960230 0.000000 0.000000 0.000000
2849.448975 0.000000 983.531189 0.000000 0.617065 0.000000 0.786912 0.000000 0.000000 0.000000
2846.608887 0.000000 965.774048 0.000000 0.371038 0.000000 0.928618 1.000000 1.000000 1.000000
2854.469482 0.000000 986.828430 0.000000 0.572611 0.000000 0.819827 1.000000 1.000000 1.000000
2932.365479 0.000000 999.500610 0.000000 0.368037 0.000000 0.929811 0.000000 0.000000 0.000000
2941.248291 0.000000 1006.236450 0.000000 0.527818 0.000000 0.849357 0.000000 0.000000 0.000000
2938.305176 0.000000 1004.215820 0.000000 0.770374 0.000000 0.637592 0.000000 0.000000 0.000000
2892.457520 0.000000 1012.010315 0.000000 0.465299 0.000000 0.885153 0.000000 0.000000 0.000000
2967.890625 0.000000 922.807678 0.000000 0.221353 0.000000 0.975194 0.000000 0.000000 0.000000
2974.530029 0.000000 927.210083 0.000000 0.472751 0.000000 0.881196 0.000000 0.000000 0.000000
2991.868652 0.000000 952.160950 0.000000 0.753414 0.000000 0.657547 0.000000 0.000000 0.000000
2953.604492 0.000000 931.204407 0.000000 0.657825 0.000000 0.753171 0.000000 0.000000 0.000000
3024.971924 0.000000 952.927002 0.000000 0.296277 0.000000 0.955102 0.000000 0.000000 0.000000
2992.205322 0.000000 1016.693115 0.000000 0.251450 0.000000 0.967870 0.000000 0.000000 0.000000
2951.914795 0.000000 962.071289 0.000000 0.350871 0.000000 0.936424 0.000000 0.000000 0.000000
2960.971924 0.000000 1009.411377 0.000000 0.033227 0.000000 0.999448 0.000000 0.000000 0.000000
2944.156738 0.000000 1015.134583 0.000000 0.415331 0.000000 0.909671 0.000000 0.000000 0.000000
2961.939453 0.000000 1002.029968 0.000000 0.759032 0.000000 0.651054 0.000000 0.000000 0.000000
2969.917236 0.000000 1005.000549 0.000000 0.305929 0.000000 0.952054 0.000000 0.000000 0.000000
2967.191895 0.000000 1006.125000 0.000000 0.215753 0.000000 0.976448 0.000000 0.000000 0.000000
3049.563477 0.000000 986.725403 0.000000 0.387400 0.000000 0.921912 0.000000 0.000000 0.000000
3027.007568 0.000000 978.312744 0.000000 0.765771 0.000000 0.643114 0.000000 0.000000 0.000000
3018.351318 0.000000 981.113342 0.000000 0.307050 0.000000 0.951693 0.000000 0.000000 0.000000
3065.910400 0.000000 1008.185425 0.000000 0.496246 0.000000 0.868182 1.000000 1.000000 1.000000
3037.020508 0.000000 973.064758 0.000000 0.775680 0.000000 0.631126 0.000000 0.000000 0.000000
3019.406250 0.000000 993.305176 0.000000 0.145778 0.000000 0.989317 0.000000 0.000000 0.000000
2818.396484 0.000000 1018.580872 0.000000 0.492162 0.000000 0.870504 0.000000 0.000000 0.000000
2852.045898 0.000000 1021.993652 0.000000 0.579276 0.000000 0.815131 0.000000 0.000000 0.000000
2854.889160 0.000000 1040.158325 0.000000 0.402975 0.000000 0.915211 0.000000 0.000000 0.000000
2851.104248 0.000000 1025.260864 0.000000 0.269016 0.000000 0.963136 0.000000 0.000000 0.000000
2857.967773 0.000000 1046.536621 0.000000 0.393063 0.000000 0.919512 0.000000 0.000000 0.000000
2881.319092 0.000000 1055.607178 0.000000 0.773693 0.000000 0.633561 0.000000 0.000000 0.000000
2918.231201 0.000000 1055.247803 0.000000 0.083472 0.000000 0.996510 0.000000 0.000000 0.000000
2922.009521 0.000000 1071.655396 0.000000 0.013933 0.000000 0.999903 0.000000 0.000000 0.000000
2931.214111 0.000000 1062.975952 0.000000 0.039621 0.000000 0.999215 0.000000 0.000000 0.000000
2918.686279 0.000000 1017.024536 0.000000 0.687563 0.000000 0.726124 0.000000 0.000000 0.000000
2897.939453 0.000000 1058.514282 0.000000 0.202829 0.000000 0.979214 0.000000 0.000000 0.000000
2913.099609 0.000000 1050.668457 0.000000 0.662147 0.000000 0.749374 0.000000 0.000000 0.000000
2886.508057 0.000000 1068.809937 0.000000 0.439305 0.000000 0.898338 0.000000 0.000000 0.000000
2884.948486 0.000000 1016.833801 0.000000 0.348645 0.000000 0.937255 1.000000 1.000000 1.000000
2897.722656 0.000000 1068.896118 0.000000 0.323538 0.000000 0.946215 1.000000 1.000000 1.000000
2890.072266 0.000000 1072.890747 0.000000 0.528525 0.000000 0.848918 1.000000 1.000000 1.000000
2938.504395 0.000000 1040.477661 0.000000 0.743291 0.000000 0.668968 0.000000 0.000000 0.000000
2887.437256 0.000000 1071.762329 0.000000 0.387746 0.000000 0.921766 0.000000 0.000000 0.000000
2820.458496 0.000000 1127.669067 0.000000 0.769243 0.000000 0.638956 0.000000 0.000000 0.000000
2856.832275 0.000000 1076.704224 0.000000 0.549176 0.000000 0.835707 0.000000 0.000000 0.000000
2872.551025 0.000000 1106.062256 0.000000 0.650049 0.000000 0.759892 0.000000 0.000000 0.000000
2860.063232 0.000000 1082.192261 0.000000 0.350449 0.000000 0.936582 1.000000 1.000000 1.000000
2822.215332 0.000000 1122.140747 0.000000 0.570956 0.000000 0.820981 0.000000 0.000000 0.000000
2833.256836 0.000000 1107.917969 0.000000 0.203229 0.000000 0.979131 0.000000 0.000000 0.000000
2869.993896 0.000000 1094.489258 0.000000 0.752795 0.000000 0.658255 0.000000 0.000000 0.000000
2816.009766 0.000000 1115.395630 0.000000 0.301825 0.000000 0.953363 0.000000 0.000000 0.000000
2858.835938 0.000000 1079.209351 0.000000 0.419613 0.000000 0.907703 1.000000 1.000000 1.000000
2901.208252 0.000000 1113.082397 0.000000 0.392909 0.000000 0.919577 0.000000 0.000000 0.000000
2897.260010 0.000000 1099.660278 0.000000 0.636643 0.000000 0.771158 1.000000 1.000000 1.000000
2941.612061 0.000000 1111.962769 0.000000 0.177119 0.000000 0.984189 1.000000 1.000000 1.000000
2931.759033 0.000000 1104.567993 0.000000 0.125699 0.000000 0.992068 0.000000 0.000000 0.000000
2938.462158 0.000000 1090.273193 0.000000 0.547526 0.000000 0.836789 0.000000 0.000000 0.000000
2938.504395 0.000000 1096.962036 0.000000 0.287060 0.000000 0.957913 1.000000 1.000000 1.000000
2907.635498 0.000000 1096.253540 0.000000 0.033793 0.000000 0.999429 1.000000 1.000000 1.000000
2905.283936 0.000000 1094.820923 0.000000 0.099085 0.000000 0.995079 1.000000 1.000000 1.000000
2945.319092 0.000000 1055.607178 0.000000 0.371185 0.000000 0.928559 0.000000 0.000000 0.000000
2965.208252 0.000000 1056.598022 0.000000 0.524279 0.000000 0.851547 0.000000 0.000000 0.000000
2947.505127 0.000000 1060.144897 0.000000 0.450529 0.000000 0.892762 0.000000 0.000000 0.000000
2965.503174 0.000000 1065.037964 0.000000 0.634648 0.000000 0.772801 0.000000 0.000000 0.000000
2985.204590 0.000000 1053.280151 0.000000 0.590330 0.000000 0.807162 0.000000 0.000000 0.000000
2953.278076 0.000000 1066.802368 0.000000 0.563445 0.000000 0.826154 0.000000 0.000000 0.000000
3029.705078 0.000000 1043.586426 0.000000 0.317366 0.000000 0.948303 0.000000 0.000000 0.000000
3055.722412 0.000000 1061.038452 0.000000 0.714977 0.000000 0.699148 0.000000 0.000000 0.000000
3012.957520 0.000000 1056.565796 0.000000 0.488136 0.000000 0.872768 0.000000 0.000000 0.000000
3033.917236 0.000000 1061.484985 0.000000 0.638149 0.000000 0.769913 1.000000 1.000000 1.000000
2999.107910 0.000000 1118.404419 0.000000 0.771916 0.000000 0.635725 0.000000 0.000000 0.000000
2980.045898 0.000000 1078.478027 0.000000 0.306795 0.000000 0.951776 0.000000 0.000000 0.000000
2999.531250 0.000000 1083.806763 0.000000 0.353969 0.000000 0.935257 0.000000 0.000000 0.000000
2998.173828 0.000000 1079.387329 0.000000 0.681691 0.000000 0.731640 0.000000 0.000000 0.000000
2996.014648 0.000000 1082.046387 0.000000 0.544213 0.000000 0.838947 0.000000 0.000000 0.000000
2980.575195 0.000000 1075.592163 0.000000 0.400980 0.000000 0.916087 1.000000 1.000000 1.000000
3066.368164 0.000000 1125.129028 0.000000 0.670439 0.000000 0.741965 0.000000 0.000000 0.000000
3017.640869 0.000000 1126.390991 0.000000 0.756865 0.000000 0.653571 0.000000 0.000000 0.000000
3029.668701 0.000000 1082.992065 0.000000 0.721546 0.000000 0.692366 0.000000 0.000000 0.000000
3053.311035 0.000000 1107.552979 0.000000 0.164280 0.000000 0.986414 1.000000 1.000000 1.000000
3055.917480 0.000000 1109.985107 0.000000 0.737622 0.000000 0.675214 0.000000 0.000000 0.000000
3030.628418 0.000000 1103.230347 0.000000 0.651047 0.000000 0.759037 1.000000 1.000000 1.000000
3053.386719 0.000000 1127.910156 0.000000 0.343240 0.000000 0.939248 1.000000 1.000000 1.000000
3018.072266 0.000000 1129.375122 0.000000 0.236351 0.000000 0.971668 0.000000 0.000000 0.000000
2623.487305 0.000000 1159.915161 0.000000 0.760431 0.000000 0.649419 0.000000 0.000000 0.000000
2621.248291 0.000000 1175.689575 0.000000 0.276503 0.000000 0.961013 0.000000 0.000000 0.000000
2604.083252 0.000000 1149.748535 0.000000 0.537185 0.000000 0.843464 0.000000 0.000000 0.000000
2578.230469 0.000000 1167.723022 0.000000 0.224634 0.000000 0.974443 0.000000 0.000000 0.000000
2618.028564 0.000000 1142.786133 0.000000 0.511687 0.000000 0.859172 0.000000 0.000000 0.000000
2566.724365 0.000000 1163.194946 0.000000 0.691243 0.000000 0.722623 0.000000 0.000000 0.000000
2577.722656 0.000000 1181.864868 0.000000 0.012336 0.000000 0.999924 0.000000 0.000000 0.000000
2581.934570 0.000000 1184.499512 0.000000 0.787832 0.000000 0.615890 0.000000 0.000000 0.000000
2577.360840 0.000000 1175.847900 0.000000 0.467280 0.000000 0.884109 1.000000 1.000000 1.000000
2598.469482 0.000000 1156.281494 0.000000 0.461565 0.000000 0.887106 1.000000 1.000000 1.000000
2644.968506 0.000000 1181.812622 0.000000 0.397393 0.000000 0.917649 0.000000 0.000000 0.000000
2642.127686 0.000000 1142.963501 0.000000 0.383908 0.000000 0.923371 0.000000 0.000000 0.000000
2629.464844 0.000000 1134.469482 0.000000 0.536693 0.000000 0.843778 0.000000 0.000000 0.000000
2662.581055 0.000000 1164.811890 0.000000 0.207113 0.000000 0.978317 0.000000 0.000000 0.000000
2575.130859 0.000000 1225.543701 0.000000 0.387334 0.000000 0.921939 0.000000 0.000000 0.000000
2572.552734 0.000000 1212.365967 0.000000 0.048584 0.000000 0.998819 0.000000 0.000000 0.000000
2580.994385 0.000000 1188.724609 0.000000 0.772532 0.000000 0.634976 1.000000 1.000000 1.000000
2584.795410 0.000000 1214.084106 0.000000 0.727018 0.000000 0.686619 0.000000 0.000000 0.000000
2596.029297 0.000000 1204.724609 0.000000 0.192188 0.000000 0.981358 0.000000 0.000000 0.000000
2585.706787 0.000000 1199.811279 0.000000 0.647073 0.000000 0.762428 1.000000 1.000000 1.000000
2673.272949 0.000000 1219.796753 0.000000 0.758079 0.000000 0.652163 0.000000 0.000000 0.000000
2624.156738 0.000000 1241.072021 0.000000 0.285999 0.000000 0.958230 0.000000 0.000000 0.000000
2656.448975 0.000000 1212.167236 0.000000 0.300666 0.000000 0.953729 0.000000 0.000000 0.000000
2683.100830 0.000000 1196.264648 0.000000 0.484275 0.000000 0.874916 0.000000 0.000000 0.000000
2674.798096 0.000000 1222.853027 0.000000 0.079141 0.000000 0.996863 0.000000 0.000000 0.000000
2751.957764 0.000000 1150.586548 0.000000 0.296830 0.000000 0.954930 0.000000 0.000000 0.000000
2706.817383 0.000000 1160.131348 0.000000 0.569846 0.000000 0.821751 0.000000 0.000000 0.000000
2725.098633 0.000000 1172.558472 0.000000 0.751202 0.000000 0.660073 0.000000 0.000000 0.000000
2730.673340 0.000000 1129.831421 0.000000 0.775812 0.000000 0.630964 0.000000 0.000000 0.000000
2688.936035 0.000000 1152.296997 0.000000 0.593937 0.000000 0.804511 0.000000 0.000000 0.000000
2758.215332 0.000000 1178.625122 0.000000 0.072695 0.000000 0.997354 0.000000 0.000000 0.000000
2811.211426 0.000000 1159.305664 0.000000 0.765073 0.000000 0.643943 0.000000 0.000000 0.000000
2807.819336 0.000000 1148.518433 0.000000 0.211363 0.000000 0.977408 1.000000 1.000000 1.000000
2803.016113 0.000000 1150.538574 0.000000 0.485580 0.000000 0.874192 1.000000 1.000000 1.000000
2771.991699 0.000000 1162.915039 0.000000 0.721843 0.000000 0.692056 0.000000 0.000000 0.000000
2800.746582 0.000000 1132.925171 0.000000 0.265058 0.000000 0.964232 0.000000 0.000000 0.000000
2777.283936 0.000000 1151.305298 0.000000 0.219458 0.000000 0.975622 1.000000 1.000000 1.000000
2740.365479 0.000000 1225.438110 0.000000 0.061229 0.000000 0.998124 0.000000 0.000000 0.000000
2692.948486 0.000000 1186.286987 0.000000 0.541637 0.000000 0.840612 0.000000 0.000000 0.000000
2697.604492 0.000000 1213.626221 0.000000 0.492902 0.000000 0.870085 0.000000 0.000000 0.000000
2688.042236 0.000000 1186.179199 0.000000 0.414489 0.000000 0.910054 1.000000 1.000000 1.000000
2712.795410 0.000000 1214.084106 0.000000 0.495736 0.000000 0.868473 1.000000 1.000000 1.000000
2756.458496 0.000000 1240.637817 0.000000 0.632173 0.000000 0.774827 0.000000 0.000000 0.000000
2801.272949 0.000000 1219.796753 0.000000 0.631424 0.000000 0.775437 0.000000 0.000000 0.000000
2807.637939 0.000000 1201.915283 0.000000 0.769118 0.000000 0.639107 0.000000 0.000000 0.000000
2752.255127 0.000000 1233.312744 0.000000 0.652891 0.000000 0.757451 0.000000 0.000000 0.000000
2793.385498 0.000000 1219.089966 0.000000 0.395259 0.000000 0.918570 0.000000 0.000000 0.000000
2802.585205 0.000000 1214.066162 0.000000 0.786813 0.000000 0.617192 1.000000 1.000000 1.000000
2778.364746 0.000000 1211.733154 0.000000 0.013502 0.000000 0.999909 0.000000 0.000000 0.000000
2811.211426 0.000000 1215.790039 0.000000 0.302704 0.000000 0.953085 0.000000 0.000000 0.000000
2752.156738 0.000000 1241.072021 0.000000 0.514330 0.000000 0.857592 0.000000 0.000000 0.000000
2803.863525 0.000000 1210.544556 0.000000 0.585302 0.000000 0.810816 0.000000 0.000000 0.000000
2781.530273 0.000000 1213.464233 0.000000 0.746305 0.000000 0.665604 0.000000 0.000000 0.000000
2805.861084 0.000000 1234.238281 0.000000 0.430330 0.000000 0.902672 0.000000 0.000000 0.000000
2560.255127 0.000000 1289.797119 0.000000 0.463016 0.000000 0.886350 0.000000 0.000000 0.000000
2580.089355 0.000000 1287.473145 0.000000 0.423162 0.000000 0.906054 0.000000 0.000000 0.000000
2610.585205 0.000000 1270.550537 0.000000 0.134338 0.000000 0.990936 0.000000 0.000000 0.000000
2579.007568 0.000000 1260.734619 0.000000 0.433487 0.000000 0.901160 0.000000 0.000000 0.000000
2561.884521 0.000000 1293.708740 0.000000 0.522035 0.000000 0.852924 0.000000 0.000000 0.000000
2589.530273 0.000000 1269.948608 0.000000 0.597161 0.000000 0.802121 0.000000 0.000000 0.000000
2620.832764 0.000000 1274.978027 0.000000 0.396483 0.000000 0.918042 1.000000 1.000000 1.000000
2584.795410 0.000000 1270.568481 0.000000 0.393536 0.000000 0.919309 0.000000 0.000000 0.000000
2680.065674 0.000000 1268.018799 0.000000 0.414589 0.000000 0.910009 0.000000 0.000000 0.000000
2682.368164 0.000000 1294.582153 0.000000 0.091751 0.000000 0.995782 0.000000 0.000000 0.000000
2687.586426 0.000000 1296.090820 0.000000 0.078500 0.000000 0.996914 0.000000 0.000000 0.000000
2630.330566 0.000000 1254.753052 0.000000 0.509697 0.000000 0.860354 0.000000 0.000000 0.000000
2681.910400 0.000000 1290.607300 0.000000 0.461906 0.000000 0.886929 0.000000 0.000000 0.000000
2683.981689 0.000000 1297.875488 0.000000 0.420159 0.000000 0.907451 0.000000 0.000000 0.000000
2679.060791 0.000000 1284.255981 0.000000 0.647661 0.000000 0.761928 0.000000 0.000000 0.000000
2657.099609 0.000000 1276.605957 0.000000 0.769079 0.000000 0.639154 0.000000 0.000000 0.000000
2665.677002 0.000000 1260.723267 0.000000 0.271550 0.000000 0.962424 0.000000 0.000000 0.000000
2675.016113 0.000000 1263.507324 0.000000 0.349182 0.000000 0.937055 1.000000 1.000000 1.000000
2624.936035 0.000000 1265.265747 0.000000 0.254016 0.000000 0.967200 0.000000 0.000000 0.000000
2651.635498 0.000000 1265.706665 0.000000 0.529241 0.000000 0.848471 0.000000 0.000000 0.000000
2660.575195 0.000000 1245.045288 0.000000 0.510795 0.000000 0.859703 1.000000 1.000000 1.000000
2561.451416 0.000000 1311.316284 0.000000 0.752762 0.000000 0.658293 0.000000 0.000000 0.000000
2586.979736 0.000000 1340.973389 0.000000 0.475299 0.000000 0.879824 0.000000 0.000000 0.000000
2607.722412 0.000000 1343.460327 0.000000 0.047851 0.000000 0.998854 0.000000 0.000000 0.000000
2566.508057 0.000000 1351.231812 0.000000 0.435289 0.000000 0.900291 1.000000 1.000000 1.000000
2564.948486 0.000000 1299.255737 0.000000 0.058755 0.000000 0.998272 0.000000 0.000000 0.000000
2568.667480 0.000000 1303.919800 0.000000 0.204067 0.000000 0.978957 0.000000 0.000000 0.000000
2580.094971 0.000000 1314.541504 0.000000 0.286591 0.000000 0.958053 0.000000 0.000000 0.000000
2576.244385 0.000000 1328.338501 0.000000 0.605515 0.000000 0.795834 0.000000 0.000000 0.000000
2588.947998 0.000000 1329.212402 0.000000 0.624027 0.000000 0.781403 0.000000 0.000000 0.000000
2665.563477 0.000000 1325.631592 0.000000 0.784076 0.000000 0.620664 0.000000 0.000000 0.000000
2685.512207 0.000000 1299.166748 0.000000 0.785212 0.000000 0.619227 0.000000 0.000000 0.000000
2660.276123 0.000000 1332.387329 0.000000 0.702515 0.000000 0.711669 0.000000 0.000000 0.000000
2638.220459 0.000000 1316.221558 0.000000 0.477209 0.000000 0.878790 0.000000 0.000000 0.000000
2672.647949 0.000000 1339.616333 0.000000 0.101809 0.000000 0.994804 0.000000 0.000000 0.000000
2630.508057 0.000000 1351.231812 0.000000 0.516756 0.000000 0.856133 0.000000 0.000000 0.000000
2633.278076 0.000000 1349.224243 0.000000 0.369069 0.000000 0.929402 0.000000 0.000000 0.000000
2633.604492 0.000000 1326.594971 0.000000 0.735359 0.000000 0.677678 0.000000 0.000000 0.000000
2636.526855 0.000000 1322.186401 0.000000 0.459349 0.000000 0.888256 0.000000 0.000000 0.000000
2653.423096 0.000000 1337.692505 0.000000 0.408538 0.000000 0.912741 0.000000 0.000000 0.000000
2630.056885 0.000000 1344.078369 0.000000 0.665375 0.000000 0.746509 0.000000 0.000000 0.000000
2641.360840 0.000000 1345.301025 0.000000 0.048416 0.000000 0.998827 1.000000 1.000000 1.000000
2640.244385 0.000000 1328.338501 0.000000 0.611114 0.000000 0.791543 1.000000 1.000000 1.000000
2742.864258 0.000000 1297.654907 0.000000 0.696585 0.000000 0.717474 0.000000 0.000000 0.000000
2693.464844 0.000000 1247.438232 0.000000 0.440970 0.000000 0.897522 0.000000 0.000000 0.000000
2732.376709 0.000000 1288.923950 0.000000 0.680356 0.000000 0.732882 0.000000 0.000000 0.000000
2697.278076 0.000000 1292.739868 0.000000 0.761825 0.000000 0.647783 0.000000 0.000000 0.000000
2743.819336 0.000000 1261.487183 0.000000 0.478078 0.000000 0.878317 1.000000 1.000000 1.000000
2704.244385 0.000000 1271.854126 0.000000 0.576291 0.000000 0.817245 1.000000 1.000000 1.000000
2716.947998 0.000000 1272.728027 0.000000 0.054075 0.000000 0.998537 1.000000 1.000000 1.000000
2753.451416 0.000000 1254.831909 0.000000 0.690052 0.000000 0.723760 0.000000 0.000000 0.000000
2766.875732 0.000000 1287.418335 0.000000 0.198341 0.000000 0.980133 0.000000 0.000000 0.000000
2757.119141 0.000000 1259.090454 0.000000 0.097246 0.000000 0.995260 0.000000 0.000000 0.000000
2756.755371 0.000000 1270.528931 0.000000 0.226141 0.000000 0.974094 0.000000 0.000000 0.000000
2774.628418 0.000000 1272.683472 0.000000 0.790404 0.000000 0.612585 0.000000 0.000000 0.000000
2784.448975 0.000000 1268.651611 0.000000 0.750766 0.000000 0.660568 0.000000 0.000000 0.000000
2812.832764 0.000000 1274.978027 0.000000 0.289609 0.000000 0.957145 1.000000 1.000000 1.000000
2758.056885 0.000000 1287.593994 0.000000 0.020727 0.000000 0.999785 1.000000 1.000000 1.000000
2813.032959 0.000000 1264.844360 0.000000 0.652685 0.000000 0.757630 0.000000 0.000000 0.000000
2714.979736 0.000000 1340.973389 0.000000 0.553726 0.000000 0.832699 0.000000 0.000000 0.000000
2722.900879 0.000000 1299.205322 0.000000 0.641614 0.000000 0.767027 0.000000 0.000000 0.000000
2697.278076 0.000000 1349.224243 0.000000 0.322631 0.000000 0.946525 1.000000 1.000000 1.000000
2729.677002 0.000000 1317.207642 0.000000 0.410367 0.000000 0.911920 1.000000 1.000000 1.000000
2700.112305 0.000000 1314.047363 0.000000 0.665088 0.000000 0.746765 0.000000 0.000000 0.000000
2695.437256 0.000000 1354.184204 0.000000 0.007259 0.000000 0.999974 1.000000 1.000000 1.000000
2724.759766 0.000000 1320.516846 0.000000 0.364081 0.000000 0.931367 1.000000 1.000000 1.000000
2774.477783 0.000000 1334.033936 0.000000 0.451275 0.000000 0.892385 0.000000 0.000000 0.000000
2758.330566 0.000000 1311.237427 0.000000 0.146269 0.000000 0.989245 0.000000 0.000000 0.000000
2767.831299 0.000000 1303.312500 0.000000 0.504711 0.000000 0.863288 0.000000 0.000000 0.000000
2761.604492 0.000000 1326.594971 0.000000 0.742515 0.000000 0.669829 0.000000 0.000000 0.000000
2809.384521 0.000000 1355.392334 0.000000 0.243223 0.000000 0.969970 1.000000 1.000000 1.000000
2847.825928 0.000000 1137.809937 0.000000 0.087141 0.000000 0.996196 0.000000 0.000000 0.000000
2869.993896 0.000000 1150.973633 0.000000 0.372891 0.000000 0.927875 0.000000 0.000000 0.000000
2843.131592 0.000000 1145.808716 0.000000 0.029394 0.000000 0.999568 1.000000 1.000000 1.000000
2854.889160 0.000000 1153.127075 0.000000 0.795527 0.000000 0.605918 0.000000 0.000000 0.000000
2841.706787 0.000000 1143.326904 0.000000 0.052804 0.000000 0.998605 0.000000 0.000000 0.000000
2830.979980 0.000000 1154.527710 0.000000 0.288723 0.000000 0.957413 1.000000 1.000000 1.000000
2906.979736 0.000000 1171.520264 0.000000 0.542904 0.000000 0.839795 0.000000 0.000000 0.000000
2917.982422 0.000000 1179.949341 0.000000 0.715936 0.000000 0.698165 0.000000 0.000000 0.000000
2909.237549 0.000000 1163.209717 0.000000 0.660865 0.000000 0.750505 1.000000 1.000000 1.000000
2931.402588 0.000000 1183.654785 0.000000 0.171957 0.000000 0.985104 0.000000 0.000000 0.000000
2896.244385 0.000000 1158.885376 0.000000 0.401609 0.000000 0.915811 1.000000 1.000000 1.000000
2916.575195 0.000000 1132.076538 0.000000 0.450989 0.000000 0.892530 0.000000 0.000000 0.000000
2827.959473 0.000000 1234.662720 0.000000 0.625542 0.000000 0.780191 0.000000 0.000000 0.000000
2850.900879 0.000000 1186.236572 0.000000 0.383243 0.000000 0.923648 0.000000 0.000000 0.000000
2822.215332 0.000000 1235.109497 0.000000 0.338968 0.000000 0.940798 0.000000 0.000000 0.000000
2852.045898 0.000000 1191.446777 0.000000 0.536532 0.000000 0.843880 0.000000 0.000000 0.000000
2822.330566 0.000000 1198.268677 0.000000 0.072414 0.000000 0.997375 1.000000 1.000000 1.000000
2816.163086 0.000000 1220.918457 0.000000 0.217598 0.000000 0.976039 0.000000 0.000000 0.000000
2863.663086 0.000000 1196.183716 0.000000 0.078887 0.000000 0.996884 0.000000 0.000000 0.000000
2834.190674 0.000000 1195.694092 0.000000 0.195852 0.000000 0.980633 0.000000 0.000000 0.000000
2858.835938 0.000000 1192.178101 0.000000 0.757011 0.000000 0.653402 1.000000 1.000000 1.000000
2863.537109 0.000000 1213.300293 0.000000 0.565426 0.000000 0.824799 0.000000 0.000000 0.000000
2876.832764 0.000000 1218.493652 0.000000 0.192753 0.000000 0.981247 0.000000 0.000000 0.000000
2820.948486 0.000000 1186.286987 0.000000 0.234176 0.000000 0.972194 0.000000 0.000000 0.000000
2869.519043 0.000000 1212.797241 0.000000 0.792005 0.000000 0.610515 1.000000 1.000000 1.000000
2938.807129 0.000000 1192.826416 0.000000 0.792233 0.000000 0.610218 0.000000 0.000000 0.000000
2888.407471 0.000000 1193.984253 0.000000 0.214629 0.000000 0.976696 0.000000 0.000000 0.000000
2913.099609 0.000000 1220.121582 0.000000 0.726457 0.000000 0.687212 0.000000 0.000000 0.000000
2905.661133 0.000000 1189.238037 0.000000 0.077711 0.000000 0.996976 1.000000 1.000000 1.000000
2905.917236 0.000000 1230.938110 0.000000 0.428505 0.000000 0.903539 1.000000 1.000000 1.000000
2887.437256 0.000000 1241.215454 0.000000 0.626225 0.000000 0.779643 0.000000 0.000000 0.000000
2988.760498 0.000000 1168.192627 0.000000 0.615664 0.000000 0.788009 0.000000 0.000000 0.000000
2969.621582 0.000000 1177.562378 0.000000 0.246056 0.000000 0.969256 0.000000 0.000000 0.000000
2999.107910 0.000000 1174.888794 0.000000 0.021686 0.000000 0.999765 0.000000 0.000000 0.000000
2967.371094 0.000000 1172.701416 0.000000 0.742300 0.000000 0.670068 0.000000 0.000000 0.000000
2978.735840 0.000000 1169.340576 0.000000 0.456748 0.000000 0.889596 0.000000 0.000000 0.000000
2982.581055 0.000000 1164.811890 0.000000 0.791931 0.000000 0.610610 0.000000 0.000000 0.000000
2961.360840 0.000000 1175.847900 0.000000 0.525966 0.000000 0.850505 1.000000 1.000000 1.000000
3062.816650 0.000000 1130.938232 0.000000 0.228636 0.000000 0.973512 0.000000 0.000000 0.000000
3052.083252 0.000000 1149.748535 0.000000 0.767770 0.000000 0.640725 1.000000 1.000000 1.000000
3042.015137 0.000000 1150.182983 0.000000 0.779951 0.000000 0.625841 0.000000 0.000000 0.000000
3008.163086 0.000000 1164.434082 0.000000 0.763357 0.000000 0.645976 0.000000 0.000000 0.000000
3053.311035 0.000000 1164.037354 0.000000 0.762253 0.000000 0.647279 0.000000 0.000000 0.000000
3046.889160 0.000000 1153.127075 0.000000 0.082565 0.000000 0.996586 1.000000 1.000000 1.000000
3023.831299 0.000000 1133.859375 0.000000 0.408869 0.000000 0.912593 0.000000 0.000000 0.000000
3010.356934 0.000000 1134.585693 0.000000 0.287534 0.000000 0.957771 0.000000 0.000000 0.000000
3025.722656 0.000000 1181.864868 0.000000 0.259626 0.000000 0.965709 1.000000 1.000000 1.000000
3002.511719 0.000000 1206.681885 0.000000 0.220871 0.000000 0.975303 0.000000 0.000000 0.000000
2947.505127 0.000000 1229.598022 0.000000 0.378836 0.000000 0.925464 0.000000 0.000000 0.000000
2991.145508 0.000000 1204.319702 0.000000 0.757761 0.000000 0.652532 0.000000 0.000000 0.000000
2991.537109 0.000000 1213.300293 0.000000 0.506307 0.000000 0.862354 0.000000 0.000000 0.000000
2948.948486 0.000000 1186.286987 0.000000 0.567918 0.000000 0.823085 0.000000 0.000000 0.000000
2956.526855 0.000000 1209.217651 0.000000 0.445690 0.000000 0.895187 0.000000 0.000000 0.000000
2963.991699 0.000000 1219.399414 0.000000 0.722104 0.000000 0.691784 0.000000 0.000000 0.000000
2965.235596 0.000000 1206.032959 0.000000 0.737131 0.000000 0.675750 1.000000 1.000000 1.000000
3050.009521 0.000000 1241.108521 0.000000 0.720824 0.000000 0.693119 0.000000 0.000000 0.000000
3027.007568 0.000000 1204.250244 0.000000 0.445087 0.000000 0.895487 0.000000 0.000000 0.000000
3069.508057 0.000000 1235.948608 0.000000 0.580508 0.000000 0.814255 1.000000 1.000000 1.000000
3042.735840 0.000000 1225.824951 0.000000 0.788642 0.000000 0.614853 0.000000 0.000000 0.000000
3025.722656 0.000000 1238.349243 0.000000 0.433156 0.000000 0.901319 1.000000 1.000000 1.000000
3052.194824 0.000000 1198.249268 0.000000 0.768709 0.000000 0.639599 1.000000 1.000000 1.000000
3041.448975 0.000000 1209.468628 0.000000 0.537615 0.000000 0.843190 0.000000 0.000000 0.000000
3044.759766 0.000000 1207.548096 0.000000 0.186027 0.000000 0.982545 1.000000 1.000000 1.000000
3044.029297 0.000000 1204.724609 0.000000 0.549742 0.000000 0.835334 1.000000 1.000000 1.000000
3033.283936 0.000000 1207.789673 0.000000 0.466224 0.000000 0.884667 1.000000 1.000000 1.000000
2877.292725 0.000000 1255.215210 0.000000 0.732771 0.000000 0.680475 0.000000 0.000000 0.000000
2825.640869 0.000000 1295.844116 0.000000 0.195153 0.000000 0.980773 0.000000 0.000000 0.000000
2823.914795 0.000000 1244.493164 0.000000 0.201441 0.000000 0.979501 0.000000 0.000000 0.000000
2827.929443 0.000000 1254.662109 0.000000 0.609852 0.000000 0.792515 0.000000 0.000000 0.000000
2841.680908 0.000000 1276.433716 0.000000 0.573477 0.000000 0.819221 0.000000 0.000000 0.000000
2848.448975 0.000000 1268.651611 0.000000 0.225553 0.000000 0.974231 1.000000 1.000000 1.000000
2833.722656 0.000000 1294.833618 0.000000 0.344211 0.000000 0.938892 0.000000 0.000000 0.000000
2840.795410 0.000000 1270.568481 0.000000 0.791234 0.000000 0.611514 0.000000 0.000000 0.000000
2911.453613 0.000000 1259.386353 0.000000 0.403978 0.000000 0.914769 0.000000 0.000000 0.000000
2913.099609 0.000000 1276.605957 0.000000 0.758495 0.000000 0.651678 0.000000 0.000000 0.000000
2933.861084 0.000000 1290.722656 0.000000 0.132654 0.000000 0.991162 0.000000 0.000000 0.000000
2892.112305 0.000000 1257.562988 0.000000 0.525406 0.000000 0.850851 0.000000 0.000000 0.000000
2913.448975 0.000000 1265.953003 0.000000 0.784723 0.000000 0.619847 1.000000 1.000000 1.000000
2896.244385 0.000000 1271.854126 0.000000 0.198023 0.000000 0.980197 0.000000 0.000000 0.000000
2905.706787 0.000000 1256.295654 0.000000 0.285542 0.000000 0.958366 1.000000 1.000000 1.000000
2837.705078 0.000000 1326.008301 0.000000 0.621980 0.000000 0.783033 1.000000 1.000000 1.000000
2872.065674 0.000000 1324.503174 0.000000 0.768690 0.000000 0.639621 0.000000 0.000000 0.000000
2837.208252 0.000000 1339.019897 0.000000 0.027370 0.000000 0.999625 0.000000 0.000000 0.000000
2830.220459 0.000000 1316.221558 0.000000 0.659351 0.000000 0.751835 0.000000 0.000000 0.000000
2848.617920 0.000000 1302.506226 0.000000 0.555287 0.000000 0.831659 0.000000 0.000000 0.000000
2841.661133 0.000000 1302.206787 0.000000 0.792512 0.000000 0.609857 0.000000 0.000000 0.000000
2820.948486 0.000000 1299.255737 0.000000 0.244618 0.000000 0.969620 0.000000 0.000000 0.000000
2900.968506 0.000000 1351.265747 0.000000 0.128953 0.000000 0.991651 0.000000 0.000000 0.000000
2881.319092 0.000000 1338.029053 0.000000 0.098072 0.000000 0.995179 0.000000 0.000000 0.000000
2914.900879 0.000000 1299.205322 0.000000 0.635412 0.000000 0.772174 0.000000 0.000000 0.000000
2934.816650 0.000000 1300.391357 0.000000 0.703946 0.000000 0.710254 0.000000 0.000000 0.000000
2903.293701 0.000000 1322.705444 0.000000 0.751501 0.000000 0.659732 0.000000 0.000000 0.000000
2938.028564 0.000000 1312.239258 0.000000 0.650703 0.000000 0.759333 1.000000 1.000000 1.000000
2912.448975 0.000000 1325.135986 0.000000 0.689739 0.000000 0.724059 1.000000 1.000000 1.000000
2931.016113 0.000000 1319.991699 0.000000 0.246009 0.000000 0.969268 1.000000 1.000000 1.000000
2897.664795 0.000000 1305.796631 0.000000 0.183351 0.000000 0.983047 0.000000 0.000000 0.000000
2964.968506 0.000000 1294.781372 0.000000 0.255109 0.000000 0.966912 0.000000 0.000000 0.000000
2989.375000 0.000000 1267.577881 0.000000 0.288727 0.000000 0.957411 0.000000 0.000000 0.000000
2967.191895 0.000000 1288.546875 0.000000 0.563851 0.000000 0.825876 1.000000 1.000000 1.000000
2973.958740 0.000000 1252.856567 0.000000 0.055227 0.000000 0.998474 1.000000 1.000000 1.000000
3066.807129 0.000000 1249.310791 0.000000 0.790890 0.000000 0.611959 0.000000 0.000000 0.000000
3071.487305 0.000000 1272.883911 0.000000 0.248127 0.000000 0.968727 0.000000 0.000000 0.000000
3017.640869 0.000000 1295.844116 0.000000 0.588167 0.000000 0.808740 0.000000 0.000000 0.000000
3038.961914 0.000000 1243.617554 0.000000 0.118609 0.000000 0.992941 1.000000 1.000000 1.000000
3028.094971 0.000000 1258.057129 0.000000 0.356866 0.000000 0.934156 1.000000 1.000000 1.000000
3035.635498 0.000000 1265.706665 0.000000 0.354487 0.000000 0.935061 1.000000 1.000000 1.000000
3044.575195 0.000000 1245.045288 0.000000 0.531823 0.000000 0.846856 0.000000 0.000000 0.000000
2993.272949 0.000000 1332.765503 0.000000 0.246397 0.000000 0.969169 0.000000 0.000000 0.000000
2955.959473 0.000000 1347.631470 0.000000 0.564134 0.000000 0.825683 0.000000 0.000000 0.000000
2998.816650 0.000000 1300.391357 0.000000 0.683748 0.000000 0.729718 0.000000 0.000000 0.000000
3005.248291 0.000000 1345.142700 0.000000 0.579466 0.000000 0.814996 0.000000 0.000000 0.000000
3005.212891 0.000000 1324.532349 0.000000 0.221776 0.000000 0.975098 0.000000 0.000000 0.000000
2997.993896 0.000000 1320.426758 0.000000 0.165002 0.000000 0.986293 0.000000 0.000000 0.000000
2955.941895 0.000000 1340.944702 0.000000 0.161157 0.000000 0.986929 1.000000 1.000000 1.000000
2969.661133 0.000000 1302.206787 0.000000 0.111528 0.000000 0.993761 0.000000 0.000000 0.000000
3001.384521 0.000000 1355.392334 0.000000 0.046861 0.000000 0.998901 1.000000 1.000000 1.000000
3012.458496 0.000000 1353.606567 0.000000 0.058991 0.000000 0.998258 0.000000 0.000000 0.000000
3022.873047 0.000000 1307.187744 0.000000 0.747188 0.000000 0.664613 1.000000 1.000000 1.000000
3069.658936 0.000000 1334.456421 0.000000 0.237503 0.000000 0.971387 0.000000 0.000000 0.000000
3026.283447 0.000000 1300.273315 0.000000 0.772262 0.000000 0.635304 0.000000 0.000000 0.000000
3069.508057 0.000000 1348.917358 0.000000 0.784715 0.000000 0.619857 0.000000 0.000000 0.000000
3040.448975 0.000000 1325.135986 0.000000 0.291315 0.000000 0.956627 0.000000 0.000000 0.000000
3068.832764 0.000000 1331.462402 0.000000 0.310602 0.000000 0.950540 0.000000 0.000000 0.000000
3025.664795 0.000000 1305.796631 0.000000 0.211620 0.000000 0.977352 1.000000 1.000000 1.000000
3033.706787 0.000000 1312.780029 0.000000 0.677008 0.000000 0.735976 1.000000 1.000000 1.000000
2251.959473 0.000000 1404.115845 0.000000 0.093525 0.000000 0.995617 0.000000 0.000000 0.000000
2303.957764 0.000000 1376.524048 0.000000 0.614676 0.000000 0.788779 0.000000 0.000000 0.000000
2254.007324 0.000000 1386.515259 0.000000 0.333663 0.000000 0.942692 0.000000 0.000000 0.000000
2249.640869 0.000000 1408.812866 0.000000 0.436569 0.000000 0.899671 0.000000 0.000000 0.000000
2257.256836 0.000000 1390.339844 0.000000 0.269622 0.000000 0.962966 0.000000 0.000000 0.000000
2276.045898 0.000000 1360.899902 0.000000 0.463895 0.000000 0.885890 0.000000 0.000000 0.000000
2258.230469 0.000000 1393.660522 0.000000 0.406571 0.000000 0.913619 0.000000 0.000000 0.000000
2250.072266 0.000000 1411.796997 0.000000 0.192888 0.000000 0.981221 0.000000 0.000000 0.000000
2270.530029 0.000000 1435.569458 0.000000 0.289660 0.000000 0.957130 0.000000 0.000000 0.000000
2251.786377 0.000000 1417.162354 0.000000 0.615491 0.000000 0.788144 0.000000 0.000000 0.000000
2284.662354 0.000000 1519.173950 0.000000 0.008596 0.000000 0.999963 0.000000 0.000000 0.000000
2281.322754 0.000000 1516.869385 0.000000 0.566376 0.000000 0.824147 0.000000 0.000000 0.000000
2268.431641 0.000000 1476.101562 0.000000 0.437932 0.000000 0.899008 0.000000 0.000000 0.000000
2292.014648 0.000000 1533.921387 0.000000 0.533750 0.000000 0.845642 0.000000 0.000000 0.000000
2282.835938 0.000000 1531.084351 0.000000 0.559164 0.000000 0.829057 0.000000 0.000000 0.000000
2288.746582 0.000000 1528.315796 0.000000 0.077473 0.000000 0.996994 0.000000 0.000000 0.000000
2365.512207 0.000000 1355.651123 0.000000 0.325983 0.000000 0.945376 0.000000 0.000000 0.000000
2354.585205 0.000000 1383.519287 0.000000 0.312290 0.000000 0.949987 0.000000 0.000000 0.000000
2358.864258 0.000000 1410.623657 0.000000 0.687233 0.000000 0.726437 0.000000 0.000000 0.000000
2365.508057 0.000000 1405.401733 0.000000 0.711644 0.000000 0.702540 0.000000 0.000000 0.000000
2333.530273 0.000000 1382.917358 0.000000 0.290912 0.000000 0.956750 0.000000 0.000000 0.000000
2369.319092 0.000000 1394.513428 0.000000 0.258575 0.000000 0.965991 0.000000 0.000000 0.000000
2426.807129 0.000000 1362.279541 0.000000 0.730749 0.000000 0.682647 0.000000 0.000000 0.000000
2377.203857 0.000000 1391.325806 0.000000 0.048125 0.000000 0.998841 0.000000 0.000000 0.000000
2373.464844 0.000000 1360.406982 0.000000 0.398091 0.000000 0.917346 0.000000 0.000000 0.000000
2390.628418 0.000000 1385.652222 0.000000 0.399791 0.000000 0.916606 0.000000 0.000000 0.000000
2403.666992 0.000000 1392.111206 0.000000 0.796938 0.000000 0.604062 0.000000 0.000000 0.000000
2428.832764 0.000000 1387.946777 0.000000 0.553647 0.000000 0.832751 0.000000 0.000000 0.000000
2397.423096 0.000000 1394.176880 0.000000 0.351843 0.000000 0.936059 0.000000 0.000000 0.000000
2324.968506 0.000000 1464.234497 0.000000 0.715402 0.000000 0.698713 0.000000 0.000000 0.000000
2362.807129 0.000000 1418.763916 0.000000 0.277429 0.000000 0.960746 0.000000 0.000000 0.000000
2344.832275 0.000000 1415.610474 0.000000 0.633222 0.000000 0.773970 0.000000 0.000000 0.000000
2355.456055 0.000000 1462.397583 0.000000 0.168130 0.000000 0.985765 0.000000 0.000000 0.000000
2338.900879 0.000000 1412.174072 0.000000 0.635140 0.000000 0.772397 0.000000 0.000000 0.000000
2348.760498 0.000000 1450.614502 0.000000 0.409494 0.000000 0.912313 0.000000 0.000000 0.000000
2329.621582 0.000000 1459.984253 0.000000 0.015243 0.000000 0.999884 0.000000 0.000000 0.000000
2359.107910 0.000000 1457.310669 0.000000 0.708905 0.000000 0.705304 0.000000 0.000000 0.000000
2335.334473 0.000000 1453.094849 0.000000 0.689101 0.000000 0.724665 0.000000 0.000000 0.000000
2352.024170 0.000000 1464.644409 0.000000 0.771741 0.000000 0.635937 1.000000 1.000000 1.000000
2361.910400 0.000000 1460.060425 0.000000 0.639543 0.000000 0.768756 1.000000 1.000000 1.000000
2345.204590 0.000000 1448.670776 0.000000 0.190892 0.000000 0.981611 0.000000 0.000000 0.000000
2355.402588 0.000000 1466.076660 0.000000 0.779411 0.000000 0.626513 1.000000 1.000000 1.000000
2362.305176 0.000000 1456.090820 0.000000 0.584740 0.000000 0.811221 0.000000 0.000000 0.000000
2349.386719 0.000000 1466.816406 0.000000 0.168593 0.000000 0.985686 1.000000 1.000000 1.000000
2345.677002 0.000000 1430.176392 0.000000 0.249245 0.000000 0.968441 0.000000 0.000000 0.000000
2328.795410 0.000000 1440.021606 0.000000 0.301086 0.000000 0.953597 1.000000 1.000000 1.000000
2369.319092 0.000000 1450.997803 0.000000 0.423007 0.000000 0.906126 0.000000 0.000000 0.000000
2380.978516 0.000000 1412.845337 0.000000 0.189338 0.000000 0.981912 0.000000 0.000000 0.000000
2426.807129 0.000000 1418.763916 0.000000 0.079950 0.000000 0.996799 0.000000 0.000000 0.000000
2402.900879 0.000000 1412.174072 0.000000 0.259765 0.000000 0.965672 0.000000 0.000000 0.000000
2377.063721 0.000000 1442.571411 0.000000 0.767515 0.000000 0.641031 0.000000 0.000000 0.000000
2387.771729 0.000000 1434.734863 0.000000 0.669244 0.000000 0.743043 0.000000 0.000000 0.000000
2400.426758 0.000000 1424.547241 0.000000 0.496605 0.000000 0.867976 0.000000 0.000000 0.000000
2430.419189 0.000000 1454.256714 0.000000 0.658398 0.000000 0.752670 0.000000 0.000000 0.000000
2397.392090 0.000000 1456.782837 0.000000 0.058243 0.000000 0.998302 0.000000 0.000000 0.000000
2429.612061 0.000000 1450.869019 0.000000 0.009237 0.000000 0.999957 0.000000 0.000000 0.000000
2374.508057 0.000000 1464.200562 0.000000 0.525032 0.000000 0.851082 0.000000 0.000000 0.000000
2371.510986 0.000000 1459.037354 0.000000 0.603642 0.000000 0.797255 1.000000 1.000000 1.000000
2423.819336 0.000000 1430.940308 0.000000 0.349140 0.000000 0.937071 0.000000 0.000000 0.000000
2377.604492 0.000000 1439.563721 0.000000 0.018976 0.000000 0.999820 0.000000 0.000000 0.000000
2380.526855 0.000000 1435.155151 0.000000 0.208939 0.000000 0.977929 0.000000 0.000000 0.000000
2389.934570 0.000000 1466.921387 0.000000 0.218739 0.000000 0.975784 0.000000 0.000000 0.000000
2384.244385 0.000000 1441.307251 0.000000 0.761539 0.000000 0.648119 1.000000 1.000000 1.000000
2375.213623 0.000000 1450.309448 0.000000 0.630602 0.000000 0.776106 1.000000 1.000000 1.000000
2412.352051 0.000000 1429.370483 0.000000 0.558639 0.000000 0.829411 0.000000 0.000000 0.000000
2481.519043 0.000000 1361.954590 0.000000 0.792439 0.000000 0.609951 0.000000 0.000000 0.000000
2434.500488 0.000000 1375.369019 0.000000 0.367614 0.000000 0.929978 0.000000 0.000000 0.000000
2462.060547 0.000000 1403.779907 0.000000 0.390975 0.000000 0.920402 0.000000 0.000000 0.000000
2437.119141 0.000000 1372.059204 0.000000 0.337563 0.000000 0.941303 0.000000 0.000000 0.000000
2465.947754 0.000000 1405.098511 0.000000 0.102271 0.000000 0.994757 0.000000 0.000000 0.000000
2483.402588 0.000000 1409.592285 0.000000 0.114720 0.000000 0.993398 0.000000 0.000000 0.000000
2443.406250 0.000000 1388.695801 0.000000 0.414717 0.000000 0.909950 0.000000 0.000000 0.000000
2442.072266 0.000000 1411.796997 0.000000 0.235625 0.000000 0.971844 0.000000 0.000000 0.000000
2448.939697 0.000000 1371.553711 0.000000 0.393535 0.000000 0.919310 0.000000 0.000000 0.000000
2485.519043 0.000000 1382.250366 0.000000 0.227646 0.000000 0.973744 1.000000 1.000000 1.000000
2551.637939 0.000000 1371.368408 0.000000 0.052367 0.000000 0.998628 0.000000 0.000000 0.000000
2551.531250 0.000000 1366.228638 0.000000 0.272687 0.000000 0.962103 0.000000 0.000000 0.000000
2528.617920 0.000000 1358.990601 0.000000 0.024771 0.000000 0.999693 0.000000 0.000000 0.000000
2548.014648 0.000000 1364.468262 0.000000 0.662402 0.000000 0.749149 0.000000 0.000000 0.000000
2526.952637 0.000000 1375.137329 0.000000 0.218189 0.000000 0.975907 0.000000 0.000000 0.000000
2477.516602 0.000000 1426.842651 0.000000 0.686912 0.000000 0.726740 0.000000 0.000000 0.000000
2469.982422 0.000000 1462.371216 0.000000 0.384093 0.000000 0.923294 0.000000 0.000000 0.000000
2487.637939 0.000000 1427.852783 0.000000 0.356204 0.000000 0.934408 0.000000 0.000000 0.000000
2465.210205 0.000000 1456.982666 0.000000 0.303983 0.000000 0.952677 0.000000 0.000000 0.000000
2466.900879 0.000000 1412.174072 0.000000 0.611909 0.000000 0.790928 0.000000 0.000000 0.000000
2476.083252 0.000000 1432.170410 0.000000 0.782980 0.000000 0.622047 0.000000 0.000000 0.000000
2493.524170 0.000000 1429.179077 0.000000 0.364519 0.000000 0.931196 0.000000 0.000000 0.000000
2432.163086 0.000000 1446.855957 0.000000 0.007062 0.000000 0.999975 0.000000 0.000000 0.000000
2492.832764 0.000000 1444.431152 0.000000 0.560616 0.000000 0.828076 0.000000 0.000000 0.000000
2490.631836 0.000000 1447.245850 0.000000 0.714255 0.000000 0.699885 0.000000 0.000000 0.000000
2508.978516 0.000000 1412.845337 0.000000 0.058048 0.000000 0.998314 0.000000 0.000000 0.000000
2516.569336 0.000000 1417.495850 0.000000 0.749097 0.000000 0.662460 0.000000 0.000000 0.000000
2502.215332 0.000000 1461.046997 0.000000 0.685392 0.000000 0.728174 0.000000 0.000000 0.000000
2538.009521 0.000000 1467.046021 0.000000 0.245965 0.000000 0.969279 0.000000 0.000000 0.000000
2496.163086 0.000000 1446.855957 0.000000 0.192178 0.000000 0.981360 0.000000 0.000000 0.000000
2501.119141 0.000000 1428.543579 0.000000 0.275412 0.000000 0.961326 0.000000 0.000000 0.000000
2541.386719 0.000000 1466.816406 0.000000 0.624807 0.000000 0.780779 0.000000 0.000000 0.000000
2549.861084 0.000000 1460.175781 0.000000 0.739677 0.000000 0.672962 1.000000 1.000000 1.000000
2534.337891 0.000000 1425.845581 0.000000 0.157043 0.000000 0.987592 1.000000 1.000000 1.000000
2342.231201 0.000000 1507.122803 0.000000 0.271261 0.000000 0.962506 0.000000 0.000000 0.000000
2335.453613 0.000000 1485.323853 0.000000 0.170379 0.000000 0.985379 0.000000 0.000000 0.000000
2367.487305 0.000000 1498.821411 0.000000 0.590222 0.000000 0.807241 0.000000 0.000000 0.000000
2330.122314 0.000000 1479.402100 0.000000 0.496493 0.000000 0.868040 0.000000 0.000000 0.000000
2349.375000 0.000000 1493.515381 0.000000 0.113522 0.000000 0.993535 0.000000 0.000000 0.000000
2348.412598 0.000000 1510.867432 0.000000 0.559216 0.000000 0.829022 0.000000 0.000000 0.000000
2346.835938 0.000000 1474.599976 0.000000 0.735898 0.000000 0.677092 0.000000 0.000000 0.000000
2362.504395 0.000000 1492.352661 0.000000 0.588737 0.000000 0.808325 0.000000 0.000000 0.000000
2340.575195 0.000000 1470.982788 0.000000 0.304019 0.000000 0.952666 0.000000 0.000000 0.000000
2406.231201 0.000000 1507.122803 0.000000 0.648515 0.000000 0.761202 0.000000 0.000000 0.000000
2375.671631 0.000000 1493.450317 0.000000 0.009960 0.000000 0.999950 0.000000 0.000000 0.000000
2386.127686 0.000000 1481.869751 0.000000 0.059750 0.000000 0.998213 0.000000 0.000000 0.000000
2394.364746 0.000000 1494.155029 0.000000 0.405156 0.000000 0.914248 0.000000 0.000000 0.000000
2377.866211 0.000000 1507.666138 0.000000 0.260252 0.000000 0.965541 0.000000 0.000000 0.000000
2429.612061 0.000000 1507.353394 0.000000 0.585276 0.000000 0.810834 0.000000 0.000000 0.000000
2385.664795 0.000000 1475.249756 0.000000 0.288648 0.000000 0.957435 0.000000 0.000000 0.000000
2388.994385 0.000000 1471.146484 0.000000 0.132346 0.000000 0.991204 0.000000 0.000000 0.000000
2330.364746 0.000000 1550.639404 0.000000 0.591008 0.000000 0.806666 0.000000 0.000000 0.000000
2327.371094 0.000000 1568.092041 0.000000 0.613858 0.000000 0.789417 0.000000 0.000000 0.000000
2313.866211 0.000000 1564.150513 0.000000 0.735442 0.000000 0.677587 0.000000 0.000000 0.000000
2320.244385 0.000000 1554.276001 0.000000 0.046475 0.000000 0.998919 1.000000 1.000000 1.000000
2372.755371 0.000000 1552.950806 0.000000 0.200700 0.000000 0.979653 0.000000 0.000000 0.000000
2423.819336 0.000000 1543.909058 0.000000 0.457531 0.000000 0.889194 0.000000 0.000000 0.000000
2416.746582 0.000000 1528.315796 0.000000 0.178842 0.000000 0.983878 1.000000 1.000000 1.000000
2375.437256 0.000000 1580.121704 0.000000 0.704926 0.000000 0.709281 0.000000 0.000000 0.000000
2490.544434 0.000000 1509.016846 0.000000 0.699547 0.000000 0.714587 0.000000 0.000000 0.000000
2447.130859 0.000000 1507.965576 0.000000 0.757469 0.000000 0.652871 0.000000 0.000000 0.000000
2476.662354 0.000000 1519.173950 0.000000 0.751107 0.000000 0.660181 0.000000 0.000000 0.000000
2473.260742 0.000000 1512.815918 0.000000 0.744358 0.000000 0.667781 0.000000 0.000000 0.000000
2536.832275 0.000000 1472.094849 0.000000 0.767532 0.000000 0.641011 0.000000 0.000000 0.000000
2515.771729 0.000000 1491.219238 0.000000 0.356383 0.000000 0.934340 0.000000 0.000000 0.000000
2496.513916 0.000000 1484.674561 0.000000 0.715387 0.000000 0.698729 0.000000 0.000000 0.000000
2532.759766 0.000000 1489.969971 0.000000 0.302842 0.000000 0.953041 1.000000 1.000000 1.000000
2534.337891 0.000000 1482.329956 0.000000 0.434105 0.000000 0.900862 0.000000 0.000000 0.000000
2523.635498 0.000000 1491.644165 0.000000 0.534585 0.000000 0.845115 0.000000 0.000000 0.000000
2490.368164 0.000000 1577.004028 0.000000 0.428680 0.000000 0.903456 0.000000 0.000000 0.000000
2487.637939 0.000000 1540.821533 0.000000 0.467590 0.000000 0.883945 0.000000 0.000000 0.000000
2479.537109 0.000000 1552.206543 0.000000 0.013901 0.000000 0.999903 1.000000 1.000000 1.000000
2457.917236 0.000000 1569.844360 0.000000 0.716553 0.000000 0.697532 0.000000 0.000000 0.000000
2448.244385 0.000000 1554.276001 0.000000 0.320193 0.000000 0.947352 1.000000 1.000000 1.000000
2522.122314 0.000000 1535.886475 0.000000 0.787299 0.000000 0.616571 0.000000 0.000000 0.000000
2538.009521 0.000000 1580.014771 0.000000 0.517572 0.000000 0.855640 0.000000 0.000000 0.000000
2550.864258 0.000000 1580.076782 0.000000 0.592290 0.000000 0.805725 0.000000 0.000000 0.000000
2496.156738 0.000000 1579.978271 0.000000 0.731622 0.000000 0.681710 0.000000 0.000000 0.000000
2508.457520 0.000000 1576.854004 0.000000 0.330179 0.000000 0.943918 0.000000 0.000000 0.000000
2546.798096 0.000000 1561.759277 0.000000 0.625030 0.000000 0.780601 0.000000 0.000000 0.000000
2244.458496 0.000000 1692.512817 0.000000 0.468959 0.000000 0.883220 0.000000 0.000000 0.000000
2169.910400 0.000000 1742.482300 0.000000 0.430384 0.000000 0.902646 0.000000 0.000000 0.000000
2153.065186 0.000000 1746.236816 0.000000 0.693991 0.000000 0.719984 0.000000 0.000000 0.000000
2161.272949 0.000000 1784.640503 0.000000 0.570054 0.000000 0.821607 0.000000 0.000000 0.000000
2123.959473 0.000000 1799.506470 0.000000 0.784226 0.000000 0.620476 0.000000 0.000000 0.000000
2156.760498 0.000000 1789.520752 0.000000 0.176701 0.000000 0.984265 0.000000 0.000000 0.000000
2113.884521 0.000000 1802.068115 0.000000 0.290552 0.000000 0.956859 0.000000 0.000000 0.000000
2163.214111 0.000000 1797.272827 0.000000 0.540400 0.000000 0.841408 0.000000 0.000000 0.000000
2173.508057 0.000000 1800.792358 0.000000 0.533597 0.000000 0.845739 0.000000 0.000000 0.000000
2152.974609 0.000000 1762.537231 0.000000 0.640819 0.000000 0.767692 0.000000 0.000000 0.000000
2173.032959 0.000000 1773.203735 0.000000 0.040285 0.000000 0.999188 0.000000 0.000000 0.000000
2119.437256 0.000000 1806.059204 0.000000 0.063279 0.000000 0.997996 1.000000 1.000000 1.000000
2177.319092 0.000000 1733.419678 0.000000 0.568220 0.000000 0.822877 0.000000 0.000000 0.000000
2234.807129 0.000000 1701.185791 0.000000 0.395084 0.000000 0.918645 0.000000 0.000000 0.000000
2202.979736 0.000000 1736.364014 0.000000 0.589834 0.000000 0.807524 0.000000 0.000000 0.000000
2180.957520 0.000000 1734.378296 0.000000 0.614558 0.000000 0.788872 0.000000 0.000000 0.000000
2185.866211 0.000000 1733.603638 0.000000 0.748903 0.000000 0.662680 0.000000 0.000000 0.000000
2211.666992 0.000000 1731.017456 0.000000 0.631181 0.000000 0.775636 0.000000 0.000000 0.000000
2242.396484 0.000000 1696.393433 0.000000 0.417168 0.000000 0.908829 0.000000 0.000000 0.000000
2290.585205 0.000000 1722.425537 0.000000 0.584135 0.000000 0.811657 0.000000 0.000000 0.000000
2299.211426 0.000000 1724.149414 0.000000 0.176132 0.000000 0.984366 0.000000 0.000000 0.000000
2256.939697 0.000000 1710.459961 0.000000 0.618513 0.000000 0.785775 0.000000 0.000000 0.000000
2344.763184 0.000000 1596.684692 0.000000 0.783783 0.000000 0.621035 0.000000 0.000000 0.000000
2342.535645 0.000000 1611.070557 0.000000 0.496811 0.000000 0.867858 0.000000 0.000000 0.000000
2345.322754 0.000000 1629.838135 0.000000 0.756725 0.000000 0.653733 0.000000 0.000000 0.000000
2385.260010 0.000000 1608.019653 0.000000 0.527599 0.000000 0.849494 0.000000 0.000000 0.000000
2335.758545 0.000000 1668.206543 0.000000 0.145636 0.000000 0.989338 0.000000 0.000000 0.000000
2354.789307 0.000000 1650.134155 0.000000 0.251220 0.000000 0.967930 0.000000 0.000000 0.000000
2362.305176 0.000000 1682.028320 0.000000 0.510746 0.000000 0.859731 0.000000 0.000000 0.000000
2391.890625 0.000000 1657.104614 0.000000 0.604577 0.000000 0.796547 0.000000 0.000000 0.000000
2390.937256 0.000000 1652.474243 0.000000 0.776691 0.000000 0.629882 0.000000 0.000000 0.000000
2391.191895 0.000000 1683.937500 0.000000 0.325990 0.000000 0.945373 0.000000 0.000000 0.000000
2421.519043 0.000000 1664.672241 0.000000 0.706831 0.000000 0.707382 0.000000 0.000000 0.000000
2434.356934 0.000000 1586.460693 0.000000 0.688014 0.000000 0.725698 0.000000 0.000000 0.000000
2452.994385 0.000000 1584.115234 0.000000 0.662137 0.000000 0.749382 0.000000 0.000000 0.000000
2470.337891 0.000000 1595.298706 0.000000 0.592795 0.000000 0.805354 0.000000 0.000000 0.000000
2554.368164 0.000000 1633.488403 0.000000 0.534477 0.000000 0.845183 0.000000 0.000000 0.000000
2557.658936 0.000000 1616.878296 0.000000 0.518300 0.000000 0.855199 0.000000 0.000000 0.000000
2514.817383 0.000000 1612.006348 0.000000 0.753920 0.000000 0.656966 0.000000 0.000000 0.000000
2483.214111 0.000000 1684.304077 0.000000 0.179912 0.000000 0.983683 0.000000 0.000000 0.000000
2473.967773 0.000000 1667.864746 0.000000 0.794660 0.000000 0.607055 1.000000 1.000000 1.000000
2462.608887 0.000000 1643.586548 0.000000 0.538283 0.000000 0.842764 1.000000 1.000000 1.000000
2541.516602 0.000000 1652.780151 0.000000 0.191900 0.000000 0.981415 0.000000 0.000000 0.000000
2527.453613 0.000000 1654.776978 0.000000 0.221788 0.000000 0.975095 0.000000 0.000000 0.000000
2557.292725 0.000000 1650.605835 0.000000 0.015128 0.000000 0.999886 0.000000 0.000000 0.000000
2559.586426 0.000000 1691.481445 0.000000 0.434850 0.000000 0.900503 0.000000 0.000000 0.000000
2551.531250 0.000000 1648.650513 0.000000 0.665232 0.000000 0.746636 0.000000 0.000000 0.000000
2528.617920 0.000000 1641.412476 0.000000 0.609686 0.000000 0.792643 0.000000 0.000000 0.000000
2551.062500 0.000000 1689.064331 0.000000 0.779079 0.000000 0.626926 0.000000 0.000000 0.000000
2529.099609 0.000000 1671.996582 0.000000 0.144008 0.000000 0.989576 1.000000 1.000000 1.000000
2524.947998 0.000000 1668.118652 0.000000 0.742023 0.000000 0.670375 1.000000 1.000000 1.000000
2353.519043 0.000000 1700.860840 0.000000 0.235680 0.000000 0.971831 0.000000 0.000000 0.000000
2367.487305 0.000000 1724.758911 0.000000 0.251718 0.000000 0.967800 0.000000 0.000000 0.000000
2322.283447 0.000000 1695.663940 0.000000 0.517972 0.000000 0.855397 0.000000 0.000000 0.000000
2354.318359 0.000000 1694.737183 0.000000 0.352982 0.000000 0.935630 0.000000 0.000000 0.000000
2357.993896 0.000000 1715.817383 0.000000 0.275451 0.000000 0.961315 0.000000 0.000000 0.000000
2332.431641 0.000000 1702.039062 0.000000 0.101319 0.000000 0.994854 0.000000 0.000000 0.000000
2329.661133 0.000000 1697.597412 0.000000 0.789099 0.000000 0.614266 1.000000 1.000000 1.000000
2324.994385 0.000000 1697.083984 0.000000 0.629890 0.000000 0.776685 0.000000 0.000000 0.000000
2369.017578 0.000000 1721.224365 0.000000 0.227287 0.000000 0.973828 0.000000 0.000000 0.000000
2368.098633 0.000000 1701.480225 0.000000 0.620250 0.000000 0.784404 0.000000 0.000000 0.000000
2406.686279 0.000000 1694.837036 0.000000 0.560595 0.000000 0.828090 0.000000 0.000000 0.000000
2423.062500 0.000000 1745.548706 0.000000 0.381646 0.000000 0.924308 0.000000 0.000000 0.000000
2379.487061 0.000000 1703.090820 0.000000 0.571389 0.000000 0.820679 0.000000 0.000000 0.000000
2377.084717 0.000000 1705.349121 0.000000 0.733614 0.000000 0.679566 1.000000 1.000000 1.000000
2380.526855 0.000000 1717.577026 0.000000 0.106040 0.000000 0.994362 0.000000 0.000000 0.000000
2368.042236 0.000000 1694.538574 0.000000 0.111938 0.000000 0.993715 0.000000 0.000000 0.000000
2381.099609 0.000000 1714.307861 0.000000 0.025916 0.000000 0.999664 1.000000 1.000000 1.000000
2382.604980 0.000000 1742.108276 0.000000 0.414064 0.000000 0.910248 0.000000 0.000000 0.000000
2384.939697 0.000000 1710.459961 0.000000 0.018322 0.000000 0.999832 1.000000 1.000000 1.000000
2426.807129 0.000000 1757.670166 0.000000 0.707297 0.000000 0.706916 0.000000 0.000000 0.000000
2426.511719 0.000000 1771.525635 0.000000 0.452585 0.000000 0.891721 0.000000 0.000000 0.000000
2408.974609 0.000000 1762.537231 0.000000 0.522048 0.000000 0.852916 0.000000 0.000000 0.000000
2415.145508 0.000000 1769.163452 0.000000 0.139187 0.000000 0.990266 0.000000 0.000000 0.000000
2473.563477 0.000000 1721.022217 0.000000 0.642189 0.000000 0.766546 0.000000 0.000000 0.000000
2481.519043 0.000000 1700.860840 0.000000 0.589798 0.000000 0.807551 0.000000 0.000000 0.000000
2477.943604 0.000000 1696.886230 0.000000 0.603041 0.000000 0.797710 0.000000 0.000000 0.000000
2486.864258 0.000000 1749.529907 0.000000 0.557715 0.000000 0.830032 1.000000 1.000000 1.000000
2483.634277 0.000000 1737.259155 0.000000 0.455252 0.000000 0.890363 0.000000 0.000000 0.000000
2490.028564 0.000000 1707.629883 0.000000 0.146540 0.000000 0.989205 0.000000 0.000000 0.000000
2444.457520 0.000000 1746.307129 0.000000 0.445510 0.000000 0.895277 1.000000 1.000000 1.000000
2453.934570 0.000000 1749.343262 0.000000 0.261623 0.000000 0.965170 0.000000 0.000000 0.000000
2544.205322 0.000000 1750.989990 0.000000 0.434733 0.000000 0.900559 0.000000 0.000000 0.000000
2557.524170 0.000000 1711.600952 0.000000 0.233635 0.000000 0.972324 0.000000 0.000000 0.000000
2550.864258 0.000000 1749.529907 0.000000 0.365035 0.000000 0.930994 0.000000 0.000000 0.000000
2541.311035 0.000000 1728.881104 0.000000 0.143108 0.000000 0.989707 0.000000 0.000000 0.000000
2537.204590 0.000000 1731.092651 0.000000 0.661295 0.000000 0.750126 0.000000 0.000000 0.000000
2547.402588 0.000000 1748.498535 0.000000 0.392681 0.000000 0.919675 0.000000 0.000000 0.000000
2546.798096 0.000000 1731.212402 0.000000 0.762504 0.000000 0.646984 1.000000 1.000000 1.000000
2435.837158 0.000000 1774.577759 0.000000 0.776859 0.000000 0.629675 0.000000 0.000000 0.000000
2490.028564 0.000000 1764.114258 0.000000 0.381976 0.000000 0.924172 0.000000 0.000000 0.000000
2452.994385 0.000000 1753.568359 0.000000 0.660821 0.000000 0.750543 1.000000 1.000000 1.000000
2546.318359 0.000000 1751.221558 0.000000 0.181435 0.000000 0.983403 0.000000 0.000000 0.000000
2499.820801 0.000000 1764.821045 0.000000 0.087001 0.000000 0.996208 0.000000 0.000000 0.000000
2605.375000 0.000000 1380.546631 0.000000 0.055958 0.000000 0.998433 0.000000 0.000000 0.000000
2573.507080 0.000000 1391.439453 0.000000 0.379378 0.000000 0.925242 0.000000 0.000000 0.000000
2607.537109 0.000000 1382.753418 0.000000 0.700569 0.000000 0.713585 0.000000 0.000000 0.000000
2569.278076 0.000000 1405.708618 0.000000 0.483598 0.000000 0.875290 0.000000 0.000000 0.000000
2568.667480 0.000000 1360.404175 0.000000 0.208226 0.000000 0.978081 0.000000 0.000000 0.000000
2560.042236 0.000000 1355.632324 0.000000 0.212040 0.000000 0.977261 1.000000 1.000000 1.000000
2669.516602 0.000000 1370.358276 0.000000 0.579776 0.000000 0.814776 0.000000 0.000000 0.000000
2671.722412 0.000000 1399.944702 0.000000 0.698316 0.000000 0.715790 0.000000 0.000000 0.000000
2655.758545 0.000000 1385.784668 0.000000 0.677858 0.000000 0.735193 0.000000 0.000000 0.000000
2649.661133 0.000000 1358.691162 0.000000 0.092193 0.000000 0.995741 0.000000 0.000000 0.000000
2684.832764 0.000000 1387.946777 0.000000 0.612700 0.000000 0.790316 1.000000 1.000000 1.000000
2682.504395 0.000000 1379.383911 0.000000 0.272241 0.000000 0.962229 0.000000 0.000000 0.000000
2677.519043 0.000000 1382.250366 0.000000 0.730120 0.000000 0.683319 1.000000 1.000000 1.000000
2564.458496 0.000000 1466.575317 0.000000 0.161088 0.000000 0.986940 0.000000 0.000000 0.000000
2607.722412 0.000000 1456.429077 0.000000 0.282377 0.000000 0.959303 0.000000 0.000000 0.000000
2568.407471 0.000000 1419.921753 0.000000 0.768024 0.000000 0.640421 0.000000 0.000000 0.000000
2586.122314 0.000000 1422.917725 0.000000 0.097596 0.000000 0.995226 0.000000 0.000000 0.000000
2579.771729 0.000000 1434.734863 0.000000 0.233134 0.000000 0.972445 0.000000 0.000000 0.000000
2578.579102 0.000000 1467.298218 0.000000 0.783187 0.000000 0.621787 0.000000 0.000000 0.000000
2669.516602 0.000000 1426.842651 0.000000 0.054682 0.000000 0.998504 0.000000 0.000000 0.000000
2669.375000 0.000000 1437.031006 0.000000 0.724431 0.000000 0.689347 0.000000 0.000000 0.000000
2624.009766 0.000000 1454.301880 0.000000 0.330786 0.000000 0.943706 0.000000 0.000000 0.000000
2656.448975 0.000000 1438.104736 0.000000 0.264280 0.000000 0.964446 1.000000 1.000000 1.000000
2636.083740 0.000000 1457.623291 0.000000 0.274745 0.000000 0.961517 1.000000 1.000000 1.000000
2662.469482 0.000000 1438.703369 0.000000 0.468968 0.000000 0.883215 1.000000 1.000000 1.000000
2742.864258 0.000000 1410.623657 0.000000 0.345701 0.000000 0.938345 0.000000 0.000000 0.000000
2694.508057 0.000000 1407.716187 0.000000 0.262224 0.000000 0.965007 0.000000 0.000000 0.000000
2705.722656 0.000000 1407.802368 0.000000 0.399281 0.000000 0.916829 1.000000 1.000000 1.000000
2793.563477 0.000000 1382.115967 0.000000 0.691575 0.000000 0.722305 0.000000 0.000000 0.000000
2810.368164 0.000000 1407.550903 0.000000 0.783581 0.000000 0.621289 0.000000 0.000000 0.000000
2770.283447 0.000000 1356.757690 0.000000 0.184380 0.000000 0.982855 0.000000 0.000000 0.000000
2797.375000 0.000000 1380.546631 0.000000 0.718507 0.000000 0.695520 0.000000 0.000000 0.000000
2796.194824 0.000000 1367.702393 0.000000 0.276038 0.000000 0.961147 1.000000 1.000000 1.000000
2781.423096 0.000000 1394.176880 0.000000 0.288499 0.000000 0.957480 1.000000 1.000000 1.000000
2759.437256 0.000000 1410.668579 0.000000 0.775108 0.000000 0.631828 0.000000 0.000000 0.000000
2775.191895 0.000000 1401.515625 0.000000 0.606738 0.000000 0.794902 1.000000 1.000000 1.000000
2768.186279 0.000000 1374.776245 0.000000 0.303573 0.000000 0.952808 0.000000 0.000000 0.000000
2737.272949 0.000000 1445.734253 0.000000 0.161475 0.000000 0.986877 0.000000 0.000000 0.000000
2742.816650 0.000000 1413.360107 0.000000 0.391009 0.000000 0.920387 0.000000 0.000000 0.000000
2707.771729 0.000000 1434.734863 0.000000 0.754338 0.000000 0.656486 0.000000 0.000000 0.000000
2688.513916 0.000000 1428.190186 0.000000 0.006904 0.000000 0.999976 0.000000 0.000000 0.000000
2739.214111 0.000000 1458.366577 0.000000 0.045564 0.000000 0.998961 0.000000 0.000000 0.000000
2717.392090 0.000000 1456.782837 0.000000 0.556758 0.000000 0.830675 0.000000 0.000000 0.000000
2746.305176 0.000000 1456.090820 0.000000 0.219215 0.000000 0.975677 0.000000 0.000000 0.000000
2730.835938 0.000000 1418.115601 0.000000 0.093553 0.000000 0.995614 0.000000 0.000000 0.000000
2697.278076 0.000000 1462.192993 0.000000 0.129284 0.000000 0.991608 0.000000 0.000000 0.000000
2707.991699 0.000000 1445.336914 0.000000 0.258031 0.000000 0.966137 0.000000 0.000000 0.000000
2726.337891 0.000000 1425.845581 0.000000 0.759595 0.000000 0.650396 1.000000 1.000000 1.000000
2704.244385 0.000000 1441.307251 0.000000 0.434837 0.000000 0.900509 0.000000 0.000000 0.000000
2753.451416 0.000000 1424.285034 0.000000 0.743404 0.000000 0.668842 0.000000 0.000000 0.000000
2761.400879 0.000000 1428.228516 0.000000 0.101857 0.000000 0.994799 0.000000 0.000000 0.000000
2764.112305 0.000000 1427.016113 0.000000 0.073135 0.000000 0.997322 0.000000 0.000000 0.000000
2769.664795 0.000000 1418.765381 0.000000 0.747690 0.000000 0.664048 0.000000 0.000000 0.000000
2772.994385 0.000000 1414.662109 0.000000 0.124585 0.000000 0.992209 1.000000 1.000000 1.000000
2772.094971 0.000000 1427.510254 0.000000 0.421940 0.000000 0.906624 1.000000 1.000000 1.000000
2768.939697 0.000000 1428.038086 0.000000 0.344634 0.000000 0.938737 1.000000 1.000000 1.000000
2572.978516 0.000000 1469.329712 0.000000 0.455153 0.000000 0.890413 0.000000 0.000000 0.000000
2594.900879 0.000000 1468.658447 0.000000 0.187985 0.000000 0.982172 0.000000 0.000000 0.000000
2574.873047 0.000000 1476.640869 0.000000 0.764838 0.000000 0.644222 0.000000 0.000000 0.000000
2583.491943 0.000000 1469.225220 0.000000 0.782826 0.000000 0.622241 0.000000 0.000000 0.000000
2607.663086 0.000000 1478.605591 0.000000 0.551390 0.000000 0.834247 0.000000 0.000000 0.000000
2615.819336 0.000000 1487.424683 0.000000 0.145442 0.000000 0.989367 1.000000 1.000000 1.000000
2639.130859 0.000000 1507.965576 0.000000 0.301710 0.000000 0.953400 0.000000 0.000000 0.000000
2641.256836 0.000000 1503.308594 0.000000 0.288875 0.000000 0.957367 0.000000 0.000000 0.000000
2645.208252 0.000000 1508.473022 0.000000 0.156856 0.000000 0.987621 0.000000 0.000000 0.000000
2668.412598 0.000000 1510.867432 0.000000 0.272406 0.000000 0.962182 0.000000 0.000000 0.000000
2675.863525 0.000000 1492.966431 0.000000 0.308391 0.000000 0.951260 0.000000 0.000000 0.000000
2659.666992 0.000000 1505.079956 0.000000 0.118649 0.000000 0.992936 0.000000 0.000000 0.000000
2636.457520 0.000000 1520.369629 0.000000 0.528357 0.000000 0.849022 1.000000 1.000000 1.000000
2657.448975 0.000000 1491.890503 0.000000 0.534425 0.000000 0.845216 0.000000 0.000000 0.000000
2631.437256 0.000000 1523.637329 0.000000 0.478926 0.000000 0.877855 0.000000 0.000000 0.000000
2577.260010 0.000000 1551.535278 0.000000 0.054128 0.000000 0.998534 0.000000 0.000000 0.000000
2618.462158 0.000000 1542.148193 0.000000 0.558306 0.000000 0.829635 1.000000 1.000000 1.000000
2661.098633 0.000000 1567.949097 0.000000 0.455385 0.000000 0.890295 0.000000 0.000000 0.000000
2686.624512 0.000000 1533.898315 0.000000 0.550018 0.000000 0.835153 0.000000 0.000000 0.000000
2672.918701 0.000000 1540.064331 0.000000 0.112938 0.000000 0.993602 0.000000 0.000000 0.000000
2677.861084 0.000000 1573.144531 0.000000 0.309347 0.000000 0.950949 0.000000 0.000000 0.000000
2626.356934 0.000000 1529.976318 0.000000 0.409693 0.000000 0.912224 0.000000 0.000000 0.000000
2660.759766 0.000000 1546.454346 0.000000 0.430637 0.000000 0.902525 1.000000 1.000000 1.000000
2692.458496 0.000000 1523.059692 0.000000 0.431672 0.000000 0.902031 0.000000 0.000000 0.000000
2729.260742 0.000000 1512.815918 0.000000 0.093479 0.000000 0.995621 0.000000 0.000000 0.000000
2694.215332 0.000000 1517.531372 0.000000 0.409927 0.000000 0.912118 0.000000 0.000000 0.000000
2751.586426 0.000000 1522.028320 0.000000 0.770801 0.000000 0.637076 0.000000 0.000000 0.000000
2726.469482 0.000000 1495.187744 0.000000 0.433364 0.000000 0.901219 0.000000 0.000000 0.000000
2810.368164 0.000000 1520.519653 0.000000 0.086326 0.000000 0.996267 0.000000 0.000000 0.000000
2815.487305 0.000000 1498.821411 0.000000 0.769915 0.000000 0.638147 0.000000 0.000000 0.000000
2775.890625 0.000000 1487.651489 0.000000 0.729920 0.000000 0.683533 0.000000 0.000000 0.000000
2790.889160 0.000000 1492.033325 0.000000 0.141494 0.000000 0.989939 0.000000 0.000000 0.000000
2810.631836 0.000000 1503.730225 0.000000 0.137813 0.000000 0.990458 0.000000 0.000000 0.000000
2769.664795 0.000000 1475.249756 0.000000 0.506535 0.000000 0.862220 0.000000 0.000000 0.000000
2765.099609 0.000000 1488.370361 0.000000 0.126386 0.000000 0.991981 0.000000 0.000000 0.000000
2714.979736 0.000000 1566.910889 0.000000 0.744472 0.000000 0.667653 0.000000 0.000000 0.000000
2708.089355 0.000000 1569.895020 0.000000 0.299509 0.000000 0.954093 0.000000 0.000000 0.000000
2738.585205 0.000000 1552.972412 0.000000 0.491543 0.000000 0.870853 0.000000 0.000000 0.000000
2688.098633 0.000000 1532.027100 0.000000 0.023081 0.000000 0.999734 0.000000 0.000000 0.000000
2733.433838 0.000000 1554.807373 0.000000 0.344674 0.000000 0.938723 0.000000 0.000000 0.000000
2728.763184 0.000000 1540.200317 0.000000 0.223236 0.000000 0.974764 1.000000 1.000000 1.000000
2707.771729 0.000000 1547.703613 0.000000 0.656190 0.000000 0.754596 0.000000 0.000000 0.000000
2749.524170 0.000000 1542.147827 0.000000 0.122026 0.000000 0.992527 0.000000 0.000000 0.000000
2741.013428 0.000000 1559.724487 0.000000 0.263140 0.000000 0.964758 1.000000 1.000000 1.000000
2723.104248 0.000000 1533.620239 0.000000 0.781014 0.000000 0.624514 0.000000 0.000000 0.000000
2743.819336 0.000000 1543.909058 0.000000 0.480636 0.000000 0.876920 0.000000 0.000000 0.000000
2708.994385 0.000000 1527.630859 0.000000 0.576738 0.000000 0.816929 1.000000 1.000000 1.000000
2708.094971 0.000000 1540.479004 0.000000 0.508395 0.000000 0.861124 0.000000 0.000000 0.000000
2726.337891 0.000000 1538.814331 0.000000 0.732430 0.000000 0.680842 1.000000 1.000000 1.000000
2770.127686 0.000000 1538.354126 0.000000 0.359116 0.000000 0.933293 0.000000 0.000000 0.000000
2758.215332 0.000000 1574.015747 0.000000 0.506288 0.000000 0.862364 0.000000 0.000000 0.000000
2752.894775 0.000000 1555.378296 0.000000 0.200658 0.000000 0.979661 0.000000 0.000000 0.000000
2758.724365 0.000000 1558.585571 0.000000 0.149879 0.000000 0.988704 0.000000 0.000000 0.000000
2817.017578 0.000000 1382.318115 0.000000 0.701921 0.000000 0.712255 0.000000 0.000000 0.000000
2891.786377 0.000000 1360.677979 0.000000 0.764189 0.000000 0.644992 0.000000 0.000000 0.000000
2884.957520 0.000000 1395.472046 0.000000 0.754610 0.000000 0.656174 0.000000 0.000000 0.000000
2892.526855 0.000000 1378.670776 0.000000 0.488729 0.000000 0.872436 0.000000 0.000000 0.000000
2828.978516 0.000000 1412.845337 0.000000 0.276724 0.000000 0.960949 0.000000 0.000000 0.000000
2842.979736 0.000000 1453.942139 0.000000 0.433348 0.000000 0.901227 0.000000 0.000000 0.000000
2847.825928 0.000000 1420.231812 0.000000 0.639143 0.000000 0.769088 0.000000 0.000000 0.000000
2877.248291 0.000000 1458.111450 0.000000 0.765125 0.000000 0.643882 0.000000 0.000000 0.000000
2823.914795 0.000000 1413.946289 0.000000 0.016583 0.000000 0.999862 0.000000 0.000000 0.000000
2864.918701 0.000000 1427.095581 0.000000 0.676763 0.000000 0.736201 0.000000 0.000000 0.000000
2851.104248 0.000000 1420.651489 0.000000 0.677212 0.000000 0.735788 0.000000 0.000000 0.000000
2874.462158 0.000000 1429.179443 0.000000 0.727526 0.000000 0.686080 1.000000 1.000000 1.000000
2871.819336 0.000000 1430.940308 0.000000 0.710398 0.000000 0.703800 0.000000 0.000000 0.000000
2828.526855 0.000000 1435.155151 0.000000 0.734130 0.000000 0.679009 0.000000 0.000000 0.000000
2819.820801 0.000000 1425.914795 0.000000 0.756878 0.000000 0.653556 0.000000 0.000000 0.000000
2892.978516 0.000000 1412.845337 0.000000 0.058089 0.000000 0.998311 0.000000 0.000000 0.000000
2894.953369 0.000000 1466.081055 0.000000 0.131833 0.000000 0.991272 0.000000 0.000000 0.000000
2940.832764 0.000000 1444.431152 0.000000 0.724031 0.000000 0.689767 0.000000 0.000000 0.000000
2977.210205 0.000000 1400.498291 0.000000 0.202777 0.000000 0.979225 0.000000 0.000000 0.000000
3005.512207 0.000000 1355.651123 0.000000 0.600318 0.000000 0.799762 0.000000 0.000000 0.000000
2958.873047 0.000000 1363.672119 0.000000 0.212412 0.000000 0.977180 0.000000 0.000000 0.000000
2974.953613 0.000000 1411.877563 0.000000 0.671336 0.000000 0.741153 0.000000 0.000000 0.000000
2962.579102 0.000000 1410.813843 0.000000 0.484764 0.000000 0.874645 0.000000 0.000000 0.000000
3002.028564 0.000000 1368.723633 0.000000 0.281768 0.000000 0.959483 0.000000 0.000000 0.000000
2956.457520 0.000000 1407.400879 0.000000 0.385795 0.000000 0.922585 1.000000 1.000000 1.000000
3003.100830 0.000000 1365.717773 0.000000 0.208974 0.000000 0.977921 0.000000 0.000000 0.000000
2974.952637 0.000000 1375.137329 0.000000 0.747949 0.000000 0.663756 0.000000 0.000000 0.000000
2980.029297 0.000000 1374.177734 0.000000 0.504186 0.000000 0.863595 1.000000 1.000000 1.000000
2958.979980 0.000000 1380.465210 0.000000 0.331327 0.000000 0.943516 1.000000 1.000000 1.000000
3015.671631 0.000000 1380.481567 0.000000 0.307076 0.000000 0.951685 0.000000 0.000000 0.000000
3044.276123 0.000000 1388.871704 0.000000 0.778374 0.000000 0.627801 0.000000 0.000000 0.000000
3025.256836 0.000000 1390.339844 0.000000 0.315228 0.000000 0.949016 0.000000 0.000000 0.000000
3067.981689 0.000000 1410.844238 0.000000 0.332988 0.000000 0.942931 1.000000 1.000000 1.000000
3049.656006 0.000000 1395.734741 0.000000 0.629666 0.000000 0.776866 1.000000 1.000000 1.000000
3025.360840 0.000000 1401.785400 0.000000 0.258027 0.000000 0.966138 0.000000 0.000000 0.000000
3065.384521 0.000000 1411.876709 0.000000 0.465531 0.000000 0.885031 1.000000 1.000000 1.000000
2978.932617 0.000000 1466.186279 0.000000 0.626001 0.000000 0.779822 0.000000 0.000000 0.000000
2947.510986 0.000000 1459.037354 0.000000 0.457788 0.000000 0.889061 0.000000 0.000000 0.000000
3005.032959 0.000000 1434.297485 0.000000 0.558299 0.000000 0.829640 1.000000 1.000000 1.000000
2961.360840 0.000000 1458.269775 0.000000 0.621250 0.000000 0.783613 0.000000 0.000000 0.000000
2956.083740 0.000000 1457.623291 0.000000 0.531067 0.000000 0.847330 0.000000 0.000000 0.000000
3001.384521 0.000000 1468.361084 0.000000 0.784412 0.000000 0.620241 1.000000 1.000000 1.000000
2979.200439 0.000000 1424.906372 0.000000 0.753622 0.000000 0.657309 1.000000 1.000000 1.000000
3031.890625 0.000000 1431.167114 0.000000 0.075354 0.000000 0.997157 0.000000 0.000000 0.000000
3017.604492 0.000000 1439.563721 0.000000 0.455634 0.000000 0.890167 0.000000 0.000000 0.000000
3015.437256 0.000000 1467.152954 0.000000 0.169697 0.000000 0.985496 1.000000 1.000000 1.000000
3011.820801 0.000000 1425.914795 0.000000 0.314534 0.000000 0.949246 0.000000 0.000000 0.000000
2844.793701 0.000000 1471.435547 0.000000 0.733937 0.000000 0.679218 0.000000 0.000000 0.000000
2853.432373 0.000000 1479.620850 0.000000 0.732026 0.000000 0.681277 0.000000 0.000000 0.000000
2822.215332 0.000000 1517.531372 0.000000 0.614645 0.000000 0.788804 0.000000 0.000000 0.000000
2877.212891 0.000000 1493.985474 0.000000 0.632046 0.000000 0.774931 0.000000 0.000000 0.000000
2820.763672 0.000000 1504.786011 0.000000 0.342787 0.000000 0.939413 1.000000 1.000000 1.000000
2816.163086 0.000000 1503.340332 0.000000 0.538119 0.000000 0.842869 1.000000 1.000000 1.000000
2819.837158 0.000000 1492.155884 0.000000 0.575690 0.000000 0.817668 0.000000 0.000000 0.000000
2863.868652 0.000000 1517.004761 0.000000 0.503036 0.000000 0.864266 0.000000 0.000000 0.000000
2873.910400 0.000000 1516.544800 0.000000 0.218415 0.000000 0.975856 1.000000 1.000000 1.000000
2820.957520 0.000000 1508.440796 0.000000 0.615743 0.000000 0.787947 1.000000 1.000000 1.000000
2871.060791 0.000000 1510.193481 0.000000 0.423504 0.000000 0.905894 1.000000 1.000000 1.000000
2877.612061 0.000000 1507.353394 0.000000 0.453713 0.000000 0.891148 1.000000 1.000000 1.000000
2816.894775 0.000000 1498.893921 0.000000 0.082069 0.000000 0.996627 1.000000 1.000000 1.000000
2874.028564 0.000000 1481.692383 0.000000 0.324092 0.000000 0.946026 1.000000 1.000000 1.000000
2825.278076 0.000000 1518.677368 0.000000 0.524022 0.000000 0.851705 0.000000 0.000000 0.000000
2877.032959 0.000000 1490.781860 0.000000 0.189924 0.000000 0.981799 1.000000 1.000000 1.000000
2823.213623 0.000000 1506.793823 0.000000 0.553003 0.000000 0.833179 1.000000 1.000000 1.000000
2901.705078 0.000000 1495.461426 0.000000 0.039855 0.000000 0.999205 0.000000 0.000000 0.000000
2938.807129 0.000000 1475.248291 0.000000 0.426483 0.000000 0.904496 0.000000 0.000000 0.000000
2898.127686 0.000000 1481.869751 0.000000 0.655424 0.000000 0.755261 0.000000 0.000000 0.000000
2920.832275 0.000000 1472.094849 0.000000 0.072924 0.000000 0.997338 0.000000 0.000000 0.000000
2891.959473 0.000000 1517.084595 0.000000 0.520919 0.000000 0.853606 0.000000 0.000000 0.000000
2935.637939 0.000000 1484.337158 0.000000 0.155848 0.000000 0.987781 0.000000 0.000000 0.000000
2943.957764 0.000000 1489.492798 0.000000 0.390625 0.000000 0.920550 0.000000 0.000000 0.000000
2943.487305 0.000000 1498.821411 0.000000 0.146449 0.000000 0.989218 0.000000 0.000000 0.000000
2941.512207 0.000000 1468.619873 0.000000 0.116740 0.000000 0.993162 0.000000 0.000000 0.000000
2934.816650 0.000000 1469.844482 0.000000 0.557425 0.000000 0.830227 0.000000 0.000000 0.000000
2924.063232 0.000000 1477.582886 0.000000 0.121828 0.000000 0.992551 0.000000 0.000000 0.000000
2890.351318 0.000000 1489.472656 0.000000 0.376268 0.000000 0.926511 0.000000 0.000000 0.000000
2884.048096 0.000000 1476.943848 0.000000 0.642992 0.000000 0.765873 0.000000 0.000000 0.000000
2920.015625 0.000000 1476.222290 0.000000 0.538833 0.000000 0.842413 0.000000 0.000000 0.000000
2880.163086 0.000000 1503.340332 0.000000 0.279260 0.000000 0.960215 0.000000 0.000000 0.000000
2921.322754 0.000000 1516.869385 0.000000 0.575109 0.000000 0.818076 1.000000 1.000000 1.000000
2884.755371 0.000000 1496.466431 0.000000 0.658886 0.000000 0.752243 0.000000 0.000000 0.000000
2924.412598 0.000000 1510.867432 0.000000 0.438891 0.000000 0.898540 0.000000 0.000000 0.000000
2912.448975 0.000000 1494.589111 0.000000 0.791126 0.000000 0.611654 0.000000 0.000000 0.000000
2913.099609 0.000000 1502.543457 0.000000 0.536542 0.000000 0.843873 0.000000 0.000000 0.000000
2847.758545 0.000000 1555.237793 0.000000 0.103999 0.000000 0.994577 0.000000 0.000000 0.000000
2831.273193 0.000000 1546.996704 0.000000 0.286600 0.000000 0.958050 0.000000 0.000000 0.000000
2870.816650 0.000000 1526.328857 0.000000 0.653941 0.000000 0.756545 0.000000 0.000000 0.000000
2866.585205 0.000000 1552.972412 0.000000 0.393878 0.000000 0.919163 0.000000 0.000000 0.000000
2830.220459 0.000000 1542.159058 0.000000 0.238281 0.000000 0.971196 0.000000 0.000000 0.000000
2827.929443 0.000000 1537.083984 0.000000 0.021449 0.000000 0.999770 1.000000 1.000000 1.000000
2835.771729 0.000000 1547.703613 0.000000 0.780548 0.000000 0.625095 0.000000 0.000000 0.000000
2866.318359 0.000000 1525.284058 0.000000 0.783925 0.000000 0.620855 0.000000 0.000000 0.000000
2833.260010 0.000000 1551.535278 0.000000 0.794050 0.000000 0.607852 0.000000 0.000000 0.000000
2816.163086 0.000000 1559.824707 0.000000 0.132594 0.000000 0.991170 1.000000 1.000000 1.000000
2827.487061 0.000000 1533.637695 0.000000 0.480736 0.000000 0.876866 0.000000 0.000000 0.000000
2825.084717 0.000000 1535.895996 0.000000 0.496967 0.000000 0.867769 0.000000 0.000000 0.000000
2866.798096 0.000000 1561.759277 0.000000 0.343406 0.000000 0.939187 0.000000 0.000000 0.000000
2854.337891 0.000000 1538.814331 0.000000 0.533134 0.000000 0.846031 1.000000 1.000000 1.000000
2901.705078 0.000000 1551.945801 0.000000 0.437790 0.000000 0.899077 0.000000 0.000000 0.000000
2884.458496 0.000000 1579.544067 0.000000 0.015904 0.000000 0.999874 0.000000 0.000000 0.000000
2899.007568 0.000000 1543.156494 0.000000 0.662459 0.000000 0.749098 0.000000 0.000000 0.000000
2942.270020 0.000000 1529.509521 0.000000 0.670575 0.000000 0.741842 0.000000 0.000000 0.000000
2897.939453 0.000000 1566.873657 0.000000 0.727176 0.000000 0.686451 0.000000 0.000000 0.000000
2901.235596 0.000000 1544.939209 0.000000 0.648898 0.000000 0.760876 1.000000 1.000000 1.000000
2945.451416 0.000000 1480.769409 0.000000 0.279307 0.000000 0.960202 0.000000 0.000000 0.000000
2952.407471 0.000000 1476.406128 0.000000 0.253053 0.000000 0.967452 0.000000 0.000000 0.000000
2989.943604 0.000000 1470.948730 0.000000 0.035351 0.000000 0.999375 0.000000 0.000000 0.000000
2948.763672 0.000000 1504.786011 0.000000 0.739264 0.000000 0.673416 0.000000 0.000000 0.000000
2982.686279 0.000000 1468.899536 0.000000 0.495431 0.000000 0.868647 0.000000 0.000000 0.000000
2985.204590 0.000000 1505.155151 0.000000 0.370743 0.000000 0.928735 0.000000 0.000000 0.000000
2959.197021 0.000000 1480.226562 0.000000 0.201836 0.000000 0.979419 0.000000 0.000000 0.000000
2977.448975 0.000000 1491.890503 0.000000 0.264844 0.000000 0.964291 0.000000 0.000000 0.000000
2964.094971 0.000000 1483.994629 0.000000 0.326665 0.000000 0.945140 0.000000 0.000000 0.000000
3012.948486 0.000000 1468.708862 0.000000 0.005200 0.000000 0.999986 1.000000 1.000000 1.000000
3020.526855 0.000000 1491.639526 0.000000 0.508766 0.000000 0.860905 0.000000 0.000000 0.000000
2609.519043 0.000000 1587.892090 0.000000 0.757194 0.000000 0.653190 0.000000 0.000000 0.000000
2582.477783 0.000000 1616.455811 0.000000 0.591961 0.000000 0.805966 0.000000 0.000000 0.000000
2562.500488 0.000000 1601.306519 0.000000 0.234310 0.000000 0.972162 0.000000 0.000000 0.000000
2592.032227 0.000000 1618.500366 0.000000 0.291175 0.000000 0.956670 0.000000 0.000000 0.000000
2682.807129 0.000000 1588.217041 0.000000 0.214551 0.000000 0.976713 0.000000 0.000000 0.000000
2664.763184 0.000000 1596.684692 0.000000 0.017629 0.000000 0.999845 0.000000 0.000000 0.000000
2660.620605 0.000000 1628.270996 0.000000 0.558305 0.000000 0.829636 0.000000 0.000000 0.000000
2647.293701 0.000000 1605.127319 0.000000 0.785407 0.000000 0.618980 0.000000 0.000000 0.000000
2564.458496 0.000000 1692.512817 0.000000 0.708620 0.000000 0.705590 0.000000 0.000000 0.000000
2615.637939 0.000000 1653.790283 0.000000 0.674058 0.000000 0.738679 0.000000 0.000000 0.000000
2596.045898 0.000000 1643.321777 0.000000 0.070186 0.000000 0.997534 0.000000 0.000000 0.000000
2572.552734 0.000000 1664.240967 0.000000 0.070111 0.000000 0.997539 0.000000 0.000000 0.000000
2604.412598 0.000000 1680.320557 0.000000 0.062599 0.000000 0.998039 0.000000 0.000000 0.000000
2568.667480 0.000000 1642.826050 0.000000 0.039274 0.000000 0.999228 0.000000 0.000000 0.000000
2566.056885 0.000000 1682.984619 0.000000 0.751791 0.000000 0.659401 0.000000 0.000000 0.000000
2631.979980 0.000000 1680.182129 0.000000 0.389676 0.000000 0.920952 0.000000 0.000000 0.000000
2657.099609 0.000000 1671.996582 0.000000 0.731266 0.000000 0.682092 0.000000 0.000000 0.000000
2679.819336 0.000000 1656.877808 0.000000 0.686940 0.000000 0.726714 1.000000 1.000000 1.000000
2675.016113 0.000000 1658.897949 0.000000 0.642835 0.000000 0.766005 0.000000 0.000000 0.000000
2630.056885 0.000000 1682.984619 0.000000 0.767070 0.000000 0.641563 0.000000 0.000000 0.000000
2737.272949 0.000000 1615.187378 0.000000 0.191539 0.000000 0.981485 0.000000 0.000000 0.000000
2733.943604 0.000000 1583.917480 0.000000 0.766222 0.000000 0.642576 0.000000 0.000000 0.000000
2738.842529 0.000000 1599.432495 0.000000 0.100107 0.000000 0.994977 1.000000 1.000000 1.000000
2699.929443 0.000000 1593.568359 0.000000 0.612321 0.000000 0.790609 0.000000 0.000000 0.000000
2705.260010 0.000000 1608.019653 0.000000 0.601580 0.000000 0.798813 0.000000 0.000000 0.000000
2742.382080 0.000000 1610.890137 0.000000 0.091539 0.000000 0.995802 0.000000 0.000000 0.000000
2741.013428 0.000000 1616.208862 0.000000 0.019537 0.000000 0.999809 1.000000 1.000000 1.000000
2735.663086 0.000000 1591.574341 0.000000 0.606197 0.000000 0.795314 1.000000 1.000000 1.000000
2736.918701 0.000000 1596.548706 0.000000 0.467104 0.000000 0.884202 0.000000 0.000000 0.000000
2740.463867 0.000000 1596.644287 0.000000 0.241775 0.000000 0.970332 0.000000 0.000000 0.000000
2736.746582 0.000000 1584.800171 0.000000 0.678078 0.000000 0.734990 1.000000 1.000000 1.000000
2764.457520 0.000000 1633.338379 0.000000 0.786919 0.000000 0.617056 0.000000 0.000000 0.000000
2811.100830 0.000000 1591.655273 0.000000 0.339883 0.000000 0.940468 1.000000 1.000000 1.000000
2764.083740 0.000000 1627.076416 0.000000 0.657284 0.000000 0.753643 0.000000 0.000000 0.000000
2709.208252 0.000000 1677.926147 0.000000 0.346852 0.000000 0.937920 0.000000 0.000000 0.000000
2688.936035 0.000000 1660.656372 0.000000 0.229327 0.000000 0.973349 0.000000 0.000000 0.000000
2695.437256 0.000000 1693.090454 0.000000 0.765514 0.000000 0.643419 1.000000 1.000000 1.000000
2783.453613 0.000000 1654.776978 0.000000 0.038326 0.000000 0.999265 0.000000 0.000000 0.000000
2777.706787 0.000000 1651.686279 0.000000 0.666722 0.000000 0.745307 1.000000 1.000000 1.000000
2575.130859 0.000000 1733.903076 0.000000 0.139771 0.000000 0.990184 0.000000 0.000000 0.000000
2598.535645 0.000000 1724.039307 0.000000 0.295210 0.000000 0.955432 0.000000 0.000000 0.000000
2589.530273 0.000000 1721.823608 0.000000 0.425661 0.000000 0.904882 0.000000 0.000000 0.000000
2568.667480 0.000000 1699.310425 0.000000 0.716232 0.000000 0.697862 0.000000 0.000000 0.000000
2658.900879 0.000000 1694.595947 0.000000 0.398157 0.000000 0.917317 0.000000 0.000000 0.000000
2645.668701 0.000000 1704.320190 0.000000 0.501013 0.000000 0.865440 0.000000 0.000000 0.000000
2655.334473 0.000000 1735.516724 0.000000 0.590500 0.000000 0.807038 0.000000 0.000000 0.000000
2654.953613 0.000000 1750.783813 0.000000 0.713442 0.000000 0.700715 0.000000 0.000000 0.000000
2658.735840 0.000000 1734.184326 0.000000 0.606068 0.000000 0.795413 1.000000 1.000000 1.000000
2636.526855 0.000000 1717.577026 0.000000 0.797958 0.000000 0.602713 1.000000 1.000000 1.000000
2578.283447 0.000000 1752.148315 0.000000 0.523240 0.000000 0.852185 0.000000 0.000000 0.000000
2692.948486 0.000000 1694.646362 0.000000 0.545406 0.000000 0.838172 0.000000 0.000000 0.000000
2696.667480 0.000000 1699.310425 0.000000 0.366910 0.000000 0.930256 0.000000 0.000000 0.000000
2718.961914 0.000000 1695.492554 0.000000 0.398022 0.000000 0.917376 0.000000 0.000000 0.000000
2841.661133 0.000000 1584.628662 0.000000 0.178984 0.000000 0.983852 0.000000 0.000000 0.000000
2875.100830 0.000000 1591.655273 0.000000 0.059386 0.000000 0.998235 0.000000 0.000000 0.000000
2877.032959 0.000000 1603.750610 0.000000 0.119079 0.000000 0.992885 1.000000 1.000000 1.000000
2833.664795 0.000000 1588.218506 0.000000 0.230663 0.000000 0.973034 1.000000 1.000000 1.000000
2832.244385 0.000000 1610.760376 0.000000 0.120240 0.000000 0.992745 1.000000 1.000000 1.000000
2893.507080 0.000000 1617.376953 0.000000 0.528352 0.000000 0.849025 0.000000 0.000000 0.000000
2924.194824 0.000000 1593.639893 0.000000 0.458918 0.000000 0.888478 0.000000 0.000000 0.000000
2896.939697 0.000000 1597.491211 0.000000 0.709599 0.000000 0.704606 1.000000 1.000000 1.000000
2896.244385 0.000000 1610.760376 0.000000 0.018225 0.000000 0.999834 1.000000 1.000000 1.000000
3113.385498 0.000000 993.152527 0.000000 0.491782 0.000000 0.870719 0.000000 0.000000 0.000000
3110.535645 0.000000 989.742493 0.000000 0.091387 0.000000 0.995815 0.000000 0.000000 0.000000
3120.647949 0.000000 1057.194458 0.000000 0.504223 0.000000 0.863574 0.000000 0.000000 0.000000
3090.190674 0.000000 1026.240967 0.000000 0.214779 0.000000 0.976663 0.000000 0.000000 0.000000
3163.932861 0.000000 1036.988403 0.000000 0.352604 0.000000 0.935773 0.000000 0.000000 0.000000
3165.530273 0.000000 1044.011108 0.000000 0.422629 0.000000 0.906303 1.000000 1.000000 1.000000
3168.448975 0.000000 1042.714111 0.000000 0.596581 0.000000 0.802553 0.000000 0.000000 0.000000
3072.255127 0.000000 1120.343994 0.000000 0.454646 0.000000 0.890672 0.000000 0.000000 0.000000
3133.248291 0.000000 1119.205200 0.000000 0.327260 0.000000 0.944934 0.000000 0.000000 0.000000
3166.236816 0.000000 1125.733032 0.000000 0.653031 0.000000 0.757331 0.000000 0.000000 0.000000
3169.947754 0.000000 1122.676636 0.000000 0.428172 0.000000 0.903697 0.000000 0.000000 0.000000
3165.392090 0.000000 1117.876587 0.000000 0.131951 0.000000 0.991256 1.000000 1.000000 1.000000
3151.197021 0.000000 1084.835938 0.000000 0.395296 0.000000 0.918554 0.000000 0.000000 0.000000
3145.604492 0.000000 1100.657471 0.000000 0.405178 0.000000 0.914238 0.000000 0.000000 0.000000
3194.631836 0.000000 1108.339600 0.000000 0.639835 0.000000 0.768512 0.000000 0.000000 0.000000
3189.519043 0.000000 1099.828491 0.000000 0.693034 0.000000 0.720905 0.000000 0.000000 0.000000
3152.186279 0.000000 1092.354370 0.000000 0.656586 0.000000 0.754251 1.000000 1.000000 1.000000
3150.979980 0.000000 1098.043335 0.000000 0.707892 0.000000 0.706320 1.000000 1.000000 1.000000
3103.453613 0.000000 1146.417603 0.000000 0.633432 0.000000 0.773798 0.000000 0.000000 0.000000
3103.758545 0.000000 1159.847168 0.000000 0.738207 0.000000 0.674574 0.000000 0.000000 0.000000
3076.032471 0.000000 1161.299072 0.000000 0.365851 0.000000 0.930673 0.000000 0.000000 0.000000
3092.089355 0.000000 1174.504395 0.000000 0.310101 0.000000 0.950704 0.000000 0.000000 0.000000
3124.365479 0.000000 1168.953735 0.000000 0.085795 0.000000 0.996313 0.000000 0.000000 0.000000
3107.991211 0.000000 1145.413940 0.000000 0.745772 0.000000 0.666201 1.000000 1.000000 1.000000
3127.060791 0.000000 1171.287231 0.000000 0.679708 0.000000 0.733482 0.000000 0.000000 0.000000
3105.448975 0.000000 1152.984253 0.000000 0.793188 0.000000 0.608977 1.000000 1.000000 1.000000
3108.759766 0.000000 1151.063721 0.000000 0.797033 0.000000 0.603936 0.000000 0.000000 0.000000
3110.337891 0.000000 1143.423706 0.000000 0.301420 0.000000 0.953492 1.000000 1.000000 1.000000
3108.029297 0.000000 1148.240234 0.000000 0.541694 0.000000 0.840576 1.000000 1.000000 1.000000
3151.197021 0.000000 1141.320312 0.000000 0.078052 0.000000 0.996949 0.000000 0.000000 0.000000
3178.835938 0.000000 1135.693726 0.000000 0.577084 0.000000 0.816685 0.000000 0.000000 0.000000
3084.978516 0.000000 1186.907837 0.000000 0.092885 0.000000 0.995677 0.000000 0.000000 0.000000
3102.530029 0.000000 1209.631958 0.000000 0.455626 0.000000 0.890171 0.000000 0.000000 0.000000
3093.668701 0.000000 1195.960815 0.000000 0.638900 0.000000 0.769289 0.000000 0.000000 0.000000
3083.786377 0.000000 1191.224854 0.000000 0.723290 0.000000 0.690544 0.000000 0.000000 0.000000
3076.048096 0.000000 1194.521973 0.000000 0.722068 0.000000 0.691823 0.000000 0.000000 0.000000
3099.932861 0.000000 1206.441528 0.000000 0.604851 0.000000 0.796339 0.000000 0.000000 0.000000
3117.375000 0.000000 1211.093506 0.000000 0.273118 0.000000 0.961981 0.000000 0.000000 0.000000
3085.507080 0.000000 1221.986328 0.000000 0.095307 0.000000 0.995448 1.000000 1.000000 1.000000
3081.084717 0.000000 1196.989746 0.000000 0.112150 0.000000 0.993691 0.000000 0.000000 0.000000
3130.504395 0.000000 1209.930786 0.000000 0.226691 0.000000 0.973967 1.000000 1.000000 1.000000
3194.807129 0.000000 1192.826416 0.000000 0.311801 0.000000 0.950148 0.000000 0.000000 0.000000
3195.211426 0.000000 1215.790039 0.000000 0.210499 0.000000 0.977594 0.000000 0.000000 0.000000
3136.894775 0.000000 1216.472046 0.000000 0.763104 0.000000 0.646275 0.000000 0.000000 0.000000
3188.463867 0.000000 1201.253662 0.000000 0.754383 0.000000 0.656435 0.000000 0.000000 0.000000
3195.100830 0.000000 1196.264648 0.000000 0.265441 0.000000 0.964127 0.000000 0.000000 0.000000
3207.671631 0.000000 1211.028442 0.000000 0.050308 0.000000 0.998734 0.000000 0.000000 0.000000
3230.060547 0.000000 1234.326782 0.000000 0.715573 0.000000 0.698537 0.000000 0.000000 0.000000
3217.722656 0.000000 1238.349243 0.000000 0.641621 0.000000 0.767022 0.000000 0.000000 0.000000
3206.056885 0.000000 1231.109619 0.000000 0.633875 0.000000 0.773436 1.000000 1.000000 1.000000
3223.191895 0.000000 1232.062500 0.000000 0.538649 0.000000 0.842530 1.000000 1.000000 1.000000
3100.793701 0.000000 1245.498047 0.000000 0.380985 0.000000 0.924581 0.000000 0.000000 0.000000
3103.825928 0.000000 1250.778687 0.000000 0.527084 0.000000 0.849813 0.000000 0.000000 0.000000
3098.364746 0.000000 1268.217529 0.000000 0.767352 0.000000 0.641227 0.000000 0.000000 0.000000
3099.131592 0.000000 1258.777466 0.000000 0.066857 0.000000 0.997763 1.000000 1.000000 1.000000
3110.889160 0.000000 1266.095825 0.000000 0.704202 0.000000 0.709999 0.000000 0.000000 0.000000
3104.448975 0.000000 1268.651611 0.000000 0.423608 0.000000 0.905846 1.000000 1.000000 1.000000
3097.283936 0.000000 1264.274048 0.000000 0.631036 0.000000 0.775754 1.000000 1.000000 1.000000
3188.365479 0.000000 1281.922485 0.000000 0.731786 0.000000 0.681535 0.000000 0.000000 0.000000
3186.789307 0.000000 1254.743530 0.000000 0.065807 0.000000 0.997832 0.000000 0.000000 0.000000
3136.163086 0.000000 1277.402832 0.000000 0.470363 0.000000 0.882473 0.000000 0.000000 0.000000
3170.857422 0.000000 1271.785156 0.000000 0.341165 0.000000 0.940003 0.000000 0.000000 0.000000
3135.586426 0.000000 1352.575195 0.000000 0.068318 0.000000 0.997664 0.000000 0.000000 0.000000
3110.469482 0.000000 1325.734619 0.000000 0.766223 0.000000 0.642574 0.000000 0.000000 0.000000
3197.292725 0.000000 1311.699585 0.000000 0.581361 0.000000 0.813646 0.000000 0.000000 0.000000
3157.208252 0.000000 1339.019897 0.000000 0.721430 0.000000 0.692487 0.000000 0.000000 0.000000
3190.382080 0.000000 1328.468262 0.000000 0.154709 0.000000 0.987960 1.000000 1.000000 1.000000
3176.974609 0.000000 1310.662231 0.000000 0.250869 0.000000 0.968021 0.000000 0.000000 0.000000
3177.204590 0.000000 1335.702026 0.000000 0.096840 0.000000 0.995300 0.000000 0.000000 0.000000
3136.009766 0.000000 1341.333130 0.000000 0.523919 0.000000 0.851768 0.000000 0.000000 0.000000
3168.448975 0.000000 1325.135986 0.000000 0.406929 0.000000 0.913460 0.000000 0.000000 0.000000
3169.448975 0.000000 1322.437378 0.000000 0.642482 0.000000 0.766301 0.000000 0.000000 0.000000
3172.759766 0.000000 1320.516846 0.000000 0.312709 0.000000 0.949849 1.000000 1.000000 1.000000
3258.544434 0.000000 1283.079346 0.000000 0.196053 0.000000 0.980593 0.000000 0.000000 0.000000
3244.662354 0.000000 1293.236450 0.000000 0.153132 0.000000 0.988206 0.000000 0.000000 0.000000
3210.351318 0.000000 1263.535156 0.000000 0.786915 0.000000 0.617062 0.000000 0.000000 0.000000
3218.817383 0.000000 1273.100098 0.000000 0.619416 0.000000 0.785063 0.000000 0.000000 0.000000
3254.864258 0.000000 1297.654907 0.000000 0.741093 0.000000 0.671402 0.000000 0.000000 0.000000
3226.987305 0.000000 1242.744995 0.000000 0.299826 0.000000 0.953994 0.000000 0.000000 0.000000
3212.112305 0.000000 1257.562988 0.000000 0.126339 0.000000 0.991987 1.000000 1.000000 1.000000
3224.795410 0.000000 1270.568481 0.000000 0.675651 0.000000 0.737222 1.000000 1.000000 1.000000
3216.186279 0.000000 1261.807495 0.000000 0.531493 0.000000 0.847063 1.000000 1.000000 1.000000
3214.875732 0.000000 1343.902710 0.000000 0.569732 0.000000 0.821831 1.000000 1.000000 1.000000
3225.680908 0.000000 1332.918091 0.000000 0.564880 0.000000 0.825173 0.000000 0.000000 0.000000
3209.604492 0.000000 1326.594971 0.000000 0.372613 0.000000 0.927987 1.000000 1.000000 1.000000
3212.526855 0.000000 1322.186401 0.000000 0.397546 0.000000 0.917582 1.000000 1.000000 1.000000
3268.458496 0.000000 1353.606567 0.000000 0.172580 0.000000 0.984995 1.000000 1.000000 1.000000
3275.959473 0.000000 1347.631470 0.000000 0.349591 0.000000 0.936902 1.000000 1.000000 1.000000
3294.236816 0.000000 1351.670532 0.000000 0.405284 0.000000 0.914191 0.000000 0.000000 0.000000
3286.937256 0.000000 1313.567993 0.000000 0.755186 0.000000 0.655510 0.000000 0.000000 0.000000
3264.163086 0.000000 1333.887207 0.000000 0.212369 0.000000 0.977190 0.000000 0.000000 0.000000
3299.666992 0.000000 1335.626831 0.000000 0.463783 0.000000 0.885949 0.000000 0.000000 0.000000
3276.457520 0.000000 1350.916504 0.000000 0.682798 0.000000 0.730607 0.000000 0.000000 0.000000
3289.917236 0.000000 1343.906860 0.000000 0.176232 0.000000 0.984349 0.000000 0.000000 0.000000
3293.423096 0.000000 1337.692505 0.000000 0.053801 0.000000 0.998552 0.000000 0.000000 0.000000
3274.072266 0.000000 1355.312622 0.000000 0.136836 0.000000 0.990594 1.000000 1.000000 1.000000
3287.191895 0.000000 1345.031250 0.000000 0.316071 0.000000 0.948735 1.000000 1.000000 1.000000
3278.604980 0.000000 1346.717651 0.000000 0.291980 0.000000 0.956424 1.000000 1.000000 1.000000
3092.968506 0.000000 1407.750122 0.000000 0.657121 0.000000 0.753785 0.000000 0.000000 0.000000
3128.065674 0.000000 1380.987549 0.000000 0.756405 0.000000 0.654104 0.000000 0.000000 0.000000
3101.392090 0.000000 1400.298462 0.000000 0.229530 0.000000 0.973302 0.000000 0.000000 0.000000
3105.099609 0.000000 1389.574707 0.000000 0.745045 0.000000 0.667014 1.000000 1.000000 1.000000
3132.832764 0.000000 1387.946777 0.000000 0.184841 0.000000 0.982769 1.000000 1.000000 1.000000
3081.604492 0.000000 1383.079346 0.000000 0.787853 0.000000 0.615863 0.000000 0.000000 0.000000
3108.759766 0.000000 1377.001221 0.000000 0.008628 0.000000 0.999963 0.000000 0.000000 0.000000
3181.943604 0.000000 1357.979980 0.000000 0.741510 0.000000 0.670942 0.000000 0.000000 0.000000
3145.084717 0.000000 1366.442871 0.000000 0.290171 0.000000 0.956975 1.000000 1.000000 1.000000
3100.793701 0.000000 1414.951172 0.000000 0.600197 0.000000 0.799852 0.000000 0.000000 0.000000
3087.130859 0.000000 1451.481201 0.000000 0.000675 0.000000 1.000000 0.000000 0.000000 0.000000
3135.487305 0.000000 1442.337036 0.000000 0.327240 0.000000 0.944941 0.000000 0.000000 0.000000
3116.063232 0.000000 1421.098511 0.000000 0.745968 0.000000 0.665982 0.000000 0.000000 0.000000
3083.929443 0.000000 1424.115234 0.000000 0.225209 0.000000 0.974311 0.000000 0.000000 0.000000
3103.334473 0.000000 1453.094849 0.000000 0.361096 0.000000 0.932529 0.000000 0.000000 0.000000
3119.537109 0.000000 1439.237793 0.000000 0.772677 0.000000 0.634800 1.000000 1.000000 1.000000
3091.991699 0.000000 1445.336914 0.000000 0.726313 0.000000 0.687364 0.000000 0.000000 0.000000
3122.798096 0.000000 1448.790527 0.000000 0.032726 0.000000 0.999464 0.000000 0.000000 0.000000
3088.244385 0.000000 1441.307251 0.000000 0.768169 0.000000 0.640247 0.000000 0.000000 0.000000
3137.319092 0.000000 1450.997803 0.000000 0.608376 0.000000 0.793649 0.000000 0.000000 0.000000
3158.477783 0.000000 1447.002686 0.000000 0.685669 0.000000 0.727913 0.000000 0.000000 0.000000
3168.448975 0.000000 1438.104736 0.000000 0.362526 0.000000 0.931974 1.000000 1.000000 1.000000
3183.537109 0.000000 1439.237793 0.000000 0.575837 0.000000 0.817565 0.000000 0.000000 0.000000
3197.032959 0.000000 1434.297485 0.000000 0.343447 0.000000 0.939172 0.000000 0.000000 0.000000
3202.500488 0.000000 1375.369019 0.000000 0.770163 0.000000 0.637848 0.000000 0.000000 0.000000
3225.621582 0.000000 1403.499878 0.000000 0.273219 0.000000 0.961952 0.000000 0.000000 0.000000
3250.842529 0.000000 1373.494995 0.000000 0.646240 0.000000 0.763135 0.000000 0.000000 0.000000
3205.119141 0.000000 1372.059204 0.000000 0.659071 0.000000 0.752081 1.000000 1.000000 1.000000
3262.270020 0.000000 1360.056396 0.000000 0.659458 0.000000 0.751742 1.000000 1.000000 1.000000
3203.837158 0.000000 1379.187134 0.000000 0.103027 0.000000 0.994678 0.000000 0.000000 0.000000
3208.908447 0.000000 1401.525024 0.000000 0.367935 0.000000 0.929851 0.000000 0.000000 0.000000
3248.647949 0.000000 1396.100708 0.000000 0.673818 0.000000 0.738897 0.000000 0.000000 0.000000
3229.392090 0.000000 1400.298462 0.000000 0.750796 0.000000 0.660534 0.000000 0.000000 0.000000
3247.917480 0.000000 1392.406982 0.000000 0.598043 0.000000 0.801464 1.000000 1.000000 1.000000
3211.487061 0.000000 1364.184570 0.000000 0.387770 0.000000 0.921756 1.000000 1.000000 1.000000
3202.356934 0.000000 1360.523193 0.000000 0.080368 0.000000 0.996765 0.000000 0.000000 0.000000
3209.084717 0.000000 1366.442871 0.000000 0.537336 0.000000 0.843368 1.000000 1.000000 1.000000
3251.016113 0.000000 1376.476074 0.000000 0.140113 0.000000 0.990136 1.000000 1.000000 1.000000
3210.072266 0.000000 1411.796997 0.000000 0.533566 0.000000 0.845758 0.000000 0.000000 0.000000
3228.380127 0.000000 1410.475342 0.000000 0.077736 0.000000 0.996974 0.000000 0.000000 0.000000
3276.552734 0.000000 1381.819092 0.000000 0.730990 0.000000 0.682388 1.000000 1.000000 1.000000
3274.351318 0.000000 1376.503906 0.000000 0.325055 0.000000 0.945695 0.000000 0.000000 0.000000
3275.786377 0.000000 1360.677979 0.000000 0.458995 0.000000 0.888439 0.000000 0.000000 0.000000
3273.866211 0.000000 1394.697388 0.000000 0.260254 0.000000 0.965540 0.000000 0.000000 0.000000
3293.020508 0.000000 1368.455322 0.000000 0.276103 0.000000 0.961128 0.000000 0.000000 0.000000
3283.991699 0.000000 1388.852539 0.000000 0.279664 0.000000 0.960098 0.000000 0.000000 0.000000
3264.936035 0.000000 1378.234497 0.000000 0.291072 0.000000 0.956701 1.000000 1.000000 1.000000
3293.958740 0.000000 1365.825317 0.000000 0.038637 0.000000 0.999253 0.000000 0.000000 0.000000
3201.451416 0.000000 1424.285034 0.000000 0.527329 0.000000 0.849661 0.000000 0.000000 0.000000
3211.487061 0.000000 1420.668945 0.000000 0.508029 0.000000 0.861340 0.000000 0.000000 0.000000
3209.084717 0.000000 1422.927246 0.000000 0.645512 0.000000 0.763750 1.000000 1.000000 1.000000
3217.664795 0.000000 1418.765381 0.000000 0.688703 0.000000 0.725044 1.000000 1.000000 1.000000
3220.994385 0.000000 1414.662109 0.000000 0.650018 0.000000 0.759919 1.000000 1.000000 1.000000
1523.455933 0.000000 2140.210205 0.000000 0.789362 0.000000 0.613928 0.000000 0.000000 0.000000
1527.107910 0.000000 2135.123291 0.000000 0.794661 0.000000 0.607053 0.000000 0.000000 0.000000
1527.062500 0.000000 2140.939453 0.000000 0.192744 0.000000 0.981249 0.000000 0.000000 0.000000
1492.089478 0.000000 2191.223145 0.000000 0.320844 0.000000 0.947132 0.000000 0.000000 0.000000
1504.426636 0.000000 2158.843994 0.000000 0.763148 0.000000 0.646224 0.000000 0.000000 0.000000
1490.579102 0.000000 2201.595215 0.000000 0.520539 0.000000 0.853838 0.000000 0.000000 0.000000
1500.431641 0.000000 2153.914062 0.000000 0.646947 0.000000 0.762535 0.000000 0.000000 0.000000
1524.014648 0.000000 2155.249512 0.000000 0.087093 0.000000 0.996200 0.000000 0.000000 0.000000
1506.857544 0.000000 2175.535156 0.000000 0.039069 0.000000 0.999237 0.000000 0.000000 0.000000
1489.722656 0.000000 2198.583496 0.000000 0.576948 0.000000 0.816781 0.000000 0.000000 0.000000
1502.608765 0.000000 2151.945801 0.000000 0.521922 0.000000 0.852993 0.000000 0.000000 0.000000
1508.575317 0.000000 2148.795166 0.000000 0.509108 0.000000 0.860702 0.000000 0.000000 0.000000
1508.029297 0.000000 2164.958984 0.000000 0.768655 0.000000 0.639664 0.000000 0.000000 0.000000
1464.065796 0.000000 2228.253174 0.000000 0.640065 0.000000 0.768320 0.000000 0.000000 0.000000
1445.982422 0.000000 2253.152344 0.000000 0.765582 0.000000 0.643338 0.000000 0.000000 0.000000
1479.914795 0.000000 2204.727539 0.000000 0.122981 0.000000 0.992409 0.000000 0.000000 0.000000
1476.047974 0.000000 2211.240723 0.000000 0.760308 0.000000 0.649563 0.000000 0.000000 0.000000
1701.982422 0.000000 1970.730591 0.000000 0.221044 0.000000 0.975264 0.000000 0.000000 0.000000
1720.315552 0.000000 1957.477783 0.000000 0.755684 0.000000 0.654936 0.000000 0.000000 0.000000
1705.065186 0.000000 1972.174316 0.000000 0.361834 0.000000 0.932242 0.000000 0.000000 0.000000
1789.212891 0.000000 1945.860474 0.000000 0.408125 0.000000 0.912926 0.000000 0.000000 0.000000
1782.173828 0.000000 1926.652954 0.000000 0.699510 0.000000 0.714623 0.000000 0.000000 0.000000
1757.237427 0.000000 1953.990967 0.000000 0.487646 0.000000 0.873041 0.000000 0.000000 0.000000
1732.755371 0.000000 1948.341431 0.000000 0.631537 0.000000 0.775345 0.000000 0.000000 0.000000
1757.392090 0.000000 1965.142212 0.000000 0.502980 0.000000 0.864298 0.000000 0.000000 0.000000
1773.386597 0.000000 1975.175781 0.000000 0.461287 0.000000 0.887251 0.000000 0.000000 0.000000
1766.581177 0.000000 1955.593140 0.000000 0.626685 0.000000 0.779273 0.000000 0.000000 0.000000
1704.832397 0.000000 1980.454224 0.000000 0.740511 0.000000 0.672044 0.000000 0.000000 0.000000
1756.793701 0.000000 1979.794922 0.000000 0.059792 0.000000 0.998211 0.000000 0.000000 0.000000
1740.978516 0.000000 1977.689087 0.000000 0.213280 0.000000 0.976991 0.000000 0.000000 0.000000
1757.392090 0.000000 2021.626587 0.000000 0.335529 0.000000 0.942030 1.000000 1.000000 1.000000
1818.979858 0.000000 1905.817139 0.000000 0.468540 0.000000 0.883442 0.000000 0.000000 0.000000
1857.017578 0.000000 1890.677490 0.000000 0.777867 0.000000 0.628429 0.000000 0.000000 0.000000
1868.552612 0.000000 1890.178467 0.000000 0.567691 0.000000 0.823242 0.000000 0.000000 0.000000
1896.763306 0.000000 1879.106567 0.000000 0.774680 0.000000 0.632354 0.000000 0.000000 0.000000
1862.724243 0.000000 1897.491821 0.000000 0.578898 0.000000 0.815400 0.000000 0.000000 0.000000
2015.758545 0.000000 1837.659668 0.000000 0.325883 0.000000 0.945410 0.000000 0.000000 0.000000
2010.074097 0.000000 1838.016479 0.000000 0.661254 0.000000 0.750162 0.000000 0.000000 0.000000
2034.585205 0.000000 1835.394287 0.000000 0.662506 0.000000 0.749056 0.000000 0.000000 0.000000
2029.433838 0.000000 1837.229248 0.000000 0.229011 0.000000 0.973424 0.000000 0.000000 0.000000
2025.967651 0.000000 1837.317871 0.000000 0.708495 0.000000 0.705716 0.000000 0.000000 0.000000
2017.099731 0.000000 1841.449707 0.000000 0.590557 0.000000 0.806996 0.000000 0.000000 0.000000
1970.789429 0.000000 1876.071655 0.000000 0.059609 0.000000 0.998222 0.000000 0.000000 0.000000
1932.552612 0.000000 1890.178467 0.000000 0.308427 0.000000 0.951248 0.000000 0.000000 0.000000
1975.531372 0.000000 1874.588013 0.000000 0.646276 0.000000 0.763104 0.000000 0.000000 0.000000
1973.993896 0.000000 1885.270508 0.000000 0.428016 0.000000 0.903771 0.000000 0.000000 0.000000
1933.506958 0.000000 1899.798828 0.000000 0.480936 0.000000 0.876756 0.000000 0.000000 0.000000
1973.013428 0.000000 1898.630737 0.000000 0.012940 0.000000 0.999916 0.000000 0.000000 0.000000
1920.894775 0.000000 1894.284546 0.000000 0.471034 0.000000 0.882115 1.000000 1.000000 1.000000
1968.580444 0.000000 1894.425171 0.000000 0.295518 0.000000 0.955337 0.000000 0.000000 0.000000
1927.437256 0.000000 1919.027954 0.000000 0.038081 0.000000 0.999275 0.000000 0.000000 0.000000
2022.231201 0.000000 1902.513428 0.000000 0.541597 0.000000 0.840638 0.000000 0.000000 0.000000
2034.789429 0.000000 1876.071655 0.000000 0.215623 0.000000 0.976477 0.000000 0.000000 0.000000
2020.276123 0.000000 1897.231079 0.000000 0.786739 0.000000 0.617285 0.000000 0.000000 0.000000
2009.505737 0.000000 1917.756104 0.000000 0.756664 0.000000 0.653804 0.000000 0.000000 0.000000
2013.237427 0.000000 1897.506592 0.000000 0.589748 0.000000 0.807588 0.000000 0.000000 0.000000
2028.412598 0.000000 1906.258057 0.000000 0.438766 0.000000 0.898602 0.000000 0.000000 0.000000
2045.032837 0.000000 1886.172485 0.000000 0.072888 0.000000 0.997340 0.000000 0.000000 0.000000
1842.842529 0.000000 1938.338745 0.000000 0.340731 0.000000 0.940161 0.000000 0.000000 0.000000
1845.993896 0.000000 1941.754883 0.000000 0.540231 0.000000 0.841517 0.000000 0.000000 0.000000
1792.156738 0.000000 1975.368896 0.000000 0.150253 0.000000 0.988648 0.000000 0.000000 0.000000
1843.759033 0.000000 1951.833618 0.000000 0.221232 0.000000 0.975221 0.000000 0.000000 0.000000
1887.758545 0.000000 1950.628418 0.000000 0.310323 0.000000 0.950631 0.000000 0.000000 0.000000
1894.893555 0.000000 1939.916138 0.000000 0.158823 0.000000 0.987307 0.000000 0.000000 0.000000
1896.763306 0.000000 1935.590942 0.000000 0.097036 0.000000 0.995281 0.000000 0.000000 0.000000
1901.311035 0.000000 1954.818604 0.000000 0.342186 0.000000 0.939632 0.000000 0.000000 0.000000
1890.857544 0.000000 1949.597656 0.000000 0.685457 0.000000 0.728113 1.000000 1.000000 1.000000
1897.967651 0.000000 1950.286621 0.000000 0.299077 0.000000 0.954229 1.000000 1.000000 1.000000
1894.581177 0.000000 1955.593140 0.000000 0.276017 0.000000 0.961153 1.000000 1.000000 1.000000
1886.961914 0.000000 1921.430054 0.000000 0.322402 0.000000 0.946603 0.000000 0.000000 0.000000
1830.231201 0.000000 2015.482178 0.000000 0.355470 0.000000 0.934688 0.000000 0.000000 0.000000
1847.637939 0.000000 1992.696533 0.000000 0.738429 0.000000 0.674331 0.000000 0.000000 0.000000
1833.385620 0.000000 2009.871216 0.000000 0.619840 0.000000 0.784728 0.000000 0.000000 0.000000
1850.511597 0.000000 1997.463135 0.000000 0.661716 0.000000 0.749754 0.000000 0.000000 0.000000
1825.947754 0.000000 2026.426636 0.000000 0.279252 0.000000 0.960218 0.000000 0.000000 0.000000
1856.255005 0.000000 2024.093994 0.000000 0.087915 0.000000 0.996128 0.000000 0.000000 0.000000
1863.979980 0.000000 2019.088379 0.000000 0.153262 0.000000 0.988186 0.000000 0.000000 0.000000
1862.330444 0.000000 1989.049927 0.000000 0.772294 0.000000 0.635265 0.000000 0.000000 0.000000
1860.957397 0.000000 2016.800171 0.000000 0.587324 0.000000 0.809352 0.000000 0.000000 0.000000
1865.866211 0.000000 2016.025513 0.000000 0.410724 0.000000 0.911760 0.000000 0.000000 0.000000
1873.664795 0.000000 1983.609131 0.000000 0.682346 0.000000 0.731030 0.000000 0.000000 0.000000
1869.099609 0.000000 1996.729736 0.000000 0.739363 0.000000 0.673307 0.000000 0.000000 0.000000
1872.939697 0.000000 1992.881836 0.000000 0.589573 0.000000 0.807715 1.000000 1.000000 1.000000
1870.979858 0.000000 2001.793335 0.000000 0.090450 0.000000 0.995901 1.000000 1.000000 1.000000
1978.807129 0.000000 1927.123291 0.000000 0.740898 0.000000 0.671618 0.000000 0.000000 0.000000
1928.407593 0.000000 1928.281128 0.000000 0.563924 0.000000 0.825827 1.000000 1.000000 1.000000
1951.825928 0.000000 1928.591187 0.000000 0.507177 0.000000 0.861842 0.000000 0.000000 0.000000
1925.464844 0.000000 1925.250732 0.000000 0.343176 0.000000 0.939271 0.000000 0.000000 0.000000
1938.190552 0.000000 1929.990967 0.000000 0.595357 0.000000 0.803461 0.000000 0.000000 0.000000
1928.667603 0.000000 1925.247925 0.000000 0.685678 0.000000 0.727905 1.000000 1.000000 1.000000
1929.084717 0.000000 1931.286621 0.000000 0.761451 0.000000 0.648223 0.000000 0.000000 0.000000
1920.042358 0.000000 1920.476074 0.000000 0.663529 0.000000 0.748150 0.000000 0.000000 0.000000
2040.551025 0.000000 1953.327881 0.000000 0.450679 0.000000 0.892686 0.000000 0.000000 0.000000
2045.248291 0.000000 1966.470825 0.000000 0.405381 0.000000 0.914148 0.000000 0.000000 0.000000
2029.433838 0.000000 1950.197998 0.000000 0.046452 0.000000 0.998921 0.000000 0.000000 0.000000
2002.283569 0.000000 1921.601440 0.000000 0.042520 0.000000 0.999096 0.000000 0.000000 0.000000
2019.991211 0.000000 1936.195190 0.000000 0.310048 0.000000 0.950721 0.000000 0.000000 0.000000
2040.315552 0.000000 1957.477783 0.000000 0.731408 0.000000 0.681940 0.000000 0.000000 0.000000
2032.580444 0.000000 1950.909546 0.000000 0.311877 0.000000 0.950122 0.000000 0.000000 0.000000
2025.676880 0.000000 1938.535767 0.000000 0.649976 0.000000 0.759955 0.000000 0.000000 0.000000
2028.194824 0.000000 1932.546143 0.000000 0.611906 0.000000 0.790931 0.000000 0.000000 0.000000
2013.958862 0.000000 1930.669067 0.000000 0.037828 0.000000 0.999284 0.000000 0.000000 0.000000
1559.491821 0.000000 2090.553467 0.000000 0.549272 0.000000 0.835643 0.000000 0.000000 0.000000
1551.831299 0.000000 2094.093750 0.000000 0.726884 0.000000 0.686760 0.000000 0.000000 0.000000
1562.987305 0.000000 2090.010742 0.000000 0.750869 0.000000 0.660451 1.000000 1.000000 1.000000
1638.231201 0.000000 2128.450928 0.000000 0.776391 0.000000 0.630251 0.000000 0.000000 0.000000
1626.979858 0.000000 2131.754639 0.000000 0.393205 0.000000 0.919451 0.000000 0.000000 0.000000
1630.236938 0.000000 2142.451660 0.000000 0.095665 0.000000 0.995414 0.000000 0.000000 0.000000
1662.624390 0.000000 2098.741943 0.000000 0.772017 0.000000 0.635601 0.000000 0.000000 0.000000
1617.939331 0.000000 2131.717529 0.000000 0.339468 0.000000 0.940618 0.000000 0.000000 0.000000
1623.293579 0.000000 2113.486572 0.000000 0.775965 0.000000 0.630776 0.000000 0.000000 0.000000
1634.857544 0.000000 2119.050781 0.000000 0.018436 0.000000 0.999830 0.000000 0.000000 0.000000
1633.448853 0.000000 2113.218750 0.000000 0.766383 0.000000 0.642384 1.000000 1.000000 1.000000
1630.952515 0.000000 2109.434082 0.000000 0.020087 0.000000 0.999798 0.000000 0.000000 0.000000
1638.337891 0.000000 2103.657959 0.000000 0.537877 0.000000 0.843023 0.000000 0.000000 0.000000
1638.469604 0.000000 2116.515869 0.000000 0.233489 0.000000 0.972359 1.000000 1.000000 1.000000
1682.127686 0.000000 2046.713501 0.000000 0.096836 0.000000 0.995300 0.000000 0.000000 0.000000
1711.722534 0.000000 2077.757080 0.000000 0.288026 0.000000 0.957623 0.000000 0.000000 0.000000
1679.273071 0.000000 2055.355957 0.000000 0.458776 0.000000 0.888552 0.000000 0.000000 0.000000
1678.220581 0.000000 2050.518311 0.000000 0.060321 0.000000 0.998179 0.000000 0.000000 0.000000
1668.763550 0.000000 2069.629639 0.000000 0.309638 0.000000 0.950855 0.000000 0.000000 0.000000
1664.163086 0.000000 2068.184082 0.000000 0.049411 0.000000 0.998779 0.000000 0.000000 0.000000
1668.957397 0.000000 2073.284668 0.000000 0.584356 0.000000 0.811497 0.000000 0.000000 0.000000
1664.009766 0.000000 2075.630127 0.000000 0.593458 0.000000 0.804865 0.000000 0.000000 0.000000
1684.094971 0.000000 2048.838379 0.000000 0.737886 0.000000 0.674926 0.000000 0.000000 0.000000
1671.213501 0.000000 2071.637451 0.000000 0.021304 0.000000 0.999773 1.000000 1.000000 1.000000
1689.706665 0.000000 2047.076904 0.000000 0.526578 0.000000 0.850127 0.000000 0.000000 0.000000
1739.929565 0.000000 2045.443359 0.000000 0.383128 0.000000 0.923695 1.000000 1.000000 1.000000
1567.758545 0.000000 2176.565918 0.000000 0.749703 0.000000 0.661774 0.000000 0.000000 0.000000
1591.637939 0.000000 2162.149658 0.000000 0.337794 0.000000 0.941220 0.000000 0.000000 0.000000
1550.953247 0.000000 2200.377930 0.000000 0.132356 0.000000 0.991202 0.000000 0.000000 0.000000
1598.270142 0.000000 2150.837646 0.000000 0.552879 0.000000 0.833261 0.000000 0.000000 0.000000
1569.947754 0.000000 2195.879883 0.000000 0.146007 0.000000 0.989284 1.000000 1.000000 1.000000
1590.382080 0.000000 2175.733887 0.000000 0.614546 0.000000 0.788881 0.000000 0.000000 0.000000
1594.385132 0.000000 2148.998291 0.000000 0.206046 0.000000 0.978542 0.000000 0.000000 0.000000
1557.503174 0.000000 2194.725342 0.000000 0.436622 0.000000 0.899645 0.000000 0.000000 0.000000
1594.631714 0.000000 2181.542725 0.000000 0.689149 0.000000 0.724619 0.000000 0.000000 0.000000
1586.798096 0.000000 2183.087402 0.000000 0.749516 0.000000 0.661986 1.000000 1.000000 1.000000
1551.273071 0.000000 2224.809082 0.000000 0.133725 0.000000 0.991019 0.000000 0.000000 0.000000
1572.276123 0.000000 2236.137451 0.000000 0.787296 0.000000 0.616575 0.000000 0.000000 0.000000
1542.330444 0.000000 2214.987549 0.000000 0.404064 0.000000 0.914730 0.000000 0.000000 0.000000
1536.163086 0.000000 2237.637207 0.000000 0.528678 0.000000 0.848822 1.000000 1.000000 1.000000
1536.894775 0.000000 2233.190674 0.000000 0.525447 0.000000 0.850826 1.000000 1.000000 1.000000
1568.448975 0.000000 2228.885986 0.000000 0.627280 0.000000 0.778794 0.000000 0.000000 0.000000
1548.526733 0.000000 2225.936523 0.000000 0.328240 0.000000 0.944594 0.000000 0.000000 0.000000
1536.936157 0.000000 2225.500244 0.000000 0.636921 0.000000 0.770930 0.000000 0.000000 0.000000
1556.994385 0.000000 2205.443359 0.000000 0.504576 0.000000 0.863367 1.000000 1.000000 1.000000
1653.861084 0.000000 2250.957031 0.000000 0.752874 0.000000 0.658164 0.000000 0.000000 0.000000
1702.889160 0.000000 2226.330322 0.000000 0.686540 0.000000 0.727092 0.000000 0.000000 0.000000
1667.510986 0.000000 2249.818604 0.000000 0.504752 0.000000 0.863264 0.000000 0.000000 0.000000
1670.056885 0.000000 2247.828369 0.000000 0.697999 0.000000 0.716099 0.000000 0.000000 0.000000
1692.380127 0.000000 2257.740967 0.000000 0.264723 0.000000 0.964325 0.000000 0.000000 0.000000
1778.789429 0.000000 2214.978027 0.000000 0.292113 0.000000 0.956384 0.000000 0.000000 0.000000
1844.014648 0.000000 2042.280762 0.000000 0.270403 0.000000 0.962747 0.000000 0.000000 0.000000
1836.194824 0.000000 2045.514893 0.000000 0.461912 0.000000 0.886926 1.000000 1.000000 1.000000
1850.504395 0.000000 2057.196289 0.000000 0.647261 0.000000 0.762268 0.000000 0.000000 0.000000
1862.056885 0.000000 2078.375244 0.000000 0.214910 0.000000 0.976634 0.000000 0.000000 0.000000
1856.936157 0.000000 2056.047119 0.000000 0.651659 0.000000 0.758512 0.000000 0.000000 0.000000
1796.755371 0.000000 2117.794434 0.000000 0.535188 0.000000 0.844733 0.000000 0.000000 0.000000
1853.032837 0.000000 2112.109863 0.000000 0.054937 0.000000 0.998490 0.000000 0.000000 0.000000
1876.968506 0.000000 2142.046875 0.000000 0.269207 0.000000 0.963082 0.000000 0.000000 0.000000
1863.213501 0.000000 2128.121826 0.000000 0.513649 0.000000 0.858000 0.000000 0.000000 0.000000
1808.971924 0.000000 2195.583252 0.000000 0.254338 0.000000 0.967115 0.000000 0.000000 0.000000
1819.131470 0.000000 2162.527344 0.000000 0.797941 0.000000 0.602736 0.000000 0.000000 0.000000
1852.832764 0.000000 2178.728027 0.000000 0.174036 0.000000 0.984739 1.000000 1.000000 1.000000
1853.032837 0.000000 2168.594238 0.000000 0.184521 0.000000 0.982829 1.000000 1.000000 1.000000
1873.722656 0.000000 2198.583496 0.000000 0.408199 0.000000 0.912893 0.000000 0.000000 0.000000
1875.991577 0.000000 2179.633789 0.000000 0.688451 0.000000 0.725282 0.000000 0.000000 0.000000
1877.934448 0.000000 2201.218262 0.000000 0.195353 0.000000 0.980733 0.000000 0.000000 0.000000
1873.360962 0.000000 2192.566650 0.000000 0.582253 0.000000 0.813008 1.000000 1.000000 1.000000
1793.451416 0.000000 2215.066162 0.000000 0.362474 0.000000 0.931994 0.000000 0.000000 0.000000
1830.231201 0.000000 2241.419678 0.000000 0.681456 0.000000 0.731859 0.000000 0.000000 0.000000
1795.510986 0.000000 2249.818604 0.000000 0.473772 0.000000 0.880648 1.000000 1.000000 1.000000
1822.952515 0.000000 2222.402832 0.000000 0.212149 0.000000 0.977237 1.000000 1.000000 1.000000
1875.007568 0.000000 2220.968994 0.000000 0.660461 0.000000 0.750860 0.000000 0.000000 0.000000
1878.937134 0.000000 2217.317871 0.000000 0.688770 0.000000 0.724980 0.000000 0.000000 0.000000
1867.486938 0.000000 2211.450195 0.000000 0.056709 0.000000 0.998391 1.000000 1.000000 1.000000
1864.667603 0.000000 2207.669922 0.000000 0.785874 0.000000 0.618387 0.000000 0.000000 0.000000
1859.820923 0.000000 2216.696045 0.000000 0.362132 0.000000 0.932127 0.000000 0.000000 0.000000
1429.705078 0.000000 2286.242676 0.000000 0.771350 0.000000 0.636411 0.000000 0.000000 0.000000
1495.491821 0.000000 2260.006592 0.000000 0.368560 0.000000 0.929604 0.000000 0.000000 0.000000
1493.208252 0.000000 2299.254150 0.000000 0.082002 0.000000 0.996632 0.000000 0.000000 0.000000
1483.929565 0.000000 2271.380859 0.000000 0.020271 0.000000 0.999795 0.000000 0.000000 0.000000
1522.318481 0.000000 2259.580811 0.000000 0.482087 0.000000 0.876123 0.000000 0.000000 0.000000
1487.197021 0.000000 2271.007812 0.000000 0.603381 0.000000 0.797453 0.000000 0.000000 0.000000
1489.664795 0.000000 2266.031006 0.000000 0.383368 0.000000 0.923596 0.000000 0.000000 0.000000
1502.608765 0.000000 2264.914551 0.000000 0.430878 0.000000 0.902410 0.000000 0.000000 0.000000
1537.319092 0.000000 2298.263428 0.000000 0.554588 0.000000 0.832125 0.000000 0.000000 0.000000
1607.671631 0.000000 2284.231445 0.000000 0.113258 0.000000 0.993566 0.000000 0.000000 0.000000
1682.127686 0.000000 2272.651123 0.000000 0.720679 0.000000 0.693269 1.000000 1.000000 1.000000
1683.007568 0.000000 2277.453369 0.000000 0.741072 0.000000 0.671426 0.000000 0.000000 0.000000
1679.831299 0.000000 2263.546875 0.000000 0.651700 0.000000 0.758477 0.000000 0.000000 0.000000
2078.236816 0.000000 1860.029907 0.000000 0.230553 0.000000 0.973060 0.000000 0.000000 0.000000
2109.512207 0.000000 1807.526123 0.000000 0.365337 0.000000 0.930875 0.000000 0.000000 0.000000
2073.621582 0.000000 1855.374878 0.000000 0.601793 0.000000 0.798652 0.000000 0.000000 0.000000
2092.063232 0.000000 1816.489136 0.000000 0.500755 0.000000 0.865589 0.000000 0.000000 0.000000
2099.214111 0.000000 1853.757202 0.000000 0.034454 0.000000 0.999406 0.000000 0.000000 0.000000
2109.508057 0.000000 1857.276733 0.000000 0.453014 0.000000 0.891503 0.000000 0.000000 0.000000
2099.863525 0.000000 1831.872681 0.000000 0.112370 0.000000 0.993666 0.000000 0.000000 0.000000
2109.612061 0.000000 1846.259644 0.000000 0.707090 0.000000 0.707124 0.000000 0.000000 0.000000
2103.819336 0.000000 1826.330933 0.000000 0.084815 0.000000 0.996397 0.000000 0.000000 0.000000
2099.016113 0.000000 1828.351074 0.000000 0.500224 0.000000 0.865896 0.000000 0.000000 0.000000
2119.671631 0.000000 1832.356567 0.000000 0.620643 0.000000 0.784093 0.000000 0.000000 0.000000
2138.979736 0.000000 1849.332764 0.000000 0.074757 0.000000 0.997202 0.000000 0.000000 0.000000
2175.487305 0.000000 1837.727661 0.000000 0.244869 0.000000 0.969556 1.000000 1.000000 1.000000
2112.098633 0.000000 1814.448975 0.000000 0.655789 0.000000 0.754944 0.000000 0.000000 0.000000
2157.433838 0.000000 1837.229248 0.000000 0.106352 0.000000 0.994329 0.000000 0.000000 0.000000
2148.045898 0.000000 1812.774902 0.000000 0.345356 0.000000 0.938472 0.000000 0.000000 0.000000
2124.552734 0.000000 1833.694092 0.000000 0.725528 0.000000 0.688192 0.000000 0.000000 0.000000
2122.351318 0.000000 1828.378906 0.000000 0.436555 0.000000 0.899678 0.000000 0.000000 0.000000
2141.237549 0.000000 1841.022217 0.000000 0.273839 0.000000 0.961776 0.000000 0.000000 0.000000
2112.513916 0.000000 1823.580811 0.000000 0.009791 0.000000 0.999952 0.000000 0.000000 0.000000
2120.908447 0.000000 1853.400024 0.000000 0.286848 0.000000 0.957976 0.000000 0.000000 0.000000
2173.508057 0.000000 1857.276733 0.000000 0.508908 0.000000 0.860821 0.000000 0.000000 0.000000
2152.974609 0.000000 1819.021606 0.000000 0.760407 0.000000 0.649446 0.000000 0.000000 0.000000
2112.009766 0.000000 1849.692505 0.000000 0.559318 0.000000 0.828953 0.000000 0.000000 0.000000
2118.724365 0.000000 1841.007446 0.000000 0.656645 0.000000 0.754200 0.000000 0.000000 0.000000
2136.572266 0.000000 1846.964355 0.000000 0.715718 0.000000 0.698389 0.000000 0.000000 0.000000
2171.100830 0.000000 1817.592773 0.000000 0.565610 0.000000 0.824673 0.000000 0.000000 0.000000
2153.677002 0.000000 1825.567017 0.000000 0.611823 0.000000 0.790995 0.000000 0.000000 0.000000
2114.356934 0.000000 1812.398193 0.000000 0.561524 0.000000 0.827460 0.000000 0.000000 0.000000
2068.089355 0.000000 1908.801270 0.000000 0.496866 0.000000 0.867828 0.000000 0.000000 0.000000
2081.210205 0.000000 1908.857666 0.000000 0.243264 0.000000 0.969960 0.000000 0.000000 0.000000
2055.914795 0.000000 1865.821289 0.000000 0.364749 0.000000 0.931106 0.000000 0.000000 0.000000
2069.208252 0.000000 1903.863647 0.000000 0.641933 0.000000 0.766761 0.000000 0.000000 0.000000
2064.971924 0.000000 1913.161377 0.000000 0.456555 0.000000 0.889695 0.000000 0.000000 0.000000
2062.875732 0.000000 1908.746460 0.000000 0.128158 0.000000 0.991754 0.000000 0.000000 0.000000
2067.007568 0.000000 1882.062744 0.000000 0.380782 0.000000 0.924665 0.000000 0.000000 0.000000
2073.505615 0.000000 1917.756104 0.000000 0.738609 0.000000 0.674134 1.000000 1.000000 1.000000
2074.364746 0.000000 1889.545654 0.000000 0.797901 0.000000 0.602789 0.000000 0.000000 0.000000
2065.260010 0.000000 1890.441528 0.000000 0.226521 0.000000 0.974006 1.000000 1.000000 1.000000
2059.941895 0.000000 1905.788452 0.000000 0.781949 0.000000 0.623342 0.000000 0.000000 0.000000
2061.507080 0.000000 1899.798828 0.000000 0.240525 0.000000 0.970643 0.000000 0.000000 0.000000
2073.680908 0.000000 1897.761841 0.000000 0.588987 0.000000 0.808143 0.000000 0.000000 0.000000
2072.572266 0.000000 1903.448730 0.000000 0.753074 0.000000 0.657935 1.000000 1.000000 1.000000
2077.423096 0.000000 1902.536255 0.000000 0.747481 0.000000 0.664283 0.000000 0.000000 0.000000
2048.936035 0.000000 1886.593872 0.000000 0.139800 0.000000 0.990180 0.000000 0.000000 0.000000
2076.380127 0.000000 1918.834717 0.000000 0.738714 0.000000 0.674020 1.000000 1.000000 1.000000
2072.795410 0.000000 1891.896606 0.000000 0.095143 0.000000 0.995464 0.000000 0.000000 0.000000
2064.939697 0.000000 1879.913086 0.000000 0.316636 0.000000 0.948547 0.000000 0.000000 0.000000
2124.978516 0.000000 1864.720337 0.000000 0.452790 0.000000 0.891617 0.000000 0.000000 0.000000
2167.531250 0.000000 1874.588013 0.000000 0.329261 0.000000 0.944239 0.000000 0.000000 0.000000
2152.015625 0.000000 1871.612915 0.000000 0.683314 0.000000 0.730124 0.000000 0.000000 0.000000
2147.104248 0.000000 1872.526489 0.000000 0.224933 0.000000 0.974374 0.000000 0.000000 0.000000
2120.667480 0.000000 1868.763550 0.000000 0.480509 0.000000 0.876990 0.000000 0.000000 0.000000
2185.203857 0.000000 1843.200806 0.000000 0.233948 0.000000 0.972249 0.000000 0.000000 0.000000
2177.017578 0.000000 1834.193115 0.000000 0.106792 0.000000 0.994281 0.000000 0.000000 0.000000
2180.763672 0.000000 1843.692261 0.000000 0.079721 0.000000 0.996817 0.000000 0.000000 0.000000
2176.042236 0.000000 1863.991699 0.000000 0.577618 0.000000 0.816307 0.000000 0.000000 0.000000
2079.825928 0.000000 1928.591187 0.000000 0.783319 0.000000 0.621620 0.000000 0.000000 0.000000
2096.024170 0.000000 1973.003784 0.000000 0.184891 0.000000 0.982759 0.000000 0.000000 0.000000
2059.487061 0.000000 1929.028320 0.000000 0.088430 0.000000 0.996082 0.000000 0.000000 0.000000
2050.356934 0.000000 1925.366943 0.000000 0.528513 0.000000 0.848925 0.000000 0.000000 0.000000
2055.437256 0.000000 1975.512329 0.000000 0.440572 0.000000 0.897717 0.000000 0.000000 0.000000
2068.094971 0.000000 1935.869629 0.000000 0.687334 0.000000 0.726341 1.000000 1.000000 1.000000
2055.671631 0.000000 2001.809692 0.000000 0.488666 0.000000 0.872471 0.000000 0.000000 0.000000
2092.083252 0.000000 1997.014160 0.000000 0.260289 0.000000 0.965531 0.000000 0.000000 0.000000
2102.382080 0.000000 2006.280762 0.000000 0.408991 0.000000 0.912538 0.000000 0.000000 0.000000
2096.580566 0.000000 2007.393921 0.000000 0.415653 0.000000 0.909523 0.000000 0.000000 0.000000
2095.537109 0.000000 2004.081543 0.000000 0.783859 0.000000 0.620938 0.000000 0.000000 0.000000
2059.487061 0.000000 1985.512695 0.000000 0.079124 0.000000 0.996865 0.000000 0.000000 0.000000
2057.084717 0.000000 1987.770996 0.000000 0.228549 0.000000 0.973532 1.000000 1.000000 1.000000
2109.032959 0.000000 1999.141235 0.000000 0.329342 0.000000 0.944211 0.000000 0.000000 0.000000
2106.504395 0.000000 2000.712036 0.000000 0.291531 0.000000 0.956561 0.000000 0.000000 0.000000
2075.635498 0.000000 2000.003540 0.000000 0.430817 0.000000 0.902439 0.000000 0.000000 0.000000
2115.837158 0.000000 2000.515259 0.000000 0.777019 0.000000 0.629477 0.000000 0.000000 0.000000
2298.368164 0.000000 2028.879028 0.000000 0.619456 0.000000 0.785031 0.000000 0.000000 0.000000
2256.971924 0.000000 2026.130127 0.000000 0.326618 0.000000 0.945156 0.000000 0.000000 0.000000
2301.508057 0.000000 2026.729858 0.000000 0.693604 0.000000 0.720357 0.000000 0.000000 0.000000
2291.634277 0.000000 2019.681030 0.000000 0.293555 0.000000 0.955942 0.000000 0.000000 0.000000
2295.062500 0.000000 2027.970581 0.000000 0.498792 0.000000 0.866722 0.000000 0.000000 0.000000
2250.072266 0.000000 2033.125122 0.000000 0.682016 0.000000 0.731337 0.000000 0.000000 0.000000
2365.512207 0.000000 1976.979248 0.000000 0.666719 0.000000 0.745309 0.000000 0.000000 0.000000
2344.763184 0.000000 1992.075317 0.000000 0.527335 0.000000 0.849657 0.000000 0.000000 0.000000
2331.932861 0.000000 1997.222778 0.000000 0.144969 0.000000 0.989436 0.000000 0.000000 0.000000
2362.028564 0.000000 1990.051758 0.000000 0.109400 0.000000 0.993998 1.000000 1.000000 1.000000
2346.835938 0.000000 1982.959351 0.000000 0.205737 0.000000 0.978607 0.000000 0.000000 0.000000
2362.462158 0.000000 1994.023193 0.000000 0.268662 0.000000 0.963235 0.000000 0.000000 0.000000
2311.213623 0.000000 2015.153198 0.000000 0.165282 0.000000 0.986246 0.000000 0.000000 0.000000
2465.210205 0.000000 1965.342041 0.000000 0.492581 0.000000 0.870267 0.000000 0.000000 0.000000
2482.842529 0.000000 1938.338745 0.000000 0.294086 0.000000 0.955779 0.000000 0.000000 0.000000
2453.208252 0.000000 1960.348022 0.000000 0.758149 0.000000 0.652081 0.000000 0.000000 0.000000
2456.572266 0.000000 1959.933105 0.000000 0.186580 0.000000 0.982440 0.000000 0.000000 0.000000
2451.991699 0.000000 1953.696289 0.000000 0.002570 0.000000 0.999997 0.000000 0.000000 0.000000
2237.292725 0.000000 2045.996460 0.000000 0.332190 0.000000 0.943212 0.000000 0.000000 0.000000
2271.825928 0.000000 2041.559937 0.000000 0.313206 0.000000 0.949685 0.000000 0.000000 0.000000
"}
object={
	name="latin_dynamic_farmland_objects_generator_1_1"
	clamp_to_water_level=no
	render_under_water=no
	generated_content=yes
	layer="farms_dynamic"
	pdxmesh="latin_farm_scatter_01_mesh"
	count=1748
	transform="2541.516602 0.000000 127.702057 0.000000 0.992208 0.000000 0.124590 0.000000 0.000000 0.000000
2531.764893 0.000000 138.815994 0.000000 0.949466 0.000000 0.313869 0.000000 0.000000 0.000000
2534.889160 0.000000 136.408371 0.000000 0.906397 0.000000 0.422426 0.000000 0.000000 0.000000
2549.013428 0.000000 147.615082 0.000000 0.982619 0.000000 0.185636 0.000000 0.000000 0.000000
2525.530273 0.000000 140.261108 0.000000 0.990713 0.000000 -0.135968 0.000000 0.000000 0.000000
2547.634277 0.000000 155.696625 0.000000 0.999821 0.000000 0.018938 0.000000 0.000000 0.000000
2554.028564 0.000000 126.067345 0.000000 0.998651 0.000000 0.051934 0.000000 0.000000 0.000000
2537.065186 0.000000 164.674332 0.000000 0.981557 0.000000 0.191168 0.000000 0.000000 0.000000
2521.680908 0.000000 146.746216 0.000000 0.814776 0.000000 0.579776 0.000000 0.000000 0.000000
2524.947998 0.000000 143.040588 0.000000 0.998919 0.000000 -0.046493 0.000000 0.000000 0.000000
2472.832275 0.000000 172.954285 0.000000 0.939349 0.000000 0.342962 0.000000 0.000000 0.000000
2468.276123 0.000000 202.699875 0.000000 0.969343 0.000000 -0.245712 0.000000 0.000000 0.000000
2448.971924 0.000000 218.630157 0.000000 0.996740 0.000000 -0.080684 0.000000 0.000000 0.000000
2473.967773 0.000000 199.271057 0.000000 0.938323 0.000000 0.345759 0.000000 0.000000 0.000000
2485.519043 0.000000 196.078537 0.000000 0.891499 0.000000 0.453023 0.000000 0.000000 0.000000
2497.319092 0.000000 208.341522 0.000000 0.899885 0.000000 0.436128 0.000000 0.000000 0.000000
2516.569336 0.000000 174.839584 0.000000 0.987949 0.000000 0.154777 0.000000 0.000000 0.000000
2497.017578 0.000000 196.146179 0.000000 0.996448 0.000000 0.084216 0.000000 0.000000 0.000000
2519.491943 0.000000 170.084641 0.000000 0.915020 0.000000 0.403408 0.000000 0.000000 0.000000
2505.063721 0.000000 199.915115 0.000000 0.926533 0.000000 0.376214 0.000000 0.000000 0.000000
2528.426758 0.000000 181.890930 0.000000 0.985684 0.000000 -0.168603 0.000000 0.000000 0.000000
2524.431641 0.000000 176.960968 0.000000 0.998922 0.000000 0.046416 0.000000 0.000000 0.000000
2522.987305 0.000000 169.541931 0.000000 0.881919 0.000000 0.471400 0.000000 0.000000 0.000000
2526.961914 0.000000 170.414444 0.000000 0.976121 0.000000 0.217227 0.000000 0.000000 0.000000
2534.231201 0.000000 264.466553 0.000000 0.996809 0.000000 0.079821 0.000000 0.000000 0.000000
2543.868652 0.000000 274.348450 0.000000 0.995569 0.000000 -0.094033 0.000000 0.000000 0.000000
2487.637939 0.000000 298.165344 0.000000 0.874807 0.000000 0.484472 0.000000 0.000000 0.000000
2462.530029 0.000000 305.881927 0.000000 0.971209 0.000000 -0.238228 0.000000 0.000000 0.000000
2457.237549 0.000000 288.580780 0.000000 0.853908 0.000000 0.520424 0.000000 0.000000 0.000000
2464.617920 0.000000 285.787476 0.000000 0.840913 0.000000 0.541171 0.000000 0.000000 0.000000
2479.663086 0.000000 292.433777 0.000000 0.999653 0.000000 -0.026330 0.000000 0.000000 0.000000
2472.974609 0.000000 293.943451 0.000000 0.919905 0.000000 0.392142 0.000000 0.000000 0.000000
2480.918701 0.000000 297.408051 0.000000 0.999843 0.000000 -0.017724 0.000000 0.000000 0.000000
2545.519043 0.000000 288.751495 0.000000 0.970094 0.000000 0.242728 0.000000 0.000000 0.000000
2431.957764 0.000000 416.289612 0.000000 0.995560 0.000000 0.094134 0.000000 0.000000 0.000000
2470.231201 0.000000 377.435303 0.000000 0.956681 0.000000 0.291137 0.000000 0.000000 0.000000
2481.272949 0.000000 372.531189 0.000000 0.941839 0.000000 0.336063 0.000000 0.000000 0.000000
2463.758545 0.000000 369.065887 0.000000 0.860516 0.000000 0.509424 0.000000 0.000000 0.000000
2464.617920 0.000000 342.271851 0.000000 0.971958 0.000000 -0.235153 1.000000 1.000000 1.000000
2467.104248 0.000000 347.448364 0.000000 0.990626 0.000000 0.136602 0.000000 0.000000 0.000000
2555.981689 0.000000 394.125488 0.000000 0.921823 0.000000 0.387610 0.000000 0.000000 0.000000
2554.385010 0.000000 397.982666 0.000000 0.831979 0.000000 0.554807 0.000000 0.000000 0.000000
2562.500488 0.000000 132.712814 0.000000 0.956509 0.000000 0.291704 0.000000 0.000000 0.000000
2563.820801 0.000000 126.774132 0.000000 0.988874 0.000000 -0.148753 0.000000 0.000000 0.000000
2564.032471 0.000000 314.033478 0.000000 0.999877 0.000000 -0.015673 0.000000 0.000000 0.000000
2574.875732 0.000000 327.183899 0.000000 0.992245 0.000000 0.124294 0.000000 0.000000 0.000000
2563.505127 0.000000 325.848022 0.000000 0.996978 0.000000 0.077682 0.000000 0.000000 0.000000
2577.939453 0.000000 324.217468 0.000000 0.887039 0.000000 0.461694 0.000000 0.000000 0.000000
2574.220459 0.000000 355.987152 0.000000 0.896342 0.000000 0.443364 0.000000 0.000000 0.000000
2596.276123 0.000000 428.637390 0.000000 0.997949 0.000000 0.064016 0.000000 0.000000 0.000000
2595.666992 0.000000 431.876862 0.000000 0.997134 0.000000 -0.075654 0.000000 0.000000 0.000000
2424.065674 0.000000 533.721985 0.000000 0.972738 0.000000 0.231906 0.000000 0.000000 0.000000
2431.957764 0.000000 529.258362 0.000000 0.823617 0.000000 0.567147 0.000000 0.000000 0.000000
2429.212891 0.000000 533.751160 0.000000 0.882850 0.000000 0.469656 1.000000 1.000000 1.000000
2427.100830 0.000000 518.452087 0.000000 0.995422 0.000000 0.095580 0.000000 0.000000 0.000000
2426.504395 0.000000 532.118225 0.000000 0.976355 0.000000 -0.216172 0.000000 0.000000 0.000000
2480.205322 0.000000 508.333740 0.000000 0.916347 0.000000 0.400385 0.000000 0.000000 0.000000
2439.671631 0.000000 476.731567 0.000000 0.833140 0.000000 0.553062 0.000000 0.000000 0.000000
2448.971924 0.000000 501.052032 0.000000 0.987511 0.000000 -0.157547 0.000000 0.000000 0.000000
2489.384521 0.000000 508.126740 0.000000 0.901916 0.000000 0.431911 0.000000 0.000000 0.000000
2444.978516 0.000000 509.095367 0.000000 0.971714 0.000000 0.236163 0.000000 0.000000 0.000000
2434.500488 0.000000 528.103455 0.000000 0.974520 0.000000 -0.224300 0.000000 0.000000 0.000000
2486.816650 0.000000 509.610168 0.000000 0.987966 0.000000 -0.154672 0.000000 0.000000 0.000000
2446.220459 0.000000 525.440308 0.000000 0.996558 0.000000 -0.082902 0.000000 0.000000 0.000000
2443.786377 0.000000 513.412292 0.000000 0.990260 0.000000 0.139231 0.000000 0.000000 0.000000
2490.385010 0.000000 510.951416 0.000000 0.842858 0.000000 0.538136 1.000000 1.000000 1.000000
2446.604980 0.000000 555.936340 0.000000 0.998158 0.000000 -0.060661 0.000000 0.000000 0.000000
2522.979736 0.000000 550.192200 0.000000 0.998344 0.000000 -0.057532 0.000000 0.000000 0.000000
2505.203857 0.000000 544.060181 0.000000 0.975038 0.000000 0.222039 0.000000 0.000000 0.000000
2498.356934 0.000000 513.257568 0.000000 0.928715 0.000000 0.370794 1.000000 1.000000 1.000000
2525.423096 0.000000 546.911194 0.000000 0.969940 0.000000 0.243344 1.000000 1.000000 1.000000
2496.042236 0.000000 508.366699 0.000000 0.829503 0.000000 0.558502 1.000000 1.000000 1.000000
2441.400879 0.000000 580.962891 0.000000 0.961219 0.000000 0.275785 0.000000 0.000000 0.000000
2436.755371 0.000000 592.716431 0.000000 0.986485 0.000000 0.163854 1.000000 1.000000 1.000000
2438.724365 0.000000 598.351257 0.000000 0.973384 0.000000 -0.229181 0.000000 0.000000 0.000000
2452.094971 0.000000 580.244629 0.000000 0.847912 0.000000 0.530137 0.000000 0.000000 0.000000
2446.979980 0.000000 589.683899 0.000000 0.981547 0.000000 0.191219 1.000000 1.000000 1.000000
2453.235596 0.000000 584.704834 0.000000 0.994750 0.000000 -0.102339 1.000000 1.000000 1.000000
2451.771729 0.000000 643.953552 0.000000 0.868071 0.000000 0.496441 0.000000 0.000000 0.000000
2483.214111 0.000000 724.069702 0.000000 0.868253 0.000000 0.496121 0.000000 0.000000 0.000000
2473.656006 0.000000 717.922241 0.000000 0.982904 0.000000 -0.184121 0.000000 0.000000 0.000000
2473.385498 0.000000 767.215027 0.000000 0.979894 0.000000 -0.199517 0.000000 0.000000 0.000000
2470.346680 0.000000 788.554565 0.000000 0.875103 0.000000 0.483937 0.000000 0.000000 0.000000
2476.083252 0.000000 810.842224 0.000000 0.898548 0.000000 0.438876 0.000000 0.000000 0.000000
2479.145508 0.000000 808.929077 0.000000 0.934316 0.000000 0.356445 0.000000 0.000000 0.000000
2479.917480 0.000000 827.563293 0.000000 0.971369 0.000000 0.237575 0.000000 0.000000 0.000000
2474.835938 0.000000 796.787537 0.000000 0.891839 0.000000 0.452352 1.000000 1.000000 1.000000
2610.798096 0.000000 488.556183 0.000000 0.990043 0.000000 0.140765 1.000000 1.000000 1.000000
2605.516602 0.000000 523.092651 0.000000 0.999880 0.000000 -0.015498 0.000000 0.000000 0.000000
2601.563477 0.000000 534.850403 0.000000 0.987520 0.000000 -0.157493 0.000000 0.000000 0.000000
2607.537109 0.000000 535.487854 0.000000 0.994585 0.000000 0.103922 1.000000 1.000000 1.000000
2604.194824 0.000000 520.436768 0.000000 0.998027 0.000000 -0.062780 0.000000 0.000000 0.000000
2647.890625 0.000000 527.417053 0.000000 0.977949 0.000000 -0.208844 0.000000 0.000000 0.000000
2682.631836 0.000000 599.980164 0.000000 0.992634 0.000000 0.121154 1.000000 1.000000 1.000000
2618.807129 0.000000 627.982666 0.000000 0.977990 0.000000 -0.208653 0.000000 0.000000 0.000000
2620.832764 0.000000 653.649902 0.000000 0.950077 0.000000 0.312015 0.000000 0.000000 0.000000
2618.462158 0.000000 638.398193 0.000000 0.823920 0.000000 0.566706 1.000000 1.000000 1.000000
2621.032959 0.000000 643.516174 0.000000 0.985409 0.000000 0.170204 1.000000 1.000000 1.000000
2635.487061 0.000000 629.887756 0.000000 0.982868 0.000000 -0.184311 1.000000 1.000000 1.000000
2632.667480 0.000000 626.107361 0.000000 0.954542 0.000000 0.298077 1.000000 1.000000 1.000000
2633.604492 0.000000 648.782532 0.000000 0.997659 0.000000 0.068381 1.000000 1.000000 1.000000
2641.664795 0.000000 627.984131 0.000000 0.884560 0.000000 0.466426 0.000000 0.000000 0.000000
2637.099609 0.000000 641.104736 0.000000 0.910707 0.000000 0.413054 1.000000 1.000000 1.000000
2749.212891 0.000000 590.235535 0.000000 0.967757 0.000000 0.251887 0.000000 0.000000 0.000000
2702.220459 0.000000 581.924683 0.000000 0.998892 0.000000 -0.047065 0.000000 0.000000 0.000000
2698.351318 0.000000 585.722717 0.000000 0.954866 0.000000 0.297036 0.000000 0.000000 0.000000
2774.477783 0.000000 599.737061 0.000000 0.845657 0.000000 0.533727 0.000000 0.000000 0.000000
2765.507080 0.000000 600.658203 0.000000 0.994604 0.000000 0.103749 0.000000 0.000000 0.000000
2736.205322 0.000000 677.786865 0.000000 0.828461 0.000000 0.560047 0.000000 0.000000 0.000000
2722.015137 0.000000 641.823669 0.000000 0.992086 0.000000 -0.125562 0.000000 0.000000 0.000000
2750.419189 0.000000 663.475403 0.000000 0.883544 0.000000 0.468349 0.000000 0.000000 0.000000
2746.385010 0.000000 623.920166 0.000000 0.991428 0.000000 -0.130657 0.000000 0.000000 0.000000
2729.677002 0.000000 639.395142 0.000000 0.986389 0.000000 -0.164428 0.000000 0.000000 0.000000
2732.194824 0.000000 633.405518 0.000000 0.979732 0.000000 -0.200314 1.000000 1.000000 1.000000
2726.337891 0.000000 635.064270 0.000000 0.906110 0.000000 0.423043 1.000000 1.000000 1.000000
2724.029297 0.000000 639.880920 0.000000 0.989228 0.000000 -0.146383 1.000000 1.000000 1.000000
2766.007324 0.000000 652.218323 0.000000 0.804341 0.000000 0.594168 0.000000 0.000000 0.000000
2761.278076 0.000000 671.411682 0.000000 0.987272 0.000000 0.159043 0.000000 0.000000 0.000000
2793.677002 0.000000 639.395142 0.000000 0.975753 0.000000 -0.218875 0.000000 0.000000 0.000000
2788.575195 0.000000 623.717102 0.000000 0.984750 0.000000 -0.173978 0.000000 0.000000 0.000000
2578.579102 0.000000 733.001404 0.000000 0.948086 0.000000 0.318015 0.000000 0.000000 0.000000
2584.572266 0.000000 717.276855 0.000000 0.983560 0.000000 0.180580 1.000000 1.000000 1.000000
2593.099609 0.000000 711.762207 0.000000 0.852041 0.000000 0.523474 0.000000 0.000000 0.000000
2583.191895 0.000000 723.703125 0.000000 0.942825 0.000000 0.333288 1.000000 1.000000 1.000000
2652.380127 0.000000 732.662842 0.000000 0.989259 0.000000 0.146176 0.000000 0.000000 0.000000
2669.516602 0.000000 749.030151 0.000000 0.971335 0.000000 -0.237713 0.000000 0.000000 0.000000
2642.230469 0.000000 772.332397 0.000000 0.983312 0.000000 0.181929 0.000000 0.000000 0.000000
2683.100830 0.000000 744.389587 0.000000 0.991137 0.000000 0.132844 0.000000 0.000000 0.000000
2632.667480 0.000000 739.076111 0.000000 0.970468 0.000000 -0.241228 1.000000 1.000000 1.000000
2685.032959 0.000000 756.484924 0.000000 0.850999 0.000000 0.525168 0.000000 0.000000 0.000000
2746.544434 0.000000 718.235596 0.000000 0.999990 0.000000 0.004389 0.000000 0.000000 0.000000
2706.127686 0.000000 691.088562 0.000000 0.999354 0.000000 -0.035951 0.000000 0.000000 0.000000
2725.982422 0.000000 728.074280 0.000000 0.968754 0.000000 0.248022 0.000000 0.000000 0.000000
2737.272949 0.000000 711.437439 0.000000 0.920615 0.000000 0.390472 0.000000 0.000000 0.000000
2735.868652 0.000000 726.223450 0.000000 0.970957 0.000000 0.239254 0.000000 0.000000 0.000000
2717.530273 0.000000 705.104858 0.000000 0.993850 0.000000 0.110739 0.000000 0.000000 0.000000
2699.406250 0.000000 710.883301 0.000000 0.853068 0.000000 0.521800 0.000000 0.000000 0.000000
2721.099609 0.000000 711.762207 0.000000 0.974842 0.000000 -0.222895 1.000000 1.000000 1.000000
2697.278076 0.000000 727.896057 0.000000 0.995890 0.000000 -0.090568 0.000000 0.000000 0.000000
2747.100830 0.000000 687.905212 0.000000 0.975314 0.000000 -0.220822 0.000000 0.000000 0.000000
2717.423096 0.000000 716.364319 0.000000 0.985951 0.000000 -0.167034 1.000000 1.000000 1.000000
2739.016113 0.000000 698.663635 0.000000 0.926761 0.000000 0.375651 1.000000 1.000000 1.000000
2746.504395 0.000000 701.571350 0.000000 0.885090 0.000000 0.465419 1.000000 1.000000 1.000000
2691.820801 0.000000 691.617859 0.000000 0.915856 0.000000 0.401507 0.000000 0.000000 0.000000
2741.519043 0.000000 704.437927 0.000000 0.988579 0.000000 0.150706 1.000000 1.000000 1.000000
2704.244385 0.000000 707.010315 0.000000 0.894774 0.000000 0.446520 0.000000 0.000000 0.000000
2772.968506 0.000000 729.937622 0.000000 0.999807 0.000000 0.019627 0.000000 0.000000 0.000000
2761.203857 0.000000 713.513306 0.000000 0.975366 0.000000 -0.220592 0.000000 0.000000 0.000000
2793.385498 0.000000 710.730652 0.000000 0.990273 0.000000 0.139142 0.000000 0.000000 0.000000
2763.929443 0.000000 689.818359 0.000000 0.998115 0.000000 0.061369 0.000000 0.000000 0.000000
2756.763672 0.000000 714.004700 0.000000 0.879738 0.000000 0.475458 0.000000 0.000000 0.000000
2770.230469 0.000000 715.848022 0.000000 0.999072 0.000000 -0.043063 0.000000 0.000000 0.000000
2777.680908 0.000000 711.589966 0.000000 0.963133 0.000000 -0.269024 0.000000 0.000000 0.000000
2786.857422 0.000000 706.941406 0.000000 0.965410 0.000000 -0.260735 0.000000 0.000000 0.000000
2777.661133 0.000000 680.878723 0.000000 0.914582 0.000000 0.404401 0.000000 0.000000 0.000000
2758.508057 0.000000 729.903625 0.000000 0.964328 0.000000 0.264710 0.000000 0.000000 0.000000
2763.487061 0.000000 686.372131 0.000000 0.895949 0.000000 0.444156 0.000000 0.000000 0.000000
2803.016113 0.000000 698.663635 0.000000 0.992291 0.000000 0.123927 0.000000 0.000000 0.000000
2759.437256 0.000000 732.856140 0.000000 0.992998 0.000000 -0.118129 0.000000 0.000000 0.000000
2716.793701 0.000000 737.138672 0.000000 0.990724 0.000000 0.135889 0.000000 0.000000 0.000000
2735.722412 0.000000 778.616516 0.000000 0.999532 0.000000 -0.030599 0.000000 0.000000 0.000000
2719.758545 0.000000 764.456482 0.000000 0.927807 0.000000 0.373062 0.000000 0.000000 0.000000
2710.477783 0.000000 769.190186 0.000000 0.912936 0.000000 0.408102 0.000000 0.000000 0.000000
2732.760498 0.000000 772.802002 0.000000 0.907949 0.000000 0.419082 0.000000 0.000000 0.000000
2747.100830 0.000000 744.389587 0.000000 0.855211 0.000000 0.518280 1.000000 1.000000 1.000000
2697.084717 0.000000 745.114746 0.000000 0.904920 0.000000 0.425581 0.000000 0.000000 0.000000
2688.936035 0.000000 756.906433 0.000000 0.861545 0.000000 0.507682 1.000000 1.000000 1.000000
2691.820801 0.000000 748.102234 0.000000 0.999693 0.000000 -0.024779 1.000000 1.000000 1.000000
2726.337891 0.000000 748.033020 0.000000 0.999372 0.000000 0.035429 1.000000 1.000000 1.000000
2778.979736 0.000000 776.129700 0.000000 0.883177 0.000000 0.469040 0.000000 0.000000 0.000000
2782.060547 0.000000 782.451782 0.000000 0.999791 0.000000 0.020441 0.000000 0.000000 0.000000
2779.131592 0.000000 750.418030 0.000000 0.987895 0.000000 -0.155123 0.000000 0.000000 0.000000
2785.099609 0.000000 768.246582 0.000000 0.945257 0.000000 0.326327 0.000000 0.000000 0.000000
2755.510986 0.000000 781.224854 0.000000 0.995896 0.000000 -0.090507 0.000000 0.000000 0.000000
2793.677002 0.000000 752.363892 0.000000 0.985941 0.000000 -0.167097 1.000000 1.000000 1.000000
2790.581055 0.000000 769.421326 0.000000 0.900926 0.000000 0.433973 0.000000 0.000000 0.000000
2788.759766 0.000000 755.673096 0.000000 0.942293 0.000000 0.334788 1.000000 1.000000 1.000000
2664.832275 0.000000 794.282410 0.000000 0.963405 0.000000 -0.268049 0.000000 0.000000 0.000000
2647.890625 0.000000 809.838928 0.000000 0.997157 0.000000 -0.075355 0.000000 0.000000 0.000000
2655.825928 0.000000 798.903625 0.000000 0.946838 0.000000 0.321710 0.000000 0.000000 0.000000
2677.861084 0.000000 838.847717 0.000000 0.880626 0.000000 0.473813 0.000000 0.000000 0.000000
2653.958740 0.000000 800.981567 0.000000 0.917822 0.000000 0.396993 1.000000 1.000000 1.000000
2604.662354 0.000000 897.845825 0.000000 0.984019 0.000000 -0.178064 0.000000 0.000000 0.000000
2605.311035 0.000000 881.615540 0.000000 0.812510 0.000000 0.582947 0.000000 0.000000 0.000000
2602.288330 0.000000 870.413452 0.000000 0.975198 0.000000 -0.221334 0.000000 0.000000 0.000000
2682.807129 0.000000 853.920166 0.000000 0.998618 0.000000 0.052555 0.000000 0.000000 0.000000
2636.552734 0.000000 873.459656 0.000000 0.999686 0.000000 0.025049 0.000000 0.000000 0.000000
2650.709961 0.000000 884.305542 0.000000 0.947428 0.000000 0.319969 0.000000 0.000000 0.000000
2679.062500 0.000000 898.283081 0.000000 0.817993 0.000000 0.575229 0.000000 0.000000 0.000000
2636.083740 0.000000 892.779480 0.000000 0.966284 0.000000 -0.257477 0.000000 0.000000 0.000000
2709.705078 0.000000 817.648926 0.000000 0.999990 0.000000 -0.004399 0.000000 0.000000 0.000000
2705.256836 0.000000 825.496094 0.000000 0.990540 0.000000 -0.137222 0.000000 0.000000 0.000000
2694.424561 0.000000 811.141418 0.000000 0.864596 0.000000 0.502467 0.000000 0.000000 0.000000
2713.917236 0.000000 835.547424 0.000000 0.987446 0.000000 0.157958 1.000000 1.000000 1.000000
2704.939697 0.000000 806.709900 0.000000 0.964066 0.000000 0.265661 0.000000 0.000000 0.000000
2704.186279 0.000000 809.932495 0.000000 0.966534 0.000000 -0.256540 0.000000 0.000000 0.000000
2753.319092 0.000000 829.669678 0.000000 0.840148 0.000000 0.542358 0.000000 0.000000 0.000000
2764.457520 0.000000 842.557190 0.000000 0.838254 0.000000 0.545280 0.000000 0.000000 0.000000
2764.112305 0.000000 805.687988 0.000000 0.916036 0.000000 0.401095 0.000000 0.000000 0.000000
2759.213623 0.000000 828.981323 0.000000 0.984220 0.000000 -0.176951 1.000000 1.000000 1.000000
2705.939453 0.000000 889.061218 0.000000 0.898860 0.000000 0.438236 0.000000 0.000000 0.000000
2694.508057 0.000000 899.356750 0.000000 0.845801 0.000000 0.533499 1.000000 1.000000 1.000000
2748.832764 0.000000 879.587402 0.000000 0.884266 0.000000 0.466983 0.000000 0.000000 0.000000
2697.278076 0.000000 897.349182 0.000000 0.887296 0.000000 0.461199 1.000000 1.000000 1.000000
2699.487061 0.000000 855.825256 0.000000 0.961988 0.000000 -0.273091 1.000000 1.000000 1.000000
2690.356934 0.000000 852.163818 0.000000 0.890360 0.000000 0.455257 1.000000 1.000000 1.000000
2718.952637 0.000000 866.777954 0.000000 0.926800 0.000000 0.375554 0.000000 0.000000 0.000000
2704.244385 0.000000 876.463440 0.000000 0.991850 0.000000 0.127408 1.000000 1.000000 1.000000
2759.671631 0.000000 872.122192 0.000000 0.992675 0.000000 0.120817 0.000000 0.000000 0.000000
2754.500488 0.000000 867.009705 0.000000 0.899824 0.000000 0.436254 0.000000 0.000000 0.000000
2797.433838 0.000000 876.994873 0.000000 0.995979 0.000000 0.089590 0.000000 0.000000 0.000000
2752.009766 0.000000 889.458130 0.000000 0.912990 0.000000 0.407982 0.000000 0.000000 0.000000
2764.457520 0.000000 899.041565 0.000000 0.849776 0.000000 0.527144 0.000000 0.000000 0.000000
2811.100830 0.000000 857.358337 0.000000 0.979349 0.000000 0.202177 0.000000 0.000000 0.000000
2762.072266 0.000000 903.437622 0.000000 0.866264 0.000000 0.499586 0.000000 0.000000 0.000000
2765.099609 0.000000 867.042236 0.000000 0.995220 0.000000 0.097656 0.000000 0.000000 0.000000
2809.384521 0.000000 903.517395 0.000000 0.990142 0.000000 0.140068 0.000000 0.000000 0.000000
2768.939697 0.000000 863.194275 0.000000 0.907334 0.000000 0.420411 1.000000 1.000000 1.000000
2817.451416 0.000000 689.988159 0.000000 0.877198 0.000000 0.480129 0.000000 0.000000 0.000000
2842.122314 0.000000 688.620911 0.000000 0.992585 0.000000 -0.121554 0.000000 0.000000 0.000000
2857.385498 0.000000 710.730652 0.000000 0.992188 0.000000 0.124756 0.000000 0.000000 0.000000
2838.937256 0.000000 692.239868 0.000000 0.992510 0.000000 -0.122160 0.000000 0.000000 0.000000
2816.513916 0.000000 693.893372 0.000000 0.999820 0.000000 0.018964 0.000000 0.000000 0.000000
2829.099609 0.000000 697.589111 0.000000 0.888284 0.000000 0.459295 0.000000 0.000000 0.000000
2844.380127 0.000000 732.662842 0.000000 0.998740 0.000000 -0.050184 1.000000 1.000000 1.000000
2828.083740 0.000000 723.326355 0.000000 1.000000 0.000000 0.000618 0.000000 0.000000 0.000000
2846.952637 0.000000 697.324829 0.000000 0.982059 0.000000 0.188572 1.000000 1.000000 1.000000
2858.835938 0.000000 740.303162 0.000000 0.947297 0.000000 0.320356 1.000000 1.000000 1.000000
2875.100830 0.000000 744.389587 0.000000 0.962624 0.000000 0.270843 1.000000 1.000000 1.000000
2860.352051 0.000000 751.557983 0.000000 0.987430 0.000000 -0.158057 0.000000 0.000000 0.000000
2885.119141 0.000000 750.731079 0.000000 0.984101 0.000000 0.177610 0.000000 0.000000 0.000000
2892.457520 0.000000 786.072815 0.000000 0.824679 0.000000 0.565601 1.000000 1.000000 1.000000
2886.508057 0.000000 786.388000 0.000000 0.976563 0.000000 -0.215230 0.000000 0.000000 0.000000
2899.991699 0.000000 767.524353 0.000000 0.990475 0.000000 -0.137692 0.000000 0.000000 0.000000
2879.957764 0.000000 811.680237 0.000000 0.918257 0.000000 0.395984 1.000000 1.000000 1.000000
2816.255127 0.000000 837.922119 0.000000 0.866096 0.000000 0.499878 0.000000 0.000000 0.000000
2825.640869 0.000000 843.969116 0.000000 0.942754 0.000000 0.333489 0.000000 0.000000 0.000000
2842.709961 0.000000 827.821167 0.000000 0.999946 0.000000 0.010432 0.000000 0.000000 0.000000
2858.835938 0.000000 796.787537 0.000000 0.902999 0.000000 0.429642 1.000000 1.000000 1.000000
2874.462158 0.000000 807.851318 0.000000 0.998953 0.000000 0.045745 1.000000 1.000000 1.000000
2867.016113 0.000000 811.632385 0.000000 0.999734 0.000000 0.023070 0.000000 0.000000 0.000000
2877.032959 0.000000 812.969299 0.000000 0.999088 0.000000 0.042708 0.000000 0.000000 0.000000
2846.608887 0.000000 796.320923 0.000000 0.999033 0.000000 -0.043968 1.000000 1.000000 1.000000
2830.604980 0.000000 838.358215 0.000000 0.850158 0.000000 0.526527 0.000000 0.000000 0.000000
2931.456055 0.000000 841.069519 0.000000 0.999996 0.000000 0.002950 0.000000 0.000000 0.000000
2889.604492 0.000000 818.235657 0.000000 0.840552 0.000000 0.541732 1.000000 1.000000 1.000000
2880.936035 0.000000 813.390808 0.000000 0.989450 0.000000 0.144873 0.000000 0.000000 0.000000
2916.575195 0.000000 793.170227 0.000000 0.996559 0.000000 0.082882 1.000000 1.000000 1.000000
2823.671631 0.000000 872.122192 0.000000 0.983642 0.000000 -0.180137 0.000000 0.000000 0.000000
2872.551025 0.000000 880.124817 0.000000 0.810060 0.000000 0.586347 0.000000 0.000000 0.000000
2834.817383 0.000000 877.709534 0.000000 0.991471 0.000000 0.130325 0.000000 0.000000 0.000000
2856.015625 0.000000 854.894226 0.000000 0.885632 0.000000 0.464389 1.000000 1.000000 1.000000
2910.530029 0.000000 870.725708 0.000000 0.915658 0.000000 0.401957 0.000000 0.000000 0.000000
2930.585205 0.000000 875.159851 0.000000 0.973709 0.000000 -0.227795 0.000000 0.000000 0.000000
2925.433838 0.000000 876.994873 0.000000 0.996929 0.000000 0.078307 0.000000 0.000000 0.000000
2918.535645 0.000000 876.773743 0.000000 0.926679 0.000000 0.375853 0.000000 0.000000 0.000000
2928.580566 0.000000 877.706360 0.000000 0.989422 0.000000 0.145065 0.000000 0.000000 0.000000
2930.798096 0.000000 883.946777 0.000000 0.964138 0.000000 0.265401 1.000000 1.000000 1.000000
2953.604492 0.000000 818.235657 0.000000 0.923921 0.000000 0.382583 0.000000 0.000000 0.000000
2944.936035 0.000000 813.390808 0.000000 0.998483 0.000000 0.055067 0.000000 0.000000 0.000000
2966.937256 0.000000 861.692993 0.000000 0.942804 0.000000 0.333349 0.000000 0.000000 0.000000
2985.677002 0.000000 865.332642 0.000000 0.981905 0.000000 -0.189373 0.000000 0.000000 0.000000
2969.706787 0.000000 860.904968 0.000000 0.999149 0.000000 -0.041243 1.000000 1.000000 1.000000
2503.979980 0.000000 1002.369690 0.000000 0.991673 0.000000 0.128785 0.000000 0.000000 0.000000
2508.978516 0.000000 1017.454712 0.000000 0.963238 0.000000 -0.268648 0.000000 0.000000 0.000000
2504.407471 0.000000 1024.531128 0.000000 0.992701 0.000000 0.120605 0.000000 0.000000 0.000000
2505.203857 0.000000 1052.419556 0.000000 0.940776 0.000000 0.339028 0.000000 0.000000 0.000000
2507.929443 0.000000 1028.724609 0.000000 0.841736 0.000000 0.539890 0.000000 0.000000 0.000000
2505.866211 0.000000 1055.791138 0.000000 0.941303 0.000000 0.337562 0.000000 0.000000 0.000000
2503.437256 0.000000 1071.762329 0.000000 0.970382 0.000000 0.241576 0.000000 0.000000 0.000000
2493.212891 0.000000 1098.594849 0.000000 0.928744 0.000000 0.370721 0.000000 0.000000 0.000000
2486.382080 0.000000 1102.530762 0.000000 0.844203 0.000000 0.536023 0.000000 0.000000 0.000000
2480.647949 0.000000 1113.678833 0.000000 0.907483 0.000000 0.420090 0.000000 0.000000 0.000000
2482.798096 0.000000 1109.884277 0.000000 0.990750 0.000000 0.135698 0.000000 0.000000 0.000000
2496.936035 0.000000 1095.812622 0.000000 0.848632 0.000000 0.528984 0.000000 0.000000 0.000000
2303.487305 0.000000 1329.368286 0.000000 0.996508 0.000000 0.083495 0.000000 0.000000 0.000000
2284.662354 0.000000 1349.720825 0.000000 0.945475 0.000000 0.325694 0.000000 0.000000 0.000000
2300.832764 0.000000 1331.462402 0.000000 0.848111 0.000000 0.529819 0.000000 0.000000 0.000000
2394.073975 0.000000 1160.203979 0.000000 0.971197 0.000000 0.238277 0.000000 0.000000 0.000000
2375.914795 0.000000 1188.008789 0.000000 0.822066 0.000000 0.569392 0.000000 0.000000 0.000000
2372.048096 0.000000 1194.521973 0.000000 0.805532 0.000000 0.592552 0.000000 0.000000 0.000000
2452.089355 0.000000 1174.504395 0.000000 0.960443 0.000000 0.278478 0.000000 0.000000 0.000000
2455.371094 0.000000 1172.701416 0.000000 0.949721 0.000000 0.313099 0.000000 0.000000 0.000000
2453.934570 0.000000 1184.499512 0.000000 0.988675 0.000000 -0.150071 1.000000 1.000000 1.000000
2479.722412 0.000000 1230.491577 0.000000 0.998209 0.000000 0.059822 0.000000 0.000000 0.000000
2519.293701 0.000000 1209.736694 0.000000 0.940194 0.000000 0.340638 0.000000 0.000000 0.000000
2543.537109 0.000000 1213.300293 0.000000 0.998282 0.000000 -0.058584 1.000000 1.000000 1.000000
2499.510986 0.000000 1233.099854 0.000000 0.900863 0.000000 0.434104 0.000000 0.000000 0.000000
2554.462158 0.000000 1203.241943 0.000000 0.981737 0.000000 0.190241 0.000000 0.000000 0.000000
2360.065674 0.000000 1268.018799 0.000000 0.828336 0.000000 0.560232 0.000000 0.000000 0.000000
2393.505615 0.000000 1296.427979 0.000000 0.999382 0.000000 -0.035159 0.000000 0.000000 0.000000
2351.145508 0.000000 1317.288452 0.000000 0.976311 0.000000 -0.216372 0.000000 0.000000 0.000000
2416.205322 0.000000 1355.599365 0.000000 0.930870 0.000000 0.365350 0.000000 0.000000 0.000000
2429.248291 0.000000 1345.142700 0.000000 0.998544 0.000000 0.053949 0.000000 0.000000 0.000000
2394.709961 0.000000 1336.180542 0.000000 0.893526 0.000000 0.449012 0.000000 0.000000 0.000000
2427.981689 0.000000 1354.359863 0.000000 0.986820 0.000000 -0.161819 0.000000 0.000000 0.000000
2409.967773 0.000000 1328.958496 0.000000 0.997553 0.000000 0.069907 0.000000 0.000000 0.000000
2427.100830 0.000000 1309.233398 0.000000 0.861878 0.000000 0.507115 1.000000 1.000000 1.000000
2418.798096 0.000000 1335.821777 0.000000 0.970575 0.000000 0.240797 1.000000 1.000000 1.000000
2421.519043 0.000000 1325.765991 0.000000 0.997782 0.000000 -0.066560 1.000000 1.000000 1.000000
2490.544434 0.000000 1283.079346 0.000000 0.989870 0.000000 0.141974 0.000000 0.000000 0.000000
2434.500488 0.000000 1262.400269 0.000000 0.996884 0.000000 -0.078881 0.000000 0.000000 0.000000
2445.507080 0.000000 1278.470703 0.000000 0.979158 0.000000 0.203102 0.000000 0.000000 0.000000
2490.305176 0.000000 1286.637695 0.000000 0.845937 0.000000 0.533283 0.000000 0.000000 0.000000
2438.724365 0.000000 1276.163696 0.000000 0.876885 0.000000 0.480701 0.000000 0.000000 0.000000
2456.572266 0.000000 1282.120605 0.000000 0.886151 0.000000 0.463396 0.000000 0.000000 0.000000
2440.667480 0.000000 1247.435425 0.000000 0.978110 0.000000 -0.208089 0.000000 0.000000 0.000000
2441.604492 0.000000 1270.110596 0.000000 0.993365 0.000000 -0.115003 0.000000 0.000000 0.000000
2451.991699 0.000000 1275.883789 0.000000 0.964411 0.000000 -0.264409 0.000000 0.000000 0.000000
2537.563477 0.000000 1269.147217 0.000000 0.970147 0.000000 -0.242518 0.000000 0.000000 0.000000
2547.456055 0.000000 1292.944458 0.000000 0.984905 0.000000 0.173094 0.000000 0.000000 0.000000
2546.585205 0.000000 1270.550537 0.000000 0.937505 0.000000 0.347971 1.000000 1.000000 1.000000
2530.015137 0.000000 1263.151733 0.000000 0.991420 0.000000 -0.130715 0.000000 0.000000 0.000000
2555.211426 0.000000 1272.274414 0.000000 0.956289 0.000000 0.292424 0.000000 0.000000 0.000000
2550.382080 0.000000 1271.983887 0.000000 0.991044 0.000000 0.133539 1.000000 1.000000 1.000000
2537.967773 0.000000 1272.474121 0.000000 0.799082 0.000000 0.601222 0.000000 0.000000 0.000000
2505.278076 0.000000 1292.739868 0.000000 0.999996 0.000000 0.002691 0.000000 0.000000 0.000000
2505.604492 0.000000 1270.110596 0.000000 0.939206 0.000000 0.343353 0.000000 0.000000 0.000000
2515.991699 0.000000 1275.883789 0.000000 0.814552 0.000000 0.580091 0.000000 0.000000 0.000000
2496.936035 0.000000 1265.265747 0.000000 0.999964 0.000000 0.008485 0.000000 0.000000 0.000000
2532.029297 0.000000 1261.208984 0.000000 0.964769 0.000000 -0.263097 1.000000 1.000000 1.000000
2444.978516 0.000000 1299.876587 0.000000 0.891318 0.000000 0.453379 0.000000 0.000000 0.000000
2446.007324 0.000000 1330.030884 0.000000 0.999860 0.000000 -0.016732 0.000000 0.000000 0.000000
2483.456055 0.000000 1349.428833 0.000000 0.959442 0.000000 0.281905 0.000000 0.000000 0.000000
2465.210205 0.000000 1344.013916 0.000000 0.977869 0.000000 0.209217 0.000000 0.000000 0.000000
2476.662354 0.000000 1349.720825 0.000000 0.951623 0.000000 0.307268 0.000000 0.000000 0.000000
2444.552734 0.000000 1325.334717 0.000000 0.992015 0.000000 -0.126120 0.000000 0.000000 0.000000
2443.929443 0.000000 1311.146484 0.000000 0.973763 0.000000 0.227563 0.000000 0.000000 0.000000
2463.334473 0.000000 1340.126099 0.000000 0.934649 0.000000 0.355573 0.000000 0.000000 0.000000
2447.831299 0.000000 1303.312500 0.000000 0.998747 0.000000 0.050050 0.000000 0.000000 0.000000
2453.235596 0.000000 1319.001709 0.000000 0.999700 0.000000 0.024498 1.000000 1.000000 1.000000
2508.978516 0.000000 1299.876587 0.000000 0.950278 0.000000 0.311404 0.000000 0.000000 0.000000
2516.569336 0.000000 1304.527100 0.000000 0.833002 0.000000 0.553270 0.000000 0.000000 0.000000
2522.122314 0.000000 1309.948975 0.000000 0.858271 0.000000 0.513196 0.000000 0.000000 0.000000
2521.621582 0.000000 1347.015503 0.000000 0.988756 0.000000 -0.149538 0.000000 0.000000 0.000000
2514.283447 0.000000 1300.273315 0.000000 0.942157 0.000000 0.335171 0.000000 0.000000 0.000000
2497.884521 0.000000 1350.193115 0.000000 0.995161 0.000000 -0.098254 0.000000 0.000000 0.000000
2528.617920 0.000000 1302.506226 0.000000 0.804386 0.000000 0.594107 0.000000 0.000000 0.000000
2537.677002 0.000000 1317.207642 0.000000 0.999050 0.000000 -0.043584 0.000000 0.000000 0.000000
2521.917236 0.000000 1343.906860 0.000000 0.964492 0.000000 -0.264112 1.000000 1.000000 1.000000
2503.213623 0.000000 1337.340698 0.000000 0.855219 0.000000 0.518266 1.000000 1.000000 1.000000
2540.352051 0.000000 1316.401733 0.000000 0.993278 0.000000 0.115757 0.000000 0.000000 0.000000
2616.551025 0.000000 936.609192 0.000000 0.974265 0.000000 0.225408 0.000000 0.000000 0.000000
2613.013428 0.000000 938.396362 0.000000 0.963378 0.000000 -0.268147 0.000000 0.000000 0.000000
2645.208252 0.000000 943.629211 0.000000 0.925937 0.000000 0.377677 0.000000 0.000000 0.000000
2630.330566 0.000000 972.331177 0.000000 0.976055 0.000000 0.217525 0.000000 0.000000 0.000000
2651.131592 0.000000 976.355530 0.000000 0.846948 0.000000 0.531676 0.000000 0.000000 0.000000
2628.048096 0.000000 968.584412 0.000000 0.966455 0.000000 -0.256836 0.000000 0.000000 0.000000
2627.837158 0.000000 983.796448 0.000000 0.950948 0.000000 0.309352 0.000000 0.000000 0.000000
2656.448975 0.000000 986.229675 0.000000 0.975573 0.000000 0.219674 1.000000 1.000000 1.000000
2683.100830 0.000000 970.327087 0.000000 0.910745 0.000000 0.412968 0.000000 0.000000 0.000000
2632.667480 0.000000 965.013611 0.000000 0.996615 0.000000 -0.082215 0.000000 0.000000 0.000000
2668.352051 0.000000 977.495483 0.000000 0.909569 0.000000 0.415553 1.000000 1.000000 1.000000
2736.205322 0.000000 960.208740 0.000000 0.862869 0.000000 0.505428 0.000000 0.000000 0.000000
2717.020508 0.000000 916.580383 0.000000 0.840115 0.000000 0.542408 0.000000 0.000000 0.000000
2692.948486 0.000000 903.865051 0.000000 0.865308 0.000000 0.501241 0.000000 0.000000 0.000000
2688.042236 0.000000 903.757324 0.000000 0.970631 0.000000 -0.240573 0.000000 0.000000 0.000000
2701.099609 0.000000 923.526611 0.000000 0.963306 0.000000 0.268407 1.000000 1.000000 1.000000
2713.706787 0.000000 917.389343 0.000000 0.998956 0.000000 -0.045675 1.000000 1.000000 1.000000
2783.453613 0.000000 920.480103 0.000000 0.884332 0.000000 0.466858 0.000000 0.000000 0.000000
2761.084717 0.000000 914.567871 0.000000 0.799389 0.000000 0.600814 1.000000 1.000000 1.000000
2777.917236 0.000000 948.516174 0.000000 0.988670 0.000000 0.150105 1.000000 1.000000 1.000000
2762.072266 0.000000 959.921997 0.000000 0.905056 0.000000 0.425293 1.000000 1.000000 1.000000
2813.032959 0.000000 925.938049 0.000000 0.965366 0.000000 0.260899 1.000000 1.000000 1.000000
2752.936035 0.000000 926.359558 0.000000 0.994991 0.000000 -0.099960 0.000000 0.000000 0.000000
2709.208252 0.000000 1000.113586 0.000000 0.991754 0.000000 -0.128154 0.000000 0.000000 0.000000
2735.537109 0.000000 987.362854 0.000000 0.869727 0.000000 0.493534 0.000000 0.000000 0.000000
2726.581055 0.000000 995.358826 0.000000 0.999775 0.000000 0.021229 1.000000 1.000000 1.000000
2695.437256 0.000000 1015.278015 0.000000 0.874877 0.000000 0.484346 1.000000 1.000000 1.000000
2769.256836 0.000000 994.949219 0.000000 0.823562 0.000000 0.567226 0.000000 0.000000 0.000000
2786.735840 0.000000 999.887451 0.000000 0.910374 0.000000 0.413787 0.000000 0.000000 0.000000
2811.981689 0.000000 1015.453613 0.000000 0.939128 0.000000 0.343569 0.000000 0.000000 0.000000
2785.099609 0.000000 994.184082 0.000000 0.969229 0.000000 0.246161 0.000000 0.000000 0.000000
2754.356934 0.000000 965.132568 0.000000 0.993744 0.000000 -0.111680 0.000000 0.000000 0.000000
2769.360840 0.000000 1006.394714 0.000000 0.854097 0.000000 0.520113 0.000000 0.000000 0.000000
2687.487305 0.000000 1046.946411 0.000000 0.999802 0.000000 -0.019905 0.000000 0.000000 0.000000
2654.530029 0.000000 1040.178833 0.000000 0.981679 0.000000 -0.190544 0.000000 0.000000 0.000000
2630.215332 0.000000 1065.656372 0.000000 0.962421 0.000000 -0.271562 0.000000 0.000000 0.000000
2642.283447 0.000000 1017.851440 0.000000 0.995336 0.000000 -0.096473 0.000000 0.000000 0.000000
2630.508057 0.000000 1068.809937 0.000000 0.947566 0.000000 0.319560 0.000000 0.000000 0.000000
2682.462158 0.000000 1033.788818 0.000000 0.993788 0.000000 -0.111290 0.000000 0.000000 0.000000
2662.469482 0.000000 1043.312744 0.000000 0.960024 0.000000 0.279918 1.000000 1.000000 1.000000
2574.007324 0.000000 1104.093384 0.000000 0.975837 0.000000 0.218500 0.000000 0.000000 0.000000
2615.107910 0.000000 1118.404419 0.000000 0.925274 0.000000 0.379298 0.000000 0.000000 0.000000
2569.063721 0.000000 1103.665161 0.000000 0.990449 0.000000 0.137880 0.000000 0.000000 0.000000
2668.662354 0.000000 1123.783325 0.000000 0.977093 0.000000 -0.212814 0.000000 0.000000 0.000000
2638.875732 0.000000 1117.965210 0.000000 0.977720 0.000000 0.209912 0.000000 0.000000 0.000000
2653.237549 0.000000 1106.725342 0.000000 0.963124 0.000000 0.269060 1.000000 1.000000 1.000000
2636.457520 0.000000 1124.979004 0.000000 0.918656 0.000000 0.395057 0.000000 0.000000 0.000000
2657.099609 0.000000 1107.152832 0.000000 0.996631 0.000000 0.082013 1.000000 1.000000 1.000000
2631.437256 0.000000 1128.246704 0.000000 0.999895 0.000000 0.014487 0.000000 0.000000 0.000000
2729.967773 0.000000 1046.536621 0.000000 0.838833 0.000000 0.544389 0.000000 0.000000 0.000000
2688.936035 0.000000 1039.328247 0.000000 0.854058 0.000000 0.520178 0.000000 0.000000 0.000000
2701.099609 0.000000 1036.495361 0.000000 0.875098 0.000000 0.483946 0.000000 0.000000 0.000000
2711.191895 0.000000 1062.609375 0.000000 0.979603 0.000000 0.200944 0.000000 0.000000 0.000000
2726.469482 0.000000 1043.312744 0.000000 0.976320 0.000000 0.216331 1.000000 1.000000 1.000000
2810.544434 0.000000 1057.141846 0.000000 0.978396 0.000000 -0.206741 0.000000 0.000000 0.000000
2773.705078 0.000000 1043.586426 0.000000 0.970105 0.000000 -0.242687 0.000000 0.000000 0.000000
2783.825928 0.000000 1024.841187 0.000000 0.800234 0.000000 0.599687 0.000000 0.000000 0.000000
2778.073975 0.000000 1047.235229 0.000000 0.996950 0.000000 0.078048 0.000000 0.000000 0.000000
2807.060791 0.000000 1058.318481 0.000000 0.985688 0.000000 0.168581 0.000000 0.000000 0.000000
2810.028564 0.000000 1029.817383 0.000000 0.868212 0.000000 0.496194 0.000000 0.000000 0.000000
2793.967773 0.000000 1046.536621 0.000000 0.998055 0.000000 -0.062334 0.000000 0.000000 0.000000
2758.056885 0.000000 1061.656494 0.000000 0.932629 0.000000 0.360836 0.000000 0.000000 0.000000
2773.934570 0.000000 1071.530762 0.000000 0.931462 0.000000 0.363840 0.000000 0.000000 0.000000
2775.191895 0.000000 1062.609375 0.000000 0.877807 0.000000 0.479014 1.000000 1.000000 1.000000
2749.212891 0.000000 1098.594849 0.000000 0.989908 0.000000 -0.141713 0.000000 0.000000 0.000000
2749.524170 0.000000 1090.272827 0.000000 0.836410 0.000000 0.548105 0.000000 0.000000 0.000000
2733.386719 0.000000 1127.910156 0.000000 0.993899 0.000000 -0.110292 0.000000 0.000000 0.000000
2721.099609 0.000000 1107.152832 0.000000 0.988271 0.000000 0.152710 1.000000 1.000000 1.000000
2749.032959 0.000000 1095.391235 0.000000 0.972641 0.000000 0.232315 1.000000 1.000000 1.000000
2736.746582 0.000000 1076.440796 0.000000 0.998794 0.000000 -0.049106 1.000000 1.000000 1.000000
2691.820801 0.000000 1087.008545 0.000000 0.920204 0.000000 0.391440 0.000000 0.000000 0.000000
2701.099609 0.000000 1092.979736 0.000000 0.999834 0.000000 -0.018221 0.000000 0.000000 0.000000
2745.384521 0.000000 1129.454834 0.000000 0.999994 0.000000 0.003444 1.000000 1.000000 1.000000
2808.315674 0.000000 1110.212158 0.000000 0.998989 0.000000 -0.044948 0.000000 0.000000 0.000000
2797.375000 0.000000 1098.124756 0.000000 0.889556 0.000000 0.456827 0.000000 0.000000 0.000000
2772.994385 0.000000 1075.755859 0.000000 0.998844 0.000000 0.048061 1.000000 1.000000 1.000000
2861.433838 0.000000 933.479248 0.000000 0.998902 0.000000 0.046854 0.000000 0.000000 0.000000
2818.356934 0.000000 908.648193 0.000000 0.982115 0.000000 -0.188283 1.000000 1.000000 1.000000
2824.667480 0.000000 908.529236 0.000000 0.822512 0.000000 0.568748 0.000000 0.000000 0.000000
2825.604492 0.000000 931.204407 0.000000 0.997908 0.000000 0.064644 0.000000 0.000000 0.000000
2833.664795 0.000000 910.406006 0.000000 0.974351 0.000000 0.225035 1.000000 1.000000 1.000000
2866.798096 0.000000 940.431152 0.000000 0.975758 0.000000 -0.218851 0.000000 0.000000 0.000000
2928.205322 0.000000 960.208740 0.000000 0.991704 0.000000 -0.128540 0.000000 0.000000 0.000000
2897.939453 0.000000 945.545593 0.000000 0.945351 0.000000 0.326055 0.000000 0.000000 0.000000
2887.437256 0.000000 958.793640 0.000000 0.967067 0.000000 -0.254521 0.000000 0.000000 0.000000
2870.816650 0.000000 961.485168 0.000000 0.883281 0.000000 0.468844 0.000000 0.000000 0.000000
2858.009521 0.000000 1015.171021 0.000000 0.859189 0.000000 0.511659 0.000000 0.000000 0.000000
2839.293701 0.000000 983.799133 0.000000 0.840651 0.000000 0.541577 0.000000 0.000000 0.000000
2834.190674 0.000000 969.756531 0.000000 0.962462 0.000000 -0.271415 0.000000 0.000000 0.000000
2828.457520 0.000000 1012.010315 0.000000 0.999990 0.000000 -0.004364 0.000000 0.000000 0.000000
2848.448975 0.000000 986.229675 0.000000 0.810363 0.000000 0.585928 0.000000 0.000000 0.000000
2858.835938 0.000000 966.240662 0.000000 0.938721 0.000000 0.344678 0.000000 0.000000 0.000000
2833.664795 0.000000 966.890381 0.000000 0.990908 0.000000 -0.134541 1.000000 1.000000 1.000000
2841.706787 0.000000 973.873718 0.000000 0.999265 0.000000 0.038323 0.000000 0.000000 0.000000
2837.235596 0.000000 980.095459 0.000000 0.985807 0.000000 -0.167880 1.000000 1.000000 1.000000
2906.979736 0.000000 1002.067200 0.000000 0.988210 0.000000 0.153106 0.000000 0.000000 0.000000
2929.519043 0.000000 966.564026 0.000000 0.893399 0.000000 0.449265 0.000000 0.000000 0.000000
2902.477783 0.000000 995.127686 0.000000 0.992809 0.000000 -0.119708 0.000000 0.000000 0.000000
2903.890625 0.000000 979.292053 0.000000 0.999490 0.000000 -0.031947 0.000000 0.000000 0.000000
2943.586426 0.000000 1013.668945 0.000000 0.953420 0.000000 0.301645 0.000000 0.000000 0.000000
2906.364746 0.000000 985.795715 0.000000 0.999317 0.000000 -0.036952 0.000000 0.000000 0.000000
2899.771729 0.000000 982.859802 0.000000 0.970319 0.000000 -0.241828 0.000000 0.000000 0.000000
2941.508057 0.000000 1010.011169 0.000000 0.996404 0.000000 -0.084730 0.000000 0.000000 0.000000
2897.722656 0.000000 1012.411682 0.000000 0.994272 0.000000 0.106883 0.000000 0.000000 0.000000
2979.764893 0.000000 929.597229 0.000000 0.810213 0.000000 0.586136 0.000000 0.000000 0.000000
2971.932861 0.000000 924.019653 0.000000 0.998710 0.000000 -0.050772 0.000000 0.000000 0.000000
2952.407471 0.000000 968.046753 0.000000 0.998333 0.000000 0.057710 0.000000 0.000000 0.000000
2970.364746 0.000000 985.795715 0.000000 0.953486 0.000000 0.301437 0.000000 0.000000 0.000000
2975.334473 0.000000 1001.219788 0.000000 0.999470 0.000000 -0.032543 0.000000 0.000000 0.000000
3006.419189 0.000000 1002.381653 0.000000 0.969665 0.000000 -0.244436 1.000000 1.000000 1.000000
2977.448975 0.000000 983.531189 0.000000 0.998802 0.000000 -0.048940 0.000000 0.000000 0.000000
3008.098633 0.000000 967.183350 0.000000 0.991702 0.000000 -0.128557 0.000000 0.000000 0.000000
3046.535645 0.000000 989.742493 0.000000 0.820717 0.000000 0.571336 1.000000 1.000000 1.000000
2817.451416 0.000000 1028.894409 0.000000 0.994919 0.000000 0.100676 0.000000 0.000000 0.000000
2847.825928 0.000000 1024.841187 0.000000 0.887708 0.000000 0.460407 0.000000 0.000000 0.000000
2860.352051 0.000000 1033.979858 0.000000 0.987143 0.000000 0.159837 1.000000 1.000000 1.000000
2880.255127 0.000000 1063.859619 0.000000 0.972307 0.000000 0.233706 0.000000 0.000000 0.000000
2887.979980 0.000000 1058.854004 0.000000 0.810919 0.000000 0.585159 0.000000 0.000000 0.000000
2921.967773 0.000000 1046.536621 0.000000 0.980469 0.000000 -0.196675 0.000000 0.000000 0.000000
2889.278076 0.000000 1066.802368 0.000000 0.998347 0.000000 -0.057472 1.000000 1.000000 1.000000
2882.356934 0.000000 1021.616943 0.000000 0.948497 0.000000 0.316786 0.000000 0.000000 0.000000
2894.604980 0.000000 1064.295776 0.000000 0.996098 0.000000 -0.088258 0.000000 0.000000 0.000000
2908.947998 0.000000 1046.790527 0.000000 0.999420 0.000000 -0.034053 1.000000 1.000000 1.000000
2879.487305 0.000000 1103.430786 0.000000 0.955210 0.000000 0.295928 0.000000 0.000000 0.000000
2877.658936 0.000000 1108.518921 0.000000 0.895219 0.000000 0.445627 0.000000 0.000000 0.000000
2868.014648 0.000000 1082.046387 0.000000 0.987438 0.000000 -0.158007 0.000000 0.000000 0.000000
2884.458496 0.000000 1127.669067 0.000000 0.834412 0.000000 0.551142 0.000000 0.000000 0.000000
2911.825928 0.000000 1081.325562 0.000000 0.869619 0.000000 0.493723 0.000000 0.000000 0.000000
2936.315674 0.000000 1110.212158 0.000000 0.799901 0.000000 0.600132 1.000000 1.000000 1.000000
2908.431641 0.000000 1080.710938 0.000000 0.987771 0.000000 0.155914 0.000000 0.000000 0.000000
2888.667480 0.000000 1077.982300 0.000000 0.984433 0.000000 -0.175762 1.000000 1.000000 1.000000
2897.664795 0.000000 1079.859131 0.000000 0.991440 0.000000 0.130564 1.000000 1.000000 1.000000
2959.130859 0.000000 1056.090576 0.000000 0.956843 0.000000 0.290605 0.000000 0.000000 0.000000
2969.621582 0.000000 1064.593628 0.000000 0.960540 0.000000 0.278143 0.000000 0.000000 0.000000
2979.991211 0.000000 1032.445190 0.000000 0.999612 0.000000 -0.027857 0.000000 0.000000 0.000000
2975.334473 0.000000 1057.704224 0.000000 0.998997 0.000000 -0.044768 0.000000 0.000000 0.000000
2952.908447 0.000000 1062.618774 0.000000 0.962594 0.000000 -0.270947 0.000000 0.000000 0.000000
2956.457520 0.000000 1068.494629 0.000000 0.997279 0.000000 -0.073726 0.000000 0.000000 0.000000
2961.722656 0.000000 1068.896118 0.000000 0.818406 0.000000 0.574641 0.000000 0.000000 0.000000
2961.360840 0.000000 1062.879150 0.000000 0.998468 0.000000 0.055339 0.000000 0.000000 0.000000
2958.604980 0.000000 1064.295776 0.000000 0.800708 0.000000 0.599054 0.000000 0.000000 0.000000
2958.979980 0.000000 1041.558960 0.000000 0.999676 0.000000 0.025443 1.000000 1.000000 1.000000
3033.621582 0.000000 1064.593628 0.000000 0.882855 0.000000 0.469645 0.000000 0.000000 0.000000
3011.505127 0.000000 1060.144897 0.000000 0.947427 0.000000 0.319971 0.000000 0.000000 0.000000
3009.884521 0.000000 1067.771240 0.000000 0.992762 0.000000 -0.120098 0.000000 0.000000 0.000000
3011.510986 0.000000 1063.646729 0.000000 0.998194 0.000000 0.060074 1.000000 1.000000 1.000000
3014.056885 0.000000 1061.656494 0.000000 0.837844 0.000000 0.545909 0.000000 0.000000 0.000000
3005.212891 0.000000 1098.594849 0.000000 0.985029 0.000000 -0.172387 0.000000 0.000000 0.000000
2956.457520 0.000000 1124.979004 0.000000 0.979432 0.000000 0.201774 0.000000 0.000000 0.000000
2947.510986 0.000000 1120.131104 0.000000 0.920879 0.000000 0.389848 0.000000 0.000000 0.000000
2964.994385 0.000000 1075.755859 0.000000 0.994114 0.000000 0.108340 0.000000 0.000000 0.000000
3066.544434 0.000000 1113.626221 0.000000 0.896126 0.000000 0.443800 0.000000 0.000000 0.000000
3069.248291 0.000000 1119.205200 0.000000 0.969979 0.000000 -0.243190 0.000000 0.000000 0.000000
3019.929443 0.000000 1085.208984 0.000000 0.951764 0.000000 0.306831 0.000000 0.000000 0.000000
3064.315674 0.000000 1110.212158 0.000000 0.985169 0.000000 -0.171585 0.000000 0.000000 0.000000
3069.508057 0.000000 1122.979858 0.000000 0.996506 0.000000 -0.083520 0.000000 0.000000 0.000000
3061.861084 0.000000 1121.269531 0.000000 0.947207 0.000000 0.320623 0.000000 0.000000 0.000000
3037.423096 0.000000 1111.755005 0.000000 0.861877 0.000000 0.507118 0.000000 0.000000 0.000000
3008.042236 0.000000 1073.210449 0.000000 0.868139 0.000000 0.496321 1.000000 1.000000 1.000000
2564.032471 0.000000 1161.299072 0.000000 0.955885 0.000000 0.293742 0.000000 0.000000 0.000000
2613.013428 0.000000 1164.333862 0.000000 0.974821 0.000000 0.222989 0.000000 0.000000 0.000000
2601.967773 0.000000 1159.505371 0.000000 0.903895 0.000000 0.427753 1.000000 1.000000 1.000000
2593.099609 0.000000 1163.637207 0.000000 0.998315 0.000000 -0.058034 1.000000 1.000000 1.000000
2625.451416 0.000000 1141.863159 0.000000 0.925153 0.000000 0.379595 0.000000 0.000000 0.000000
2685.212891 0.000000 1155.079224 0.000000 0.999102 0.000000 0.042358 0.000000 0.000000 0.000000
2630.330566 0.000000 1141.784302 0.000000 0.893649 0.000000 0.448766 0.000000 0.000000 0.000000
2646.937256 0.000000 1144.114868 0.000000 0.961968 0.000000 0.273161 0.000000 0.000000 0.000000
2652.431641 0.000000 1137.195312 0.000000 0.940241 0.000000 0.340508 0.000000 0.000000 0.000000
2628.948486 0.000000 1129.802612 0.000000 0.968188 0.000000 0.250223 0.000000 0.000000 0.000000
2638.979980 0.000000 1154.527710 0.000000 0.844297 0.000000 0.535875 1.000000 1.000000 1.000000
2561.451416 0.000000 1198.347534 0.000000 0.908366 0.000000 0.418177 0.000000 0.000000 0.000000
2562.396484 0.000000 1188.034058 0.000000 0.905136 0.000000 0.425122 0.000000 0.000000 0.000000
2596.276123 0.000000 1219.418579 0.000000 0.931536 0.000000 0.363650 0.000000 0.000000 0.000000
2619.211426 0.000000 1215.790039 0.000000 0.928302 0.000000 0.371827 0.000000 0.000000 0.000000
2585.661133 0.000000 1189.238037 0.000000 0.998388 0.000000 -0.056758 1.000000 1.000000 1.000000
2596.759766 0.000000 1207.548096 0.000000 0.967424 0.000000 -0.253163 0.000000 0.000000 0.000000
2595.200439 0.000000 1198.968872 0.000000 0.890760 0.000000 0.454474 1.000000 1.000000 1.000000
2643.771729 0.000000 1208.797363 0.000000 0.951413 0.000000 0.307918 0.000000 0.000000 0.000000
2677.993896 0.000000 1207.458008 0.000000 0.996813 0.000000 0.079775 0.000000 0.000000 0.000000
2675.214111 0.000000 1232.429077 0.000000 0.990905 0.000000 0.134564 0.000000 0.000000 0.000000
2677.013428 0.000000 1220.818237 0.000000 0.991315 0.000000 -0.131510 0.000000 0.000000 0.000000
2671.917480 0.000000 1222.953857 0.000000 0.997340 0.000000 -0.072892 0.000000 0.000000 0.000000
2652.431641 0.000000 1193.679688 0.000000 0.997567 0.000000 0.069715 0.000000 0.000000 0.000000
2719.825928 0.000000 1137.809937 0.000000 0.891522 0.000000 0.452978 0.000000 0.000000 0.000000
2749.212891 0.000000 1155.079224 0.000000 0.866669 0.000000 0.498884 0.000000 0.000000 0.000000
2739.016113 0.000000 1150.538574 0.000000 0.925621 0.000000 0.378451 0.000000 0.000000 0.000000
2700.083740 0.000000 1175.201416 0.000000 0.985830 0.000000 -0.167746 1.000000 1.000000 1.000000
2716.947998 0.000000 1159.759277 0.000000 0.932033 0.000000 0.362374 1.000000 1.000000 1.000000
2764.978516 0.000000 1130.423462 0.000000 0.997331 0.000000 -0.073014 0.000000 0.000000 0.000000
2796.412598 0.000000 1171.961182 0.000000 0.966949 0.000000 0.254968 0.000000 0.000000 0.000000
2792.974609 0.000000 1141.209106 0.000000 0.886397 0.000000 0.462926 1.000000 1.000000 1.000000
2793.204590 0.000000 1166.248901 0.000000 0.995604 0.000000 0.093668 0.000000 0.000000 0.000000
2781.392090 0.000000 1174.360962 0.000000 0.871605 0.000000 0.490209 1.000000 1.000000 1.000000
2781.423096 0.000000 1168.239380 0.000000 0.999090 0.000000 0.042661 0.000000 0.000000 0.000000
2751.487305 0.000000 1216.399536 0.000000 0.825946 0.000000 0.563749 0.000000 0.000000 0.000000
2703.273193 0.000000 1208.090454 0.000000 0.810301 0.000000 0.586014 0.000000 0.000000 0.000000
2698.351318 0.000000 1207.050781 0.000000 0.987380 0.000000 0.158369 0.000000 0.000000 0.000000
2749.508057 0.000000 1235.948608 0.000000 0.997709 0.000000 -0.067645 0.000000 0.000000 0.000000
2699.406250 0.000000 1219.242676 0.000000 0.899704 0.000000 0.436500 0.000000 0.000000 0.000000
2713.680908 0.000000 1219.949341 0.000000 0.999902 0.000000 0.013978 0.000000 0.000000 0.000000
2763.959473 0.000000 1234.662720 0.000000 0.936884 0.000000 0.349639 0.000000 0.000000 0.000000
2815.487305 0.000000 1216.399536 0.000000 0.999946 0.000000 -0.010344 0.000000 0.000000 0.000000
2794.009521 0.000000 1241.108521 0.000000 0.836556 0.000000 0.547882 0.000000 0.000000 0.000000
2806.382080 0.000000 1215.499512 0.000000 0.999033 0.000000 -0.043958 0.000000 0.000000 0.000000
2799.868652 0.000000 1234.582886 0.000000 0.955136 0.000000 0.296167 0.000000 0.000000 0.000000
2799.145508 0.000000 1204.319702 0.000000 0.901391 0.000000 0.433006 1.000000 1.000000 1.000000
2803.634277 0.000000 1228.899780 0.000000 0.969166 0.000000 -0.246410 0.000000 0.000000 0.000000
2800.580566 0.000000 1216.612671 0.000000 0.934182 0.000000 0.356797 0.000000 0.000000 0.000000
2811.100830 0.000000 1196.264648 0.000000 0.966209 0.000000 0.257760 0.000000 0.000000 0.000000
2807.819336 0.000000 1205.002808 0.000000 0.999971 0.000000 -0.007649 1.000000 1.000000 1.000000
2764.083740 0.000000 1231.685791 0.000000 0.908256 0.000000 0.418415 0.000000 0.000000 0.000000
2591.453613 0.000000 1259.386353 0.000000 0.988584 0.000000 -0.150674 0.000000 0.000000 0.000000
2601.563477 0.000000 1269.147217 0.000000 0.940643 0.000000 0.339399 0.000000 0.000000 0.000000
2597.982422 0.000000 1292.918091 0.000000 0.997199 0.000000 -0.074792 0.000000 0.000000 0.000000
2580.569336 0.000000 1248.042725 0.000000 0.993127 0.000000 -0.117044 0.000000 0.000000 0.000000
2604.662354 0.000000 1293.236450 0.000000 0.962574 0.000000 -0.271020 0.000000 0.000000 0.000000
2612.365479 0.000000 1281.922485 0.000000 1.000000 0.000000 -0.000923 0.000000 0.000000 0.000000
2573.507080 0.000000 1278.470703 0.000000 0.999994 0.000000 0.003401 0.000000 0.000000 0.000000
2604.412598 0.000000 1284.929932 0.000000 0.994052 0.000000 0.108908 0.000000 0.000000 0.000000
2602.835938 0.000000 1248.662476 0.000000 0.999701 0.000000 -0.024456 0.000000 0.000000 0.000000
2633.400879 0.000000 1258.775391 0.000000 0.979213 0.000000 0.202834 0.000000 0.000000 0.000000
2638.953369 0.000000 1296.627930 0.000000 0.960461 0.000000 0.278414 0.000000 0.000000 0.000000
2678.864258 0.000000 1297.654907 0.000000 0.979213 0.000000 -0.202834 0.000000 0.000000 0.000000
2671.537109 0.000000 1269.784668 0.000000 0.992296 0.000000 -0.123893 0.000000 0.000000 0.000000
2633.278076 0.000000 1292.739868 0.000000 0.992453 0.000000 0.122624 0.000000 0.000000 0.000000
2627.510986 0.000000 1289.584229 0.000000 0.998667 0.000000 -0.051620 0.000000 0.000000 0.000000
2630.056885 0.000000 1287.593994 0.000000 0.989320 0.000000 -0.145757 0.000000 0.000000 0.000000
2674.798096 0.000000 1279.337402 0.000000 0.982887 0.000000 -0.184207 1.000000 1.000000 1.000000
2631.213623 0.000000 1280.856323 0.000000 0.996692 0.000000 0.081271 1.000000 1.000000 1.000000
2598.231201 0.000000 1337.669678 0.000000 0.970071 0.000000 0.242820 0.000000 0.000000 0.000000
2582.477783 0.000000 1334.033936 0.000000 0.998058 0.000000 0.062294 0.000000 0.000000 0.000000
2560.098633 0.000000 1306.089600 0.000000 0.897718 0.000000 0.440571 0.000000 0.000000 0.000000
2567.914795 0.000000 1300.977539 0.000000 0.825269 0.000000 0.564739 0.000000 0.000000 0.000000
2594.015137 0.000000 1319.636108 0.000000 0.850744 0.000000 0.525581 0.000000 0.000000 0.000000
2571.941895 0.000000 1340.944702 0.000000 0.987011 0.000000 -0.160651 0.000000 0.000000 0.000000
2565.464844 0.000000 1303.922607 0.000000 0.985186 0.000000 0.171490 0.000000 0.000000 0.000000
2592.448975 0.000000 1325.135986 0.000000 0.992951 0.000000 0.118529 0.000000 0.000000 0.000000
2569.278076 0.000000 1349.224243 0.000000 0.998449 0.000000 0.055666 1.000000 1.000000 1.000000
2588.380127 0.000000 1353.990967 0.000000 0.930916 0.000000 0.365233 1.000000 1.000000 1.000000
2628.458496 0.000000 1353.606567 0.000000 0.996965 0.000000 0.077849 0.000000 0.000000 0.000000
2656.032227 0.000000 1336.078491 0.000000 0.909416 0.000000 0.415888 0.000000 0.000000 0.000000
2646.937256 0.000000 1313.567993 0.000000 0.816204 0.000000 0.577764 0.000000 0.000000 0.000000
2653.237549 0.000000 1332.662842 0.000000 0.798746 0.000000 0.601669 0.000000 0.000000 0.000000
2643.991699 0.000000 1332.368164 0.000000 0.974679 0.000000 0.223609 0.000000 0.000000 0.000000
2634.072266 0.000000 1355.312622 0.000000 0.985788 0.000000 0.167992 0.000000 0.000000 0.000000
2689.451416 0.000000 1254.831909 0.000000 0.889087 0.000000 0.457738 0.000000 0.000000 0.000000
2726.231201 0.000000 1281.185303 0.000000 0.976156 0.000000 -0.217071 0.000000 0.000000 0.000000
2690.396484 0.000000 1244.518433 0.000000 0.963776 0.000000 0.266711 0.000000 0.000000 0.000000
2737.519043 0.000000 1248.985840 0.000000 0.994304 0.000000 0.106584 0.000000 0.000000 0.000000
2720.448975 0.000000 1268.651611 0.000000 0.987650 0.000000 0.156676 1.000000 1.000000 1.000000
2746.631836 0.000000 1277.792725 0.000000 0.999612 0.000000 0.027852 0.000000 0.000000 0.000000
2718.952637 0.000000 1262.168579 0.000000 0.998858 0.000000 0.047770 1.000000 1.000000 1.000000
2800.205322 0.000000 1299.114990 0.000000 0.972309 0.000000 0.233700 0.000000 0.000000 0.000000
2759.671631 0.000000 1267.512817 0.000000 0.999999 0.000000 -0.001572 0.000000 0.000000 0.000000
2767.130859 0.000000 1282.028076 0.000000 0.877289 0.000000 0.479962 0.000000 0.000000 0.000000
2775.890625 0.000000 1261.713989 0.000000 0.967232 0.000000 0.253893 0.000000 0.000000 0.000000
2761.203857 0.000000 1278.357056 0.000000 0.985105 0.000000 -0.171953 0.000000 0.000000 0.000000
2788.045898 0.000000 1247.931152 0.000000 0.986550 0.000000 0.163459 0.000000 0.000000 0.000000
2761.063721 0.000000 1273.118286 0.000000 0.981740 0.000000 -0.190228 0.000000 0.000000 0.000000
2770.817383 0.000000 1273.100098 0.000000 0.946019 0.000000 0.324112 0.000000 0.000000 0.000000
2779.131592 0.000000 1258.777466 0.000000 0.901933 0.000000 0.431876 0.000000 0.000000 0.000000
2787.104248 0.000000 1251.198364 0.000000 0.893746 0.000000 0.448572 0.000000 0.000000 0.000000
2781.423096 0.000000 1281.208130 0.000000 0.995077 0.000000 0.099102 1.000000 1.000000 1.000000
2752.042236 0.000000 1242.663574 0.000000 0.999995 0.000000 0.003314 0.000000 0.000000 0.000000
2785.448975 0.000000 1265.953003 0.000000 0.814052 0.000000 0.580792 0.000000 0.000000 0.000000
2776.795410 0.000000 1270.568481 0.000000 0.995399 0.000000 -0.095820 0.000000 0.000000 0.000000
2787.200439 0.000000 1255.453247 0.000000 0.966852 0.000000 -0.255337 0.000000 0.000000 0.000000
2777.283936 0.000000 1264.274048 0.000000 0.932316 0.000000 0.361644 1.000000 1.000000 1.000000
2726.231201 0.000000 1337.669678 0.000000 0.994408 0.000000 0.105610 0.000000 0.000000 0.000000
2722.015137 0.000000 1319.636108 0.000000 0.867178 0.000000 0.497999 0.000000 0.000000 0.000000
2735.537109 0.000000 1326.269043 0.000000 0.942452 0.000000 0.334341 1.000000 1.000000 1.000000
2700.526855 0.000000 1322.186401 0.000000 0.924164 0.000000 0.381997 0.000000 0.000000 0.000000
2739.016113 0.000000 1319.991699 0.000000 0.947829 0.000000 0.318778 1.000000 1.000000 1.000000
2746.504395 0.000000 1322.899536 0.000000 0.978682 0.000000 -0.205382 0.000000 0.000000 0.000000
2723.200439 0.000000 1311.937622 0.000000 0.965249 0.000000 0.261331 0.000000 0.000000 0.000000
2761.400879 0.000000 1315.259766 0.000000 0.968538 0.000000 -0.248866 0.000000 0.000000 0.000000
2813.512207 0.000000 1299.166748 0.000000 0.970764 0.000000 -0.240038 0.000000 0.000000 0.000000
2777.621582 0.000000 1347.015503 0.000000 0.998293 0.000000 0.058407 0.000000 0.000000 0.000000
2759.914795 0.000000 1300.977539 0.000000 0.989402 0.000000 -0.145200 0.000000 0.000000 0.000000
2778.364746 0.000000 1324.701904 0.000000 0.998476 0.000000 0.055193 0.000000 0.000000 0.000000
2779.131592 0.000000 1315.261841 0.000000 0.995794 0.000000 -0.091615 0.000000 0.000000 0.000000
2813.508057 0.000000 1348.917358 0.000000 0.999272 0.000000 -0.038156 1.000000 1.000000 1.000000
2781.020508 0.000000 1311.970947 0.000000 0.977334 0.000000 -0.211704 0.000000 0.000000 0.000000
2754.356934 0.000000 1304.038818 0.000000 0.997989 0.000000 -0.063383 0.000000 0.000000 0.000000
2755.820801 0.000000 1312.946045 0.000000 0.816189 0.000000 0.577785 0.000000 0.000000 0.000000
2853.432373 0.000000 1140.714600 0.000000 0.998753 0.000000 0.049926 0.000000 0.000000 0.000000
2816.156738 0.000000 1184.587646 0.000000 0.993244 0.000000 0.116047 0.000000 0.000000 0.000000
2857.677002 0.000000 1147.754517 0.000000 0.995998 0.000000 0.089379 0.000000 0.000000 0.000000
2911.334473 0.000000 1170.672974 0.000000 0.851502 0.000000 0.524351 0.000000 0.000000 0.000000
2913.099609 0.000000 1163.637207 0.000000 0.986126 0.000000 -0.165996 0.000000 0.000000 0.000000
2901.934570 0.000000 1184.499512 0.000000 0.970910 0.000000 0.239445 0.000000 0.000000 0.000000
2908.947998 0.000000 1159.759277 0.000000 0.985074 0.000000 0.172131 0.000000 0.000000 0.000000
2837.705078 0.000000 1213.039551 0.000000 0.888200 0.000000 0.459457 0.000000 0.000000 0.000000
2820.458496 0.000000 1240.637817 0.000000 0.997841 0.000000 0.065680 0.000000 0.000000 0.000000
2823.979980 0.000000 1228.307129 0.000000 0.871942 0.000000 0.489609 0.000000 0.000000 0.000000
2860.063232 0.000000 1195.161011 0.000000 0.914403 0.000000 0.404806 1.000000 1.000000 1.000000
2856.763184 0.000000 1201.294067 0.000000 0.997787 0.000000 -0.066491 1.000000 1.000000 1.000000
2835.771729 0.000000 1208.797363 0.000000 0.949040 0.000000 0.315157 0.000000 0.000000 0.000000
2816.513916 0.000000 1202.252686 0.000000 0.905373 0.000000 0.424617 0.000000 0.000000 0.000000
2858.673340 0.000000 1186.315796 0.000000 0.921347 0.000000 0.388741 0.000000 0.000000 0.000000
2816.894775 0.000000 1216.472046 0.000000 0.939459 0.000000 0.342662 0.000000 0.000000 0.000000
2875.100830 0.000000 1196.264648 0.000000 0.998996 0.000000 -0.044795 0.000000 0.000000 0.000000
2874.462158 0.000000 1203.241943 0.000000 0.999974 0.000000 -0.007192 0.000000 0.000000 0.000000
2819.820801 0.000000 1199.977295 0.000000 0.994033 0.000000 0.109080 0.000000 0.000000 0.000000
2884.458496 0.000000 1240.637817 0.000000 0.967534 0.000000 -0.252741 0.000000 0.000000 0.000000
2891.959473 0.000000 1234.662720 0.000000 0.948355 0.000000 0.317211 0.000000 0.000000 0.000000
2889.203857 0.000000 1221.872681 0.000000 0.994012 0.000000 -0.109273 0.000000 0.000000 0.000000
2918.889160 0.000000 1209.611450 0.000000 0.966032 0.000000 -0.258422 0.000000 0.000000 0.000000
2896.939697 0.000000 1202.100586 0.000000 0.968193 0.000000 0.250203 0.000000 0.000000 0.000000
2998.816650 0.000000 1130.938232 0.000000 0.976172 0.000000 -0.216998 0.000000 0.000000 0.000000
2986.009521 0.000000 1184.624146 0.000000 0.963158 0.000000 -0.268937 0.000000 0.000000 0.000000
2971.131592 0.000000 1145.808716 0.000000 0.980982 0.000000 0.194100 0.000000 0.000000 0.000000
3003.211426 0.000000 1159.305664 0.000000 0.926372 0.000000 0.376610 0.000000 0.000000 0.000000
2992.647949 0.000000 1170.163208 0.000000 0.996667 0.000000 0.081579 1.000000 1.000000 1.000000
2971.595215 0.000000 1180.211182 0.000000 0.980105 0.000000 -0.198481 0.000000 0.000000 0.000000
2950.508057 0.000000 1181.778687 0.000000 0.980273 0.000000 0.197651 1.000000 1.000000 1.000000
2997.861084 0.000000 1177.753906 0.000000 0.981232 0.000000 0.192829 1.000000 1.000000 1.000000
3005.032959 0.000000 1151.875610 0.000000 0.971909 0.000000 -0.235358 1.000000 1.000000 1.000000
2969.706787 0.000000 1143.326904 0.000000 0.942284 0.000000 0.334815 0.000000 0.000000 0.000000
3069.212891 0.000000 1155.079224 0.000000 0.995032 0.000000 -0.099560 0.000000 0.000000 0.000000
3062.173828 0.000000 1135.871704 0.000000 0.933858 0.000000 0.357645 0.000000 0.000000 0.000000
3055.868652 0.000000 1178.098511 0.000000 0.913262 0.000000 0.407372 0.000000 0.000000 0.000000
3017.604492 0.000000 1157.141846 0.000000 0.937497 0.000000 0.347993 0.000000 0.000000 0.000000
3056.746582 0.000000 1132.925171 0.000000 0.812425 0.000000 0.583066 0.000000 0.000000 0.000000
2992.205322 0.000000 1242.630615 0.000000 0.993387 0.000000 -0.114810 0.000000 0.000000 0.000000
2991.722412 0.000000 1230.491577 0.000000 0.905203 0.000000 0.424979 0.000000 0.000000 0.000000
2964.569336 0.000000 1191.558350 0.000000 0.999761 0.000000 0.021870 0.000000 0.000000 0.000000
2994.789307 0.000000 1198.259155 0.000000 0.801315 0.000000 0.598243 0.000000 0.000000 0.000000
2980.045898 0.000000 1191.446777 0.000000 0.977861 0.000000 -0.209257 0.000000 0.000000 0.000000
2946.356934 0.000000 1191.070068 0.000000 0.853737 0.000000 0.520704 0.000000 0.000000 0.000000
2973.423096 0.000000 1224.723755 0.000000 0.846840 0.000000 0.531848 1.000000 1.000000 1.000000
2964.094971 0.000000 1201.572754 0.000000 0.922513 0.000000 0.385966 0.000000 0.000000 0.000000
2979.200439 0.000000 1198.968872 0.000000 0.858665 0.000000 0.512537 1.000000 1.000000 1.000000
2960.186279 0.000000 1205.323120 0.000000 0.998903 0.000000 0.046824 1.000000 1.000000 1.000000
3040.032227 0.000000 1223.109741 0.000000 0.810852 0.000000 0.585251 0.000000 0.000000 0.000000
3017.063721 0.000000 1216.633911 0.000000 0.939705 0.000000 0.341985 0.000000 0.000000 0.000000
3029.668701 0.000000 1195.960815 0.000000 0.894188 0.000000 0.447693 0.000000 0.000000 0.000000
3025.939453 0.000000 1227.967407 0.000000 0.969067 0.000000 0.246797 0.000000 0.000000 0.000000
3050.835938 0.000000 1192.178101 0.000000 0.962393 0.000000 -0.271661 1.000000 1.000000 1.000000
3055.537109 0.000000 1213.300293 0.000000 0.999235 0.000000 0.039111 1.000000 1.000000 1.000000
3049.677002 0.000000 1204.238892 0.000000 0.986523 0.000000 -0.163622 1.000000 1.000000 1.000000
3025.360840 0.000000 1232.332275 0.000000 0.955886 0.000000 0.293739 0.000000 0.000000 0.000000
3038.961914 0.000000 1187.133179 0.000000 0.829088 0.000000 0.559118 1.000000 1.000000 1.000000
3020.083740 0.000000 1231.685791 0.000000 0.982656 0.000000 0.185439 1.000000 1.000000 1.000000
3044.575195 0.000000 1188.560913 0.000000 0.976805 0.000000 0.214133 1.000000 1.000000 1.000000
3052.352051 0.000000 1203.432983 0.000000 0.944984 0.000000 0.327116 1.000000 1.000000 1.000000
2823.671631 0.000000 1267.512817 0.000000 0.869179 0.000000 0.494498 0.000000 0.000000 0.000000
2831.273193 0.000000 1264.574829 0.000000 0.997863 0.000000 -0.065345 0.000000 0.000000 0.000000
2820.032471 0.000000 1274.267822 0.000000 0.985147 0.000000 0.171711 0.000000 0.000000 0.000000
2820.763672 0.000000 1278.848511 0.000000 0.987928 0.000000 0.154911 0.000000 0.000000 0.000000
2820.957520 0.000000 1282.503296 0.000000 0.988600 0.000000 0.150567 0.000000 0.000000 0.000000
2875.981689 0.000000 1297.875488 0.000000 0.998998 0.000000 -0.044759 0.000000 0.000000 0.000000
2849.448975 0.000000 1265.953003 0.000000 0.977193 0.000000 -0.212354 1.000000 1.000000 1.000000
2852.759766 0.000000 1264.032471 0.000000 0.873117 0.000000 0.487511 0.000000 0.000000 0.000000
2839.191895 0.000000 1288.546875 0.000000 0.962248 0.000000 -0.272173 0.000000 0.000000 0.000000
2817.451416 0.000000 1252.048706 0.000000 0.957384 0.000000 0.288817 0.000000 0.000000 0.000000
2881.451416 0.000000 1254.831909 0.000000 0.958722 0.000000 0.284344 0.000000 0.000000 0.000000
2910.236816 0.000000 1295.186157 0.000000 0.981784 0.000000 0.190003 0.000000 0.000000 0.000000
2884.948486 0.000000 1242.771362 0.000000 0.991314 0.000000 -0.131518 0.000000 0.000000 0.000000
2889.278076 0.000000 1292.739868 0.000000 0.999985 0.000000 0.005396 0.000000 0.000000 0.000000
2874.368164 0.000000 1351.066528 0.000000 0.965168 0.000000 -0.261631 0.000000 0.000000 0.000000
2879.487305 0.000000 1329.368286 0.000000 0.986999 0.000000 0.160724 0.000000 0.000000 0.000000
2836.569336 0.000000 1304.527100 0.000000 0.916885 0.000000 0.399152 0.000000 0.000000 0.000000
2874.511719 0.000000 1319.650635 0.000000 0.845953 0.000000 0.533258 0.000000 0.000000 0.000000
2834.817383 0.000000 1329.584473 0.000000 0.859639 0.000000 0.510901 0.000000 0.000000 0.000000
2841.237549 0.000000 1305.299561 0.000000 0.929883 0.000000 0.367855 0.000000 0.000000 0.000000
2816.513916 0.000000 1315.221436 0.000000 0.977609 0.000000 -0.210429 0.000000 0.000000 0.000000
2867.402588 0.000000 1353.107910 0.000000 0.998626 0.000000 -0.052406 0.000000 0.000000 0.000000
2845.423096 0.000000 1337.692505 0.000000 0.962597 0.000000 -0.270939 1.000000 1.000000 1.000000
2840.795410 0.000000 1327.052856 0.000000 0.997013 0.000000 0.077235 1.000000 1.000000 1.000000
2843.635498 0.000000 1322.191040 0.000000 0.987639 0.000000 0.156747 0.000000 0.000000 0.000000
2844.947998 0.000000 1329.212402 0.000000 0.976882 0.000000 -0.213779 1.000000 1.000000 1.000000
2895.130859 0.000000 1338.512451 0.000000 0.897553 0.000000 0.440906 0.000000 0.000000 0.000000
2898.127686 0.000000 1312.416626 0.000000 0.821195 0.000000 0.570648 0.000000 0.000000 0.000000
2930.789307 0.000000 1311.227905 0.000000 0.882565 0.000000 0.470191 0.000000 0.000000 0.000000
2935.531250 0.000000 1309.744263 0.000000 0.989654 0.000000 -0.143478 1.000000 1.000000 1.000000
2914.932617 0.000000 1353.217529 0.000000 0.982993 0.000000 -0.183645 0.000000 0.000000 0.000000
2934.173828 0.000000 1305.324829 0.000000 0.917193 0.000000 0.398444 0.000000 0.000000 0.000000
2907.932861 0.000000 1319.410278 0.000000 0.960161 0.000000 0.279448 0.000000 0.000000 0.000000
2924.376709 0.000000 1345.408325 0.000000 0.972682 0.000000 0.232143 0.000000 0.000000 0.000000
2902.628418 0.000000 1329.167847 0.000000 0.938463 0.000000 0.345380 0.000000 0.000000 0.000000
2889.604492 0.000000 1326.594971 0.000000 0.972584 0.000000 0.232551 0.000000 0.000000 0.000000
2993.272949 0.000000 1276.281128 0.000000 0.997728 0.000000 -0.067364 0.000000 0.000000 0.000000
2953.203857 0.000000 1278.357056 0.000000 0.964337 0.000000 -0.264679 0.000000 0.000000 0.000000
2999.107910 0.000000 1287.857544 0.000000 0.996236 0.000000 0.086679 0.000000 0.000000 0.000000
2997.993896 0.000000 1263.942383 0.000000 0.923297 0.000000 0.384087 0.000000 0.000000 0.000000
3001.910400 0.000000 1290.607300 0.000000 0.912083 0.000000 0.410006 0.000000 0.000000 0.000000
2971.635498 0.000000 1265.706665 0.000000 0.976589 0.000000 -0.215115 1.000000 1.000000 1.000000
3028.569336 0.000000 1248.042725 0.000000 0.966890 0.000000 0.255194 0.000000 0.000000 0.000000
3038.530029 0.000000 1266.116333 0.000000 0.980830 0.000000 0.194867 0.000000 0.000000 0.000000
3025.722656 0.000000 1294.833618 0.000000 0.961972 0.000000 0.273147 1.000000 1.000000 1.000000
3000.065674 0.000000 1324.503174 0.000000 0.886757 0.000000 0.462237 0.000000 0.000000 0.000000
2999.637939 0.000000 1314.884033 0.000000 0.987973 0.000000 0.154625 0.000000 0.000000 0.000000
2958.007324 0.000000 1330.030884 0.000000 0.971275 0.000000 -0.237961 0.000000 0.000000 0.000000
2994.842529 0.000000 1317.010620 0.000000 0.999372 0.000000 -0.035430 0.000000 0.000000 0.000000
3053.516602 0.000000 1313.873901 0.000000 0.957017 0.000000 0.290030 0.000000 0.000000 0.000000
3018.351318 0.000000 1320.019531 0.000000 0.998997 0.000000 0.044783 0.000000 0.000000 0.000000
3053.311035 0.000000 1333.490479 0.000000 0.988131 0.000000 0.153611 0.000000 0.000000 0.000000
3049.322754 0.000000 1347.416260 0.000000 0.806108 0.000000 0.591768 1.000000 1.000000 1.000000
3044.620605 0.000000 1345.849121 0.000000 0.985003 0.000000 -0.172539 0.000000 0.000000 0.000000
3041.099609 0.000000 1333.090332 0.000000 0.990367 0.000000 0.138466 1.000000 1.000000 1.000000
3021.099609 0.000000 1318.917236 0.000000 0.996271 0.000000 -0.086280 0.000000 0.000000 0.000000
3065.384521 0.000000 1355.392334 0.000000 0.868721 0.000000 0.495302 1.000000 1.000000 1.000000
3024.186279 0.000000 1318.291870 0.000000 0.913424 0.000000 0.407009 1.000000 1.000000 1.000000
2258.127686 0.000000 1368.901001 0.000000 0.957505 0.000000 0.288416 0.000000 0.000000 0.000000
2271.758545 0.000000 1385.784668 0.000000 0.914714 0.000000 0.404103 0.000000 0.000000 0.000000
2262.477783 0.000000 1390.518311 0.000000 0.976936 0.000000 0.213531 0.000000 0.000000 0.000000
2266.122314 0.000000 1366.433350 0.000000 0.985813 0.000000 0.167848 0.000000 0.000000 0.000000
2259.007568 0.000000 1373.703369 0.000000 0.997257 0.000000 -0.074011 0.000000 0.000000 0.000000
2262.937256 0.000000 1370.052368 0.000000 0.913556 0.000000 0.406714 0.000000 0.000000 0.000000
2258.817383 0.000000 1386.068848 0.000000 0.952319 0.000000 0.305104 0.000000 0.000000 0.000000
2257.939453 0.000000 1397.420532 0.000000 0.997265 0.000000 0.073914 0.000000 0.000000 0.000000
2264.572266 0.000000 1395.089355 0.000000 0.989053 0.000000 0.147562 0.000000 0.000000 0.000000
2260.968506 0.000000 1464.234497 0.000000 0.982491 0.000000 -0.186311 0.000000 0.000000 0.000000
2271.453613 0.000000 1428.839478 0.000000 0.998412 0.000000 0.056328 0.000000 0.000000 0.000000
2270.236816 0.000000 1464.639282 0.000000 0.876327 0.000000 0.481717 0.000000 0.000000 0.000000
2275.764893 0.000000 1437.956665 0.000000 0.940068 0.000000 0.340987 0.000000 0.000000 0.000000
2294.864258 0.000000 1467.108032 0.000000 0.998120 0.000000 -0.061286 0.000000 0.000000 0.000000
2278.535645 0.000000 1441.617432 0.000000 0.990447 0.000000 0.137892 0.000000 0.000000 0.000000
2278.889160 0.000000 1435.548950 0.000000 0.993840 0.000000 -0.110822 0.000000 0.000000 0.000000
2255.831299 0.000000 1416.281250 0.000000 0.987026 0.000000 -0.160563 0.000000 0.000000 0.000000
2285.386719 0.000000 1466.816406 0.000000 0.999794 0.000000 0.020314 0.000000 0.000000 0.000000
2263.836426 0.000000 1462.722290 0.000000 0.924677 0.000000 0.380752 0.000000 0.000000 0.000000
2266.122314 0.000000 1479.402100 0.000000 0.933765 0.000000 0.357887 1.000000 1.000000 1.000000
2281.260742 0.000000 1512.815918 0.000000 0.988900 0.000000 -0.148580 0.000000 0.000000 0.000000
2272.617920 0.000000 1471.959351 0.000000 0.980890 0.000000 0.194562 0.000000 0.000000 0.000000
2284.063232 0.000000 1534.067261 0.000000 0.967242 0.000000 0.253856 0.000000 0.000000 0.000000
2290.789307 0.000000 1537.165405 0.000000 0.999960 0.000000 -0.008930 0.000000 0.000000 0.000000
2295.531250 0.000000 1535.681763 0.000000 0.979749 0.000000 -0.200231 0.000000 0.000000 0.000000
2282.673340 0.000000 1525.222046 0.000000 0.979745 0.000000 0.200250 0.000000 0.000000 0.000000
2299.100830 0.000000 1535.170898 0.000000 0.995030 0.000000 -0.099579 0.000000 0.000000 0.000000
2330.364746 0.000000 1381.186279 0.000000 0.999993 0.000000 0.003854 0.000000 0.000000 0.000000
2336.448975 0.000000 1381.620361 0.000000 0.992381 0.000000 -0.123203 0.000000 0.000000 0.000000
2388.968506 0.000000 1407.750122 0.000000 0.884222 0.000000 0.467067 0.000000 0.000000 0.000000
2369.451416 0.000000 1367.800659 0.000000 0.993375 0.000000 0.114922 0.000000 0.000000 0.000000
2386.127686 0.000000 1368.901001 0.000000 0.977887 0.000000 -0.209133 0.000000 0.000000 0.000000
2379.959473 0.000000 1404.115845 0.000000 0.896672 0.000000 0.442695 0.000000 0.000000 0.000000
2423.637939 0.000000 1371.368408 0.000000 0.915472 0.000000 0.402381 0.000000 0.000000 0.000000
2372.032471 0.000000 1387.236572 0.000000 0.930466 0.000000 0.366378 0.000000 0.000000 0.000000
2388.089355 0.000000 1400.441895 0.000000 0.946599 0.000000 0.322413 0.000000 0.000000 0.000000
2429.212891 0.000000 1381.016724 0.000000 0.929993 0.000000 0.367577 0.000000 0.000000 0.000000
2372.755371 0.000000 1383.497681 0.000000 0.962386 0.000000 -0.271686 0.000000 0.000000 0.000000
2372.948486 0.000000 1355.740112 0.000000 0.983049 0.000000 0.183341 0.000000 0.000000 0.000000
2380.526855 0.000000 1378.670776 0.000000 0.933891 0.000000 0.357558 0.000000 0.000000 0.000000
2426.631836 0.000000 1390.761475 0.000000 0.937599 0.000000 0.347719 0.000000 0.000000 0.000000
2358.816650 0.000000 1413.360107 0.000000 0.996586 0.000000 -0.082565 0.000000 0.000000 0.000000
2356.365479 0.000000 1451.375610 0.000000 0.964507 0.000000 -0.264056 0.000000 0.000000 0.000000
2362.511719 0.000000 1432.619385 0.000000 0.936328 0.000000 0.351126 0.000000 0.000000 0.000000
2349.311035 0.000000 1446.459229 0.000000 0.995583 0.000000 -0.093885 0.000000 0.000000 0.000000
2337.099609 0.000000 1446.059082 0.000000 0.833713 0.000000 0.552198 1.000000 1.000000 1.000000
2363.100830 0.000000 1422.202148 0.000000 0.997528 0.000000 -0.070276 0.000000 0.000000 0.000000
2332.947998 0.000000 1442.181152 0.000000 0.929538 0.000000 0.368726 0.000000 0.000000 0.000000
2426.368164 0.000000 1464.035278 0.000000 0.817101 0.000000 0.576495 0.000000 0.000000 0.000000
2398.236816 0.000000 1464.639282 0.000000 0.844694 0.000000 0.535250 0.000000 0.000000 0.000000
2377.203857 0.000000 1447.810181 0.000000 0.965224 0.000000 -0.261426 1.000000 1.000000 1.000000
2413.943604 0.000000 1414.464355 0.000000 0.952045 0.000000 0.305958 0.000000 0.000000 0.000000
2393.505615 0.000000 1465.881104 0.000000 0.978650 0.000000 -0.205536 0.000000 0.000000 0.000000
2385.260010 0.000000 1438.566528 0.000000 0.901569 0.000000 0.432636 1.000000 1.000000 1.000000
2389.503174 0.000000 1460.428589 0.000000 0.992492 0.000000 0.122311 0.000000 0.000000 0.000000
2414.042969 0.000000 1417.963989 0.000000 0.993260 0.000000 0.115911 0.000000 0.000000 0.000000
2377.866211 0.000000 1451.181763 0.000000 0.976329 0.000000 -0.216290 1.000000 1.000000 1.000000
2379.406250 0.000000 1445.180176 0.000000 0.901851 0.000000 0.432048 1.000000 1.000000 1.000000
2403.104248 0.000000 1420.651489 0.000000 0.991845 0.000000 0.127454 1.000000 1.000000 1.000000
2380.457520 0.000000 1463.885254 0.000000 0.903776 0.000000 0.428006 1.000000 1.000000 1.000000
2410.835938 0.000000 1418.115601 0.000000 0.998692 0.000000 -0.051124 0.000000 0.000000 0.000000
2372.948486 0.000000 1412.224487 0.000000 0.993176 0.000000 0.116625 1.000000 1.000000 1.000000
2385.722656 0.000000 1464.286743 0.000000 0.999350 0.000000 -0.036061 0.000000 0.000000 0.000000
2374.056885 0.000000 1457.047119 0.000000 0.998117 0.000000 0.061332 1.000000 1.000000 1.000000
2480.205322 0.000000 1412.083740 0.000000 0.889673 0.000000 0.456599 0.000000 0.000000 0.000000
2434.396484 0.000000 1357.487183 0.000000 0.906352 0.000000 0.422523 0.000000 0.000000 0.000000
2436.032471 0.000000 1387.236572 0.000000 0.937518 0.000000 0.347936 0.000000 0.000000 0.000000
2441.203857 0.000000 1391.325806 0.000000 0.968857 0.000000 0.247620 0.000000 0.000000 0.000000
2436.048096 0.000000 1363.975098 0.000000 0.999117 0.000000 0.042015 0.000000 0.000000 0.000000
2445.507080 0.000000 1391.439453 0.000000 0.982561 0.000000 0.185943 0.000000 0.000000 0.000000
2455.371094 0.000000 1398.638916 0.000000 0.979288 0.000000 -0.202473 0.000000 0.000000 0.000000
2450.230469 0.000000 1393.660522 0.000000 0.974393 0.000000 -0.224849 0.000000 0.000000 0.000000
2438.508057 0.000000 1407.716187 0.000000 0.972996 0.000000 0.230821 0.000000 0.000000 0.000000
2485.861084 0.000000 1403.691406 0.000000 0.832928 0.000000 0.553382 0.000000 0.000000 0.000000
2449.664795 0.000000 1362.281006 0.000000 0.999630 0.000000 0.027194 0.000000 0.000000 0.000000
2465.448975 0.000000 1378.921753 0.000000 0.998464 0.000000 0.055396 0.000000 0.000000 0.000000
2468.759766 0.000000 1377.001221 0.000000 0.898780 0.000000 0.438401 1.000000 1.000000 1.000000
2445.099609 0.000000 1375.401611 0.000000 0.817460 0.000000 0.575985 1.000000 1.000000 1.000000
2517.705078 0.000000 1382.492676 0.000000 0.962816 0.000000 0.270159 0.000000 0.000000 0.000000
2552.065674 0.000000 1380.987549 0.000000 0.995610 0.000000 0.093594 0.000000 0.000000 0.000000
2554.511719 0.000000 1376.135010 0.000000 0.988782 0.000000 0.149369 0.000000 0.000000 0.000000
2508.112305 0.000000 1370.531738 0.000000 0.926092 0.000000 0.377298 0.000000 0.000000 0.000000
2439.979980 0.000000 1454.244629 0.000000 0.974038 0.000000 -0.226384 0.000000 0.000000 0.000000
2473.260742 0.000000 1456.331543 0.000000 0.998618 0.000000 -0.052559 0.000000 0.000000 0.000000
2486.382080 0.000000 1441.437012 0.000000 0.999603 0.000000 0.028176 0.000000 0.000000 0.000000
2477.375000 0.000000 1437.031006 0.000000 0.997156 0.000000 -0.075365 0.000000 0.000000 0.000000
2479.537109 0.000000 1439.237793 0.000000 0.834578 0.000000 0.550889 1.000000 1.000000 1.000000
2487.819336 0.000000 1430.940308 0.000000 0.999639 0.000000 0.026853 0.000000 0.000000 0.000000
2483.016113 0.000000 1432.960449 0.000000 0.963729 0.000000 0.266882 0.000000 0.000000 0.000000
2470.581055 0.000000 1447.233765 0.000000 0.907641 0.000000 0.419746 0.000000 0.000000 0.000000
2503.979980 0.000000 1454.244629 0.000000 0.999104 0.000000 -0.042311 0.000000 0.000000 0.000000
2551.107910 0.000000 1457.310669 0.000000 0.987607 0.000000 -0.156945 0.000000 0.000000 0.000000
2502.330566 0.000000 1424.206177 0.000000 0.952400 0.000000 0.304852 0.000000 0.000000 0.000000
2536.763184 0.000000 1427.231567 0.000000 0.990507 0.000000 -0.137463 0.000000 0.000000 0.000000
2514.817383 0.000000 1442.553223 0.000000 0.993182 0.000000 0.116577 0.000000 0.000000 0.000000
2496.513916 0.000000 1428.190186 0.000000 0.999822 0.000000 0.018851 0.000000 0.000000 0.000000
2499.837158 0.000000 1435.671509 0.000000 0.971846 0.000000 -0.235617 0.000000 0.000000 0.000000
2538.835938 0.000000 1418.115601 0.000000 0.999333 0.000000 -0.036511 1.000000 1.000000 1.000000
2519.191895 0.000000 1458.000000 0.000000 0.904922 0.000000 0.425577 1.000000 1.000000 1.000000
2330.979736 0.000000 1510.426514 0.000000 0.831559 0.000000 0.555436 0.000000 0.000000 0.000000
2365.512207 0.000000 1468.619873 0.000000 0.990256 0.000000 0.139262 0.000000 0.000000 0.000000
2365.248291 0.000000 1514.595825 0.000000 0.999892 0.000000 0.014673 0.000000 0.000000 0.000000
2365.212891 0.000000 1493.985474 0.000000 0.819394 0.000000 0.573231 0.000000 0.000000 0.000000
2355.863525 0.000000 1492.966431 0.000000 0.999161 0.000000 -0.040957 0.000000 0.000000 0.000000
2365.032959 0.000000 1490.781860 0.000000 0.831779 0.000000 0.555108 0.000000 0.000000 0.000000
2339.200439 0.000000 1481.390747 0.000000 0.966876 0.000000 0.255248 1.000000 1.000000 1.000000
2413.516602 0.000000 1483.327026 0.000000 0.953613 0.000000 0.301036 0.000000 0.000000 0.000000
2401.210205 0.000000 1513.467041 0.000000 0.999986 0.000000 0.005344 0.000000 0.000000 0.000000
2398.530029 0.000000 1492.053833 0.000000 0.872875 0.000000 0.487944 0.000000 0.000000 0.000000
2429.212891 0.000000 1493.985474 0.000000 0.969712 0.000000 -0.244249 0.000000 0.000000 0.000000
2382.220459 0.000000 1485.674683 0.000000 0.860534 0.000000 0.509393 0.000000 0.000000 0.000000
2386.283447 0.000000 1469.726440 0.000000 0.826231 0.000000 0.563332 0.000000 0.000000 0.000000
2368.156738 0.000000 1523.493896 0.000000 0.998468 0.000000 -0.055326 0.000000 0.000000 0.000000
2419.863525 0.000000 1492.966431 0.000000 0.996548 0.000000 -0.083022 0.000000 0.000000 0.000000
2375.437256 0.000000 1523.637329 0.000000 0.987590 0.000000 -0.157052 0.000000 0.000000 0.000000
2324.968506 0.000000 1577.203247 0.000000 0.915326 0.000000 0.402713 0.000000 0.000000 0.000000
2362.544434 0.000000 1565.501221 0.000000 0.922472 0.000000 0.386064 0.000000 0.000000 0.000000
2362.807129 0.000000 1531.732666 0.000000 0.916949 0.000000 0.399005 0.000000 0.000000 0.000000
2335.758545 0.000000 1555.237793 0.000000 0.981738 0.000000 0.190236 0.000000 0.000000 0.000000
2358.173828 0.000000 1531.262329 0.000000 0.975660 0.000000 0.219290 0.000000 0.000000 0.000000
2334.953613 0.000000 1581.330688 0.000000 0.998400 0.000000 0.056552 0.000000 0.000000 0.000000
2327.293701 0.000000 1548.642944 0.000000 0.897565 0.000000 0.440883 0.000000 0.000000 0.000000
2370.396484 0.000000 1526.940308 0.000000 0.985571 0.000000 0.169265 0.000000 0.000000 0.000000
2368.255127 0.000000 1572.218994 0.000000 0.997954 0.000000 -0.063937 0.000000 0.000000 0.000000
2446.873047 0.000000 1476.640869 0.000000 0.942160 0.000000 0.335163 0.000000 0.000000 0.000000
2470.346680 0.000000 1522.851440 0.000000 0.874169 0.000000 0.485622 0.000000 0.000000 0.000000
2448.939697 0.000000 1484.522461 0.000000 0.966120 0.000000 0.258092 0.000000 0.000000 0.000000
2530.900879 0.000000 1468.658447 0.000000 0.984399 0.000000 -0.175951 0.000000 0.000000 0.000000
2540.662354 0.000000 1519.173950 0.000000 0.914529 0.000000 0.404520 0.000000 0.000000 0.000000
2519.491943 0.000000 1469.225220 0.000000 0.980863 0.000000 -0.194697 0.000000 0.000000 0.000000
2528.448975 0.000000 1494.589111 0.000000 0.814226 0.000000 0.580549 0.000000 0.000000 0.000000
2537.967773 0.000000 1498.411621 0.000000 0.964386 0.000000 0.264499 1.000000 1.000000 1.000000
2529.099609 0.000000 1502.543457 0.000000 0.997981 0.000000 0.063520 0.000000 0.000000 0.000000
2504.667480 0.000000 1473.372925 0.000000 0.990285 0.000000 0.139050 0.000000 0.000000 0.000000
2529.448975 0.000000 1491.890503 0.000000 0.863360 0.000000 0.504589 1.000000 1.000000 1.000000
2524.947998 0.000000 1498.665527 0.000000 0.907475 0.000000 0.420105 1.000000 1.000000 1.000000
2463.453613 0.000000 1541.808228 0.000000 0.965956 0.000000 -0.258707 0.000000 0.000000 0.000000
2481.519043 0.000000 1531.407715 0.000000 0.995239 0.000000 0.097465 0.000000 0.000000 0.000000
2446.007324 0.000000 1555.968384 0.000000 0.997732 0.000000 0.067317 0.000000 0.000000 0.000000
2469.432373 0.000000 1536.105225 0.000000 0.980128 0.000000 -0.198368 0.000000 0.000000 0.000000
2467.991211 0.000000 1540.804565 0.000000 0.999981 0.000000 -0.006122 0.000000 0.000000 0.000000
2450.817383 0.000000 1555.521973 0.000000 0.987809 0.000000 0.155672 0.000000 0.000000 0.000000
2486.173828 0.000000 1531.262329 0.000000 0.972787 0.000000 -0.231700 0.000000 0.000000 0.000000
2449.260010 0.000000 1551.535278 0.000000 0.876284 0.000000 0.481796 0.000000 0.000000 0.000000
2459.932861 0.000000 1545.347778 0.000000 0.981545 0.000000 0.191230 1.000000 1.000000 1.000000
2445.507080 0.000000 1560.892578 0.000000 0.999380 0.000000 0.035207 0.000000 0.000000 0.000000
2436.755371 0.000000 1552.950806 0.000000 0.926036 0.000000 0.377436 0.000000 0.000000 0.000000
2455.293701 0.000000 1548.642944 0.000000 0.987773 0.000000 -0.155896 0.000000 0.000000 0.000000
2432.009766 0.000000 1567.270630 0.000000 0.955270 0.000000 0.295736 0.000000 0.000000 0.000000
2473.967773 0.000000 1554.895996 0.000000 0.910404 0.000000 0.413721 1.000000 1.000000 1.000000
2473.677002 0.000000 1543.145142 0.000000 0.995133 0.000000 0.098546 0.000000 0.000000 0.000000
2434.356934 0.000000 1529.976318 0.000000 0.990530 0.000000 -0.137300 0.000000 0.000000 0.000000
2451.991699 0.000000 1558.305664 0.000000 0.993546 0.000000 -0.113430 0.000000 0.000000 0.000000
2485.519043 0.000000 1551.703491 0.000000 0.952096 0.000000 0.305798 1.000000 1.000000 1.000000
2457.706787 0.000000 1538.717529 0.000000 0.973400 0.000000 0.229112 0.000000 0.000000 0.000000
2457.283936 0.000000 1546.695923 0.000000 0.975970 0.000000 0.217903 1.000000 1.000000 1.000000
2533.982422 0.000000 1575.339966 0.000000 0.805165 0.000000 0.593050 0.000000 0.000000 0.000000
2516.089355 0.000000 1569.895020 0.000000 0.803689 0.000000 0.595049 0.000000 0.000000 0.000000
2548.365479 0.000000 1564.344360 0.000000 0.974298 0.000000 0.225265 0.000000 0.000000 0.000000
2557.248291 0.000000 1571.080200 0.000000 0.992619 0.000000 -0.121272 0.000000 0.000000 0.000000
2558.419189 0.000000 1567.225464 0.000000 0.998709 0.000000 0.050802 0.000000 0.000000 0.000000
2532.620605 0.000000 1571.786621 0.000000 0.971875 0.000000 -0.235496 0.000000 0.000000 0.000000
2551.060791 0.000000 1566.677856 0.000000 0.999926 0.000000 0.012131 0.000000 0.000000 0.000000
2554.631836 0.000000 1560.214600 0.000000 0.869742 0.000000 0.493506 1.000000 1.000000 1.000000
2529.448975 0.000000 1548.374878 0.000000 0.846824 0.000000 0.531873 1.000000 1.000000 1.000000
2513.360840 0.000000 1571.238525 0.000000 0.971020 0.000000 -0.238998 0.000000 0.000000 0.000000
2510.604980 0.000000 1572.655151 0.000000 0.984411 0.000000 0.175885 0.000000 0.000000 0.000000
2174.419189 0.000000 1736.678589 0.000000 0.998722 0.000000 0.050534 0.000000 0.000000 0.000000
2163.456055 0.000000 1801.303833 0.000000 0.994415 0.000000 0.105542 0.000000 0.000000 0.000000
2145.210205 0.000000 1795.888916 0.000000 0.993369 0.000000 0.114966 0.000000 0.000000 0.000000
2173.658936 0.000000 1786.331421 0.000000 0.998912 0.000000 -0.046632 0.000000 0.000000 0.000000
2157.943604 0.000000 1753.370605 0.000000 0.970972 0.000000 -0.239194 0.000000 0.000000 0.000000
2142.060547 0.000000 1799.170532 0.000000 0.995662 0.000000 0.093048 0.000000 0.000000 0.000000
2165.013428 0.000000 1785.661987 0.000000 0.840183 0.000000 0.542304 0.000000 0.000000 0.000000
2153.322754 0.000000 1799.291260 0.000000 0.922117 0.000000 0.386912 0.000000 0.000000 0.000000
2170.385010 0.000000 1753.607666 0.000000 0.966353 0.000000 0.257218 0.000000 0.000000 0.000000
2118.508057 0.000000 1803.106812 0.000000 0.996090 0.000000 0.088344 0.000000 0.000000 0.000000
2172.832764 0.000000 1783.337402 0.000000 0.974042 0.000000 0.226369 0.000000 0.000000 0.000000
2122.072266 0.000000 1807.187622 0.000000 0.983894 0.000000 0.178756 0.000000 0.000000 0.000000
2170.504395 0.000000 1774.774536 0.000000 0.945947 0.000000 0.324321 0.000000 0.000000 0.000000
2217.385498 0.000000 1727.449341 0.000000 0.995890 0.000000 -0.090576 0.000000 0.000000 0.000000
2216.974609 0.000000 1706.052856 0.000000 0.999833 0.000000 -0.018294 0.000000 0.000000 0.000000
2296.065674 0.000000 1719.893799 0.000000 0.929128 0.000000 0.369760 0.000000 0.000000 0.000000
2274.015137 0.000000 1715.026733 0.000000 0.994402 0.000000 0.105663 0.000000 0.000000 0.000000
2294.382080 0.000000 1723.858887 0.000000 0.979488 0.000000 -0.201503 0.000000 0.000000 0.000000
2242.356934 0.000000 1699.429443 0.000000 0.933856 0.000000 0.357650 0.000000 0.000000 0.000000
2252.112305 0.000000 1709.437988 0.000000 0.934716 0.000000 0.355396 0.000000 0.000000 0.000000
2342.889160 0.000000 1605.002075 0.000000 0.977628 0.000000 -0.210341 0.000000 0.000000 0.000000
2336.617920 0.000000 1584.928101 0.000000 0.993042 0.000000 0.117759 0.000000 0.000000 0.000000
2348.376709 0.000000 1627.830200 0.000000 0.887396 0.000000 0.461008 0.000000 0.000000 0.000000
2388.089355 0.000000 1626.379395 0.000000 0.994493 0.000000 0.104798 0.000000 0.000000 0.000000
2330.979736 0.000000 1679.879639 0.000000 0.966890 0.000000 -0.255193 0.000000 0.000000 0.000000
2340.276123 0.000000 1671.293579 0.000000 0.998094 0.000000 -0.061719 0.000000 0.000000 0.000000
2340.045898 0.000000 1643.321777 0.000000 0.993391 0.000000 -0.114780 0.000000 0.000000 0.000000
2334.060547 0.000000 1686.201782 0.000000 0.990378 0.000000 0.138391 0.000000 0.000000 0.000000
2333.237549 0.000000 1671.569092 0.000000 0.845649 0.000000 0.533739 0.000000 0.000000 0.000000
2337.099609 0.000000 1671.996582 0.000000 0.882239 0.000000 0.470801 0.000000 0.000000 0.000000
2354.798096 0.000000 1674.728027 0.000000 0.996175 0.000000 0.087378 0.000000 0.000000 0.000000
2369.451416 0.000000 1650.222534 0.000000 0.809914 0.000000 0.586548 0.000000 0.000000 0.000000
2396.793701 0.000000 1640.888672 0.000000 0.978824 0.000000 0.204705 0.000000 0.000000 0.000000
2391.491943 0.000000 1638.678345 0.000000 0.831721 0.000000 0.555194 0.000000 0.000000 0.000000
2393.237549 0.000000 1644.205811 0.000000 0.976809 0.000000 0.214115 0.000000 0.000000 0.000000
2395.932861 0.000000 1658.316528 0.000000 0.946540 0.000000 0.322586 0.000000 0.000000 0.000000
2404.620605 0.000000 1684.755371 0.000000 0.916577 0.000000 0.399858 0.000000 0.000000 0.000000
2406.346680 0.000000 1692.304565 0.000000 0.939563 0.000000 0.342376 0.000000 0.000000 0.000000
2409.065186 0.000000 1689.752441 0.000000 0.963740 0.000000 0.266843 0.000000 0.000000 0.000000
2401.099609 0.000000 1671.996582 0.000000 0.954646 0.000000 0.297745 0.000000 0.000000 0.000000
2428.832764 0.000000 1670.368652 0.000000 0.869683 0.000000 0.493611 0.000000 0.000000 0.000000
2375.437256 0.000000 1693.090454 0.000000 0.999933 0.000000 -0.011554 0.000000 0.000000 0.000000
2440.667480 0.000000 1586.341675 0.000000 0.991539 0.000000 -0.129811 1.000000 1.000000 1.000000
2476.352051 0.000000 1598.823608 0.000000 0.999119 0.000000 0.041966 1.000000 1.000000 1.000000
2497.451416 0.000000 1593.738159 0.000000 0.908343 0.000000 0.418227 0.000000 0.000000 0.000000
2554.544434 0.000000 1621.985596 0.000000 0.866979 0.000000 0.498345 0.000000 0.000000 0.000000
2526.236816 0.000000 1634.092407 0.000000 0.978403 0.000000 -0.206708 0.000000 0.000000 0.000000
2534.686279 0.000000 1581.868286 0.000000 0.989524 0.000000 -0.144370 0.000000 0.000000 0.000000
2543.663086 0.000000 1591.574341 0.000000 0.999538 0.000000 -0.030408 0.000000 0.000000 0.000000
2525.423096 0.000000 1620.114380 0.000000 0.813946 0.000000 0.580941 1.000000 1.000000 1.000000
2523.635498 0.000000 1604.612915 0.000000 0.989780 0.000000 0.142602 0.000000 0.000000 0.000000
2458.073975 0.000000 1668.563354 0.000000 0.986146 0.000000 0.165882 0.000000 0.000000 0.000000
2454.937256 0.000000 1652.474243 0.000000 0.993612 0.000000 0.112851 0.000000 0.000000 0.000000
2544.205322 0.000000 1694.505615 0.000000 0.831235 0.000000 0.555922 0.000000 0.000000 0.000000
2549.993896 0.000000 1659.333008 0.000000 0.950981 0.000000 0.309250 0.000000 0.000000 0.000000
2531.104248 0.000000 1646.588989 0.000000 0.962634 0.000000 0.270807 0.000000 0.000000 0.000000
2529.448975 0.000000 1661.343628 0.000000 0.999812 0.000000 -0.019381 0.000000 0.000000 0.000000
2349.516602 0.000000 1709.264526 0.000000 0.984133 0.000000 -0.177430 0.000000 0.000000 0.000000
2332.793701 0.000000 1697.373047 0.000000 0.998009 0.000000 0.063078 0.000000 0.000000 0.000000
2306.500488 0.000000 1714.275269 0.000000 0.993718 0.000000 -0.111909 0.000000 0.000000 0.000000
2326.937256 0.000000 1708.958618 0.000000 0.815915 0.000000 0.578171 0.000000 0.000000 0.000000
2308.755371 0.000000 1722.403931 0.000000 0.995344 0.000000 0.096390 0.000000 0.000000 0.000000
2352.918701 0.000000 1709.517456 0.000000 0.972382 0.000000 -0.233395 0.000000 0.000000 0.000000
2356.463867 0.000000 1709.613037 0.000000 0.974690 0.000000 0.223559 0.000000 0.000000 0.000000
2359.819336 0.000000 1713.362183 0.000000 0.970370 0.000000 -0.241626 0.000000 0.000000 0.000000
2371.837158 0.000000 1718.093384 0.000000 0.999615 0.000000 0.027738 0.000000 0.000000 0.000000
2410.673340 0.000000 1694.675171 0.000000 0.801469 0.000000 0.598036 0.000000 0.000000 0.000000
2380.457520 0.000000 1746.307129 0.000000 0.823785 0.000000 0.566902 0.000000 0.000000 0.000000
2377.604492 0.000000 1721.985596 0.000000 0.980745 0.000000 0.195291 0.000000 0.000000 0.000000
2387.991699 0.000000 1727.758789 0.000000 0.995724 0.000000 -0.092374 0.000000 0.000000 0.000000
2384.186279 0.000000 1713.682495 0.000000 0.999803 0.000000 0.019837 1.000000 1.000000 1.000000
2422.816650 0.000000 1752.266357 0.000000 0.991427 0.000000 -0.130663 0.000000 0.000000 0.000000
2408.763184 0.000000 1766.137817 0.000000 0.997475 0.000000 0.071022 0.000000 0.000000 0.000000
2408.015625 0.000000 1758.644165 0.000000 0.884579 0.000000 0.466390 0.000000 0.000000 0.000000
2383.831299 0.000000 1755.187500 0.000000 0.999102 0.000000 -0.042363 0.000000 0.000000 0.000000
2420.463867 0.000000 1766.097412 0.000000 0.861997 0.000000 0.506913 0.000000 0.000000 0.000000
2479.722412 0.000000 1738.850952 0.000000 0.873161 0.000000 0.487433 0.000000 0.000000 0.000000
2481.272949 0.000000 1728.156128 0.000000 0.907388 0.000000 0.420294 0.000000 0.000000 0.000000
2454.477783 0.000000 1729.424561 0.000000 0.989924 0.000000 0.141596 0.000000 0.000000 0.000000
2474.009521 0.000000 1749.467896 0.000000 0.959973 0.000000 0.280091 0.000000 0.000000 0.000000
2450.230469 0.000000 1732.566772 0.000000 0.871630 0.000000 0.490165 0.000000 0.000000 0.000000
2489.384521 0.000000 1750.782959 0.000000 0.969334 0.000000 -0.245745 1.000000 1.000000 1.000000
2462.952637 0.000000 1714.043579 0.000000 0.854955 0.000000 0.518702 0.000000 0.000000 0.000000
2559.957764 0.000000 1715.430298 0.000000 0.852843 0.000000 0.522168 0.000000 0.000000 0.000000
2525.020508 0.000000 1707.361572 0.000000 0.966253 0.000000 -0.257594 1.000000 1.000000 1.000000
2538.835938 0.000000 1700.537476 0.000000 0.976289 0.000000 0.216469 0.000000 0.000000 0.000000
2556.832764 0.000000 1726.853027 0.000000 0.998144 0.000000 0.060902 0.000000 0.000000 0.000000
2460.793701 0.000000 1753.857422 0.000000 0.999164 0.000000 0.040884 0.000000 0.000000 0.000000
2487.637939 0.000000 1766.759033 0.000000 0.900133 0.000000 0.435615 0.000000 0.000000 0.000000
2472.015625 0.000000 1758.644165 0.000000 0.973378 0.000000 -0.229207 0.000000 0.000000 0.000000
2474.673340 0.000000 1751.159546 0.000000 0.999753 0.000000 -0.022235 0.000000 0.000000 0.000000
2479.663086 0.000000 1761.027466 0.000000 0.999839 0.000000 -0.017963 0.000000 0.000000 0.000000
2480.746582 0.000000 1754.253296 0.000000 0.869794 0.000000 0.493414 1.000000 1.000000 1.000000
2448.939697 0.000000 1766.944336 0.000000 0.998716 0.000000 0.050655 1.000000 1.000000 1.000000
2511.273193 0.000000 1772.934204 0.000000 0.995379 0.000000 0.096028 0.000000 0.000000 0.000000
2530.900879 0.000000 1751.080322 0.000000 0.990053 0.000000 -0.140692 0.000000 0.000000 0.000000
2502.424561 0.000000 1771.375732 0.000000 0.978532 0.000000 0.206095 0.000000 0.000000 0.000000
2538.673340 0.000000 1751.159546 0.000000 0.959331 0.000000 0.282284 0.000000 0.000000 0.000000
2525.958740 0.000000 1761.215942 0.000000 0.815016 0.000000 0.579438 1.000000 1.000000 1.000000
2585.505615 0.000000 1409.396729 0.000000 0.903917 0.000000 0.427707 0.000000 0.000000 0.000000
2571.406250 0.000000 1388.695801 0.000000 0.967734 0.000000 0.251973 0.000000 0.000000 0.000000
2564.948486 0.000000 1355.740112 0.000000 0.901657 0.000000 0.432452 0.000000 0.000000 0.000000
2572.112305 0.000000 1370.531738 0.000000 0.885762 0.000000 0.464140 1.000000 1.000000 1.000000
2645.705078 0.000000 1382.492676 0.000000 0.954279 0.000000 0.298918 0.000000 0.000000 0.000000
2638.007324 0.000000 1386.515259 0.000000 0.873496 0.000000 0.486831 0.000000 0.000000 0.000000
2678.816650 0.000000 1356.875732 0.000000 0.999991 0.000000 0.004250 0.000000 0.000000 0.000000
2649.621582 0.000000 1403.499878 0.000000 0.825933 0.000000 0.563768 0.000000 0.000000 0.000000
2656.426758 0.000000 1368.062866 0.000000 0.998509 0.000000 -0.054594 0.000000 0.000000 0.000000
2630.056885 0.000000 1400.562744 0.000000 0.904406 0.000000 0.426673 0.000000 0.000000 0.000000
2561.319092 0.000000 1450.997803 0.000000 0.997215 0.000000 0.074582 0.000000 0.000000 0.000000
2601.260742 0.000000 1456.331543 0.000000 0.899625 0.000000 0.436663 0.000000 0.000000 0.000000
2593.947754 0.000000 1461.582886 0.000000 0.977547 0.000000 0.210715 0.000000 0.000000 0.000000
2572.457520 0.000000 1463.885254 0.000000 0.970542 0.000000 0.240934 0.000000 0.000000 0.000000
2601.967773 0.000000 1441.927246 0.000000 0.818060 0.000000 0.575132 0.000000 0.000000 0.000000
2566.508057 0.000000 1464.200562 0.000000 0.992996 0.000000 -0.118147 0.000000 0.000000 0.000000
2598.337891 0.000000 1425.845581 0.000000 0.984736 0.000000 -0.174055 1.000000 1.000000 1.000000
2682.511719 0.000000 1432.619385 0.000000 0.987837 0.000000 -0.155491 0.000000 0.000000 0.000000
2679.531250 0.000000 1422.713013 0.000000 0.996181 0.000000 0.087311 0.000000 0.000000 0.000000
2685.524170 0.000000 1429.179077 0.000000 0.994415 0.000000 -0.105538 0.000000 0.000000 0.000000
2657.099609 0.000000 1446.059082 0.000000 0.978854 0.000000 0.204562 1.000000 1.000000 1.000000
2627.510986 0.000000 1459.037354 0.000000 0.965379 0.000000 0.260850 0.000000 0.000000 0.000000
2665.677002 0.000000 1430.176392 0.000000 0.978882 0.000000 -0.204424 0.000000 0.000000 0.000000
2685.032959 0.000000 1434.297485 0.000000 0.975284 0.000000 -0.220954 0.000000 0.000000 0.000000
2736.205322 0.000000 1412.083740 0.000000 0.901149 0.000000 0.433510 0.000000 0.000000 0.000000
2695.671631 0.000000 1380.481567 0.000000 0.993371 0.000000 -0.114954 0.000000 0.000000 0.000000
2724.045898 0.000000 1360.899902 0.000000 0.895771 0.000000 0.444516 0.000000 0.000000 0.000000
2700.457520 0.000000 1407.400879 0.000000 0.920105 0.000000 0.391672 1.000000 1.000000 1.000000
2730.835938 0.000000 1361.631226 0.000000 0.947113 0.000000 0.320901 0.000000 0.000000 0.000000
2697.084717 0.000000 1366.442871 0.000000 0.928832 0.000000 0.370500 0.000000 0.000000 0.000000
2732.194824 0.000000 1367.702393 0.000000 0.906938 0.000000 0.421263 0.000000 0.000000 0.000000
2694.056885 0.000000 1400.562744 0.000000 0.971117 0.000000 0.238604 1.000000 1.000000 1.000000
2705.664795 0.000000 1362.281006 0.000000 0.977981 0.000000 0.208692 0.000000 0.000000 0.000000
2700.083740 0.000000 1401.138916 0.000000 0.922820 0.000000 0.385231 0.000000 0.000000 0.000000
2702.604980 0.000000 1403.202026 0.000000 0.978931 0.000000 -0.204193 1.000000 1.000000 1.000000
2783.453613 0.000000 1372.355103 0.000000 0.990601 0.000000 0.136782 0.000000 0.000000 0.000000
2815.487305 0.000000 1385.852661 0.000000 0.994252 0.000000 -0.107068 0.000000 0.000000 0.000000
2804.365479 0.000000 1394.891235 0.000000 0.989585 0.000000 -0.143951 0.000000 0.000000 0.000000
2766.875732 0.000000 1400.387085 0.000000 0.949467 0.000000 0.313866 0.000000 0.000000 0.000000
2787.991211 0.000000 1371.351440 0.000000 0.999991 0.000000 -0.004173 0.000000 0.000000 0.000000
2758.424561 0.000000 1375.985107 0.000000 0.963311 0.000000 0.268389 0.000000 0.000000 0.000000
2794.835938 0.000000 1361.631226 0.000000 0.869055 0.000000 0.494715 0.000000 0.000000 0.000000
2813.032959 0.000000 1377.813110 0.000000 0.986766 0.000000 -0.162151 0.000000 0.000000 0.000000
2773.934570 0.000000 1410.437012 0.000000 0.992381 0.000000 -0.123205 1.000000 1.000000 1.000000
2776.795410 0.000000 1383.537231 0.000000 0.997583 0.000000 0.069485 0.000000 0.000000 0.000000
2788.575195 0.000000 1358.014038 0.000000 0.999225 0.000000 -0.039370 1.000000 1.000000 1.000000
2796.352051 0.000000 1372.886108 0.000000 0.875788 0.000000 0.482696 1.000000 1.000000 1.000000
2689.451416 0.000000 1424.285034 0.000000 0.989159 0.000000 0.146846 0.000000 0.000000 0.000000
2746.544434 0.000000 1452.532471 0.000000 0.816648 0.000000 0.577137 0.000000 0.000000 0.000000
2726.231201 0.000000 1450.638428 0.000000 0.998858 0.000000 -0.047782 0.000000 0.000000 0.000000
2746.807129 0.000000 1418.763916 0.000000 0.994151 0.000000 0.107996 0.000000 0.000000 0.000000
2743.107910 0.000000 1457.310669 0.000000 0.981576 0.000000 0.191072 0.000000 0.000000 0.000000
2709.208252 0.000000 1451.988647 0.000000 0.986614 0.000000 -0.163074 0.000000 0.000000 0.000000
2735.868652 0.000000 1460.520386 0.000000 0.994882 0.000000 -0.101043 0.000000 0.000000 0.000000
2723.104248 0.000000 1420.651489 0.000000 0.931648 0.000000 0.363361 0.000000 0.000000 0.000000
2694.508057 0.000000 1464.200562 0.000000 0.988136 0.000000 0.153579 0.000000 0.000000 0.000000
2760.407471 0.000000 1419.921753 0.000000 0.834634 0.000000 0.550805 0.000000 0.000000 0.000000
2767.273193 0.000000 1434.027954 0.000000 0.968715 0.000000 -0.248176 0.000000 0.000000 0.000000
2762.351318 0.000000 1432.988281 0.000000 0.849505 0.000000 0.527580 0.000000 0.000000 0.000000
2797.375000 0.000000 1437.031006 0.000000 0.999141 0.000000 0.041444 0.000000 0.000000 0.000000
2793.322754 0.000000 1460.385010 0.000000 0.952814 0.000000 0.303554 0.000000 0.000000 0.000000
2810.462158 0.000000 1429.179443 0.000000 0.972581 0.000000 -0.232565 0.000000 0.000000 0.000000
2760.667480 0.000000 1416.888550 0.000000 0.866032 0.000000 0.499989 0.000000 0.000000 0.000000
2762.072266 0.000000 1468.281372 0.000000 0.996703 0.000000 0.081132 0.000000 0.000000 0.000000
2810.504395 0.000000 1435.868286 0.000000 0.931928 0.000000 0.362642 0.000000 0.000000 0.000000
2598.231201 0.000000 1507.122803 0.000000 0.973039 0.000000 0.230643 0.000000 0.000000 0.000000
2562.396484 0.000000 1470.455933 0.000000 0.985635 0.000000 -0.168892 0.000000 0.000000 0.000000
2616.551025 0.000000 1501.452881 0.000000 0.995285 0.000000 0.096990 0.000000 0.000000 0.000000
2581.208252 0.000000 1508.473022 0.000000 0.822823 0.000000 0.568297 0.000000 0.000000 0.000000
2622.419189 0.000000 1510.741089 0.000000 0.999701 0.000000 0.024470 0.000000 0.000000 0.000000
2583.371094 0.000000 1511.607666 0.000000 0.859046 0.000000 0.511898 0.000000 0.000000 0.000000
2611.863525 0.000000 1492.966431 0.000000 0.967163 0.000000 -0.254158 0.000000 0.000000 0.000000
2582.628418 0.000000 1498.620972 0.000000 0.845263 0.000000 0.534351 0.000000 0.000000 0.000000
2601.967773 0.000000 1498.411621 0.000000 0.864736 0.000000 0.502227 0.000000 0.000000 0.000000
2563.820801 0.000000 1482.399170 0.000000 0.912389 0.000000 0.409323 0.000000 0.000000 0.000000
2584.795410 0.000000 1496.505981 0.000000 0.990723 0.000000 0.135899 0.000000 0.000000 0.000000
2625.319092 0.000000 1507.482178 0.000000 0.874117 0.000000 0.485716 0.000000 0.000000 0.000000
2632.908447 0.000000 1514.493774 0.000000 0.914039 0.000000 0.405626 0.000000 0.000000 0.000000
2679.060791 0.000000 1510.193481 0.000000 0.813857 0.000000 0.581065 0.000000 0.000000 0.000000
2677.861084 0.000000 1516.660156 0.000000 0.851124 0.000000 0.524964 1.000000 1.000000 1.000000
2645.934570 0.000000 1523.405762 0.000000 0.991760 0.000000 -0.128109 0.000000 0.000000 0.000000
2636.083740 0.000000 1514.107666 0.000000 0.965246 0.000000 0.261343 0.000000 0.000000 0.000000
2640.939697 0.000000 1484.522461 0.000000 0.895575 0.000000 0.444910 0.000000 0.000000 0.000000
2654.952637 0.000000 1488.106079 0.000000 0.859888 0.000000 0.510482 0.000000 0.000000 0.000000
2618.511719 0.000000 1545.588135 0.000000 0.977740 0.000000 -0.209820 0.000000 0.000000 0.000000
2573.507080 0.000000 1560.892578 0.000000 0.967055 0.000000 -0.254568 0.000000 0.000000 0.000000
2646.937256 0.000000 1539.505493 0.000000 0.926798 0.000000 0.375559 0.000000 0.000000 0.000000
2680.315674 0.000000 1562.087158 0.000000 0.868382 0.000000 0.495896 0.000000 0.000000 0.000000
2628.755371 0.000000 1552.950806 0.000000 0.941838 0.000000 0.336066 0.000000 0.000000 0.000000
2665.065186 0.000000 1576.783691 0.000000 0.952828 0.000000 0.303510 0.000000 0.000000 0.000000
2708.968506 0.000000 1520.718872 0.000000 0.933338 0.000000 0.359000 0.000000 0.000000 0.000000
2689.319092 0.000000 1507.482178 0.000000 0.939773 0.000000 0.341800 0.000000 0.000000 0.000000
2699.929443 0.000000 1480.599609 0.000000 0.928385 0.000000 0.371621 0.000000 0.000000 0.000000
2692.755371 0.000000 1496.466431 0.000000 0.990705 0.000000 -0.136026 0.000000 0.000000 0.000000
2713.661133 0.000000 1471.659912 0.000000 0.999999 0.000000 0.001027 0.000000 0.000000 0.000000
2697.604492 0.000000 1496.048096 0.000000 0.972292 0.000000 0.233770 0.000000 0.000000 0.000000
2700.526855 0.000000 1491.639526 0.000000 0.979037 0.000000 0.203683 1.000000 1.000000 1.000000
2707.991699 0.000000 1501.821289 0.000000 0.985509 0.000000 -0.169622 0.000000 0.000000 0.000000
2701.099609 0.000000 1488.370361 0.000000 0.995413 0.000000 -0.095673 1.000000 1.000000 1.000000
2754.500488 0.000000 1488.337769 0.000000 0.818681 0.000000 0.574248 0.000000 0.000000 0.000000
2803.456055 0.000000 1518.881958 0.000000 0.977255 0.000000 -0.212066 0.000000 0.000000 0.000000
2793.385498 0.000000 1501.511841 0.000000 0.991229 0.000000 -0.132154 0.000000 0.000000 0.000000
2804.365479 0.000000 1507.859985 0.000000 0.964292 0.000000 0.264841 0.000000 0.000000 0.000000
2752.156738 0.000000 1523.493896 0.000000 0.979186 0.000000 -0.202966 0.000000 0.000000 0.000000
2765.507080 0.000000 1504.408203 0.000000 0.924312 0.000000 0.381638 0.000000 0.000000 0.000000
2804.003906 0.000000 1471.921265 0.000000 0.983225 0.000000 -0.182398 0.000000 0.000000 0.000000
2761.866211 0.000000 1507.666138 0.000000 0.979921 0.000000 -0.199387 0.000000 0.000000 0.000000
2764.457520 0.000000 1520.369629 0.000000 0.834957 0.000000 0.550315 0.000000 0.000000 0.000000
2813.032959 0.000000 1490.781860 0.000000 0.993266 0.000000 0.115853 0.000000 0.000000 0.000000
2785.448975 0.000000 1491.890503 0.000000 0.921113 0.000000 0.389296 1.000000 1.000000 1.000000
2749.512207 0.000000 1525.104248 0.000000 0.880102 0.000000 0.474785 0.000000 0.000000 0.000000
2697.203857 0.000000 1560.778931 0.000000 0.987422 0.000000 0.158110 0.000000 0.000000 0.000000
2733.375000 0.000000 1549.999756 0.000000 0.994500 0.000000 0.104741 0.000000 0.000000 0.000000
2729.322754 0.000000 1573.353760 0.000000 0.999207 0.000000 0.039824 1.000000 1.000000 1.000000
2739.863525 0.000000 1549.450806 0.000000 0.824747 0.000000 0.565502 0.000000 0.000000 0.000000
2723.666992 0.000000 1561.564331 0.000000 0.893063 0.000000 0.449931 1.000000 1.000000 1.000000
2735.537109 0.000000 1552.206543 0.000000 0.999086 0.000000 -0.042743 0.000000 0.000000 0.000000
2746.462158 0.000000 1542.148193 0.000000 0.914741 0.000000 0.404040 0.000000 0.000000 0.000000
2792.832275 0.000000 1528.579224 0.000000 0.870962 0.000000 0.491351 0.000000 0.000000 0.000000
2787.104248 0.000000 1533.620239 0.000000 0.979812 0.000000 -0.199920 0.000000 0.000000 0.000000
2864.541992 0.000000 1378.210205 0.000000 0.991927 0.000000 0.126808 0.000000 0.000000 0.000000
2835.991699 0.000000 1388.852539 0.000000 0.994146 0.000000 0.108048 1.000000 1.000000 1.000000
2849.448975 0.000000 1378.921753 0.000000 0.915740 0.000000 0.401770 0.000000 0.000000 0.000000
2836.094971 0.000000 1371.025879 0.000000 0.962766 0.000000 -0.270337 0.000000 0.000000 0.000000
2832.244385 0.000000 1384.822876 0.000000 0.922941 0.000000 0.384942 0.000000 0.000000 0.000000
2837.235596 0.000000 1375.486084 0.000000 0.860037 0.000000 0.510231 1.000000 1.000000 1.000000
2908.793701 0.000000 1358.466797 0.000000 0.998796 0.000000 0.049066 0.000000 0.000000 0.000000
2895.130859 0.000000 1394.996826 0.000000 0.944667 0.000000 0.328030 0.000000 0.000000 0.000000
2914.857422 0.000000 1384.753906 0.000000 0.909946 0.000000 0.414728 0.000000 0.000000 0.000000
2886.508057 0.000000 1407.716187 0.000000 0.984756 0.000000 -0.173943 0.000000 0.000000 0.000000
2924.194824 0.000000 1367.702393 0.000000 0.991966 0.000000 -0.126505 1.000000 1.000000 1.000000
2918.581055 0.000000 1390.749390 0.000000 0.874203 0.000000 0.485561 1.000000 1.000000 1.000000
2887.437256 0.000000 1410.668579 0.000000 0.879258 0.000000 0.476345 0.000000 0.000000 0.000000
2893.099609 0.000000 1375.401611 0.000000 0.877917 0.000000 0.478813 0.000000 0.000000 0.000000
2842.073975 0.000000 1442.625854 0.000000 0.903173 0.000000 0.429276 0.000000 0.000000 0.000000
2825.640869 0.000000 1465.297241 0.000000 0.811604 0.000000 0.584209 0.000000 0.000000 0.000000
2864.647949 0.000000 1452.585083 0.000000 0.817600 0.000000 0.575787 0.000000 0.000000 0.000000
2858.673340 0.000000 1412.253296 0.000000 0.997334 0.000000 0.072971 0.000000 0.000000 0.000000
2857.204590 0.000000 1448.670776 0.000000 0.985750 0.000000 -0.168216 0.000000 0.000000 0.000000
2874.028564 0.000000 1425.208008 0.000000 0.823109 0.000000 0.567883 0.000000 0.000000 0.000000
2857.967773 0.000000 1441.927246 0.000000 0.970452 0.000000 -0.241293 1.000000 1.000000 1.000000
2875.100830 0.000000 1422.202148 0.000000 0.999941 0.000000 -0.010907 0.000000 0.000000 0.000000
2867.016113 0.000000 1432.960449 0.000000 0.981926 0.000000 0.189266 1.000000 1.000000 1.000000
2877.032959 0.000000 1434.297485 0.000000 0.870825 0.000000 0.491594 1.000000 1.000000 1.000000
2927.722412 0.000000 1456.429077 0.000000 0.991455 0.000000 -0.130447 0.000000 0.000000 0.000000
2924.662354 0.000000 1462.689575 0.000000 0.810260 0.000000 0.586070 1.000000 1.000000 1.000000
2927.868652 0.000000 1460.520386 0.000000 0.968859 0.000000 -0.247615 1.000000 1.000000 1.000000
2924.412598 0.000000 1454.383057 0.000000 0.978731 0.000000 -0.205146 1.000000 1.000000 1.000000
2898.579102 0.000000 1467.298218 0.000000 0.999643 0.000000 0.026728 0.000000 0.000000 0.000000
2918.346680 0.000000 1466.367065 0.000000 0.836588 0.000000 0.547832 0.000000 0.000000 0.000000
2922.835938 0.000000 1418.115601 0.000000 0.991246 0.000000 0.132030 1.000000 1.000000 1.000000
2933.861084 0.000000 1460.175781 0.000000 0.865004 0.000000 0.501764 0.000000 0.000000 0.000000
2938.462158 0.000000 1429.179443 0.000000 0.805331 0.000000 0.592825 0.000000 0.000000 0.000000
2897.722656 0.000000 1464.286743 0.000000 0.999936 0.000000 -0.011326 1.000000 1.000000 1.000000
2889.604492 0.000000 1439.563721 0.000000 0.982705 0.000000 -0.185176 1.000000 1.000000 1.000000
2930.798096 0.000000 1448.790527 0.000000 0.857563 0.000000 0.514379 1.000000 1.000000 1.000000
2893.099609 0.000000 1431.885986 0.000000 0.909216 0.000000 0.416325 0.000000 0.000000 0.000000
2982.231201 0.000000 1394.154053 0.000000 0.979004 0.000000 -0.203842 0.000000 0.000000 0.000000
2985.385498 0.000000 1388.543091 0.000000 0.971821 0.000000 -0.235719 0.000000 0.000000 0.000000
3005.248291 0.000000 1401.627075 0.000000 0.995192 0.000000 -0.097943 0.000000 0.000000 0.000000
2956.552734 0.000000 1381.819092 0.000000 0.968942 0.000000 0.247289 0.000000 0.000000 0.000000
2974.060547 0.000000 1403.779907 0.000000 1.000000 0.000000 -0.000284 0.000000 0.000000 0.000000
2981.098633 0.000000 1398.495972 0.000000 0.853458 0.000000 0.521162 0.000000 0.000000 0.000000
3002.385010 0.000000 1358.217041 0.000000 0.995222 0.000000 -0.097635 1.000000 1.000000 1.000000
2966.628418 0.000000 1385.652222 0.000000 0.957480 0.000000 0.288499 0.000000 0.000000 0.000000
2985.677002 0.000000 1373.692017 0.000000 0.990441 0.000000 0.137940 0.000000 0.000000 0.000000
3005.032959 0.000000 1377.813110 0.000000 0.965257 0.000000 0.261304 0.000000 0.000000 0.000000
2977.448975 0.000000 1378.921753 0.000000 0.998023 0.000000 -0.062845 0.000000 0.000000 0.000000
3038.236816 0.000000 1408.154907 0.000000 0.990216 0.000000 -0.139544 0.000000 0.000000 0.000000
3009.017578 0.000000 1382.318115 0.000000 0.950542 0.000000 0.310595 0.000000 0.000000 0.000000
3008.098633 0.000000 1362.573975 0.000000 0.947547 0.000000 0.319617 0.000000 0.000000 0.000000
3011.837158 0.000000 1379.187134 0.000000 0.987437 0.000000 -0.158010 0.000000 0.000000 0.000000
3041.099609 0.000000 1389.574707 0.000000 0.962246 0.000000 -0.272182 1.000000 1.000000 1.000000
3067.100830 0.000000 1365.717773 0.000000 0.986476 0.000000 0.163909 0.000000 0.000000 0.000000
2948.458496 0.000000 1466.575317 0.000000 0.857948 0.000000 0.513736 0.000000 0.000000 0.000000
2974.060547 0.000000 1460.264282 0.000000 0.926194 0.000000 0.377047 0.000000 0.000000 0.000000
3003.211426 0.000000 1441.727539 0.000000 0.987731 0.000000 0.156164 0.000000 0.000000 0.000000
2985.065186 0.000000 1463.814941 0.000000 0.989281 0.000000 0.146025 0.000000 0.000000 0.000000
2956.457520 0.000000 1463.885254 0.000000 0.992289 0.000000 0.123945 0.000000 0.000000 0.000000
2986.835938 0.000000 1418.115601 0.000000 0.946497 0.000000 0.322712 1.000000 1.000000 1.000000
2958.604980 0.000000 1459.686401 0.000000 0.996884 0.000000 0.078877 0.000000 0.000000 0.000000
2980.575195 0.000000 1414.498413 0.000000 0.960109 0.000000 0.279626 0.000000 0.000000 0.000000
3045.982422 0.000000 1462.371216 0.000000 0.886365 0.000000 0.462986 0.000000 0.000000 0.000000
3071.487305 0.000000 1442.337036 0.000000 0.996848 0.000000 -0.079332 0.000000 0.000000 0.000000
3015.914795 0.000000 1413.946289 0.000000 0.930383 0.000000 0.366590 0.000000 0.000000 0.000000
3012.763672 0.000000 1448.301636 0.000000 0.856833 0.000000 0.515594 1.000000 1.000000 1.000000
3070.624512 0.000000 1420.929565 0.000000 0.999617 0.000000 -0.027683 0.000000 0.000000 0.000000
3060.463867 0.000000 1427.191162 0.000000 0.823950 0.000000 0.566663 0.000000 0.000000 0.000000
3066.462158 0.000000 1429.179443 0.000000 0.992311 0.000000 -0.123773 0.000000 0.000000 0.000000
3018.072266 0.000000 1468.281372 0.000000 0.908873 0.000000 0.417073 1.000000 1.000000 1.000000
3008.936035 0.000000 1434.718872 0.000000 0.982712 0.000000 0.185141 1.000000 1.000000 1.000000
2820.458496 0.000000 1523.059692 0.000000 0.998138 0.000000 0.060991 0.000000 0.000000 0.000000
2856.832275 0.000000 1472.094849 0.000000 0.999965 0.000000 0.008363 0.000000 0.000000 0.000000
2860.662354 0.000000 1519.173950 0.000000 0.967672 0.000000 0.252210 0.000000 0.000000 0.000000
2871.107910 0.000000 1513.795044 0.000000 0.910358 0.000000 0.413821 1.000000 1.000000 1.000000
2817.017578 0.000000 1495.286865 0.000000 0.967584 0.000000 -0.252548 0.000000 0.000000 0.000000
2820.755371 0.000000 1496.466431 0.000000 0.851612 0.000000 0.524173 0.000000 0.000000 0.000000
2867.634277 0.000000 1511.321655 0.000000 0.967107 0.000000 -0.254370 0.000000 0.000000 0.000000
2874.305176 0.000000 1512.575195 0.000000 0.998065 0.000000 0.062179 1.000000 1.000000 1.000000
2861.386719 0.000000 1523.300781 0.000000 0.986177 0.000000 0.165698 0.000000 0.000000 0.000000
2822.724365 0.000000 1502.101196 0.000000 0.994758 0.000000 0.102258 0.000000 0.000000 0.000000
2887.671631 0.000000 1493.450317 0.000000 0.996741 0.000000 0.080668 1.000000 1.000000 1.000000
2921.563477 0.000000 1495.084717 0.000000 0.897407 0.000000 0.441203 0.000000 0.000000 0.000000
2941.292725 0.000000 1481.152710 0.000000 0.937558 0.000000 0.347828 0.000000 0.000000 0.000000
2903.491943 0.000000 1469.225220 0.000000 0.976250 0.000000 -0.216649 0.000000 0.000000 0.000000
2883.837158 0.000000 1492.155884 0.000000 0.999318 0.000000 -0.036929 0.000000 0.000000 0.000000
2918.686279 0.000000 1468.899536 0.000000 0.982570 0.000000 -0.185893 0.000000 0.000000 0.000000
2918.346680 0.000000 1522.851440 0.000000 0.998712 0.000000 -0.050745 0.000000 0.000000 0.000000
2932.014648 0.000000 1477.437012 0.000000 0.878919 0.000000 0.476972 0.000000 0.000000 0.000000
2921.065186 0.000000 1520.299316 0.000000 0.798056 0.000000 0.602583 0.000000 0.000000 0.000000
2905.680908 0.000000 1502.371216 0.000000 0.979493 0.000000 -0.201479 0.000000 0.000000 0.000000
2817.319092 0.000000 1563.966553 0.000000 0.995839 0.000000 0.091130 0.000000 0.000000 0.000000
2865.519043 0.000000 1531.407715 0.000000 0.865452 0.000000 0.500993 1.000000 1.000000 1.000000
2854.893555 0.000000 1544.525513 0.000000 0.873054 0.000000 0.487623 0.000000 0.000000 0.000000
2857.385498 0.000000 1557.996216 0.000000 0.982084 0.000000 0.188446 0.000000 0.000000 0.000000
2860.063232 0.000000 1534.067261 0.000000 0.993103 0.000000 -0.117245 1.000000 1.000000 1.000000
2823.914795 0.000000 1526.915039 0.000000 0.937878 0.000000 0.346965 0.000000 0.000000 0.000000
2861.433838 0.000000 1554.807373 0.000000 0.992171 0.000000 0.124890 0.000000 0.000000 0.000000
2852.045898 0.000000 1530.353027 0.000000 0.997187 0.000000 0.074952 0.000000 0.000000 0.000000
2842.709961 0.000000 1562.118042 0.000000 0.999411 0.000000 -0.034318 0.000000 0.000000 0.000000
2850.015137 0.000000 1545.573608 0.000000 0.981907 0.000000 -0.189365 0.000000 0.000000 0.000000
2824.908447 0.000000 1570.978149 0.000000 0.857232 0.000000 0.514930 0.000000 0.000000 0.000000
2839.371094 0.000000 1568.092041 0.000000 0.903809 0.000000 0.427936 0.000000 0.000000 0.000000
2871.062500 0.000000 1576.095581 0.000000 0.829850 0.000000 0.557986 0.000000 0.000000 0.000000
2838.628418 0.000000 1555.105347 0.000000 0.979738 0.000000 -0.200282 0.000000 0.000000 0.000000
2818.356934 0.000000 1529.976318 0.000000 0.967079 0.000000 -0.254477 0.000000 0.000000 0.000000
2824.667480 0.000000 1529.857300 0.000000 0.987850 0.000000 0.155413 1.000000 1.000000 1.000000
2841.917236 0.000000 1569.844360 0.000000 0.819020 0.000000 0.573765 0.000000 0.000000 0.000000
2825.604492 0.000000 1552.532471 0.000000 0.886975 0.000000 0.461818 0.000000 0.000000 0.000000
2828.112305 0.000000 1539.984863 0.000000 0.970378 0.000000 -0.241592 0.000000 0.000000 0.000000
2833.664795 0.000000 1531.734131 0.000000 0.925555 0.000000 0.378614 0.000000 0.000000 0.000000
2819.820801 0.000000 1538.883545 0.000000 0.899423 0.000000 0.437080 1.000000 1.000000 1.000000
2873.384521 0.000000 1581.329834 0.000000 0.901461 0.000000 0.432861 0.000000 0.000000 0.000000
2846.952637 0.000000 1544.590454 0.000000 0.987354 0.000000 -0.158534 0.000000 0.000000 0.000000
2911.453613 0.000000 1541.808228 0.000000 0.819651 0.000000 0.572863 0.000000 0.000000 0.000000
2911.758545 0.000000 1555.237793 0.000000 0.999683 0.000000 -0.025185 0.000000 0.000000 0.000000
2936.315674 0.000000 1562.087158 0.000000 0.992703 0.000000 -0.120586 0.000000 0.000000 0.000000
2886.424561 0.000000 1545.438232 0.000000 0.880467 0.000000 0.474107 0.000000 0.000000 0.000000
2935.819336 0.000000 1543.909058 0.000000 0.855900 0.000000 0.517142 0.000000 0.000000 0.000000
2946.500488 0.000000 1488.337769 0.000000 0.992704 0.000000 0.120575 0.000000 0.000000 0.000000
2958.873047 0.000000 1476.640869 0.000000 0.978979 0.000000 -0.203959 0.000000 0.000000 0.000000
2988.063232 0.000000 1477.582886 0.000000 0.998879 0.000000 0.047329 0.000000 0.000000 0.000000
3005.212891 0.000000 1493.985474 0.000000 0.957989 0.000000 0.286806 0.000000 0.000000 0.000000
2965.668701 0.000000 1478.382690 0.000000 0.950104 0.000000 0.311934 0.000000 0.000000 0.000000
2979.666992 0.000000 1505.079956 0.000000 0.999047 0.000000 -0.043637 0.000000 0.000000 0.000000
2968.795410 0.000000 1496.505981 0.000000 0.947127 0.000000 0.320859 0.000000 0.000000 0.000000
2960.939697 0.000000 1484.522461 0.000000 0.914709 0.000000 0.404113 1.000000 1.000000 1.000000
3058.789307 0.000000 1480.681030 0.000000 0.837547 0.000000 0.546366 0.000000 0.000000 0.000000
3050.835938 0.000000 1474.599976 0.000000 0.954961 0.000000 0.296730 0.000000 0.000000 0.000000
2945.451416 0.000000 1537.253784 0.000000 0.815864 0.000000 0.578244 0.000000 0.000000 0.000000
2618.385010 0.000000 1584.154541 0.000000 0.989717 0.000000 -0.143041 1.000000 1.000000 1.000000
2589.020508 0.000000 1594.392822 0.000000 0.996685 0.000000 -0.081353 0.000000 0.000000 0.000000
2561.451416 0.000000 1590.954956 0.000000 0.992334 0.000000 0.123584 1.000000 1.000000 1.000000
2655.453613 0.000000 1598.292603 0.000000 0.999980 0.000000 0.006298 0.000000 0.000000 0.000000
2673.519043 0.000000 1587.892090 0.000000 0.828279 0.000000 0.560315 0.000000 0.000000 0.000000
2650.122314 0.000000 1592.370850 0.000000 0.966034 0.000000 -0.258414 0.000000 0.000000 0.000000
2679.531250 0.000000 1592.166138 0.000000 0.974491 0.000000 -0.224425 0.000000 0.000000 0.000000
2643.007568 0.000000 1599.640869 0.000000 0.990286 0.000000 -0.139048 0.000000 0.000000 0.000000
2649.680908 0.000000 1615.339966 0.000000 0.999774 0.000000 -0.021283 1.000000 1.000000 1.000000
2649.917236 0.000000 1626.328735 0.000000 0.993220 0.000000 -0.116253 0.000000 0.000000 0.000000
2652.380127 0.000000 1636.412842 0.000000 0.998272 0.000000 0.058770 0.000000 0.000000 0.000000
2648.795410 0.000000 1609.474731 0.000000 0.953198 0.000000 0.302346 1.000000 1.000000 1.000000
2652.947998 0.000000 1611.634277 0.000000 0.851118 0.000000 0.524975 1.000000 1.000000 1.000000
2567.671631 0.000000 1662.903442 0.000000 0.969473 0.000000 -0.245199 0.000000 0.000000 0.000000
2623.487305 0.000000 1668.274536 0.000000 0.942403 0.000000 0.334479 0.000000 0.000000 0.000000
2574.007324 0.000000 1668.937134 0.000000 0.976598 0.000000 -0.215075 0.000000 0.000000 0.000000
2581.208252 0.000000 1677.926147 0.000000 0.953731 0.000000 0.300662 0.000000 0.000000 0.000000
2570.351318 0.000000 1658.925781 0.000000 0.991699 0.000000 -0.128585 0.000000 0.000000 0.000000
2600.763184 0.000000 1653.169067 0.000000 1.000000 0.000000 -0.000964 1.000000 1.000000 1.000000
2601.967773 0.000000 1667.864746 0.000000 0.987627 0.000000 0.156824 0.000000 0.000000 0.000000
2607.537109 0.000000 1665.175293 0.000000 0.930349 0.000000 0.366676 0.000000 0.000000 0.000000
2601.677002 0.000000 1656.113892 0.000000 0.999085 0.000000 0.042766 0.000000 0.000000 0.000000
2604.352051 0.000000 1655.307983 0.000000 0.988743 0.000000 -0.149623 1.000000 1.000000 1.000000
2652.793701 0.000000 1640.888672 0.000000 0.983327 0.000000 0.181848 0.000000 0.000000 0.000000
2664.832275 0.000000 1641.547974 0.000000 0.976887 0.000000 -0.213754 0.000000 0.000000 0.000000
2633.640869 0.000000 1691.234741 0.000000 0.992625 0.000000 0.121227 0.000000 0.000000 0.000000
2660.045898 0.000000 1643.321777 0.000000 0.924123 0.000000 0.382094 0.000000 0.000000 0.000000
2636.526855 0.000000 1661.092651 0.000000 0.833668 0.000000 0.552267 0.000000 0.000000 0.000000
2716.793701 0.000000 1584.404297 0.000000 0.993517 0.000000 0.113686 0.000000 0.000000 0.000000
2732.760498 0.000000 1620.067627 0.000000 0.982326 0.000000 -0.187179 0.000000 0.000000 0.000000
2738.585205 0.000000 1609.456787 0.000000 0.993550 0.000000 0.113398 0.000000 0.000000 0.000000
2732.083252 0.000000 1601.623535 0.000000 0.995507 0.000000 0.094689 0.000000 0.000000 0.000000
2734.042969 0.000000 1587.417114 0.000000 0.995864 0.000000 0.090852 0.000000 0.000000 0.000000
2740.014648 0.000000 1590.405762 0.000000 0.977378 0.000000 -0.211498 0.000000 0.000000 0.000000
2739.759033 0.000000 1612.927368 0.000000 0.999953 0.000000 0.009691 0.000000 0.000000 0.000000
2735.537109 0.000000 1608.690918 0.000000 0.981189 0.000000 0.193050 1.000000 1.000000 1.000000
2747.100830 0.000000 1591.655273 0.000000 0.999975 0.000000 0.007120 0.000000 0.000000 0.000000
2738.798096 0.000000 1618.243652 0.000000 0.988309 0.000000 -0.152465 1.000000 1.000000 1.000000
2756.458496 0.000000 1636.028442 0.000000 0.992682 0.000000 -0.120758 0.000000 0.000000 0.000000
2797.375000 0.000000 1606.484131 0.000000 0.998080 0.000000 0.061933 0.000000 0.000000 0.000000
2752.156738 0.000000 1636.462646 0.000000 0.958223 0.000000 0.286022 0.000000 0.000000 0.000000
2770.579102 0.000000 1636.751343 0.000000 0.973448 0.000000 0.228908 0.000000 0.000000 0.000000
2810.028564 0.000000 1594.661133 0.000000 0.862809 0.000000 0.505531 0.000000 0.000000 0.000000
2769.360840 0.000000 1627.722900 0.000000 0.992829 0.000000 0.119540 0.000000 0.000000 0.000000
2766.604980 0.000000 1629.139526 0.000000 0.998311 0.000000 0.058094 0.000000 0.000000 0.000000
2710.477783 0.000000 1672.940186 0.000000 0.883645 0.000000 0.468158 0.000000 0.000000 0.000000
2743.819336 0.000000 1656.877808 0.000000 0.982270 0.000000 0.187472 0.000000 0.000000 0.000000
2739.016113 0.000000 1658.897949 0.000000 0.979857 0.000000 0.199698 0.000000 0.000000 0.000000
2770.127686 0.000000 1651.322876 0.000000 0.996530 0.000000 -0.083230 0.000000 0.000000 0.000000
2754.356934 0.000000 1642.945068 0.000000 0.820475 0.000000 0.571683 0.000000 0.000000 0.000000
2772.994385 0.000000 1640.599609 0.000000 0.973965 0.000000 0.226699 1.000000 1.000000 1.000000
2782.608887 0.000000 1643.586548 0.000000 0.996870 0.000000 -0.079061 1.000000 1.000000 1.000000
2561.451416 0.000000 1706.706909 0.000000 0.892359 0.000000 0.451327 0.000000 0.000000 0.000000
2578.579102 0.000000 1749.720093 0.000000 0.952395 0.000000 0.304866 0.000000 0.000000 0.000000
2594.857422 0.000000 1723.660156 0.000000 0.856836 0.000000 0.515588 0.000000 0.000000 0.000000
2598.469482 0.000000 1721.125244 0.000000 0.999980 0.000000 0.006290 1.000000 1.000000 1.000000
2642.127686 0.000000 1707.807251 0.000000 0.996612 0.000000 0.082241 0.000000 0.000000 0.000000
2642.579102 0.000000 1749.720093 0.000000 0.999620 0.000000 0.027551 0.000000 0.000000 0.000000
2648.572266 0.000000 1733.995605 0.000000 0.991500 0.000000 -0.130106 0.000000 0.000000 0.000000
2627.510986 0.000000 1741.459229 0.000000 0.999442 0.000000 -0.033396 0.000000 0.000000 0.000000
2653.423096 0.000000 1733.083130 0.000000 0.975156 0.000000 -0.221518 0.000000 0.000000 0.000000
2662.581055 0.000000 1729.655640 0.000000 0.999492 0.000000 0.031883 1.000000 1.000000 1.000000
2630.056885 0.000000 1739.468994 0.000000 0.920038 0.000000 0.391828 1.000000 1.000000 1.000000
2656.617920 0.000000 1754.381226 0.000000 0.993529 0.000000 0.113578 0.000000 0.000000 0.000000
2654.961914 0.000000 1751.976929 0.000000 0.961533 0.000000 0.274691 0.000000 0.000000 0.000000
2713.661133 0.000000 1697.597412 0.000000 0.984591 0.000000 0.174874 0.000000 0.000000 0.000000
2861.516602 0.000000 1596.295776 0.000000 0.992078 0.000000 0.125624 0.000000 0.000000 0.000000
2867.759033 0.000000 1612.927368 0.000000 0.961663 0.000000 0.274233 0.000000 0.000000 0.000000
2828.457520 0.000000 1633.338379 0.000000 0.985377 0.000000 0.170391 1.000000 1.000000 1.000000
2835.991699 0.000000 1614.790039 0.000000 0.999887 0.000000 0.015057 1.000000 1.000000 1.000000
2836.994385 0.000000 1584.115234 0.000000 0.977300 0.000000 -0.211858 1.000000 1.000000 1.000000
2830.979980 0.000000 1606.402710 0.000000 0.924086 0.000000 0.382184 1.000000 1.000000 1.000000
2912.448975 0.000000 1607.557861 0.000000 0.931185 0.000000 0.364547 0.000000 0.000000 0.000000
2922.835938 0.000000 1587.568726 0.000000 0.978848 0.000000 -0.204587 0.000000 0.000000 0.000000
2886.508057 0.000000 1633.653687 0.000000 0.921381 0.000000 0.388661 0.000000 0.000000 0.000000
2889.278076 0.000000 1631.646118 0.000000 0.939393 0.000000 0.342841 0.000000 0.000000 0.000000
2886.056885 0.000000 1626.500244 0.000000 0.818152 0.000000 0.575001 0.000000 0.000000 0.000000
2916.759766 0.000000 1602.938721 0.000000 0.925676 0.000000 0.378317 0.000000 0.000000 0.000000
2893.099609 0.000000 1601.339111 0.000000 0.805943 0.000000 0.591994 0.000000 0.000000 0.000000
2900.994385 0.000000 1584.115234 0.000000 0.856993 0.000000 0.515327 1.000000 1.000000 1.000000
2910.952637 0.000000 1601.074829 0.000000 0.896093 0.000000 0.443867 1.000000 1.000000 1.000000
2877.512207 0.000000 1638.072998 0.000000 0.997388 0.000000 -0.072226 0.000000 0.000000 0.000000
3135.487305 0.000000 990.462097 0.000000 0.827902 0.000000 0.560873 0.000000 0.000000 0.000000
3107.764893 0.000000 986.081604 0.000000 0.968397 0.000000 0.249413 0.000000 0.000000 0.000000
3142.056885 0.000000 1005.172119 0.000000 0.922992 0.000000 0.384819 0.000000 0.000000 0.000000
3098.979736 0.000000 1058.551514 0.000000 0.987761 0.000000 0.155975 0.000000 0.000000 0.000000
3086.007324 0.000000 1047.609009 0.000000 0.971046 0.000000 0.238891 0.000000 0.000000 0.000000
3123.634277 0.000000 1059.446655 0.000000 0.913496 0.000000 0.406847 0.000000 0.000000 0.000000
3163.131592 0.000000 1032.839966 0.000000 0.999374 0.000000 0.035367 0.000000 0.000000 0.000000
3139.510986 0.000000 1063.646729 0.000000 0.897311 0.000000 0.441400 0.000000 0.000000 0.000000
3169.448975 0.000000 1040.015503 0.000000 0.855653 0.000000 0.517551 0.000000 0.000000 0.000000
3161.283936 0.000000 1038.336548 0.000000 0.999958 0.000000 -0.009138 1.000000 1.000000 1.000000
3081.400879 0.000000 1089.322266 0.000000 0.921387 0.000000 0.388647 0.000000 0.000000 0.000000
3084.083740 0.000000 1118.717041 0.000000 0.864948 0.000000 0.501861 0.000000 0.000000 0.000000
3137.319092 0.000000 1112.091553 0.000000 0.999990 0.000000 0.004400 0.000000 0.000000 0.000000
3143.671631 0.000000 1098.059692 0.000000 0.923702 0.000000 0.383113 0.000000 0.000000 0.000000
3150.007324 0.000000 1104.093384 0.000000 0.865913 0.000000 0.500194 0.000000 0.000000 0.000000
3138.500488 0.000000 1092.947144 0.000000 0.994693 0.000000 -0.102892 0.000000 0.000000 0.000000
3176.015625 0.000000 1080.831665 0.000000 0.993992 0.000000 0.109454 0.000000 0.000000 0.000000
3167.334473 0.000000 1114.188599 0.000000 0.850459 0.000000 0.526041 0.000000 0.000000 0.000000
3170.735840 0.000000 1112.856201 0.000000 0.997822 0.000000 0.065959 1.000000 1.000000 1.000000
3189.861084 0.000000 1121.269531 0.000000 0.964846 0.000000 -0.262817 0.000000 0.000000 0.000000
3098.979736 0.000000 1171.520264 0.000000 0.974784 0.000000 0.223150 0.000000 0.000000 0.000000
3094.477783 0.000000 1164.580811 0.000000 0.895039 0.000000 0.445988 0.000000 0.000000 0.000000
3086.953369 0.000000 1183.659180 0.000000 0.818312 0.000000 0.574775 0.000000 0.000000 0.000000
3107.200439 0.000000 1142.484497 0.000000 0.999673 0.000000 0.025570 1.000000 1.000000 1.000000
3140.755371 0.000000 1157.560181 0.000000 0.986047 0.000000 0.166466 1.000000 1.000000 1.000000
3103.453613 0.000000 1202.901978 0.000000 0.975551 0.000000 0.219773 0.000000 0.000000 0.000000
3116.662354 0.000000 1236.752075 0.000000 0.999939 0.000000 0.011010 0.000000 0.000000 0.000000
3094.937256 0.000000 1200.599243 0.000000 0.996495 0.000000 0.083647 0.000000 0.000000 0.000000
3105.947754 0.000000 1235.645386 0.000000 0.833730 0.000000 0.552172 0.000000 0.000000 0.000000
3127.060791 0.000000 1227.771606 0.000000 0.906098 0.000000 0.423068 0.000000 0.000000 0.000000
3090.190674 0.000000 1195.694092 0.000000 0.993952 0.000000 0.109811 0.000000 0.000000 0.000000
3087.197021 0.000000 1197.804688 0.000000 0.995781 0.000000 0.091757 1.000000 1.000000 1.000000
3097.680908 0.000000 1219.949341 0.000000 0.999927 0.000000 -0.012121 0.000000 0.000000 0.000000
3133.032959 0.000000 1208.359985 0.000000 0.986132 0.000000 0.165964 1.000000 1.000000 1.000000
3088.244385 0.000000 1215.369751 0.000000 0.918608 0.000000 0.395169 1.000000 1.000000 1.000000
3157.705078 0.000000 1213.039551 0.000000 0.979330 0.000000 -0.202269 0.000000 0.000000 0.000000
3137.017578 0.000000 1212.864990 0.000000 0.987470 0.000000 -0.157805 0.000000 0.000000 0.000000
3153.939453 0.000000 1227.967407 0.000000 0.828914 0.000000 0.559376 0.000000 0.000000 0.000000
3194.462158 0.000000 1203.241943 0.000000 0.972068 0.000000 -0.234699 0.000000 0.000000 0.000000
3202.500488 0.000000 1149.431519 0.000000 0.998000 0.000000 -0.063212 0.000000 0.000000 0.000000
3225.917236 0.000000 1230.938110 0.000000 0.996387 0.000000 -0.084932 0.000000 0.000000 0.000000
3221.934570 0.000000 1240.983887 0.000000 0.862323 0.000000 0.506359 1.000000 1.000000 1.000000
3228.380127 0.000000 1241.022217 0.000000 0.966045 0.000000 -0.258373 1.000000 1.000000 1.000000
3106.900879 0.000000 1242.720947 0.000000 0.885428 0.000000 0.464777 0.000000 0.000000 0.000000
3116.063232 0.000000 1251.645386 0.000000 0.992691 0.000000 0.120682 0.000000 0.000000 0.000000
3113.967773 0.000000 1272.474121 0.000000 0.816629 0.000000 0.577163 0.000000 0.000000 0.000000
3078.508057 0.000000 1294.747437 0.000000 0.846520 0.000000 0.532358 1.000000 1.000000 1.000000
3084.526855 0.000000 1265.702026 0.000000 0.995881 0.000000 0.090668 1.000000 1.000000 1.000000
3105.448975 0.000000 1265.953003 0.000000 0.862065 0.000000 0.506798 1.000000 1.000000 1.000000
3102.952637 0.000000 1262.168579 0.000000 0.912039 0.000000 0.410104 1.000000 1.000000 1.000000
3178.009521 0.000000 1297.592896 0.000000 0.993321 0.000000 0.115386 0.000000 0.000000 0.000000
3147.786377 0.000000 1247.709229 0.000000 0.965942 0.000000 -0.258758 0.000000 0.000000 0.000000
3184.918701 0.000000 1257.642456 0.000000 0.956498 0.000000 0.291740 0.000000 0.000000 0.000000
3144.667480 0.000000 1247.435425 0.000000 0.996709 0.000000 -0.081057 1.000000 1.000000 1.000000
3187.016113 0.000000 1263.507324 0.000000 0.995732 0.000000 -0.092293 1.000000 1.000000 1.000000
3100.793701 0.000000 1301.982422 0.000000 0.999839 0.000000 -0.017966 0.000000 0.000000 0.000000
3123.863525 0.000000 1323.513306 0.000000 0.992000 0.000000 0.126240 0.000000 0.000000 0.000000
3102.952637 0.000000 1318.652954 0.000000 0.813473 0.000000 0.581603 1.000000 1.000000 1.000000
3157.705078 0.000000 1326.008301 0.000000 0.976010 0.000000 -0.217725 0.000000 0.000000 0.000000
3137.319092 0.000000 1338.029053 0.000000 0.888698 0.000000 0.458493 0.000000 0.000000 0.000000
3192.065674 0.000000 1324.503174 0.000000 0.885190 0.000000 0.465229 0.000000 0.000000 0.000000
3176.832275 0.000000 1302.641724 0.000000 0.952654 0.000000 0.304057 0.000000 0.000000 0.000000
3185.519043 0.000000 1305.470215 0.000000 0.963362 0.000000 -0.268204 0.000000 0.000000 0.000000
3180.063232 0.000000 1308.129761 0.000000 0.936282 0.000000 0.351248 0.000000 0.000000 0.000000
3162.364746 0.000000 1324.701904 0.000000 0.929901 0.000000 0.367810 0.000000 0.000000 0.000000
3161.237549 0.000000 1305.299561 0.000000 0.994903 0.000000 0.100836 0.000000 0.000000 0.000000
3186.318359 0.000000 1299.346558 0.000000 0.823549 0.000000 0.567245 0.000000 0.000000 0.000000
3163.932861 0.000000 1319.410278 0.000000 0.864577 0.000000 0.502501 0.000000 0.000000 0.000000
3197.508057 0.000000 1348.917358 0.000000 0.933505 0.000000 0.358564 0.000000 0.000000 0.000000
3174.337891 0.000000 1312.876831 0.000000 0.949125 0.000000 0.314899 0.000000 0.000000 0.000000
3164.947998 0.000000 1329.212402 0.000000 0.929272 0.000000 0.369396 1.000000 1.000000 1.000000
3174.469482 0.000000 1325.734619 0.000000 0.973790 0.000000 -0.227449 0.000000 0.000000 0.000000
3256.551025 0.000000 1275.515381 0.000000 0.996333 0.000000 -0.085556 0.000000 0.000000 0.000000
3242.009521 0.000000 1297.592896 0.000000 0.967270 0.000000 -0.253751 0.000000 0.000000 0.000000
3204.948486 0.000000 1242.771362 0.000000 0.866425 0.000000 0.499307 1.000000 1.000000 1.000000
3241.677002 0.000000 1260.723267 0.000000 0.998364 0.000000 -0.057182 0.000000 0.000000 0.000000
3209.084717 0.000000 1253.474121 0.000000 0.837671 0.000000 0.546175 0.000000 0.000000 0.000000
3212.526855 0.000000 1265.702026 0.000000 0.987193 0.000000 0.159529 0.000000 0.000000 0.000000
3213.099609 0.000000 1262.432861 0.000000 0.864948 0.000000 0.501861 0.000000 0.000000 0.000000
3230.608887 0.000000 1248.195923 0.000000 0.953864 0.000000 0.300241 1.000000 1.000000 1.000000
3235.200439 0.000000 1255.453247 0.000000 0.996434 0.000000 -0.084375 0.000000 0.000000 0.000000
3238.893555 0.000000 1318.588013 0.000000 0.998595 0.000000 -0.052996 0.000000 0.000000 0.000000
3204.763672 0.000000 1335.332886 0.000000 0.998792 0.000000 0.049134 1.000000 1.000000 1.000000
3206.424561 0.000000 1319.500732 0.000000 0.906246 0.000000 0.422750 0.000000 0.000000 0.000000
3208.908447 0.000000 1345.040649 0.000000 0.939554 0.000000 0.342402 0.000000 0.000000 0.000000
3248.024170 0.000000 1351.675659 0.000000 0.997485 0.000000 0.070875 0.000000 0.000000 0.000000
3206.724365 0.000000 1332.648071 0.000000 0.862634 0.000000 0.505829 1.000000 1.000000 1.000000
3294.060547 0.000000 1347.295532 0.000000 0.866903 0.000000 0.498477 0.000000 0.000000 0.000000
3289.680908 0.000000 1332.918091 0.000000 0.999315 0.000000 0.037017 0.000000 0.000000 0.000000
3270.508057 0.000000 1351.231812 0.000000 0.970150 0.000000 0.242506 1.000000 1.000000 1.000000
3281.664795 0.000000 1305.796631 0.000000 0.961132 0.000000 0.276088 1.000000 1.000000 1.000000
3130.511719 0.000000 1376.135010 0.000000 0.966704 0.000000 0.255899 0.000000 0.000000 0.000000
3102.060547 0.000000 1403.779907 0.000000 0.999932 0.000000 -0.011651 0.000000 0.000000 0.000000
3130.504395 0.000000 1379.383911 0.000000 0.999958 0.000000 0.009175 0.000000 0.000000 0.000000
3137.451416 0.000000 1367.800659 0.000000 0.940328 0.000000 0.340269 0.000000 0.000000 0.000000
3187.402588 0.000000 1409.592285 0.000000 0.991694 0.000000 -0.128621 1.000000 1.000000 1.000000
3142.056885 0.000000 1400.562744 0.000000 0.977708 0.000000 -0.209967 0.000000 0.000000 0.000000
3153.664795 0.000000 1362.281006 0.000000 0.899840 0.000000 0.436221 0.000000 0.000000 0.000000
3156.094971 0.000000 1371.025879 0.000000 0.982706 0.000000 0.185175 0.000000 0.000000 0.000000
3152.939697 0.000000 1371.553711 0.000000 0.998488 0.000000 0.054971 0.000000 0.000000 0.000000
3157.235596 0.000000 1375.486084 0.000000 0.853054 0.000000 0.521823 1.000000 1.000000 1.000000
3098.979736 0.000000 1453.942139 0.000000 0.994666 0.000000 -0.103151 0.000000 0.000000 0.000000
3076.032471 0.000000 1443.720947 0.000000 0.996721 0.000000 0.080918 0.000000 0.000000 0.000000
3106.015137 0.000000 1432.604858 0.000000 0.996069 0.000000 0.088585 0.000000 0.000000 0.000000
3093.668701 0.000000 1421.898315 0.000000 0.999164 0.000000 0.040879 0.000000 0.000000 0.000000
3113.967773 0.000000 1441.927246 0.000000 0.900439 0.000000 0.434983 0.000000 0.000000 0.000000
3084.526855 0.000000 1435.155151 0.000000 0.994526 0.000000 -0.104492 0.000000 0.000000 0.000000
3101.423096 0.000000 1450.661255 0.000000 0.999990 0.000000 -0.004563 0.000000 0.000000 0.000000
3156.569336 0.000000 1417.495850 0.000000 0.997990 0.000000 -0.063369 0.000000 0.000000 0.000000
3165.020508 0.000000 1424.939697 0.000000 0.970361 0.000000 -0.241660 0.000000 0.000000 0.000000
3188.014648 0.000000 1420.952637 0.000000 0.906935 0.000000 0.421270 0.000000 0.000000 0.000000
3187.759033 0.000000 1443.474243 0.000000 0.930648 0.000000 0.365915 0.000000 0.000000 0.000000
3177.967773 0.000000 1441.927246 0.000000 0.872025 0.000000 0.489461 0.000000 0.000000 0.000000
3194.504395 0.000000 1435.868286 0.000000 0.981138 0.000000 0.193308 0.000000 0.000000 0.000000
3169.448975 0.000000 1435.406128 0.000000 0.877863 0.000000 0.478912 0.000000 0.000000 0.000000
3160.795410 0.000000 1440.021606 0.000000 0.996410 0.000000 0.084653 0.000000 0.000000 0.000000
3165.958740 0.000000 1422.309692 0.000000 0.983634 0.000000 -0.180177 1.000000 1.000000 1.000000
3258.544434 0.000000 1396.048096 0.000000 0.986520 0.000000 0.163641 0.000000 0.000000 0.000000
3204.048096 0.000000 1363.975098 0.000000 0.999698 0.000000 -0.024555 1.000000 1.000000 1.000000
3262.624512 0.000000 1364.445190 0.000000 0.950235 0.000000 0.311532 1.000000 1.000000 1.000000
3241.322754 0.000000 1403.900635 0.000000 0.957032 0.000000 0.289983 0.000000 0.000000 0.000000
3244.376709 0.000000 1401.892700 0.000000 0.917543 0.000000 0.397637 0.000000 0.000000 0.000000
3227.595215 0.000000 1406.148682 0.000000 0.944205 0.000000 0.329358 0.000000 0.000000 0.000000
3225.661133 0.000000 1358.691162 0.000000 0.852655 0.000000 0.522475 0.000000 0.000000 0.000000
3259.100830 0.000000 1365.717773 0.000000 0.990068 0.000000 -0.140591 1.000000 1.000000 1.000000
3208.667480 0.000000 1360.404175 0.000000 0.992577 0.000000 0.121615 0.000000 0.000000 0.000000
3255.819336 0.000000 1374.455933 0.000000 0.989661 0.000000 0.143425 1.000000 1.000000 1.000000
3258.631836 0.000000 1390.761475 0.000000 0.958743 0.000000 0.284275 0.000000 0.000000 0.000000
3212.112305 0.000000 1370.531738 0.000000 0.995411 0.000000 0.095693 1.000000 1.000000 1.000000
3217.664795 0.000000 1362.281006 0.000000 0.999365 0.000000 0.035629 0.000000 0.000000 0.000000
3203.820801 0.000000 1369.430420 0.000000 0.835456 0.000000 0.549557 1.000000 1.000000 1.000000
3201.451416 0.000000 1365.017456 0.000000 0.991897 0.000000 0.127047 0.000000 0.000000 0.000000
3271.914795 0.000000 1357.461914 0.000000 0.999764 0.000000 -0.021733 0.000000 0.000000 0.000000
3286.628418 0.000000 1385.652222 0.000000 0.998099 0.000000 -0.061626 0.000000 0.000000 0.000000
3276.526855 0.000000 1378.670776 0.000000 0.987245 0.000000 0.159209 1.000000 1.000000 1.000000
3294.608887 0.000000 1361.164673 0.000000 0.807305 0.000000 0.590135 0.000000 0.000000 0.000000
3289.706787 0.000000 1369.264404 0.000000 0.889641 0.000000 0.456662 0.000000 0.000000 0.000000
3289.283936 0.000000 1377.242798 0.000000 0.998708 0.000000 0.050820 0.000000 0.000000 0.000000
3200.936035 0.000000 1434.718872 0.000000 0.958430 0.000000 0.285327 0.000000 0.000000 0.000000
3072.042236 0.000000 1468.601074 0.000000 0.967785 0.000000 -0.251777 0.000000 0.000000 0.000000
1530.544556 0.000000 2130.344971 0.000000 0.846600 0.000000 0.532229 0.000000 0.000000 0.000000
1502.953613 0.000000 2146.174316 0.000000 0.999719 0.000000 0.023691 0.000000 0.000000 0.000000
1503.758545 0.000000 2176.565918 0.000000 0.999970 0.000000 -0.007806 0.000000 0.000000 0.000000
1506.901001 0.000000 2146.470947 0.000000 0.867359 0.000000 0.497683 0.000000 0.000000 0.000000
1486.953247 0.000000 2200.377930 0.000000 0.980283 0.000000 -0.197600 0.000000 0.000000 0.000000
1510.686279 0.000000 2146.711914 0.000000 0.996031 0.000000 -0.089007 0.000000 0.000000 0.000000
1495.836548 0.000000 2197.019043 0.000000 0.999821 0.000000 -0.018916 0.000000 0.000000 0.000000
1520.746582 0.000000 2149.643799 0.000000 0.989782 0.000000 0.142587 0.000000 0.000000 0.000000
1464.551025 0.000000 2235.749756 0.000000 0.989591 0.000000 -0.143909 0.000000 0.000000 0.000000
1466.511597 0.000000 2223.400635 0.000000 0.964493 0.000000 -0.264109 0.000000 0.000000 0.000000
1530.544556 0.000000 2243.313721 0.000000 0.999753 0.000000 -0.022202 0.000000 0.000000 0.000000
1535.487305 0.000000 2233.118408 0.000000 0.882475 0.000000 0.470358 0.000000 0.000000 0.000000
1527.107910 0.000000 2248.092041 0.000000 0.999143 0.000000 0.041393 0.000000 0.000000 0.000000
1472.098755 0.000000 2209.839600 0.000000 0.998852 0.000000 0.047901 0.000000 0.000000 0.000000
1533.658813 0.000000 2238.206299 0.000000 0.881464 0.000000 0.472251 0.000000 0.000000 0.000000
1533.524170 0.000000 2219.960449 0.000000 0.993316 0.000000 0.115429 0.000000 0.000000 0.000000
1472.156738 0.000000 2257.790771 0.000000 0.986698 0.000000 0.162565 0.000000 0.000000 0.000000
1477.464844 0.000000 2207.672607 0.000000 0.881766 0.000000 0.471686 0.000000 0.000000 0.000000
1527.062500 0.000000 2253.908203 0.000000 0.998318 0.000000 0.057974 0.000000 0.000000 0.000000
1517.386597 0.000000 2257.597656 0.000000 0.952877 0.000000 0.303357 0.000000 0.000000 0.000000
1716.365479 0.000000 1959.734985 0.000000 0.999962 0.000000 0.008747 0.000000 0.000000 0.000000
1712.648071 0.000000 1960.944458 0.000000 0.896949 0.000000 0.442134 0.000000 0.000000 0.000000
1715.634155 0.000000 1963.196655 0.000000 0.980897 0.000000 -0.194529 0.000000 0.000000 0.000000
1702.346802 0.000000 1974.726440 0.000000 0.939515 0.000000 0.342508 0.000000 0.000000 0.000000
1791.487305 0.000000 1950.696411 0.000000 0.997947 0.000000 -0.064041 0.000000 0.000000 0.000000
1761.210327 0.000000 1965.342041 0.000000 0.985180 0.000000 -0.171521 0.000000 0.000000 0.000000
1757.423096 0.000000 1959.020630 0.000000 0.999451 0.000000 -0.033129 1.000000 1.000000 1.000000
1711.722534 0.000000 2021.272827 0.000000 0.996562 0.000000 -0.082845 0.000000 0.000000 0.000000
1700.045898 0.000000 1982.228027 0.000000 0.975361 0.000000 0.220613 0.000000 0.000000 0.000000
1709.311035 0.000000 2011.302979 0.000000 0.987002 0.000000 0.160710 0.000000 0.000000 0.000000
1694.953613 0.000000 2033.205688 0.000000 0.832197 0.000000 0.554481 0.000000 0.000000 0.000000
1754.979858 0.000000 2018.785889 0.000000 0.971586 0.000000 0.236686 0.000000 0.000000 0.000000
1753.621582 0.000000 2024.828003 0.000000 0.981736 0.000000 0.190247 0.000000 0.000000 0.000000
1732.047974 0.000000 1985.303223 0.000000 0.999608 0.000000 0.028005 0.000000 0.000000 0.000000
1770.673462 0.000000 1977.097046 0.000000 0.999719 0.000000 -0.023703 0.000000 0.000000 0.000000
1823.334473 0.000000 1904.969849 0.000000 0.908277 0.000000 0.418370 0.000000 0.000000 0.000000
1833.204712 0.000000 1900.545776 0.000000 0.977980 0.000000 0.208699 0.000000 0.000000 0.000000
1850.631714 0.000000 1899.120850 0.000000 0.872907 0.000000 0.487886 0.000000 0.000000 0.000000
1842.798096 0.000000 1900.665527 0.000000 0.854913 0.000000 0.518772 0.000000 0.000000 0.000000
1914.544556 0.000000 1904.407471 0.000000 0.941111 0.000000 0.338097 0.000000 0.000000 0.000000
1911.637939 0.000000 1879.727783 0.000000 0.995325 0.000000 0.096581 0.000000 0.000000 0.000000
1870.007324 0.000000 1894.874634 0.000000 0.998348 0.000000 0.057450 0.000000 0.000000 0.000000
1871.273071 0.000000 1885.902954 0.000000 0.991181 0.000000 0.132517 0.000000 0.000000 0.000000
1865.604492 0.000000 1891.438721 0.000000 0.813948 0.000000 0.580938 0.000000 0.000000 0.000000
1999.130981 0.000000 1846.871826 0.000000 0.941480 0.000000 0.337070 0.000000 0.000000 0.000000
1995.959473 0.000000 1855.990845 0.000000 0.907166 0.000000 0.420772 0.000000 0.000000 0.000000
1998.875732 0.000000 1852.262085 0.000000 0.921175 0.000000 0.389147 0.000000 0.000000 0.000000
1965.516602 0.000000 1878.717651 0.000000 0.981184 0.000000 0.193078 0.000000 0.000000 0.000000
1950.530151 0.000000 1887.444458 0.000000 0.999881 0.000000 0.015423 0.000000 0.000000 0.000000
1961.260620 0.000000 1908.206543 0.000000 0.976411 0.000000 0.215922 0.000000 0.000000 0.000000
1924.763550 0.000000 1900.176636 0.000000 0.919100 0.000000 0.394023 0.000000 0.000000 0.000000
1958.889160 0.000000 1887.423950 0.000000 0.986465 0.000000 0.163970 0.000000 0.000000 0.000000
1954.857544 0.000000 1893.113281 0.000000 0.838181 0.000000 0.545391 0.000000 0.000000 0.000000
1961.967651 0.000000 1893.802246 0.000000 0.992773 0.000000 0.120004 1.000000 1.000000 1.000000
1967.537231 0.000000 1891.112793 0.000000 0.859540 0.000000 0.511069 1.000000 1.000000 1.000000
1945.917236 0.000000 1908.750610 0.000000 0.981778 0.000000 0.190033 0.000000 0.000000 0.000000
1939.991577 0.000000 1897.211914 0.000000 0.929637 0.000000 0.368478 0.000000 0.000000 0.000000
1930.072266 0.000000 1920.156372 0.000000 0.992980 0.000000 -0.118286 0.000000 0.000000 0.000000
1998.953247 0.000000 1917.956055 0.000000 0.997930 0.000000 -0.064309 0.000000 0.000000 0.000000
2029.374878 0.000000 1888.906006 0.000000 0.832477 0.000000 0.554059 0.000000 0.000000 0.000000
2002.230469 0.000000 1902.019897 0.000000 0.992276 0.000000 0.124049 0.000000 0.000000 0.000000
2044.832764 0.000000 1896.306152 0.000000 0.934524 0.000000 0.355899 0.000000 0.000000 0.000000
2042.631714 0.000000 1899.120850 0.000000 0.964059 0.000000 -0.265689 0.000000 0.000000 0.000000
2017.448853 0.000000 1887.281128 0.000000 0.964004 0.000000 0.265888 0.000000 0.000000 0.000000
1812.968506 0.000000 1972.593872 0.000000 0.999657 0.000000 0.026207 0.000000 0.000000 0.000000
1795.837158 0.000000 1944.030884 0.000000 0.997666 0.000000 0.068283 0.000000 0.000000 0.000000
1890.901001 0.000000 1920.533447 0.000000 0.982702 0.000000 -0.185194 0.000000 0.000000 0.000000
1804.978516 0.000000 1977.689087 0.000000 0.979411 0.000000 0.201876 0.000000 0.000000 0.000000
1832.832397 0.000000 1980.454224 0.000000 0.824406 0.000000 0.565999 0.000000 0.000000 0.000000
1817.621582 0.000000 2024.828003 0.000000 0.976567 0.000000 -0.215215 0.000000 0.000000 0.000000
1842.842529 0.000000 1994.823120 0.000000 0.999824 0.000000 -0.018746 0.000000 0.000000 0.000000
1839.868652 0.000000 2025.364136 0.000000 0.995705 0.000000 0.092581 0.000000 0.000000 0.000000
1836.376709 0.000000 2023.220825 0.000000 0.928482 0.000000 0.371378 0.000000 0.000000 0.000000
1861.119263 0.000000 1993.387329 0.000000 0.815574 0.000000 0.578653 1.000000 1.000000 1.000000
1881.661133 0.000000 1980.019287 0.000000 0.995878 0.000000 -0.090708 1.000000 1.000000 1.000000
1865.604492 0.000000 2004.407471 0.000000 0.999947 0.000000 -0.010316 1.000000 1.000000 1.000000
1956.575317 0.000000 1922.857788 0.000000 0.982152 0.000000 -0.188088 1.000000 1.000000 1.000000
1995.786255 0.000000 1925.521729 0.000000 0.900612 0.000000 0.434624 0.000000 0.000000 0.000000
2022.889160 0.000000 1943.908325 0.000000 0.998717 0.000000 -0.050647 0.000000 0.000000 0.000000
2041.910522 0.000000 1968.419800 0.000000 0.944990 0.000000 0.327099 0.000000 0.000000 0.000000
2013.020508 0.000000 1933.299072 0.000000 0.998501 0.000000 0.054737 0.000000 0.000000 0.000000
2031.537231 0.000000 1947.597168 0.000000 0.818679 0.000000 0.574251 0.000000 0.000000 0.000000
2022.337891 0.000000 1934.204956 0.000000 0.798445 0.000000 0.602067 0.000000 0.000000 0.000000
2046.270142 0.000000 1981.384521 0.000000 0.832983 0.000000 0.553299 0.000000 0.000000 0.000000
1662.419189 0.000000 2075.584717 0.000000 0.799058 0.000000 0.601254 0.000000 0.000000 0.000000
1540.763550 0.000000 2126.114014 0.000000 0.996730 0.000000 0.080801 0.000000 0.000000 0.000000
1630.530151 0.000000 2113.381836 0.000000 0.883884 0.000000 0.467706 0.000000 0.000000 0.000000
1635.764893 0.000000 2115.769043 0.000000 0.992590 0.000000 0.121509 1.000000 1.000000 1.000000
1636.276123 0.000000 2123.168701 0.000000 0.798374 0.000000 0.602162 0.000000 0.000000 0.000000
1635.991211 0.000000 2105.648438 0.000000 0.998969 0.000000 0.045389 0.000000 0.000000 0.000000
1606.508057 0.000000 2142.012939 0.000000 0.976187 0.000000 -0.216929 0.000000 0.000000 0.000000
1609.278076 0.000000 2140.005371 0.000000 0.892825 0.000000 0.450403 0.000000 0.000000 0.000000
1638.581177 0.000000 2125.046387 0.000000 0.998141 0.000000 0.060948 0.000000 0.000000 0.000000
1636.759888 0.000000 2111.298096 0.000000 0.992444 0.000000 0.122696 0.000000 0.000000 0.000000
1617.360962 0.000000 2136.082275 0.000000 0.964808 0.000000 0.262955 0.000000 0.000000 0.000000
1678.007324 0.000000 2064.327637 0.000000 0.972292 0.000000 0.233770 0.000000 0.000000 0.000000
1668.032593 0.000000 2065.049072 0.000000 0.998322 0.000000 0.057899 0.000000 0.000000 0.000000
1692.431641 0.000000 2040.945312 0.000000 0.991425 0.000000 -0.130679 0.000000 0.000000 0.000000
1693.958862 0.000000 2043.637817 0.000000 0.992676 0.000000 0.120807 0.000000 0.000000 0.000000
1665.319092 0.000000 2128.810303 0.000000 1.000000 0.000000 0.000969 0.000000 0.000000 0.000000
1718.173828 0.000000 2096.106201 0.000000 0.820062 0.000000 0.572274 1.000000 1.000000 1.000000
1667.837158 0.000000 2113.483887 0.000000 0.825753 0.000000 0.564031 0.000000 0.000000 0.000000
1668.755371 0.000000 2117.794434 0.000000 0.848549 0.000000 0.529118 0.000000 0.000000 0.000000
1581.516602 0.000000 2161.139648 0.000000 0.999898 0.000000 0.014297 0.000000 0.000000 0.000000
1566.236938 0.000000 2198.936035 0.000000 0.961944 0.000000 0.273247 0.000000 0.000000 0.000000
1592.551025 0.000000 2179.265381 0.000000 0.889120 0.000000 0.457675 0.000000 0.000000 0.000000
1561.621582 0.000000 2194.281006 0.000000 0.999300 0.000000 -0.037421 0.000000 0.000000 0.000000
1571.764893 0.000000 2172.253418 0.000000 0.825823 0.000000 0.563929 0.000000 0.000000 0.000000
1599.586426 0.000000 2199.840820 0.000000 0.868598 0.000000 0.495517 0.000000 0.000000 0.000000
1590.173828 0.000000 2152.590576 0.000000 0.936632 0.000000 0.350314 0.000000 0.000000 0.000000
1574.535767 0.000000 2175.914307 0.000000 0.875888 0.000000 0.482515 0.000000 0.000000 0.000000
1581.374878 0.000000 2171.327881 0.000000 0.994786 0.000000 -0.101984 0.000000 0.000000 0.000000
1559.371216 0.000000 2189.420166 0.000000 0.982510 0.000000 -0.186210 1.000000 1.000000 1.000000
1553.939331 0.000000 2188.201904 0.000000 0.970392 0.000000 -0.241537 0.000000 0.000000 0.000000
1554.579102 0.000000 2201.595215 0.000000 0.997861 0.000000 -0.065377 1.000000 1.000000 1.000000
1578.288330 0.000000 2169.553955 0.000000 0.960497 0.000000 0.278292 0.000000 0.000000 0.000000
1561.681030 0.000000 2180.183838 0.000000 0.967159 0.000000 -0.254173 0.000000 0.000000 0.000000
1560.572266 0.000000 2185.870605 0.000000 0.999864 0.000000 -0.016467 0.000000 0.000000 0.000000
1577.967651 0.000000 2176.224121 0.000000 0.923880 0.000000 0.382683 1.000000 1.000000 1.000000
1583.537231 0.000000 2173.534668 0.000000 0.967568 0.000000 0.252610 1.000000 1.000000 1.000000
1561.917236 0.000000 2191.172363 0.000000 0.830844 0.000000 0.556506 0.000000 0.000000 0.000000
1565.423096 0.000000 2184.958008 0.000000 0.949171 0.000000 0.314760 1.000000 1.000000 1.000000
1557.934448 0.000000 2201.218262 0.000000 0.976549 0.000000 -0.215296 1.000000 1.000000 1.000000
1543.671631 0.000000 2227.747070 0.000000 0.871403 0.000000 0.490568 0.000000 0.000000 0.000000
1567.758545 0.000000 2233.050293 0.000000 0.999991 0.000000 -0.004177 0.000000 0.000000 0.000000
1597.512329 0.000000 2202.916748 0.000000 0.932281 0.000000 0.361735 0.000000 0.000000 0.000000
1571.764893 0.000000 2228.737793 0.000000 0.801183 0.000000 0.598419 0.000000 0.000000 0.000000
1546.351440 0.000000 2223.769531 0.000000 0.992262 0.000000 0.124165 0.000000 0.000000 0.000000
1568.618042 0.000000 2206.256348 0.000000 0.806033 0.000000 0.591870 0.000000 0.000000 0.000000
1559.293579 0.000000 2226.455322 0.000000 0.997327 0.000000 -0.073062 0.000000 0.000000 0.000000
1551.197021 0.000000 2214.523438 0.000000 0.892655 0.000000 0.450740 0.000000 0.000000 0.000000
1570.857544 0.000000 2232.019531 0.000000 0.980357 0.000000 0.197230 1.000000 1.000000 1.000000
1548.112305 0.000000 2217.797363 0.000000 0.886559 0.000000 0.462615 1.000000 1.000000 1.000000
1560.795410 0.000000 2230.802734 0.000000 0.841099 0.000000 0.540882 1.000000 1.000000 1.000000
1655.107910 0.000000 2248.092041 0.000000 0.969463 0.000000 0.245239 0.000000 0.000000 0.000000
1690.122314 0.000000 2157.214600 0.000000 0.898435 0.000000 0.439106 0.000000 0.000000 0.000000
1678.873047 0.000000 2154.453369 0.000000 0.912310 0.000000 0.409500 0.000000 0.000000 0.000000
1700.620605 0.000000 2249.599121 0.000000 0.995418 0.000000 0.095623 0.000000 0.000000 0.000000
1694.953613 0.000000 2259.143066 0.000000 0.859469 0.000000 0.511188 0.000000 0.000000 0.000000
1671.213501 0.000000 2241.090576 0.000000 0.993970 0.000000 0.109651 0.000000 0.000000 0.000000
1786.544556 0.000000 2243.313721 0.000000 0.948505 0.000000 0.316762 0.000000 0.000000 0.000000
1842.842529 0.000000 2051.307373 0.000000 0.982291 0.000000 0.187361 1.000000 1.000000 1.000000
1832.974609 0.000000 2044.959106 0.000000 0.996302 0.000000 -0.085915 0.000000 0.000000 0.000000
1839.145630 0.000000 2051.585449 0.000000 0.998968 0.000000 0.045427 0.000000 0.000000 0.000000
1838.043091 0.000000 2039.292114 0.000000 0.891399 0.000000 0.453218 0.000000 0.000000 0.000000
1844.004028 0.000000 2036.765015 0.000000 0.992608 0.000000 -0.121363 0.000000 0.000000 0.000000
1844.463989 0.000000 2048.519287 0.000000 0.997622 0.000000 0.068925 0.000000 0.000000 0.000000
1843.016113 0.000000 2054.288574 0.000000 0.999998 0.000000 -0.002030 1.000000 1.000000 1.000000
1853.032837 0.000000 2055.625488 0.000000 0.998936 0.000000 -0.046124 1.000000 1.000000 1.000000
1862.508057 0.000000 2085.528564 0.000000 0.860816 0.000000 0.508917 0.000000 0.000000 0.000000
1859.510986 0.000000 2080.365479 0.000000 0.920747 0.000000 0.390160 0.000000 0.000000 0.000000
1815.890747 0.000000 2108.979492 0.000000 0.964938 0.000000 -0.262477 0.000000 0.000000 0.000000
1850.305298 0.000000 2133.903320 0.000000 0.872567 0.000000 0.488494 0.000000 0.000000 0.000000
1847.819336 0.000000 2108.752686 0.000000 0.968101 0.000000 -0.250560 0.000000 0.000000 0.000000
1850.504395 0.000000 2113.680664 0.000000 0.891015 0.000000 0.453973 1.000000 1.000000 1.000000
1819.635498 0.000000 2112.972168 0.000000 0.992165 0.000000 0.124935 1.000000 1.000000 1.000000
1876.089478 0.000000 2134.738770 0.000000 0.982963 0.000000 -0.183806 0.000000 0.000000 0.000000
1856.936157 0.000000 2112.531494 0.000000 0.810242 0.000000 0.586096 0.000000 0.000000 0.000000
1857.451538 0.000000 2099.314209 0.000000 0.844667 0.000000 0.535292 1.000000 1.000000 1.000000
1837.516602 0.000000 2161.139648 0.000000 0.987777 0.000000 -0.155871 0.000000 0.000000 0.000000
1814.477783 0.000000 2181.299561 0.000000 0.984180 0.000000 -0.177174 0.000000 0.000000 0.000000
1806.873047 0.000000 2154.453369 0.000000 0.924698 0.000000 0.380701 0.000000 0.000000 0.000000
1837.943604 0.000000 2148.761230 0.000000 0.853289 0.000000 0.521439 0.000000 0.000000 0.000000
1813.208252 0.000000 2186.285400 0.000000 0.987586 0.000000 0.157077 0.000000 0.000000 0.000000
1882.979858 0.000000 2188.239014 0.000000 0.969520 0.000000 0.245014 0.000000 0.000000 0.000000
1886.060669 0.000000 2194.561035 0.000000 0.853146 0.000000 0.521672 0.000000 0.000000 0.000000
1859.510986 0.000000 2193.334229 0.000000 0.972818 0.000000 0.231570 0.000000 0.000000 0.000000
1865.604492 0.000000 2173.860596 0.000000 0.987406 0.000000 0.158204 1.000000 1.000000 1.000000
1868.083740 0.000000 2191.920166 0.000000 0.972507 0.000000 0.232874 1.000000 1.000000 1.000000
1834.835938 0.000000 2208.896973 0.000000 0.962570 0.000000 0.271032 0.000000 0.000000 0.000000
1879.890747 0.000000 2221.948242 0.000000 0.978045 0.000000 0.208393 0.000000 0.000000 0.000000
1466.807129 0.000000 2266.029541 0.000000 0.999986 0.000000 0.005260 0.000000 0.000000 0.000000
1492.089478 0.000000 2304.191895 0.000000 0.999949 0.000000 -0.010147 0.000000 0.000000 0.000000
1506.901001 0.000000 2259.439697 0.000000 0.995851 0.000000 -0.091004 0.000000 0.000000 0.000000
1472.098755 0.000000 2266.323975 0.000000 0.995296 0.000000 -0.096884 0.000000 0.000000 0.000000
1517.943604 0.000000 2261.729980 0.000000 0.876482 0.000000 0.481434 0.000000 0.000000 0.000000
1486.220581 0.000000 2276.455811 0.000000 0.999387 0.000000 0.035014 0.000000 0.000000 0.000000
1517.374878 0.000000 2284.296631 0.000000 0.918681 0.000000 0.395000 0.000000 0.000000 0.000000
1510.889160 0.000000 2282.814697 0.000000 0.953930 0.000000 0.300029 0.000000 0.000000 0.000000
1497.661133 0.000000 2262.441162 0.000000 0.972788 0.000000 -0.231698 0.000000 0.000000 0.000000
1655.637939 0.000000 2275.118408 0.000000 0.937963 0.000000 0.346734 0.000000 0.000000 0.000000
1619.007568 0.000000 2277.453369 0.000000 0.996284 0.000000 0.086124 0.000000 0.000000 0.000000
1676.978516 0.000000 2260.111084 0.000000 0.895585 0.000000 0.444890 0.000000 0.000000 0.000000
1666.396606 0.000000 2261.237061 0.000000 0.959287 0.000000 0.282434 0.000000 0.000000 0.000000
1678.873047 0.000000 2267.422119 0.000000 0.979041 0.000000 0.203664 0.000000 0.000000 0.000000
1667.837158 0.000000 2282.937012 0.000000 0.999106 0.000000 -0.042275 0.000000 0.000000 0.000000
1684.094971 0.000000 2274.775879 0.000000 0.994934 0.000000 -0.100527 1.000000 1.000000 1.000000
2096.205322 0.000000 1863.958740 0.000000 0.969351 0.000000 0.245679 0.000000 0.000000 0.000000
2088.763184 0.000000 1822.622192 0.000000 0.838528 0.000000 0.544858 0.000000 0.000000 0.000000
2079.334473 0.000000 1848.485474 0.000000 0.805656 0.000000 0.592383 0.000000 0.000000 0.000000
2051.837158 0.000000 1831.062134 0.000000 0.864526 0.000000 0.502588 0.000000 0.000000 0.000000
2101.013428 0.000000 1842.146362 0.000000 0.852318 0.000000 0.523024 0.000000 0.000000 0.000000
2088.974609 0.000000 1819.021606 0.000000 0.999087 0.000000 0.042719 0.000000 0.000000 0.000000
2095.145508 0.000000 1825.647827 0.000000 0.999006 0.000000 -0.044579 0.000000 0.000000 0.000000
2075.595215 0.000000 1858.023682 0.000000 0.995807 0.000000 0.091483 0.000000 0.000000 0.000000
2121.203857 0.000000 1843.200806 0.000000 0.933096 0.000000 0.359627 0.000000 0.000000 0.000000
2156.760498 0.000000 1846.005127 0.000000 0.956652 0.000000 0.291234 0.000000 0.000000 0.000000
2173.292725 0.000000 1820.058960 0.000000 0.950623 0.000000 0.310347 0.000000 0.000000 0.000000
2121.063721 0.000000 1837.962036 0.000000 0.867872 0.000000 0.496788 0.000000 0.000000 0.000000
2115.505127 0.000000 1850.926147 0.000000 0.998935 0.000000 -0.046134 0.000000 0.000000 0.000000
2171.211426 0.000000 1837.118164 0.000000 0.820216 0.000000 0.572055 0.000000 0.000000 0.000000
2152.015625 0.000000 1815.128540 0.000000 0.977441 0.000000 -0.211209 0.000000 0.000000 0.000000
2117.464844 0.000000 1812.281982 0.000000 0.971296 0.000000 0.237875 0.000000 0.000000 0.000000
2150.346680 0.000000 1861.757690 0.000000 0.856186 0.000000 0.516667 1.000000 1.000000 1.000000
2147.666992 0.000000 1843.986206 0.000000 0.987138 0.000000 0.159872 0.000000 0.000000 0.000000
2164.463867 0.000000 1822.581787 0.000000 0.996305 0.000000 0.085890 0.000000 0.000000 0.000000
2170.462158 0.000000 1824.570068 0.000000 0.989890 0.000000 -0.141836 0.000000 0.000000 0.000000
2120.667480 0.000000 1812.279175 0.000000 0.900870 0.000000 0.434088 0.000000 0.000000 0.000000
2156.194824 0.000000 1819.577393 0.000000 0.945353 0.000000 0.326050 0.000000 0.000000 0.000000
2173.032959 0.000000 1829.688110 0.000000 0.976484 0.000000 0.215589 1.000000 1.000000 1.000000
2135.191895 0.000000 1853.390625 0.000000 0.906550 0.000000 0.422099 0.000000 0.000000 0.000000
2080.032227 0.000000 1900.922241 0.000000 0.942296 0.000000 0.334781 0.000000 0.000000 0.000000
2066.817383 0.000000 1894.428223 0.000000 0.798210 0.000000 0.602380 1.000000 1.000000 1.000000
2048.163086 0.000000 1898.730957 0.000000 0.850683 0.000000 0.525679 0.000000 0.000000 0.000000
2071.293701 0.000000 1887.549194 0.000000 0.946080 0.000000 0.323933 0.000000 0.000000 0.000000
2077.392090 0.000000 1908.657837 0.000000 0.950108 0.000000 0.311921 0.000000 0.000000 0.000000
2054.724365 0.000000 1897.491821 0.000000 0.974404 0.000000 0.224802 1.000000 1.000000 1.000000
2060.457520 0.000000 1915.760254 0.000000 0.977522 0.000000 -0.210833 0.000000 0.000000 0.000000
2067.991699 0.000000 1897.211914 0.000000 0.840411 0.000000 0.541950 1.000000 1.000000 1.000000
2051.820801 0.000000 1877.789795 0.000000 0.833264 0.000000 0.552876 0.000000 0.000000 0.000000
2061.099609 0.000000 1883.760986 0.000000 0.998668 0.000000 -0.051589 0.000000 0.000000 0.000000
2114.396484 0.000000 1865.846558 0.000000 0.987756 0.000000 -0.156008 0.000000 0.000000 0.000000
2119.914795 0.000000 1865.821289 0.000000 0.974816 0.000000 0.223010 0.000000 0.000000 0.000000
2137.237549 0.000000 1870.143311 0.000000 0.985442 0.000000 0.170011 0.000000 0.000000 0.000000
2152.974609 0.000000 1875.505981 0.000000 0.928848 0.000000 0.370460 0.000000 0.000000 0.000000
2154.835938 0.000000 1869.990601 0.000000 0.969847 0.000000 0.243713 0.000000 0.000000 0.000000
2182.330566 0.000000 1819.596802 0.000000 0.999456 0.000000 -0.032994 0.000000 0.000000 0.000000
2194.817383 0.000000 1837.943848 0.000000 0.967874 0.000000 -0.251437 0.000000 0.000000 0.000000
2176.163086 0.000000 1842.246582 0.000000 0.883803 0.000000 0.467859 0.000000 0.000000 0.000000
2188.526855 0.000000 1830.545776 0.000000 0.995767 0.000000 -0.091919 0.000000 0.000000 0.000000
2099.456055 0.000000 1970.756958 0.000000 0.862584 0.000000 0.505914 0.000000 0.000000 0.000000
2095.868652 0.000000 1968.879761 0.000000 0.973390 0.000000 -0.229153 0.000000 0.000000 0.000000
2092.376709 0.000000 1966.736450 0.000000 0.964531 0.000000 -0.263969 0.000000 0.000000 0.000000
2065.664795 0.000000 1927.124756 0.000000 0.811504 0.000000 0.584347 1.000000 1.000000 1.000000
2078.961914 0.000000 1921.430054 0.000000 0.976896 0.000000 0.213716 0.000000 0.000000 0.000000
2068.994385 0.000000 1923.021484 0.000000 0.998381 0.000000 0.056882 0.000000 0.000000 0.000000
2062.979980 0.000000 1945.308960 0.000000 0.829306 0.000000 0.558794 1.000000 1.000000 1.000000
2060.552734 0.000000 2003.147217 0.000000 0.997358 0.000000 -0.072644 0.000000 0.000000 0.000000
2058.351318 0.000000 1997.832031 0.000000 0.996001 0.000000 -0.089347 1.000000 1.000000 1.000000
2107.211426 0.000000 2006.571289 0.000000 0.977211 0.000000 -0.212270 0.000000 0.000000 0.000000
2077.530273 0.000000 2004.245483 0.000000 0.998487 0.000000 -0.054981 0.000000 0.000000 0.000000
2089.967773 0.000000 2006.770996 0.000000 0.886778 0.000000 0.462195 0.000000 0.000000 0.000000
2103.819336 0.000000 1995.784058 0.000000 0.905033 0.000000 0.425342 1.000000 1.000000 1.000000
2060.526855 0.000000 1999.998901 0.000000 0.909642 0.000000 0.415393 0.000000 0.000000 0.000000
2096.746582 0.000000 1980.190796 0.000000 0.878498 0.000000 0.477746 1.000000 1.000000 1.000000
2112.936035 0.000000 1999.562622 0.000000 0.831604 0.000000 0.555369 0.000000 0.000000 0.000000
2284.376709 0.000000 2023.220825 0.000000 0.897272 0.000000 0.441477 0.000000 0.000000 0.000000
2295.060791 0.000000 2018.552856 0.000000 0.956255 0.000000 0.292534 0.000000 0.000000 0.000000
2261.934570 0.000000 2031.765137 0.000000 0.963908 0.000000 -0.266236 0.000000 0.000000 0.000000
2305.319092 0.000000 2015.841553 0.000000 0.995892 0.000000 0.090552 0.000000 0.000000 0.000000
2310.215332 0.000000 2025.890747 0.000000 0.963511 0.000000 0.267667 0.000000 0.000000 0.000000
2308.763672 0.000000 2013.145386 0.000000 0.999998 0.000000 -0.001934 0.000000 0.000000 0.000000
2312.908447 0.000000 2022.853149 0.000000 0.999985 0.000000 -0.005429 0.000000 0.000000 0.000000
2327.293701 0.000000 2000.517944 0.000000 0.999300 0.000000 0.037401 1.000000 1.000000 1.000000
2313.866211 0.000000 2016.025513 0.000000 0.991165 0.000000 -0.132633 1.000000 1.000000 1.000000
2348.194824 0.000000 1989.030518 0.000000 0.973621 0.000000 0.228171 0.000000 0.000000 0.000000
2329.283936 0.000000 1998.570923 0.000000 0.927734 0.000000 0.373243 0.000000 0.000000 0.000000
2446.007324 0.000000 1951.359009 0.000000 0.967104 0.000000 0.254381 0.000000 0.000000 0.000000
2449.260010 0.000000 1946.925903 0.000000 0.825251 0.000000 0.564766 0.000000 0.000000 0.000000
2510.007324 0.000000 1951.359009 0.000000 0.999934 0.000000 -0.011472 0.000000 0.000000 0.000000
2499.837158 0.000000 1944.030884 0.000000 0.956664 0.000000 0.291195 0.000000 0.000000 0.000000
2496.936035 0.000000 1943.078247 0.000000 0.973667 0.000000 0.227974 0.000000 0.000000 0.000000
2238.270020 0.000000 2037.868896 0.000000 0.987490 0.000000 0.157681 0.000000 0.000000 0.000000
2270.961914 0.000000 2034.398804 0.000000 0.801350 0.000000 0.598196 1.000000 1.000000 1.000000
"}
object={
	name="latin_dynamic_farmland_objects_generator_1_2"
	clamp_to_water_level=no
	render_under_water=no
	generated_content=yes
	layer="farms_dynamic"
	pdxmesh="latin_farm_scatter_02_mesh"
	count=1643
	transform="2533.982422 0.000000 163.230560 0.000000 0.466890 0.000000 -0.884315 1.000000 1.000000 1.000000
2559.957764 0.000000 133.867752 0.000000 0.361971 0.000000 -0.932189 0.000000 0.000000 0.000000
2530.932617 0.000000 167.045670 0.000000 0.855260 0.000000 -0.518199 0.000000 0.000000 0.000000
2519.371094 0.000000 155.982681 0.000000 0.918914 0.000000 -0.394457 0.000000 0.000000 0.000000
2436.458496 0.000000 223.919098 0.000000 0.710965 0.000000 -0.703227 0.000000 0.000000 0.000000
2463.758545 0.000000 199.612762 0.000000 0.748154 0.000000 -0.663526 0.000000 0.000000 0.000000
2466.900879 0.000000 169.517853 0.000000 0.916518 0.000000 -0.399994 0.000000 0.000000 0.000000
2467.764893 0.000000 195.300369 0.000000 0.806603 0.000000 -0.591093 0.000000 0.000000 0.000000
2453.208252 0.000000 209.332367 0.000000 0.885865 0.000000 -0.463943 0.000000 0.000000 0.000000
2492.832764 0.000000 201.774872 0.000000 0.797408 0.000000 -0.603441 0.000000 0.000000 0.000000
2449.722656 0.000000 221.630463 0.000000 0.934342 0.000000 -0.356378 0.000000 0.000000 0.000000
2516.968506 0.000000 221.578217 0.000000 0.638114 0.000000 -0.769942 0.000000 0.000000 0.000000
2508.978516 0.000000 170.189102 0.000000 0.452118 0.000000 -0.891958 0.000000 0.000000 0.000000
2510.873047 0.000000 177.500198 0.000000 0.577030 0.000000 -0.816723 0.000000 0.000000 0.000000
2513.256836 0.000000 204.167999 0.000000 0.834126 0.000000 -0.551574 0.000000 0.000000 0.000000
2510.220459 0.000000 186.534027 0.000000 0.712574 0.000000 -0.701597 0.000000 0.000000 0.000000
2444.978516 0.000000 226.673477 0.000000 0.888150 0.000000 -0.459554 0.000000 0.000000 0.000000
2513.256836 0.000000 260.652374 0.000000 0.955518 0.000000 -0.294934 0.000000 0.000000 0.000000
2498.356934 0.000000 230.835693 0.000000 0.942093 0.000000 -0.335352 0.000000 0.000000 0.000000
2512.244385 0.000000 255.135315 0.000000 0.464450 0.000000 -0.885600 0.000000 0.000000 0.000000
2480.541992 0.000000 305.007141 0.000000 0.688401 0.000000 -0.725331 0.000000 0.000000 0.000000
2483.863525 0.000000 306.794617 0.000000 0.775035 0.000000 -0.631919 0.000000 0.000000 0.000000
2464.448975 0.000000 308.417175 0.000000 0.606105 0.000000 -0.795385 0.000000 0.000000 0.000000
2473.563477 0.000000 365.397247 0.000000 0.899824 0.000000 -0.436253 0.000000 0.000000 0.000000
2476.760498 0.000000 377.411377 0.000000 0.743500 0.000000 -0.668735 0.000000 0.000000 0.000000
2463.825928 0.000000 347.028625 0.000000 0.397568 0.000000 -0.917573 0.000000 0.000000 0.000000
2464.426758 0.000000 351.344055 0.000000 0.588542 0.000000 -0.808467 0.000000 0.000000 0.000000
2459.131592 0.000000 355.027405 0.000000 0.872308 0.000000 -0.488956 0.000000 0.000000 0.000000
2433.319092 0.000000 434.279022 0.000000 0.791828 0.000000 -0.610744 0.000000 0.000000 0.000000
2432.255127 0.000000 442.531494 0.000000 0.467504 0.000000 -0.883991 0.000000 0.000000 0.000000
2583.371094 0.000000 325.435791 0.000000 0.936246 0.000000 -0.351345 0.000000 0.000000 0.000000
2575.197021 0.000000 350.539032 0.000000 0.834559 0.000000 -0.550918 0.000000 0.000000 0.000000
2579.771729 0.000000 418.016083 0.000000 0.494677 0.000000 -0.869077 0.000000 0.000000 0.000000
2429.512207 0.000000 508.385559 0.000000 0.610532 0.000000 -0.791992 0.000000 0.000000 0.000000
2429.524170 0.000000 525.429077 0.000000 0.853098 0.000000 -0.521751 0.000000 0.000000 0.000000
2429.032959 0.000000 530.547424 0.000000 0.470457 0.000000 -0.882423 0.000000 0.000000 0.000000
2439.914795 0.000000 453.711914 0.000000 0.467734 0.000000 -0.883869 0.000000 0.000000 0.000000
2449.256836 0.000000 486.589874 0.000000 0.812721 0.000000 -0.582654 0.000000 0.000000 0.000000
2438.330566 0.000000 463.971802 0.000000 0.882367 0.000000 -0.470561 0.000000 0.000000 0.000000
2437.464844 0.000000 456.656952 0.000000 0.960516 0.000000 -0.278223 0.000000 0.000000 0.000000
2483.402588 0.000000 505.842255 0.000000 0.560123 0.000000 -0.828410 0.000000 0.000000 0.000000
2499.510986 0.000000 498.802979 0.000000 0.687718 0.000000 -0.725978 1.000000 1.000000 1.000000
2452.968506 0.000000 560.484497 0.000000 0.811258 0.000000 -0.584688 0.000000 0.000000 0.000000
2441.400879 0.000000 524.478516 0.000000 0.773470 0.000000 -0.633833 0.000000 0.000000 0.000000
2450.283447 0.000000 509.492065 0.000000 0.914606 0.000000 -0.404347 0.000000 0.000000 0.000000
2454.937256 0.000000 522.786743 0.000000 0.736954 0.000000 -0.675943 0.000000 0.000000 0.000000
2432.513916 0.000000 524.440247 0.000000 0.819447 0.000000 -0.573156 0.000000 0.000000 0.000000
2447.831299 0.000000 512.531250 0.000000 0.372370 0.000000 -0.928084 0.000000 0.000000 0.000000
2490.028564 0.000000 521.457947 0.000000 0.868096 0.000000 -0.496396 1.000000 1.000000 1.000000
2491.100830 0.000000 518.452087 0.000000 0.474314 0.000000 -0.880356 1.000000 1.000000 1.000000
2537.260742 0.000000 552.581543 0.000000 0.655100 0.000000 -0.755542 0.000000 0.000000 0.000000
2530.735840 0.000000 548.012451 0.000000 0.549538 0.000000 -0.835469 1.000000 1.000000 1.000000
2440.407471 0.000000 572.656128 0.000000 0.560784 0.000000 -0.827962 0.000000 0.000000 0.000000
2436.032471 0.000000 596.455322 0.000000 0.666094 0.000000 -0.745868 0.000000 0.000000 0.000000
2438.215332 0.000000 613.781372 0.000000 0.911407 0.000000 -0.411505 0.000000 0.000000 0.000000
2443.929443 0.000000 576.849609 0.000000 0.955882 0.000000 -0.293750 0.000000 0.000000 0.000000
2442.351318 0.000000 585.722717 0.000000 0.686821 0.000000 -0.726827 1.000000 1.000000 1.000000
2443.487061 0.000000 573.403381 0.000000 0.554851 0.000000 -0.831950 1.000000 1.000000 1.000000
2444.526855 0.000000 587.889587 0.000000 0.398793 0.000000 -0.917041 1.000000 1.000000 1.000000
2444.112305 0.000000 579.750488 0.000000 0.415109 0.000000 -0.909772 0.000000 0.000000 0.000000
2445.099609 0.000000 584.620361 0.000000 0.831703 0.000000 -0.555221 1.000000 1.000000 1.000000
2457.283936 0.000000 586.461487 0.000000 0.685188 0.000000 -0.728366 1.000000 1.000000 1.000000
2533.432373 0.000000 575.870789 0.000000 0.811019 0.000000 -0.585020 0.000000 0.000000 0.000000
2468.759766 0.000000 642.704346 0.000000 0.651181 0.000000 -0.758923 0.000000 0.000000 0.000000
2483.456055 0.000000 728.100769 0.000000 0.901969 0.000000 -0.431801 0.000000 0.000000 0.000000
2473.260742 0.000000 722.034668 0.000000 0.571756 0.000000 -0.820424 0.000000 0.000000 0.000000
2477.311035 0.000000 712.162415 0.000000 0.451077 0.000000 -0.892485 0.000000 0.000000 0.000000
2470.889160 0.000000 701.252136 0.000000 0.419235 0.000000 -0.907878 0.000000 0.000000 0.000000
2480.024170 0.000000 730.347534 0.000000 0.363080 0.000000 -0.931758 0.000000 0.000000 0.000000
2473.322754 0.000000 726.088135 0.000000 0.437244 0.000000 -0.899343 0.000000 0.000000 0.000000
2477.311035 0.000000 768.646790 0.000000 0.742708 0.000000 -0.669616 0.000000 0.000000 0.000000
2473.065186 0.000000 786.002441 0.000000 0.776015 0.000000 -0.630715 0.000000 0.000000 0.000000
2466.900879 0.000000 790.845947 0.000000 0.583059 0.000000 -0.812430 0.000000 0.000000 0.000000
2477.311035 0.000000 825.131165 0.000000 0.488095 0.000000 -0.872790 0.000000 0.000000 0.000000
2477.375000 0.000000 815.702942 0.000000 0.955490 0.000000 -0.295023 0.000000 0.000000 0.000000
2611.456055 0.000000 502.163269 0.000000 0.612054 0.000000 -0.790816 0.000000 0.000000 0.000000
2608.918701 0.000000 466.861176 0.000000 0.398809 0.000000 -0.917034 0.000000 0.000000 0.000000
2618.631836 0.000000 487.011444 0.000000 0.371530 0.000000 -0.928421 0.000000 0.000000 0.000000
2627.837158 0.000000 531.921448 0.000000 0.539398 0.000000 -0.842051 0.000000 0.000000 0.000000
2674.842529 0.000000 582.713684 0.000000 0.959230 0.000000 -0.282625 0.000000 0.000000 0.000000
2649.917236 0.000000 609.609924 0.000000 0.870294 0.000000 -0.492533 1.000000 1.000000 1.000000
2668.352051 0.000000 582.104858 0.000000 0.909865 0.000000 -0.414905 0.000000 0.000000 0.000000
2636.526855 0.000000 644.373962 0.000000 0.895113 0.000000 -0.445840 1.000000 1.000000 1.000000
2624.936035 0.000000 643.937683 0.000000 0.399207 0.000000 -0.916861 1.000000 1.000000 1.000000
2636.112305 0.000000 636.234863 0.000000 0.913906 0.000000 -0.405926 1.000000 1.000000 1.000000
2627.820801 0.000000 635.133484 0.000000 0.858066 0.000000 -0.513540 1.000000 1.000000 1.000000
2736.541992 0.000000 587.429016 0.000000 0.662012 0.000000 -0.749493 0.000000 0.000000 0.000000
2722.015137 0.000000 585.339294 0.000000 0.918161 0.000000 -0.396207 0.000000 0.000000 0.000000
2736.580566 0.000000 595.284485 0.000000 0.882061 0.000000 -0.471135 0.000000 0.000000 0.000000
2726.581055 0.000000 599.968201 0.000000 0.895422 0.000000 -0.445219 1.000000 1.000000 1.000000
2746.631836 0.000000 599.980164 0.000000 0.923288 0.000000 -0.384109 0.000000 0.000000 0.000000
2688.936035 0.000000 587.453308 0.000000 0.772688 0.000000 -0.634786 0.000000 0.000000 0.000000
2724.759766 0.000000 586.219971 0.000000 0.548109 0.000000 -0.836407 0.000000 0.000000 0.000000
2701.099609 0.000000 584.620361 0.000000 0.446534 0.000000 -0.894766 0.000000 0.000000 0.000000
2771.991699 0.000000 598.071228 0.000000 0.774559 0.000000 -0.632502 0.000000 0.000000 0.000000
2730.673340 0.000000 621.472046 0.000000 0.620136 0.000000 -0.784495 0.000000 0.000000 0.000000
2748.832764 0.000000 653.649902 0.000000 0.528149 0.000000 -0.849152 0.000000 0.000000 0.000000
2766.875732 0.000000 666.090149 0.000000 0.718445 0.000000 -0.695584 0.000000 0.000000 0.000000
2577.256836 0.000000 712.527344 0.000000 0.836474 0.000000 -0.548007 0.000000 0.000000 0.000000
2581.208252 0.000000 717.691711 0.000000 0.903546 0.000000 -0.428492 0.000000 0.000000 0.000000
2572.552734 0.000000 704.006531 0.000000 0.810306 0.000000 -0.586007 0.000000 0.000000 0.000000
2613.861084 0.000000 725.878967 0.000000 0.959112 0.000000 -0.283027 0.000000 0.000000 0.000000
2589.423096 0.000000 716.364319 0.000000 0.888061 0.000000 -0.459725 0.000000 0.000000 0.000000
2687.957764 0.000000 698.711487 0.000000 0.832664 0.000000 -0.553778 0.000000 0.000000 0.000000
2661.432373 0.000000 688.839539 0.000000 0.702963 0.000000 -0.711226 0.000000 0.000000 0.000000
2638.953369 0.000000 731.784180 0.000000 0.630785 0.000000 -0.775958 0.000000 0.000000 0.000000
2645.934570 0.000000 732.624451 0.000000 0.739487 0.000000 -0.673171 1.000000 1.000000 1.000000
2674.798096 0.000000 714.493652 0.000000 0.810736 0.000000 -0.585412 1.000000 1.000000 1.000000
2647.191895 0.000000 723.703125 0.000000 0.714861 0.000000 -0.699266 0.000000 0.000000 0.000000
2633.866211 0.000000 773.369202 0.000000 0.903003 0.000000 -0.429634 1.000000 1.000000 1.000000
2649.661133 0.000000 737.363098 0.000000 0.888063 0.000000 -0.459722 1.000000 1.000000 1.000000
2633.084717 0.000000 745.114746 0.000000 0.457082 0.000000 -0.889425 0.000000 0.000000 0.000000
2653.423096 0.000000 772.848694 0.000000 0.948385 0.000000 -0.317121 0.000000 0.000000 0.000000
2682.504395 0.000000 758.055725 0.000000 0.766388 0.000000 -0.642378 1.000000 1.000000 1.000000
2677.519043 0.000000 760.922302 0.000000 0.692065 0.000000 -0.721835 1.000000 1.000000 1.000000
2652.947998 0.000000 764.368713 0.000000 0.531182 0.000000 -0.847258 0.000000 0.000000 0.000000
2689.319092 0.000000 716.700928 0.000000 0.777183 0.000000 -0.629275 0.000000 0.000000 0.000000
2738.585205 0.000000 705.706726 0.000000 0.936079 0.000000 -0.351789 0.000000 0.000000 0.000000
2750.419189 0.000000 719.959778 0.000000 0.751952 0.000000 -0.659218 0.000000 0.000000 0.000000
2746.305176 0.000000 721.793945 0.000000 0.859486 0.000000 -0.511160 0.000000 0.000000 0.000000
2746.462158 0.000000 694.882568 0.000000 0.409118 0.000000 -0.912481 1.000000 1.000000 1.000000
2743.819336 0.000000 696.643433 0.000000 0.738758 0.000000 -0.673970 1.000000 1.000000 1.000000
2726.581055 0.000000 712.936951 0.000000 0.783175 0.000000 -0.621801 0.000000 0.000000 0.000000
2694.056885 0.000000 722.750244 0.000000 0.865885 0.000000 -0.500243 0.000000 0.000000 0.000000
2749.032959 0.000000 700.000549 0.000000 0.713244 0.000000 -0.700915 1.000000 1.000000 1.000000
2705.360840 0.000000 723.972839 0.000000 0.575561 0.000000 -0.817759 1.000000 1.000000 1.000000
2711.191895 0.000000 723.703125 0.000000 0.787169 0.000000 -0.616737 1.000000 1.000000 1.000000
2782.530029 0.000000 701.272583 0.000000 0.799744 0.000000 -0.600341 0.000000 0.000000 0.000000
2810.511719 0.000000 698.322510 0.000000 0.572547 0.000000 -0.819872 0.000000 0.000000 0.000000
2781.530273 0.000000 705.104858 0.000000 0.708198 0.000000 -0.706014 0.000000 0.000000 0.000000
2767.197021 0.000000 689.445251 0.000000 0.609128 0.000000 -0.793072 0.000000 0.000000 0.000000
2758.056885 0.000000 722.750244 0.000000 0.714883 0.000000 -0.699244 0.000000 0.000000 0.000000
2769.664795 0.000000 684.468506 0.000000 0.756868 0.000000 -0.653567 0.000000 0.000000 0.000000
2772.994385 0.000000 680.365173 0.000000 0.855345 0.000000 -0.518060 0.000000 0.000000 0.000000
2780.947998 0.000000 707.884338 0.000000 0.479909 0.000000 -0.877318 0.000000 0.000000 0.000000
2742.864258 0.000000 789.295532 0.000000 0.647454 0.000000 -0.762104 0.000000 0.000000 0.000000
2735.537109 0.000000 761.425354 0.000000 0.846327 0.000000 -0.532663 1.000000 1.000000 1.000000
2699.487061 0.000000 742.856506 0.000000 0.788130 0.000000 -0.615508 0.000000 0.000000 0.000000
2743.819336 0.000000 753.127808 0.000000 0.954669 0.000000 -0.297671 0.000000 0.000000 0.000000
2732.194824 0.000000 746.374268 0.000000 0.913345 0.000000 -0.407186 0.000000 0.000000 0.000000
2723.200439 0.000000 747.093872 0.000000 0.859156 0.000000 -0.511714 0.000000 0.000000 0.000000
2777.237549 0.000000 740.455750 0.000000 0.948157 0.000000 -0.317804 0.000000 0.000000 0.000000
2785.947754 0.000000 783.770386 0.000000 0.802507 0.000000 -0.596643 0.000000 0.000000 0.000000
2769.939453 0.000000 776.092468 0.000000 0.751262 0.000000 -0.660004 0.000000 0.000000 0.000000
2794.835938 0.000000 740.303162 0.000000 0.593804 0.000000 -0.804610 0.000000 0.000000 0.000000
2756.948486 0.000000 734.411926 0.000000 0.634157 0.000000 -0.773205 0.000000 0.000000 0.000000
2753.451416 0.000000 743.689331 0.000000 0.795735 0.000000 -0.605645 1.000000 1.000000 1.000000
2609.272949 0.000000 824.406189 0.000000 0.938757 0.000000 -0.344581 0.000000 0.000000 0.000000
2601.385498 0.000000 823.699402 0.000000 0.944921 0.000000 -0.327299 0.000000 0.000000 0.000000
2601.065186 0.000000 842.486816 0.000000 0.569826 0.000000 -0.821765 0.000000 0.000000 0.000000
2610.798096 0.000000 827.462402 0.000000 0.420717 0.000000 -0.907192 1.000000 1.000000 1.000000
2617.384521 0.000000 847.033020 0.000000 0.667353 0.000000 -0.744741 1.000000 1.000000 1.000000
2662.231201 0.000000 829.310303 0.000000 0.662332 0.000000 -0.749210 0.000000 0.000000 0.000000
2625.884521 0.000000 841.833801 0.000000 0.610402 0.000000 -0.792092 0.000000 0.000000 0.000000
2630.724365 0.000000 824.288757 0.000000 0.492622 0.000000 -0.870243 0.000000 0.000000 0.000000
2681.384521 0.000000 847.033020 0.000000 0.636560 0.000000 -0.771227 0.000000 0.000000 0.000000
2601.563477 0.000000 873.756653 0.000000 0.938595 0.000000 -0.345022 0.000000 0.000000 0.000000
2605.375000 0.000000 872.187317 0.000000 0.528314 0.000000 -0.849049 0.000000 0.000000 0.000000
2612.003906 0.000000 850.593201 0.000000 0.704235 0.000000 -0.709967 0.000000 0.000000 0.000000
2652.793701 0.000000 850.107422 0.000000 0.782966 0.000000 -0.622064 0.000000 0.000000 0.000000
2656.448975 0.000000 873.260925 0.000000 0.876104 0.000000 -0.482123 0.000000 0.000000 0.000000
2657.448975 0.000000 870.562439 0.000000 0.450071 0.000000 -0.892993 0.000000 0.000000 0.000000
2660.029297 0.000000 865.818420 0.000000 0.787983 0.000000 -0.615697 0.000000 0.000000 0.000000
2662.469482 0.000000 873.859680 0.000000 0.828006 0.000000 -0.560720 1.000000 1.000000 1.000000
2746.544434 0.000000 831.204346 0.000000 0.479075 0.000000 -0.877774 0.000000 0.000000 0.000000
2742.816650 0.000000 792.032043 0.000000 0.618786 0.000000 -0.785559 0.000000 0.000000 0.000000
2747.981689 0.000000 846.000488 0.000000 0.768358 0.000000 -0.640021 0.000000 0.000000 0.000000
2729.967773 0.000000 820.599182 0.000000 0.879072 0.000000 -0.476690 1.000000 1.000000 1.000000
2688.936035 0.000000 813.390808 0.000000 0.814135 0.000000 -0.580676 1.000000 1.000000 1.000000
2691.820801 0.000000 804.586609 0.000000 0.433301 0.000000 -0.901249 0.000000 0.000000 0.000000
2784.448975 0.000000 816.776550 0.000000 0.959494 0.000000 -0.281729 0.000000 0.000000 0.000000
2720.448975 0.000000 873.260925 0.000000 0.910867 0.000000 -0.412701 0.000000 0.000000 0.000000
2739.016113 0.000000 868.116760 0.000000 0.807451 0.000000 -0.589934 1.000000 1.000000 1.000000
2698.072266 0.000000 903.437622 0.000000 0.465955 0.000000 -0.884808 1.000000 1.000000 1.000000
2700.083740 0.000000 892.779480 0.000000 0.943514 0.000000 -0.331334 1.000000 1.000000 1.000000
2741.519043 0.000000 873.891052 0.000000 0.738909 0.000000 -0.673805 1.000000 1.000000 1.000000
2713.706787 0.000000 860.904968 0.000000 0.648161 0.000000 -0.761504 0.000000 0.000000 0.000000
2704.186279 0.000000 866.416870 0.000000 0.579002 0.000000 -0.815326 1.000000 1.000000 1.000000
2790.231201 0.000000 885.794678 0.000000 0.616309 0.000000 -0.787504 0.000000 0.000000 0.000000
2815.487305 0.000000 877.493347 0.000000 0.847779 0.000000 -0.530350 0.000000 0.000000 0.000000
2773.208252 0.000000 887.144836 0.000000 0.529424 0.000000 -0.848357 0.000000 0.000000 0.000000
2766.220459 0.000000 864.346558 0.000000 0.624814 0.000000 -0.780773 0.000000 0.000000 0.000000
2781.237549 0.000000 880.787842 0.000000 0.926876 0.000000 -0.375367 0.000000 0.000000 0.000000
2767.197021 0.000000 858.898376 0.000000 0.903386 0.000000 -0.428828 0.000000 0.000000 0.000000
2760.667480 0.000000 852.044861 0.000000 0.495266 0.000000 -0.868741 0.000000 0.000000 0.000000
2772.094971 0.000000 862.666504 0.000000 0.506313 0.000000 -0.862350 1.000000 1.000000 1.000000
2773.235596 0.000000 867.126709 0.000000 0.745246 0.000000 -0.666790 1.000000 1.000000 1.000000
2871.107910 0.000000 723.013794 0.000000 0.849166 0.000000 -0.528125 0.000000 0.000000 0.000000
2852.759766 0.000000 699.188721 0.000000 0.921563 0.000000 -0.388228 0.000000 0.000000 0.000000
2833.360840 0.000000 723.972839 0.000000 0.782658 0.000000 -0.622452 1.000000 1.000000 1.000000
2823.213623 0.000000 716.012573 0.000000 0.503466 0.000000 -0.864015 1.000000 1.000000 1.000000
2867.016113 0.000000 755.148010 0.000000 0.726977 0.000000 -0.686661 1.000000 1.000000 1.000000
2869.519043 0.000000 760.922302 0.000000 0.936106 0.000000 -0.351717 1.000000 1.000000 1.000000
2913.210205 0.000000 779.170227 0.000000 0.521884 0.000000 -0.853017 0.000000 0.000000 0.000000
2909.392090 0.000000 778.970337 0.000000 0.468984 0.000000 -0.883207 0.000000 0.000000 0.000000
2897.722656 0.000000 786.474182 0.000000 0.381988 0.000000 -0.924167 1.000000 1.000000 1.000000
2860.063232 0.000000 799.770386 0.000000 0.629727 0.000000 -0.776816 0.000000 0.000000 0.000000
2841.661133 0.000000 793.847473 0.000000 0.917081 0.000000 -0.398701 0.000000 0.000000 0.000000
2876.832764 0.000000 823.103027 0.000000 0.627287 0.000000 -0.778788 0.000000 0.000000 0.000000
2875.100830 0.000000 800.873962 0.000000 0.434064 0.000000 -0.900882 1.000000 1.000000 1.000000
2866.798096 0.000000 827.462402 0.000000 0.459422 0.000000 -0.888218 0.000000 0.000000 0.000000
2828.083740 0.000000 836.295105 0.000000 0.435316 0.000000 -0.900278 1.000000 1.000000 1.000000
2845.958740 0.000000 800.981567 0.000000 0.773655 0.000000 -0.633606 1.000000 1.000000 1.000000
2930.842529 0.000000 808.651184 0.000000 0.458315 0.000000 -0.888790 0.000000 0.000000 0.000000
2916.276123 0.000000 824.028015 0.000000 0.384762 0.000000 -0.923016 0.000000 0.000000 0.000000
2934.864258 0.000000 845.779907 0.000000 0.692338 0.000000 -0.721574 0.000000 0.000000 0.000000
2920.015625 0.000000 798.409851 0.000000 0.507141 0.000000 -0.861863 0.000000 0.000000 0.000000
2880.894775 0.000000 821.081360 0.000000 0.583408 0.000000 -0.812179 1.000000 1.000000 1.000000
2935.819336 0.000000 809.612183 0.000000 0.636944 0.000000 -0.770910 0.000000 0.000000 0.000000
2863.663086 0.000000 857.277527 0.000000 0.659326 0.000000 -0.751857 0.000000 0.000000 0.000000
2856.974609 0.000000 858.787170 0.000000 0.444544 0.000000 -0.895757 1.000000 1.000000 1.000000
2842.987305 0.000000 847.354431 0.000000 0.758776 0.000000 -0.651351 0.000000 0.000000 0.000000
2825.278076 0.000000 897.349182 0.000000 0.836527 0.000000 -0.547926 0.000000 0.000000 0.000000
2857.677002 0.000000 865.332642 0.000000 0.850264 0.000000 -0.526356 0.000000 0.000000 0.000000
2823.437256 0.000000 902.309265 0.000000 0.871915 0.000000 -0.489658 1.000000 1.000000 1.000000
2837.934570 0.000000 902.077576 0.000000 0.900488 0.000000 -0.434880 1.000000 1.000000 1.000000
2928.205322 0.000000 903.724365 0.000000 0.393341 0.000000 -0.919392 0.000000 0.000000 0.000000
2924.760498 0.000000 885.770752 0.000000 0.953048 0.000000 -0.302820 0.000000 0.000000 0.000000
2880.156738 0.000000 902.165833 0.000000 0.850401 0.000000 -0.526136 0.000000 0.000000 0.000000
2928.024170 0.000000 899.800659 0.000000 0.627976 0.000000 -0.778232 0.000000 0.000000 0.000000
2927.537109 0.000000 874.394104 0.000000 0.413449 0.000000 -0.910527 0.000000 0.000000 0.000000
2982.893555 0.000000 866.712952 0.000000 0.894333 0.000000 -0.447401 0.000000 0.000000 0.000000
2978.900879 0.000000 847.330322 0.000000 0.853208 0.000000 -0.521570 0.000000 0.000000 0.000000
2979.200439 0.000000 860.062622 0.000000 0.783396 0.000000 -0.621523 1.000000 1.000000 1.000000
2497.319092 0.000000 942.638428 0.000000 0.585625 0.000000 -0.810582 0.000000 0.000000 0.000000
2499.505127 0.000000 947.176147 0.000000 0.814662 0.000000 -0.579936 0.000000 0.000000 0.000000
2496.163086 0.000000 938.496521 0.000000 0.704816 0.000000 -0.709391 0.000000 0.000000 0.000000
2497.451416 0.000000 972.410034 0.000000 0.810196 0.000000 -0.586159 0.000000 0.000000 0.000000
2510.953369 0.000000 1014.206055 0.000000 0.533913 0.000000 -0.845540 0.000000 0.000000 0.000000
2505.640869 0.000000 1013.422241 0.000000 0.711295 0.000000 -0.702893 0.000000 0.000000 0.000000
2501.464844 0.000000 965.016296 0.000000 0.916988 0.000000 -0.398915 0.000000 0.000000 0.000000
2505.866211 0.000000 999.306702 0.000000 0.504640 0.000000 -0.863330 0.000000 0.000000 0.000000
2498.356934 0.000000 965.132568 0.000000 0.872595 0.000000 -0.488445 0.000000 0.000000 0.000000
2502.215332 0.000000 1065.656372 0.000000 0.923822 0.000000 -0.382822 0.000000 0.000000 0.000000
2505.063721 0.000000 1047.180786 0.000000 0.708149 0.000000 -0.706063 0.000000 0.000000 0.000000
2502.508057 0.000000 1068.809937 0.000000 0.604038 0.000000 -0.796956 0.000000 0.000000 0.000000
2505.278076 0.000000 1066.802368 0.000000 0.638877 0.000000 -0.769309 0.000000 0.000000 0.000000
2488.065674 0.000000 1098.565674 0.000000 0.725237 0.000000 -0.688499 0.000000 0.000000 0.000000
2462.236816 0.000000 1125.733032 0.000000 0.853206 0.000000 -0.521574 0.000000 0.000000 0.000000
2491.211426 0.000000 1102.821289 0.000000 0.862367 0.000000 -0.506283 0.000000 0.000000 0.000000
2497.451416 0.000000 1085.378784 0.000000 0.454469 0.000000 -0.890763 0.000000 0.000000 0.000000
2287.722412 0.000000 1343.460327 0.000000 0.717906 0.000000 -0.696140 0.000000 0.000000 0.000000
2287.868652 0.000000 1347.551636 0.000000 0.922793 0.000000 -0.385297 0.000000 0.000000 0.000000
2383.130859 0.000000 1169.059326 0.000000 0.842682 0.000000 -0.538411 0.000000 0.000000 0.000000
2374.215332 0.000000 1178.625122 0.000000 0.906194 0.000000 -0.422862 0.000000 0.000000 0.000000
2384.971924 0.000000 1178.864502 0.000000 0.960085 0.000000 -0.279707 1.000000 1.000000 1.000000
2393.680908 0.000000 1163.464966 0.000000 0.824652 0.000000 -0.565640 0.000000 0.000000 0.000000
2385.722656 0.000000 1181.864868 0.000000 0.946898 0.000000 -0.321534 1.000000 1.000000 1.000000
2360.065674 0.000000 1211.534424 0.000000 0.803085 0.000000 -0.595864 0.000000 0.000000 0.000000
2346.009521 0.000000 1241.108521 0.000000 0.886946 0.000000 -0.461873 0.000000 0.000000 0.000000
2373.464844 0.000000 1190.953857 0.000000 0.698241 0.000000 -0.715863 0.000000 0.000000 0.000000
2441.640869 0.000000 1182.875366 0.000000 0.955989 0.000000 -0.293403 0.000000 0.000000 0.000000
2450.283447 0.000000 1130.820190 0.000000 0.923496 0.000000 -0.383608 0.000000 0.000000 0.000000
2443.929443 0.000000 1141.693359 0.000000 0.658392 0.000000 -0.752675 0.000000 0.000000 0.000000
2443.786377 0.000000 1134.740479 0.000000 0.606496 0.000000 -0.795087 0.000000 0.000000 0.000000
2557.292725 0.000000 1198.730835 0.000000 0.739767 0.000000 -0.672863 0.000000 0.000000 0.000000
2534.535645 0.000000 1215.679932 0.000000 0.815128 0.000000 -0.579281 0.000000 0.000000 0.000000
2325.705078 0.000000 1269.523926 0.000000 0.666310 0.000000 -0.745674 0.000000 0.000000 0.000000
2335.453613 0.000000 1259.386353 0.000000 0.928856 0.000000 -0.370442 0.000000 0.000000 0.000000
2315.959473 0.000000 1291.147095 0.000000 0.827018 0.000000 -0.562175 0.000000 0.000000 0.000000
2422.864258 0.000000 1297.654907 0.000000 0.404566 0.000000 -0.914509 0.000000 0.000000 0.000000
2353.272949 0.000000 1332.765503 0.000000 0.397900 0.000000 -0.917429 0.000000 0.000000 0.000000
2388.968506 0.000000 1351.265747 0.000000 0.892868 0.000000 -0.450318 0.000000 0.000000 0.000000
2399.758545 0.000000 1329.300293 0.000000 0.756150 0.000000 -0.654398 0.000000 0.000000 0.000000
2368.098633 0.000000 1306.089600 0.000000 0.938554 0.000000 -0.345133 0.000000 0.000000 0.000000
2415.537109 0.000000 1326.269043 0.000000 0.927754 0.000000 -0.373193 1.000000 1.000000 1.000000
2426.631836 0.000000 1334.277100 0.000000 0.716839 0.000000 -0.697239 0.000000 0.000000 0.000000
2426.504395 0.000000 1322.899536 0.000000 0.489133 0.000000 -0.872209 0.000000 0.000000 0.000000
2439.671631 0.000000 1267.512817 0.000000 0.887661 0.000000 -0.460498 0.000000 0.000000 0.000000
2472.832275 0.000000 1246.157349 0.000000 0.948348 0.000000 -0.317231 0.000000 0.000000 0.000000
2490.368164 0.000000 1294.582153 0.000000 0.475751 0.000000 -0.879580 0.000000 0.000000 0.000000
2448.971924 0.000000 1291.833252 0.000000 0.810738 0.000000 -0.585409 0.000000 0.000000 0.000000
2433.884521 0.000000 1293.708740 0.000000 0.847450 0.000000 -0.530875 0.000000 0.000000 0.000000
2437.119141 0.000000 1259.090454 0.000000 0.670267 0.000000 -0.742120 0.000000 0.000000 0.000000
2488.315674 0.000000 1279.665283 0.000000 0.654942 0.000000 -0.755679 0.000000 0.000000 0.000000
2479.537109 0.000000 1269.784668 0.000000 0.901634 0.000000 -0.432500 0.000000 0.000000 0.000000
2490.504395 0.000000 1266.415161 0.000000 0.687504 0.000000 -0.726181 0.000000 0.000000 0.000000
2468.029297 0.000000 1261.208984 0.000000 0.854088 0.000000 -0.520128 0.000000 0.000000 0.000000
2554.544434 0.000000 1283.079346 0.000000 0.676829 0.000000 -0.736141 0.000000 0.000000 0.000000
2519.890625 0.000000 1261.713989 0.000000 0.834614 0.000000 -0.550835 1.000000 1.000000 1.000000
2505.640869 0.000000 1295.844116 0.000000 0.508382 0.000000 -0.861132 0.000000 0.000000 0.000000
2541.433838 0.000000 1272.385498 0.000000 0.799253 0.000000 -0.600995 0.000000 0.000000 0.000000
2541.375000 0.000000 1267.577881 0.000000 0.687627 0.000000 -0.726064 1.000000 1.000000 1.000000
2549.013428 0.000000 1277.302612 0.000000 0.719288 0.000000 -0.694712 0.000000 0.000000 0.000000
2538.288330 0.000000 1265.804077 0.000000 0.466949 0.000000 -0.884284 0.000000 0.000000 0.000000
2543.537109 0.000000 1269.784668 0.000000 0.853443 0.000000 -0.521186 0.000000 0.000000 0.000000
2525.423096 0.000000 1281.208130 0.000000 0.805275 0.000000 -0.592902 1.000000 1.000000 1.000000
2554.631836 0.000000 1277.792725 0.000000 0.760141 0.000000 -0.649758 0.000000 0.000000 0.000000
2526.961914 0.000000 1243.617554 0.000000 0.666951 0.000000 -0.745102 0.000000 0.000000 0.000000
2503.213623 0.000000 1280.856323 0.000000 0.890737 0.000000 -0.454519 1.000000 1.000000 1.000000
2452.968506 0.000000 1351.265747 0.000000 0.862129 0.000000 -0.506689 0.000000 0.000000 0.000000
2439.671631 0.000000 1323.997192 0.000000 0.557431 0.000000 -0.830224 0.000000 0.000000 0.000000
2469.982422 0.000000 1349.402466 0.000000 0.913693 0.000000 -0.406404 0.000000 0.000000 0.000000
2495.586426 0.000000 1352.575195 0.000000 0.902034 0.000000 -0.431664 0.000000 0.000000 0.000000
2449.256836 0.000000 1333.855469 0.000000 0.874304 0.000000 -0.485379 0.000000 0.000000 0.000000
2453.208252 0.000000 1339.019897 0.000000 0.943644 0.000000 -0.330962 0.000000 0.000000 0.000000
2480.024170 0.000000 1351.675659 0.000000 0.674986 0.000000 -0.737831 0.000000 0.000000 0.000000
2487.062500 0.000000 1350.158081 0.000000 0.821049 0.000000 -0.570857 0.000000 0.000000 0.000000
2447.197021 0.000000 1310.773438 0.000000 0.875692 0.000000 -0.482871 0.000000 0.000000 0.000000
2452.094971 0.000000 1314.541504 0.000000 0.621344 0.000000 -0.783538 1.000000 1.000000 1.000000
2448.939697 0.000000 1315.069336 0.000000 0.809685 0.000000 -0.586865 1.000000 1.000000 1.000000
2448.244385 0.000000 1328.338501 0.000000 0.676740 0.000000 -0.736222 0.000000 0.000000 0.000000
2540.063232 0.000000 1308.129761 0.000000 0.664858 0.000000 -0.746970 0.000000 0.000000 0.000000
2558.624512 0.000000 1307.960815 0.000000 0.919440 0.000000 -0.393229 0.000000 0.000000 0.000000
2515.991699 0.000000 1332.368164 0.000000 0.796488 0.000000 -0.604654 0.000000 0.000000 0.000000
2607.917480 0.000000 940.532043 0.000000 0.502086 0.000000 -0.864818 0.000000 0.000000 0.000000
2618.631836 0.000000 938.886414 0.000000 0.611769 0.000000 -0.791036 0.000000 0.000000 0.000000
2610.798096 0.000000 940.431152 0.000000 0.781462 0.000000 -0.623953 0.000000 0.000000 0.000000
2627.505127 0.000000 947.176147 0.000000 0.926482 0.000000 -0.376339 0.000000 0.000000 0.000000
2654.608887 0.000000 909.289673 0.000000 0.603635 0.000000 -0.797261 0.000000 0.000000 0.000000
2633.063721 0.000000 990.696350 0.000000 0.447830 0.000000 -0.894119 0.000000 0.000000 0.000000
2650.364746 0.000000 985.795715 0.000000 0.877380 0.000000 -0.479797 1.000000 1.000000 1.000000
2625.884521 0.000000 1011.286926 0.000000 0.950849 0.000000 -0.309656 0.000000 0.000000 0.000000
2651.932861 0.000000 980.504028 0.000000 0.672856 0.000000 -0.739773 1.000000 1.000000 1.000000
2628.948486 0.000000 960.349426 0.000000 0.405955 0.000000 -0.913893 0.000000 0.000000 0.000000
2746.544434 0.000000 944.173096 0.000000 0.903728 0.000000 -0.428108 0.000000 0.000000 0.000000
2697.084717 0.000000 914.567871 0.000000 0.827047 0.000000 -0.562133 1.000000 1.000000 1.000000
2726.581055 0.000000 938.874451 0.000000 0.623845 0.000000 -0.781548 1.000000 1.000000 1.000000
2738.798096 0.000000 940.431152 0.000000 0.800115 0.000000 -0.599847 0.000000 0.000000 0.000000
2708.094971 0.000000 919.150879 0.000000 0.590152 0.000000 -0.807292 1.000000 1.000000 1.000000
2780.793701 0.000000 906.591797 0.000000 0.554912 0.000000 -0.831909 0.000000 0.000000 0.000000
2793.563477 0.000000 930.241028 0.000000 0.822194 0.000000 -0.569207 0.000000 0.000000 0.000000
2807.531250 0.000000 914.353699 0.000000 0.900869 0.000000 -0.434090 0.000000 0.000000 0.000000
2763.487061 0.000000 912.309631 0.000000 0.754663 0.000000 -0.656112 1.000000 1.000000 1.000000
2807.819336 0.000000 922.580933 0.000000 0.719282 0.000000 -0.694718 1.000000 1.000000 1.000000
2758.056885 0.000000 948.687744 0.000000 0.812992 0.000000 -0.582274 0.000000 0.000000 0.000000
2755.820801 0.000000 917.555359 0.000000 0.953940 0.000000 -0.299998 1.000000 1.000000 1.000000
2764.083740 0.000000 949.263855 0.000000 0.426611 0.000000 -0.904435 0.000000 0.000000 0.000000
2709.705078 0.000000 987.102051 0.000000 0.750437 0.000000 -0.660942 0.000000 0.000000 0.000000
2702.953369 0.000000 1014.206055 0.000000 0.504819 0.000000 -0.863225 0.000000 0.000000 0.000000
2722.735840 0.000000 999.887451 0.000000 0.933017 0.000000 -0.359833 1.000000 1.000000 1.000000
2721.099609 0.000000 994.184082 0.000000 0.852741 0.000000 -0.522334 1.000000 1.000000 1.000000
2782.530029 0.000000 983.694458 0.000000 0.644217 0.000000 -0.764843 0.000000 0.000000 0.000000
2797.943604 0.000000 962.589294 0.000000 0.410016 0.000000 -0.912078 0.000000 0.000000 0.000000
2773.503174 0.000000 1008.553589 0.000000 0.577948 0.000000 -0.816074 0.000000 0.000000 0.000000
2756.948486 0.000000 960.349426 0.000000 0.807795 0.000000 -0.589463 0.000000 0.000000 0.000000
2655.758545 0.000000 1046.878418 0.000000 0.399229 0.000000 -0.916851 0.000000 0.000000 0.000000
2624.098633 0.000000 1023.667725 0.000000 0.425746 0.000000 -0.904843 0.000000 0.000000 0.000000
2662.889160 0.000000 1040.158325 0.000000 0.923737 0.000000 -0.383028 0.000000 0.000000 0.000000
2628.957520 0.000000 1056.565796 0.000000 0.833716 0.000000 -0.552194 0.000000 0.000000 0.000000
2682.631836 0.000000 1051.855225 0.000000 0.733182 0.000000 -0.680033 1.000000 1.000000 1.000000
2640.244385 0.000000 1045.916626 0.000000 0.843032 0.000000 -0.537863 0.000000 0.000000 0.000000
2604.662354 0.000000 1123.783325 0.000000 0.626412 0.000000 -0.779492 0.000000 0.000000 0.000000
2576.244385 0.000000 1102.401001 0.000000 0.802857 0.000000 -0.596172 0.000000 0.000000 0.000000
2673.272949 0.000000 1106.828003 0.000000 0.919197 0.000000 -0.393797 0.000000 0.000000 0.000000
2635.959473 0.000000 1121.693970 0.000000 0.567110 0.000000 -0.823642 0.000000 0.000000 0.000000
2633.640869 0.000000 1126.390991 0.000000 0.722566 0.000000 -0.691301 0.000000 0.000000 0.000000
2640.971924 0.000000 1122.380127 0.000000 0.859955 0.000000 -0.510369 0.000000 0.000000 0.000000
2668.083252 0.000000 1093.264160 0.000000 0.376519 0.000000 -0.926409 0.000000 0.000000 0.000000
2642.817383 0.000000 1103.646973 0.000000 0.906935 0.000000 -0.421270 0.000000 0.000000 0.000000
2662.535645 0.000000 1102.711182 0.000000 0.841100 0.000000 -0.540880 0.000000 0.000000 0.000000
2645.503174 0.000000 1121.522339 0.000000 0.560264 0.000000 -0.828314 1.000000 1.000000 1.000000
2659.666992 0.000000 1109.689331 0.000000 0.446037 0.000000 -0.895015 0.000000 0.000000 0.000000
2658.857422 0.000000 1102.332031 0.000000 0.483423 0.000000 -0.875387 0.000000 0.000000 0.000000
2684.832764 0.000000 1105.524902 0.000000 0.847165 0.000000 -0.531329 0.000000 0.000000 0.000000
2649.917236 0.000000 1117.969360 0.000000 0.665059 0.000000 -0.746791 1.000000 1.000000 1.000000
2682.631836 0.000000 1108.339600 0.000000 0.704236 0.000000 -0.709966 1.000000 1.000000 1.000000
2657.448975 0.000000 1096.499878 0.000000 0.788852 0.000000 -0.614584 0.000000 0.000000 0.000000
2750.624512 0.000000 1025.538940 0.000000 0.861403 0.000000 -0.507923 0.000000 0.000000 0.000000
2700.457520 0.000000 1068.494629 0.000000 0.641618 0.000000 -0.767024 0.000000 0.000000 0.000000
2697.278076 0.000000 1066.802368 0.000000 0.936164 0.000000 -0.351564 0.000000 0.000000 0.000000
2699.487061 0.000000 1025.278320 0.000000 0.642923 0.000000 -0.765931 1.000000 1.000000 1.000000
2729.677002 0.000000 1034.785767 0.000000 0.900931 0.000000 -0.433962 0.000000 0.000000 0.000000
2700.526855 0.000000 1039.764526 0.000000 0.447125 0.000000 -0.894472 0.000000 0.000000 0.000000
2707.991699 0.000000 1049.946289 0.000000 0.642704 0.000000 -0.766115 1.000000 1.000000 1.000000
2726.337891 0.000000 1030.454956 0.000000 0.406295 0.000000 -0.913742 1.000000 1.000000 1.000000
2782.530029 0.000000 1040.178833 0.000000 0.771382 0.000000 -0.636373 0.000000 0.000000 0.000000
2806.816650 0.000000 1017.969543 0.000000 0.548072 0.000000 -0.836431 0.000000 0.000000 0.000000
2792.015625 0.000000 1024.347290 0.000000 0.437652 0.000000 -0.899144 0.000000 0.000000 0.000000
2758.508057 0.000000 1068.809937 0.000000 0.691707 0.000000 -0.722178 0.000000 0.000000 0.000000
2793.677002 0.000000 1034.785767 0.000000 0.467344 0.000000 -0.884076 1.000000 1.000000 1.000000
2790.581055 0.000000 1051.843140 0.000000 0.884465 0.000000 -0.466607 0.000000 0.000000 0.000000
2762.072266 0.000000 1072.890747 0.000000 0.882024 0.000000 -0.471204 1.000000 1.000000 1.000000
2752.042236 0.000000 1016.726074 0.000000 0.736844 0.000000 -0.676062 1.000000 1.000000 1.000000
2769.360840 0.000000 1062.879150 0.000000 0.796942 0.000000 -0.604056 0.000000 0.000000 0.000000
2746.807129 0.000000 1079.857666 0.000000 0.908973 0.000000 -0.416856 1.000000 1.000000 1.000000
2701.507080 0.000000 1109.017578 0.000000 0.872999 0.000000 -0.487722 0.000000 0.000000 0.000000
2711.293701 0.000000 1096.767944 0.000000 0.638567 0.000000 -0.769566 0.000000 0.000000 0.000000
2747.100830 0.000000 1083.295898 0.000000 0.956595 0.000000 -0.291419 1.000000 1.000000 1.000000
2697.084717 0.000000 1084.020996 0.000000 0.449756 0.000000 -0.893152 0.000000 0.000000 0.000000
2705.360840 0.000000 1119.363525 0.000000 0.934216 0.000000 -0.356708 0.000000 0.000000 0.000000
2704.186279 0.000000 1092.354370 0.000000 0.428135 0.000000 -0.903715 1.000000 1.000000 1.000000
2793.563477 0.000000 1099.694092 0.000000 0.926336 0.000000 -0.376698 0.000000 0.000000 0.000000
2792.832275 0.000000 1076.704224 0.000000 0.482977 0.000000 -0.875633 0.000000 0.000000 0.000000
2801.272949 0.000000 1106.828003 0.000000 0.737804 0.000000 -0.675015 0.000000 0.000000 0.000000
2759.914795 0.000000 1075.040039 0.000000 0.959122 0.000000 -0.282991 0.000000 0.000000 0.000000
2810.504395 0.000000 1096.962036 0.000000 0.670651 0.000000 -0.741773 0.000000 0.000000 0.000000
2769.664795 0.000000 1079.859131 0.000000 0.788405 0.000000 -0.615156 1.000000 1.000000 1.000000
2772.094971 0.000000 1088.604004 0.000000 0.960974 0.000000 -0.276637 1.000000 1.000000 1.000000
2856.763184 0.000000 918.872192 0.000000 0.454319 0.000000 -0.890839 0.000000 0.000000 0.000000
2848.426758 0.000000 916.187805 0.000000 0.948891 0.000000 -0.315605 0.000000 0.000000 0.000000
2856.015625 0.000000 911.378601 0.000000 0.837762 0.000000 -0.546035 0.000000 0.000000 0.000000
2849.099609 0.000000 937.699707 0.000000 0.872661 0.000000 -0.488327 0.000000 0.000000 0.000000
2882.500488 0.000000 923.494080 0.000000 0.826457 0.000000 -0.563000 1.000000 1.000000 1.000000
2894.875732 0.000000 948.512024 0.000000 0.795427 0.000000 -0.606049 0.000000 0.000000 0.000000
2885.464844 0.000000 908.531921 0.000000 0.392866 0.000000 -0.919596 0.000000 0.000000 0.000000
2888.667480 0.000000 908.529236 0.000000 0.829406 0.000000 -0.558647 1.000000 1.000000 1.000000
2836.968506 0.000000 1012.359497 0.000000 0.425642 0.000000 -0.904892 0.000000 0.000000 0.000000
2866.789307 0.000000 972.321655 0.000000 0.785738 0.000000 -0.618559 0.000000 0.000000 0.000000
2840.795410 0.000000 988.146545 0.000000 0.914061 0.000000 -0.405577 1.000000 1.000000 1.000000
2908.793701 0.000000 963.076172 0.000000 0.733284 0.000000 -0.679923 0.000000 0.000000 0.000000
2913.448975 0.000000 983.531189 0.000000 0.803071 0.000000 -0.595883 0.000000 0.000000 0.000000
3005.248291 0.000000 949.752075 0.000000 0.388768 0.000000 -0.921336 0.000000 0.000000 0.000000
2977.947754 0.000000 953.223511 0.000000 0.647027 0.000000 -0.762467 0.000000 0.000000 0.000000
2962.190674 0.000000 913.272156 0.000000 0.835108 0.000000 -0.550087 0.000000 0.000000 0.000000
2955.406250 0.000000 936.820801 0.000000 0.534005 0.000000 -0.845481 0.000000 0.000000 0.000000
2944.936035 0.000000 926.359558 0.000000 0.389089 0.000000 -0.921200 0.000000 0.000000 0.000000
3017.278076 0.000000 953.833557 0.000000 0.442597 0.000000 -0.896721 1.000000 1.000000 1.000000
3014.056885 0.000000 948.687744 0.000000 0.785058 0.000000 -0.619422 0.000000 0.000000 0.000000
2948.458496 0.000000 1014.700317 0.000000 0.931388 0.000000 -0.364028 0.000000 0.000000 0.000000
2964.089355 0.000000 1005.051270 0.000000 0.940338 0.000000 -0.340242 0.000000 0.000000 0.000000
3049.385498 0.000000 993.152527 0.000000 0.738758 0.000000 -0.673971 0.000000 0.000000 0.000000
2864.746582 0.000000 1019.956421 0.000000 0.840749 0.000000 -0.541424 1.000000 1.000000 1.000000
2900.968506 0.000000 1068.843872 0.000000 0.410299 0.000000 -0.911951 0.000000 0.000000 0.000000
2889.400879 0.000000 1032.837891 0.000000 0.911339 0.000000 -0.411656 0.000000 0.000000 0.000000
2900.569336 0.000000 1022.105225 0.000000 0.953672 0.000000 -0.300849 0.000000 0.000000 0.000000
2888.407471 0.000000 1024.531128 0.000000 0.932807 0.000000 -0.360375 0.000000 0.000000 0.000000
2912.032227 0.000000 1053.656616 0.000000 0.823870 0.000000 -0.566778 0.000000 0.000000 0.000000
2930.318359 0.000000 1016.924622 0.000000 0.751590 0.000000 -0.659631 0.000000 0.000000 0.000000
2898.579102 0.000000 1071.907593 0.000000 0.878454 0.000000 -0.477826 0.000000 0.000000 0.000000
2892.457520 0.000000 1068.494629 0.000000 0.461193 0.000000 -0.887300 1.000000 1.000000 1.000000
2912.448975 0.000000 1042.714111 0.000000 0.625978 0.000000 -0.779840 0.000000 0.000000 0.000000
2880.042236 0.000000 1016.726074 0.000000 0.609676 0.000000 -0.792651 1.000000 1.000000 1.000000
2816.255127 0.000000 1120.343994 0.000000 0.627775 0.000000 -0.778395 0.000000 0.000000 0.000000
2819.505127 0.000000 1116.629272 0.000000 0.403858 0.000000 -0.914822 0.000000 0.000000 0.000000
2864.647949 0.000000 1113.678833 0.000000 0.447203 0.000000 -0.894433 0.000000 0.000000 0.000000
2863.663086 0.000000 1083.214966 0.000000 0.921374 0.000000 -0.388678 0.000000 0.000000 0.000000
2877.612061 0.000000 1111.962769 0.000000 0.865723 0.000000 -0.500523 0.000000 0.000000 0.000000
2857.967773 0.000000 1103.020996 0.000000 0.497654 0.000000 -0.867375 0.000000 0.000000 0.000000
2869.861084 0.000000 1121.269531 0.000000 0.840955 0.000000 -0.541105 0.000000 0.000000 0.000000
2866.798096 0.000000 1109.884277 0.000000 0.739557 0.000000 -0.673094 0.000000 0.000000 0.000000
2832.244385 0.000000 1102.401001 0.000000 0.783101 0.000000 -0.621895 0.000000 0.000000 0.000000
2887.914795 0.000000 1075.040039 0.000000 0.683378 0.000000 -0.730064 0.000000 0.000000 0.000000
2897.256836 0.000000 1107.917969 0.000000 0.673812 0.000000 -0.738903 0.000000 0.000000 0.000000
2904.572266 0.000000 1112.667480 0.000000 0.600201 0.000000 -0.799850 0.000000 0.000000 0.000000
2905.661133 0.000000 1076.269287 0.000000 0.529536 0.000000 -0.848288 1.000000 1.000000 1.000000
2940.832764 0.000000 1105.524902 0.000000 0.872415 0.000000 -0.488766 0.000000 0.000000 0.000000
2933.861084 0.000000 1121.269531 0.000000 0.454458 0.000000 -0.890768 1.000000 1.000000 1.000000
2938.631836 0.000000 1108.339600 0.000000 0.784941 0.000000 -0.619571 1.000000 1.000000 1.000000
2897.360840 0.000000 1119.363525 0.000000 0.947495 0.000000 -0.319772 0.000000 0.000000 0.000000
2948.458496 0.000000 1071.184692 0.000000 0.630495 0.000000 -0.776193 0.000000 0.000000 0.000000
2985.563477 0.000000 1043.209717 0.000000 0.916797 0.000000 -0.399355 0.000000 0.000000 0.000000
2944.255127 0.000000 1063.859619 0.000000 0.944395 0.000000 -0.328812 0.000000 0.000000 0.000000
2951.979980 0.000000 1058.854004 0.000000 0.686985 0.000000 -0.726672 0.000000 0.000000 0.000000
2976.032227 0.000000 1053.656616 0.000000 0.594045 0.000000 -0.804432 0.000000 0.000000 0.000000
2956.552734 0.000000 1042.912842 0.000000 0.654715 0.000000 -0.755876 0.000000 0.000000 0.000000
2978.015137 0.000000 1037.214233 0.000000 0.944739 0.000000 -0.327825 0.000000 0.000000 0.000000
3005.508057 0.000000 1066.495483 0.000000 0.881828 0.000000 -0.471571 1.000000 1.000000 1.000000
2950.508057 0.000000 1068.809937 0.000000 0.430045 0.000000 -0.902807 0.000000 0.000000 0.000000
2965.934570 0.000000 1071.530762 0.000000 0.886817 0.000000 -0.462121 1.000000 1.000000 1.000000
3049.563477 0.000000 1043.209717 0.000000 0.570579 0.000000 -0.821243 0.000000 0.000000 0.000000
3049.385498 0.000000 1049.636841 0.000000 0.893748 0.000000 -0.448570 0.000000 0.000000 0.000000
3031.491943 0.000000 1017.350281 0.000000 0.448448 0.000000 -0.893809 0.000000 0.000000 0.000000
3048.974609 0.000000 1028.240356 0.000000 0.938601 0.000000 -0.345004 0.000000 0.000000 0.000000
3008.009766 0.000000 1058.911255 0.000000 0.511143 0.000000 -0.859496 0.000000 0.000000 0.000000
2975.453613 0.000000 1089.933228 0.000000 0.586105 0.000000 -0.810235 0.000000 0.000000 0.000000
2962.127686 0.000000 1086.479126 0.000000 0.944901 0.000000 -0.327355 0.000000 0.000000 0.000000
2975.758545 0.000000 1103.362793 0.000000 0.384692 0.000000 -0.923045 0.000000 0.000000 0.000000
2998.816650 0.000000 1074.453857 0.000000 0.794121 0.000000 -0.607759 0.000000 0.000000 0.000000
3005.292725 0.000000 1085.762085 0.000000 0.792847 0.000000 -0.609421 0.000000 0.000000 0.000000
2961.260010 0.000000 1099.660278 0.000000 0.555039 0.000000 -0.831824 0.000000 0.000000 0.000000
2976.448975 0.000000 1099.198486 0.000000 0.590735 0.000000 -0.806865 0.000000 0.000000 0.000000
3004.832764 0.000000 1105.524902 0.000000 0.854262 0.000000 -0.519842 0.000000 0.000000 0.000000
2950.056885 0.000000 1118.140869 0.000000 0.481594 0.000000 -0.876395 1.000000 1.000000 1.000000
2977.448975 0.000000 1096.499878 0.000000 0.711673 0.000000 -0.702511 0.000000 0.000000 0.000000
2956.083740 0.000000 1118.717041 0.000000 0.393843 0.000000 -0.919178 0.000000 0.000000 0.000000
3017.400879 0.000000 1089.322266 0.000000 0.924007 0.000000 -0.382377 0.000000 0.000000 0.000000
3064.551025 0.000000 1106.062256 0.000000 0.586615 0.000000 -0.809866 0.000000 0.000000 0.000000
3017.203857 0.000000 1108.903931 0.000000 0.667103 0.000000 -0.744966 1.000000 1.000000 1.000000
3063.107910 0.000000 1118.404419 0.000000 0.363550 0.000000 -0.931575 0.000000 0.000000 0.000000
3034.709961 0.000000 1110.243042 0.000000 0.916590 0.000000 -0.399829 1.000000 1.000000 1.000000
3033.237549 0.000000 1079.362061 0.000000 0.367898 0.000000 -0.929866 0.000000 0.000000 0.000000
3019.487061 0.000000 1081.762695 0.000000 0.664361 0.000000 -0.747412 1.000000 1.000000 1.000000
3010.356934 0.000000 1078.101318 0.000000 0.768834 0.000000 -0.639448 0.000000 0.000000 0.000000
2618.544434 0.000000 1170.110596 0.000000 0.385520 0.000000 -0.922699 0.000000 0.000000 0.000000
2610.789307 0.000000 1141.774780 0.000000 0.684310 0.000000 -0.729192 0.000000 0.000000 0.000000
2621.658936 0.000000 1165.003296 0.000000 0.769199 0.000000 -0.639009 0.000000 0.000000 0.000000
2594.857422 0.000000 1158.816406 0.000000 0.632311 0.000000 -0.774715 0.000000 0.000000 0.000000
2607.537109 0.000000 1156.815918 0.000000 0.452623 0.000000 -0.891702 1.000000 1.000000 1.000000
2598.581055 0.000000 1164.811890 0.000000 0.765056 0.000000 -0.643963 1.000000 1.000000 1.000000
2588.380127 0.000000 1184.537842 0.000000 0.793151 0.000000 -0.609025 1.000000 1.000000 1.000000
2625.017578 0.000000 1156.380615 0.000000 0.924464 0.000000 -0.381269 0.000000 0.000000 0.000000
2628.048096 0.000000 1138.037598 0.000000 0.803654 0.000000 -0.595097 0.000000 0.000000 0.000000
2636.083740 0.000000 1175.201416 0.000000 0.717316 0.000000 -0.696748 0.000000 0.000000 0.000000
2631.213623 0.000000 1167.887573 0.000000 0.845331 0.000000 -0.534242 1.000000 1.000000 1.000000
2605.433838 0.000000 1215.901123 0.000000 0.537620 0.000000 -0.843187 0.000000 0.000000 0.000000
2602.835938 0.000000 1192.178101 0.000000 0.578902 0.000000 -0.815397 0.000000 0.000000 0.000000
2593.448975 0.000000 1209.468628 0.000000 0.542804 0.000000 -0.839859 0.000000 0.000000 0.000000
2590.961914 0.000000 1187.133179 0.000000 0.931237 0.000000 -0.364414 1.000000 1.000000 1.000000
2598.337891 0.000000 1199.908081 0.000000 0.501516 0.000000 -0.865148 1.000000 1.000000 1.000000
2642.127686 0.000000 1199.447876 0.000000 0.918801 0.000000 -0.394721 0.000000 0.000000 0.000000
2687.487305 0.000000 1216.399536 0.000000 0.669433 0.000000 -0.742873 0.000000 0.000000 0.000000
2661.432373 0.000000 1197.198975 0.000000 0.881118 0.000000 -0.472897 0.000000 0.000000 0.000000
2644.089355 0.000000 1230.988770 0.000000 0.866058 0.000000 -0.499944 0.000000 0.000000 0.000000
2678.816650 0.000000 1187.422607 0.000000 0.736391 0.000000 -0.676556 0.000000 0.000000 0.000000
2661.098633 0.000000 1229.042847 0.000000 0.938998 0.000000 -0.343923 0.000000 0.000000 0.000000
2683.211426 0.000000 1215.790039 0.000000 0.956264 0.000000 -0.292503 0.000000 0.000000 0.000000
2641.722656 0.000000 1238.349243 0.000000 0.937878 0.000000 -0.346965 0.000000 0.000000 0.000000
2743.062500 0.000000 1180.704956 0.000000 0.562025 0.000000 -0.827120 0.000000 0.000000 0.000000
2705.722656 0.000000 1181.864868 0.000000 0.440007 0.000000 -0.897994 0.000000 0.000000 0.000000
2697.084717 0.000000 1140.505371 0.000000 0.645399 0.000000 -0.763846 0.000000 0.000000 0.000000
2705.664795 0.000000 1136.343506 0.000000 0.864336 0.000000 -0.502914 1.000000 1.000000 1.000000
2712.795410 0.000000 1157.599731 0.000000 0.787769 0.000000 -0.615970 1.000000 1.000000 1.000000
2723.200439 0.000000 1142.484497 0.000000 0.659994 0.000000 -0.751271 1.000000 1.000000 1.000000
2724.575195 0.000000 1132.076538 0.000000 0.914587 0.000000 -0.404389 1.000000 1.000000 1.000000
2815.487305 0.000000 1159.915161 0.000000 0.877995 0.000000 -0.478670 0.000000 0.000000 0.000000
2808.551025 0.000000 1162.546631 0.000000 0.906479 0.000000 -0.422251 0.000000 0.000000 0.000000
2815.586426 0.000000 1183.122070 0.000000 0.770808 0.000000 -0.637067 0.000000 0.000000 0.000000
2796.083252 0.000000 1149.748535 0.000000 0.883730 0.000000 -0.467997 0.000000 0.000000 0.000000
2778.709961 0.000000 1166.727417 0.000000 0.441590 0.000000 -0.897217 1.000000 1.000000 1.000000
2790.346680 0.000000 1183.945190 0.000000 0.456561 0.000000 -0.889692 0.000000 0.000000 0.000000
2780.431641 0.000000 1137.195312 0.000000 0.417205 0.000000 -0.908813 1.000000 1.000000 1.000000
2777.680908 0.000000 1163.464966 0.000000 0.828317 0.000000 -0.560259 1.000000 1.000000 1.000000
2810.462158 0.000000 1146.757568 0.000000 0.839009 0.000000 -0.544117 0.000000 0.000000 0.000000
2810.504395 0.000000 1153.446411 0.000000 0.409190 0.000000 -0.912449 0.000000 0.000000 0.000000
2692.458496 0.000000 1240.637817 0.000000 0.740332 0.000000 -0.672241 0.000000 0.000000 0.000000
2751.586426 0.000000 1239.606445 0.000000 0.758349 0.000000 -0.651848 0.000000 0.000000 0.000000
2707.771729 0.000000 1208.797363 0.000000 0.909582 0.000000 -0.415525 0.000000 0.000000 0.000000
2715.932861 0.000000 1206.441528 0.000000 0.836912 0.000000 -0.547337 0.000000 0.000000 0.000000
2711.293701 0.000000 1209.736694 0.000000 0.918058 0.000000 -0.396445 0.000000 0.000000 0.000000
2741.861084 0.000000 1234.238281 0.000000 0.549169 0.000000 -0.835711 0.000000 0.000000 0.000000
2690.356934 0.000000 1191.070068 0.000000 0.534669 0.000000 -0.845062 0.000000 0.000000 0.000000
2797.943604 0.000000 1188.526855 0.000000 0.689898 0.000000 -0.723907 1.000000 1.000000 1.000000
2814.624512 0.000000 1194.992065 0.000000 0.954994 0.000000 -0.296625 0.000000 0.000000 0.000000
2763.941895 0.000000 1227.975952 0.000000 0.787502 0.000000 -0.616313 0.000000 0.000000 0.000000
2790.686279 0.000000 1186.477661 0.000000 0.385460 0.000000 -0.922725 0.000000 0.000000 0.000000
2769.939453 0.000000 1227.967407 0.000000 0.907438 0.000000 -0.420185 1.000000 1.000000 1.000000
2770.230469 0.000000 1224.207397 0.000000 0.560859 0.000000 -0.827911 1.000000 1.000000 1.000000
2803.759033 0.000000 1217.536743 0.000000 0.651135 0.000000 -0.758962 1.000000 1.000000 1.000000
2810.462158 0.000000 1203.241943 0.000000 0.617457 0.000000 -0.786605 1.000000 1.000000 1.000000
2800.746582 0.000000 1189.409546 0.000000 0.542568 0.000000 -0.840012 1.000000 1.000000 1.000000
2796.352051 0.000000 1203.432983 0.000000 0.839099 0.000000 -0.543979 0.000000 0.000000 0.000000
2615.531250 0.000000 1253.259888 0.000000 0.686224 0.000000 -0.727390 0.000000 0.000000 0.000000
2613.993896 0.000000 1263.942383 0.000000 0.891493 0.000000 -0.453035 0.000000 0.000000 0.000000
2601.677002 0.000000 1260.723267 0.000000 0.570083 0.000000 -0.821587 0.000000 0.000000 0.000000
2618.462158 0.000000 1259.726318 0.000000 0.543267 0.000000 -0.839560 0.000000 0.000000 0.000000
2569.604492 0.000000 1270.110596 0.000000 0.786953 0.000000 -0.617013 0.000000 0.000000 0.000000
2680.551025 0.000000 1275.515381 0.000000 0.557519 0.000000 -0.830164 0.000000 0.000000 0.000000
2679.107910 0.000000 1287.857544 0.000000 0.925769 0.000000 -0.378091 0.000000 0.000000 0.000000
2669.433838 0.000000 1272.385498 0.000000 0.802502 0.000000 -0.596650 0.000000 0.000000 0.000000
2680.315674 0.000000 1279.665283 0.000000 0.955692 0.000000 -0.294369 0.000000 0.000000 0.000000
2671.663086 0.000000 1252.668091 0.000000 0.679163 0.000000 -0.733988 0.000000 0.000000 0.000000
2665.967773 0.000000 1272.474121 0.000000 0.745246 0.000000 -0.666789 1.000000 1.000000 1.000000
2636.112305 0.000000 1257.562988 0.000000 0.627689 0.000000 -0.778465 1.000000 1.000000 1.000000
2641.664795 0.000000 1249.312256 0.000000 0.669371 0.000000 -0.742928 1.000000 1.000000 1.000000
2641.360840 0.000000 1288.816650 0.000000 0.820956 0.000000 -0.570992 1.000000 1.000000 1.000000
2640.939697 0.000000 1258.584961 0.000000 0.660568 0.000000 -0.750766 0.000000 0.000000 0.000000
2567.671631 0.000000 1323.997192 0.000000 0.476614 0.000000 -0.879113 0.000000 0.000000 0.000000
2566.330566 0.000000 1311.237427 0.000000 0.782965 0.000000 -0.622066 0.000000 0.000000 0.000000
2610.318359 0.000000 1299.346558 0.000000 0.806052 0.000000 -0.591844 0.000000 0.000000 0.000000
2566.424561 0.000000 1319.500732 0.000000 0.500059 0.000000 -0.865991 0.000000 0.000000 0.000000
2573.099609 0.000000 1318.917236 0.000000 0.575571 0.000000 -0.817752 1.000000 1.000000 1.000000
2585.283936 0.000000 1320.758423 0.000000 0.366721 0.000000 -0.930331 1.000000 1.000000 1.000000
2581.235596 0.000000 1319.001709 0.000000 0.772358 0.000000 -0.635188 1.000000 1.000000 1.000000
2642.127686 0.000000 1312.416626 0.000000 0.513103 0.000000 -0.858327 0.000000 0.000000 0.000000
2661.982422 0.000000 1349.402466 0.000000 0.913918 0.000000 -0.405899 0.000000 0.000000 0.000000
2624.255127 0.000000 1346.281494 0.000000 0.474803 0.000000 -0.880092 0.000000 0.000000 0.000000
2636.457520 0.000000 1350.916504 0.000000 0.777468 0.000000 -0.628922 1.000000 1.000000 1.000000
2641.722656 0.000000 1351.317993 0.000000 0.900878 0.000000 -0.434073 1.000000 1.000000 1.000000
2682.631836 0.000000 1334.277100 0.000000 0.916141 0.000000 -0.400856 1.000000 1.000000 1.000000
2674.798096 0.000000 1335.821777 0.000000 0.959899 0.000000 -0.280348 0.000000 0.000000 0.000000
2660.029297 0.000000 1317.693359 0.000000 0.918875 0.000000 -0.394550 0.000000 0.000000 0.000000
2743.531250 0.000000 1253.259888 0.000000 0.374894 0.000000 -0.927068 0.000000 0.000000 0.000000
2706.190674 0.000000 1252.178467 0.000000 0.744990 0.000000 -0.667076 0.000000 0.000000 0.000000
2741.861084 0.000000 1290.722656 0.000000 0.608827 0.000000 -0.793303 1.000000 1.000000 1.000000
2713.917236 0.000000 1287.422485 0.000000 0.601616 0.000000 -0.798785 1.000000 1.000000 1.000000
2736.746582 0.000000 1245.893921 0.000000 0.894585 0.000000 -0.446898 0.000000 0.000000 0.000000
2715.635498 0.000000 1265.706665 0.000000 0.885587 0.000000 -0.464474 1.000000 1.000000 1.000000
2783.453613 0.000000 1259.386353 0.000000 0.945373 0.000000 -0.325990 1.000000 1.000000 1.000000
2754.396484 0.000000 1244.518433 0.000000 0.732630 0.000000 -0.680627 0.000000 0.000000 0.000000
2756.032471 0.000000 1274.267822 0.000000 0.943512 0.000000 -0.331339 0.000000 0.000000 0.000000
2783.825928 0.000000 1250.778687 0.000000 0.956833 0.000000 -0.290638 0.000000 0.000000 0.000000
2771.771729 0.000000 1265.281738 0.000000 0.895281 0.000000 -0.445502 0.000000 0.000000 0.000000
2783.334473 0.000000 1283.641724 0.000000 0.687506 0.000000 -0.726179 1.000000 1.000000 1.000000
2779.932861 0.000000 1262.925903 0.000000 0.442846 0.000000 -0.896598 1.000000 1.000000 1.000000
2775.293701 0.000000 1266.221069 0.000000 0.803116 0.000000 -0.595822 0.000000 0.000000 0.000000
2780.431641 0.000000 1250.164062 0.000000 0.734201 0.000000 -0.678932 0.000000 0.000000 0.000000
2805.861084 0.000000 1290.722656 0.000000 0.859268 0.000000 -0.511526 0.000000 0.000000 0.000000
2803.016113 0.000000 1263.507324 0.000000 0.579787 0.000000 -0.814768 0.000000 0.000000 0.000000
2780.947998 0.000000 1272.728027 0.000000 0.726677 0.000000 -0.686979 1.000000 1.000000 1.000000
2716.793701 0.000000 1301.982422 0.000000 0.822681 0.000000 -0.568503 0.000000 0.000000 0.000000
2690.500488 0.000000 1318.884644 0.000000 0.519240 0.000000 -0.854629 0.000000 0.000000 0.000000
2733.375000 0.000000 1324.062256 0.000000 0.772765 0.000000 -0.634692 0.000000 0.000000 0.000000
2700.457520 0.000000 1350.916504 0.000000 0.931434 0.000000 -0.363911 0.000000 0.000000 0.000000
2747.100830 0.000000 1309.233398 0.000000 0.505993 0.000000 -0.862538 0.000000 0.000000 0.000000
2705.664795 0.000000 1305.796631 0.000000 0.614702 0.000000 -0.788759 1.000000 1.000000 1.000000
2701.099609 0.000000 1318.917236 0.000000 0.741308 0.000000 -0.671165 0.000000 0.000000 0.000000
2741.519043 0.000000 1325.765991 0.000000 0.957659 0.000000 -0.287906 1.000000 1.000000 1.000000
2772.968506 0.000000 1351.265747 0.000000 0.629803 0.000000 -0.776755 0.000000 0.000000 0.000000
2783.453613 0.000000 1315.870728 0.000000 0.645570 0.000000 -0.763701 0.000000 0.000000 0.000000
2783.758545 0.000000 1329.300293 0.000000 0.761210 0.000000 -0.648505 0.000000 0.000000 0.000000
2766.007324 0.000000 1330.030884 0.000000 0.936344 0.000000 -0.351085 0.000000 0.000000 0.000000
2813.292725 0.000000 1311.699585 0.000000 0.672047 0.000000 -0.740508 0.000000 0.000000 0.000000
2870.816650 0.000000 1130.938232 0.000000 0.676817 0.000000 -0.736152 0.000000 0.000000 0.000000
2868.365479 0.000000 1168.953735 0.000000 0.394804 0.000000 -0.918765 0.000000 0.000000 0.000000
2831.831299 0.000000 1133.859375 0.000000 0.576066 0.000000 -0.817403 0.000000 0.000000 0.000000
2894.873047 0.000000 1137.734619 0.000000 0.528171 0.000000 -0.849138 0.000000 0.000000 0.000000
2928.024170 0.000000 1182.222534 0.000000 0.833483 0.000000 -0.552546 0.000000 0.000000 0.000000
2909.530273 0.000000 1156.979858 0.000000 0.439822 0.000000 -0.898085 0.000000 0.000000 0.000000
2922.835938 0.000000 1135.693726 0.000000 0.580574 0.000000 -0.814208 0.000000 0.000000 0.000000
2938.631836 0.000000 1164.823975 0.000000 0.571482 0.000000 -0.820615 0.000000 0.000000 0.000000
2910.608887 0.000000 1135.227173 0.000000 0.727563 0.000000 -0.686041 0.000000 0.000000 0.000000
2817.451416 0.000000 1198.347534 0.000000 0.703460 0.000000 -0.710735 0.000000 0.000000 0.000000
2817.319092 0.000000 1225.060303 0.000000 0.674939 0.000000 -0.737873 0.000000 0.000000 0.000000
2856.832275 0.000000 1189.672974 0.000000 0.873468 0.000000 -0.486881 0.000000 0.000000 0.000000
2819.505127 0.000000 1229.598022 0.000000 0.841114 0.000000 -0.540857 0.000000 0.000000 0.000000
2856.015625 0.000000 1193.800415 0.000000 0.837968 0.000000 -0.545720 0.000000 0.000000 0.000000
2869.861084 0.000000 1234.238281 0.000000 0.868280 0.000000 -0.496074 0.000000 0.000000 0.000000
2871.819336 0.000000 1205.002808 0.000000 0.413385 0.000000 -0.910556 0.000000 0.000000 0.000000
2860.194824 0.000000 1198.249268 0.000000 0.660426 0.000000 -0.750891 1.000000 1.000000 1.000000
2867.016113 0.000000 1207.022949 0.000000 0.516790 0.000000 -0.856112 0.000000 0.000000 0.000000
2816.936035 0.000000 1208.781372 0.000000 0.641096 0.000000 -0.767461 1.000000 1.000000 1.000000
2860.352051 0.000000 1203.432983 0.000000 0.779518 0.000000 -0.626380 1.000000 1.000000 1.000000
2912.448975 0.000000 1212.167236 0.000000 0.725957 0.000000 -0.687740 0.000000 0.000000 0.000000
2890.072266 0.000000 1242.343872 0.000000 0.512911 0.000000 -0.858442 1.000000 1.000000 1.000000
2897.664795 0.000000 1192.827881 0.000000 0.642512 0.000000 -0.766275 1.000000 1.000000 1.000000
2900.094971 0.000000 1201.572754 0.000000 0.654948 0.000000 -0.755674 1.000000 1.000000 1.000000
2896.186279 0.000000 1205.323120 0.000000 0.460129 0.000000 -0.887852 0.000000 0.000000 0.000000
2901.235596 0.000000 1206.032959 0.000000 0.891557 0.000000 -0.452909 1.000000 1.000000 1.000000
2981.982422 0.000000 1179.949341 0.000000 0.885864 0.000000 -0.463944 0.000000 0.000000 0.000000
2988.063232 0.000000 1138.676636 0.000000 0.866150 0.000000 -0.499784 0.000000 0.000000 0.000000
2958.875732 0.000000 1174.449585 0.000000 0.432483 0.000000 -0.901642 0.000000 0.000000 0.000000
3002.462158 0.000000 1146.757568 0.000000 0.882139 0.000000 -0.470989 0.000000 0.000000 0.000000
2957.099609 0.000000 1149.464111 0.000000 0.784223 0.000000 -0.620479 0.000000 0.000000 0.000000
3066.807129 0.000000 1136.342041 0.000000 0.363951 0.000000 -0.931418 0.000000 0.000000 0.000000
3052.760498 0.000000 1168.192627 0.000000 0.672565 0.000000 -0.740038 0.000000 0.000000 0.000000
3060.463867 0.000000 1144.769287 0.000000 0.918669 0.000000 -0.395029 0.000000 0.000000 0.000000
3020.526855 0.000000 1152.733276 0.000000 0.820212 0.000000 -0.572060 0.000000 0.000000 0.000000
3044.759766 0.000000 1151.063721 0.000000 0.930729 0.000000 -0.365709 1.000000 1.000000 1.000000
3021.099609 0.000000 1149.464111 0.000000 0.922106 0.000000 -0.386938 1.000000 1.000000 1.000000
3031.191895 0.000000 1175.578125 0.000000 0.693502 0.000000 -0.720455 1.000000 1.000000 1.000000
3000.065674 0.000000 1211.534424 0.000000 0.774939 0.000000 -0.632036 0.000000 0.000000 0.000000
2988.662354 0.000000 1236.752075 0.000000 0.773470 0.000000 -0.633833 0.000000 0.000000 0.000000
3005.292725 0.000000 1198.730835 0.000000 0.508920 0.000000 -0.860814 0.000000 0.000000 0.000000
2994.318359 0.000000 1186.377808 0.000000 0.856452 0.000000 -0.516227 0.000000 0.000000 0.000000
2984.015625 0.000000 1193.800415 0.000000 0.448281 0.000000 -0.893893 0.000000 0.000000 0.000000
2953.604492 0.000000 1213.626221 0.000000 0.696975 0.000000 -0.717095 0.000000 0.000000 0.000000
2944.042236 0.000000 1186.179199 0.000000 0.371408 0.000000 -0.928470 0.000000 0.000000 0.000000
2956.112305 0.000000 1201.078613 0.000000 0.513394 0.000000 -0.858153 1.000000 1.000000 1.000000
2967.191895 0.000000 1232.062500 0.000000 0.570120 0.000000 -0.821562 0.000000 0.000000 0.000000
2972.380127 0.000000 1241.022217 0.000000 0.944457 0.000000 -0.328636 1.000000 1.000000 1.000000
2960.939697 0.000000 1202.100586 0.000000 0.461777 0.000000 -0.886996 1.000000 1.000000 1.000000
2982.337891 0.000000 1199.908081 0.000000 0.516267 0.000000 -0.856427 0.000000 0.000000 0.000000
2988.352051 0.000000 1203.432983 0.000000 0.517430 0.000000 -0.855725 0.000000 0.000000 0.000000
3049.563477 0.000000 1212.662842 0.000000 0.484593 0.000000 -0.874740 0.000000 0.000000 0.000000
3026.230469 0.000000 1224.207397 0.000000 0.517730 0.000000 -0.855544 0.000000 0.000000 0.000000
3059.759033 0.000000 1217.536743 0.000000 0.732681 0.000000 -0.680572 0.000000 0.000000 0.000000
3014.508057 0.000000 1238.263062 0.000000 0.782233 0.000000 -0.622986 0.000000 0.000000 0.000000
3011.510986 0.000000 1233.099854 0.000000 0.714849 0.000000 -0.699279 0.000000 0.000000 0.000000
3014.056885 0.000000 1231.109619 0.000000 0.672431 0.000000 -0.740160 0.000000 0.000000 0.000000
3036.380127 0.000000 1241.022217 0.000000 0.706884 0.000000 -0.707329 1.000000 1.000000 1.000000
3046.337891 0.000000 1199.908081 0.000000 0.434828 0.000000 -0.900513 0.000000 0.000000 0.000000
2864.205322 0.000000 1299.114990 0.000000 0.917495 0.000000 -0.397747 0.000000 0.000000 0.000000
2820.458496 0.000000 1297.122192 0.000000 0.930730 0.000000 -0.365708 0.000000 0.000000 0.000000
2831.130859 0.000000 1282.028076 0.000000 0.951610 0.000000 -0.307309 0.000000 0.000000 0.000000
2823.979980 0.000000 1284.791504 0.000000 0.586538 0.000000 -0.809922 0.000000 0.000000 0.000000
2833.256836 0.000000 1277.371094 0.000000 0.718008 0.000000 -0.696035 0.000000 0.000000 0.000000
2846.953613 0.000000 1298.908813 0.000000 0.583120 0.000000 -0.812386 0.000000 0.000000 0.000000
2841.661133 0.000000 1245.722412 0.000000 0.840165 0.000000 -0.542330 1.000000 1.000000 1.000000
2844.380127 0.000000 1297.506592 0.000000 0.600853 0.000000 -0.799360 0.000000 0.000000 0.000000
2887.671631 0.000000 1267.512817 0.000000 0.703008 0.000000 -0.711182 0.000000 0.000000 0.000000
2925.311035 0.000000 1277.006104 0.000000 0.656909 0.000000 -0.753970 0.000000 0.000000 0.000000
2891.487061 0.000000 1251.215820 0.000000 0.548014 0.000000 -0.836469 0.000000 0.000000 0.000000
2888.667480 0.000000 1247.435425 0.000000 0.713221 0.000000 -0.700939 0.000000 0.000000 0.000000
2909.423096 0.000000 1281.208130 0.000000 0.724127 0.000000 -0.689667 1.000000 1.000000 1.000000
2899.991699 0.000000 1275.883789 0.000000 0.819384 0.000000 -0.573245 0.000000 0.000000 0.000000
2897.664795 0.000000 1249.312256 0.000000 0.492823 0.000000 -0.870129 1.000000 1.000000 1.000000
2900.994385 0.000000 1245.208984 0.000000 0.669647 0.000000 -0.742680 1.000000 1.000000 1.000000
2904.795410 0.000000 1270.568481 0.000000 0.695360 0.000000 -0.718662 1.000000 1.000000 1.000000
2937.384521 0.000000 1298.907959 0.000000 0.801974 0.000000 -0.597359 1.000000 1.000000 1.000000
2896.939697 0.000000 1258.584961 0.000000 0.890547 0.000000 -0.454890 1.000000 1.000000 1.000000
2865.519043 0.000000 1305.470215 0.000000 0.919180 0.000000 -0.393837 0.000000 0.000000 0.000000
2877.658936 0.000000 1334.456421 0.000000 0.913599 0.000000 -0.406617 0.000000 0.000000 0.000000
2852.045898 0.000000 1304.415527 0.000000 0.470490 0.000000 -0.882405 0.000000 0.000000 0.000000
2871.531250 0.000000 1309.744263 0.000000 0.715350 0.000000 -0.698766 0.000000 0.000000 0.000000
2875.211426 0.000000 1328.758789 0.000000 0.938000 0.000000 -0.346634 0.000000 0.000000 0.000000
2849.448975 0.000000 1322.437378 0.000000 0.930323 0.000000 -0.366741 1.000000 1.000000 1.000000
2837.934570 0.000000 1353.952637 0.000000 0.603288 0.000000 -0.797523 0.000000 0.000000 0.000000
2836.094971 0.000000 1314.541504 0.000000 0.960844 0.000000 -0.277091 1.000000 1.000000 1.000000
2832.186279 0.000000 1318.291870 0.000000 0.391879 0.000000 -0.920017 1.000000 1.000000 1.000000
2908.793701 0.000000 1301.982422 0.000000 0.843034 0.000000 -0.537860 0.000000 0.000000 0.000000
2900.089355 0.000000 1343.957520 0.000000 0.506969 0.000000 -0.861964 0.000000 0.000000 0.000000
2887.979980 0.000000 1341.275879 0.000000 0.928449 0.000000 -0.371461 0.000000 0.000000 0.000000
2906.073975 0.000000 1329.657104 0.000000 0.722447 0.000000 -0.691427 0.000000 0.000000 0.000000
2888.908447 0.000000 1345.040649 0.000000 0.742597 0.000000 -0.669738 0.000000 0.000000 0.000000
2945.451416 0.000000 1254.831909 0.000000 0.824738 0.000000 -0.565515 0.000000 0.000000 0.000000
2999.637939 0.000000 1258.399658 0.000000 0.422642 0.000000 -0.906297 0.000000 0.000000 0.000000
2996.365479 0.000000 1281.922485 0.000000 0.583827 0.000000 -0.811878 0.000000 0.000000 0.000000
2989.433838 0.000000 1272.385498 0.000000 0.871476 0.000000 -0.490438 0.000000 0.000000 0.000000
2963.007568 0.000000 1260.734619 0.000000 0.571468 0.000000 -0.820625 0.000000 0.000000 0.000000
3020.457520 0.000000 1294.432129 0.000000 0.666882 0.000000 -0.745164 0.000000 0.000000 0.000000
3037.423096 0.000000 1281.208130 0.000000 0.789955 0.000000 -0.613165 1.000000 1.000000 1.000000
3058.798096 0.000000 1279.337402 0.000000 0.896860 0.000000 -0.442315 0.000000 0.000000 0.000000
3044.759766 0.000000 1264.032471 0.000000 0.796487 0.000000 -0.604656 0.000000 0.000000 0.000000
3022.604980 0.000000 1290.233276 0.000000 0.555892 0.000000 -0.831254 1.000000 1.000000 1.000000
3007.487305 0.000000 1329.368286 0.000000 0.939465 0.000000 -0.342644 0.000000 0.000000 0.000000
2996.365479 0.000000 1338.406860 0.000000 0.476698 0.000000 -0.879067 0.000000 0.000000 0.000000
2965.503174 0.000000 1347.459839 0.000000 0.908573 0.000000 -0.417726 0.000000 0.000000 0.000000
2997.861084 0.000000 1347.207031 0.000000 0.866733 0.000000 -0.498772 0.000000 0.000000 0.000000
3053.433838 0.000000 1328.869873 0.000000 0.584844 0.000000 -0.811146 0.000000 0.000000 0.000000
3027.771729 0.000000 1321.766113 0.000000 0.794389 0.000000 -0.607409 0.000000 0.000000 0.000000
3008.156738 0.000000 1354.040771 0.000000 0.896805 0.000000 -0.442426 0.000000 0.000000 0.000000
2260.968506 0.000000 1407.750122 0.000000 0.891988 0.000000 -0.452059 0.000000 0.000000 0.000000
2280.832275 0.000000 1359.126099 0.000000 0.629949 0.000000 -0.776637 0.000000 0.000000 0.000000
2265.621582 0.000000 1403.499878 0.000000 0.955672 0.000000 -0.294434 0.000000 0.000000 0.000000
2269.423096 0.000000 1394.176880 0.000000 0.682607 0.000000 -0.730786 0.000000 0.000000 0.000000
2263.890625 0.000000 1431.167114 0.000000 0.710720 0.000000 -0.703475 0.000000 0.000000 0.000000
2281.385498 0.000000 1445.027466 0.000000 0.688634 0.000000 -0.725109 0.000000 0.000000 0.000000
2274.932617 0.000000 1466.186279 0.000000 0.567301 0.000000 -0.823511 0.000000 0.000000 0.000000
2267.131592 0.000000 1428.230591 0.000000 0.832566 0.000000 -0.553926 0.000000 0.000000 0.000000
2295.062500 0.000000 1463.126831 0.000000 0.808724 0.000000 -0.588188 0.000000 0.000000 0.000000
2282.009521 0.000000 1523.530396 0.000000 0.454680 0.000000 -0.890655 0.000000 0.000000 0.000000
2269.530273 0.000000 1495.886108 0.000000 0.431822 0.000000 -0.901959 0.000000 0.000000 0.000000
2280.832275 0.000000 1528.579224 0.000000 0.908141 0.000000 -0.418664 0.000000 0.000000 0.000000
2352.205322 0.000000 1412.083740 0.000000 0.570497 0.000000 -0.821300 0.000000 0.000000 0.000000
2344.015625 0.000000 1363.253540 0.000000 0.876930 0.000000 -0.480618 0.000000 0.000000 0.000000
2416.205322 0.000000 1412.083740 0.000000 0.954290 0.000000 -0.298882 0.000000 0.000000 0.000000
2391.491943 0.000000 1356.256470 0.000000 0.933944 0.000000 -0.357419 0.000000 0.000000 0.000000
2426.511719 0.000000 1376.135010 0.000000 0.429101 0.000000 -0.903257 0.000000 0.000000 0.000000
2374.330566 0.000000 1367.721802 0.000000 0.479337 0.000000 -0.877631 0.000000 0.000000 0.000000
2419.863525 0.000000 1379.997681 0.000000 0.590208 0.000000 -0.807252 0.000000 0.000000 0.000000
2387.991699 0.000000 1388.852539 0.000000 0.543622 0.000000 -0.839330 0.000000 0.000000 0.000000
2404.575195 0.000000 1358.014038 0.000000 0.813983 0.000000 -0.580889 1.000000 1.000000 1.000000
2353.272949 0.000000 1445.734253 0.000000 0.886862 0.000000 -0.462035 0.000000 0.000000 0.000000
2348.662354 0.000000 1462.689575 0.000000 0.684526 0.000000 -0.728989 0.000000 0.000000 0.000000
2346.009521 0.000000 1467.046021 0.000000 0.679016 0.000000 -0.734123 0.000000 0.000000 0.000000
2322.283447 0.000000 1413.242065 0.000000 0.375102 0.000000 -0.926984 0.000000 0.000000 0.000000
2323.771729 0.000000 1434.734863 0.000000 0.585368 0.000000 -0.810768 0.000000 0.000000 0.000000
2362.385010 0.000000 1414.701416 0.000000 0.465129 0.000000 -0.885243 0.000000 0.000000 0.000000
2338.735840 0.000000 1451.762451 0.000000 0.410053 0.000000 -0.912062 0.000000 0.000000 0.000000
2359.062500 0.000000 1463.126831 0.000000 0.598862 0.000000 -0.800852 0.000000 0.000000 0.000000
2345.967773 0.000000 1441.927246 0.000000 0.418459 0.000000 -0.908236 0.000000 0.000000 0.000000
2333.423096 0.000000 1450.661255 0.000000 0.584755 0.000000 -0.811210 1.000000 1.000000 1.000000
2334.952637 0.000000 1431.621704 0.000000 0.737618 0.000000 -0.675219 1.000000 1.000000 1.000000
2388.968506 0.000000 1464.234497 0.000000 0.931915 0.000000 -0.362677 0.000000 0.000000 0.000000
2382.007324 0.000000 1442.999634 0.000000 0.368092 0.000000 -0.929789 0.000000 0.000000 0.000000
2391.890625 0.000000 1431.167114 0.000000 0.546362 0.000000 -0.837549 1.000000 1.000000 1.000000
2401.210205 0.000000 1456.982666 0.000000 0.691446 0.000000 -0.722429 0.000000 0.000000 0.000000
2387.007568 0.000000 1430.187744 0.000000 0.949661 0.000000 -0.313281 0.000000 0.000000 0.000000
2422.864258 0.000000 1467.108032 0.000000 0.570390 0.000000 -0.821374 0.000000 0.000000 0.000000
2372.763672 0.000000 1448.301636 0.000000 0.802377 0.000000 -0.596818 1.000000 1.000000 1.000000
2400.617920 0.000000 1415.474976 0.000000 0.516974 0.000000 -0.856001 0.000000 0.000000 0.000000
2372.957520 0.000000 1451.956421 0.000000 0.669876 0.000000 -0.742473 1.000000 1.000000 1.000000
2409.204590 0.000000 1448.670776 0.000000 0.758336 0.000000 -0.651864 0.000000 0.000000 0.000000
2391.836426 0.000000 1462.722290 0.000000 0.444601 0.000000 -0.895729 0.000000 0.000000 0.000000
2409.967773 0.000000 1441.927246 0.000000 0.444710 0.000000 -0.895675 0.000000 0.000000 0.000000
2377.278076 0.000000 1462.192993 0.000000 0.916439 0.000000 -0.400175 1.000000 1.000000 1.000000
2385.360840 0.000000 1458.269775 0.000000 0.663597 0.000000 -0.748090 1.000000 1.000000 1.000000
2381.099609 0.000000 1431.885986 0.000000 0.569031 0.000000 -0.822316 1.000000 1.000000 1.000000
2380.083740 0.000000 1457.623291 0.000000 0.613779 0.000000 -0.789478 1.000000 1.000000 1.000000
2384.939697 0.000000 1428.038086 0.000000 0.646144 0.000000 -0.763216 1.000000 1.000000 1.000000
2447.130859 0.000000 1394.996826 0.000000 0.476779 0.000000 -0.879023 0.000000 0.000000 0.000000
2457.621582 0.000000 1403.499878 0.000000 0.589208 0.000000 -0.807981 0.000000 0.000000 0.000000
2438.215332 0.000000 1404.562622 0.000000 0.387050 0.000000 -0.922059 0.000000 0.000000 0.000000
2453.208252 0.000000 1395.504272 0.000000 0.943988 0.000000 -0.329978 0.000000 0.000000 0.000000
2480.024170 0.000000 1408.160034 0.000000 0.750406 0.000000 -0.660978 0.000000 0.000000 0.000000
2461.392090 0.000000 1400.298462 0.000000 0.676155 0.000000 -0.736760 0.000000 0.000000 0.000000
2473.065186 0.000000 1407.330566 0.000000 0.834879 0.000000 -0.550433 0.000000 0.000000 0.000000
2479.537109 0.000000 1382.753418 0.000000 0.877178 0.000000 -0.480165 0.000000 0.000000 0.000000
2492.832764 0.000000 1387.946777 0.000000 0.499008 0.000000 -0.866597 0.000000 0.000000 0.000000
2473.677002 0.000000 1373.692017 0.000000 0.946096 0.000000 -0.323886 1.000000 1.000000 1.000000
2490.631836 0.000000 1390.761475 0.000000 0.917164 0.000000 -0.398510 0.000000 0.000000 0.000000
2432.042236 0.000000 1355.632324 0.000000 0.555857 0.000000 -0.831278 0.000000 0.000000 0.000000
2444.112305 0.000000 1370.531738 0.000000 0.775876 0.000000 -0.630886 1.000000 1.000000 1.000000
2439.437256 0.000000 1410.668579 0.000000 0.391738 0.000000 -0.920077 1.000000 1.000000 1.000000
2467.200439 0.000000 1368.421997 0.000000 0.557947 0.000000 -0.829877 0.000000 0.000000 0.000000
2448.186279 0.000000 1374.776245 0.000000 0.589676 0.000000 -0.807640 1.000000 1.000000 1.000000
2503.671631 0.000000 1380.481567 0.000000 0.592096 0.000000 -0.805867 0.000000 0.000000 0.000000
2516.569336 0.000000 1361.011475 0.000000 0.911441 0.000000 -0.411431 0.000000 0.000000 0.000000
2528.426758 0.000000 1368.062866 0.000000 0.591980 0.000000 -0.805953 0.000000 0.000000 0.000000
2547.863525 0.000000 1379.997681 0.000000 0.942029 0.000000 -0.335532 0.000000 0.000000 0.000000
2537.677002 0.000000 1373.692017 0.000000 0.367612 0.000000 -0.929979 0.000000 0.000000 0.000000
2480.205322 0.000000 1468.568115 0.000000 0.935988 0.000000 -0.352033 0.000000 0.000000 0.000000
2467.764893 0.000000 1437.956665 0.000000 0.669584 0.000000 -0.742736 0.000000 0.000000 0.000000
2432.098633 0.000000 1419.058350 0.000000 0.789301 0.000000 -0.614007 0.000000 0.000000 0.000000
2474.009521 0.000000 1467.046021 0.000000 0.383951 0.000000 -0.923353 0.000000 0.000000 0.000000
2466.015137 0.000000 1432.604858 0.000000 0.925951 0.000000 -0.377645 0.000000 0.000000 0.000000
2440.667480 0.000000 1416.888550 0.000000 0.764660 0.000000 -0.644434 0.000000 0.000000 0.000000
2432.042236 0.000000 1412.116699 0.000000 0.585362 0.000000 -0.810772 0.000000 0.000000 0.000000
2449.664795 0.000000 1418.765381 0.000000 0.874922 0.000000 -0.484264 0.000000 0.000000 0.000000
2497.451416 0.000000 1424.285034 0.000000 0.509141 0.000000 -0.860683 0.000000 0.000000 0.000000
2511.130859 0.000000 1451.481201 0.000000 0.749965 0.000000 -0.661478 0.000000 0.000000 0.000000
2527.758545 0.000000 1442.269043 0.000000 0.486322 0.000000 -0.873780 0.000000 0.000000 0.000000
2504.407471 0.000000 1419.921753 0.000000 0.642079 0.000000 -0.766639 0.000000 0.000000 0.000000
2522.709961 0.000000 1449.149292 0.000000 0.615055 0.000000 -0.788484 0.000000 0.000000 0.000000
2513.939453 0.000000 1453.904907 0.000000 0.586010 0.000000 -0.810304 0.000000 0.000000 0.000000
2536.974609 0.000000 1423.630981 0.000000 0.945527 0.000000 -0.325542 0.000000 0.000000 0.000000
2521.917236 0.000000 1456.875610 0.000000 0.948852 0.000000 -0.315722 0.000000 0.000000 0.000000
2508.112305 0.000000 1427.016113 0.000000 0.949700 0.000000 -0.313163 0.000000 0.000000 0.000000
2517.934570 0.000000 1466.921387 0.000000 0.877784 0.000000 -0.479057 0.000000 0.000000 0.000000
2526.961914 0.000000 1413.070679 0.000000 0.921747 0.000000 -0.387792 1.000000 1.000000 1.000000
2352.205322 0.000000 1525.052490 0.000000 0.604337 0.000000 -0.796729 0.000000 0.000000 0.000000
2353.272949 0.000000 1502.218628 0.000000 0.452707 0.000000 -0.891660 0.000000 0.000000 0.000000
2341.432373 0.000000 1479.620850 0.000000 0.750676 0.000000 -0.660670 1.000000 1.000000 1.000000
2358.382080 0.000000 1497.921387 0.000000 0.717670 0.000000 -0.696383 0.000000 0.000000 0.000000
2342.686279 0.000000 1468.899536 0.000000 0.693320 0.000000 -0.720630 0.000000 0.000000 0.000000
2333.392090 0.000000 1513.267212 0.000000 0.401557 0.000000 -0.915834 0.000000 0.000000 0.000000
2350.042969 0.000000 1474.448364 0.000000 0.843514 0.000000 -0.537108 0.000000 0.000000 0.000000
2346.288330 0.000000 1491.741577 0.000000 0.528009 0.000000 -0.849239 0.000000 0.000000 0.000000
2349.386719 0.000000 1523.300781 0.000000 0.428888 0.000000 -0.903358 0.000000 0.000000 0.000000
2334.608887 0.000000 1474.133423 0.000000 0.729164 0.000000 -0.684339 0.000000 0.000000 0.000000
2342.337891 0.000000 1482.329956 0.000000 0.930201 0.000000 -0.367050 0.000000 0.000000 0.000000
2388.968506 0.000000 1520.718872 0.000000 0.748968 0.000000 -0.662606 0.000000 0.000000 0.000000
2396.793701 0.000000 1471.435547 0.000000 0.842864 0.000000 -0.538127 0.000000 0.000000 0.000000
2380.978516 0.000000 1469.329712 0.000000 0.753257 0.000000 -0.657726 0.000000 0.000000 0.000000
2388.089355 0.000000 1513.410645 0.000000 0.491193 0.000000 -0.871051 0.000000 0.000000 0.000000
2423.107910 0.000000 1513.795044 0.000000 0.895326 0.000000 -0.445411 0.000000 0.000000 0.000000
2394.073975 0.000000 1499.110229 0.000000 0.646437 0.000000 -0.762967 0.000000 0.000000 0.000000
2391.491943 0.000000 1469.225220 0.000000 0.857675 0.000000 -0.514192 0.000000 0.000000 0.000000
2375.914795 0.000000 1470.430664 0.000000 0.839817 0.000000 -0.542870 0.000000 0.000000 0.000000
2422.382080 0.000000 1497.921387 0.000000 0.935477 0.000000 -0.353387 0.000000 0.000000 0.000000
2374.508057 0.000000 1520.684937 0.000000 0.684363 0.000000 -0.729142 0.000000 0.000000 0.000000
2370.356934 0.000000 1473.491943 0.000000 0.825312 0.000000 -0.564676 0.000000 0.000000 0.000000
2387.991699 0.000000 1501.821289 0.000000 0.674161 0.000000 -0.738585 0.000000 0.000000 0.000000
2368.042236 0.000000 1468.601074 0.000000 0.543968 0.000000 -0.839106 0.000000 0.000000 0.000000
2311.979980 0.000000 1567.213379 0.000000 0.433266 0.000000 -0.901266 0.000000 0.000000 0.000000
2338.900879 0.000000 1525.142822 0.000000 0.918062 0.000000 -0.396436 1.000000 1.000000 1.000000
2331.932861 0.000000 1545.347778 0.000000 0.852933 0.000000 -0.522020 1.000000 1.000000 1.000000
2366.270020 0.000000 1529.509521 0.000000 0.402447 0.000000 -0.915443 0.000000 0.000000 0.000000
2366.419189 0.000000 1567.225464 0.000000 0.574281 0.000000 -0.818659 0.000000 0.000000 0.000000
2315.941895 0.000000 1566.882202 0.000000 0.806535 0.000000 -0.591186 0.000000 0.000000 0.000000
2331.595215 0.000000 1575.601807 0.000000 0.762745 0.000000 -0.646700 0.000000 0.000000 0.000000
2329.917236 0.000000 1569.844360 0.000000 0.833081 0.000000 -0.553151 0.000000 0.000000 0.000000
2317.099609 0.000000 1544.854736 0.000000 0.939739 0.000000 -0.341892 0.000000 0.000000 0.000000
2369.017578 0.000000 1551.771240 0.000000 0.725256 0.000000 -0.688479 0.000000 0.000000 0.000000
2386.190674 0.000000 1534.600342 0.000000 0.936222 0.000000 -0.351410 0.000000 0.000000 0.000000
2421.861084 0.000000 1573.144531 0.000000 0.366170 0.000000 -0.930548 1.000000 1.000000 1.000000
2426.462158 0.000000 1542.148193 0.000000 0.823437 0.000000 -0.567408 0.000000 0.000000 0.000000
2412.194824 0.000000 1537.155518 0.000000 0.906747 0.000000 -0.421675 0.000000 0.000000 0.000000
2419.016113 0.000000 1545.929199 0.000000 0.793960 0.000000 -0.607970 0.000000 0.000000 0.000000
2404.759766 0.000000 1546.454346 0.000000 0.574063 0.000000 -0.818811 0.000000 0.000000 0.000000
2463.758545 0.000000 1498.753418 0.000000 0.933698 0.000000 -0.358061 0.000000 0.000000 0.000000
2487.637939 0.000000 1484.337158 0.000000 0.648417 0.000000 -0.761286 0.000000 0.000000 0.000000
2486.816650 0.000000 1469.844482 0.000000 0.626958 0.000000 -0.779053 0.000000 0.000000 0.000000
2482.789307 0.000000 1480.681030 0.000000 0.637448 0.000000 -0.770493 0.000000 0.000000 0.000000
2466.932617 0.000000 1522.670654 0.000000 0.956240 0.000000 -0.292582 0.000000 0.000000 0.000000
2493.524170 0.000000 1485.663452 0.000000 0.704994 0.000000 -0.709213 0.000000 0.000000 0.000000
2477.311035 0.000000 1502.943604 0.000000 0.906239 0.000000 -0.422767 0.000000 0.000000 0.000000
2445.507080 0.000000 1504.408203 0.000000 0.756314 0.000000 -0.654208 0.000000 0.000000 0.000000
2438.056885 0.000000 1513.531494 0.000000 0.860185 0.000000 -0.509981 0.000000 0.000000 0.000000
2543.722412 0.000000 1512.913452 0.000000 0.439252 0.000000 -0.898364 0.000000 0.000000 0.000000
2510.007324 0.000000 1499.484009 0.000000 0.467250 0.000000 -0.884125 0.000000 0.000000 0.000000
2516.569336 0.000000 1473.980225 0.000000 0.524940 0.000000 -0.851139 0.000000 0.000000 0.000000
2557.512207 0.000000 1468.619873 0.000000 0.416360 0.000000 -0.909200 0.000000 0.000000 0.000000
2499.510986 0.000000 1515.521729 0.000000 0.620659 0.000000 -0.784081 1.000000 1.000000 1.000000
2540.194824 0.000000 1480.671143 0.000000 0.524224 0.000000 -0.851580 0.000000 0.000000 0.000000
2513.360840 0.000000 1514.754150 0.000000 0.482761 0.000000 -0.875752 1.000000 1.000000 1.000000
2526.952637 0.000000 1488.106079 0.000000 0.711153 0.000000 -0.703037 1.000000 1.000000 1.000000
2531.200439 0.000000 1481.390747 0.000000 0.908935 0.000000 -0.416939 0.000000 0.000000 0.000000
2455.890625 0.000000 1544.135864 0.000000 0.672024 0.000000 -0.740529 0.000000 0.000000 0.000000
2462.060547 0.000000 1573.233032 0.000000 0.628277 0.000000 -0.777990 0.000000 0.000000 0.000000
2461.020508 0.000000 1537.908447 0.000000 0.665806 0.000000 -0.746125 0.000000 0.000000 0.000000
2443.406250 0.000000 1558.148926 0.000000 0.444344 0.000000 -0.895856 1.000000 1.000000 1.000000
2461.423096 0.000000 1563.630005 0.000000 0.379894 0.000000 -0.925030 1.000000 1.000000 1.000000
2468.029297 0.000000 1543.630859 0.000000 0.700964 0.000000 -0.713196 0.000000 0.000000 0.000000
2470.469482 0.000000 1551.672119 0.000000 0.937460 0.000000 -0.348092 1.000000 1.000000 1.000000
2524.793701 0.000000 1527.919922 0.000000 0.895312 0.000000 -0.445439 0.000000 0.000000 0.000000
2511.130859 0.000000 1564.449951 0.000000 0.554073 0.000000 -0.832468 0.000000 0.000000 0.000000
2505.400879 0.000000 1541.197266 0.000000 0.710296 0.000000 -0.703903 0.000000 0.000000 0.000000
2529.210205 0.000000 1569.951416 0.000000 0.471301 0.000000 -0.881972 0.000000 0.000000 0.000000
2537.322754 0.000000 1573.353760 0.000000 0.717766 0.000000 -0.696284 0.000000 0.000000 0.000000
2537.065186 0.000000 1576.783691 0.000000 0.661788 0.000000 -0.749691 0.000000 0.000000 0.000000
2502.508057 0.000000 1577.169312 0.000000 0.868092 0.000000 -0.496404 0.000000 0.000000 0.000000
2499.510986 0.000000 1572.006104 0.000000 0.907661 0.000000 -0.419705 1.000000 1.000000 1.000000
2517.934570 0.000000 1579.890137 0.000000 0.489709 0.000000 -0.871886 0.000000 0.000000 0.000000
2508.083740 0.000000 1570.592041 0.000000 0.960219 0.000000 -0.279248 0.000000 0.000000 0.000000
2526.952637 0.000000 1544.590454 0.000000 0.732411 0.000000 -0.680863 1.000000 1.000000 1.000000
2258.579102 0.000000 1693.235718 0.000000 0.677776 0.000000 -0.735268 0.000000 0.000000 0.000000
2157.516602 0.000000 1765.748901 0.000000 0.431325 0.000000 -0.902197 0.000000 0.000000 0.000000
2160.205322 0.000000 1807.474365 0.000000 0.841752 0.000000 -0.539864 0.000000 0.000000 0.000000
2156.063232 0.000000 1760.004761 0.000000 0.720361 0.000000 -0.693600 0.000000 0.000000 0.000000
2162.585205 0.000000 1778.909912 0.000000 0.781142 0.000000 -0.624354 0.000000 0.000000 0.000000
2148.620605 0.000000 1797.724121 0.000000 0.751449 0.000000 -0.659791 0.000000 0.000000 0.000000
2159.663086 0.000000 1761.027466 0.000000 0.941569 0.000000 -0.336820 0.000000 0.000000 0.000000
2167.062500 0.000000 1802.033081 0.000000 0.869639 0.000000 -0.493688 0.000000 0.000000 0.000000
2176.255127 0.000000 1741.672119 0.000000 0.864673 0.000000 -0.502335 0.000000 0.000000 0.000000
2190.953369 0.000000 1748.502930 0.000000 0.854654 0.000000 -0.519198 0.000000 0.000000 0.000000
2296.551025 0.000000 1727.390381 0.000000 0.646559 0.000000 -0.762864 0.000000 0.000000 0.000000
2275.764893 0.000000 1720.378540 0.000000 0.561483 0.000000 -0.827488 0.000000 0.000000 0.000000
2177.451416 0.000000 1763.191284 0.000000 0.717939 0.000000 -0.696106 0.000000 0.000000 0.000000
2176.255127 0.000000 1798.156494 0.000000 0.938540 0.000000 -0.345172 0.000000 0.000000 0.000000
2336.032227 0.000000 1618.500366 0.000000 0.695404 0.000000 -0.718619 0.000000 0.000000 0.000000
2335.825928 0.000000 1589.684937 0.000000 0.611381 0.000000 -0.791336 0.000000 0.000000 0.000000
2345.677002 0.000000 1599.629517 0.000000 0.853978 0.000000 -0.520309 0.000000 0.000000 0.000000
2388.968506 0.000000 1633.687622 0.000000 0.839501 0.000000 -0.543358 0.000000 0.000000 0.000000
2394.979736 0.000000 1623.395264 0.000000 0.913760 0.000000 -0.406254 0.000000 0.000000 0.000000
2393.621582 0.000000 1629.437378 0.000000 0.587115 0.000000 -0.809504 0.000000 0.000000 0.000000
2375.914795 0.000000 1583.399414 0.000000 0.681886 0.000000 -0.731458 0.000000 0.000000 0.000000
2380.552734 0.000000 1607.756592 0.000000 0.889831 0.000000 -0.456291 0.000000 0.000000 0.000000
2338.900879 0.000000 1638.111572 0.000000 0.920973 0.000000 -0.389627 0.000000 0.000000 0.000000
2330.709961 0.000000 1675.086792 0.000000 0.882403 0.000000 -0.470494 0.000000 0.000000 0.000000
2344.015625 0.000000 1645.675415 0.000000 0.937572 0.000000 -0.347790 0.000000 0.000000 0.000000
2358.382080 0.000000 1667.374512 0.000000 0.695976 0.000000 -0.718065 0.000000 0.000000 0.000000
2355.863525 0.000000 1662.419556 0.000000 0.937510 0.000000 -0.347958 0.000000 0.000000 0.000000
2344.974609 0.000000 1649.568481 0.000000 0.778579 0.000000 -0.627547 0.000000 0.000000 0.000000
2355.402588 0.000000 1692.014160 0.000000 0.423390 0.000000 -0.905948 0.000000 0.000000 0.000000
2329.917236 0.000000 1682.813110 0.000000 0.437228 0.000000 -0.899351 0.000000 0.000000 0.000000
2333.423096 0.000000 1676.598755 0.000000 0.856166 0.000000 -0.516702 0.000000 0.000000 0.000000
2388.569336 0.000000 1643.433350 0.000000 0.443729 0.000000 -0.896161 0.000000 0.000000 0.000000
2404.276123 0.000000 1671.293579 0.000000 0.855629 0.000000 -0.517590 0.000000 0.000000 0.000000
2402.932617 0.000000 1692.123779 0.000000 0.960040 0.000000 -0.279863 0.000000 0.000000 0.000000
2409.322754 0.000000 1686.322510 0.000000 0.687962 0.000000 -0.725747 0.000000 0.000000 0.000000
2457.661133 0.000000 1584.628662 0.000000 0.696526 0.000000 -0.717532 0.000000 0.000000 0.000000
2473.677002 0.000000 1599.629517 0.000000 0.725267 0.000000 -0.688467 0.000000 0.000000 0.000000
2449.664795 0.000000 1588.218506 0.000000 0.362195 0.000000 -0.932102 1.000000 1.000000 1.000000
2552.065674 0.000000 1606.925049 0.000000 0.602641 0.000000 -0.798012 0.000000 0.000000 0.000000
2559.487305 0.000000 1611.790161 0.000000 0.480984 0.000000 -0.876729 0.000000 0.000000 0.000000
2557.248291 0.000000 1627.564575 0.000000 0.957442 0.000000 -0.288627 0.000000 0.000000 0.000000
2538.673340 0.000000 1581.706421 0.000000 0.535809 0.000000 -0.844339 0.000000 0.000000 0.000000
2509.099609 0.000000 1601.339111 0.000000 0.707026 0.000000 -0.707188 0.000000 0.000000 0.000000
2512.244385 0.000000 1610.760376 0.000000 0.789149 0.000000 -0.614201 1.000000 1.000000 1.000000
2459.932861 0.000000 1658.316528 0.000000 0.874525 0.000000 -0.484980 0.000000 0.000000 0.000000
2474.835938 0.000000 1644.053101 0.000000 0.728294 0.000000 -0.685265 0.000000 0.000000 0.000000
2492.832764 0.000000 1670.368652 0.000000 0.489092 0.000000 -0.872232 0.000000 0.000000 0.000000
2470.581055 0.000000 1673.171265 0.000000 0.390132 0.000000 -0.920759 0.000000 0.000000 0.000000
2490.631836 0.000000 1673.183350 0.000000 0.913206 0.000000 -0.407499 0.000000 0.000000 0.000000
2470.469482 0.000000 1664.640869 0.000000 0.958339 0.000000 -0.285633 1.000000 1.000000 1.000000
2538.835938 0.000000 1644.053101 0.000000 0.892499 0.000000 -0.451050 0.000000 0.000000 0.000000
2546.798096 0.000000 1674.728027 0.000000 0.717399 0.000000 -0.696663 1.000000 1.000000 1.000000
2532.575195 0.000000 1640.435913 0.000000 0.516226 0.000000 -0.856452 1.000000 1.000000 1.000000
2354.842529 0.000000 1712.401245 0.000000 0.707275 0.000000 -0.706939 0.000000 0.000000 0.000000
2323.007568 0.000000 1712.609619 0.000000 0.794917 0.000000 -0.606718 0.000000 0.000000 0.000000
2325.668701 0.000000 1704.320190 0.000000 0.838072 0.000000 -0.545560 0.000000 0.000000 0.000000
2307.837158 0.000000 1718.093384 0.000000 0.696382 0.000000 -0.717672 0.000000 0.000000 0.000000
2334.608887 0.000000 1700.070923 0.000000 0.473157 0.000000 -0.880978 0.000000 0.000000 0.000000
2369.451416 0.000000 1706.706909 0.000000 0.499532 0.000000 -0.866295 0.000000 0.000000 0.000000
2399.453613 0.000000 1711.261353 0.000000 0.530319 0.000000 -0.847798 0.000000 0.000000 0.000000
2431.957764 0.000000 1715.430298 0.000000 0.697256 0.000000 -0.716822 0.000000 0.000000 0.000000
2398.236816 0.000000 1747.061157 0.000000 0.934779 0.000000 -0.355231 0.000000 0.000000 0.000000
2382.953369 0.000000 1748.502930 0.000000 0.751231 0.000000 -0.660040 0.000000 0.000000 0.000000
2404.045898 0.000000 1699.806152 0.000000 0.381364 0.000000 -0.924425 0.000000 0.000000 0.000000
2382.875732 0.000000 1739.293335 0.000000 0.719663 0.000000 -0.694324 0.000000 0.000000 0.000000
2408.015625 0.000000 1702.159790 0.000000 0.453016 0.000000 -0.891502 0.000000 0.000000 0.000000
2398.953613 0.000000 1750.783813 0.000000 0.817910 0.000000 -0.575346 0.000000 0.000000 0.000000
2386.579102 0.000000 1749.720093 0.000000 0.466870 0.000000 -0.884326 0.000000 0.000000 0.000000
2428.832764 0.000000 1726.853027 0.000000 0.818725 0.000000 -0.574186 0.000000 0.000000 0.000000
2372.948486 0.000000 1694.646362 0.000000 0.776525 0.000000 -0.630087 0.000000 0.000000 0.000000
2385.722656 0.000000 1746.708618 0.000000 0.817529 0.000000 -0.575887 0.000000 0.000000 0.000000
2380.112305 0.000000 1709.437988 0.000000 0.687451 0.000000 -0.726231 1.000000 1.000000 1.000000
2418.798096 0.000000 1731.212402 0.000000 0.628591 0.000000 -0.777736 1.000000 1.000000 1.000000
2380.083740 0.000000 1740.045166 0.000000 0.534890 0.000000 -0.844922 0.000000 0.000000 0.000000
2384.244385 0.000000 1723.729126 0.000000 0.588438 0.000000 -0.808542 1.000000 1.000000 1.000000
2404.045898 0.000000 1756.290527 0.000000 0.894518 0.000000 -0.447031 0.000000 0.000000 0.000000
2462.530029 0.000000 1717.991333 0.000000 0.372386 0.000000 -0.928078 0.000000 0.000000 0.000000
2476.662354 0.000000 1745.111450 0.000000 0.847116 0.000000 -0.531407 0.000000 0.000000 0.000000
2479.868652 0.000000 1742.942261 0.000000 0.473834 0.000000 -0.880614 0.000000 0.000000 0.000000
2487.060791 0.000000 1736.130981 0.000000 0.735546 0.000000 -0.677475 0.000000 0.000000 0.000000
2491.100830 0.000000 1704.624023 0.000000 0.690003 0.000000 -0.723806 1.000000 1.000000 1.000000
2449.722656 0.000000 1746.708618 0.000000 0.923708 0.000000 -0.383097 0.000000 0.000000 0.000000
2480.746582 0.000000 1697.768921 0.000000 0.617275 0.000000 -0.786748 0.000000 0.000000 0.000000
2537.563477 0.000000 1721.022217 0.000000 0.752051 0.000000 -0.659105 0.000000 0.000000 0.000000
2522.979736 0.000000 1736.364014 0.000000 0.614162 0.000000 -0.789180 0.000000 0.000000 0.000000
2533.098633 0.000000 1737.402222 0.000000 0.451477 0.000000 -0.892283 0.000000 0.000000 0.000000
2551.060791 0.000000 1736.130981 0.000000 0.577757 0.000000 -0.816209 0.000000 0.000000 0.000000
2549.519043 0.000000 1721.156616 0.000000 0.379220 0.000000 -0.925306 0.000000 0.000000 0.000000
2477.516602 0.000000 1765.748901 0.000000 0.842219 0.000000 -0.539136 0.000000 0.000000 0.000000
2455.890625 0.000000 1770.073364 0.000000 0.777336 0.000000 -0.629086 0.000000 0.000000 0.000000
2457.661133 0.000000 1754.081787 0.000000 0.792772 0.000000 -0.609519 0.000000 0.000000 0.000000
2444.112305 0.000000 1765.922363 0.000000 0.615745 0.000000 -0.787945 0.000000 0.000000 0.000000
2498.500488 0.000000 1770.759644 0.000000 0.719520 0.000000 -0.694472 0.000000 0.000000 0.000000
2557.512207 0.000000 1751.041748 0.000000 0.925206 0.000000 -0.379465 0.000000 0.000000 0.000000
2515.771729 0.000000 1773.641113 0.000000 0.929558 0.000000 -0.368676 0.000000 0.000000 0.000000
2528.617920 0.000000 1754.381226 0.000000 0.864188 0.000000 -0.503169 0.000000 0.000000 0.000000
2526.608887 0.000000 1756.555298 0.000000 0.665398 0.000000 -0.746489 1.000000 1.000000 1.000000
2532.575195 0.000000 1753.404663 0.000000 0.842984 0.000000 -0.537939 1.000000 1.000000 1.000000
2611.456055 0.000000 1405.913208 0.000000 0.621262 0.000000 -0.783603 0.000000 0.000000 0.000000
2565.119141 0.000000 1372.059204 0.000000 0.405352 0.000000 -0.914160 0.000000 0.000000 0.000000
2571.487061 0.000000 1364.184570 0.000000 0.583567 0.000000 -0.812065 0.000000 0.000000 0.000000
2585.917236 0.000000 1400.391235 0.000000 0.623622 0.000000 -0.781726 0.000000 0.000000 0.000000
2589.423096 0.000000 1394.176880 0.000000 0.701162 0.000000 -0.713002 0.000000 0.000000 0.000000
2570.072266 0.000000 1411.796997 0.000000 0.827306 0.000000 -0.561752 0.000000 0.000000 0.000000
2639.130859 0.000000 1394.996826 0.000000 0.886605 0.000000 -0.462528 0.000000 0.000000 0.000000
2685.248291 0.000000 1401.627075 0.000000 0.691346 0.000000 -0.722524 0.000000 0.000000 0.000000
2638.220459 0.000000 1372.705933 0.000000 0.740529 0.000000 -0.672024 0.000000 0.000000 0.000000
2642.579102 0.000000 1410.813843 0.000000 0.726178 0.000000 -0.687507 0.000000 0.000000 0.000000
2682.631836 0.000000 1390.761475 0.000000 0.626133 0.000000 -0.779716 0.000000 0.000000 0.000000
2623.487305 0.000000 1442.337036 0.000000 0.797666 0.000000 -0.603100 0.000000 0.000000 0.000000
2601.322754 0.000000 1460.385010 0.000000 0.605396 0.000000 -0.795925 0.000000 0.000000 0.000000
2604.376709 0.000000 1458.377075 0.000000 0.543320 0.000000 -0.839525 0.000000 0.000000 0.000000
2611.863525 0.000000 1436.482056 0.000000 0.899991 0.000000 -0.435908 0.000000 0.000000 0.000000
2569.278076 0.000000 1462.192993 0.000000 0.756668 0.000000 -0.653799 0.000000 0.000000 0.000000
2577.722656 0.000000 1464.286743 0.000000 0.893737 0.000000 -0.448591 0.000000 0.000000 0.000000
2595.200439 0.000000 1424.906372 0.000000 0.363862 0.000000 -0.931453 0.000000 0.000000 0.000000
2631.671631 0.000000 1436.965942 0.000000 0.659732 0.000000 -0.751501 0.000000 0.000000 0.000000
2659.991211 0.000000 1427.835815 0.000000 0.950865 0.000000 -0.309605 0.000000 0.000000 0.000000
2641.722656 0.000000 1464.286743 0.000000 0.514026 0.000000 -0.857774 0.000000 0.000000 0.000000
2657.448975 0.000000 1435.406128 0.000000 0.900707 0.000000 -0.434427 1.000000 1.000000 1.000000
2645.934570 0.000000 1466.921387 0.000000 0.808127 0.000000 -0.589008 0.000000 0.000000 0.000000
2638.604980 0.000000 1459.686401 0.000000 0.560973 0.000000 -0.827834 1.000000 1.000000 1.000000
2733.516602 0.000000 1370.358276 0.000000 0.629270 0.000000 -0.777187 0.000000 0.000000 0.000000
2702.007324 0.000000 1386.515259 0.000000 0.915858 0.000000 -0.401502 0.000000 0.000000 0.000000
2729.260742 0.000000 1399.847168 0.000000 0.673025 0.000000 -0.739620 0.000000 0.000000 0.000000
2713.661133 0.000000 1358.691162 0.000000 0.842483 0.000000 -0.538723 0.000000 0.000000 0.000000
2692.948486 0.000000 1355.740112 0.000000 0.907685 0.000000 -0.419653 1.000000 1.000000 1.000000
2699.487061 0.000000 1364.184570 0.000000 0.365922 0.000000 -0.930646 1.000000 1.000000 1.000000
2746.462158 0.000000 1372.695068 0.000000 0.908994 0.000000 -0.416810 0.000000 0.000000 0.000000
2696.667480 0.000000 1360.404175 0.000000 0.930720 0.000000 -0.365733 1.000000 1.000000 1.000000
2705.360840 0.000000 1401.785400 0.000000 0.559731 0.000000 -0.828675 1.000000 1.000000 1.000000
2764.978516 0.000000 1356.360962 0.000000 0.728148 0.000000 -0.685420 0.000000 0.000000 0.000000
2762.351318 0.000000 1376.503906 0.000000 0.431531 0.000000 -0.902098 0.000000 0.000000 0.000000
2785.099609 0.000000 1389.574707 0.000000 0.579479 0.000000 -0.814987 0.000000 0.000000 0.000000
2810.462158 0.000000 1372.695068 0.000000 0.895327 0.000000 -0.445409 1.000000 1.000000 1.000000
2769.722656 0.000000 1407.802368 0.000000 0.490753 0.000000 -0.871299 1.000000 1.000000 1.000000
2761.084717 0.000000 1366.442871 0.000000 0.894868 0.000000 -0.446330 0.000000 0.000000 0.000000
2777.917236 0.000000 1400.391235 0.000000 0.455729 0.000000 -0.890119 1.000000 1.000000 1.000000
2764.112305 0.000000 1370.531738 0.000000 0.943394 0.000000 -0.331675 0.000000 0.000000 0.000000
2769.360840 0.000000 1401.785400 0.000000 0.440151 0.000000 -0.897924 1.000000 1.000000 1.000000
2765.099609 0.000000 1375.401611 0.000000 0.586280 0.000000 -0.810109 1.000000 1.000000 1.000000
2790.337891 0.000000 1369.361206 0.000000 0.584031 0.000000 -0.811732 0.000000 0.000000 0.000000
2739.456055 0.000000 1462.397583 0.000000 0.940583 0.000000 -0.339565 0.000000 0.000000 0.000000
2749.248291 0.000000 1458.111450 0.000000 0.943220 0.000000 -0.332170 0.000000 0.000000 0.000000
2792.832275 0.000000 1415.610474 0.000000 0.877418 0.000000 -0.479727 0.000000 0.000000 0.000000
2799.868652 0.000000 1460.520386 0.000000 0.754534 0.000000 -0.656261 0.000000 0.000000 0.000000
2793.967773 0.000000 1441.927246 0.000000 0.939602 0.000000 -0.342270 0.000000 0.000000 0.000000
2805.861084 0.000000 1460.175781 0.000000 0.862507 0.000000 -0.506046 0.000000 0.000000 0.000000
2790.469482 0.000000 1438.703369 0.000000 0.560936 0.000000 -0.827859 1.000000 1.000000 1.000000
2564.458496 0.000000 1523.059692 0.000000 0.528468 0.000000 -0.848953 0.000000 0.000000 0.000000
2600.832275 0.000000 1472.094849 0.000000 0.890849 0.000000 -0.454299 0.000000 0.000000 0.000000
2601.385498 0.000000 1501.511841 0.000000 0.722847 0.000000 -0.691009 0.000000 0.000000 0.000000
2612.365479 0.000000 1507.859985 0.000000 0.952904 0.000000 -0.303273 0.000000 0.000000 0.000000
2590.060547 0.000000 1516.748657 0.000000 0.781577 0.000000 -0.623809 0.000000 0.000000 0.000000
2597.098633 0.000000 1511.464722 0.000000 0.635455 0.000000 -0.772138 0.000000 0.000000 0.000000
2572.457520 0.000000 1520.369629 0.000000 0.828172 0.000000 -0.560474 0.000000 0.000000 0.000000
2619.100830 0.000000 1478.686523 0.000000 0.896962 0.000000 -0.442108 1.000000 1.000000 1.000000
2574.604980 0.000000 1516.170776 0.000000 0.598763 0.000000 -0.800926 0.000000 0.000000 0.000000
2665.563477 0.000000 1495.084717 0.000000 0.625930 0.000000 -0.779879 0.000000 0.000000 0.000000
2672.541992 0.000000 1491.178955 0.000000 0.961517 0.000000 -0.274744 0.000000 0.000000 0.000000
2660.276123 0.000000 1501.840454 0.000000 0.880174 0.000000 -0.474651 0.000000 0.000000 0.000000
2628.957520 0.000000 1508.440796 0.000000 0.888112 0.000000 -0.459626 0.000000 0.000000 0.000000
2630.508057 0.000000 1520.684937 0.000000 0.421092 0.000000 -0.907018 1.000000 1.000000 1.000000
2633.278076 0.000000 1518.677368 0.000000 0.378544 0.000000 -0.925583 0.000000 0.000000 0.000000
2636.112305 0.000000 1483.500488 0.000000 0.840981 0.000000 -0.541064 0.000000 0.000000 0.000000
2641.360840 0.000000 1514.754150 0.000000 0.726671 0.000000 -0.686986 0.000000 0.000000 0.000000
2654.961914 0.000000 1469.555054 0.000000 0.944933 0.000000 -0.327265 0.000000 0.000000 0.000000
2561.319092 0.000000 1563.966553 0.000000 0.881510 0.000000 -0.472165 0.000000 0.000000 0.000000
2608.205322 0.000000 1581.536865 0.000000 0.851221 0.000000 -0.524807 0.000000 0.000000 0.000000
2616.551025 0.000000 1557.937256 0.000000 0.955698 0.000000 -0.294349 0.000000 0.000000 0.000000
2584.795410 0.000000 1552.990356 0.000000 0.474922 0.000000 -0.880028 1.000000 1.000000 1.000000
2587.635498 0.000000 1548.128540 0.000000 0.363815 0.000000 -0.931471 1.000000 1.000000 1.000000
2585.283936 0.000000 1546.695923 0.000000 0.407925 0.000000 -0.913015 1.000000 1.000000 1.000000
2661.432373 0.000000 1536.105225 0.000000 0.744237 0.000000 -0.667915 0.000000 0.000000 0.000000
2655.825928 0.000000 1533.200562 0.000000 0.951769 0.000000 -0.306816 0.000000 0.000000 0.000000
2660.276123 0.000000 1558.324829 0.000000 0.913040 0.000000 -0.407869 0.000000 0.000000 0.000000
2633.063721 0.000000 1555.540161 0.000000 0.672118 0.000000 -0.740444 0.000000 0.000000 0.000000
2658.015137 0.000000 1545.573608 0.000000 0.848198 0.000000 -0.529679 0.000000 0.000000 0.000000
2629.119141 0.000000 1541.512329 0.000000 0.696206 0.000000 -0.717842 1.000000 1.000000 1.000000
2686.270020 0.000000 1529.509521 0.000000 0.857257 0.000000 -0.514889 0.000000 0.000000 0.000000
2662.889160 0.000000 1548.517700 0.000000 0.362446 0.000000 -0.932005 1.000000 1.000000 1.000000
2662.346680 0.000000 1579.335815 0.000000 0.596277 0.000000 -0.802779 0.000000 0.000000 0.000000
2666.835938 0.000000 1531.084351 0.000000 0.849760 0.000000 -0.527170 1.000000 1.000000 1.000000
2632.667480 0.000000 1529.857300 0.000000 0.756075 0.000000 -0.654485 0.000000 0.000000 0.000000
2672.746582 0.000000 1528.315796 0.000000 0.606561 0.000000 -0.795037 0.000000 0.000000 0.000000
2660.575195 0.000000 1527.467163 0.000000 0.647732 0.000000 -0.761869 1.000000 1.000000 1.000000
2749.212891 0.000000 1493.985474 0.000000 0.471526 0.000000 -0.881852 0.000000 0.000000 0.000000
2730.673340 0.000000 1468.737671 0.000000 0.942921 0.000000 -0.333015 0.000000 0.000000 0.000000
2722.857422 0.000000 1497.722656 0.000000 0.410080 0.000000 -0.912050 0.000000 0.000000 0.000000
2736.580566 0.000000 1499.034546 0.000000 0.929715 0.000000 -0.368281 1.000000 1.000000 1.000000
2718.608887 0.000000 1474.133423 0.000000 0.890352 0.000000 -0.455274 0.000000 0.000000 0.000000
2800.205322 0.000000 1525.052490 0.000000 0.853311 0.000000 -0.521402 0.000000 0.000000 0.000000
2801.272949 0.000000 1502.218628 0.000000 0.958722 0.000000 -0.284346 0.000000 0.000000 0.000000
2800.541992 0.000000 1491.178955 0.000000 0.516226 0.000000 -0.856452 0.000000 0.000000 0.000000
2808.551025 0.000000 1501.452881 0.000000 0.533233 0.000000 -0.845968 0.000000 0.000000 0.000000
2763.929443 0.000000 1480.599609 0.000000 0.941201 0.000000 -0.337848 0.000000 0.000000 0.000000
2779.595215 0.000000 1519.117432 0.000000 0.501407 0.000000 -0.865211 1.000000 1.000000 1.000000
2777.680908 0.000000 1502.371216 0.000000 0.936825 0.000000 -0.349799 0.000000 0.000000 0.000000
2810.504395 0.000000 1492.352661 0.000000 0.895841 0.000000 -0.444375 0.000000 0.000000 0.000000
2746.544434 0.000000 1565.501221 0.000000 0.959704 0.000000 -0.281014 0.000000 0.000000 0.000000
2718.236816 0.000000 1577.608032 0.000000 0.808717 0.000000 -0.588197 0.000000 0.000000 0.000000
2710.477783 0.000000 1559.971436 0.000000 0.789051 0.000000 -0.614328 0.000000 0.000000 0.000000
2724.276123 0.000000 1558.324829 0.000000 0.929581 0.000000 -0.368617 1.000000 1.000000 1.000000
2746.028564 0.000000 1538.176758 0.000000 0.879716 0.000000 -0.475500 0.000000 0.000000 0.000000
2729.065186 0.000000 1576.783691 0.000000 0.605287 0.000000 -0.796008 0.000000 0.000000 0.000000
2713.661133 0.000000 1528.144287 0.000000 0.474708 0.000000 -0.880143 0.000000 0.000000 0.000000
2691.820801 0.000000 1538.883545 0.000000 0.577848 0.000000 -0.816144 0.000000 0.000000 0.000000
2786.735840 0.000000 1564.731201 0.000000 0.891379 0.000000 -0.453259 0.000000 0.000000 0.000000
2804.014648 0.000000 1533.921387 0.000000 0.611442 0.000000 -0.791289 0.000000 0.000000 0.000000
2812.832764 0.000000 1557.399902 0.000000 0.941905 0.000000 -0.335881 0.000000 0.000000 0.000000
2761.278076 0.000000 1575.161743 0.000000 0.959786 0.000000 -0.280734 0.000000 0.000000 0.000000
2763.487061 0.000000 1533.637695 0.000000 0.930580 0.000000 -0.366088 1.000000 1.000000 1.000000
2761.084717 0.000000 1535.895996 0.000000 0.460964 0.000000 -0.887419 0.000000 0.000000 0.000000
2849.947754 0.000000 1405.098511 0.000000 0.465814 0.000000 -0.884883 0.000000 0.000000 0.000000
2841.661133 0.000000 1358.691162 0.000000 0.392096 0.000000 -0.919924 1.000000 1.000000 1.000000
2857.677002 0.000000 1373.692017 0.000000 0.698834 0.000000 -0.715283 0.000000 0.000000 0.000000
2816.042236 0.000000 1355.632324 0.000000 0.957308 0.000000 -0.289069 1.000000 1.000000 1.000000
2829.099609 0.000000 1375.401611 0.000000 0.412665 0.000000 -0.910883 0.000000 0.000000 0.000000
2832.186279 0.000000 1374.776245 0.000000 0.761889 0.000000 -0.647708 1.000000 1.000000 1.000000
2918.893555 0.000000 1375.072388 0.000000 0.645007 0.000000 -0.764176 0.000000 0.000000 0.000000
2916.276123 0.000000 1388.871704 0.000000 0.949439 0.000000 -0.313952 0.000000 0.000000 0.000000
2922.835938 0.000000 1361.631226 0.000000 0.791614 0.000000 -0.611022 1.000000 1.000000 1.000000
2891.487061 0.000000 1364.184570 0.000000 0.422739 0.000000 -0.906251 1.000000 1.000000 1.000000
2889.084717 0.000000 1366.442871 0.000000 0.433278 0.000000 -0.901260 0.000000 0.000000 0.000000
2928.746582 0.000000 1358.862671 0.000000 0.735111 0.000000 -0.677946 1.000000 1.000000 1.000000
2883.820801 0.000000 1369.430420 0.000000 0.775782 0.000000 -0.631001 0.000000 0.000000 0.000000
2918.337891 0.000000 1369.361206 0.000000 0.495257 0.000000 -0.868746 0.000000 0.000000 0.000000
2924.352051 0.000000 1372.886108 0.000000 0.533863 0.000000 -0.845571 1.000000 1.000000 1.000000
2836.968506 0.000000 1464.234497 0.000000 0.917069 0.000000 -0.398730 0.000000 0.000000 0.000000
2874.807129 0.000000 1418.763916 0.000000 0.834743 0.000000 -0.550640 0.000000 0.000000 0.000000
2839.890625 0.000000 1431.167114 0.000000 0.906689 0.000000 -0.421800 0.000000 0.000000 0.000000
2861.433838 0.000000 1441.838623 0.000000 0.868257 0.000000 -0.496114 0.000000 0.000000 0.000000
2850.015137 0.000000 1432.604858 0.000000 0.773642 0.000000 -0.633623 0.000000 0.000000 0.000000
2820.048096 0.000000 1420.459473 0.000000 0.611136 0.000000 -0.791525 0.000000 0.000000 0.000000
2848.448975 0.000000 1438.104736 0.000000 0.562898 0.000000 -0.826527 0.000000 0.000000 0.000000
2825.604492 0.000000 1439.563721 0.000000 0.642182 0.000000 -0.766552 1.000000 1.000000 1.000000
2874.504395 0.000000 1435.868286 0.000000 0.750554 0.000000 -0.660809 1.000000 1.000000 1.000000
2833.360840 0.000000 1458.269775 0.000000 0.579579 0.000000 -0.814916 0.000000 0.000000 0.000000
2918.893555 0.000000 1431.556763 0.000000 0.892185 0.000000 -0.451670 0.000000 0.000000 0.000000
2921.385498 0.000000 1445.027466 0.000000 0.751930 0.000000 -0.659243 0.000000 0.000000 0.000000
2931.214111 0.000000 1458.366577 0.000000 0.441764 0.000000 -0.897131 0.000000 0.000000 0.000000
2880.009766 0.000000 1454.301880 0.000000 0.875393 0.000000 -0.483412 0.000000 0.000000 0.000000
2921.065186 0.000000 1463.814941 0.000000 0.482205 0.000000 -0.876059 0.000000 0.000000 0.000000
3007.487305 0.000000 1385.852661 0.000000 0.800930 0.000000 -0.598759 0.000000 0.000000 0.000000
2974.236816 0.000000 1408.154907 0.000000 0.529436 0.000000 -0.848350 0.000000 0.000000 0.000000
2977.947754 0.000000 1405.098511 0.000000 0.936956 0.000000 -0.349449 0.000000 0.000000 0.000000
2976.448975 0.000000 1381.620361 0.000000 0.639211 0.000000 -0.769032 0.000000 0.000000 0.000000
2961.664795 0.000000 1362.281006 0.000000 0.396473 0.000000 -0.918046 1.000000 1.000000 1.000000
2961.360840 0.000000 1401.785400 0.000000 0.679968 0.000000 -0.733242 0.000000 0.000000 0.000000
3053.516602 0.000000 1370.358276 0.000000 0.766492 0.000000 -0.642254 0.000000 0.000000 0.000000
3022.007324 0.000000 1386.515259 0.000000 0.365259 0.000000 -0.930906 0.000000 0.000000 0.000000
3062.864258 0.000000 1410.623657 0.000000 0.852241 0.000000 -0.523149 0.000000 0.000000 0.000000
3029.503174 0.000000 1403.944214 0.000000 0.571477 0.000000 -0.820618 0.000000 0.000000 0.000000
2962.127686 0.000000 1425.385376 0.000000 0.666736 0.000000 -0.745294 0.000000 0.000000 0.000000
2949.464844 0.000000 1416.891357 0.000000 0.445887 0.000000 -0.895089 0.000000 0.000000 0.000000
2997.861084 0.000000 1460.175781 0.000000 0.467688 0.000000 -0.883894 1.000000 1.000000 1.000000
3003.100830 0.000000 1422.202148 0.000000 0.913029 0.000000 -0.407895 1.000000 1.000000 1.000000
2944.936035 0.000000 1434.718872 0.000000 0.559529 0.000000 -0.828811 0.000000 0.000000 0.000000
2957.099609 0.000000 1431.885986 0.000000 0.505841 0.000000 -0.862627 0.000000 0.000000 0.000000
2951.213623 0.000000 1450.309448 0.000000 0.960697 0.000000 -0.277600 1.000000 1.000000 1.000000
3017.400879 0.000000 1428.228516 0.000000 0.865228 0.000000 -0.501378 0.000000 0.000000 0.000000
3062.816650 0.000000 1413.360107 0.000000 0.453436 0.000000 -0.891289 0.000000 0.000000 0.000000
3063.531250 0.000000 1422.713013 0.000000 0.721678 0.000000 -0.692229 1.000000 1.000000 1.000000
3062.173828 0.000000 1418.293579 0.000000 0.844909 0.000000 -0.534910 0.000000 0.000000 0.000000
3020.457520 0.000000 1463.885254 0.000000 0.734097 0.000000 -0.679044 0.000000 0.000000 0.000000
3014.508057 0.000000 1464.200562 0.000000 0.824709 0.000000 -0.565558 1.000000 1.000000 1.000000
3017.278076 0.000000 1462.192993 0.000000 0.572563 0.000000 -0.819861 1.000000 1.000000 1.000000
3061.861084 0.000000 1460.175781 0.000000 0.840907 0.000000 -0.541180 0.000000 0.000000 0.000000
3063.819336 0.000000 1430.940308 0.000000 0.429781 0.000000 -0.902933 1.000000 1.000000 1.000000
3059.016113 0.000000 1432.960449 0.000000 0.766961 0.000000 -0.641694 1.000000 1.000000 1.000000
3028.994385 0.000000 1414.662109 0.000000 0.479400 0.000000 -0.877597 0.000000 0.000000 0.000000
2853.982422 0.000000 1518.855591 0.000000 0.554360 0.000000 -0.832277 0.000000 0.000000 0.000000
2824.407471 0.000000 1476.406128 0.000000 0.797344 0.000000 -0.603525 0.000000 0.000000 0.000000
2868.365479 0.000000 1507.859985 0.000000 0.458187 0.000000 -0.888856 0.000000 0.000000 0.000000
2877.658936 0.000000 1503.909546 0.000000 0.896160 0.000000 -0.443732 0.000000 0.000000 0.000000
2822.330566 0.000000 1480.690552 0.000000 0.455892 0.000000 -0.890035 0.000000 0.000000 0.000000
2819.505127 0.000000 1512.019897 0.000000 0.554964 0.000000 -0.831874 0.000000 0.000000 0.000000
2870.864258 0.000000 1523.592407 0.000000 0.570370 0.000000 -0.821388 1.000000 1.000000 1.000000
2816.513916 0.000000 1484.674561 0.000000 0.566207 0.000000 -0.824263 0.000000 0.000000 0.000000
2871.062500 0.000000 1519.611206 0.000000 0.759952 0.000000 -0.649979 0.000000 0.000000 0.000000
2828.457520 0.000000 1520.369629 0.000000 0.633345 0.000000 -0.773870 0.000000 0.000000 0.000000
2822.508057 0.000000 1520.684937 0.000000 0.760030 0.000000 -0.649888 1.000000 1.000000 1.000000
2823.437256 0.000000 1523.637329 0.000000 0.820762 0.000000 -0.571270 1.000000 1.000000 1.000000
2889.400879 0.000000 1484.712891 0.000000 0.548931 0.000000 -0.835868 0.000000 0.000000 0.000000
2888.407471 0.000000 1476.406128 0.000000 0.460669 0.000000 -0.887572 0.000000 0.000000 0.000000
2881.017578 0.000000 1495.286865 0.000000 0.725526 0.000000 -0.688195 0.000000 0.000000 0.000000
2925.943604 0.000000 1470.948730 0.000000 0.638737 0.000000 -0.769425 0.000000 0.000000 0.000000
2898.283447 0.000000 1469.726440 0.000000 0.779243 0.000000 -0.626722 0.000000 0.000000 0.000000
2914.735840 0.000000 1508.246826 0.000000 0.652457 0.000000 -0.757826 0.000000 0.000000 0.000000
2926.042969 0.000000 1474.448364 0.000000 0.806138 0.000000 -0.591727 1.000000 1.000000 1.000000
2915.666992 0.000000 1505.079956 0.000000 0.923551 0.000000 -0.383474 0.000000 0.000000 0.000000
2922.835938 0.000000 1474.599976 0.000000 0.851146 0.000000 -0.524930 0.000000 0.000000 0.000000
2883.820801 0.000000 1482.399170 0.000000 0.724829 0.000000 -0.688929 1.000000 1.000000 1.000000
2879.957764 0.000000 1545.977173 0.000000 0.883047 0.000000 -0.469285 0.000000 0.000000 0.000000
2854.889160 0.000000 1548.517700 0.000000 0.928614 0.000000 -0.371046 0.000000 0.000000 0.000000
2863.663086 0.000000 1535.089966 0.000000 0.557932 0.000000 -0.829886 0.000000 0.000000 0.000000
2856.974609 0.000000 1536.599731 0.000000 0.545492 0.000000 -0.838116 1.000000 1.000000 1.000000
2862.042969 0.000000 1530.932739 0.000000 0.933394 0.000000 -0.358854 0.000000 0.000000 0.000000
2840.795410 0.000000 1552.990356 0.000000 0.947256 0.000000 -0.320478 0.000000 0.000000 0.000000
2823.213623 0.000000 1563.278198 0.000000 0.414444 0.000000 -0.910075 1.000000 1.000000 1.000000
2881.451416 0.000000 1537.253784 0.000000 0.681982 0.000000 -0.731369 0.000000 0.000000 0.000000
2880.255127 0.000000 1572.218994 0.000000 0.539333 0.000000 -0.842092 0.000000 0.000000 0.000000
2906.122314 0.000000 1535.886475 0.000000 0.639721 0.000000 -0.768607 0.000000 0.000000 0.000000
2925.943604 0.000000 1527.433105 0.000000 0.787780 0.000000 -0.615957 0.000000 0.000000 0.000000
2930.842529 0.000000 1542.948120 0.000000 0.511617 0.000000 -0.859213 0.000000 0.000000 0.000000
2902.937256 0.000000 1539.505493 0.000000 0.883594 0.000000 -0.468254 0.000000 0.000000 0.000000
2901.934570 0.000000 1579.890137 0.000000 0.960523 0.000000 -0.278199 1.000000 1.000000 1.000000
2993.519043 0.000000 1474.923340 0.000000 0.897532 0.000000 -0.440949 0.000000 0.000000 0.000000
2978.900879 0.000000 1468.658447 0.000000 0.609723 0.000000 -0.792614 0.000000 0.000000 0.000000
2944.163086 0.000000 1503.340332 0.000000 0.527674 0.000000 -0.849447 0.000000 0.000000 0.000000
2953.866211 0.000000 1507.666138 0.000000 0.457256 0.000000 -0.889335 0.000000 0.000000 0.000000
2969.680908 0.000000 1502.371216 0.000000 0.722351 0.000000 -0.691527 0.000000 0.000000 0.000000
2976.448975 0.000000 1494.589111 0.000000 0.698018 0.000000 -0.716080 0.000000 0.000000 0.000000
2977.099609 0.000000 1502.543457 0.000000 0.724484 0.000000 -0.689292 0.000000 0.000000 0.000000
2982.581055 0.000000 1503.718140 0.000000 0.527255 0.000000 -0.849707 0.000000 0.000000 0.000000
2956.112305 0.000000 1483.500488 0.000000 0.953187 0.000000 -0.302383 0.000000 0.000000 0.000000
2974.952637 0.000000 1488.106079 0.000000 0.899620 0.000000 -0.436673 0.000000 0.000000 0.000000
3028.569336 0.000000 1473.980225 0.000000 0.960776 0.000000 -0.277326 0.000000 0.000000 0.000000
3054.042969 0.000000 1474.448364 0.000000 0.809060 0.000000 -0.587726 0.000000 0.000000 0.000000
3021.099609 0.000000 1488.370361 0.000000 0.873356 0.000000 -0.487083 0.000000 0.000000 0.000000
2578.127686 0.000000 1594.838501 0.000000 0.578916 0.000000 -0.815387 0.000000 0.000000 0.000000
2612.003906 0.000000 1584.890015 0.000000 0.680276 0.000000 -0.732956 0.000000 0.000000 0.000000
2588.431641 0.000000 1589.070312 0.000000 0.931966 0.000000 -0.362545 0.000000 0.000000 0.000000
2563.820801 0.000000 1595.367920 0.000000 0.784129 0.000000 -0.620597 0.000000 0.000000 0.000000
2668.063232 0.000000 1590.551636 0.000000 0.929319 0.000000 -0.369279 0.000000 0.000000 0.000000
2649.237549 0.000000 1587.721436 0.000000 0.678048 0.000000 -0.735017 0.000000 0.000000 0.000000
2651.932861 0.000000 1601.832153 0.000000 0.718484 0.000000 -0.695544 0.000000 0.000000 0.000000
2665.677002 0.000000 1599.629517 0.000000 0.845335 0.000000 -0.534237 0.000000 0.000000 0.000000
2682.462158 0.000000 1598.632568 0.000000 0.422604 0.000000 -0.906314 0.000000 0.000000 0.000000
2580.968506 0.000000 1690.171997 0.000000 0.620608 0.000000 -0.784121 0.000000 0.000000 0.000000
2561.451416 0.000000 1650.222534 0.000000 0.938940 0.000000 -0.344080 0.000000 0.000000 0.000000
2586.979736 0.000000 1679.879639 0.000000 0.691452 0.000000 -0.722422 0.000000 0.000000 0.000000
2639.273193 0.000000 1659.965454 0.000000 0.955541 0.000000 -0.294859 0.000000 0.000000 0.000000
2685.032959 0.000000 1660.234985 0.000000 0.869761 0.000000 -0.493474 1.000000 1.000000 1.000000
2682.504395 0.000000 1661.805786 0.000000 0.640859 0.000000 -0.767658 1.000000 1.000000 1.000000
2638.979980 0.000000 1662.887085 0.000000 0.576473 0.000000 -0.817116 1.000000 1.000000 1.000000
2736.205322 0.000000 1638.021240 0.000000 0.836434 0.000000 -0.548067 0.000000 0.000000 0.000000
2737.519043 0.000000 1587.892090 0.000000 0.376551 0.000000 -0.926396 1.000000 1.000000 1.000000
2736.541992 0.000000 1604.147705 0.000000 0.823574 0.000000 -0.567208 0.000000 0.000000 0.000000
2711.491943 0.000000 1582.193970 0.000000 0.453272 0.000000 -0.891372 0.000000 0.000000 0.000000
2743.531250 0.000000 1592.166138 0.000000 0.895917 0.000000 -0.444222 0.000000 0.000000 0.000000
2741.993896 0.000000 1602.848633 0.000000 0.876165 0.000000 -0.482012 1.000000 1.000000 1.000000
2728.974609 0.000000 1593.084106 0.000000 0.865049 0.000000 -0.501688 1.000000 1.000000 1.000000
2735.145508 0.000000 1599.710327 0.000000 0.916745 0.000000 -0.399474 0.000000 0.000000 0.000000
2739.634277 0.000000 1624.290405 0.000000 0.918067 0.000000 -0.396426 0.000000 0.000000 0.000000
2735.917480 0.000000 1618.344482 0.000000 0.636503 0.000000 -0.771274 1.000000 1.000000 1.000000
2730.835938 0.000000 1587.568726 0.000000 0.912470 0.000000 -0.409143 0.000000 0.000000 0.000000
2769.722656 0.000000 1633.739868 0.000000 0.361379 0.000000 -0.932419 0.000000 0.000000 0.000000
2780.380127 0.000000 1636.412842 0.000000 0.500282 0.000000 -0.865862 1.000000 1.000000 1.000000
2740.003906 0.000000 1641.374390 0.000000 0.695224 0.000000 -0.718793 1.000000 1.000000 1.000000
2729.065186 0.000000 1689.752441 0.000000 0.591469 0.000000 -0.806328 0.000000 0.000000 0.000000
2746.462158 0.000000 1655.116943 0.000000 0.957979 0.000000 -0.286837 0.000000 0.000000 0.000000
2770.283447 0.000000 1639.179565 0.000000 0.625881 0.000000 -0.779918 0.000000 0.000000 0.000000
2774.937256 0.000000 1652.474243 0.000000 0.905417 0.000000 -0.424523 0.000000 0.000000 0.000000
2777.661133 0.000000 1641.113037 0.000000 0.833139 0.000000 -0.553064 1.000000 1.000000 1.000000
2782.961914 0.000000 1639.008179 0.000000 0.882436 0.000000 -0.470433 0.000000 0.000000 0.000000
2787.200439 0.000000 1650.843872 0.000000 0.568337 0.000000 -0.822796 0.000000 0.000000 0.000000
2562.396484 0.000000 1696.393433 0.000000 0.916400 0.000000 -0.400264 0.000000 0.000000 0.000000
2575.831299 0.000000 1698.703125 0.000000 0.487538 0.000000 -0.873102 0.000000 0.000000 0.000000
2581.934570 0.000000 1749.343262 0.000000 0.612997 0.000000 -0.790085 0.000000 0.000000 0.000000
2625.319092 0.000000 1733.419678 0.000000 0.616228 0.000000 -0.787568 0.000000 0.000000 0.000000
2636.978516 0.000000 1695.267212 0.000000 0.741391 0.000000 -0.671074 0.000000 0.000000 0.000000
2661.432373 0.000000 1705.558350 0.000000 0.719692 0.000000 -0.694293 0.000000 0.000000 0.000000
2624.255127 0.000000 1741.672119 0.000000 0.453344 0.000000 -0.891336 0.000000 0.000000 0.000000
2665.385498 0.000000 1727.449341 0.000000 0.780500 0.000000 -0.625156 0.000000 0.000000 0.000000
2633.640869 0.000000 1747.719116 0.000000 0.733628 0.000000 -0.679551 0.000000 0.000000 0.000000
2679.531250 0.000000 1705.134888 0.000000 0.862923 0.000000 -0.505335 0.000000 0.000000 0.000000
2628.763672 0.000000 1730.723511 0.000000 0.508047 0.000000 -0.861329 0.000000 0.000000 0.000000
2641.722656 0.000000 1746.708618 0.000000 0.564893 0.000000 -0.825164 0.000000 0.000000 0.000000
2636.978516 0.000000 1751.751587 0.000000 0.945244 0.000000 -0.326364 0.000000 0.000000 0.000000
2650.987305 0.000000 1751.104370 0.000000 0.439288 0.000000 -0.898346 0.000000 0.000000 0.000000
2706.127686 0.000000 1707.807251 0.000000 0.877024 0.000000 -0.480447 0.000000 0.000000 0.000000
2706.817383 0.000000 1724.975098 0.000000 0.961389 0.000000 -0.275193 0.000000 0.000000 0.000000
2845.530273 0.000000 1608.854858 0.000000 0.671091 0.000000 -0.741375 0.000000 0.000000 0.000000
2851.104248 0.000000 1590.104614 0.000000 0.561339 0.000000 -0.827586 0.000000 0.000000 0.000000
2819.820801 0.000000 1595.367920 0.000000 0.696617 0.000000 -0.717443 1.000000 1.000000 1.000000
2921.563477 0.000000 1608.053467 0.000000 0.766972 0.000000 -0.641681 0.000000 0.000000 0.000000
2890.351318 0.000000 1602.441406 0.000000 0.687272 0.000000 -0.726400 1.000000 1.000000 1.000000
2880.156738 0.000000 1636.462646 0.000000 0.598207 0.000000 -0.801342 0.000000 0.000000 0.000000
2918.889160 0.000000 1605.002075 0.000000 0.723322 0.000000 -0.690511 0.000000 0.000000 0.000000
2898.230469 0.000000 1619.598022 0.000000 0.735814 0.000000 -0.677184 0.000000 0.000000 0.000000
2921.677002 0.000000 1599.629517 0.000000 0.601763 0.000000 -0.798675 0.000000 0.000000 0.000000
2892.526855 0.000000 1604.608276 0.000000 0.886740 0.000000 -0.462269 1.000000 1.000000 1.000000
2928.746582 0.000000 1584.800171 0.000000 0.733098 0.000000 -0.680123 0.000000 0.000000 0.000000
2916.029297 0.000000 1600.115234 0.000000 0.403811 0.000000 -0.914842 0.000000 0.000000 0.000000
2881.451416 0.000000 1590.954956 0.000000 0.592161 0.000000 -0.805820 1.000000 1.000000 1.000000
2894.979980 0.000000 1606.402710 0.000000 0.899111 0.000000 -0.437720 1.000000 1.000000 1.000000
2844.793701 0.000000 1640.888672 0.000000 0.818960 0.000000 -0.573850 0.000000 0.000000 0.000000
2856.015625 0.000000 1645.675415 0.000000 0.845024 0.000000 -0.534728 0.000000 0.000000 0.000000
2848.617920 0.000000 1641.412476 0.000000 0.562019 0.000000 -0.827124 0.000000 0.000000 0.000000
2824.667480 0.000000 1642.826050 0.000000 0.797261 0.000000 -0.603634 0.000000 0.000000 0.000000
2816.042236 0.000000 1638.054199 0.000000 0.624821 0.000000 -0.780768 0.000000 0.000000 0.000000
2833.664795 0.000000 1644.702881 0.000000 0.644687 0.000000 -0.764447 0.000000 0.000000 0.000000
2882.396484 0.000000 1639.909058 0.000000 0.800283 0.000000 -0.599623 0.000000 0.000000 0.000000
3113.563477 0.000000 986.725403 0.000000 0.918984 0.000000 -0.394294 0.000000 0.000000 0.000000
3094.477783 0.000000 995.127686 0.000000 0.539567 0.000000 -0.841943 0.000000 0.000000 0.000000
3136.894775 0.000000 990.534485 0.000000 0.633931 0.000000 -0.773390 0.000000 0.000000 0.000000
3090.127686 0.000000 1029.994751 0.000000 0.903865 0.000000 -0.427818 0.000000 0.000000 0.000000
3086.953369 0.000000 1070.690430 0.000000 0.698852 0.000000 -0.715266 0.000000 0.000000 0.000000
3088.971924 0.000000 1065.895752 0.000000 0.452482 0.000000 -0.891774 0.000000 0.000000 0.000000
3085.099609 0.000000 1036.495361 0.000000 0.889142 0.000000 -0.457631 1.000000 1.000000 1.000000
3178.009521 0.000000 1071.655396 0.000000 0.854590 0.000000 -0.519304 0.000000 0.000000 0.000000
3165.237549 0.000000 1050.240967 0.000000 0.842479 0.000000 -0.538730 0.000000 0.000000 0.000000
3177.204590 0.000000 1053.280151 0.000000 0.617783 0.000000 -0.786349 0.000000 0.000000 0.000000
3181.386719 0.000000 1071.425781 0.000000 0.749609 0.000000 -0.661880 0.000000 0.000000 0.000000
3163.635498 0.000000 1039.769165 0.000000 0.557948 0.000000 -0.829876 0.000000 0.000000 0.000000
3135.957764 0.000000 1094.102173 0.000000 0.690538 0.000000 -0.723296 0.000000 0.000000 0.000000
3078.215332 0.000000 1122.140747 0.000000 0.936305 0.000000 -0.351189 0.000000 0.000000 0.000000
3089.722656 0.000000 1125.380493 0.000000 0.798469 0.000000 -0.602036 1.000000 1.000000 1.000000
3137.017578 0.000000 1099.896240 0.000000 0.912114 0.000000 -0.409936 0.000000 0.000000 0.000000
3139.837158 0.000000 1096.765259 0.000000 0.503600 0.000000 -0.863937 0.000000 0.000000 0.000000
3190.382080 0.000000 1102.530762 0.000000 0.709698 0.000000 -0.704506 0.000000 0.000000 0.000000
3176.974609 0.000000 1084.724731 0.000000 0.475124 0.000000 -0.879919 0.000000 0.000000 0.000000
3178.835938 0.000000 1079.209351 0.000000 0.776326 0.000000 -0.630332 0.000000 0.000000 0.000000
3180.194824 0.000000 1085.280518 0.000000 0.413695 0.000000 -0.910415 1.000000 1.000000 1.000000
3187.016113 0.000000 1094.054199 0.000000 0.759399 0.000000 -0.650626 0.000000 0.000000 0.000000
3184.746582 0.000000 1076.440796 0.000000 0.759005 0.000000 -0.651085 0.000000 0.000000 0.000000
3152.939697 0.000000 1089.131836 0.000000 0.805563 0.000000 -0.592510 1.000000 1.000000 1.000000
3152.244385 0.000000 1102.401001 0.000000 0.843276 0.000000 -0.537481 0.000000 0.000000 0.000000
3092.968506 0.000000 1181.812622 0.000000 0.501888 0.000000 -0.864933 0.000000 0.000000 0.000000
3117.516602 0.000000 1144.420776 0.000000 0.886037 0.000000 -0.463615 0.000000 0.000000 0.000000
3130.544434 0.000000 1170.110596 0.000000 0.758521 0.000000 -0.651648 0.000000 0.000000 0.000000
3102.530029 0.000000 1153.147583 0.000000 0.904350 0.000000 -0.426793 1.000000 1.000000 1.000000
3133.508057 0.000000 1179.464233 0.000000 0.771914 0.000000 -0.635727 0.000000 0.000000 0.000000
3107.104248 0.000000 1138.229614 0.000000 0.852640 0.000000 -0.522498 1.000000 1.000000 1.000000
3104.448975 0.000000 1155.682861 0.000000 0.783157 0.000000 -0.621824 1.000000 1.000000 1.000000
3131.100830 0.000000 1139.780273 0.000000 0.778384 0.000000 -0.627789 0.000000 0.000000 0.000000
3142.724365 0.000000 1163.194946 0.000000 0.624029 0.000000 -0.781401 1.000000 1.000000 1.000000
3113.385498 0.000000 1219.089966 0.000000 0.787663 0.000000 -0.616107 0.000000 0.000000 0.000000
3086.873047 0.000000 1194.218994 0.000000 0.848378 0.000000 -0.529391 0.000000 0.000000 0.000000
3133.212891 0.000000 1211.563599 0.000000 0.914166 0.000000 -0.405341 0.000000 0.000000 0.000000
3098.364746 0.000000 1211.733154 0.000000 0.652280 0.000000 -0.757978 0.000000 0.000000 0.000000
3099.131592 0.000000 1202.293091 0.000000 0.796529 0.000000 -0.604601 0.000000 0.000000 0.000000
3087.831299 0.000000 1190.343750 0.000000 0.559340 0.000000 -0.828938 1.000000 1.000000 1.000000
3133.612061 0.000000 1224.931519 0.000000 0.816903 0.000000 -0.576775 0.000000 0.000000 0.000000
3119.537109 0.000000 1213.300293 0.000000 0.507069 0.000000 -0.861905 1.000000 1.000000 1.000000
3091.991699 0.000000 1219.399414 0.000000 0.722414 0.000000 -0.691461 0.000000 0.000000 0.000000
3186.789307 0.000000 1198.259155 0.000000 0.485266 0.000000 -0.874367 0.000000 0.000000 0.000000
3139.510986 0.000000 1233.099854 0.000000 0.814785 0.000000 -0.579764 0.000000 0.000000 0.000000
3194.631836 0.000000 1221.308350 0.000000 0.450801 0.000000 -0.892624 0.000000 0.000000 0.000000
3150.604980 0.000000 1233.748901 0.000000 0.801633 0.000000 -0.597816 1.000000 1.000000 1.000000
3143.213623 0.000000 1224.371948 0.000000 0.668474 0.000000 -0.743735 1.000000 1.000000 1.000000
3200.894775 0.000000 1159.987671 0.000000 0.888748 0.000000 -0.458396 0.000000 0.000000 0.000000
3217.939453 0.000000 1227.967407 0.000000 0.831837 0.000000 -0.555020 0.000000 0.000000 0.000000
3212.083740 0.000000 1231.685791 0.000000 0.591631 0.000000 -0.806209 0.000000 0.000000 0.000000
3130.544434 0.000000 1283.079346 0.000000 0.439063 0.000000 -0.898456 0.000000 0.000000 0.000000
3112.832275 0.000000 1246.157349 0.000000 0.934342 0.000000 -0.356378 0.000000 0.000000 0.000000
3103.758545 0.000000 1272.815918 0.000000 0.682840 0.000000 -0.730568 0.000000 0.000000 0.000000
3116.760498 0.000000 1281.161377 0.000000 0.670533 0.000000 -0.741879 0.000000 0.000000 0.000000
3133.658936 0.000000 1277.972046 0.000000 0.837044 0.000000 -0.547136 0.000000 0.000000 0.000000
3122.842529 0.000000 1260.526245 0.000000 0.892138 0.000000 -0.451764 0.000000 0.000000 0.000000
3101.392090 0.000000 1287.329712 0.000000 0.580338 0.000000 -0.814376 0.000000 0.000000 0.000000
3083.487061 0.000000 1251.215820 0.000000 0.782809 0.000000 -0.622262 1.000000 1.000000 1.000000
3081.084717 0.000000 1253.474121 0.000000 0.882218 0.000000 -0.470840 1.000000 1.000000 1.000000
3101.423096 0.000000 1281.208130 0.000000 0.507759 0.000000 -0.861499 1.000000 1.000000 1.000000
3084.112305 0.000000 1257.562988 0.000000 0.536340 0.000000 -0.844002 1.000000 1.000000 1.000000
3099.635498 0.000000 1265.706665 0.000000 0.875893 0.000000 -0.482505 0.000000 0.000000 0.000000
3180.376709 0.000000 1288.923950 0.000000 0.945818 0.000000 -0.324698 1.000000 1.000000 1.000000
3183.145508 0.000000 1260.804077 0.000000 0.654241 0.000000 -0.756286 1.000000 1.000000 1.000000
3189.861084 0.000000 1290.722656 0.000000 0.879342 0.000000 -0.476191 0.000000 0.000000 0.000000
3174.581055 0.000000 1277.780640 0.000000 0.767900 0.000000 -0.640570 1.000000 1.000000 1.000000
3116.083252 0.000000 1319.201660 0.000000 0.635058 0.000000 -0.772465 0.000000 0.000000 0.000000
3125.993896 0.000000 1320.426758 0.000000 0.467105 0.000000 -0.884202 0.000000 0.000000 0.000000
3164.793701 0.000000 1301.982422 0.000000 0.876816 0.000000 -0.480826 0.000000 0.000000 0.000000
3158.937256 0.000000 1313.567993 0.000000 0.702042 0.000000 -0.712135 0.000000 0.000000 0.000000
3174.889160 0.000000 1322.580200 0.000000 0.737889 0.000000 -0.674922 0.000000 0.000000 0.000000
3170.857422 0.000000 1328.269531 0.000000 0.713134 0.000000 -0.701028 0.000000 0.000000 0.000000
3177.967773 0.000000 1328.958496 0.000000 0.768938 0.000000 -0.639324 1.000000 1.000000 1.000000
3244.760498 0.000000 1281.161377 0.000000 0.366866 0.000000 -0.930274 0.000000 0.000000 0.000000
3245.375000 0.000000 1267.577881 0.000000 0.424627 0.000000 -0.905368 0.000000 0.000000 0.000000
3203.820801 0.000000 1256.461670 0.000000 0.762226 0.000000 -0.647311 0.000000 0.000000 0.000000
3216.939697 0.000000 1258.584961 0.000000 0.410303 0.000000 -0.911949 1.000000 1.000000 1.000000
3230.952637 0.000000 1262.168579 0.000000 0.815236 0.000000 -0.579129 0.000000 0.000000 0.000000
3221.235596 0.000000 1262.517334 0.000000 0.799697 0.000000 -0.600403 1.000000 1.000000 1.000000
3265.319092 0.000000 1281.544678 0.000000 0.914458 0.000000 -0.404680 0.000000 0.000000 0.000000
3272.908447 0.000000 1288.556274 0.000000 0.867045 0.000000 -0.498230 0.000000 0.000000 0.000000
3228.793701 0.000000 1301.982422 0.000000 0.860873 0.000000 -0.508820 0.000000 0.000000 0.000000
3209.400879 0.000000 1315.259766 0.000000 0.741055 0.000000 -0.671444 0.000000 0.000000 0.000000
3212.552734 0.000000 1325.334717 0.000000 0.582261 0.000000 -0.813002 1.000000 1.000000 1.000000
3257.910400 0.000000 1347.091675 0.000000 0.393329 0.000000 -0.919398 0.000000 0.000000 0.000000
3235.200439 0.000000 1311.937622 0.000000 0.476424 0.000000 -0.879216 1.000000 1.000000 1.000000
3301.982422 0.000000 1349.402466 0.000000 0.637849 0.000000 -0.770162 0.000000 0.000000 0.000000
3297.947754 0.000000 1348.614136 0.000000 0.747688 0.000000 -0.664050 0.000000 0.000000 0.000000
3276.083740 0.000000 1344.654541 0.000000 0.829276 0.000000 -0.558839 1.000000 1.000000 1.000000
3083.959473 0.000000 1404.115845 0.000000 0.933326 0.000000 -0.359030 0.000000 0.000000 0.000000
3127.107910 0.000000 1400.826294 0.000000 0.467207 0.000000 -0.884148 0.000000 0.000000 0.000000
3083.941895 0.000000 1397.429077 0.000000 0.442857 0.000000 -0.896592 0.000000 0.000000 0.000000
3101.530273 0.000000 1382.917358 0.000000 0.672112 0.000000 -0.740450 0.000000 0.000000 0.000000
3166.530029 0.000000 1379.085083 0.000000 0.723259 0.000000 -0.690577 0.000000 0.000000 0.000000
3184.024170 0.000000 1408.160034 0.000000 0.728505 0.000000 -0.685041 1.000000 1.000000 1.000000
3139.510986 0.000000 1402.552979 0.000000 0.649007 0.000000 -0.760783 1.000000 1.000000 1.000000
3124.365479 0.000000 1451.375610 0.000000 0.705177 0.000000 -0.709032 0.000000 0.000000 0.000000
3109.098633 0.000000 1454.980347 0.000000 0.857467 0.000000 -0.514540 0.000000 0.000000 0.000000
3128.315674 0.000000 1449.118408 0.000000 0.618848 0.000000 -0.785511 0.000000 0.000000 0.000000
3098.987305 0.000000 1412.198120 0.000000 0.881272 0.000000 -0.472609 0.000000 0.000000 0.000000
3113.677002 0.000000 1430.176392 0.000000 0.632941 0.000000 -0.774200 1.000000 1.000000 1.000000
3110.581055 0.000000 1447.233765 0.000000 0.419030 0.000000 -0.907972 1.000000 1.000000 1.000000
3108.759766 0.000000 1433.485596 0.000000 0.817132 0.000000 -0.576450 1.000000 1.000000 1.000000
3085.099609 0.000000 1431.885986 0.000000 0.503196 0.000000 -0.864172 0.000000 0.000000 0.000000
3099.635498 0.000000 1435.159790 0.000000 0.453217 0.000000 -0.891400 1.000000 1.000000 1.000000
3165.237549 0.000000 1445.631592 0.000000 0.904527 0.000000 -0.426417 0.000000 0.000000 0.000000
3144.667480 0.000000 1416.888550 0.000000 0.952034 0.000000 -0.305991 1.000000 1.000000 1.000000
3256.065674 0.000000 1380.987549 0.000000 0.657982 0.000000 -0.753034 0.000000 0.000000 0.000000
3215.273193 0.000000 1377.543579 0.000000 0.874416 0.000000 -0.485178 0.000000 0.000000 0.000000
3204.755371 0.000000 1383.497681 0.000000 0.661535 0.000000 -0.749914 1.000000 1.000000 1.000000
3205.464844 0.000000 1360.406982 0.000000 0.468363 0.000000 -0.883536 1.000000 1.000000 1.000000
3255.060791 0.000000 1397.224731 0.000000 0.904752 0.000000 -0.425939 0.000000 0.000000 0.000000
3206.724365 0.000000 1389.132446 0.000000 0.837582 0.000000 -0.546312 1.000000 1.000000 1.000000
3204.948486 0.000000 1355.740112 0.000000 0.859193 0.000000 -0.511652 1.000000 1.000000 1.000000
3209.278076 0.000000 1405.708618 0.000000 0.621482 0.000000 -0.783428 1.000000 1.000000 1.000000
3200.042236 0.000000 1355.632324 0.000000 0.804476 0.000000 -0.593985 1.000000 1.000000 1.000000
3281.664795 0.000000 1362.281006 0.000000 0.943249 0.000000 -0.332086 1.000000 1.000000 1.000000
3285.235596 0.000000 1375.486084 0.000000 0.697038 0.000000 -0.717035 1.000000 1.000000 1.000000
3204.048096 0.000000 1420.459473 0.000000 0.590177 0.000000 -0.807274 0.000000 0.000000 0.000000
3203.837158 0.000000 1435.671509 0.000000 0.775414 0.000000 -0.631454 0.000000 0.000000 0.000000
1530.305298 0.000000 2133.903320 0.000000 0.805516 0.000000 -0.592575 0.000000 0.000000 0.000000
1500.793701 0.000000 2149.248047 0.000000 0.433379 0.000000 -0.901212 0.000000 0.000000 0.000000
1503.453491 0.000000 2163.136475 0.000000 0.465003 0.000000 -0.885309 0.000000 0.000000 0.000000
1498.122314 0.000000 2157.214600 0.000000 0.755882 0.000000 -0.654708 0.000000 0.000000 0.000000
1502.530151 0.000000 2169.866211 0.000000 0.833475 0.000000 -0.552557 0.000000 0.000000 0.000000
1507.991211 0.000000 2162.132812 0.000000 0.927864 0.000000 -0.372920 0.000000 0.000000 0.000000
1497.237549 0.000000 2152.565186 0.000000 0.542455 0.000000 -0.840085 0.000000 0.000000 0.000000
1493.668701 0.000000 2156.195068 0.000000 0.935958 0.000000 -0.352112 0.000000 0.000000 0.000000
1504.618042 0.000000 2149.771973 0.000000 0.748148 0.000000 -0.663532 0.000000 0.000000 0.000000
1493.503174 0.000000 2194.725342 0.000000 0.659085 0.000000 -0.752068 0.000000 0.000000 0.000000
1507.104126 0.000000 2154.948242 0.000000 0.535423 0.000000 -0.844584 0.000000 0.000000 0.000000
1469.292725 0.000000 2215.449707 0.000000 0.664295 0.000000 -0.747471 0.000000 0.000000 0.000000
1452.412598 0.000000 2245.164307 0.000000 0.739387 0.000000 -0.673281 0.000000 0.000000 0.000000
1533.212891 0.000000 2228.282471 0.000000 0.956401 0.000000 -0.292056 0.000000 0.000000 0.000000
1514.009521 0.000000 2257.827393 0.000000 0.930183 0.000000 -0.367096 0.000000 0.000000 0.000000
1533.611938 0.000000 2241.650391 0.000000 0.738935 0.000000 -0.673776 0.000000 0.000000 0.000000
1525.861084 0.000000 2250.957031 0.000000 0.783810 0.000000 -0.621000 0.000000 0.000000 0.000000
1480.667603 0.000000 2207.669922 0.000000 0.632347 0.000000 -0.774685 0.000000 0.000000 0.000000
1722.544556 0.000000 1960.891846 0.000000 0.883602 0.000000 -0.468238 0.000000 0.000000 0.000000
1708.412598 0.000000 1962.742432 0.000000 0.655889 0.000000 -0.754858 0.000000 0.000000 0.000000
1760.032227 0.000000 1957.406616 0.000000 0.438593 0.000000 -0.898686 0.000000 0.000000 0.000000
1770.009521 0.000000 1975.405396 0.000000 0.652386 0.000000 -0.757887 0.000000 0.000000 0.000000
1772.083374 0.000000 1940.529785 0.000000 0.951210 0.000000 -0.308545 0.000000 0.000000 0.000000
1754.709839 0.000000 1957.508667 0.000000 0.673429 0.000000 -0.739252 0.000000 0.000000 0.000000
1768.763306 0.000000 1935.590942 0.000000 0.572572 0.000000 -0.819854 0.000000 0.000000 0.000000
1758.060669 0.000000 1968.623657 0.000000 0.857455 0.000000 -0.514558 1.000000 1.000000 1.000000
1773.374878 0.000000 1945.390381 0.000000 0.681148 0.000000 -0.732145 0.000000 0.000000 0.000000
1786.385132 0.000000 1923.060791 0.000000 0.932184 0.000000 -0.361985 0.000000 0.000000 0.000000
1769.204712 0.000000 1957.030151 0.000000 0.411446 0.000000 -0.911434 0.000000 0.000000 0.000000
1770.288330 0.000000 1943.616577 0.000000 0.395754 0.000000 -0.918357 0.000000 0.000000 0.000000
1734.724243 0.000000 1953.976196 0.000000 0.688366 0.000000 -0.725363 0.000000 0.000000 0.000000
1698.901001 0.000000 1977.017822 0.000000 0.721218 0.000000 -0.692708 0.000000 0.000000 0.000000
1705.385620 0.000000 2009.871216 0.000000 0.911258 0.000000 -0.411836 0.000000 0.000000 0.000000
1700.575317 0.000000 1979.342163 0.000000 0.724879 0.000000 -0.688876 0.000000 0.000000 0.000000
1750.477783 0.000000 2011.846436 0.000000 0.705405 0.000000 -0.708805 1.000000 1.000000 1.000000
1789.512329 0.000000 1976.979248 0.000000 0.808279 0.000000 -0.588800 0.000000 0.000000 0.000000
1762.735840 0.000000 2016.606201 0.000000 0.607812 0.000000 -0.794081 0.000000 0.000000 0.000000
1752.572266 0.000000 2016.417480 0.000000 0.640177 0.000000 -0.768227 0.000000 0.000000 0.000000
1841.272949 0.000000 1897.609253 0.000000 0.475235 0.000000 -0.879859 0.000000 0.000000 0.000000
1825.210327 0.000000 1908.857666 0.000000 0.700528 0.000000 -0.713625 0.000000 0.000000 0.000000
1833.656006 0.000000 1904.094116 0.000000 0.940202 0.000000 -0.340617 0.000000 0.000000 0.000000
1817.917236 0.000000 1908.750610 0.000000 0.432128 0.000000 -0.901812 0.000000 0.000000 0.000000
1873.256958 0.000000 1898.699219 0.000000 0.759078 0.000000 -0.650999 0.000000 0.000000 0.000000
1891.991211 0.000000 1879.710815 0.000000 0.428886 0.000000 -0.903358 0.000000 0.000000 0.000000
1886.953613 0.000000 1920.236938 0.000000 0.413837 0.000000 -0.910351 0.000000 0.000000 0.000000
1904.918701 0.000000 1878.970581 0.000000 0.950879 0.000000 -0.309564 0.000000 0.000000 0.000000
1856.894775 0.000000 1894.284546 0.000000 0.401557 0.000000 -0.915834 0.000000 0.000000 0.000000
1863.213501 0.000000 1902.184448 0.000000 0.871653 0.000000 -0.490124 0.000000 0.000000 0.000000
2032.580444 0.000000 1837.940796 0.000000 0.897743 0.000000 -0.440520 0.000000 0.000000 0.000000
1968.205444 0.000000 1920.443115 0.000000 0.913917 0.000000 -0.405901 0.000000 0.000000 0.000000
1964.662354 0.000000 1914.564575 0.000000 0.567008 0.000000 -0.823712 0.000000 0.000000 0.000000
1964.760498 0.000000 1902.489502 0.000000 0.410201 0.000000 -0.911995 0.000000 0.000000 0.000000
1961.385620 0.000000 1896.902466 0.000000 0.830539 0.000000 -0.556961 0.000000 0.000000 0.000000
1926.508057 0.000000 1916.075562 0.000000 0.527756 0.000000 -0.849396 0.000000 0.000000 0.000000
1948.380127 0.000000 1918.834717 0.000000 0.845234 0.000000 -0.534397 0.000000 0.000000 0.000000
2040.551025 0.000000 1896.843506 0.000000 0.843196 0.000000 -0.537606 0.000000 0.000000 0.000000
2045.512329 0.000000 1864.010498 0.000000 0.630183 0.000000 -0.776446 0.000000 0.000000 0.000000
2025.385620 0.000000 1896.902466 0.000000 0.727008 0.000000 -0.686629 0.000000 0.000000 0.000000
2009.621582 0.000000 1911.859253 0.000000 0.716294 0.000000 -0.697798 0.000000 0.000000 0.000000
2029.433838 0.000000 1893.713623 0.000000 0.510531 0.000000 -0.859859 0.000000 0.000000 0.000000
2022.535767 0.000000 1893.492432 0.000000 0.817306 0.000000 -0.576205 0.000000 0.000000 0.000000
2002.579102 0.000000 1919.173218 0.000000 0.474668 0.000000 -0.880165 0.000000 0.000000 0.000000
2008.572266 0.000000 1903.448730 0.000000 0.688769 0.000000 -0.724981 0.000000 0.000000 0.000000
1793.451416 0.000000 1932.644409 0.000000 0.479085 0.000000 -0.877769 0.000000 0.000000 0.000000
1802.351440 0.000000 1941.347656 0.000000 0.822174 0.000000 -0.569236 0.000000 0.000000 0.000000
1801.604492 0.000000 1947.923096 0.000000 0.819688 0.000000 -0.572810 0.000000 0.000000 0.000000
1859.505249 0.000000 1963.894897 0.000000 0.406333 0.000000 -0.913725 0.000000 0.000000 0.000000
1855.586426 0.000000 2030.387695 0.000000 0.778580 0.000000 -0.627545 0.000000 0.000000 0.000000
1817.505737 0.000000 2030.724854 0.000000 0.773977 0.000000 -0.633214 0.000000 0.000000 0.000000
1853.507935 0.000000 2026.729858 0.000000 0.736467 0.000000 -0.676474 0.000000 0.000000 0.000000
1844.463989 0.000000 1992.034912 0.000000 0.478821 0.000000 -0.877913 0.000000 0.000000 0.000000
1857.319092 0.000000 2015.841553 0.000000 0.708031 0.000000 -0.706181 0.000000 0.000000 0.000000
1860.763550 0.000000 2013.145386 0.000000 0.876291 0.000000 -0.481782 0.000000 0.000000 0.000000
1856.163086 0.000000 2011.699707 0.000000 0.719629 0.000000 -0.694358 0.000000 0.000000 0.000000
1867.941895 0.000000 2018.757202 0.000000 0.885179 0.000000 -0.465250 0.000000 0.000000 0.000000
1871.831299 0.000000 1981.125000 0.000000 0.371862 0.000000 -0.928288 0.000000 0.000000 0.000000
1856.894775 0.000000 2007.253296 0.000000 0.815723 0.000000 -0.578443 0.000000 0.000000 0.000000
1868.526733 0.000000 1999.998901 0.000000 0.729523 0.000000 -0.683956 1.000000 1.000000 1.000000
1863.213501 0.000000 2015.153198 0.000000 0.413545 0.000000 -0.910484 0.000000 0.000000 0.000000
1872.186279 0.000000 1996.104370 0.000000 0.736748 0.000000 -0.676168 1.000000 1.000000 1.000000
1974.816772 0.000000 1921.719482 0.000000 0.519865 0.000000 -0.854249 0.000000 0.000000 0.000000
1965.943604 0.000000 1922.823730 0.000000 0.432395 0.000000 -0.901684 0.000000 0.000000 0.000000
1975.531372 0.000000 1931.072388 0.000000 0.513472 0.000000 -0.858107 0.000000 0.000000 0.000000
1924.948608 0.000000 1920.583862 0.000000 0.631841 0.000000 -0.775098 1.000000 1.000000 1.000000
2022.535767 0.000000 1949.976807 0.000000 0.919097 0.000000 -0.394031 0.000000 0.000000 0.000000
1548.978516 0.000000 2090.657959 0.000000 0.906463 0.000000 -0.422285 0.000000 0.000000 0.000000
1556.569458 0.000000 2095.308350 0.000000 0.443837 0.000000 -0.896108 0.000000 0.000000 0.000000
1547.929565 0.000000 2101.927734 0.000000 0.917265 0.000000 -0.398278 0.000000 0.000000 0.000000
1623.890747 0.000000 2108.979492 0.000000 0.709037 0.000000 -0.705171 0.000000 0.000000 0.000000
1627.131470 0.000000 2106.042969 0.000000 0.903042 0.000000 -0.429553 0.000000 0.000000 0.000000
1623.836548 0.000000 2140.534668 0.000000 0.912305 0.000000 -0.409512 0.000000 0.000000 0.000000
1612.457520 0.000000 2141.697754 0.000000 0.958343 0.000000 -0.285620 0.000000 0.000000 0.000000
1641.676880 0.000000 2107.988770 0.000000 0.485325 0.000000 -0.874334 0.000000 0.000000 0.000000
1628.947998 0.000000 2119.993652 0.000000 0.882512 0.000000 -0.470290 0.000000 0.000000 0.000000
1692.793701 0.000000 2036.279297 0.000000 0.835179 0.000000 -0.549977 0.000000 0.000000 0.000000
1671.671631 0.000000 2058.293945 0.000000 0.626542 0.000000 -0.779388 0.000000 0.000000 0.000000
1673.063721 0.000000 2063.899414 0.000000 0.871214 0.000000 -0.490904 0.000000 0.000000 0.000000
1683.007568 0.000000 2051.515869 0.000000 0.366709 0.000000 -0.930336 0.000000 0.000000 0.000000
1674.351440 0.000000 2054.316406 0.000000 0.784064 0.000000 -0.620680 0.000000 0.000000 0.000000
1677.506958 0.000000 2069.251953 0.000000 0.725980 0.000000 -0.687716 0.000000 0.000000 0.000000
1670.724243 0.000000 2066.945068 0.000000 0.951281 0.000000 -0.308327 0.000000 0.000000 0.000000
1667.510986 0.000000 2080.365479 0.000000 0.783194 0.000000 -0.621777 0.000000 0.000000 0.000000
1673.604492 0.000000 2060.891846 0.000000 0.892245 0.000000 -0.451551 0.000000 0.000000 0.000000
1694.608765 0.000000 2038.977173 0.000000 0.945987 0.000000 -0.324204 0.000000 0.000000 0.000000
1664.042358 0.000000 2089.929199 0.000000 0.446746 0.000000 -0.894661 1.000000 1.000000 1.000000
1558.477783 0.000000 2181.299561 0.000000 0.519015 0.000000 -0.854765 0.000000 0.000000 0.000000
1550.875732 0.000000 2191.168213 0.000000 0.525635 0.000000 -0.850710 0.000000 0.000000 0.000000
1595.211304 0.000000 2176.024414 0.000000 0.814907 0.000000 -0.579591 0.000000 0.000000 0.000000
1592.315552 0.000000 2183.415283 0.000000 0.710271 0.000000 -0.703928 0.000000 0.000000 0.000000
1565.392090 0.000000 2191.079590 0.000000 0.843983 0.000000 -0.536370 1.000000 1.000000 1.000000
1553.722656 0.000000 2198.583496 0.000000 0.850411 0.000000 -0.526118 0.000000 0.000000 0.000000
1604.948608 0.000000 2146.521240 0.000000 0.505347 0.000000 -0.862916 1.000000 1.000000 1.000000
1537.451416 0.000000 2215.066162 0.000000 0.951580 0.000000 -0.307402 0.000000 0.000000 0.000000
1574.231201 0.000000 2241.419678 0.000000 0.471715 0.000000 -0.881751 0.000000 0.000000 0.000000
1559.890747 0.000000 2221.948242 0.000000 0.935646 0.000000 -0.352941 0.000000 0.000000 0.000000
1555.007568 0.000000 2220.968994 0.000000 0.828593 0.000000 -0.559852 0.000000 0.000000 0.000000
1571.991211 0.000000 2218.617188 0.000000 0.564955 0.000000 -0.825122 0.000000 0.000000 0.000000
1570.015015 0.000000 2223.386230 0.000000 0.824836 0.000000 -0.565371 0.000000 0.000000 0.000000
1598.270142 0.000000 2207.322021 0.000000 0.952049 0.000000 -0.305945 0.000000 0.000000 0.000000
1539.837158 0.000000 2226.452637 0.000000 0.782906 0.000000 -0.622140 0.000000 0.000000 0.000000
1551.831299 0.000000 2207.062500 0.000000 0.944613 0.000000 -0.328187 0.000000 0.000000 0.000000
1594.385132 0.000000 2205.482666 0.000000 0.941309 0.000000 -0.337547 0.000000 0.000000 0.000000
1545.604492 0.000000 2230.344971 0.000000 0.592682 0.000000 -0.805437 1.000000 1.000000 1.000000
1602.396606 0.000000 2204.752686 0.000000 0.960666 0.000000 -0.277707 0.000000 0.000000 0.000000
1776.205444 0.000000 2202.864990 0.000000 0.888168 0.000000 -0.459519 0.000000 0.000000 0.000000
1709.516602 0.000000 2217.624023 0.000000 0.899357 0.000000 -0.437216 0.000000 0.000000 0.000000
1713.272949 0.000000 2236.515625 0.000000 0.916036 0.000000 -0.401097 0.000000 0.000000 0.000000
1702.893555 0.000000 2222.337891 0.000000 0.891109 0.000000 -0.453790 0.000000 0.000000 0.000000
1682.579102 0.000000 2258.079590 0.000000 0.680129 0.000000 -0.733093 0.000000 0.000000 0.000000
1778.318481 0.000000 2203.096436 0.000000 0.779337 0.000000 -0.626605 0.000000 0.000000 0.000000
1850.807129 0.000000 2040.092041 0.000000 0.810104 0.000000 -0.586285 0.000000 0.000000 0.000000
1841.272949 0.000000 2067.062500 0.000000 0.507493 0.000000 -0.861656 0.000000 0.000000 0.000000
1846.816772 0.000000 2034.688232 0.000000 0.760179 0.000000 -0.649713 0.000000 0.000000 0.000000
1847.531372 0.000000 2044.041138 0.000000 0.483483 0.000000 -0.875354 0.000000 0.000000 0.000000
1826.901001 0.000000 2089.986572 0.000000 0.864017 0.000000 -0.503462 0.000000 0.000000 0.000000
1843.213989 0.000000 2136.179199 0.000000 0.501806 0.000000 -0.864980 0.000000 0.000000 0.000000
1822.530151 0.000000 2169.866211 0.000000 0.629056 0.000000 -0.777360 0.000000 0.000000 0.000000
1836.063110 0.000000 2155.395264 0.000000 0.951530 0.000000 -0.307555 0.000000 0.000000 0.000000
1850.631714 0.000000 2181.542725 0.000000 0.590469 0.000000 -0.807061 0.000000 0.000000 0.000000
1914.544556 0.000000 2186.829346 0.000000 0.629695 0.000000 -0.776843 0.000000 0.000000 0.000000
1874.230469 0.000000 2184.441895 0.000000 0.926381 0.000000 -0.376588 0.000000 0.000000 0.000000
1856.894775 0.000000 2176.706299 0.000000 0.439438 0.000000 -0.898273 0.000000 0.000000 0.000000
1868.457520 0.000000 2198.182129 0.000000 0.944895 0.000000 -0.327372 0.000000 0.000000 0.000000
1889.099731 0.000000 2180.355957 0.000000 0.836672 0.000000 -0.547704 0.000000 0.000000 0.000000
1868.526733 0.000000 2169.452148 0.000000 0.796644 0.000000 -0.604449 0.000000 0.000000 0.000000
1862.056885 0.000000 2191.343994 0.000000 0.678056 0.000000 -0.735010 1.000000 1.000000 1.000000
1856.936157 0.000000 2169.015869 0.000000 0.393082 0.000000 -0.919503 0.000000 0.000000 0.000000
1868.112305 0.000000 2161.312988 0.000000 0.691017 0.000000 -0.722839 0.000000 0.000000 0.000000
1799.914795 0.000000 2204.727539 0.000000 0.541279 0.000000 -0.840843 0.000000 0.000000 0.000000
1805.506958 0.000000 2238.705078 0.000000 0.777449 0.000000 -0.628946 0.000000 0.000000 0.000000
1803.406128 0.000000 2235.961426 0.000000 0.953905 0.000000 -0.300110 0.000000 0.000000 0.000000
1850.462280 0.000000 2219.960693 0.000000 0.914158 0.000000 -0.405357 0.000000 0.000000 0.000000
1868.112305 0.000000 2217.797363 0.000000 0.721821 0.000000 -0.692080 1.000000 1.000000 1.000000
1885.958862 0.000000 2213.091064 0.000000 0.955676 0.000000 -0.294421 0.000000 0.000000 0.000000
1530.544556 0.000000 2299.798096 0.000000 0.852626 0.000000 -0.522522 0.000000 0.000000 0.000000
1493.705078 0.000000 2286.242676 0.000000 0.453663 0.000000 -0.891173 0.000000 0.000000 0.000000
1502.530151 0.000000 2282.834961 0.000000 0.488494 0.000000 -0.872567 0.000000 0.000000 0.000000
1510.686279 0.000000 2259.680664 0.000000 0.530383 0.000000 -0.847758 0.000000 0.000000 0.000000
1507.104126 0.000000 2267.916992 0.000000 0.414122 0.000000 -0.910221 0.000000 0.000000 0.000000
1492.094971 0.000000 2274.775879 0.000000 0.918518 0.000000 -0.395380 0.000000 0.000000 0.000000
1488.939697 0.000000 2275.303711 0.000000 0.467274 0.000000 -0.884112 0.000000 0.000000 0.000000
1550.007324 0.000000 2290.265137 0.000000 0.374563 0.000000 -0.927202 0.000000 0.000000 0.000000
1562.074097 0.000000 2289.891357 0.000000 0.592416 0.000000 -0.805632 0.000000 0.000000 0.000000
1659.211304 0.000000 2288.993164 0.000000 0.683659 0.000000 -0.729802 0.000000 0.000000 0.000000
1679.273071 0.000000 2281.293457 0.000000 0.587505 0.000000 -0.809220 0.000000 0.000000 0.000000
1682.283569 0.000000 2260.507812 0.000000 0.822933 0.000000 -0.568138 0.000000 0.000000 0.000000
1692.431641 0.000000 2266.882812 0.000000 0.368558 0.000000 -0.929605 0.000000 0.000000 0.000000
2106.544434 0.000000 1847.923096 0.000000 0.952791 0.000000 -0.303628 0.000000 0.000000 0.000000
2079.453613 0.000000 1824.230103 0.000000 0.836735 0.000000 -0.547609 0.000000 0.000000 0.000000
2071.890625 0.000000 1826.557739 0.000000 0.656221 0.000000 -0.754569 0.000000 0.000000 0.000000
2098.585205 0.000000 1835.394287 0.000000 0.847955 0.000000 -0.530069 0.000000 0.000000 0.000000
2067.007568 0.000000 1825.578369 0.000000 0.935678 0.000000 -0.352855 0.000000 0.000000 0.000000
2075.932861 0.000000 1827.769653 0.000000 0.536069 0.000000 -0.844174 0.000000 0.000000 0.000000
2101.861084 0.000000 1855.566406 0.000000 0.378454 0.000000 -0.925620 0.000000 0.000000 0.000000
2106.462158 0.000000 1824.570068 0.000000 0.663582 0.000000 -0.748103 0.000000 0.000000 0.000000
2113.451416 0.000000 1819.675659 0.000000 0.825709 0.000000 -0.564096 0.000000 0.000000 0.000000
2121.400879 0.000000 1823.619141 0.000000 0.879043 0.000000 -0.476743 0.000000 0.000000 0.000000
2135.491943 0.000000 1808.131470 0.000000 0.682761 0.000000 -0.730642 0.000000 0.000000 0.000000
2133.208252 0.000000 1847.379272 0.000000 0.386734 0.000000 -0.922191 0.000000 0.000000 0.000000
2142.060547 0.000000 1855.654907 0.000000 0.930985 0.000000 -0.365057 0.000000 0.000000 0.000000
2116.763672 0.000000 1843.692261 0.000000 0.858718 0.000000 -0.512448 0.000000 0.000000 0.000000
2143.334473 0.000000 1848.485474 0.000000 0.930285 0.000000 -0.366839 0.000000 0.000000 0.000000
2145.947754 0.000000 1856.973511 0.000000 0.946387 0.000000 -0.323036 0.000000 0.000000 0.000000
2112.156738 0.000000 1862.400146 0.000000 0.802837 0.000000 -0.596198 0.000000 0.000000 0.000000
2123.941895 0.000000 1849.304077 0.000000 0.443400 0.000000 -0.896324 0.000000 0.000000 0.000000
2146.735840 0.000000 1847.153076 0.000000 0.898022 0.000000 -0.439950 0.000000 0.000000 0.000000
2156.376709 0.000000 1853.767700 0.000000 0.363751 0.000000 -0.931496 0.000000 0.000000 0.000000
2141.392090 0.000000 1852.173462 0.000000 0.846235 0.000000 -0.532811 0.000000 0.000000 0.000000
2158.042969 0.000000 1813.354614 0.000000 0.808389 0.000000 -0.588648 0.000000 0.000000 0.000000
2123.406250 0.000000 1840.570801 0.000000 0.637552 0.000000 -0.770408 1.000000 1.000000 1.000000
2157.386719 0.000000 1862.207031 0.000000 0.741485 0.000000 -0.670969 0.000000 0.000000 0.000000
2116.948486 0.000000 1807.615112 0.000000 0.891076 0.000000 -0.453854 1.000000 1.000000 1.000000
2115.510986 0.000000 1854.427979 0.000000 0.468023 0.000000 -0.883716 0.000000 0.000000 0.000000
2167.819336 0.000000 1826.330933 0.000000 0.814601 0.000000 -0.580021 0.000000 0.000000 0.000000
2170.504395 0.000000 1831.258911 0.000000 0.837774 0.000000 -0.546017 1.000000 1.000000 1.000000
2124.083740 0.000000 1853.013916 0.000000 0.589996 0.000000 -0.807406 0.000000 0.000000 0.000000
2076.793701 0.000000 1866.826172 0.000000 0.953740 0.000000 -0.300633 0.000000 0.000000 0.000000
2052.458496 0.000000 1918.450317 0.000000 0.676974 0.000000 -0.736007 0.000000 0.000000 0.000000
2106.807129 0.000000 1870.638916 0.000000 0.707513 0.000000 -0.706701 0.000000 0.000000 0.000000
2060.552734 0.000000 1890.178467 0.000000 0.734902 0.000000 -0.678173 0.000000 0.000000 0.000000
2074.709961 0.000000 1901.024292 0.000000 0.678109 0.000000 -0.734961 0.000000 0.000000 0.000000
2067.771729 0.000000 1886.609863 0.000000 0.961620 0.000000 -0.274383 0.000000 0.000000 0.000000
2056.908447 0.000000 1909.884399 0.000000 0.552100 0.000000 -0.833778 0.000000 0.000000 0.000000
2078.953613 0.000000 1920.236938 0.000000 0.792866 0.000000 -0.609396 0.000000 0.000000 0.000000
2057.866211 0.000000 1903.056763 0.000000 0.911732 0.000000 -0.410785 0.000000 0.000000 0.000000
2066.230469 0.000000 1902.019897 0.000000 0.672842 0.000000 -0.739786 0.000000 0.000000 0.000000
2065.722656 0.000000 1916.161743 0.000000 0.653351 0.000000 -0.757055 0.000000 0.000000 0.000000
2076.947998 0.000000 1894.056152 0.000000 0.851005 0.000000 -0.525157 0.000000 0.000000 0.000000
2064.186279 0.000000 1883.135620 0.000000 0.473564 0.000000 -0.880759 0.000000 0.000000 0.000000
2157.516602 0.000000 1878.717651 0.000000 0.853171 0.000000 -0.521631 0.000000 0.000000 0.000000
2132.569336 0.000000 1869.370850 0.000000 0.844741 0.000000 -0.535175 0.000000 0.000000 0.000000
2173.512207 0.000000 1864.010498 0.000000 0.878324 0.000000 -0.478066 0.000000 0.000000 0.000000
2123.786377 0.000000 1869.037354 0.000000 0.956074 0.000000 -0.293124 0.000000 0.000000 0.000000
2164.014648 0.000000 1872.827637 0.000000 0.630593 0.000000 -0.776114 0.000000 0.000000 0.000000
2160.746582 0.000000 1867.222046 0.000000 0.434383 0.000000 -0.900728 1.000000 1.000000 1.000000
2112.042236 0.000000 1863.991699 0.000000 0.675261 0.000000 -0.737579 0.000000 0.000000 0.000000
2176.894775 0.000000 1837.800171 0.000000 0.445962 0.000000 -0.895052 0.000000 0.000000 0.000000
2069.208252 0.000000 1960.348022 0.000000 0.920278 0.000000 -0.391266 0.000000 0.000000 0.000000
2056.667480 0.000000 1925.247925 0.000000 0.376258 0.000000 -0.926515 0.000000 0.000000 0.000000
2060.526855 0.000000 1943.514526 0.000000 0.936538 0.000000 -0.350567 1.000000 1.000000 1.000000
2060.112305 0.000000 1935.375488 0.000000 0.518985 0.000000 -0.854783 0.000000 0.000000 0.000000
2051.820801 0.000000 1934.274170 0.000000 0.847962 0.000000 -0.530058 1.000000 1.000000 1.000000
2061.099609 0.000000 1940.245361 0.000000 0.629613 0.000000 -0.776909 1.000000 1.000000 1.000000
2078.608887 0.000000 1926.008423 0.000000 0.915586 0.000000 -0.402123 1.000000 1.000000 1.000000
2064.939697 0.000000 1936.397461 0.000000 0.392100 0.000000 -0.919923 0.000000 0.000000 0.000000
2049.451416 0.000000 1929.861206 0.000000 0.861017 0.000000 -0.508575 1.000000 1.000000 1.000000
2090.835938 0.000000 1982.959351 0.000000 0.679752 0.000000 -0.733442 1.000000 1.000000 1.000000
2106.462158 0.000000 1994.023193 0.000000 0.923324 0.000000 -0.384022 1.000000 1.000000 1.000000
2092.194824 0.000000 1989.030518 0.000000 0.884827 0.000000 -0.465920 1.000000 1.000000 1.000000
2101.519043 0.000000 2003.578491 0.000000 0.364079 0.000000 -0.931368 0.000000 0.000000 0.000000
2249.640869 0.000000 2030.140991 0.000000 0.626483 0.000000 -0.779435 0.000000 0.000000 0.000000
2288.647949 0.000000 2017.428833 0.000000 0.522323 0.000000 -0.852747 0.000000 0.000000 0.000000
2252.457520 0.000000 2028.729004 0.000000 0.779434 0.000000 -0.626485 0.000000 0.000000 0.000000
2257.722656 0.000000 2029.130493 0.000000 0.806572 0.000000 -0.591135 0.000000 0.000000 0.000000
2362.807129 0.000000 1983.607666 0.000000 0.854575 0.000000 -0.519327 0.000000 0.000000 0.000000
2335.758545 0.000000 2007.112793 0.000000 0.587139 0.000000 -0.809486 0.000000 0.000000 0.000000
2316.552734 0.000000 2003.147217 0.000000 0.910069 0.000000 -0.414457 0.000000 0.000000 0.000000
2359.531250 0.000000 1987.556763 0.000000 0.471286 0.000000 -0.881980 0.000000 0.000000 0.000000
2315.941895 0.000000 2018.757202 0.000000 0.961212 0.000000 -0.275809 0.000000 0.000000 0.000000
2308.957520 0.000000 2016.800171 0.000000 0.956935 0.000000 -0.290302 0.000000 0.000000 0.000000
2344.974609 0.000000 1988.474731 0.000000 0.960157 0.000000 -0.279461 0.000000 0.000000 0.000000
2326.628418 0.000000 2006.980347 0.000000 0.835308 0.000000 -0.549783 1.000000 1.000000 1.000000
2310.724365 0.000000 2010.460571 0.000000 0.493780 0.000000 -0.869587 0.000000 0.000000 0.000000
2345.677002 0.000000 1995.020142 0.000000 0.509288 0.000000 -0.860596 0.000000 0.000000 0.000000
2355.016113 0.000000 1997.804199 0.000000 0.421573 0.000000 -0.906795 0.000000 0.000000 0.000000
2340.759766 0.000000 1998.329346 0.000000 0.411849 0.000000 -0.911252 0.000000 0.000000 0.000000
2320.244385 0.000000 2006.151001 0.000000 0.921100 0.000000 -0.389326 0.000000 0.000000 0.000000
2348.352051 0.000000 1994.214233 0.000000 0.428326 0.000000 -0.903624 1.000000 1.000000 1.000000
2441.400879 0.000000 1936.587891 0.000000 0.849768 0.000000 -0.527157 0.000000 0.000000 0.000000
2449.256836 0.000000 1955.183594 0.000000 0.805418 0.000000 -0.592707 0.000000 0.000000 0.000000
2450.817383 0.000000 1950.912598 0.000000 0.841582 0.000000 -0.540129 0.000000 0.000000 0.000000
2493.524170 0.000000 1937.538452 0.000000 0.762254 0.000000 -0.647278 0.000000 0.000000 0.000000
2445.507080 0.000000 1956.283203 0.000000 0.463672 0.000000 -0.886007 0.000000 0.000000 0.000000
2461.423096 0.000000 1959.020630 0.000000 0.907822 0.000000 -0.419356 0.000000 0.000000 0.000000
2493.032959 0.000000 1942.656860 0.000000 0.767555 0.000000 -0.640983 0.000000 0.000000 0.000000
2238.624512 0.000000 2042.257690 0.000000 0.475622 0.000000 -0.879650 0.000000 0.000000 0.000000
2240.098633 0.000000 2040.386475 0.000000 0.627886 0.000000 -0.778305 0.000000 0.000000 0.000000
2258.283447 0.000000 2034.570190 0.000000 0.955310 0.000000 -0.295604 0.000000 0.000000 0.000000
2278.686279 0.000000 2033.743286 0.000000 0.700190 0.000000 -0.713957 0.000000 0.000000 0.000000
2265.661133 0.000000 2036.503662 0.000000 0.958071 0.000000 -0.286533 0.000000 0.000000 0.000000
2276.575195 0.000000 2035.826538 0.000000 0.380826 0.000000 -0.924647 0.000000 0.000000 0.000000
"}
object={
	name="latin_dynamic_farmland_objects_generator_1_3"
	clamp_to_water_level=no
	render_under_water=no
	generated_content=yes
	layer="farms_dynamic"
	pdxmesh="windmill_01_mesh"
	count=731
	transform="2516.968506 0.000000 165.093842 0.000000 0.012292 0.000000 -0.999924 0.000000 0.000000 0.000000
2544.541992 0.000000 135.554016 0.000000 0.313684 0.000000 -0.949527 0.000000 0.000000 0.000000
2513.256836 0.000000 147.683624 0.000000 0.079211 0.000000 -0.996858 0.000000 0.000000 0.000000
2515.991699 0.000000 146.196228 0.000000 0.194859 0.000000 -0.980831 0.000000 0.000000 0.000000
2480.024170 0.000000 221.988159 0.000000 0.217271 0.000000 -0.976111 0.000000 0.000000 0.000000
2514.283447 0.000000 170.585831 0.000000 0.175736 0.000000 -0.984437 0.000000 0.000000 0.000000
2521.237549 0.000000 175.612015 0.000000 0.096603 0.000000 -0.995323 0.000000 0.000000 0.000000
2517.668701 0.000000 179.242020 0.000000 0.100851 0.000000 -0.994902 0.000000 0.000000 0.000000
2462.236816 0.000000 278.467377 0.000000 0.232571 0.000000 -0.972579 0.000000 0.000000 0.000000
2462.953613 0.000000 282.190033 0.000000 0.341352 0.000000 -0.939935 1.000000 1.000000 1.000000
2473.563477 0.000000 308.912872 0.000000 0.063606 0.000000 -0.997975 0.000000 0.000000 0.000000
2466.900879 0.000000 338.970978 0.000000 0.276352 0.000000 -0.961057 0.000000 0.000000 0.000000
2559.487305 0.000000 369.133972 0.000000 0.281664 0.000000 -0.959513 0.000000 0.000000 0.000000
2435.505127 0.000000 438.816772 0.000000 0.040388 0.000000 -0.999184 0.000000 0.000000 0.000000
2566.330566 0.000000 125.065567 0.000000 0.192752 0.000000 -0.981248 0.000000 0.000000 0.000000
2582.937256 0.000000 127.396103 0.000000 0.052956 0.000000 -0.998597 0.000000 0.000000 0.000000
2569.400879 0.000000 411.509766 0.000000 0.093347 0.000000 -0.995634 0.000000 0.000000 0.000000
2429.292725 0.000000 520.918335 0.000000 0.156959 0.000000 -0.987605 0.000000 0.000000 0.000000
2429.248291 0.000000 554.361450 0.000000 0.148470 0.000000 -0.988917 0.000000 0.000000 0.000000
2441.400879 0.000000 467.994141 0.000000 0.327379 0.000000 -0.944893 0.000000 0.000000 0.000000
2487.637939 0.000000 524.102844 0.000000 0.199794 0.000000 -0.979838 0.000000 0.000000 0.000000
2432.009766 0.000000 550.551880 0.000000 0.274420 0.000000 -0.961610 0.000000 0.000000 0.000000
2432.936035 0.000000 530.968933 0.000000 0.198815 0.000000 -0.980037 0.000000 0.000000 0.000000
2443.786377 0.000000 569.896667 0.000000 0.151063 0.000000 -0.988524 1.000000 1.000000 1.000000
2440.908447 0.000000 610.743774 0.000000 0.159323 0.000000 -0.987226 0.000000 0.000000 0.000000
2441.604492 0.000000 592.298157 0.000000 0.253388 0.000000 -0.967365 1.000000 1.000000 1.000000
2448.186279 0.000000 583.994995 0.000000 0.328488 0.000000 -0.944508 1.000000 1.000000 1.000000
2508.978516 0.000000 565.579712 0.000000 0.257450 0.000000 -0.966292 0.000000 0.000000 0.000000
2477.516602 0.000000 636.061401 0.000000 0.356584 0.000000 -0.934263 0.000000 0.000000 0.000000
2469.982422 0.000000 728.074280 0.000000 0.192880 0.000000 -0.981222 0.000000 0.000000 0.000000
2470.535645 0.000000 707.320618 0.000000 0.028631 0.000000 -0.999590 0.000000 0.000000 0.000000
2607.537109 0.000000 479.003448 0.000000 0.328740 0.000000 -0.944421 1.000000 1.000000 1.000000
2607.663086 0.000000 518.371277 0.000000 0.161287 0.000000 -0.986907 0.000000 0.000000 0.000000
2671.537109 0.000000 591.972229 0.000000 0.239180 0.000000 -0.970975 0.000000 0.000000 0.000000
2615.819336 0.000000 640.159058 0.000000 0.357736 0.000000 -0.933823 1.000000 1.000000 1.000000
2630.424561 0.000000 641.688293 0.000000 0.149951 0.000000 -0.988693 0.000000 0.000000 0.000000
2744.065674 0.000000 590.206360 0.000000 0.022334 0.000000 -0.999751 0.000000 0.000000 0.000000
2735.917480 0.000000 601.625793 0.000000 0.253944 0.000000 -0.967219 0.000000 0.000000 0.000000
2763.406250 0.000000 597.914551 0.000000 0.014924 0.000000 -0.999889 0.000000 0.000000 0.000000
2743.819336 0.000000 640.159058 0.000000 0.258963 0.000000 -0.965887 0.000000 0.000000 0.000000
2769.256836 0.000000 656.042969 0.000000 0.151110 0.000000 -0.988517 0.000000 0.000000 0.000000
2794.835938 0.000000 627.334412 0.000000 0.184412 0.000000 -0.982849 0.000000 0.000000 0.000000
2657.099609 0.000000 711.762207 0.000000 0.246435 0.000000 -0.969159 0.000000 0.000000 0.000000
2671.537109 0.000000 704.940979 0.000000 0.278380 0.000000 -0.960471 1.000000 1.000000 1.000000
2662.581055 0.000000 712.936951 0.000000 0.039012 0.000000 -0.999239 0.000000 0.000000 0.000000
2631.979980 0.000000 776.432190 0.000000 0.004839 0.000000 -0.999988 0.000000 0.000000 0.000000
2735.722412 0.000000 722.132141 0.000000 0.248439 0.000000 -0.968648 0.000000 0.000000 0.000000
2739.456055 0.000000 728.100769 0.000000 0.027366 0.000000 -0.999626 0.000000 0.000000 0.000000
2790.469482 0.000000 704.406555 0.000000 0.008261 0.000000 -0.999966 0.000000 0.000000 0.000000
2726.231201 0.000000 772.825928 0.000000 0.111986 0.000000 -0.993710 0.000000 0.000000 0.000000
2746.462158 0.000000 751.366943 0.000000 0.210996 0.000000 -0.977487 1.000000 1.000000 1.000000
2773.705078 0.000000 761.164551 0.000000 0.149926 0.000000 -0.988697 0.000000 0.000000 0.000000
2779.932861 0.000000 754.566528 0.000000 0.322625 0.000000 -0.946527 0.000000 0.000000 0.000000
2811.100830 0.000000 744.389587 0.000000 0.253139 0.000000 -0.967430 0.000000 0.000000 0.000000
2754.356934 0.000000 739.195068 0.000000 0.064121 0.000000 -0.997942 0.000000 0.000000 0.000000
2761.084717 0.000000 745.114746 0.000000 0.261414 0.000000 -0.965227 1.000000 1.000000 1.000000
2781.958740 0.000000 744.497192 0.000000 0.075790 0.000000 -0.997124 0.000000 0.000000 0.000000
2649.680908 0.000000 824.558716 0.000000 0.326365 0.000000 -0.945244 0.000000 0.000000 0.000000
2631.437256 0.000000 845.824890 0.000000 0.158431 0.000000 -0.987370 0.000000 0.000000 0.000000
2654.952637 0.000000 810.293579 0.000000 0.191254 0.000000 -0.981541 0.000000 0.000000 0.000000
2609.272949 0.000000 880.890564 0.000000 0.343329 0.000000 -0.939215 0.000000 0.000000 0.000000
2668.083252 0.000000 867.326599 0.000000 0.229987 0.000000 -0.973194 0.000000 0.000000 0.000000
2628.948486 0.000000 847.380676 0.000000 0.235578 0.000000 -0.971855 1.000000 1.000000 1.000000
2778.122314 0.000000 801.589661 0.000000 0.080727 0.000000 -0.996736 0.000000 0.000000 0.000000
2762.072266 0.000000 846.953247 0.000000 0.020304 0.000000 -0.999794 0.000000 0.000000 0.000000
2785.448975 0.000000 814.078064 0.000000 0.002749 0.000000 -0.999996 0.000000 0.000000 0.000000
2721.099609 0.000000 881.215332 0.000000 0.006050 0.000000 -0.999982 0.000000 0.000000 0.000000
2696.667480 0.000000 852.044861 0.000000 0.168870 0.000000 -0.985638 0.000000 0.000000 0.000000
2707.991699 0.000000 880.493103 0.000000 0.146914 0.000000 -0.989149 1.000000 1.000000 1.000000
2726.581055 0.000000 882.390076 0.000000 0.221917 0.000000 -0.975066 0.000000 0.000000 0.000000
2746.504395 0.000000 871.024475 0.000000 0.341253 0.000000 -0.939972 0.000000 0.000000 0.000000
2700.112305 0.000000 862.172363 0.000000 0.184095 0.000000 -0.982909 0.000000 0.000000 0.000000
2705.664795 0.000000 853.921631 0.000000 0.350879 0.000000 -0.936421 1.000000 1.000000 1.000000
2695.437256 0.000000 902.309265 0.000000 0.309905 0.000000 -0.950768 0.000000 0.000000 0.000000
2805.861084 0.000000 895.332092 0.000000 0.273849 0.000000 -0.961773 0.000000 0.000000 0.000000
2764.112305 0.000000 862.172363 0.000000 0.029330 0.000000 -0.999570 0.000000 0.000000 0.000000
2769.664795 0.000000 853.921631 0.000000 0.165949 0.000000 -0.986134 1.000000 1.000000 1.000000
2768.186279 0.000000 866.416870 0.000000 0.274607 0.000000 -0.961556 0.000000 0.000000 0.000000
2830.007324 0.000000 708.702698 0.000000 0.113052 0.000000 -0.993589 0.000000 0.000000 0.000000
2852.276123 0.000000 711.059265 0.000000 0.012990 0.000000 -0.999916 0.000000 0.000000 0.000000
2825.278076 0.000000 727.896057 0.000000 0.100284 0.000000 -0.994959 1.000000 1.000000 1.000000
2830.979980 0.000000 702.652649 0.000000 0.105277 0.000000 -0.994443 1.000000 1.000000 1.000000
2820.458496 0.000000 788.762817 0.000000 0.258850 0.000000 -0.965918 0.000000 0.000000 0.000000
2853.432373 0.000000 745.323914 0.000000 0.026209 0.000000 -0.999656 0.000000 0.000000 0.000000
2846.961914 0.000000 735.258179 0.000000 0.296462 0.000000 -0.955045 0.000000 0.000000 0.000000
2864.647949 0.000000 831.257019 0.000000 0.289292 0.000000 -0.957241 0.000000 0.000000 0.000000
2873.910400 0.000000 838.732300 0.000000 0.316252 0.000000 -0.948675 0.000000 0.000000 0.000000
2883.820801 0.000000 804.586609 0.000000 0.052669 0.000000 -0.998612 1.000000 1.000000 1.000000
2836.968506 0.000000 899.390747 0.000000 0.162724 0.000000 -0.986672 0.000000 0.000000 0.000000
2853.982422 0.000000 897.527405 0.000000 0.074207 0.000000 -0.997243 0.000000 0.000000 0.000000
2833.360840 0.000000 893.425964 0.000000 0.005027 0.000000 -0.999987 0.000000 0.000000 0.000000
2941.508057 0.000000 897.042419 0.000000 0.143258 0.000000 -0.989685 0.000000 0.000000 0.000000
2924.376709 0.000000 893.533325 0.000000 0.034033 0.000000 -0.999421 0.000000 0.000000 0.000000
2980.029297 0.000000 865.818420 0.000000 0.264945 0.000000 -0.964263 0.000000 0.000000 0.000000
2498.396484 0.000000 962.096497 0.000000 0.025339 0.000000 -0.999679 0.000000 0.000000 0.000000
2501.119141 0.000000 976.668579 0.000000 0.213495 0.000000 -0.976944 0.000000 0.000000 0.000000
2502.424561 0.000000 980.594543 0.000000 0.115931 0.000000 -0.993257 0.000000 0.000000 0.000000
2507.941895 0.000000 1002.038391 0.000000 0.332378 0.000000 -0.943146 0.000000 0.000000 0.000000
2504.908447 0.000000 1006.134399 0.000000 0.009015 0.000000 -0.999959 0.000000 0.000000 0.000000
2500.458496 0.000000 1071.184692 0.000000 0.343206 0.000000 -0.939260 0.000000 0.000000 0.000000
2503.979980 0.000000 1058.854004 0.000000 0.142736 0.000000 -0.989761 0.000000 0.000000 0.000000
2498.500488 0.000000 1092.947144 0.000000 0.174455 0.000000 -0.984665 0.000000 0.000000 0.000000
2499.837158 0.000000 1096.765259 0.000000 0.054247 0.000000 -0.998528 0.000000 0.000000 0.000000
2301.658936 0.000000 1334.456421 0.000000 0.289748 0.000000 -0.957103 0.000000 0.000000 0.000000
2390.477783 0.000000 1164.580811 0.000000 0.329897 0.000000 -0.944017 0.000000 0.000000 0.000000
2385.939453 0.000000 1171.483032 0.000000 0.344565 0.000000 -0.938762 0.000000 0.000000 0.000000
2349.386719 0.000000 1240.878906 0.000000 0.041023 0.000000 -0.999158 0.000000 0.000000 0.000000
2376.667480 0.000000 1190.951050 0.000000 0.189903 0.000000 -0.981803 1.000000 1.000000 1.000000
2525.530273 0.000000 1213.464233 0.000000 0.168236 0.000000 -0.985747 0.000000 0.000000 0.000000
2525.392090 0.000000 1230.845337 0.000000 0.061216 0.000000 -0.998125 0.000000 0.000000 0.000000
2358.173828 0.000000 1305.324829 0.000000 0.163121 0.000000 -0.986606 0.000000 0.000000 0.000000
2369.451416 0.000000 1311.316284 0.000000 0.105703 0.000000 -0.994398 0.000000 0.000000 0.000000
2422.816650 0.000000 1300.391357 0.000000 0.192020 0.000000 -0.981391 1.000000 1.000000 1.000000
2419.214111 0.000000 1345.397827 0.000000 0.230145 0.000000 -0.973156 0.000000 0.000000 0.000000
2419.016113 0.000000 1319.991699 0.000000 0.274043 0.000000 -0.961717 1.000000 1.000000 1.000000
2481.272949 0.000000 1276.281128 0.000000 0.240531 0.000000 -0.970641 0.000000 0.000000 0.000000
2493.248291 0.000000 1288.658325 0.000000 0.345077 0.000000 -0.938574 0.000000 0.000000 0.000000
2446.953369 0.000000 1296.627930 0.000000 0.008914 0.000000 -0.999960 0.000000 0.000000 0.000000
2476.083252 0.000000 1262.717285 0.000000 0.221821 0.000000 -0.975087 0.000000 0.000000 0.000000
2472.015625 0.000000 1250.284790 0.000000 0.047124 0.000000 -0.998889 0.000000 0.000000 0.000000
2514.283447 0.000000 1243.788940 0.000000 0.192829 0.000000 -0.981232 0.000000 0.000000 0.000000
2523.932861 0.000000 1262.925903 0.000000 0.228262 0.000000 -0.973600 0.000000 0.000000 0.000000
2528.448975 0.000000 1268.651611 0.000000 0.285131 0.000000 -0.958489 1.000000 1.000000 1.000000
2502.508057 0.000000 1294.747437 0.000000 0.140731 0.000000 -0.990048 0.000000 0.000000 0.000000
2540.194824 0.000000 1254.733643 0.000000 0.243380 0.000000 -0.969931 0.000000 0.000000 0.000000
2512.939697 0.000000 1258.584961 0.000000 0.038209 0.000000 -0.999270 1.000000 1.000000 1.000000
2441.400879 0.000000 1315.259766 0.000000 0.035790 0.000000 -0.999359 0.000000 0.000000 0.000000
2432.156738 0.000000 1354.040771 0.000000 0.168406 0.000000 -0.985718 0.000000 0.000000 0.000000
2473.322754 0.000000 1347.416260 0.000000 0.072000 0.000000 -0.997405 0.000000 0.000000 0.000000
2444.112305 0.000000 1314.047363 0.000000 0.270547 0.000000 -0.962707 0.000000 0.000000 0.000000
2508.112305 0.000000 1314.047363 0.000000 0.303345 0.000000 -0.952881 0.000000 0.000000 0.000000
2510.979980 0.000000 1323.980835 0.000000 0.248652 0.000000 -0.968593 1.000000 1.000000 1.000000
2616.315674 0.000000 940.758972 0.000000 0.291689 0.000000 -0.956513 1.000000 1.000000 1.000000
2632.407471 0.000000 911.562378 0.000000 0.284809 0.000000 -0.958584 0.000000 0.000000 0.000000
2635.929443 0.000000 915.755859 0.000000 0.105521 0.000000 -0.994417 0.000000 0.000000 0.000000
2649.237549 0.000000 909.908875 0.000000 0.057646 0.000000 -0.998337 0.000000 0.000000 0.000000
2682.631836 0.000000 938.886414 0.000000 0.359660 0.000000 -0.933083 1.000000 1.000000 1.000000
2638.875732 0.000000 1004.996399 0.000000 0.322417 0.000000 -0.946598 0.000000 0.000000 0.000000
2746.462158 0.000000 920.820068 0.000000 0.327229 0.000000 -0.944945 0.000000 0.000000 0.000000
2704.939697 0.000000 919.678650 0.000000 0.274307 0.000000 -0.961642 1.000000 1.000000 1.000000
2756.032471 0.000000 935.361572 0.000000 0.005129 0.000000 -0.999987 0.000000 0.000000 0.000000
2790.893555 0.000000 923.197327 0.000000 0.251805 0.000000 -0.967778 0.000000 0.000000 0.000000
2812.832764 0.000000 936.071777 0.000000 0.122281 0.000000 -0.992495 0.000000 0.000000 0.000000
2753.451416 0.000000 913.142456 0.000000 0.220573 0.000000 -0.975371 1.000000 1.000000 1.000000
2722.932617 0.000000 1014.311279 0.000000 0.275903 0.000000 -0.961186 0.000000 0.000000 0.000000
2723.666992 0.000000 996.720581 0.000000 0.230458 0.000000 -0.973082 1.000000 1.000000 1.000000
2700.457520 0.000000 1012.010315 0.000000 0.193679 0.000000 -0.981065 0.000000 0.000000 0.000000
2698.072266 0.000000 1016.406372 0.000000 0.059651 0.000000 -0.998219 1.000000 1.000000 1.000000
2688.042236 0.000000 960.241699 0.000000 0.047041 0.000000 -0.998893 1.000000 1.000000 1.000000
2786.015137 0.000000 980.729919 0.000000 0.006464 0.000000 -0.999979 0.000000 0.000000 0.000000
2783.334473 0.000000 1001.219788 0.000000 0.221194 0.000000 -0.975230 0.000000 0.000000 0.000000
2752.156738 0.000000 1015.134583 0.000000 0.193190 0.000000 -0.981161 0.000000 0.000000 0.000000
2680.065674 0.000000 1042.081299 0.000000 0.105783 0.000000 -0.994389 0.000000 0.000000 0.000000
2638.007324 0.000000 1047.609009 0.000000 0.027982 0.000000 -0.999608 0.000000 0.000000 0.000000
2656.448975 0.000000 1042.714111 0.000000 0.183541 0.000000 -0.983012 0.000000 0.000000 0.000000
2577.256836 0.000000 1107.917969 0.000000 0.140741 0.000000 -0.990046 0.000000 0.000000 0.000000
2607.868652 0.000000 1121.614136 0.000000 0.350037 0.000000 -0.936736 0.000000 0.000000 0.000000
2628.458496 0.000000 1127.669067 0.000000 0.072098 0.000000 -0.997398 0.000000 0.000000 0.000000
2660.045898 0.000000 1078.478027 0.000000 0.060410 0.000000 -0.998174 0.000000 0.000000 0.000000
2664.015625 0.000000 1080.831665 0.000000 0.238087 0.000000 -0.971244 0.000000 0.000000 0.000000
2656.448975 0.000000 1099.198486 0.000000 0.039244 0.000000 -0.999230 0.000000 0.000000 0.000000
2704.186279 0.000000 1035.869995 0.000000 0.003406 0.000000 -0.999994 0.000000 0.000000 0.000000
2732.352051 0.000000 1033.979858 0.000000 0.205236 0.000000 -0.978712 1.000000 1.000000 1.000000
2793.563477 0.000000 1043.209717 0.000000 0.005726 0.000000 -0.999984 0.000000 0.000000 0.000000
2786.015137 0.000000 1037.214233 0.000000 0.029811 0.000000 -0.999556 0.000000 0.000000 0.000000
2811.100830 0.000000 1026.811523 0.000000 0.179316 0.000000 -0.983792 0.000000 0.000000 0.000000
2754.356934 0.000000 1021.616943 0.000000 0.078011 0.000000 -0.996953 1.000000 1.000000 1.000000
2788.029297 0.000000 1035.271484 0.000000 0.020780 0.000000 -0.999784 1.000000 1.000000 1.000000
2700.526855 0.000000 1096.248901 0.000000 0.335355 0.000000 -0.942092 0.000000 0.000000 0.000000
2777.661133 0.000000 1076.269287 0.000000 0.063637 0.000000 -0.997973 0.000000 0.000000 0.000000
2824.407471 0.000000 911.562378 0.000000 0.263847 0.000000 -0.964565 0.000000 0.000000 0.000000
2881.451416 0.000000 915.925659 0.000000 0.287157 0.000000 -0.957883 0.000000 0.000000 0.000000
2896.971924 0.000000 952.927002 0.000000 0.292957 0.000000 -0.956126 0.000000 0.000000 0.000000
2864.024170 0.000000 1012.769409 0.000000 0.093072 0.000000 -0.995659 0.000000 0.000000 0.000000
2841.680908 0.000000 994.011841 0.000000 0.111644 0.000000 -0.993748 1.000000 1.000000 1.000000
2916.276123 0.000000 993.481140 0.000000 0.009126 0.000000 -0.999958 0.000000 0.000000 0.000000
2924.083252 0.000000 980.295349 0.000000 0.196639 0.000000 -0.980476 0.000000 0.000000 0.000000
2933.013428 0.000000 994.880737 0.000000 0.172821 0.000000 -0.984953 0.000000 0.000000 0.000000
3002.544434 0.000000 944.173096 0.000000 0.128553 0.000000 -0.991703 0.000000 0.000000 0.000000
2957.507080 0.000000 939.564453 0.000000 0.038478 0.000000 -0.999259 0.000000 0.000000 0.000000
2954.072266 0.000000 959.921997 0.000000 0.186704 0.000000 -0.982416 1.000000 1.000000 1.000000
3000.315674 0.000000 997.243347 0.000000 0.105333 0.000000 -0.994437 0.000000 0.000000 0.000000
2973.530273 0.000000 987.526733 0.000000 0.254614 0.000000 -0.967043 0.000000 0.000000 0.000000
2952.667480 0.000000 965.013611 0.000000 0.296194 0.000000 -0.955128 1.000000 1.000000 1.000000
2857.260742 0.000000 1060.940918 0.000000 0.164379 0.000000 -0.986397 0.000000 0.000000 0.000000
2860.194824 0.000000 1028.796143 0.000000 0.266187 0.000000 -0.963921 1.000000 1.000000 1.000000
2832.244385 0.000000 1045.916626 0.000000 0.047260 0.000000 -0.998883 1.000000 1.000000 1.000000
2830.979980 0.000000 1041.558960 0.000000 0.091563 0.000000 -0.995799 1.000000 1.000000 1.000000
2941.032959 0.000000 1038.906860 0.000000 0.101310 0.000000 -0.994855 0.000000 0.000000 0.000000
2880.936035 0.000000 1039.328247 0.000000 0.253175 0.000000 -0.967420 0.000000 0.000000 0.000000
2928.746582 0.000000 1019.956421 0.000000 0.250036 0.000000 -0.968237 1.000000 1.000000 1.000000
2861.433838 0.000000 1102.932373 0.000000 0.208324 0.000000 -0.978060 0.000000 0.000000 0.000000
2830.220459 0.000000 1090.284058 0.000000 0.160072 0.000000 -0.987105 0.000000 0.000000 0.000000
2894.007324 0.000000 1104.093384 0.000000 0.274134 0.000000 -0.961692 0.000000 0.000000 0.000000
2899.771729 0.000000 1095.828613 0.000000 0.165914 0.000000 -0.986140 0.000000 0.000000 0.000000
2930.798096 0.000000 1109.884277 0.000000 0.259553 0.000000 -0.965729 0.000000 0.000000 0.000000
2883.820801 0.000000 1087.008545 0.000000 0.338308 0.000000 -0.941036 0.000000 0.000000 0.000000
2933.519043 0.000000 1099.828491 0.000000 0.313482 0.000000 -0.949594 0.000000 0.000000 0.000000
3005.512207 0.000000 1016.744934 0.000000 0.264498 0.000000 -0.964386 0.000000 0.000000 0.000000
2953.203857 0.000000 1052.419556 0.000000 0.299498 0.000000 -0.954097 0.000000 0.000000 0.000000
3006.419189 0.000000 1058.866089 0.000000 0.220715 0.000000 -0.975338 0.000000 0.000000 0.000000
3049.204590 0.000000 1053.280151 0.000000 0.055259 0.000000 -0.998472 0.000000 0.000000 0.000000
2950.424561 0.000000 1093.563232 0.000000 0.228452 0.000000 -0.973555 0.000000 0.000000 0.000000
2950.508057 0.000000 1125.294312 0.000000 0.268320 0.000000 -0.963330 1.000000 1.000000 1.000000
3062.382080 0.000000 1102.530762 0.000000 0.355549 0.000000 -0.934658 0.000000 0.000000 0.000000
3025.664795 0.000000 1079.859131 0.000000 0.136608 0.000000 -0.990625 1.000000 1.000000 1.000000
2618.368164 0.000000 1181.613403 0.000000 0.152560 0.000000 -0.988294 0.000000 0.000000 0.000000
2574.875732 0.000000 1174.449585 0.000000 0.161221 0.000000 -0.986918 0.000000 0.000000 0.000000
2611.214111 0.000000 1175.944702 0.000000 0.104975 0.000000 -0.994475 0.000000 0.000000 0.000000
2652.793701 0.000000 1132.529297 0.000000 0.099899 0.000000 -0.994998 0.000000 0.000000 0.000000
2631.914795 0.000000 1131.524414 0.000000 0.206607 0.000000 -0.978424 0.000000 0.000000 0.000000
2638.220459 0.000000 1146.768433 0.000000 0.341906 0.000000 -0.939734 0.000000 0.000000 0.000000
2630.724365 0.000000 1163.194946 0.000000 0.063584 0.000000 -0.997976 0.000000 0.000000 0.000000
2643.991699 0.000000 1162.915039 0.000000 0.217938 0.000000 -0.975963 0.000000 0.000000 0.000000
2590.060547 0.000000 1234.326782 0.000000 0.264746 0.000000 -0.964318 0.000000 0.000000 0.000000
2566.508057 0.000000 1238.263062 0.000000 0.146622 0.000000 -0.989193 0.000000 0.000000 0.000000
2650.979736 0.000000 1228.004639 0.000000 0.096682 0.000000 -0.995315 0.000000 0.000000 0.000000
2654.530029 0.000000 1209.631958 0.000000 0.116729 0.000000 -0.993164 0.000000 0.000000 0.000000
2638.875732 0.000000 1230.933960 0.000000 0.349060 0.000000 -0.937100 0.000000 0.000000 0.000000
2632.908447 0.000000 1232.071899 0.000000 0.248588 0.000000 -0.968609 0.000000 0.000000 0.000000
2653.392090 0.000000 1230.845337 0.000000 0.300961 0.000000 -0.953637 0.000000 0.000000 0.000000
2649.661133 0.000000 1189.238037 0.000000 0.113451 0.000000 -0.993544 0.000000 0.000000 0.000000
2698.072266 0.000000 1185.859497 0.000000 0.196622 0.000000 -0.980479 0.000000 0.000000 0.000000
2792.763184 0.000000 1144.809692 0.000000 0.088001 0.000000 -0.996120 0.000000 0.000000 0.000000
2794.835938 0.000000 1135.693726 0.000000 0.260800 0.000000 -0.965393 0.000000 0.000000 0.000000
2796.194824 0.000000 1141.764893 0.000000 0.299036 0.000000 -0.954242 0.000000 0.000000 0.000000
2695.671631 0.000000 1211.028442 0.000000 0.216268 0.000000 -0.976334 0.000000 0.000000 0.000000
2746.368164 0.000000 1238.097778 0.000000 0.083506 0.000000 -0.996507 0.000000 0.000000 0.000000
2749.248291 0.000000 1232.173950 0.000000 0.277450 0.000000 -0.960740 0.000000 0.000000 0.000000
2750.419189 0.000000 1228.319214 0.000000 0.138027 0.000000 -0.990429 0.000000 0.000000 0.000000
2813.212891 0.000000 1211.563599 0.000000 0.208464 0.000000 -0.978030 0.000000 0.000000 0.000000
2753.884521 0.000000 1237.224365 0.000000 0.255060 0.000000 -0.966925 0.000000 0.000000 0.000000
2803.214111 0.000000 1232.429077 0.000000 0.270050 0.000000 -0.962846 1.000000 1.000000 1.000000
2564.458496 0.000000 1297.122192 0.000000 0.318149 0.000000 -0.948041 0.000000 0.000000 0.000000
2568.407471 0.000000 1250.468628 0.000000 0.271994 0.000000 -0.962299 0.000000 0.000000 0.000000
2583.890625 0.000000 1261.713989 0.000000 0.122276 0.000000 -0.992496 0.000000 0.000000 0.000000
2621.032959 0.000000 1264.844360 0.000000 0.045804 0.000000 -0.998950 1.000000 1.000000 1.000000
2590.961914 0.000000 1243.617554 0.000000 0.258341 0.000000 -0.966054 0.000000 0.000000 0.000000
2682.511719 0.000000 1263.166260 0.000000 0.244574 0.000000 -0.969631 0.000000 0.000000 0.000000
2674.318359 0.000000 1242.862183 0.000000 0.311835 0.000000 -0.950136 0.000000 0.000000 0.000000
2683.211426 0.000000 1272.274414 0.000000 0.132191 0.000000 -0.991224 0.000000 0.000000 0.000000
2630.508057 0.000000 1294.747437 0.000000 0.195947 0.000000 -0.980615 0.000000 0.000000 0.000000
2638.604980 0.000000 1290.233276 0.000000 0.037384 0.000000 -0.999301 1.000000 1.000000 1.000000
2640.186279 0.000000 1261.807495 0.000000 0.139495 0.000000 -0.990223 1.000000 1.000000 1.000000
2575.130859 0.000000 1338.512451 0.000000 0.122847 0.000000 -0.992426 0.000000 0.000000 0.000000
2623.487305 0.000000 1329.368286 0.000000 0.137961 0.000000 -0.990438 0.000000 0.000000 0.000000
2577.256836 0.000000 1333.855469 0.000000 0.318718 0.000000 -0.947850 0.000000 0.000000 0.000000
2569.063721 0.000000 1329.602661 0.000000 0.149490 0.000000 -0.988763 0.000000 0.000000 0.000000
2587.131592 0.000000 1315.261841 0.000000 0.347439 0.000000 -0.937703 0.000000 0.000000 0.000000
2572.526855 0.000000 1322.186401 0.000000 0.208787 0.000000 -0.977961 0.000000 0.000000 0.000000
2590.961914 0.000000 1300.101929 0.000000 0.194589 0.000000 -0.980885 0.000000 0.000000 0.000000
2584.795410 0.000000 1327.052856 0.000000 0.305937 0.000000 -0.952052 1.000000 1.000000 1.000000
2576.939697 0.000000 1315.069336 0.000000 0.171687 0.000000 -0.985151 1.000000 1.000000 1.000000
2631.914795 0.000000 1300.977539 0.000000 0.191383 0.000000 -0.981516 0.000000 0.000000 0.000000
2651.131592 0.000000 1315.261841 0.000000 0.171485 0.000000 -0.985187 0.000000 0.000000 0.000000
2668.194824 0.000000 1311.218018 0.000000 0.342389 0.000000 -0.939558 0.000000 0.000000 0.000000
2638.604980 0.000000 1346.717651 0.000000 0.066434 0.000000 -0.997791 0.000000 0.000000 0.000000
2711.890625 0.000000 1261.713989 0.000000 0.252707 0.000000 -0.967543 0.000000 0.000000 0.000000
2721.099609 0.000000 1276.605957 0.000000 0.020243 0.000000 -0.999795 1.000000 1.000000 1.000000
2712.795410 0.000000 1270.568481 0.000000 0.355157 0.000000 -0.934807 1.000000 1.000000 1.000000
2702.979980 0.000000 1267.496460 0.000000 0.159905 0.000000 -0.987132 1.000000 1.000000 1.000000
2792.832275 0.000000 1246.157349 0.000000 0.022030 0.000000 -0.999757 0.000000 0.000000 0.000000
2773.668701 0.000000 1252.445190 0.000000 0.116468 0.000000 -0.993194 0.000000 0.000000 0.000000
2784.426758 0.000000 1255.094116 0.000000 0.194397 0.000000 -0.980923 1.000000 1.000000 1.000000
2788.759766 0.000000 1264.032471 0.000000 0.314129 0.000000 -0.949380 1.000000 1.000000 1.000000
2782.961914 0.000000 1243.617554 0.000000 0.229343 0.000000 -0.973346 0.000000 0.000000 0.000000
2724.029297 0.000000 1317.693359 0.000000 0.313316 0.000000 -0.949649 1.000000 1.000000 1.000000
2793.656006 0.000000 1339.250366 0.000000 0.032400 0.000000 -0.999475 0.000000 0.000000 0.000000
2856.832275 0.000000 1133.188599 0.000000 0.154921 0.000000 -0.987927 0.000000 0.000000 0.000000
2817.884521 0.000000 1180.739990 0.000000 0.347085 0.000000 -0.937834 0.000000 0.000000 0.000000
2849.099609 0.000000 1163.637207 0.000000 0.250967 0.000000 -0.967996 0.000000 0.000000 0.000000
2924.083252 0.000000 1149.748535 0.000000 0.088352 0.000000 -0.996089 0.000000 0.000000 0.000000
2891.929443 0.000000 1141.693359 0.000000 0.000320 0.000000 -1.000000 0.000000 0.000000 0.000000
2927.537109 0.000000 1156.815918 0.000000 0.247676 0.000000 -0.968843 0.000000 0.000000 0.000000
2857.563477 0.000000 1212.662842 0.000000 0.072860 0.000000 -0.997342 0.000000 0.000000 0.000000
2849.099609 0.000000 1220.121582 0.000000 0.275533 0.000000 -0.961292 1.000000 1.000000 1.000000
2825.084717 0.000000 1196.989746 0.000000 0.040247 0.000000 -0.999190 1.000000 1.000000 1.000000
2874.631836 0.000000 1221.308350 0.000000 0.223356 0.000000 -0.974737 0.000000 0.000000 0.000000
2816.042236 0.000000 1186.179199 0.000000 0.217337 0.000000 -0.976097 1.000000 1.000000 1.000000
2889.063721 0.000000 1216.633911 0.000000 0.069301 0.000000 -0.997596 0.000000 0.000000 0.000000
2921.967773 0.000000 1215.989746 0.000000 0.001627 0.000000 -0.999999 0.000000 0.000000 0.000000
2964.094971 0.000000 1145.088379 0.000000 0.009058 0.000000 -0.999959 0.000000 0.000000 0.000000
3024.971924 0.000000 1178.864502 0.000000 0.341765 0.000000 -0.939786 1.000000 1.000000 1.000000
3029.934570 0.000000 1184.499512 0.000000 0.048213 0.000000 -0.998837 1.000000 1.000000 1.000000
2989.433838 0.000000 1215.901123 0.000000 0.158134 0.000000 -0.987418 0.000000 0.000000 0.000000
2991.663086 0.000000 1196.183716 0.000000 0.260738 0.000000 -0.965410 0.000000 0.000000 0.000000
2969.917236 0.000000 1230.938110 0.000000 0.198765 0.000000 -0.980047 1.000000 1.000000 1.000000
3020.457520 0.000000 1237.947754 0.000000 0.223752 0.000000 -0.974646 1.000000 1.000000 1.000000
3038.608887 0.000000 1191.711548 0.000000 0.257765 0.000000 -0.966208 1.000000 1.000000 1.000000
3022.604980 0.000000 1233.748901 0.000000 0.165564 0.000000 -0.986199 0.000000 0.000000 0.000000
2835.991699 0.000000 1275.883789 0.000000 0.008392 0.000000 -0.999965 0.000000 0.000000 0.000000
2903.293701 0.000000 1266.221069 0.000000 0.123841 0.000000 -0.992302 0.000000 0.000000 0.000000
2838.628418 0.000000 1329.167847 0.000000 0.192075 0.000000 -0.981380 1.000000 1.000000 1.000000
2848.448975 0.000000 1325.135986 0.000000 0.128806 0.000000 -0.991670 0.000000 0.000000 0.000000
2867.016113 0.000000 1319.991699 0.000000 0.005425 0.000000 -0.999985 1.000000 1.000000 1.000000
2925.311035 0.000000 1333.490479 0.000000 0.237751 0.000000 -0.971326 1.000000 1.000000 1.000000
2924.412598 0.000000 1341.414307 0.000000 0.227186 0.000000 -0.973851 0.000000 0.000000 0.000000
3006.270020 0.000000 1247.087646 0.000000 0.196840 0.000000 -0.980436 1.000000 1.000000 1.000000
2986.288330 0.000000 1265.804077 0.000000 0.284147 0.000000 -0.958781 0.000000 0.000000 0.000000
2969.283936 0.000000 1264.274048 0.000000 0.143661 0.000000 -0.989627 0.000000 0.000000 0.000000
3066.385010 0.000000 1245.248291 0.000000 0.321298 0.000000 -0.946978 1.000000 1.000000 1.000000
3017.604492 0.000000 1270.110596 0.000000 0.278534 0.000000 -0.960426 0.000000 0.000000 0.000000
3002.544434 0.000000 1339.563721 0.000000 0.106524 0.000000 -0.994310 0.000000 0.000000 0.000000
2963.771729 0.000000 1321.766113 0.000000 0.038814 0.000000 -0.999246 0.000000 0.000000 0.000000
3002.385010 0.000000 1301.732666 0.000000 0.216230 0.000000 -0.976342 0.000000 0.000000 0.000000
2963.991699 0.000000 1332.368164 0.000000 0.006762 0.000000 -0.999977 1.000000 1.000000 1.000000
3062.382080 0.000000 1328.468262 0.000000 0.044020 0.000000 -0.999031 0.000000 0.000000 0.000000
3055.868652 0.000000 1347.551636 0.000000 0.316452 0.000000 -0.948608 0.000000 0.000000 0.000000
3061.861084 0.000000 1347.207031 0.000000 0.159509 0.000000 -0.987196 0.000000 0.000000 0.000000
2255.273193 0.000000 1377.543579 0.000000 0.253933 0.000000 -0.967222 0.000000 0.000000 0.000000
2269.020508 0.000000 1368.455322 0.000000 0.078564 0.000000 -0.996909 0.000000 0.000000 0.000000
2262.937256 0.000000 1426.536743 0.000000 0.007864 0.000000 -0.999969 0.000000 0.000000 0.000000
2276.759766 0.000000 1433.485596 0.000000 0.183051 0.000000 -0.983103 0.000000 0.000000 0.000000
2266.073975 0.000000 1499.110229 0.000000 0.357426 0.000000 -0.933941 0.000000 0.000000 0.000000
2266.364746 0.000000 1494.155029 0.000000 0.355720 0.000000 -0.934593 0.000000 0.000000 0.000000
2269.958740 0.000000 1478.794067 0.000000 0.307829 0.000000 -0.951442 1.000000 1.000000 1.000000
2286.042969 0.000000 1530.932739 0.000000 0.030883 0.000000 -0.999523 0.000000 0.000000 0.000000
2340.045898 0.000000 1360.899902 0.000000 0.210240 0.000000 -0.977650 0.000000 0.000000 0.000000
2327.293701 0.000000 1379.189819 0.000000 0.028012 0.000000 -0.999608 0.000000 0.000000 0.000000
2417.272949 0.000000 1389.249878 0.000000 0.077873 0.000000 -0.996963 0.000000 0.000000 0.000000
2404.276123 0.000000 1388.871704 0.000000 0.180722 0.000000 -0.983534 0.000000 0.000000 0.000000
2372.048096 0.000000 1363.975098 0.000000 0.081103 0.000000 -0.996706 0.000000 0.000000 0.000000
2385.939453 0.000000 1397.420532 0.000000 0.241088 0.000000 -0.970503 0.000000 0.000000 0.000000
2376.667480 0.000000 1360.404175 0.000000 0.225053 0.000000 -0.974347 0.000000 0.000000 0.000000
2337.210205 0.000000 1456.982666 0.000000 0.312386 0.000000 -0.949955 0.000000 0.000000 0.000000
2366.419189 0.000000 1454.256714 0.000000 0.098564 0.000000 -0.995131 1.000000 1.000000 1.000000
2342.346680 0.000000 1466.367065 0.000000 0.095419 0.000000 -0.995437 0.000000 0.000000 0.000000
2362.028564 0.000000 1425.208008 0.000000 0.113887 0.000000 -0.993494 0.000000 0.000000 0.000000
2346.835938 0.000000 1418.115601 0.000000 0.249835 0.000000 -0.968288 0.000000 0.000000 0.000000
2364.832764 0.000000 1444.431152 0.000000 0.272695 0.000000 -0.962101 0.000000 0.000000 0.000000
2357.861084 0.000000 1460.175781 0.000000 0.214829 0.000000 -0.976652 0.000000 0.000000 0.000000
2383.273193 0.000000 1434.027954 0.000000 0.285462 0.000000 -0.958390 0.000000 0.000000 0.000000
2416.024170 0.000000 1464.644409 0.000000 0.237535 0.000000 -0.971379 0.000000 0.000000 0.000000
2386.579102 0.000000 1467.298218 0.000000 0.354296 0.000000 -0.935133 0.000000 0.000000 0.000000
2368.009766 0.000000 1454.301880 0.000000 0.174628 0.000000 -0.984635 1.000000 1.000000 1.000000
2412.194824 0.000000 1424.186768 0.000000 0.258218 0.000000 -0.966087 1.000000 1.000000 1.000000
2419.016113 0.000000 1432.960449 0.000000 0.092290 0.000000 -0.995732 1.000000 1.000000 1.000000
2380.112305 0.000000 1427.016113 0.000000 0.351161 0.000000 -0.936315 1.000000 1.000000 1.000000
2375.437256 0.000000 1467.152954 0.000000 0.180435 0.000000 -0.983587 1.000000 1.000000 1.000000
2371.820801 0.000000 1425.914795 0.000000 0.331643 0.000000 -0.943405 1.000000 1.000000 1.000000
2406.337891 0.000000 1425.845581 0.000000 0.333238 0.000000 -0.942843 1.000000 1.000000 1.000000
2421.519043 0.000000 1438.734741 0.000000 0.190501 0.000000 -0.981687 0.000000 0.000000 0.000000
2477.433838 0.000000 1385.354248 0.000000 0.272526 0.000000 -0.962148 0.000000 0.000000 0.000000
2437.464844 0.000000 1360.406982 0.000000 0.346714 0.000000 -0.937971 0.000000 0.000000 0.000000
2452.094971 0.000000 1371.025879 0.000000 0.048145 0.000000 -0.998840 1.000000 1.000000 1.000000
2468.029297 0.000000 1374.177734 0.000000 0.061773 0.000000 -0.998090 1.000000 1.000000 1.000000
2546.789307 0.000000 1367.712280 0.000000 0.357181 0.000000 -0.934035 0.000000 0.000000 0.000000
2522.709961 0.000000 1392.664917 0.000000 0.117457 0.000000 -0.993078 0.000000 0.000000 0.000000
2523.595215 0.000000 1406.148682 0.000000 0.041520 0.000000 -0.999138 0.000000 0.000000 0.000000
2544.746582 0.000000 1358.862671 0.000000 0.080868 0.000000 -0.996725 0.000000 0.000000 0.000000
2524.380127 0.000000 1410.475342 0.000000 0.051435 0.000000 -0.998676 0.000000 0.000000 0.000000
2443.941895 0.000000 1453.913452 0.000000 0.358229 0.000000 -0.933634 0.000000 0.000000 0.000000
2483.402588 0.000000 1466.076660 0.000000 0.081984 0.000000 -0.996634 0.000000 0.000000 0.000000
2436.948486 0.000000 1412.224487 0.000000 0.325323 0.000000 -0.945603 0.000000 0.000000 0.000000
2490.504395 0.000000 1435.868286 0.000000 0.124231 0.000000 -0.992253 0.000000 0.000000 0.000000
2537.563477 0.000000 1438.600342 0.000000 0.285800 0.000000 -0.958289 0.000000 0.000000 0.000000
2526.608887 0.000000 1417.649048 0.000000 0.319311 0.000000 -0.947650 0.000000 0.000000 0.000000
2349.516602 0.000000 1483.327026 0.000000 0.115999 0.000000 -0.993249 0.000000 0.000000 0.000000
2332.793701 0.000000 1471.435547 0.000000 0.194260 0.000000 -0.980950 0.000000 0.000000 0.000000
2349.943604 0.000000 1470.948730 0.000000 0.130098 0.000000 -0.991501 0.000000 0.000000 0.000000
2336.426758 0.000000 1481.031616 0.000000 0.280407 0.000000 -0.959881 1.000000 1.000000 1.000000
2344.015625 0.000000 1476.222290 0.000000 0.338789 0.000000 -0.940862 1.000000 1.000000 1.000000
2366.270020 0.000000 1473.025146 0.000000 0.102749 0.000000 -0.994707 0.000000 0.000000 0.000000
2346.673340 0.000000 1468.737671 0.000000 0.275172 0.000000 -0.961395 1.000000 1.000000 1.000000
2332.431641 0.000000 1476.101562 0.000000 0.126706 0.000000 -0.991940 0.000000 0.000000 0.000000
2370.396484 0.000000 1470.455933 0.000000 0.095148 0.000000 -0.995463 0.000000 0.000000 0.000000
2409.385498 0.000000 1501.511841 0.000000 0.286596 0.000000 -0.958052 0.000000 0.000000 0.000000
2369.017578 0.000000 1495.286865 0.000000 0.286467 0.000000 -0.958090 0.000000 0.000000 0.000000
2429.658936 0.000000 1503.909546 0.000000 0.095264 0.000000 -0.995452 0.000000 0.000000 0.000000
2421.993896 0.000000 1489.879883 0.000000 0.000329 0.000000 -1.000000 0.000000 0.000000 0.000000
2406.535645 0.000000 1498.101807 0.000000 0.130304 0.000000 -0.991474 0.000000 0.000000 0.000000
2371.837158 0.000000 1492.155884 0.000000 0.185584 0.000000 -0.982628 0.000000 0.000000 0.000000
2376.667480 0.000000 1473.372925 0.000000 0.297528 0.000000 -0.954713 1.000000 1.000000 1.000000
2416.746582 0.000000 1471.831421 0.000000 0.228382 0.000000 -0.973572 0.000000 0.000000 0.000000
2331.635498 0.000000 1548.128540 0.000000 0.344874 0.000000 -0.938649 1.000000 1.000000 1.000000
2421.993896 0.000000 1546.364258 0.000000 0.240385 0.000000 -0.970677 0.000000 0.000000 0.000000
2427.100830 0.000000 1535.170898 0.000000 0.119030 0.000000 -0.992891 0.000000 0.000000 0.000000
2436.458496 0.000000 1523.059692 0.000000 0.241443 0.000000 -0.970415 0.000000 0.000000 0.000000
2457.661133 0.000000 1471.659912 0.000000 0.084894 0.000000 -0.996390 0.000000 0.000000 0.000000
2462.608887 0.000000 1474.133423 0.000000 0.070758 0.000000 -0.997494 1.000000 1.000000 1.000000
2497.451416 0.000000 1480.769409 0.000000 0.127030 0.000000 -0.991899 0.000000 0.000000 0.000000
2497.319092 0.000000 1507.482178 0.000000 0.090472 0.000000 -0.995899 0.000000 0.000000 0.000000
2524.793701 0.000000 1471.435547 0.000000 0.317966 0.000000 -0.948102 0.000000 0.000000 0.000000
2554.807129 0.000000 1475.248291 0.000000 0.151317 0.000000 -0.988485 0.000000 0.000000 0.000000
2545.519043 0.000000 1474.923340 0.000000 0.098149 0.000000 -0.995172 0.000000 0.000000 0.000000
2500.032471 0.000000 1500.205322 0.000000 0.216837 0.000000 -0.976208 0.000000 0.000000 0.000000
2557.292725 0.000000 1481.152710 0.000000 0.077913 0.000000 -0.996960 0.000000 0.000000 0.000000
2534.581055 0.000000 1503.718140 0.000000 0.168898 0.000000 -0.985633 1.000000 1.000000 1.000000
2553.384521 0.000000 1524.845459 0.000000 0.079181 0.000000 -0.996860 0.000000 0.000000 0.000000
2432.163086 0.000000 1559.824707 0.000000 0.212870 0.000000 -0.977081 0.000000 0.000000 0.000000
2433.451416 0.000000 1534.470581 0.000000 0.329511 0.000000 -0.944152 0.000000 0.000000 0.000000
2523.131592 0.000000 1541.199341 0.000000 0.165137 0.000000 -0.986271 0.000000 0.000000 0.000000
2500.948486 0.000000 1525.193237 0.000000 0.115972 0.000000 -0.993253 0.000000 0.000000 0.000000
2513.722656 0.000000 1577.255493 0.000000 0.152203 0.000000 -0.988349 1.000000 1.000000 1.000000
2502.056885 0.000000 1570.015869 0.000000 0.008429 0.000000 -0.999964 0.000000 0.000000 0.000000
2523.635498 0.000000 1548.128540 0.000000 0.244292 0.000000 -0.969702 1.000000 1.000000 1.000000
2521.283936 0.000000 1546.695923 0.000000 0.040359 0.000000 -0.999185 1.000000 1.000000 1.000000
2173.248291 0.000000 1740.533325 0.000000 0.104101 0.000000 -0.994567 0.000000 0.000000 0.000000
2111.586426 0.000000 1804.450195 0.000000 0.010981 0.000000 -0.999940 0.000000 0.000000 0.000000
2137.621582 0.000000 1798.890503 0.000000 0.354205 0.000000 -0.935168 0.000000 0.000000 0.000000
2167.107910 0.000000 1796.216919 0.000000 0.331364 0.000000 -0.943503 0.000000 0.000000 0.000000
2154.673340 0.000000 1751.159546 0.000000 0.145933 0.000000 -0.989295 0.000000 0.000000 0.000000
2160.746582 0.000000 1754.253296 0.000000 0.001637 0.000000 -0.999999 0.000000 0.000000 0.000000
2179.505127 0.000000 1737.957397 0.000000 0.011200 0.000000 -0.999937 0.000000 0.000000 0.000000
2199.293701 0.000000 1718.096069 0.000000 0.227350 0.000000 -0.973813 0.000000 0.000000 0.000000
2341.098633 0.000000 1624.433472 0.000000 0.338752 0.000000 -0.940876 0.000000 0.000000 0.000000
2387.991699 0.000000 1614.790039 0.000000 0.084361 0.000000 -0.996435 0.000000 0.000000 0.000000
2324.968506 0.000000 1690.171997 0.000000 0.240745 0.000000 -0.970588 0.000000 0.000000 0.000000
2345.563477 0.000000 1664.537842 0.000000 0.331896 0.000000 -0.943316 0.000000 0.000000 0.000000
2386.127686 0.000000 1651.322876 0.000000 0.326107 0.000000 -0.945333 0.000000 0.000000 0.000000
2394.122314 0.000000 1648.855225 0.000000 0.285228 0.000000 -0.958460 0.000000 0.000000 0.000000
2443.487061 0.000000 1590.122070 0.000000 0.080759 0.000000 -0.996734 0.000000 0.000000 0.000000
2546.318359 0.000000 1581.768433 0.000000 0.060610 0.000000 -0.998161 0.000000 0.000000 0.000000
2500.948486 0.000000 1581.677612 0.000000 0.304245 0.000000 -0.952594 0.000000 0.000000 0.000000
2532.575195 0.000000 1583.951538 0.000000 0.237962 0.000000 -0.971274 0.000000 0.000000 0.000000
2465.099609 0.000000 1671.996582 0.000000 0.360876 0.000000 -0.932614 1.000000 1.000000 1.000000
2473.677002 0.000000 1656.113892 0.000000 0.023790 0.000000 -0.999717 0.000000 0.000000 0.000000
2338.900879 0.000000 1694.595947 0.000000 0.165180 0.000000 -0.986263 0.000000 0.000000 0.000000
2406.893555 0.000000 1713.978638 0.000000 0.140480 0.000000 -0.990084 0.000000 0.000000 0.000000
2408.763184 0.000000 1709.653442 0.000000 0.335479 0.000000 -0.942048 0.000000 0.000000 0.000000
2381.507080 0.000000 1730.345703 0.000000 0.298680 0.000000 -0.954353 0.000000 0.000000 0.000000
2408.974609 0.000000 1706.052856 0.000000 0.105831 0.000000 -0.994384 0.000000 0.000000 0.000000
2379.406250 0.000000 1727.602051 0.000000 0.051613 0.000000 -0.998667 0.000000 0.000000 0.000000
2400.617920 0.000000 1754.381226 0.000000 0.176941 0.000000 -0.984222 0.000000 0.000000 0.000000
2404.575195 0.000000 1753.404663 0.000000 0.090451 0.000000 -0.995901 0.000000 0.000000 0.000000
2547.634277 0.000000 1737.259155 0.000000 0.064947 0.000000 -0.997889 0.000000 0.000000 0.000000
2554.631836 0.000000 1729.667725 0.000000 0.244468 0.000000 -0.969657 0.000000 0.000000 0.000000
2495.957764 0.000000 1771.914673 0.000000 0.041704 0.000000 -0.999130 0.000000 0.000000 0.000000
2474.835938 0.000000 1757.021851 0.000000 0.305240 0.000000 -0.952275 0.000000 0.000000 0.000000
2516.569336 0.000000 1756.402100 0.000000 0.327106 0.000000 -0.944988 0.000000 0.000000 0.000000
2533.432373 0.000000 1762.042725 0.000000 0.318883 0.000000 -0.947794 0.000000 0.000000 0.000000
2506.351318 0.000000 1771.894531 0.000000 0.203743 0.000000 -0.979024 0.000000 0.000000 0.000000
2569.203857 0.000000 1391.325806 0.000000 0.212303 0.000000 -0.977204 0.000000 0.000000 0.000000
2607.145508 0.000000 1373.772827 0.000000 0.359210 0.000000 -0.933257 0.000000 0.000000 0.000000
2617.384521 0.000000 1411.876709 0.000000 0.062837 0.000000 -0.998024 1.000000 1.000000 1.000000
2631.914795 0.000000 1357.461914 0.000000 0.064794 0.000000 -0.997899 0.000000 0.000000 0.000000
2598.535645 0.000000 1441.617432 0.000000 0.263450 0.000000 -0.964673 0.000000 0.000000 0.000000
2652.793701 0.000000 1414.951172 0.000000 0.215430 0.000000 -0.976519 0.000000 0.000000 0.000000
2684.832764 0.000000 1444.431152 0.000000 0.029027 0.000000 -0.999579 0.000000 0.000000 0.000000
2630.056885 0.000000 1457.047119 0.000000 0.219253 0.000000 -0.975668 1.000000 1.000000 1.000000
2641.360840 0.000000 1458.269775 0.000000 0.088744 0.000000 -0.996055 1.000000 1.000000 1.000000
2719.453613 0.000000 1372.355103 0.000000 0.118117 0.000000 -0.993000 0.000000 0.000000 0.000000
2697.278076 0.000000 1405.708618 0.000000 0.077674 0.000000 -0.996979 0.000000 0.000000 0.000000
2691.510986 0.000000 1402.552979 0.000000 0.148318 0.000000 -0.988940 0.000000 0.000000 0.000000
2698.072266 0.000000 1411.796997 0.000000 0.350778 0.000000 -0.936459 0.000000 0.000000 0.000000
2770.127686 0.000000 1368.901001 0.000000 0.327816 0.000000 -0.944742 0.000000 0.000000 0.000000
2793.677002 0.000000 1373.692017 0.000000 0.021155 0.000000 -0.999776 0.000000 0.000000 0.000000
2708.968506 0.000000 1464.234497 0.000000 0.329139 0.000000 -0.944281 0.000000 0.000000 0.000000
2713.621582 0.000000 1459.984253 0.000000 0.256349 0.000000 -0.966584 0.000000 0.000000 0.000000
2739.016113 0.000000 1432.960449 0.000000 0.304414 0.000000 -0.952540 0.000000 0.000000 0.000000
2716.380127 0.000000 1466.959717 0.000000 0.109644 0.000000 -0.993971 1.000000 1.000000 1.000000
2803.214111 0.000000 1458.366577 0.000000 0.309634 0.000000 -0.950856 0.000000 0.000000 0.000000
2777.661133 0.000000 1415.175537 0.000000 0.102229 0.000000 -0.994761 0.000000 0.000000 0.000000
2812.832764 0.000000 1444.431152 0.000000 0.297414 0.000000 -0.954749 1.000000 1.000000 1.000000
2807.819336 0.000000 1430.940308 0.000000 0.189174 0.000000 -0.981944 1.000000 1.000000 1.000000
2803.016113 0.000000 1432.960449 0.000000 0.325561 0.000000 -0.945521 0.000000 0.000000 0.000000
2790.581055 0.000000 1447.233765 0.000000 0.200811 0.000000 -0.979630 0.000000 0.000000 0.000000
2782.608887 0.000000 1417.649048 0.000000 0.355018 0.000000 -0.934859 1.000000 1.000000 1.000000
2578.283447 0.000000 1469.726440 0.000000 0.107283 0.000000 -0.994229 0.000000 0.000000 0.000000
2574.875732 0.000000 1513.355835 0.000000 0.060130 0.000000 -0.998191 0.000000 0.000000 0.000000
2604.412598 0.000000 1510.867432 0.000000 0.162995 0.000000 -0.986627 0.000000 0.000000 0.000000
2607.537109 0.000000 1495.722168 0.000000 0.008652 0.000000 -0.999963 0.000000 0.000000 0.000000
2604.194824 0.000000 1480.671143 0.000000 0.071315 0.000000 -0.997454 0.000000 0.000000 0.000000
2638.007324 0.000000 1499.484009 0.000000 0.226302 0.000000 -0.974057 0.000000 0.000000 0.000000
2634.072266 0.000000 1524.765747 0.000000 0.227561 0.000000 -0.973764 1.000000 1.000000 1.000000
2560.894775 0.000000 1555.378296 0.000000 0.263795 0.000000 -0.964579 0.000000 0.000000 0.000000
2630.424561 0.000000 1545.438232 0.000000 0.296712 0.000000 -0.954967 0.000000 0.000000 0.000000
2628.948486 0.000000 1525.193237 0.000000 0.213496 0.000000 -0.976944 1.000000 1.000000 1.000000
2700.978516 0.000000 1469.329712 0.000000 0.130137 0.000000 -0.991496 0.000000 0.000000 0.000000
2697.640869 0.000000 1521.781616 0.000000 0.358045 0.000000 -0.933704 0.000000 0.000000 0.000000
2706.283447 0.000000 1469.726440 0.000000 0.148144 0.000000 -0.988966 0.000000 0.000000 0.000000
2702.979980 0.000000 1493.433960 0.000000 0.207762 0.000000 -0.978179 1.000000 1.000000 1.000000
2752.163086 0.000000 1503.340332 0.000000 0.029091 0.000000 -0.999577 0.000000 0.000000 0.000000
2769.722656 0.000000 1520.771118 0.000000 0.083078 0.000000 -0.996543 1.000000 1.000000 1.000000
2766.604980 0.000000 1516.170776 0.000000 0.125616 0.000000 -0.992079 0.000000 0.000000 0.000000
2782.952637 0.000000 1488.106079 0.000000 0.162756 0.000000 -0.986666 0.000000 0.000000 0.000000
2739.759033 0.000000 1556.442993 0.000000 0.143549 0.000000 -0.989643 1.000000 1.000000 1.000000
2726.581055 0.000000 1560.202515 0.000000 0.153365 0.000000 -0.988170 1.000000 1.000000 1.000000
2778.987305 0.000000 1525.166870 0.000000 0.340166 0.000000 -0.940365 0.000000 0.000000 0.000000
2777.661133 0.000000 1528.144287 0.000000 0.064937 0.000000 -0.997889 0.000000 0.000000 0.000000
2760.667480 0.000000 1529.857300 0.000000 0.229697 0.000000 -0.973262 0.000000 0.000000 0.000000
2864.205322 0.000000 1412.083740 0.000000 0.179307 0.000000 -0.983793 0.000000 0.000000 0.000000
2853.982422 0.000000 1405.886841 0.000000 0.241851 0.000000 -0.970313 0.000000 0.000000 0.000000
2877.512207 0.000000 1355.651123 0.000000 0.072530 0.000000 -0.997366 0.000000 0.000000 0.000000
2816.894775 0.000000 1385.925171 0.000000 0.209645 0.000000 -0.977777 0.000000 0.000000 0.000000
2876.832764 0.000000 1387.946777 0.000000 0.003019 0.000000 -0.999995 0.000000 0.000000 0.000000
2852.759766 0.000000 1377.001221 0.000000 0.096016 0.000000 -0.995380 0.000000 0.000000 0.000000
2881.451416 0.000000 1367.800659 0.000000 0.329627 0.000000 -0.944111 0.000000 0.000000 0.000000
2921.677002 0.000000 1373.692017 0.000000 0.330640 0.000000 -0.943757 1.000000 1.000000 1.000000
2905.917236 0.000000 1400.391235 0.000000 0.037255 0.000000 -0.999306 1.000000 1.000000 1.000000
2922.009521 0.000000 1467.046021 0.000000 0.032127 0.000000 -0.999484 1.000000 1.000000 1.000000
2931.402588 0.000000 1466.076660 0.000000 0.037341 0.000000 -0.999303 1.000000 1.000000 1.000000
2924.194824 0.000000 1424.186768 0.000000 0.172451 0.000000 -0.985018 0.000000 0.000000 0.000000
2961.260010 0.000000 1382.082153 0.000000 0.156181 0.000000 -0.987729 1.000000 1.000000 1.000000
2968.795410 0.000000 1383.537231 0.000000 0.065679 0.000000 -0.997841 1.000000 1.000000 1.000000
2960.244385 0.000000 1384.822876 0.000000 0.323814 0.000000 -0.946121 1.000000 1.000000 1.000000
2969.706787 0.000000 1369.264404 0.000000 0.359290 0.000000 -0.933226 0.000000 0.000000 0.000000
3033.917236 0.000000 1400.391235 0.000000 0.009731 0.000000 -0.999953 1.000000 1.000000 1.000000
2964.089355 0.000000 1456.926270 0.000000 0.082713 0.000000 -0.996573 0.000000 0.000000 0.000000
2977.947754 0.000000 1461.582886 0.000000 0.086045 0.000000 -0.996291 0.000000 0.000000 0.000000
2956.526855 0.000000 1435.155151 0.000000 0.119823 0.000000 -0.992795 0.000000 0.000000 0.000000
2956.112305 0.000000 1427.016113 0.000000 0.297579 0.000000 -0.954697 0.000000 0.000000 0.000000
3071.957764 0.000000 1433.008423 0.000000 0.257133 0.000000 -0.966376 0.000000 0.000000 0.000000
3017.063721 0.000000 1442.571411 0.000000 0.275469 0.000000 -0.961310 0.000000 0.000000 0.000000
3070.270020 0.000000 1416.540771 0.000000 0.320681 0.000000 -0.947187 0.000000 0.000000 0.000000
3019.941895 0.000000 1453.913452 0.000000 0.206703 0.000000 -0.978404 0.000000 0.000000 0.000000
2817.451416 0.000000 1480.769409 0.000000 0.047601 0.000000 -0.998866 0.000000 0.000000 0.000000
2821.119141 0.000000 1485.027954 0.000000 0.295672 0.000000 -0.955289 0.000000 0.000000 0.000000
2917.432373 0.000000 1479.620850 0.000000 0.280761 0.000000 -0.959778 0.000000 0.000000 0.000000
2935.531250 0.000000 1479.197388 0.000000 0.168154 0.000000 -0.985761 0.000000 0.000000 0.000000
2922.673340 0.000000 1468.737671 0.000000 0.073922 0.000000 -0.997264 0.000000 0.000000 0.000000
2883.510986 0.000000 1515.521729 0.000000 0.050466 0.000000 -0.998726 0.000000 0.000000 0.000000
2868.003906 0.000000 1528.405640 0.000000 0.161079 0.000000 -0.986942 0.000000 0.000000 0.000000
2860.194824 0.000000 1537.155518 0.000000 0.209124 0.000000 -0.977889 0.000000 0.000000 0.000000
2816.042236 0.000000 1525.085449 0.000000 0.040405 0.000000 -0.999183 1.000000 1.000000 1.000000
2888.908447 0.000000 1570.978149 0.000000 0.167995 0.000000 -0.985788 1.000000 1.000000 1.000000
2896.186279 0.000000 1544.229370 0.000000 0.161861 0.000000 -0.986814 1.000000 1.000000 1.000000
2984.832275 0.000000 1472.094849 0.000000 0.330897 0.000000 -0.943667 0.000000 0.000000 0.000000
2945.017578 0.000000 1495.286865 0.000000 0.325443 0.000000 -0.945562 0.000000 0.000000 0.000000
2985.967773 0.000000 1498.411621 0.000000 0.342397 0.000000 -0.939555 0.000000 0.000000 0.000000
2963.991699 0.000000 1501.821289 0.000000 0.014191 0.000000 -0.999899 0.000000 0.000000 0.000000
2564.048096 0.000000 1589.912598 0.000000 0.014937 0.000000 -0.999888 0.000000 0.000000 0.000000
2655.334473 0.000000 1622.547974 0.000000 0.179689 0.000000 -0.983724 1.000000 1.000000 1.000000
2666.673340 0.000000 1581.706421 0.000000 0.262575 0.000000 -0.964912 0.000000 0.000000 0.000000
2636.552734 0.000000 1664.240967 0.000000 0.306895 0.000000 -0.951743 0.000000 0.000000 0.000000
2636.083740 0.000000 1683.560791 0.000000 0.294710 0.000000 -0.955587 1.000000 1.000000 1.000000
2694.330566 0.000000 1593.659302 0.000000 0.147402 0.000000 -0.989077 0.000000 0.000000 0.000000
2733.311035 0.000000 1615.912354 0.000000 0.274268 0.000000 -0.961653 0.000000 0.000000 0.000000
2739.016113 0.000000 1602.413574 0.000000 0.042581 0.000000 -0.999093 0.000000 0.000000 0.000000
2726.581055 0.000000 1616.686890 0.000000 0.079167 0.000000 -0.996861 1.000000 1.000000 1.000000
2796.662354 0.000000 1632.142700 0.000000 0.053677 0.000000 -0.998558 0.000000 0.000000 0.000000
2774.937256 0.000000 1595.989868 0.000000 0.350807 0.000000 -0.936448 0.000000 0.000000 0.000000
2702.953369 0.000000 1692.018555 0.000000 0.355844 0.000000 -0.934545 0.000000 0.000000 0.000000
2700.457520 0.000000 1689.822754 0.000000 0.117504 0.000000 -0.993072 0.000000 0.000000 0.000000
2604.662354 0.000000 1745.111450 0.000000 0.233558 0.000000 -0.972343 0.000000 0.000000 0.000000
2577.256836 0.000000 1729.246094 0.000000 0.117782 0.000000 -0.993039 0.000000 0.000000 0.000000
2607.868652 0.000000 1742.942261 0.000000 0.212235 0.000000 -0.977219 0.000000 0.000000 0.000000
2592.448975 0.000000 1720.526611 0.000000 0.034964 0.000000 -0.999389 0.000000 0.000000 0.000000
2669.516602 0.000000 1709.264526 0.000000 0.214717 0.000000 -0.976676 0.000000 0.000000 0.000000
2652.793701 0.000000 1697.373047 0.000000 0.280359 0.000000 -0.959895 0.000000 0.000000 0.000000
2660.620605 0.000000 1741.239746 0.000000 0.159578 0.000000 -0.987185 0.000000 0.000000 0.000000
2636.457520 0.000000 1746.307129 0.000000 0.025788 0.000000 -0.999667 0.000000 0.000000 0.000000
2637.099609 0.000000 1714.307861 0.000000 0.121763 0.000000 -0.992559 1.000000 1.000000 1.000000
2652.380127 0.000000 1749.381592 0.000000 0.121774 0.000000 -0.992558 0.000000 0.000000 0.000000
2705.256836 0.000000 1729.246094 0.000000 0.007134 0.000000 -0.999975 0.000000 0.000000 0.000000
2848.448975 0.000000 1607.557861 0.000000 0.196541 0.000000 -0.980496 0.000000 0.000000 0.000000
2825.604492 0.000000 1609.016846 0.000000 0.188724 0.000000 -0.982030 0.000000 0.000000 0.000000
2849.448975 0.000000 1604.859253 0.000000 0.252086 0.000000 -0.967705 0.000000 0.000000 0.000000
2841.283936 0.000000 1603.180298 0.000000 0.013932 0.000000 -0.999903 1.000000 1.000000 1.000000
2883.510986 0.000000 1628.490479 0.000000 0.066183 0.000000 -0.997807 0.000000 0.000000 0.000000
2896.186279 0.000000 1600.713745 0.000000 0.088768 0.000000 -0.996052 0.000000 0.000000 0.000000
2852.575195 0.000000 1640.435913 0.000000 0.162829 0.000000 -0.986654 0.000000 0.000000 0.000000
3098.073975 0.000000 990.750793 0.000000 0.064325 0.000000 -0.997929 0.000000 0.000000 0.000000
3117.433838 0.000000 989.963623 0.000000 0.186035 0.000000 -0.982543 0.000000 0.000000 0.000000
3140.458496 0.000000 1014.700317 0.000000 0.043903 0.000000 -0.999036 0.000000 0.000000 0.000000
3139.505127 0.000000 1003.660522 0.000000 0.071198 0.000000 -0.997462 0.000000 0.000000 0.000000
3081.400879 0.000000 1032.837891 0.000000 0.093541 0.000000 -0.995615 0.000000 0.000000 0.000000
3092.089355 0.000000 1061.535645 0.000000 0.016354 0.000000 -0.999866 0.000000 0.000000 0.000000
3150.873047 0.000000 1024.765869 0.000000 0.116117 0.000000 -0.993236 0.000000 0.000000 0.000000
3164.947998 0.000000 1046.790527 0.000000 0.303270 0.000000 -0.952905 1.000000 1.000000 1.000000
3109.982422 0.000000 1123.464966 0.000000 0.025924 0.000000 -0.999664 0.000000 0.000000 0.000000
3113.065186 0.000000 1124.908691 0.000000 0.165565 0.000000 -0.986199 0.000000 0.000000 0.000000
3162.979736 0.000000 1115.035889 0.000000 0.211069 0.000000 -0.977471 0.000000 0.000000 0.000000
3136.513916 0.000000 1089.283936 0.000000 0.291102 0.000000 -0.956692 0.000000 0.000000 0.000000
3148.526855 0.000000 1096.248901 0.000000 0.166870 0.000000 -0.985979 1.000000 1.000000 1.000000
3088.971924 0.000000 1178.864502 0.000000 0.333041 0.000000 -0.942912 0.000000 0.000000 0.000000
3090.579102 0.000000 1184.876343 0.000000 0.203630 0.000000 -0.979048 0.000000 0.000000 0.000000
3084.457520 0.000000 1181.463379 0.000000 0.357455 0.000000 -0.933930 1.000000 1.000000 1.000000
3097.706787 0.000000 1143.326904 0.000000 0.010448 0.000000 -0.999945 1.000000 1.000000 1.000000
3173.432373 0.000000 1140.714600 0.000000 0.178758 0.000000 -0.983893 0.000000 0.000000 0.000000
3139.837158 0.000000 1153.249634 0.000000 0.015276 0.000000 -0.999883 1.000000 1.000000 1.000000
3116.760498 0.000000 1224.677002 0.000000 0.133827 0.000000 -0.991005 0.000000 0.000000 0.000000
3091.771729 0.000000 1208.797363 0.000000 0.244256 0.000000 -0.969711 0.000000 0.000000 0.000000
3083.487061 0.000000 1194.731445 0.000000 0.150664 0.000000 -0.988585 0.000000 0.000000 0.000000
3093.235596 0.000000 1206.032959 0.000000 0.058445 0.000000 -0.998291 1.000000 1.000000 1.000000
3136.163086 0.000000 1220.918457 0.000000 0.265708 0.000000 -0.964054 1.000000 1.000000 1.000000
3203.510986 0.000000 1233.099854 0.000000 0.279202 0.000000 -0.960232 0.000000 0.000000 0.000000
3081.063721 0.000000 1273.118286 0.000000 0.147381 0.000000 -0.989080 0.000000 0.000000 0.000000
3156.968506 0.000000 1294.781372 0.000000 0.309027 0.000000 -0.951053 0.000000 0.000000 0.000000
3166.060547 0.000000 1290.811157 0.000000 0.118228 0.000000 -0.992987 0.000000 0.000000 0.000000
3154.190674 0.000000 1252.178467 0.000000 0.249019 0.000000 -0.968499 1.000000 1.000000 1.000000
3097.680908 0.000000 1332.918091 0.000000 0.074634 0.000000 -0.997211 1.000000 1.000000 1.000000
3168.617920 0.000000 1302.506226 0.000000 0.000138 0.000000 -1.000000 0.000000 0.000000 0.000000
3191.062500 0.000000 1350.158081 0.000000 0.306292 0.000000 -0.951938 0.000000 0.000000 0.000000
3157.934570 0.000000 1353.952637 0.000000 0.260929 0.000000 -0.965358 1.000000 1.000000 1.000000
3164.380127 0.000000 1353.990967 0.000000 0.086370 0.000000 -0.996263 0.000000 0.000000 0.000000
3240.974609 0.000000 1254.177856 0.000000 0.330786 0.000000 -0.943706 0.000000 0.000000 0.000000
3247.537109 0.000000 1269.784668 0.000000 0.308128 0.000000 -0.951345 0.000000 0.000000 0.000000
3211.487061 0.000000 1251.215820 0.000000 0.299527 0.000000 -0.954088 1.000000 1.000000 1.000000
3273.640869 0.000000 1295.844116 0.000000 0.123709 0.000000 -0.992319 0.000000 0.000000 0.000000
3220.968506 0.000000 1351.265747 0.000000 0.042535 0.000000 -0.999095 0.000000 0.000000 0.000000
3212.083740 0.000000 1344.654541 0.000000 0.146947 0.000000 -0.989144 1.000000 1.000000 1.000000
3273.203857 0.000000 1334.841431 0.000000 0.291850 0.000000 -0.956464 0.000000 0.000000 0.000000
3268.763672 0.000000 1335.332886 0.000000 0.186978 0.000000 -0.982364 1.000000 1.000000 1.000000
3275.941895 0.000000 1340.944702 0.000000 0.087599 0.000000 -0.996156 0.000000 0.000000 0.000000
3279.831299 0.000000 1303.312500 0.000000 0.241008 0.000000 -0.970523 0.000000 0.000000 0.000000
3271.213623 0.000000 1337.340698 0.000000 0.267884 0.000000 -0.963451 1.000000 1.000000 1.000000
3079.979980 0.000000 1397.760254 0.000000 0.230958 0.000000 -0.972964 0.000000 0.000000 0.000000
3081.063721 0.000000 1386.087036 0.000000 0.233206 0.000000 -0.972427 0.000000 0.000000 0.000000
3105.947754 0.000000 1405.098511 0.000000 0.143115 0.000000 -0.989706 1.000000 1.000000 1.000000
3107.200439 0.000000 1368.421997 0.000000 0.218433 0.000000 -0.975852 0.000000 0.000000 0.000000
3174.686279 0.000000 1355.930786 0.000000 0.044711 0.000000 -0.999000 0.000000 0.000000 0.000000
3147.487061 0.000000 1364.184570 0.000000 0.150453 0.000000 -0.988617 1.000000 1.000000 1.000000
3166.961914 0.000000 1356.586304 0.000000 0.018630 0.000000 -0.999826 1.000000 1.000000 1.000000
3119.145508 0.000000 1430.257202 0.000000 0.339830 0.000000 -0.940487 0.000000 0.000000 0.000000
3132.832764 0.000000 1444.431152 0.000000 0.182166 0.000000 -0.983268 0.000000 0.000000 0.000000
3181.943604 0.000000 1414.464355 0.000000 0.086942 0.000000 -0.996213 0.000000 0.000000 0.000000
3178.673340 0.000000 1412.253296 0.000000 0.221907 0.000000 -0.975068 0.000000 0.000000 0.000000
3189.519043 0.000000 1438.734741 0.000000 0.240827 0.000000 -0.970568 0.000000 0.000000 0.000000
3255.637939 0.000000 1371.368408 0.000000 0.193768 0.000000 -0.981047 0.000000 0.000000 0.000000
3214.220459 0.000000 1372.705933 0.000000 0.130903 0.000000 -0.991395 0.000000 0.000000 0.000000
3200.513916 0.000000 1371.705811 0.000000 0.166182 0.000000 -0.986095 0.000000 0.000000 0.000000
3250.798096 0.000000 1392.306152 0.000000 0.093522 0.000000 -0.995617 1.000000 1.000000 1.000000
3265.319092 0.000000 1394.513428 0.000000 0.231442 0.000000 -0.972849 0.000000 0.000000 0.000000
3284.094971 0.000000 1371.025879 0.000000 0.268137 0.000000 -0.963381 1.000000 1.000000 1.000000
3278.979980 0.000000 1380.465210 0.000000 0.308027 0.000000 -0.951378 1.000000 1.000000 1.000000
3208.667480 0.000000 1416.888550 0.000000 0.127542 0.000000 -0.991833 0.000000 0.000000 0.000000
1504.448975 0.000000 2172.401611 0.000000 0.355223 0.000000 -0.934782 0.000000 0.000000 0.000000
1505.099731 0.000000 2180.355957 0.000000 0.289697 0.000000 -0.957118 0.000000 0.000000 0.000000
1497.917236 0.000000 2191.172363 0.000000 0.232939 0.000000 -0.972491 0.000000 0.000000 0.000000
1462.382080 0.000000 2232.218262 0.000000 0.298344 0.000000 -0.954458 0.000000 0.000000 0.000000
1535.957886 0.000000 2223.789551 0.000000 0.148956 0.000000 -0.988844 0.000000 0.000000 0.000000
1475.820923 0.000000 2216.696045 0.000000 0.270499 0.000000 -0.962720 0.000000 0.000000 0.000000
1705.260620 0.000000 1964.690918 0.000000 0.002684 0.000000 -0.999996 0.000000 0.000000 0.000000
1729.319092 0.000000 1959.357178 0.000000 0.043310 0.000000 -0.999062 0.000000 0.000000 0.000000
1732.032593 0.000000 1952.080322 0.000000 0.291728 0.000000 -0.956501 0.000000 0.000000 0.000000
1701.432373 0.000000 1987.980225 0.000000 0.206992 0.000000 -0.978343 0.000000 0.000000 0.000000
1737.400879 0.000000 1993.072266 0.000000 0.285236 0.000000 -0.958457 0.000000 0.000000 0.000000
1755.595093 0.000000 2027.476807 0.000000 0.080502 0.000000 -0.996754 0.000000 0.000000 0.000000
1812.089478 0.000000 1908.801270 0.000000 0.188745 0.000000 -0.982026 0.000000 0.000000 0.000000
1837.311035 0.000000 1898.334229 0.000000 0.251920 0.000000 -0.967748 0.000000 0.000000 0.000000
1906.842529 0.000000 1881.854370 0.000000 0.226407 0.000000 -0.974033 0.000000 0.000000 0.000000
1867.406128 0.000000 1897.055176 0.000000 0.006961 0.000000 -0.999976 0.000000 0.000000 0.000000
1906.798096 0.000000 1900.665527 0.000000 0.215086 0.000000 -0.976595 0.000000 0.000000 0.000000
2040.065796 0.000000 1832.862549 0.000000 0.135566 0.000000 -0.990768 0.000000 0.000000 0.000000
2006.477783 0.000000 1842.393311 0.000000 0.146007 0.000000 -0.989284 0.000000 0.000000 0.000000
2022.535767 0.000000 1837.008057 0.000000 0.098944 0.000000 -0.995093 0.000000 0.000000 0.000000
1984.156738 0.000000 1862.400146 0.000000 0.265985 0.000000 -0.963977 0.000000 0.000000 0.000000
1940.968506 0.000000 1916.109497 0.000000 0.136541 0.000000 -0.990634 0.000000 0.000000 0.000000
1978.807129 0.000000 1870.638916 0.000000 0.053264 0.000000 -0.998580 0.000000 0.000000 0.000000
1923.837158 0.000000 1887.546509 0.000000 0.096260 0.000000 -0.995356 0.000000 0.000000 0.000000
1949.530396 0.000000 1891.276733 0.000000 0.253739 0.000000 -0.967273 0.000000 0.000000 0.000000
1961.204712 0.000000 1900.545776 0.000000 0.120078 0.000000 -0.992764 0.000000 0.000000 0.000000
1920.936157 0.000000 1886.593872 0.000000 0.344833 0.000000 -0.938664 0.000000 0.000000 0.000000
2010.979858 0.000000 1905.817139 0.000000 0.204417 0.000000 -0.978884 0.000000 0.000000 0.000000
2016.448975 0.000000 1889.979736 0.000000 0.012812 0.000000 -0.999918 0.000000 0.000000 0.000000
1796.763550 0.000000 1956.661011 0.000000 0.014965 0.000000 -0.999888 0.000000 0.000000 0.000000
1885.392090 0.000000 1965.142212 0.000000 0.061703 0.000000 -0.998095 0.000000 0.000000 0.000000
1903.537231 0.000000 1947.597168 0.000000 0.088131 0.000000 -0.996109 1.000000 1.000000 1.000000
1952.618042 0.000000 1923.834351 0.000000 0.113266 0.000000 -0.993565 0.000000 0.000000 0.000000
1931.486938 0.000000 1929.028320 0.000000 0.167486 0.000000 -0.985874 0.000000 0.000000 0.000000
2006.937134 0.000000 1934.896118 0.000000 0.018347 0.000000 -0.999832 0.000000 0.000000 0.000000
2019.200439 0.000000 1933.265747 0.000000 0.360404 0.000000 -0.932796 0.000000 0.000000 0.000000
2042.028442 0.000000 1990.051758 0.000000 0.115979 0.000000 -0.993252 0.000000 0.000000 0.000000
1551.197021 0.000000 2101.554688 0.000000 0.198720 0.000000 -0.980056 0.000000 0.000000 0.000000
1661.212891 0.000000 2115.313721 0.000000 0.103508 0.000000 -0.994629 0.000000 0.000000 0.000000
1638.535767 0.000000 2119.429932 0.000000 0.224105 0.000000 -0.974565 1.000000 1.000000 1.000000
1631.334473 0.000000 2130.907227 0.000000 0.185429 0.000000 -0.982658 0.000000 0.000000 0.000000
1607.437256 0.000000 2144.965576 0.000000 0.002287 0.000000 -0.999997 1.000000 1.000000 1.000000
1676.526733 0.000000 2056.483398 0.000000 0.233250 0.000000 -0.972417 0.000000 0.000000 0.000000
1736.407593 0.000000 2041.249878 0.000000 0.004245 0.000000 -0.999991 0.000000 0.000000 0.000000
1719.531372 0.000000 2100.525635 0.000000 0.281618 0.000000 -0.959527 0.000000 0.000000 0.000000
1592.065796 0.000000 2171.768799 0.000000 0.271239 0.000000 -0.962512 0.000000 0.000000 0.000000
1597.512329 0.000000 2146.432373 0.000000 0.181138 0.000000 -0.983458 0.000000 0.000000 0.000000
1586.842529 0.000000 2164.276123 0.000000 0.175784 0.000000 -0.984429 0.000000 0.000000 0.000000
1590.864258 0.000000 2201.404785 0.000000 0.237459 0.000000 -0.971397 0.000000 0.000000 0.000000
1566.060669 0.000000 2194.561035 0.000000 0.301913 0.000000 -0.953335 1.000000 1.000000 1.000000
1565.237427 0.000000 2179.928467 0.000000 0.295010 0.000000 -0.955494 0.000000 0.000000 0.000000
1568.426636 0.000000 2215.328369 0.000000 0.188824 0.000000 -0.982011 1.000000 1.000000 1.000000
1540.755371 0.000000 2230.763184 0.000000 0.176889 0.000000 -0.984231 1.000000 1.000000 1.000000
1561.661133 0.000000 2205.956787 0.000000 0.314420 0.000000 -0.949284 1.000000 1.000000 1.000000
1563.635498 0.000000 2225.940918 0.000000 0.000006 0.000000 -1.000000 1.000000 1.000000 1.000000
1600.098755 0.000000 2209.839600 0.000000 0.105142 0.000000 -0.994457 0.000000 0.000000 0.000000
1659.981689 0.000000 2258.109863 0.000000 0.248420 0.000000 -0.968652 0.000000 0.000000 0.000000
1665.451416 0.000000 2158.581787 0.000000 0.067410 0.000000 -0.997725 0.000000 0.000000 0.000000
1704.763306 0.000000 2218.012695 0.000000 0.295134 0.000000 -0.955456 0.000000 0.000000 0.000000
1754.122314 0.000000 2213.698975 0.000000 0.287555 0.000000 -0.957764 0.000000 0.000000 0.000000
1850.462280 0.000000 2050.507568 0.000000 0.264367 0.000000 -0.964422 1.000000 1.000000 1.000000
1847.819336 0.000000 2052.268311 0.000000 0.315577 0.000000 -0.948900 1.000000 1.000000 1.000000
1815.293579 0.000000 2113.486572 0.000000 0.320984 0.000000 -0.947085 1.000000 1.000000 1.000000
1805.506958 0.000000 2182.220703 0.000000 0.173065 0.000000 -0.984910 0.000000 0.000000 0.000000
1881.917236 0.000000 2191.172363 0.000000 0.188255 0.000000 -0.982120 1.000000 1.000000 1.000000
1863.437256 0.000000 2201.449951 0.000000 0.127017 0.000000 -0.991901 1.000000 1.000000 1.000000
1870.604980 0.000000 2193.983154 0.000000 0.004799 0.000000 -0.999988 1.000000 1.000000 1.000000
1880.795410 0.000000 2174.318359 0.000000 0.029766 0.000000 -0.999557 0.000000 0.000000 0.000000
1480.407593 0.000000 2267.187256 0.000000 0.320216 0.000000 -0.947344 0.000000 0.000000 0.000000
1531.211304 0.000000 2288.993164 0.000000 0.170072 0.000000 -0.985432 0.000000 0.000000 0.000000
1472.042358 0.000000 2259.382324 0.000000 0.008230 0.000000 -0.999966 0.000000 0.000000 0.000000
1650.585205 0.000000 2287.269287 0.000000 0.167668 0.000000 -0.985844 0.000000 0.000000 0.000000
2078.060547 0.000000 1855.654907 0.000000 0.349554 0.000000 -0.936916 0.000000 0.000000 0.000000
2110.419189 0.000000 1849.647339 0.000000 0.171673 0.000000 -0.985154 0.000000 0.000000 0.000000
2077.392090 0.000000 1852.173462 0.000000 0.339614 0.000000 -0.940565 0.000000 0.000000 0.000000
2127.130859 0.000000 1846.871826 0.000000 0.329133 0.000000 -0.944283 0.000000 0.000000 0.000000
2112.255127 0.000000 1854.640869 0.000000 0.208917 0.000000 -0.977933 0.000000 0.000000 0.000000
2163.456055 0.000000 1857.788208 0.000000 0.204794 0.000000 -0.978805 0.000000 0.000000 0.000000
2175.586426 0.000000 1860.934570 0.000000 0.145971 0.000000 -0.989289 1.000000 1.000000 1.000000
2174.624512 0.000000 1816.320190 0.000000 0.240521 0.000000 -0.970644 0.000000 0.000000 0.000000
2159.663086 0.000000 1817.511841 0.000000 0.065100 0.000000 -0.997879 0.000000 0.000000 0.000000
2159.537109 0.000000 1834.628418 0.000000 0.073978 0.000000 -0.997260 0.000000 0.000000 0.000000
2163.016113 0.000000 1828.351074 0.000000 0.204224 0.000000 -0.978924 0.000000 0.000000 0.000000
2112.042236 0.000000 1807.507324 0.000000 0.324224 0.000000 -0.945980 0.000000 0.000000 0.000000
2165.519043 0.000000 1834.125366 0.000000 0.069418 0.000000 -0.997588 0.000000 0.000000 0.000000
2065.256836 0.000000 1898.699219 0.000000 0.094793 0.000000 -0.995497 1.000000 1.000000 1.000000
2052.763672 0.000000 1900.176636 0.000000 0.240214 0.000000 -0.970720 0.000000 0.000000 0.000000
2066.579102 0.000000 1919.173218 0.000000 0.120835 0.000000 -0.992673 0.000000 0.000000 0.000000
2075.595215 0.000000 1914.508057 0.000000 0.332473 0.000000 -0.943113 0.000000 0.000000 0.000000
2071.836426 0.000000 1914.597290 0.000000 0.012244 0.000000 -0.999925 1.000000 1.000000 1.000000
2056.667480 0.000000 1868.763550 0.000000 0.102781 0.000000 -0.994704 0.000000 0.000000 0.000000
2060.112305 0.000000 1878.891113 0.000000 0.304652 0.000000 -0.952464 1.000000 1.000000 1.000000
2064.244385 0.000000 1893.182251 0.000000 0.060697 0.000000 -0.998156 0.000000 0.000000 0.000000
2143.825928 0.000000 1872.106812 0.000000 0.181916 0.000000 -0.983314 0.000000 0.000000 0.000000
2176.936035 0.000000 1830.109497 0.000000 0.029459 0.000000 -0.999566 1.000000 1.000000 1.000000
2176.098633 0.000000 1870.933350 0.000000 0.243022 0.000000 -0.970021 0.000000 0.000000 0.000000
2060.978516 0.000000 1921.204712 0.000000 0.261750 0.000000 -0.965136 0.000000 0.000000 0.000000
2074.987305 0.000000 1920.557495 0.000000 0.038598 0.000000 -0.999255 1.000000 1.000000 1.000000
2054.508057 0.000000 1972.559937 0.000000 0.054299 0.000000 -0.998525 0.000000 0.000000 0.000000
2057.084717 0.000000 1931.286621 0.000000 0.103681 0.000000 -0.994611 0.000000 0.000000 0.000000
2054.424561 0.000000 1997.313232 0.000000 0.317626 0.000000 -0.948216 0.000000 0.000000 0.000000
2056.667480 0.000000 1981.732300 0.000000 0.066876 0.000000 -0.997761 1.000000 1.000000 1.000000
2060.112305 0.000000 1991.859863 0.000000 0.358330 0.000000 -0.933595 1.000000 1.000000 1.000000
2061.099609 0.000000 1996.729736 0.000000 0.197179 0.000000 -0.980367 1.000000 1.000000 1.000000
2293.861084 0.000000 2025.019531 0.000000 0.154396 0.000000 -0.988009 0.000000 0.000000 0.000000
2311.671631 0.000000 2001.809692 0.000000 0.132688 0.000000 -0.991158 0.000000 0.000000 0.000000
2344.015625 0.000000 1984.581665 0.000000 0.240384 0.000000 -0.970678 0.000000 0.000000 0.000000
2322.230469 0.000000 2014.988647 0.000000 0.202011 0.000000 -0.979383 0.000000 0.000000 0.000000
2346.288330 0.000000 2000.100952 0.000000 0.352797 0.000000 -0.935700 0.000000 0.000000 0.000000
2370.396484 0.000000 1978.815308 0.000000 0.098722 0.000000 -0.995115 0.000000 0.000000 0.000000
2375.914795 0.000000 1978.790039 0.000000 0.162811 0.000000 -0.986657 0.000000 0.000000 0.000000
2470.231201 0.000000 1958.997803 0.000000 0.277235 0.000000 -0.960802 0.000000 0.000000 0.000000
2523.932861 0.000000 1940.738403 0.000000 0.330218 0.000000 -0.943905 0.000000 0.000000 0.000000
2234.807129 0.000000 2040.092041 0.000000 0.250107 0.000000 -0.968218 0.000000 0.000000 0.000000
"}
