object={
	name="palm_dense_generator_1_0"
	clamp_to_water_level=no
	render_under_water=no
	generated_content=yes
	layer="semidynamic"
	pdxmesh="tree_palm_01_mesh"
	count=494
	transform="2265.621582 0.000000 1459.984253 0.000000 0.704593 0.000000 0.709612 0.336027 0.336027 0.336027
2399.373291 0.000000 1399.058105 0.000000 0.407638 0.000000 0.913144 0.624063 0.624063 0.624063
2365.508057 0.000000 1461.886108 0.000000 0.739646 0.000000 0.672996 0.388033 0.388033 0.388033
2325.503174 0.000000 1460.428589 0.000000 0.170340 0.000000 0.985385 0.237409 0.237409 0.237409
2329.706787 0.000000 1425.748779 0.000000 0.488359 0.000000 0.872643 0.324847 0.324847 0.324847
2343.260986 0.000000 1433.713379 0.000000 0.799627 0.000000 0.600497 0.921365 0.921365 0.921365
2380.721436 0.000000 1450.434204 0.000000 0.002908 0.000000 0.999996 0.265729 0.265729 0.265729
2381.139648 0.000000 1455.654053 0.000000 0.197782 0.000000 0.980246 0.573025 0.573025 0.573025
2379.557373 0.000000 1452.057129 0.000000 0.584984 0.000000 0.811045 0.894438 0.894438 0.894438
2381.340576 0.000000 1452.336182 0.000000 0.181383 0.000000 0.983412 0.851299 0.851299 0.851299
2357.427979 0.000000 1486.434937 0.000000 0.836723 0.000000 0.547626 0.411238 0.411238 0.411238
2328.535645 0.000000 1484.948730 0.000000 0.281652 0.000000 0.959517 0.357163 0.357163 0.357163
2351.135498 0.000000 1484.649902 0.000000 0.500008 0.000000 0.866021 0.550475 0.550475 0.550475
2368.009766 0.000000 1510.786255 0.000000 0.266802 0.000000 0.963751 0.276422 0.276422 0.276422
2379.487061 0.000000 1477.153320 0.000000 0.481195 0.000000 0.876614 0.377354 0.377354 0.377354
2377.084717 0.000000 1479.411621 0.000000 0.371815 0.000000 0.928307 0.415421 0.415421 0.415421
2360.065674 0.000000 1550.440674 0.000000 0.166822 0.000000 0.985987 0.194702 0.194702 0.194702
2360.346436 0.000000 1547.279053 0.000000 0.131883 0.000000 0.991265 0.501592 0.501592 0.501592
2327.340088 0.000000 1557.485596 0.000000 0.385344 0.000000 0.922773 0.327922 0.327922 0.327922
2386.230469 0.000000 1563.113647 0.000000 0.763461 0.000000 0.645854 0.374052 0.374052 0.374052
2256.971924 0.000000 1687.223877 0.000000 0.846929 0.000000 0.531707 0.385163 0.385163 0.385163
2153.260742 0.000000 1795.237793 0.000000 0.136204 0.000000 0.990681 0.200852 0.200852 0.200852
2226.842529 0.000000 1712.401245 0.000000 0.774640 0.000000 0.632402 0.359755 0.359755 0.359755
2221.433838 0.000000 1724.260498 0.000000 0.588861 0.000000 0.808234 0.318492 0.318492 0.318492
2229.993896 0.000000 1715.817383 0.000000 0.830395 0.000000 0.557175 0.406385 0.406385 0.406385
2182.952881 0.000000 1730.141479 0.000000 0.450806 0.000000 0.892622 0.551167 0.551167 0.551167
2184.859375 0.000000 1732.018311 0.000000 0.234954 0.000000 0.972006 0.731360 0.731360 0.731360
2266.122314 0.000000 1705.339600 0.000000 0.655606 0.000000 0.755103 0.333027 0.333027 0.333027
2261.668701 0.000000 1704.320190 0.000000 0.513157 0.000000 0.858295 0.326487 0.326487 0.326487
2263.293701 0.000000 1718.096069 0.000000 0.293237 0.000000 0.956040 0.281156 0.281156 0.281156
2298.504395 0.000000 1718.290161 0.000000 0.461151 0.000000 0.887322 0.315654 0.315654 0.315654
2282.442139 0.000000 1722.582031 0.000000 0.479240 0.000000 0.877684 0.877272 0.877272 0.877272
2384.716797 0.000000 1613.660278 0.000000 0.024627 0.000000 0.999697 0.421929 0.421929 0.421929
2314.072266 0.000000 1694.218872 0.000000 0.255273 0.000000 0.966869 0.279285 0.279285 0.279285
2316.552734 0.000000 1720.725342 0.000000 0.094857 0.000000 0.995491 0.424040 0.424040 0.424040
2319.671387 0.000000 1696.060303 0.000000 0.098781 0.000000 0.995109 0.261338 0.261338 0.261338
2408.832275 0.000000 1698.032349 0.000000 0.297370 0.000000 0.954762 0.223929 0.223929 0.223929
2379.941895 0.000000 1736.335327 0.000000 0.837756 0.000000 0.546045 0.474708 0.474708 0.474708
2451.771729 0.000000 1773.641113 0.000000 0.598940 0.000000 0.800794 0.313953 0.313953 0.313953
2531.991211 0.000000 1766.742065 0.000000 0.660398 0.000000 0.750916 0.329815 0.329815 0.329815
2534.686279 0.000000 1751.321411 0.000000 0.326921 0.000000 0.945051 0.274268 0.274268 0.274268
2517.235596 0.000000 1770.876709 0.000000 0.355983 0.000000 0.934492 0.382057 0.382057 0.382057
2503.408936 0.000000 1768.853149 0.000000 0.836508 0.000000 0.547955 0.465144 0.465144 0.465144
2498.944824 0.000000 1768.411621 0.000000 0.417274 0.000000 0.908781 0.871033 0.871033 0.871033
2510.777344 0.000000 1771.267822 0.000000 0.073701 0.000000 0.997280 0.837423 0.837423 0.837423
2515.835449 0.000000 1771.902710 0.000000 0.728673 0.000000 0.684862 0.895470 0.895470 0.895470
2950.508057 0.000000 1464.200562 0.000000 0.855084 0.000000 0.518490 0.502984 0.502984 0.502984
2956.375244 0.000000 1466.777222 0.000000 0.841505 0.000000 0.540249 0.413867 0.413867 0.413867
2914.857422 0.000000 1497.722656 0.000000 0.789706 0.000000 0.613485 0.393400 0.393400 0.393400
2900.994385 0.000000 1471.146484 0.000000 0.698624 0.000000 0.715489 0.414023 0.414023 0.414023
2881.451416 0.000000 1477.986206 0.000000 0.775336 0.000000 0.631549 0.719433 0.719433 0.719433
2920.283936 0.000000 1507.060303 0.000000 0.257245 0.000000 0.966346 0.630061 0.630061 0.630061
2919.147461 0.000000 1505.497070 0.000000 0.527075 0.000000 0.849819 0.871445 0.871445 0.871445
2917.379150 0.000000 1505.480347 0.000000 0.553754 0.000000 0.832680 0.922622 0.922622 0.922622
2962.127686 0.000000 1481.869751 0.000000 0.846268 0.000000 0.532757 0.377334 0.377334 0.377334
2980.276123 0.000000 1501.840454 0.000000 0.692488 0.000000 0.721430 0.334322 0.334322 0.334322
2630.215332 0.000000 1743.468872 0.000000 0.068653 0.000000 0.997641 0.240685 0.240685 0.240685
2562.396484 0.000000 1752.877808 0.000000 0.396338 0.000000 0.918105 0.257357 0.257357 0.257357
2696.407471 0.000000 1758.828003 0.000000 0.703184 0.000000 0.711008 0.329099 0.329099 0.329099
2922.288330 0.000000 1604.710327 0.000000 0.804875 0.000000 0.593444 0.393174 0.393174 0.393174
2913.448975 0.000000 1604.859253 0.000000 0.655207 0.000000 0.755449 0.355372 0.355372 0.355372
2854.824463 0.000000 1643.284790 0.000000 0.654149 0.000000 0.756366 0.362844 0.362844 0.362844
2825.795410 0.000000 1638.071289 0.000000 0.162136 0.000000 0.986768 0.562018 0.562018 0.562018
465.360931 0.000000 2023.113525 0.000000 0.557250 0.000000 0.830345 0.342604 0.342604 0.342604
560.648071 0.000000 1960.944458 0.000000 0.495653 0.000000 0.868520 0.312834 0.312834 0.312834
565.789307 0.000000 1963.912476 0.000000 0.340366 0.000000 0.940293 0.602063 0.602063 0.602063
1529.910522 0.000000 2137.872803 0.000000 0.828630 0.000000 0.559797 0.396095 0.396095 0.396095
1529.072632 0.000000 2140.039062 0.000000 0.642092 0.000000 0.766627 0.598299 0.598299 0.598299
1497.621582 0.000000 2194.281006 0.000000 0.644516 0.000000 0.764591 0.319097 0.319097 0.319097
1495.371216 0.000000 2189.420166 0.000000 0.013605 0.000000 0.999907 0.256831 0.256831 0.256831
1469.248291 0.000000 2248.892578 0.000000 0.771985 0.000000 0.635641 0.357349 0.357349 0.357349
1468.832764 0.000000 2235.212402 0.000000 0.293691 0.000000 0.955900 0.594139 0.594139 0.594139
1469.032837 0.000000 2225.078613 0.000000 0.037886 0.000000 0.999282 0.234218 0.234218 0.234218
1471.697998 0.000000 2247.614746 0.000000 0.346619 0.000000 0.938006 0.389180 0.389180 0.389180
1472.255005 0.000000 2250.031494 0.000000 0.753391 0.000000 0.657572 0.347633 0.347633 0.347633
1474.356812 0.000000 2207.788818 0.000000 0.418978 0.000000 0.907997 0.525933 0.525933 0.525933
1478.070312 0.000000 2209.930664 0.000000 0.782901 0.000000 0.622147 0.553601 0.553601 0.553601
1695.825928 0.000000 1985.075562 0.000000 0.287082 0.000000 0.957906 0.231172 0.231172 0.231172
1697.947754 0.000000 2026.426636 0.000000 0.635241 0.000000 0.772314 0.331790 0.331790 0.331790
1806.875732 0.000000 1908.746460 0.000000 0.683113 0.000000 0.730313 0.349450 0.349450 0.349450
1869.506958 0.000000 1899.798828 0.000000 0.334755 0.000000 0.942305 0.286831 0.286831 0.286831
1868.526733 0.000000 1887.030151 0.000000 0.731346 0.000000 0.682006 0.376057 0.376057 0.376057
1924.384888 0.000000 1914.757080 0.000000 0.233230 0.000000 0.972422 0.316511 0.316511 0.316511
1842.789429 0.000000 1989.040405 0.000000 0.278011 0.000000 0.960578 0.237875 0.237875 0.237875
1845.013428 0.000000 2011.599487 0.000000 0.830279 0.000000 0.557348 0.387313 0.387313 0.387313
1838.671509 0.000000 2023.407593 0.000000 0.499549 0.000000 0.866286 0.609996 0.609996 0.609996
1981.292725 0.000000 1933.027710 0.000000 0.431747 0.000000 0.901995 0.269683 0.269683 0.269683
1934.220581 0.000000 1937.549683 0.000000 0.820201 0.000000 0.572075 0.378894 0.378894 0.378894
1936.098755 0.000000 1930.228271 0.000000 0.748076 0.000000 0.663613 0.928805 0.928805 0.928805
2018.015015 0.000000 1940.964233 0.000000 0.803194 0.000000 0.595717 0.376448 0.376448 0.376448
2035.213989 0.000000 1966.725952 0.000000 0.199936 0.000000 0.979809 0.268702 0.268702 0.268702
1988.602173 0.000000 1923.074585 0.000000 0.478899 0.000000 0.877870 0.416226 0.416226 0.416226
1591.637939 0.000000 2049.180908 0.000000 0.655551 0.000000 0.755151 0.322115 0.322115 0.322115
1563.595093 0.000000 2083.961182 0.000000 0.641655 0.000000 0.766994 0.355638 0.355638 0.355638
1597.032837 0.000000 2055.625488 0.000000 0.470694 0.000000 0.882297 0.320713 0.320713 0.320713
1642.009521 0.000000 2088.374268 0.000000 0.316518 0.000000 0.948587 0.299386 0.299386 0.299386
1559.890747 0.000000 2108.979492 0.000000 0.698715 0.000000 0.715400 0.342075 0.342075 0.342075
1555.007568 0.000000 2108.000244 0.000000 0.166132 0.000000 0.986103 0.527095 0.527095 0.527095
1568.618042 0.000000 2093.287598 0.000000 0.414026 0.000000 0.910265 0.501064 0.501064 0.501064
1540.957397 0.000000 2129.769043 0.000000 0.652179 0.000000 0.758065 0.345675 0.345675 0.345675
1545.866211 0.000000 2128.994141 0.000000 0.788954 0.000000 0.614452 0.394689 0.394689 0.394689
1613.506958 0.000000 2125.736328 0.000000 0.402641 0.000000 0.915358 0.283042 0.283042 0.283042
1640.648071 0.000000 2091.248535 0.000000 0.512496 0.000000 0.858690 0.509562 0.509562 0.509562
1628.979858 0.000000 2105.200928 0.000000 0.440468 0.000000 0.897768 0.544393 0.544393 0.544393
1585.519043 0.000000 2152.735840 0.000000 0.270454 0.000000 0.962733 0.228506 0.228506 0.228506
1566.530151 0.000000 2169.866211 0.000000 0.479234 0.000000 0.877687 0.291039 0.291039 0.291039
1570.932617 0.000000 2200.483154 0.000000 0.774869 0.000000 0.632122 0.368029 0.368029 0.368029
1585.393921 0.000000 2171.736084 0.000000 0.591456 0.000000 0.806337 0.678869 0.678869 0.678869
1617.664795 0.000000 2153.062256 0.000000 0.339441 0.000000 0.940627 0.295031 0.295031 0.295031
1563.932739 0.000000 2223.160156 0.000000 0.826097 0.000000 0.563529 0.391271 0.391271 0.391271
1569.365723 0.000000 2213.065430 0.000000 0.522667 0.000000 0.852537 0.525773 0.525773 0.525773
1570.934692 0.000000 2206.459717 0.000000 0.828326 0.000000 0.560247 0.663356 0.663356 0.663356
1853.512329 0.000000 2033.463623 0.000000 0.074337 0.000000 0.997233 0.206926 0.206926 0.206926
1842.318481 0.000000 2033.643433 0.000000 0.215861 0.000000 0.976424 0.495902 0.495902 0.495902
1844.657715 0.000000 2033.473633 0.000000 0.733293 0.000000 0.679913 0.663538 0.663538 0.663538
1865.400879 0.000000 2049.556641 0.000000 0.790701 0.000000 0.612202 0.361587 0.361587 0.361587
1870.220581 0.000000 2107.002686 0.000000 0.649436 0.000000 0.760416 0.332085 0.332085 0.332085
1868.526733 0.000000 2112.967773 0.000000 0.576087 0.000000 0.817388 0.344127 0.344127 0.344127
1873.360962 0.000000 2136.082275 0.000000 0.325994 0.000000 0.945372 0.296355 0.296355 0.296355
1405.512329 0.000000 2315.885498 0.000000 0.445600 0.000000 0.895232 0.290282 0.290282 0.290282
1365.235596 0.000000 2335.720459 0.000000 0.700885 0.000000 0.713274 0.606276 0.606276 0.606276
1419.959473 0.000000 2307.865967 0.000000 0.790993 0.000000 0.611825 0.522567 0.522567 0.522567
2134.477783 0.000000 1842.393311 0.000000 0.430281 0.000000 0.902695 0.284530 0.284530 0.284530
2134.628418 0.000000 1837.527222 0.000000 0.685399 0.000000 0.728168 0.465231 0.465231 0.465231
2137.680908 0.000000 1841.277466 0.000000 0.499889 0.000000 0.866089 0.326253 0.326253 0.326253
2172.013184 0.000000 1822.364746 0.000000 0.678350 0.000000 0.734739 0.901721 0.901721 0.901721
2116.384766 0.000000 1858.272705 0.000000 0.731855 0.000000 0.681460 0.412293 0.412293 0.412293
2148.952637 0.000000 1847.976929 0.000000 0.313604 0.000000 0.949554 0.655419 0.655419 0.655419
2114.268799 0.000000 1860.933838 0.000000 0.192527 0.000000 0.981292 0.646522 0.646522 0.646522
2133.609863 0.000000 1840.149048 0.000000 0.260070 0.000000 0.965590 0.793150 0.793150 0.793150
2060.526855 0.000000 1887.030151 0.000000 0.700720 0.000000 0.713437 0.364644 0.364644 0.364644
2058.565186 0.000000 1866.533325 0.000000 0.043003 0.000000 0.999075 0.522152 0.522152 0.522152
2104.473389 0.000000 1872.115112 0.000000 0.687544 0.000000 0.726142 0.376134 0.376134 0.376134
2057.795410 0.000000 1864.008789 0.000000 0.643108 0.000000 0.765775 0.470052 0.470052 0.470052
2161.519043 0.000000 1870.313965 0.000000 0.846144 0.000000 0.532954 0.381493 0.381493 0.381493
2116.048096 0.000000 1872.334473 0.000000 0.506873 0.000000 0.862021 0.316697 0.316697 0.316697
2118.363770 0.000000 1873.497070 0.000000 0.799569 0.000000 0.600574 0.405189 0.405189 0.405189
2130.498535 0.000000 1867.802368 0.000000 0.149133 0.000000 0.988817 0.287661 0.287661 0.287661
2161.687988 0.000000 1872.936890 0.000000 0.766783 0.000000 0.641906 0.722405 0.722405 0.722405
2166.385498 0.000000 1867.893433 0.000000 0.550390 0.000000 0.834908 0.433716 0.433716 0.433716
2179.510986 0.000000 1854.427979 0.000000 0.152446 0.000000 0.988312 0.257368 0.257368 0.257368
2070.782471 0.000000 1927.772095 0.000000 0.129055 0.000000 0.991637 0.572201 0.572201 0.572201
2109.738281 0.000000 2005.202271 0.000000 0.477861 0.000000 0.878436 0.551232 0.551232 0.551232
2092.051758 0.000000 2009.047485 0.000000 0.353425 0.000000 0.935463 0.310209 0.310209 0.310209
2104.096680 0.000000 2004.597046 0.000000 0.242564 0.000000 0.970135 0.820273 0.820273 0.820273
2100.316895 0.000000 2006.078979 0.000000 0.613178 0.000000 0.789945 0.602156 0.602156 0.602156
2234.368164 0.000000 2028.879028 0.000000 0.143800 0.000000 0.989607 0.202452 0.202452 0.202452
2208.032227 0.000000 2013.890991 0.000000 0.569302 0.000000 0.822129 0.347116 0.347116 0.347116
2207.334473 0.000000 2017.938599 0.000000 0.612023 0.000000 0.790840 0.322029 0.322029 0.322029
2210.735840 0.000000 2016.606201 0.000000 0.138063 0.000000 0.990423 0.252735 0.252735 0.252735
2194.579102 0.000000 2032.141968 0.000000 0.856277 0.000000 0.516516 0.400199 0.400199 0.400199
2372.458496 0.000000 1974.934692 0.000000 0.431935 0.000000 0.901905 0.252044 0.252044 0.252044
2349.516602 0.000000 1991.686401 0.000000 0.827197 0.000000 0.561913 0.370621 0.370621 0.370621
2325.705078 0.000000 2003.820801 0.000000 0.752222 0.000000 0.658910 0.365574 0.365574 0.365574
2338.900879 0.000000 1977.017822 0.000000 0.509742 0.000000 0.860327 0.283147 0.283147 0.283147
2354.789307 0.000000 1989.040405 0.000000 0.810368 0.000000 0.585921 0.381612 0.381612 0.381612
2354.318359 0.000000 1977.159058 0.000000 0.070085 0.000000 0.997541 0.221826 0.221826 0.221826
2315.406250 0.000000 2010.023926 0.000000 0.399884 0.000000 0.916566 0.296371 0.296371 0.296371
2357.566895 0.000000 1989.415405 0.000000 0.292450 0.000000 0.956281 0.380288 0.380288 0.380288
2340.550293 0.000000 2007.747192 0.000000 0.444951 0.000000 0.895555 0.520960 0.520960 0.520960
2381.488037 0.000000 1986.969849 0.000000 0.505675 0.000000 0.862724 0.667712 0.667712 0.667712
2487.107910 0.000000 1965.670044 0.000000 0.195336 0.000000 0.980736 0.212332 0.212332 0.212332
2457.917236 0.000000 1965.234985 0.000000 0.521524 0.000000 0.853237 0.437339 0.437339 0.437339
2506.351318 0.000000 1941.347656 0.000000 0.690697 0.000000 0.723144 0.338050 0.338050 0.338050
2512.244385 0.000000 1949.666626 0.000000 0.369715 0.000000 0.929145 0.883038 0.883038 0.883038
2517.235596 0.000000 1940.329834 0.000000 0.272144 0.000000 0.962257 0.297746 0.297746 0.297746
2501.729492 0.000000 1962.497559 0.000000 0.474675 0.000000 0.880161 0.433330 0.433330 0.433330
2196.569336 0.000000 2038.823975 0.000000 0.761160 0.000000 0.648564 0.348044 0.348044 0.348044
2202.122314 0.000000 2044.245850 0.000000 0.186683 0.000000 0.982420 0.204272 0.204272 0.204272
2208.426758 0.000000 2045.875366 0.000000 0.047034 0.000000 0.998893 0.219828 0.219828 0.219828
2262.937256 0.000000 2047.864868 0.000000 0.763550 0.000000 0.645749 0.361984 0.361984 0.361984
2236.271729 0.000000 2154.919678 0.000000 0.835182 0.000000 0.549973 0.645606 0.645606 0.645606
2258.127686 0.000000 2159.682373 0.000000 0.810602 0.000000 0.585598 0.362945 0.362945 0.362945
3865.505615 0.000000 2200.177979 0.000000 0.856497 0.000000 0.516151 0.410839 0.410839 0.410839
3874.015137 0.000000 2166.901855 0.000000 0.455569 0.000000 0.890200 0.314594 0.314594 0.314594
3851.616455 0.000000 2175.747314 0.000000 0.372798 0.000000 0.927912 0.527474 0.527474 0.527474
3896.346436 0.000000 2168.607178 0.000000 0.527859 0.000000 0.849332 0.456641 0.456641 0.456641
3892.316895 0.000000 2175.532227 0.000000 0.364929 0.000000 0.931035 0.596018 0.596018 0.596018
3883.311523 0.000000 2171.553955 0.000000 0.699895 0.000000 0.714246 0.670953 0.670953 0.670953
3868.793701 0.000000 2205.732422 0.000000 0.132948 0.000000 0.991123 0.187247 0.187247 0.187247
3955.863525 0.000000 2227.263428 0.000000 0.724787 0.000000 0.688973 0.363092 0.363092 0.363092
3957.519043 0.000000 2229.516113 0.000000 0.414415 0.000000 0.910088 0.313725 0.313725 0.313725
3938.111328 0.000000 2234.505859 0.000000 0.530406 0.000000 0.847744 0.346558 0.346558 0.346558
3955.561279 0.000000 2229.152588 0.000000 0.851404 0.000000 0.524510 0.695120 0.695120 0.695120
3894.382080 0.000000 2288.702637 0.000000 0.840679 0.000000 0.541534 0.395635 0.395635 0.395635
3878.686279 0.000000 2259.680664 0.000000 0.447429 0.000000 0.894319 0.295643 0.295643 0.295643
4024.551025 0.000000 2348.718506 0.000000 0.184897 0.000000 0.982758 0.208032 0.208032 0.208032
4390.230957 0.000000 1055.247803 0.000000 0.255594 0.000000 0.966784 0.212504 0.212504 0.212504
4370.127930 0.000000 1086.479126 0.000000 0.107105 0.000000 0.994248 0.189256 0.189256 0.189256
4399.917480 0.000000 1335.922607 0.000000 0.006683 0.000000 0.999978 0.217091 0.217091 0.217091
4617.795410 0.000000 1073.227539 0.000000 0.661351 0.000000 0.750077 0.372631 0.372631 0.372631
4992.042480 0.000000 1299.147949 0.000000 0.361032 0.000000 0.932553 0.302489 0.302489 0.302489
4351.487305 0.000000 1442.337036 0.000000 0.323703 0.000000 0.946159 0.232745 0.232745 0.232745
4329.260742 0.000000 1456.331543 0.000000 0.833046 0.000000 0.553204 0.376408 0.376408 0.376408
4308.089355 0.000000 1513.410645 0.000000 0.814070 0.000000 0.580767 0.374458 0.374458 0.374458
4318.530273 0.000000 1492.053833 0.000000 0.374010 0.000000 0.927425 0.249642 0.249642 0.249642
4333.943359 0.000000 1470.948730 0.000000 0.827836 0.000000 0.560971 0.383357 0.383357 0.383357
4309.208496 0.000000 1508.473022 0.000000 0.455443 0.000000 0.890265 0.274276 0.274276 0.274276
4324.045898 0.000000 1473.868652 0.000000 0.543942 0.000000 0.839123 0.308723 0.308723 0.308723
4315.932617 0.000000 1488.863403 0.000000 0.619598 0.000000 0.784919 0.331341 0.331341 0.331341
4313.916992 0.000000 1513.359985 0.000000 0.820137 0.000000 0.572167 0.408070 0.408070 0.408070
4320.032227 0.000000 1562.015991 0.000000 0.784932 0.000000 0.619582 0.364624 0.364624 0.364624
4322.735840 0.000000 1564.731201 0.000000 0.555989 0.000000 0.831189 0.322518 0.322518 0.322518
4341.860840 0.000000 1573.144531 0.000000 0.435996 0.000000 0.899949 0.481409 0.481409 0.481409
4341.789062 0.000000 1568.521851 0.000000 0.143549 0.000000 0.989643 0.770139 0.770139 0.770139
4396.062988 0.000000 1364.614136 0.000000 0.612470 0.000000 0.790493 0.354912 0.354912 0.354912
4368.971680 0.000000 1404.802002 0.000000 0.458534 0.000000 0.888677 0.283188 0.283188 0.283188
4378.709961 0.000000 1392.664917 0.000000 0.832628 0.000000 0.553833 0.454896 0.454896 0.454896
4399.663086 0.000000 1365.636841 0.000000 0.399876 0.000000 0.916569 0.299843 0.299843 0.299843
4381.530273 0.000000 1382.917358 0.000000 0.440890 0.000000 0.897561 0.302641 0.302641 0.302641
4396.194824 0.000000 1367.702393 0.000000 0.752491 0.000000 0.658602 0.374266 0.374266 0.374266
4413.032715 0.000000 1377.813110 0.000000 0.472179 0.000000 0.881503 0.318568 0.318568 0.318568
4383.330566 0.000000 1388.046143 0.000000 0.728044 0.000000 0.685530 0.563980 0.563980 0.563980
4352.254883 0.000000 1459.250244 0.000000 0.033023 0.000000 0.999455 0.170028 0.170028 0.170028
4595.759277 0.000000 1386.989868 0.000000 0.212100 0.000000 0.977248 0.253523 0.253523 0.253523
4354.356934 0.000000 1473.491943 0.000000 0.208631 0.000000 0.977994 0.283450 0.283450 0.283450
4356.957520 0.000000 1564.925171 0.000000 0.770541 0.000000 0.637391 0.370338 0.370338 0.370338
4309.705078 0.000000 1608.430176 0.000000 0.778278 0.000000 0.627920 0.353311 0.353311 0.353311
4328.015625 0.000000 1589.191040 0.000000 0.785827 0.000000 0.618446 0.393382 0.393382 0.393382
4330.219238 0.000000 1627.777100 0.000000 0.625821 0.000000 0.779967 0.475699 0.475699 0.475699
4242.190430 0.000000 1647.569092 0.000000 0.716165 0.000000 0.697931 0.380524 0.380524 0.380524
4279.062500 0.000000 1689.064331 0.000000 0.759421 0.000000 0.650599 0.371873 0.371873 0.371873
4273.314941 0.000000 1680.745117 0.000000 0.039730 0.000000 0.999210 0.506460 0.506460 0.506460
4345.678223 0.000000 1709.652832 0.000000 0.106589 0.000000 0.994303 0.463478 0.463478 0.463478
4356.458496 0.000000 1636.028442 0.000000 0.364442 0.000000 0.931226 0.235809 0.235809 0.235809
4366.007324 0.000000 1725.421509 0.000000 0.756047 0.000000 0.654518 0.346354 0.346354 0.346354
4371.362793 0.000000 1722.519043 0.000000 0.427279 0.000000 0.904120 0.420492 0.420492 0.420492
4609.318848 0.000000 1394.513428 0.000000 0.784959 0.000000 0.619548 0.352623 0.352623 0.352623
4723.863281 0.000000 1436.482056 0.000000 0.084616 0.000000 0.996414 0.290212 0.290212 0.290212
4727.044922 0.000000 1451.197754 0.000000 0.442847 0.000000 0.896597 0.427684 0.427684 0.427684
4821.705078 0.000000 1551.945801 0.000000 0.768097 0.000000 0.640333 0.346198 0.346198 0.346198
4808.407715 0.000000 1532.890503 0.000000 0.217539 0.000000 0.976052 0.225180 0.225180 0.225180
4840.763184 0.000000 1540.200317 0.000000 0.864359 0.000000 0.502875 0.396011 0.396011 0.396011
4815.831543 0.000000 1529.250000 0.000000 0.818118 0.000000 0.575051 0.406162 0.406162 0.406162
4836.144531 0.000000 1574.039551 0.000000 0.848755 0.000000 0.528787 0.496431 0.496431 0.496431
4839.167969 0.000000 1573.548096 0.000000 0.551845 0.000000 0.833947 0.540988 0.540988 0.540988
4837.577148 0.000000 1573.246704 0.000000 0.264257 0.000000 0.964452 0.856503 0.856503 0.856503
4966.535645 0.000000 1385.133057 0.000000 0.194310 0.000000 0.980940 0.228593 0.228593 0.228593
4983.531250 0.000000 1422.713013 0.000000 0.223609 0.000000 0.974679 0.226445 0.226445 0.226445
5012.968750 0.000000 1464.234497 0.000000 0.845872 0.000000 0.533387 0.376750 0.376750 0.376750
5022.236816 0.000000 1464.639282 0.000000 0.812502 0.000000 0.582958 0.373446 0.373446 0.373446
5037.747070 0.000000 1517.285278 0.000000 0.229603 0.000000 0.973284 0.436831 0.436831 0.436831
5073.664551 0.000000 1531.734131 0.000000 0.360008 0.000000 0.932949 0.306812 0.306812 0.306812
5056.090332 0.000000 1528.373779 0.000000 0.063632 0.000000 0.997973 0.262392 0.262392 0.262392
4912.647949 0.000000 1622.038208 0.000000 0.786844 0.000000 0.617152 0.374715 0.374715 0.374715
4912.746582 0.000000 1584.800171 0.000000 0.253332 0.000000 0.967379 0.404594 0.404594 0.404594
4909.942871 0.000000 1603.503418 0.000000 0.716625 0.000000 0.697459 0.377735 0.377735 0.377735
4950.478027 0.000000 1785.908936 0.000000 0.293299 0.000000 0.956021 0.231583 0.231583 0.231583
5356.062988 0.000000 1025.707886 0.000000 0.625517 0.000000 0.780210 0.466457 0.466457 0.466457
5357.585449 0.000000 1027.151855 0.000000 0.271263 0.000000 0.962505 0.554629 0.554629 0.554629
5407.758301 0.000000 1046.878418 0.000000 0.018140 0.000000 0.999835 0.208698 0.208698 0.208698
8057.910645 0.000000 669.279175 0.000000 0.734794 0.000000 0.678290 0.365728 0.365728 0.365728
8055.867676 0.000000 668.559753 0.000000 0.383166 0.000000 0.923680 0.476751 0.476751 0.476751
6586.544434 0.000000 1339.563721 0.000000 0.789971 0.000000 0.613145 0.354910 0.354910 0.354910
6561.210449 0.000000 1344.013916 0.000000 0.860781 0.000000 0.508975 0.387416 0.387416 0.387416
6551.371094 0.000000 1342.154541 0.000000 0.712091 0.000000 0.702088 0.365633 0.365633 0.365633
6546.579102 0.000000 1354.329468 0.000000 0.654808 0.000000 0.755795 0.343089 0.343089 0.343089
6561.910645 0.000000 1341.463501 0.000000 0.677877 0.000000 0.735176 0.862133 0.862133 0.862133
6653.125000 0.000000 1351.619873 0.000000 0.697511 0.000000 0.716574 0.380633 0.380633 0.380633
6632.199219 0.000000 1329.986572 0.000000 0.113522 0.000000 0.993535 0.543811 0.543811 0.543811
6612.141113 0.000000 1353.072388 0.000000 0.146973 0.000000 0.989140 0.824111 0.824111 0.824111
6712.065918 0.000000 1324.503174 0.000000 0.034129 0.000000 0.999417 0.224359 0.224359 0.224359
6688.032227 0.000000 1336.078491 0.000000 0.004570 0.000000 0.999990 0.168614 0.168614 0.168614
6665.641113 0.000000 1352.328491 0.000000 0.379161 0.000000 0.925331 0.281797 0.281797 0.281797
6657.884766 0.000000 1350.193115 0.000000 0.853904 0.000000 0.520431 0.399357 0.399357 0.399357
6689.099609 0.000000 1333.090332 0.000000 0.317725 0.000000 0.948183 0.313605 0.313605 0.313605
6714.504395 0.000000 1322.899536 0.000000 0.692532 0.000000 0.721387 0.366321 0.366321 0.366321
6692.759766 0.000000 1320.516846 0.000000 0.026142 0.000000 0.999658 0.342411 0.342411 0.342411
6672.244141 0.000000 1328.338501 0.000000 0.824825 0.000000 0.565388 0.399863 0.399863 0.399863
6675.362793 0.000000 1327.128418 0.000000 0.768551 0.000000 0.639788 0.588358 0.588358 0.588358
6831.722656 0.000000 1286.975952 0.000000 0.720332 0.000000 0.693630 0.342985 0.342985 0.342985
6834.842773 0.000000 1317.010620 0.000000 0.002518 0.000000 0.999997 0.183449 0.183449 0.183449
6834.490723 0.000000 1321.930176 0.000000 0.487293 0.000000 0.873238 0.680111 0.680111 0.680111
6836.393066 0.000000 1321.534180 0.000000 0.729774 0.000000 0.683688 0.728981 0.728981 0.728981
6964.463867 0.000000 1314.222412 0.000000 0.826827 0.000000 0.562457 0.412086 0.412086 0.412086
6345.400879 0.000000 1484.712891 0.000000 0.562084 0.000000 0.827080 0.320200 0.320200 0.320200
6342.424805 0.000000 1488.953857 0.000000 0.681355 0.000000 0.731953 0.355774 0.355774 0.355774
6392.639160 0.000000 1473.566040 0.000000 0.015774 0.000000 0.999876 0.353564 0.353564 0.353564
6320.205566 0.000000 1581.536865 0.000000 0.550442 0.000000 0.834873 0.282838 0.282838 0.282838
6310.893555 0.000000 1544.525513 0.000000 0.834817 0.000000 0.550527 0.388874 0.388874 0.388874
6312.763184 0.000000 1540.200317 0.000000 0.711586 0.000000 0.702599 0.342170 0.342170 0.342170
6319.663086 0.000000 1535.089966 0.000000 0.681739 0.000000 0.731595 0.358325 0.358325 0.358325
6368.449219 0.000000 1551.073486 0.000000 0.115908 0.000000 0.993260 0.239073 0.239073 0.239073
6338.311035 0.000000 1561.689209 0.000000 0.099056 0.000000 0.995082 0.341129 0.341129 0.341129
6501.098633 0.000000 1398.495972 0.000000 0.393859 0.000000 0.919171 0.366882 0.366882 0.366882
6499.666992 0.000000 1392.111206 0.000000 0.328511 0.000000 0.944500 0.310680 0.310680 0.310680
6500.144531 0.000000 1404.586426 0.000000 0.753561 0.000000 0.657378 0.555750 0.555750 0.555750
6409.203613 0.000000 1447.810181 0.000000 0.677100 0.000000 0.735891 0.355994 0.355994 0.355994
6490.979980 0.000000 1453.942139 0.000000 0.832731 0.000000 0.553677 0.392549 0.392549 0.392549
6499.991211 0.000000 1427.835815 0.000000 0.493049 0.000000 0.870002 0.294914 0.294914 0.294914
6473.084961 0.000000 1422.927246 0.000000 0.043028 0.000000 0.999074 0.261427 0.261427 0.261427
6510.782227 0.000000 1454.173462 0.000000 0.118402 0.000000 0.992966 0.470197 0.470197 0.470197
6513.314941 0.000000 1454.807617 0.000000 0.667244 0.000000 0.744839 0.736048 0.736048 0.736048
6509.465820 0.000000 1456.405273 0.000000 0.770309 0.000000 0.637670 0.545624 0.545624 0.545624
6500.682129 0.000000 1435.898682 0.000000 0.707576 0.000000 0.706638 0.718756 0.718756 0.718756
6492.720215 0.000000 1452.618530 0.000000 0.423930 0.000000 0.905695 0.899018 0.899018 0.899018
6498.087402 0.000000 1437.164551 0.000000 0.471681 0.000000 0.881769 0.871435 0.871435 0.871435
6536.614258 0.000000 1369.153809 0.000000 0.335609 0.000000 0.942001 0.340631 0.340631 0.340631
6551.408203 0.000000 1367.463135 0.000000 0.182001 0.000000 0.983298 0.287444 0.287444 0.287444
6622.961914 0.000000 1356.586304 0.000000 0.617136 0.000000 0.786856 0.483165 0.483165 0.483165
6612.805176 0.000000 1355.692505 0.000000 0.172570 0.000000 0.984997 0.340005 0.340005 0.340005
6625.049316 0.000000 1356.875244 0.000000 0.560706 0.000000 0.828015 0.576806 0.576806 0.576806
6642.584961 0.000000 1440.003662 0.000000 0.856682 0.000000 0.515845 0.395472 0.395472 0.395472
6632.284180 0.000000 1450.575928 0.000000 0.703091 0.000000 0.711100 0.828928 0.828928 0.828928
6430.060547 0.000000 1516.748657 0.000000 0.562766 0.000000 0.826616 0.341487 0.341487 0.341487
6420.832520 0.000000 1481.173340 0.000000 0.838512 0.000000 0.544883 0.925335 0.925335 0.925335
6453.428223 0.000000 1486.434937 0.000000 0.767997 0.000000 0.640453 0.827126 0.827126 0.827126
6411.442871 0.000000 1486.402344 0.000000 0.503058 0.000000 0.864253 0.869462 0.869462 0.869462
6451.914062 0.000000 1474.382080 0.000000 0.041857 0.000000 0.999124 0.457730 0.457730 0.457730
6439.465820 0.000000 1478.479492 0.000000 0.286419 0.000000 0.958105 0.802947 0.802947 0.802947
6442.638672 0.000000 1519.026367 0.000000 0.435108 0.000000 0.900378 0.618620 0.618620 0.618620
6452.679199 0.000000 1488.283081 0.000000 0.184115 0.000000 0.982905 0.758376 0.758376 0.758376
6467.820801 0.000000 1482.399170 0.000000 0.657241 0.000000 0.753680 0.373089 0.373089 0.373089
6500.575195 0.000000 1470.982788 0.000000 0.714796 0.000000 0.699333 0.381381 0.381381 0.381381
6426.122559 0.000000 1535.886475 0.000000 0.632544 0.000000 0.774525 0.310555 0.310555 0.310555
6422.937012 0.000000 1539.505493 0.000000 0.140559 0.000000 0.990072 0.215690 0.215690 0.215690
6413.099609 0.000000 1544.854736 0.000000 0.607275 0.000000 0.794492 0.342866 0.342866 0.342866
6436.575195 0.000000 1527.467163 0.000000 0.628802 0.000000 0.777565 0.367568 0.367568 0.367568
6408.173828 0.000000 1547.344482 0.000000 0.691609 0.000000 0.722272 0.896635 0.896635 0.896635
6427.203125 0.000000 1564.395874 0.000000 0.453528 0.000000 0.891242 0.537017 0.537017 0.537017
6409.322266 0.000000 1544.045776 0.000000 0.839129 0.000000 0.543933 0.898044 0.898044 0.898044
6453.007812 0.000000 1566.228516 0.000000 0.860182 0.000000 0.509986 0.623890 0.623890 0.623890
6410.704590 0.000000 1547.820679 0.000000 0.749236 0.000000 0.662303 0.718123 0.718123 0.718123
6580.706543 0.000000 1524.909058 0.000000 0.508643 0.000000 0.860978 0.485337 0.485337 0.485337
6635.690430 0.000000 1472.157715 0.000000 0.657522 0.000000 0.753435 0.803402 0.803402 0.803402
6633.650879 0.000000 1477.880493 0.000000 0.069132 0.000000 0.997608 0.466972 0.466972 0.466972
6577.519043 0.000000 1531.407715 0.000000 0.736253 0.000000 0.676706 0.343848 0.343848 0.343848
6589.212891 0.000000 1550.469849 0.000000 0.635904 0.000000 0.771768 0.326671 0.326671 0.326671
6591.510742 0.000000 1549.814819 0.000000 0.408500 0.000000 0.912758 0.495336 0.495336 0.495336
6580.657715 0.000000 1525.114258 0.000000 0.568134 0.000000 0.822936 0.496684 0.496684 0.496684
6587.429199 0.000000 1550.390747 0.000000 0.140918 0.000000 0.990021 0.728573 0.728573 0.728573
6626.857422 0.000000 1554.207031 0.000000 0.721617 0.000000 0.692292 0.368565 0.368565 0.368565
6601.322266 0.000000 1544.045776 0.000000 0.323573 0.000000 0.946203 0.475850 0.475850 0.475850
6651.003418 0.000000 1571.087769 0.000000 0.771195 0.000000 0.636598 0.713289 0.713289 0.713289
6632.199219 0.000000 1555.924072 0.000000 0.048240 0.000000 0.998836 0.553922 0.553922 0.553922
6604.062012 0.000000 1546.383545 0.000000 0.462576 0.000000 0.886580 0.862046 0.862046 0.862046
6608.004883 0.000000 1542.545898 0.000000 0.448305 0.000000 0.893880 0.884866 0.884866 0.884866
6606.469238 0.000000 1543.736694 0.000000 0.368319 0.000000 0.929699 0.907922 0.907922 0.907922
6317.943359 0.000000 1583.917480 0.000000 0.819318 0.000000 0.573339 0.395964 0.395964 0.395964
6281.063965 0.000000 1612.024536 0.000000 0.845531 0.000000 0.533927 0.390953 0.390953 0.390953
6326.180664 0.000000 1605.412720 0.000000 0.685912 0.000000 0.727685 0.657710 0.657710 0.657710
6308.952637 0.000000 1622.039429 0.000000 0.857016 0.000000 0.515290 0.564994 0.564994 0.564994
6293.422363 0.000000 1605.917358 0.000000 0.847976 0.000000 0.530035 0.884473 0.884473 0.884473
6346.564941 0.000000 1584.111450 0.000000 0.383419 0.000000 0.923575 0.315272 0.315272 0.315272
6354.498535 0.000000 1585.380493 0.000000 0.287458 0.000000 0.957793 0.488670 0.488670 0.488670
6359.366211 0.000000 1584.215210 0.000000 0.648078 0.000000 0.761574 0.774559 0.774559 0.774559
6361.304688 0.000000 1582.556152 0.000000 0.813415 0.000000 0.581683 0.801545 0.801545 0.801545
6353.288086 0.000000 1586.643799 0.000000 0.019303 0.000000 0.999814 0.824536 0.824536 0.824536
6354.929199 0.000000 1587.036743 0.000000 0.150396 0.000000 0.988626 0.850061 0.850061 0.850061
6374.230957 0.000000 1676.575928 0.000000 0.744761 0.000000 0.667331 0.339942 0.339942 0.339942
6362.979980 0.000000 1679.879639 0.000000 0.254106 0.000000 0.967176 0.231848 0.231848 0.231848
6381.943359 0.000000 1640.401855 0.000000 0.398597 0.000000 0.917126 0.290908 0.290908 0.290908
6386.318359 0.000000 1638.252808 0.000000 0.741353 0.000000 0.671115 0.365826 0.365826 0.365826
6383.135742 0.000000 1654.103027 0.000000 0.336600 0.000000 0.941648 0.521184 0.521184 0.521184
6359.885254 0.000000 1720.311401 0.000000 0.149508 0.000000 0.988760 0.357469 0.357469 0.357469
6445.814941 0.000000 1618.108643 0.000000 0.340165 0.000000 0.940366 0.776287 0.776287 0.776287
6685.530273 0.000000 1439.401733 0.000000 0.075976 0.000000 0.997110 0.274418 0.274418 0.274418
6717.638184 0.000000 1431.832642 0.000000 0.434208 0.000000 0.900813 0.499922 0.499922 0.499922
6658.311035 0.000000 1448.720459 0.000000 0.856758 0.000000 0.515718 0.593717 0.593717 0.593717
6671.870117 0.000000 1448.932251 0.000000 0.309328 0.000000 0.950955 0.842865 0.842865 0.842865
6701.465820 0.000000 1456.405273 0.000000 0.705107 0.000000 0.709101 0.662021 0.662021 0.662021
6698.678223 0.000000 1450.284424 0.000000 0.667346 0.000000 0.744748 0.569521 0.569521 0.569521
6720.514160 0.000000 1428.190186 0.000000 0.358486 0.000000 0.933535 0.311059 0.311059 0.311059
6866.579102 0.000000 1410.813843 0.000000 0.784408 0.000000 0.620245 0.382994 0.382994 0.382994
6831.448242 0.000000 1436.616943 0.000000 0.676358 0.000000 0.736573 0.769667 0.769667 0.769667
6870.077637 0.000000 1429.284058 0.000000 0.344137 0.000000 0.938919 0.315048 0.315048 0.315048
6879.632324 0.000000 1422.778198 0.000000 0.215176 0.000000 0.976575 0.810374 0.810374 0.810374
6701.375000 0.000000 1493.515381 0.000000 0.859410 0.000000 0.511287 0.421418 0.421418 0.421418
6701.942871 0.000000 1490.534668 0.000000 0.476958 0.000000 0.878926 0.570752 0.570752 0.570752
6699.095215 0.000000 1482.912354 0.000000 0.242021 0.000000 0.970271 0.338347 0.338347 0.338347
6721.884766 0.000000 1519.646240 0.000000 0.193431 0.000000 0.981114 0.231508 0.231508 0.231508
6754.857422 0.000000 1497.722656 0.000000 0.049322 0.000000 0.998783 0.316916 0.316916 0.316916
6754.087402 0.000000 1493.648926 0.000000 0.249174 0.000000 0.968459 0.672020 0.672020 0.672020
6666.618164 0.000000 1576.521362 0.000000 0.335802 0.000000 0.941933 0.873962 0.873962 0.873962
6771.456055 0.000000 1575.366333 0.000000 0.769601 0.000000 0.638526 0.359687 0.359687 0.359687
6781.292480 0.000000 1537.637085 0.000000 0.048673 0.000000 0.998815 0.206449 0.206449 0.206449
6775.794922 0.000000 1538.084351 0.000000 0.149048 0.000000 0.988830 0.612500 0.612500 0.612500
6812.431641 0.000000 1476.101562 0.000000 0.854833 0.000000 0.518903 0.416031 0.416031 0.416031
6814.725586 0.000000 1472.186279 0.000000 0.805810 0.000000 0.592174 0.799551 0.799551 0.799551
6875.131348 0.000000 1484.714966 0.000000 0.283806 0.000000 0.958882 0.246790 0.246790 0.246790
6873.706543 0.000000 1482.233154 0.000000 0.580413 0.000000 0.814322 0.575792 0.575792 0.575792
6790.363770 0.000000 1534.590820 0.000000 0.600482 0.000000 0.799638 0.381483 0.381483 0.381483
6868.994629 0.000000 1527.630859 0.000000 0.459018 0.000000 0.888427 0.322622 0.322622 0.322622
6968.065918 0.000000 1437.471924 0.000000 0.319787 0.000000 0.947490 0.228124 0.228124 0.228124
7017.563477 0.000000 1438.600342 0.000000 0.804295 0.000000 0.594230 0.364415 0.364415 0.364415
7032.550781 0.000000 1444.968506 0.000000 0.730267 0.000000 0.683162 0.366783 0.366783 0.366783
7037.658691 0.000000 1447.425171 0.000000 0.194533 0.000000 0.980896 0.272921 0.272921 0.272921
7012.276367 0.000000 1445.356079 0.000000 0.685237 0.000000 0.728320 0.344486 0.344486 0.344486
7021.311035 0.000000 1446.459229 0.000000 0.447250 0.000000 0.894409 0.363038 0.363038 0.363038
6982.424805 0.000000 1432.469482 0.000000 0.859909 0.000000 0.510448 0.421561 0.421561 0.421561
6980.755371 0.000000 1439.982056 0.000000 0.747307 0.000000 0.664479 0.497672 0.497672 0.497672
7020.127930 0.000000 1439.550659 0.000000 0.725839 0.000000 0.687865 0.377570 0.377570 0.377570
7154.789551 0.000000 1367.712280 0.000000 0.649930 0.000000 0.759994 0.319280 0.319280 0.319280
7154.584961 0.000000 1383.519287 0.000000 0.368788 0.000000 0.929514 0.252031 0.252031 0.252031
7061.705078 0.000000 1438.977051 0.000000 0.060232 0.000000 0.998184 0.165691 0.165691 0.165691
7041.318848 0.000000 1450.997803 0.000000 0.701930 0.000000 0.712246 0.324562 0.324562 0.324562
7071.453613 0.000000 1428.839478 0.000000 0.811710 0.000000 0.584061 0.363827 0.363827 0.363827
7058.817383 0.000000 1442.553223 0.000000 0.825015 0.000000 0.565111 0.722521 0.722521 0.722521
7067.635742 0.000000 1435.159790 0.000000 0.562403 0.000000 0.826863 0.378803 0.378803 0.378803
7119.130859 0.000000 1451.481201 0.000000 0.826463 0.000000 0.562991 0.371234 0.371234 0.371234
7130.979980 0.000000 1453.942139 0.000000 0.628906 0.000000 0.777482 0.306884 0.306884 0.306884
7131.932617 0.000000 1432.379028 0.000000 0.680552 0.000000 0.732700 0.342032 0.342032 0.342032
7166.270020 0.000000 1416.540771 0.000000 0.267229 0.000000 0.963633 0.244361 0.244361 0.244361
7124.436035 0.000000 1454.381226 0.000000 0.141055 0.000000 0.990002 0.282159 0.282159 0.282159
6997.668945 0.000000 1478.382690 0.000000 0.838050 0.000000 0.545594 0.399940 0.399940 0.399940
6939.635742 0.000000 1548.128540 0.000000 0.823245 0.000000 0.567686 0.399398 0.399398 0.399398
6999.890625 0.000000 1544.135864 0.000000 0.718885 0.000000 0.695129 0.342559 0.342559 0.342559
7007.826172 0.000000 1533.200562 0.000000 0.306359 0.000000 0.951916 0.267484 0.267484 0.267484
7020.083496 0.000000 1545.139160 0.000000 0.616858 0.000000 0.787074 0.317117 0.317117 0.317117
7002.364746 0.000000 1550.639404 0.000000 0.674366 0.000000 0.738397 0.358459 0.358459 0.358459
7014.686523 0.000000 1525.383911 0.000000 0.723686 0.000000 0.690129 0.360522 0.360522 0.360522
7017.656250 0.000000 1565.187866 0.000000 0.327049 0.000000 0.945008 0.285415 0.285415 0.285415
7052.978516 0.000000 1469.329712 0.000000 0.749292 0.000000 0.662240 0.340893 0.340893 0.340893
7102.270020 0.000000 1473.025146 0.000000 0.677323 0.000000 0.735686 0.343045 0.343045 0.343045
6679.408203 0.000000 1593.400635 0.000000 0.211231 0.000000 0.977436 0.475904 0.475904 0.475904
6702.693848 0.000000 1613.621094 0.000000 0.594257 0.000000 0.804275 0.731908 0.731908 0.731908
6781.248047 0.000000 1627.564575 0.000000 0.430422 0.000000 0.902628 0.281187 0.281187 0.281187
6729.278320 0.000000 1631.646118 0.000000 0.712145 0.000000 0.702033 0.374972 0.374972 0.374972
6753.448730 0.000000 1661.343628 0.000000 0.793181 0.000000 0.608986 0.392355 0.392355 0.392355
6756.759766 0.000000 1659.423096 0.000000 0.055044 0.000000 0.998484 0.317790 0.317790 0.317790
6779.739258 0.000000 1642.553467 0.000000 0.643134 0.000000 0.765754 0.525999 0.525999 0.525999
6766.245605 0.000000 1657.969360 0.000000 0.339084 0.000000 0.940756 0.793401 0.793401 0.793401
6798.650879 0.000000 1631.903320 0.000000 0.279326 0.000000 0.960196 0.365282 0.365282 0.365282
6784.042480 0.000000 1638.054199 0.000000 0.555454 0.000000 0.831547 0.355494 0.355494 0.355494
6787.050781 0.000000 1641.441162 0.000000 0.070563 0.000000 0.997507 0.816857 0.816857 0.816857
7454.060547 0.000000 1290.811157 0.000000 0.684910 0.000000 0.728628 0.359686 0.359686 0.359686
7438.953125 0.000000 1353.112305 0.000000 0.619298 0.000000 0.785156 0.313010 0.313010 0.313010
7458.857422 0.000000 1328.269531 0.000000 0.179678 0.000000 0.983725 0.336949 0.336949 0.336949
7460.916016 0.000000 1327.203003 0.000000 0.517412 0.000000 0.855737 0.578325 0.578325 0.578325
7865.384766 0.000000 1016.486145 0.000000 0.715577 0.000000 0.698533 0.369968 0.369968 0.369968
7878.057129 0.000000 1005.172119 0.000000 0.468477 0.000000 0.883475 0.321920 0.321920 0.321920
7838.530273 0.000000 1040.178833 0.000000 0.649300 0.000000 0.760533 0.326225 0.326225 0.326225
7860.003906 0.000000 1020.046326 0.000000 0.697249 0.000000 0.716829 0.576161 0.576161 0.576161
7846.385742 0.000000 1033.563721 0.000000 0.511486 0.000000 0.859292 0.770794 0.770794 0.770794
8143.272949 0.000000 1095.121704 0.000000 0.034929 0.000000 0.999390 0.203797 0.203797 0.203797
8154.364746 0.000000 1098.764404 0.000000 0.496732 0.000000 0.867904 0.299674 0.299674 0.299674
8146.817383 0.000000 1103.646973 0.000000 0.718897 0.000000 0.695117 0.359831 0.359831 0.359831
8153.681152 0.000000 1106.980591 0.000000 0.839394 0.000000 0.543523 0.406824 0.406824 0.406824
8152.795410 0.000000 1101.115356 0.000000 0.374263 0.000000 0.927322 0.798849 0.798849 0.798849
8142.979980 0.000000 1098.043335 0.000000 0.738953 0.000000 0.673757 0.463453 0.463453 0.463453
8147.640625 0.000000 1098.514893 0.000000 0.411729 0.000000 0.911307 0.331276 0.331276 0.331276
8135.143066 0.000000 1100.587646 0.000000 0.314007 0.000000 0.949421 0.474219 0.474219 0.474219
8139.263184 0.000000 1109.765503 0.000000 0.040865 0.000000 0.999165 0.639164 0.639164 0.639164
8145.862305 0.000000 1109.530518 0.000000 0.326178 0.000000 0.945308 0.858074 0.858074 0.858074
7890.817383 0.000000 1160.131348 0.000000 0.662775 0.000000 0.748818 0.358972 0.358972 0.358972
7738.368164 0.000000 1294.582153 0.000000 0.578389 0.000000 0.815761 0.341728 0.341728 0.341728
7743.586426 0.000000 1296.090820 0.000000 0.743629 0.000000 0.668593 0.374673 0.374673 0.374673
7733.005371 0.000000 1294.851440 0.000000 0.218969 0.000000 0.975732 0.425938 0.425938 0.425938
7739.305664 0.000000 1292.435303 0.000000 0.140548 0.000000 0.990074 0.543111 0.543111 0.543111
7737.072754 0.000000 1292.773315 0.000000 0.096605 0.000000 0.995323 0.476280 0.476280 0.476280
7745.884766 0.000000 1293.708740 0.000000 0.602991 0.000000 0.797748 0.615012 0.615012 0.615012
7753.400879 0.000000 1315.259766 0.000000 0.527226 0.000000 0.849725 0.282104 0.282104 0.282104
7222.864258 0.000000 1467.108032 0.000000 0.441838 0.000000 0.897095 0.291156 0.291156 0.291156
7197.422852 0.000000 1450.661255 0.000000 0.035423 0.000000 0.999372 0.520923 0.520923 0.520923
7265.947754 0.000000 1461.582886 0.000000 0.580742 0.000000 0.814088 0.318699 0.318699 0.318699
7408.580566 0.000000 1386.065796 0.000000 0.843312 0.000000 0.537424 0.513521 0.513521 0.513521
7318.478027 0.000000 1447.002686 0.000000 0.266187 0.000000 0.963922 0.220756 0.220756 0.220756
7546.368164 0.000000 1407.550903 0.000000 0.217275 0.000000 0.976110 0.204876 0.204876 0.204876
7630.873047 0.000000 1363.672119 0.000000 0.815474 0.000000 0.578793 0.377260 0.377260 0.377260
7630.220703 0.000000 1372.705933 0.000000 0.213967 0.000000 0.976841 0.226466 0.226466 0.226466
4825.916992 0.000000 1852.266235 0.000000 0.035703 0.000000 0.999362 0.237288 0.237288 0.237288
4797.032715 0.000000 1942.656860 0.000000 0.212079 0.000000 0.977253 0.285028 0.285028 0.285028
4838.230957 0.000000 2071.966553 0.000000 0.536091 0.000000 0.844160 0.277575 0.277575 0.277575
4826.122559 0.000000 2044.245850 0.000000 0.703143 0.000000 0.711048 0.333233 0.333233 0.333233
4829.958984 0.000000 2043.637817 0.000000 0.346553 0.000000 0.938030 0.429065 0.429065 0.429065
4816.716797 0.000000 2122.019775 0.000000 0.746604 0.000000 0.665268 0.535032 0.535032 0.535032
4805.572266 0.000000 2136.852783 0.000000 0.264341 0.000000 0.964429 0.652693 0.652693 0.652693
4833.987305 0.000000 2127.535645 0.000000 0.065429 0.000000 0.997857 0.577738 0.577738 0.577738
4815.130859 0.000000 2242.262451 0.000000 0.696741 0.000000 0.717323 0.335537 0.335537 0.335537
4800.254883 0.000000 2250.031494 0.000000 0.184599 0.000000 0.982814 0.202781 0.202781 0.202781
4810.351562 0.000000 2223.769531 0.000000 0.086561 0.000000 0.996247 0.208216 0.208216 0.208216
4804.763672 0.000000 2239.082764 0.000000 0.369869 0.000000 0.929084 0.281732 0.281732 0.281732
4811.406250 0.000000 2235.961426 0.000000 0.184759 0.000000 0.982784 0.248457 0.248457 0.248457
4814.389160 0.000000 2236.275391 0.000000 0.362278 0.000000 0.932070 0.540329 0.540329 0.540329
4815.870117 0.000000 2239.713379 0.000000 0.313346 0.000000 0.949639 0.843393 0.843393 0.843393
4895.005371 0.000000 2068.342285 0.000000 0.585532 0.000000 0.810649 0.458518 0.458518 0.458518
4297.641113 0.000000 2312.562744 0.000000 0.324379 0.000000 0.945927 0.310010 0.310010 0.310010
4281.460938 0.000000 2315.962646 0.000000 0.627433 0.000000 0.778671 0.417285 0.417285 0.417285
4292.458496 0.000000 2370.325439 0.000000 0.530666 0.000000 0.847581 0.278428 0.278428 0.278428
4297.278320 0.000000 2365.942871 0.000000 0.115038 0.000000 0.993361 0.248727 0.248727 0.248727
4239.272949 0.000000 2394.262207 0.000000 0.325482 0.000000 0.945548 0.242432 0.242432 0.242432
4328.763184 0.000000 2387.465820 0.000000 0.581988 0.000000 0.813197 0.316857 0.316857 0.316857
4294.424805 0.000000 2392.703857 0.000000 0.012312 0.000000 0.999924 0.270636 0.270636 0.270636
4295.408691 0.000000 2390.181152 0.000000 0.769354 0.000000 0.638823 0.390230 0.390230 0.390230
4326.385742 0.000000 2389.188721 0.000000 0.685948 0.000000 0.727651 0.442649 0.442649 0.442649
5280.449219 0.000000 1889.979736 0.000000 0.617901 0.000000 0.786256 0.342456 0.342456 0.342456
5252.948730 0.000000 1864.099487 0.000000 0.816183 0.000000 0.577794 0.390422 0.390422 0.390422
5307.000977 0.000000 1901.785400 0.000000 0.854737 0.000000 0.519062 0.413549 0.413549 0.413549
5294.693848 0.000000 1896.042969 0.000000 0.722434 0.000000 0.691440 0.437043 0.437043 0.437043
5332.089355 0.000000 1908.801270 0.000000 0.048688 0.000000 0.998814 0.177953 0.177953 0.177953
5337.916992 0.000000 1908.750610 0.000000 0.632465 0.000000 0.774589 0.368933 0.368933 0.368933
5229.814941 0.000000 2126.468018 0.000000 0.054202 0.000000 0.998530 0.635679 0.635679 0.635679
5250.026855 0.000000 2082.063721 0.000000 0.774087 0.000000 0.633079 0.594618 0.594618 0.594618
5259.786133 0.000000 2094.974854 0.000000 0.077609 0.000000 0.996984 0.278020 0.278020 0.278020
"}
object={
	name="palm_dense_generator_1_1"
	clamp_to_water_level=no
	render_under_water=no
	generated_content=yes
	layer="semidynamic"
	pdxmesh="tree_palm_02_mesh"
	count=500
	transform="2285.433838 0.000000 1441.838623 0.000000 0.868047 0.000000 -0.496481 0.603311 0.603311 0.603311
2266.709961 0.000000 1505.633667 0.000000 0.932672 0.000000 0.360725 0.429379 0.429379 0.429379
2327.191895 0.000000 1458.000000 0.000000 0.999168 0.000000 0.040785 0.493415 0.493415 0.493415
2338.111328 0.000000 1443.724609 0.000000 0.967914 0.000000 0.251283 0.486492 0.486492 0.486492
2378.072266 0.000000 1468.281372 0.000000 0.976428 0.000000 -0.215845 0.534788 0.534788 0.534788
2404.575195 0.000000 1414.498413 0.000000 0.869636 0.000000 0.493693 0.421691 0.421691 0.421691
2325.705078 0.000000 1495.461426 0.000000 0.984505 0.000000 0.175354 0.461121 0.461121 0.461121
2359.637939 0.000000 1484.337158 0.000000 0.936179 0.000000 -0.351524 0.578152 0.578152 0.578152
2374.330566 0.000000 1480.690552 0.000000 0.977814 0.000000 -0.209473 0.542755 0.542755 0.542755
2370.575684 0.000000 1509.720825 0.000000 0.867764 0.000000 -0.496976 0.576545 0.576545 0.576545
2365.658936 0.000000 1560.393921 0.000000 0.986214 0.000000 0.165473 0.466570 0.466570 0.466570
2380.978516 0.000000 1525.814087 0.000000 0.999642 0.000000 0.026757 0.494378 0.494378 0.494378
2368.513916 0.000000 1541.158936 0.000000 0.996637 0.000000 -0.081944 0.515453 0.515453 0.515453
2388.984863 0.000000 1562.276123 0.000000 0.982411 0.000000 -0.186732 0.530598 0.530598 0.530598
2170.544434 0.000000 1734.954346 0.000000 0.978021 0.000000 -0.208505 0.546330 0.546330 0.546330
2149.098633 0.000000 1793.886597 0.000000 0.874364 0.000000 0.485271 0.401525 0.401525 0.401525
2168.473389 0.000000 1759.146362 0.000000 0.940583 0.000000 -0.339564 0.553842 0.553842 0.553842
2154.219238 0.000000 1797.230225 0.000000 0.944082 0.000000 0.329712 0.602810 0.602810 0.602810
2214.535645 0.000000 1724.039307 0.000000 0.911399 0.000000 0.411524 0.417251 0.417251 0.417251
2217.967773 0.000000 1724.349121 0.000000 0.999362 0.000000 0.035707 0.494316 0.494316 0.494316
2228.080566 0.000000 1707.724731 0.000000 0.976724 0.000000 -0.214501 1.024773 1.024773 1.024773
2276.759766 0.000000 1715.907471 0.000000 0.999995 0.000000 -0.003241 0.549514 0.549514 0.549514
2260.832764 0.000000 1707.110840 0.000000 0.991466 0.000000 0.130362 0.479683 0.479683 0.479683
2296.096680 0.000000 1722.175171 0.000000 0.937100 0.000000 0.349061 0.618841 0.618841 0.618841
2382.007324 0.000000 1612.452759 0.000000 0.939878 0.000000 -0.341509 0.564344 0.564344 0.564344
2352.205322 0.000000 1694.505615 0.000000 0.927521 0.000000 -0.373770 0.576460 0.576460 0.576460
2332.161133 0.000000 1686.658936 0.000000 0.978312 0.000000 0.207137 0.854949 0.854949 0.854949
2421.861084 0.000000 1686.113281 0.000000 0.984953 0.000000 0.172823 0.471575 0.471575 0.471575
2330.122314 0.000000 1705.339600 0.000000 0.960027 0.000000 0.279907 0.439550 0.439550 0.439550
2389.668701 0.000000 1760.804565 0.000000 0.992396 0.000000 -0.123083 0.523890 0.523890 0.523890
2509.099609 0.000000 1770.792236 0.000000 0.999609 0.000000 -0.027956 0.769238 0.769238 0.769238
2526.952637 0.000000 1770.527954 0.000000 0.873817 0.000000 0.486254 0.662635 0.662635 0.662635
2512.186279 0.000000 1770.166870 0.000000 0.947505 0.000000 -0.319742 1.031445 1.031445 1.031445
2517.452637 0.000000 1772.998535 0.000000 0.993309 0.000000 0.115489 0.918986 0.918986 0.918986
2504.404785 0.000000 1771.443481 0.000000 0.981915 0.000000 -0.189320 1.024394 1.024394 1.024394
2512.278564 0.000000 1771.734863 0.000000 0.893737 0.000000 -0.448592 1.044945 1.044945 1.044945
2513.818115 0.000000 1770.176758 0.000000 0.997418 0.000000 -0.071817 1.006945 1.006945 1.006945
2915.764893 0.000000 1494.441040 0.000000 0.893372 0.000000 -0.449317 0.590221 0.590221 0.590221
2883.913086 0.000000 1479.530273 0.000000 0.868297 0.000000 -0.496045 0.915941 0.915941 0.915941
2886.363770 0.000000 1478.106445 0.000000 0.984884 0.000000 -0.173218 0.525752 0.525752 0.525752
2989.311035 0.000000 1502.943604 0.000000 0.921874 0.000000 -0.387490 0.574952 0.574952 0.574952
2980.759766 0.000000 1489.969971 0.000000 0.971105 0.000000 0.238651 0.521809 0.521809 0.521809
2971.504150 0.000000 1482.572144 0.000000 0.909818 0.000000 0.415007 0.856880 0.856880 0.856880
2779.932861 0.000000 1658.316528 0.000000 0.888767 0.000000 0.458360 0.412807 0.412807 0.412807
2636.375244 0.000000 1749.199097 0.000000 0.987990 0.000000 -0.154519 0.523413 0.523413 0.523413
2670.782471 0.000000 1736.595337 0.000000 0.895456 0.000000 0.445151 0.464712 0.464712 0.464712
2567.914795 0.000000 1752.852539 0.000000 0.951058 0.000000 -0.309012 0.559646 0.559646 0.559646
2647.491943 0.000000 1751.647095 0.000000 0.954571 0.000000 0.297982 0.440965 0.440965 0.440965
2700.978516 0.000000 1751.751587 0.000000 0.905815 0.000000 -0.423673 0.595188 0.595188 0.595188
2702.873047 0.000000 1759.062744 0.000000 0.928781 0.000000 0.370630 0.425921 0.425921 0.425921
2864.205322 0.000000 1638.021240 0.000000 0.938519 0.000000 0.345228 0.422253 0.422253 0.422253
2821.572266 0.000000 1628.493286 0.000000 0.960777 0.000000 0.277322 0.660274 0.660274 0.660274
2914.015137 0.000000 1602.057983 0.000000 0.984269 0.000000 0.176676 0.464683 0.464683 0.464683
2925.942871 0.000000 1603.503418 0.000000 0.915803 0.000000 -0.401628 0.564849 0.564849 0.564849
2862.042969 0.000000 1643.901489 0.000000 0.896122 0.000000 -0.443807 0.578697 0.578697 0.578697
3716.458496 0.000000 1805.481567 0.000000 0.977809 0.000000 -0.209497 0.546554 0.546554 0.546554
567.060730 0.000000 1962.068481 0.000000 0.928147 0.000000 0.372214 0.433301 0.433301 0.433301
562.216248 0.000000 1965.013550 0.000000 0.870709 0.000000 0.491798 0.706247 0.706247 0.706247
1527.432007 0.000000 2139.005615 0.000000 0.940924 0.000000 0.338617 0.763347 0.763347 0.763347
1490.127686 0.000000 2159.682373 0.000000 0.992432 0.000000 -0.122794 0.525678 0.525678 0.525678
1487.197021 0.000000 2158.039062 0.000000 0.954626 0.000000 0.297806 0.450287 0.450287 0.450287
1514.835938 0.000000 2152.412598 0.000000 0.987323 0.000000 -0.158721 0.524891 0.524891 0.524891
1520.891357 0.000000 2174.780273 0.000000 0.974531 0.000000 -0.224253 0.998567 0.998567 0.998567
1470.624390 0.000000 2211.710693 0.000000 0.895055 0.000000 -0.445956 0.584993 0.584993 0.584993
1469.638184 0.000000 2222.613770 0.000000 0.954816 0.000000 -0.297196 0.769608 0.769608 0.769608
1469.382446 0.000000 2233.192871 0.000000 0.971070 0.000000 -0.238795 0.890988 0.890988 0.890988
1467.502197 0.000000 2214.887939 0.000000 0.970463 0.000000 -0.241250 0.944098 0.944098 0.944098
1480.407593 0.000000 2210.702881 0.000000 0.981824 0.000000 -0.189793 0.540974 0.540974 0.540974
1757.020508 0.000000 1933.299072 0.000000 0.999632 0.000000 -0.027138 0.504421 0.504421 0.504421
1694.608765 0.000000 1982.492798 0.000000 0.894665 0.000000 -0.446738 0.576482 0.576482 0.576482
1697.491699 0.000000 1982.848389 0.000000 0.982741 0.000000 0.184984 0.583287 0.583287 0.583287
1866.351440 0.000000 1884.863281 0.000000 0.990777 0.000000 -0.135505 0.523262 0.523262 0.523262
1980.013062 0.000000 1878.849121 0.000000 0.878155 0.000000 0.478376 0.639558 0.639558 0.639558
1972.679199 0.000000 1883.673706 0.000000 0.934570 0.000000 0.355779 0.800585 0.800585 0.800585
1909.519043 0.000000 1947.094116 0.000000 0.927657 0.000000 -0.373433 0.561483 0.561483 0.561483
1902.693970 0.000000 1952.527344 0.000000 0.980855 0.000000 -0.194741 0.970328 0.970328 0.970328
1828.045898 0.000000 1982.228027 0.000000 0.982203 0.000000 0.187823 0.461296 0.461296 0.461296
1847.531372 0.000000 1987.556763 0.000000 0.993644 0.000000 -0.112569 0.521840 0.521840 0.521840
1832.015625 0.000000 1984.581665 0.000000 0.879971 0.000000 0.475028 0.414175 0.414175 0.414175
1847.819336 0.000000 1995.784058 0.000000 0.917856 0.000000 0.396914 0.435958 0.435958 0.435958
1938.127686 0.000000 1933.744751 0.000000 0.982970 0.000000 -0.183765 0.539657 0.539657 0.539657
1957.432373 0.000000 1931.495850 0.000000 0.959002 0.000000 0.283400 0.441141 0.441141 0.441141
1934.686646 0.000000 1935.060181 0.000000 0.980219 0.000000 -0.197914 1.027605 1.027605 1.027605
1937.219849 0.000000 1931.927490 0.000000 0.999980 0.000000 -0.006294 1.000618 1.000618 1.000618
1926.935791 0.000000 1924.044556 0.000000 0.915832 0.000000 -0.401561 0.965327 0.965327 0.965327
1569.947754 0.000000 2082.911133 0.000000 0.921606 0.000000 0.388127 0.423724 0.423724 0.423724
1565.392090 0.000000 2078.110840 0.000000 0.904314 0.000000 0.426868 0.418248 0.418248 0.418248
1567.328735 0.000000 2083.759277 0.000000 0.886646 0.000000 -0.462448 1.017275 1.017275 1.017275
1583.436157 0.000000 2068.158936 0.000000 0.995266 0.000000 0.097184 0.699877 0.699877 0.699877
1564.161133 0.000000 2082.049561 0.000000 0.958693 0.000000 -0.284443 0.826050 0.826050 0.826050
1645.836670 0.000000 2086.070312 0.000000 0.975174 0.000000 -0.221438 0.732282 0.732282 0.732282
1570.901001 0.000000 2089.986572 0.000000 0.996532 0.000000 0.083214 0.482685 0.482685 0.482685
1553.256958 0.000000 2124.636719 0.000000 0.919198 0.000000 -0.393795 0.577758 0.577758 0.577758
1556.094971 0.000000 2105.322754 0.000000 0.915740 0.000000 0.401771 0.439152 0.439152 0.439152
1559.408081 0.000000 2101.760010 0.000000 0.978479 0.000000 -0.206347 0.531211 0.531211 0.531211
1652.014648 0.000000 2098.765137 0.000000 0.948870 0.000000 0.315668 0.440948 0.440948 0.440948
1631.330566 0.000000 2122.343018 0.000000 0.983993 0.000000 -0.178208 0.769299 0.769299 0.769299
1653.177612 0.000000 2100.442383 0.000000 0.972990 0.000000 -0.230847 0.812211 0.812211 0.812211
1547.959473 0.000000 2194.897217 0.000000 0.943479 0.000000 -0.331433 0.563381 0.563381 0.563381
1573.098633 0.000000 2189.277344 0.000000 0.916062 0.000000 0.401037 0.425980 0.425980 0.425980
1565.530396 0.000000 2173.698730 0.000000 0.951584 0.000000 -0.307388 0.558620 0.558620 0.558620
1559.836548 0.000000 2197.019043 0.000000 0.998821 0.000000 -0.048548 0.508130 0.508130 0.508130
1566.530151 0.000000 2226.350586 0.000000 0.971265 0.000000 0.238000 0.449155 0.449155 0.449155
1563.966187 0.000000 2212.503662 0.000000 0.966258 0.000000 0.257576 0.692971 0.692971 0.692971
1854.948242 0.000000 2035.591675 0.000000 0.999424 0.000000 0.033948 0.695472 0.695472 0.695472
1860.458618 0.000000 2087.903564 0.000000 0.951870 0.000000 0.306502 0.431756 0.431756 0.431756
1862.474854 0.000000 2048.028076 0.000000 0.981275 0.000000 -0.192612 0.955656 0.955656 0.955656
1863.699585 0.000000 2049.292480 0.000000 0.943881 0.000000 0.330286 0.875786 0.875786 0.875786
1874.817383 0.000000 2120.365723 0.000000 0.969024 0.000000 -0.246968 0.550184 0.550184 0.550184
1357.099609 0.000000 2335.635986 0.000000 0.873645 0.000000 0.486563 0.485416 0.485416 0.485416
1356.061890 0.000000 2337.164795 0.000000 0.960206 0.000000 0.279292 0.968836 0.968836 0.968836
1357.642212 0.000000 2337.510986 0.000000 0.969433 0.000000 -0.245355 1.027292 1.027292 1.027292
1422.875732 0.000000 2304.136963 0.000000 0.956528 0.000000 0.291640 0.444920 0.444920 0.444920
1420.083740 0.000000 2304.888916 0.000000 0.970508 0.000000 0.241069 0.598327 0.598327 0.598327
2052.458496 0.000000 1861.965942 0.000000 0.999454 0.000000 0.033047 0.492759 0.492759 0.492759
2132.968506 0.000000 1859.625122 0.000000 0.956063 0.000000 0.293162 0.433927 0.433927 0.433927
2150.231201 0.000000 1846.029053 0.000000 0.916301 0.000000 0.400490 0.409422 0.409422 0.409422
2116.458496 0.000000 1861.965942 0.000000 0.995918 0.000000 -0.090263 0.813570 0.813570 0.813570
2168.065674 0.000000 1832.862549 0.000000 0.870649 0.000000 -0.491906 0.613049 0.613049 0.613049
2144.032227 0.000000 1844.437866 0.000000 0.946258 0.000000 -0.323413 0.565735 0.565735 0.565735
2131.640381 0.000000 1832.811768 0.000000 0.927392 0.000000 0.374092 0.448501 0.448501 0.448501
2135.935547 0.000000 1844.555176 0.000000 0.935014 0.000000 0.354611 0.892395 0.892395 0.892395
2155.596436 0.000000 1856.041504 0.000000 0.866322 0.000000 0.499486 0.492428 0.492428 0.492428
2166.255859 0.000000 1816.260010 0.000000 0.953813 0.000000 -0.300400 0.784862 0.784862 0.784862
2159.447998 0.000000 1832.007568 0.000000 0.990668 0.000000 0.136295 0.981261 0.981261 0.981261
2052.048096 0.000000 1872.334473 0.000000 0.979702 0.000000 0.200461 0.460169 0.460169 0.460169
2149.432373 0.000000 1875.011475 0.000000 0.979705 0.000000 0.200446 0.459416 0.459416 0.459416
2126.873047 0.000000 1872.031494 0.000000 0.992392 0.000000 0.123116 0.475733 0.475733 0.475733
2130.190674 0.000000 1873.506592 0.000000 0.968635 0.000000 0.248489 0.461350 0.461350 0.461350
2141.020508 0.000000 1876.814697 0.000000 0.990200 0.000000 0.139658 0.474971 0.474971 0.474971
2156.194824 0.000000 1876.061768 0.000000 0.986758 0.000000 -0.162198 0.526661 0.526661 0.526661
2159.447998 0.000000 1876.670044 0.000000 0.994657 0.000000 0.103234 0.484780 0.484780 0.484780
2135.407959 0.000000 1875.822510 0.000000 0.952904 0.000000 -0.303273 0.548578 0.548578 0.548578
2118.070312 0.000000 1871.024292 0.000000 0.967705 0.000000 -0.252085 0.653093 0.653093 0.653093
2185.604492 0.000000 1834.954346 0.000000 0.964370 0.000000 -0.264557 0.546824 0.546824 0.546824
2192.244385 0.000000 1836.697876 0.000000 0.951745 0.000000 -0.306890 0.601673 0.601673 0.601673
2071.068359 0.000000 1924.979858 0.000000 0.893736 0.000000 0.448594 0.957842 0.957842 0.957842
2097.129150 0.000000 1970.874634 0.000000 0.924229 0.000000 -0.381838 0.674776 0.674776 0.674776
2082.111328 0.000000 2008.568359 0.000000 0.999999 0.000000 -0.001069 0.730566 0.730566 0.730566
2104.742188 0.000000 2006.847046 0.000000 0.869317 0.000000 0.494254 0.428854 0.428854 0.428854
2098.395020 0.000000 2006.969727 0.000000 0.984038 0.000000 -0.177960 0.910138 0.910138 0.910138
2211.666992 0.000000 2013.439331 0.000000 0.934769 0.000000 -0.355257 0.604425 0.604425 0.604425
2277.098633 0.000000 2019.824097 0.000000 0.984211 0.000000 -0.176998 0.530718 0.530718 0.530718
2302.419189 0.000000 2019.100464 0.000000 0.975886 0.000000 0.218280 0.457396 0.457396 0.457396
2353.519043 0.000000 1926.798340 0.000000 0.866745 0.000000 -0.498751 0.609306 0.609306 0.609306
2341.432373 0.000000 1931.495850 0.000000 0.990540 0.000000 -0.137225 0.527992 0.527992 0.527992
2308.032471 0.000000 2008.564697 0.000000 0.989398 0.000000 -0.145230 0.530291 0.530291 0.530291
2339.764893 0.000000 2002.800415 0.000000 0.905905 0.000000 0.423480 0.420906 0.420906 0.420906
2349.943604 0.000000 1979.308105 0.000000 0.913273 0.000000 0.407347 0.423486 0.423486 0.423486
2340.045898 0.000000 1982.228027 0.000000 0.998022 0.000000 0.062867 0.488103 0.488103 0.488103
2338.857422 0.000000 2006.082031 0.000000 0.997039 0.000000 -0.076894 0.942916 0.942916 0.942916
2357.177490 0.000000 1987.473511 0.000000 0.997639 0.000000 -0.068673 0.888155 0.888155 0.888155
2379.929443 0.000000 1988.958984 0.000000 0.978674 0.000000 -0.205421 0.535717 0.535717 0.535717
2386.190674 0.000000 1986.475342 0.000000 0.998313 0.000000 0.058063 0.490449 0.490449 0.490449
2377.795410 0.000000 1976.977539 0.000000 0.972680 0.000000 0.232148 0.609477 0.609477 0.609477
2458.979736 0.000000 1962.301514 0.000000 0.968489 0.000000 0.249056 0.449194 0.449194 0.449194
2441.203857 0.000000 1956.169556 0.000000 0.986692 0.000000 0.162601 0.467523 0.467523 0.467523
2505.203857 0.000000 1956.169556 0.000000 0.967086 0.000000 -0.254450 0.543645 0.543645 0.543645
2526.609619 0.000000 1946.131348 0.000000 0.972231 0.000000 0.234024 0.946570 0.946570 0.946570
2513.688232 0.000000 1948.695557 0.000000 0.984196 0.000000 0.177082 0.982534 0.982534 0.982534
2213.432373 0.000000 2044.464600 0.000000 0.973495 0.000000 0.228707 0.458090 0.458090 0.458090
2207.825928 0.000000 2041.559937 0.000000 0.987187 0.000000 0.159565 0.471375 0.471375 0.471375
2200.077637 0.000000 2042.833984 0.000000 0.935724 0.000000 0.352732 0.522365 0.522365 0.522365
2276.045898 0.000000 2038.712402 0.000000 0.955019 0.000000 0.296544 0.439230 0.439230 0.439230
2277.372314 0.000000 2037.502075 0.000000 0.874749 0.000000 0.484576 0.941273 0.941273 0.941273
2224.205322 0.000000 2146.380615 0.000000 0.876643 0.000000 0.481142 0.390035 0.390035 0.390035
2263.340088 0.000000 2122.329346 0.000000 0.987737 0.000000 -0.156125 0.687017 0.687017 0.687017
2267.444092 0.000000 2122.186768 0.000000 0.871087 0.000000 0.491129 0.574273 0.574273 0.574273
2262.911865 0.000000 2130.911377 0.000000 0.999783 0.000000 0.020842 0.727006 0.727006 0.727006
2229.566895 0.000000 2158.868408 0.000000 0.999529 0.000000 -0.030675 0.504538 0.504538 0.504538
2231.794922 0.000000 2159.412354 0.000000 0.977865 0.000000 0.209239 0.924945 0.924945 0.924945
2574.873047 0.000000 1928.515869 0.000000 0.983420 0.000000 0.181341 0.462647 0.462647 0.462647
2591.825928 0.000000 1928.591187 0.000000 0.925856 0.000000 0.377876 0.420043 0.420043 0.420043
3873.448975 0.000000 2169.703125 0.000000 0.999995 0.000000 0.003296 0.930878 0.930878 0.930878
3871.825928 0.000000 2211.012939 0.000000 0.951689 0.000000 -0.307065 0.564634 0.564634 0.564634
3874.900879 0.000000 2259.439697 0.000000 0.933808 0.000000 -0.357774 0.577689 0.577689 0.577689
3885.143311 0.000000 2259.677246 0.000000 0.927302 0.000000 0.374313 0.604792 0.604792 0.604792
4058.073975 0.000000 2346.375732 0.000000 0.944447 0.000000 0.328664 0.431150 0.431150 0.431150
4403.456055 0.000000 1292.944458 0.000000 0.999897 0.000000 0.014327 0.497451 0.497451 0.497451
4393.260742 0.000000 1343.362793 0.000000 0.999958 0.000000 0.009219 0.498284 0.498284 0.498284
4399.868652 0.000000 1347.551636 0.000000 0.991060 0.000000 0.133420 0.476196 0.476196 0.476196
4405.860840 0.000000 1347.207031 0.000000 0.950694 0.000000 -0.310131 0.553493 0.553493 0.553493
4413.032715 0.000000 1321.328735 0.000000 0.890783 0.000000 -0.454430 0.573665 0.573665 0.573665
4405.519043 0.000000 1325.765991 0.000000 0.943518 0.000000 0.331322 0.446506 0.446506 0.446506
4401.129395 0.000000 1349.546509 0.000000 0.913230 0.000000 0.407445 0.499054 0.499054 0.499054
4408.630371 0.000000 1352.595581 0.000000 0.999670 0.000000 0.025683 0.701713 0.701713 0.701713
4410.520996 0.000000 1353.053223 0.000000 0.997215 0.000000 0.074586 0.855955 0.855955 0.855955
4428.083496 0.000000 1344.654541 0.000000 0.995839 0.000000 0.091129 0.612913 0.612913 0.612913
4611.510742 0.000000 1063.646729 0.000000 0.964295 0.000000 0.264829 0.454933 0.454933 0.454933
4619.929688 0.000000 1085.208984 0.000000 0.883196 0.000000 0.469004 0.400735 0.400735 0.400735
4991.487305 0.000000 1272.883911 0.000000 0.888701 0.000000 -0.458487 0.602915 0.602915 0.602915
4324.620605 0.000000 1458.817871 0.000000 0.910715 0.000000 0.413035 0.427451 0.427451 0.427451
4329.064941 0.000000 1463.814941 0.000000 0.958831 0.000000 -0.283978 0.551866 0.551866 0.551866
4333.516602 0.000000 1483.327026 0.000000 0.893497 0.000000 0.449070 0.397275 0.397275 0.397275
4344.065918 0.000000 1493.956299 0.000000 0.921890 0.000000 -0.387451 0.587161 0.587161 0.587161
4326.893555 0.000000 1488.041138 0.000000 0.924831 0.000000 -0.380379 0.580223 0.580223 0.580223
4343.107910 0.000000 1513.795044 0.000000 0.957435 0.000000 -0.288648 0.561077 0.561077 0.561077
4306.817383 0.000000 1499.037598 0.000000 0.999220 0.000000 0.039487 0.492294 0.492294 0.492294
4317.392090 0.000000 1513.267212 0.000000 0.964274 0.000000 -0.264908 0.539659 0.539659 0.539659
4312.572266 0.000000 1508.058105 0.000000 0.914158 0.000000 -0.405359 0.572366 0.572366 0.572366
4317.958984 0.000000 1478.794067 0.000000 0.999772 0.000000 0.021369 0.501758 0.501758 0.501758
4320.544434 0.000000 1515.925293 0.000000 0.958041 0.000000 0.286633 0.462138 0.462138 0.462138
4317.291016 0.000000 1510.936279 0.000000 0.892468 0.000000 0.451110 0.596005 0.596005 0.596005
4312.887695 0.000000 1510.193970 0.000000 0.927744 0.000000 0.373217 0.863754 0.863754 0.863754
4309.008301 0.000000 1497.698853 0.000000 0.912011 0.000000 -0.410165 0.962084 0.962084 0.962084
4319.758301 0.000000 1555.237793 0.000000 0.987702 0.000000 -0.156346 0.531923 0.531923 0.531923
4322.932617 0.000000 1579.155029 0.000000 0.999107 0.000000 0.042257 0.491500 0.491500 0.491500
4322.015137 0.000000 1545.573608 0.000000 0.914558 0.000000 -0.404455 0.582174 0.582174 0.582174
4325.098633 0.000000 1567.949097 0.000000 0.889653 0.000000 0.456638 0.420265 0.420265 0.420265
4324.144531 0.000000 1574.039551 0.000000 0.902546 0.000000 -0.430594 0.642558 0.642558 0.642558
4338.103516 0.000000 1573.411011 0.000000 0.968761 0.000000 -0.247996 0.741636 0.741636 0.741636
4333.587891 0.000000 1532.850342 0.000000 0.989278 0.000000 -0.146047 0.972590 0.972590 0.972590
4373.705078 0.000000 1382.492676 0.000000 0.954168 0.000000 -0.299272 0.567265 0.567265 0.567265
4388.276367 0.000000 1388.871704 0.000000 0.902931 0.000000 -0.429785 0.588340 0.588340 0.588340
4405.994141 0.000000 1376.911133 0.000000 0.968682 0.000000 0.248305 0.449727 0.449727 0.449727
4388.575195 0.000000 1358.014038 0.000000 0.991481 0.000000 -0.130249 0.519517 0.519517 0.519517
4371.443848 0.000000 1405.544800 0.000000 0.883746 0.000000 0.467967 0.479370 0.479370 0.479370
4380.838379 0.000000 1380.692383 0.000000 0.975440 0.000000 0.220266 0.655192 0.655192 0.655192
4358.330566 0.000000 1424.206177 0.000000 0.998958 0.000000 0.045643 0.894959 0.894959 0.894959
4607.163574 0.000000 1388.299561 0.000000 0.967110 0.000000 0.254359 0.605804 0.605804 0.605804
4261.982422 0.000000 1631.824341 0.000000 0.980389 0.000000 0.197072 0.456542 0.456542 0.456542
4346.544434 0.000000 1621.985596 0.000000 0.990499 0.000000 0.137519 0.469364 0.469364 0.469364
4326.230957 0.000000 1620.091553 0.000000 0.883435 0.000000 -0.468553 0.607927 0.607927 0.607927
4338.584961 0.000000 1609.456787 0.000000 0.985695 0.000000 -0.168537 0.535196 0.535196 0.535196
4307.362793 0.000000 1609.550293 0.000000 0.993599 0.000000 0.112962 0.483424 0.483424 0.483424
4279.044922 0.000000 1677.135254 0.000000 0.999855 0.000000 0.017010 0.815905 0.815905 0.815905
4241.493164 0.000000 1682.019653 0.000000 0.976882 0.000000 0.213780 0.675803 0.675803 0.675803
4256.607910 0.000000 1677.137573 0.000000 0.964719 0.000000 -0.263281 0.918947 0.918947 0.918947
4308.968750 0.000000 1690.171997 0.000000 0.942680 0.000000 -0.333697 0.574533 0.574533 0.574533
4378.364746 0.000000 1720.092529 0.000000 0.923307 0.000000 -0.384064 0.578681 0.578681 0.578681
4352.163086 0.000000 1729.277832 0.000000 0.955086 0.000000 -0.296330 0.558922 0.558922 0.558922
4705.491699 0.000000 1418.004639 0.000000 0.990508 0.000000 -0.137457 0.560099 0.560099 0.560099
4812.978516 0.000000 1525.814087 0.000000 0.898097 0.000000 -0.439796 0.600441 0.600441 0.600441
4814.873047 0.000000 1533.125244 0.000000 0.999245 0.000000 -0.038847 0.507057 0.507057 0.507057
4841.204590 0.000000 1561.639526 0.000000 0.890538 0.000000 0.454908 0.415639 0.415639 0.415639
4829.392090 0.000000 1569.751587 0.000000 0.871245 0.000000 -0.490849 0.593185 0.593185 0.593185
4830.952637 0.000000 1544.590454 0.000000 0.995064 0.000000 -0.099236 0.574092 0.574092 0.574092
4833.491699 0.000000 1530.973389 0.000000 0.898857 0.000000 0.438242 0.593505 0.593505 0.593505
4982.255859 0.000000 1420.869385 0.000000 0.995247 0.000000 0.097383 0.568120 0.568120 0.568120
4926.419434 0.000000 1567.225464 0.000000 0.916640 0.000000 -0.399715 0.576225 0.576225 0.576225
4928.009766 0.000000 1567.270630 0.000000 0.997483 0.000000 -0.070902 0.511613 0.511613 0.511613
8058.544434 0.000000 661.751221 0.000000 0.998752 0.000000 0.049941 0.489017 0.489017 0.489017
8058.368164 0.000000 673.254089 0.000000 0.990612 0.000000 -0.136701 0.528604 0.528604 0.528604
8048.023926 0.000000 673.863159 0.000000 0.975363 0.000000 0.220606 0.457601 0.457601 0.457601
8061.507812 0.000000 671.104919 0.000000 0.941623 0.000000 0.336668 0.448436 0.448436 0.448436
8053.005371 0.000000 673.523376 0.000000 0.999908 0.000000 0.013533 0.620397 0.620397 0.620397
8066.500488 0.000000 641.072205 0.000000 0.927908 0.000000 -0.372810 0.579115 0.579115 0.579115
8050.318359 0.000000 678.018372 0.000000 0.998311 0.000000 -0.058098 0.509774 0.509774 0.509774
6523.305664 0.000000 1348.919678 0.000000 0.897759 0.000000 -0.440487 0.862823 0.862823 0.862823
6575.722656 0.000000 1343.460327 0.000000 0.895251 0.000000 0.445562 0.530160 0.530160 0.530160
6569.260742 0.000000 1343.362793 0.000000 0.985618 0.000000 -0.168986 0.535418 0.535418 0.535418
6549.934570 0.000000 1353.952637 0.000000 0.935852 0.000000 0.352392 0.503507 0.503507 0.503507
6545.360840 0.000000 1345.301025 0.000000 0.960590 0.000000 0.277970 0.813504 0.813504 0.813504
6585.384766 0.000000 1355.392334 0.000000 0.981581 0.000000 0.191049 0.467822 0.467822 0.467822
6618.074219 0.000000 1329.657104 0.000000 0.966369 0.000000 0.257160 0.452958 0.452958 0.452958
6622.060547 0.000000 1347.295532 0.000000 0.894051 0.000000 -0.447966 0.569055 0.569055 0.569055
6630.535645 0.000000 1328.648682 0.000000 0.922421 0.000000 0.386187 0.425315 0.425315 0.425315
6625.947754 0.000000 1348.614136 0.000000 0.893943 0.000000 -0.448182 0.614760 0.614760 0.614760
6610.579102 0.000000 1354.329468 0.000000 0.998105 0.000000 0.061540 0.488539 0.488539 0.488539
6654.994629 0.000000 1346.764404 0.000000 0.991768 0.000000 -0.128044 0.969911 0.969911 0.969911
6642.395020 0.000000 1329.157227 0.000000 0.873280 0.000000 0.487219 0.907525 0.907525 0.907525
6659.510742 0.000000 1346.068604 0.000000 0.980153 0.000000 0.198245 0.466295 0.466295 0.466295
6694.469727 0.000000 1325.734619 0.000000 0.914895 0.000000 0.403693 0.435108 0.435108 0.435108
6741.705078 0.000000 1326.008301 0.000000 0.902912 0.000000 0.429825 0.402001 0.402001 0.402001
6758.893555 0.000000 1318.588013 0.000000 0.897748 0.000000 -0.440508 0.579092 0.579092 0.579092
6739.007324 0.000000 1317.218994 0.000000 0.878052 0.000000 -0.478566 0.583533 0.583533 0.583533
6755.991211 0.000000 1314.867065 0.000000 0.873418 0.000000 0.486971 0.403433 0.403433 0.403433
6821.982422 0.000000 1292.918091 0.000000 0.885041 0.000000 -0.465513 0.605715 0.605715 0.605715
6828.662598 0.000000 1293.236450 0.000000 0.998694 0.000000 -0.051090 0.507522 0.507522 0.507522
6835.213867 0.000000 1288.913452 0.000000 0.934296 0.000000 0.356498 0.440074 0.440074 0.440074
6791.671387 0.000000 1323.997192 0.000000 0.925618 0.000000 0.378459 0.420204 0.420204 0.420204
6886.893555 0.000000 1318.588013 0.000000 0.927304 0.000000 -0.374309 0.581461 0.581461 0.581461
6867.007324 0.000000 1317.218994 0.000000 0.965805 0.000000 0.259269 0.450991 0.450991 0.450991
6851.820801 0.000000 1312.946045 0.000000 0.999813 0.000000 -0.019335 0.503295 0.503295 0.503295
6933.705078 0.000000 1326.008301 0.000000 0.999544 0.000000 0.030193 0.493339 0.493339 0.493339
6962.789551 0.000000 1311.227905 0.000000 0.998673 0.000000 0.051500 0.489446 0.489446 0.489446
6986.351562 0.000000 1320.019531 0.000000 0.929027 0.000000 -0.370012 0.569407 0.569407 0.569407
6372.099609 0.000000 1506.911499 0.000000 0.991678 0.000000 -0.128739 0.902402 0.902402 0.902402
6313.676758 0.000000 1543.145142 0.000000 0.997921 0.000000 0.064452 0.489059 0.489059 0.489059
6363.932617 0.000000 1545.347778 0.000000 0.992525 0.000000 0.122041 0.476130 0.476130 0.476130
6375.147461 0.000000 1561.981445 0.000000 0.954255 0.000000 -0.298993 1.005139 1.005139 1.005139
6522.462402 0.000000 1372.695068 0.000000 0.971972 0.000000 0.235098 0.464718 0.464718 0.464718
6499.689941 0.000000 1407.226685 0.000000 0.874866 0.000000 0.484365 0.712618 0.712618 0.712618
6500.952637 0.000000 1396.101929 0.000000 0.990553 0.000000 0.137132 0.673774 0.673774 0.673774
6483.576660 0.000000 1391.076660 0.000000 0.906400 0.000000 -0.422420 0.973510 0.973510 0.973510
6429.020508 0.000000 1424.939697 0.000000 0.906392 0.000000 -0.422438 0.577579 0.577579 0.577579
6508.662598 0.000000 1462.689575 0.000000 0.911509 0.000000 0.411280 0.419208 0.419208 0.419208
6470.215332 0.000000 1461.046997 0.000000 0.907082 0.000000 0.420954 0.412949 0.412949 0.412949
6508.376953 0.000000 1458.377075 0.000000 0.869036 0.000000 0.494749 0.404063 0.404063 0.404063
6495.373535 0.000000 1455.542480 0.000000 0.999875 0.000000 -0.015779 0.752562 0.752562 0.752562
6641.272949 0.000000 1445.734253 0.000000 0.991073 0.000000 0.133320 0.470906 0.470906 0.470906
6631.591309 0.000000 1453.945435 0.000000 0.899457 0.000000 0.437009 0.484685 0.484685 0.484685
6451.456055 0.000000 1518.881958 0.000000 0.995802 0.000000 -0.091537 0.518983 0.518983 0.518983
6461.292480 0.000000 1481.152710 0.000000 0.981941 0.000000 -0.189187 0.598052 0.598052 0.598052
6455.531250 0.000000 1479.197388 0.000000 0.993037 0.000000 0.117806 0.475812 0.475812 0.475812
6410.351562 0.000000 1489.472656 0.000000 0.991290 0.000000 0.131699 0.473537 0.473537 0.473537
6427.932617 0.000000 1488.863403 0.000000 0.879183 0.000000 0.476484 0.404961 0.404961 0.404961
6450.709961 0.000000 1482.683594 0.000000 0.920138 0.000000 -0.391594 1.042601 1.042601 1.042601
6416.278320 0.000000 1482.149536 0.000000 0.972960 0.000000 0.230972 0.952098 0.952098 0.952098
6476.978516 0.000000 1469.329712 0.000000 0.992870 0.000000 -0.119199 0.526175 0.526175 0.526175
6468.047852 0.000000 1476.943848 0.000000 0.943925 0.000000 0.330159 0.450229 0.450229 0.450229
6469.464844 0.000000 1473.375732 0.000000 0.912047 0.000000 0.410087 0.437496 0.437496 0.437496
6409.641113 0.000000 1578.265991 0.000000 0.952414 0.000000 -0.304807 0.562287 0.562287 0.562287
6445.386719 0.000000 1579.785156 0.000000 0.993696 0.000000 0.112107 0.480690 0.480690 0.480690
6460.832520 0.000000 1557.399902 0.000000 0.958433 0.000000 0.285318 0.449183 0.449183 0.449183
6458.631836 0.000000 1560.214600 0.000000 0.953151 0.000000 -0.302494 0.701330 0.701330 0.701330
6408.404785 0.000000 1545.505981 0.000000 0.881954 0.000000 0.471335 0.910117 0.910117 0.910117
6582.864258 0.000000 1523.592407 0.000000 0.939806 0.000000 0.341709 0.443191 0.443191 0.443191
6636.062988 0.000000 1477.582886 0.000000 0.954632 0.000000 -0.297787 0.558768 0.558768 0.558768
6609.256836 0.000000 1503.308594 0.000000 0.968779 0.000000 -0.247927 0.551696 0.551696 0.551696
6603.486816 0.000000 1477.153320 0.000000 0.906878 0.000000 -0.421394 0.571836 0.571836 0.571836
6602.166504 0.000000 1475.107422 0.000000 0.974651 0.000000 0.223730 0.708456 0.708456 0.708456
6636.016602 0.000000 1470.342407 0.000000 0.999960 0.000000 -0.008907 1.001114 1.001114 1.001114
6633.262207 0.000000 1481.931396 0.000000 0.993658 0.000000 -0.112441 0.899852 0.899852 0.899852
6605.188965 0.000000 1476.848389 0.000000 0.926057 0.000000 0.377383 0.962033 0.962033 0.962033
6578.789551 0.000000 1537.165405 0.000000 0.974419 0.000000 0.224737 0.454077 0.454077 0.454077
6589.638184 0.000000 1544.801392 0.000000 0.999826 0.000000 -0.018652 0.502759 0.502759 0.502759
6643.456055 0.000000 1575.366333 0.000000 0.956368 0.000000 0.292166 0.438156 0.438156 0.438156
6608.186523 0.000000 1544.229370 0.000000 0.907092 0.000000 0.420932 0.611087 0.611087 0.611087
6655.976562 0.000000 1575.693481 0.000000 0.962945 0.000000 0.269699 0.966253 0.966253 0.966253
6628.550293 0.000000 1555.872192 0.000000 0.967120 0.000000 0.254321 0.713175 0.713175 0.713175
6652.034180 0.000000 1572.901367 0.000000 0.994276 0.000000 -0.106838 1.006975 1.006975 1.006975
6606.777344 0.000000 1545.330322 0.000000 0.975362 0.000000 -0.220609 1.015827 1.015827 1.015827
6269.512207 0.000000 1638.072998 0.000000 0.962701 0.000000 0.270567 0.448597 0.448597 0.448597
6310.230957 0.000000 1620.091553 0.000000 0.980411 0.000000 0.196964 0.460576 0.460576 0.460576
6325.994141 0.000000 1602.848633 0.000000 0.922791 0.000000 -0.385302 0.578948 0.578948 0.578948
6284.080078 0.000000 1612.851318 0.000000 0.986834 0.000000 0.161736 0.767934 0.767934 0.767934
6381.386719 0.000000 1636.269531 0.000000 0.999633 0.000000 -0.027082 0.504879 0.504879 0.504879
6358.020996 0.000000 1582.882568 0.000000 0.998378 0.000000 -0.056937 1.005504 1.005504 1.005504
6380.760254 0.000000 1676.552002 0.000000 0.903619 0.000000 0.428336 0.408001 0.408001 0.408001
6377.260742 0.000000 1682.269043 0.000000 0.996280 0.000000 -0.086178 0.518063 0.518063 0.518063
6374.889160 0.000000 1661.486450 0.000000 0.988581 0.000000 -0.150692 0.528834 0.528834 0.528834
6333.292480 0.000000 1707.090210 0.000000 0.944438 0.000000 0.328691 0.434405 0.434405 0.434405
6333.524414 0.000000 1711.600952 0.000000 0.996556 0.000000 -0.082924 0.515265 0.515265 0.515265
6344.667480 0.000000 1755.794800 0.000000 0.889354 0.000000 0.457220 0.419443 0.419443 0.419443
6352.939453 0.000000 1766.944336 0.000000 0.994841 0.000000 0.101446 0.483827 0.483827 0.483827
6441.322754 0.000000 1629.838135 0.000000 0.898564 0.000000 -0.438842 0.734946 0.734946 0.734946
6401.451660 0.000000 1590.954956 0.000000 0.940574 0.000000 -0.339588 0.555922 0.555922 0.555922
6439.299805 0.000000 1627.941895 0.000000 0.871717 0.000000 -0.490010 0.876659 0.876659 0.876659
6442.678223 0.000000 1619.737549 0.000000 0.999918 0.000000 -0.012797 0.693250 0.693250 0.693250
6445.537598 0.000000 1621.952148 0.000000 0.999818 0.000000 -0.019067 0.953792 0.953792 0.953792
6668.978516 0.000000 1356.360962 0.000000 0.999989 0.000000 -0.004714 0.501029 0.501029 0.501029
6714.462402 0.000000 1429.179443 0.000000 0.995182 0.000000 -0.098045 0.583809 0.583809 0.583809
6684.947754 0.000000 1442.181152 0.000000 0.998695 0.000000 0.051062 0.491717 0.491717 0.491717
6668.721191 0.000000 1450.434204 0.000000 0.965493 0.000000 -0.260429 0.889707 0.889707 0.889707
6694.646484 0.000000 1444.266602 0.000000 0.984334 0.000000 -0.176313 0.739562 0.739562 0.739562
6699.659668 0.000000 1448.289062 0.000000 0.969925 0.000000 -0.243403 0.819169 0.819169 0.819169
6699.060059 0.000000 1446.242920 0.000000 0.914745 0.000000 0.404032 0.682480 0.682480 0.682480
6706.709961 0.000000 1426.199219 0.000000 0.999381 0.000000 -0.035193 0.814474 0.814474 0.814474
6686.945801 0.000000 1440.573242 0.000000 0.955241 0.000000 -0.295829 0.928993 0.928993 0.928993
6669.340332 0.000000 1452.336182 0.000000 0.929354 0.000000 -0.369189 1.048429 1.048429 1.048429
6670.389648 0.000000 1449.893799 0.000000 0.889916 0.000000 0.456125 0.940759 0.940759 0.940759
6738.127930 0.000000 1425.385376 0.000000 0.931469 0.000000 -0.363821 0.580738 0.580738 0.580738
6816.032227 0.000000 1392.562866 0.000000 0.961188 0.000000 0.275895 0.442952 0.442952 0.442952
6831.868652 0.000000 1404.036011 0.000000 0.903009 0.000000 -0.429621 0.585798 0.585798 0.585798
6818.735840 0.000000 1395.278076 0.000000 0.934473 0.000000 0.356033 0.433068 0.433068 0.433068
6811.595215 0.000000 1462.633057 0.000000 0.967634 0.000000 -0.252357 0.541940 0.541940 0.541940
6809.916992 0.000000 1456.875610 0.000000 0.927564 0.000000 -0.373664 0.565825 0.565825 0.565825
6847.697754 0.000000 1456.833496 0.000000 0.999972 0.000000 0.007495 0.763491 0.763491 0.763491
6860.978516 0.000000 1412.845337 0.000000 0.985694 0.000000 -0.168547 0.536847 0.536847 0.536847
6883.104004 0.000000 1420.651489 0.000000 0.971397 0.000000 0.237461 0.462202 0.462202 0.462202
6862.604980 0.000000 1459.686401 0.000000 0.991287 0.000000 0.131724 0.985851 0.985851 0.985851
6877.958984 0.000000 1422.309692 0.000000 0.977089 0.000000 0.212832 0.465544 0.465544 0.465544
6853.572266 0.000000 1459.040161 0.000000 0.909297 0.000000 0.416147 0.744930 0.744930 0.744930
6714.368164 0.000000 1520.519653 0.000000 0.991696 0.000000 0.128604 0.473100 0.473100 0.473100
6698.835938 0.000000 1474.599976 0.000000 0.918498 0.000000 -0.395425 0.568051 0.568051 0.568051
6762.678223 0.000000 1506.768799 0.000000 0.972907 0.000000 0.231198 0.731819 0.731819 0.731819
6754.177734 0.000000 1495.526855 0.000000 0.965291 0.000000 0.261178 0.876574 0.876574 0.876574
6668.457520 0.000000 1576.854004 0.000000 0.976534 0.000000 -0.215362 0.537798 0.537798 0.537798
6780.013184 0.000000 1539.942871 0.000000 0.998098 0.000000 -0.061654 0.509449 0.509449 0.509449
6775.044922 0.000000 1564.166504 0.000000 0.929632 0.000000 -0.368488 0.647258 0.647258 0.647258
6769.687988 0.000000 1534.030640 0.000000 0.953594 0.000000 -0.301095 0.862747 0.862747 0.862747
6771.914062 0.000000 1530.866455 0.000000 0.946179 0.000000 0.323645 0.570147 0.570147 0.570147
6766.671387 0.000000 1571.532593 0.000000 0.955762 0.000000 0.294142 0.876439 0.876439 0.876439
6834.842773 0.000000 1486.463745 0.000000 0.995281 0.000000 -0.097039 0.519618 0.519618 0.519618
6814.608887 0.000000 1474.133423 0.000000 0.999969 0.000000 0.007866 0.930193 0.930193 0.930193
6817.491699 0.000000 1474.489014 0.000000 0.875640 0.000000 -0.482964 0.580220 0.580220 0.580220
6814.816895 0.000000 1483.031494 0.000000 0.998398 0.000000 -0.056577 0.616786 0.616786 0.616786
6860.526855 0.000000 1491.639526 0.000000 0.942087 0.000000 -0.335369 0.559553 0.559553 0.559553
6786.500488 0.000000 1544.822144 0.000000 0.978182 0.000000 -0.207750 0.535815 0.535815 0.535815
6784.936035 0.000000 1547.687622 0.000000 0.994182 0.000000 -0.107712 0.516772 0.516772 0.516772
6898.318359 0.000000 1525.284058 0.000000 0.932981 0.000000 0.359926 0.427337 0.427337 0.427337
6870.782715 0.000000 1532.381470 0.000000 0.892862 0.000000 -0.450329 0.609961 0.609961 0.609961
6970.637207 0.000000 1439.043091 0.000000 0.881284 0.000000 0.472587 0.635742 0.635742 0.635742
6973.738281 0.000000 1440.358521 0.000000 0.951265 0.000000 0.308374 0.548755 0.548755 0.548755
6968.346680 0.000000 1434.310303 0.000000 0.998942 0.000000 0.045986 0.492885 0.492885 0.492885
6977.017578 0.000000 1438.802490 0.000000 0.987247 0.000000 0.159195 0.468089 0.468089 0.468089
7035.211426 0.000000 1441.727539 0.000000 0.987777 0.000000 -0.155875 0.552932 0.552932 0.552932
7029.013672 0.000000 1446.755737 0.000000 0.946423 0.000000 0.322928 0.438062 0.438062 0.438062
7036.832520 0.000000 1444.431152 0.000000 0.980994 0.000000 0.194041 0.465556 0.465556 0.465556
7014.581055 0.000000 1447.233765 0.000000 0.984264 0.000000 -0.176706 0.530401 0.530401 0.530401
6983.143066 0.000000 1439.493896 0.000000 0.997014 0.000000 0.077221 0.503234 0.503234 0.503234
7054.007324 0.000000 1442.999634 0.000000 0.901494 0.000000 -0.432791 0.851786 0.851786 0.851786
7067.932617 0.000000 1432.379028 0.000000 0.880101 0.000000 0.474786 0.406442 0.406442 0.406442
7051.406250 0.000000 1445.180176 0.000000 0.936499 0.000000 -0.350670 0.556218 0.556218 0.556218
7052.080078 0.000000 1443.398193 0.000000 0.999958 0.000000 0.009216 0.802440 0.802440 0.802440
7061.008301 0.000000 1441.214478 0.000000 0.973955 0.000000 0.226742 0.902110 0.902110 0.902110
7152.580566 0.000000 1442.550171 0.000000 0.915704 0.000000 -0.401853 0.572321 0.572321 0.572321
6932.569336 0.000000 1473.980225 0.000000 0.980542 0.000000 0.196307 0.465297 0.465297 0.465297
6927.831543 0.000000 1472.765625 0.000000 0.960744 0.000000 0.277438 0.446625 0.446625 0.446625
7002.979980 0.000000 1510.426514 0.000000 0.966729 0.000000 0.255804 0.447980 0.447980 0.447980
6930.190430 0.000000 1534.600342 0.000000 0.991066 0.000000 -0.133372 0.521090 0.521090 0.521090
7016.763184 0.000000 1540.200317 0.000000 0.993299 0.000000 0.115571 0.481825 0.481825 0.481825
7003.635742 0.000000 1548.128540 0.000000 0.962199 0.000000 0.272347 0.454447 0.454447 0.454447
7012.575195 0.000000 1527.467163 0.000000 0.997026 0.000000 0.077067 0.487607 0.487607 0.487607
7020.352051 0.000000 1542.339233 0.000000 0.879068 0.000000 -0.476697 0.580199 0.580199 0.580199
7101.512207 0.000000 1468.619873 0.000000 0.999838 0.000000 0.018007 0.496298 0.496298 0.496298
6701.434082 0.000000 1611.291748 0.000000 0.998588 0.000000 -0.053121 0.510887 0.510887 0.510887
6690.015137 0.000000 1602.057983 0.000000 0.936422 0.000000 0.350875 0.446970 0.446970 0.446970
6677.668945 0.000000 1591.351440 0.000000 0.940500 0.000000 0.339794 0.567425 0.567425 0.567425
6685.020508 0.000000 1594.392822 0.000000 0.999996 0.000000 -0.002682 0.500463 0.500463 0.500463
6706.798340 0.000000 1618.243652 0.000000 0.901214 0.000000 0.433374 0.423626 0.423626 0.423626
6676.994629 0.000000 1584.115234 0.000000 0.993675 0.000000 -0.112295 0.645378 0.645378 0.645378
6715.000977 0.000000 1619.363525 0.000000 0.893490 0.000000 0.449084 0.562788 0.562788 0.562788
6689.412109 0.000000 1596.519653 0.000000 0.948149 0.000000 0.317827 0.449492 0.449492 0.449492
6700.051758 0.000000 1613.656860 0.000000 0.980990 0.000000 0.194057 0.470673 0.470673 0.470673
6709.633789 0.000000 1618.619751 0.000000 0.998822 0.000000 -0.048518 1.003890 1.003890 1.003890
6708.122559 0.000000 1619.227661 0.000000 0.953415 0.000000 -0.301661 1.024557 1.024557 1.024557
6780.832520 0.000000 1613.884277 0.000000 0.994870 0.000000 -0.101165 0.517874 0.517874 0.517874
6739.894531 0.000000 1645.818604 0.000000 0.921971 0.000000 -0.387258 0.625007 0.625007 0.625007
6772.657715 0.000000 1638.083008 0.000000 0.999965 0.000000 0.008364 0.999016 0.999016 0.999016
6784.090332 0.000000 1641.342529 0.000000 0.894688 0.000000 -0.446691 0.573352 0.573352 0.573352
7268.276367 0.000000 1332.387329 0.000000 0.872348 0.000000 -0.488886 0.600810 0.600810 0.600810
7244.552734 0.000000 1325.334717 0.000000 0.999871 0.000000 0.016046 0.496869 0.496869 0.496869
7241.866211 0.000000 1338.213013 0.000000 0.983730 0.000000 -0.179654 0.531319 0.531319 0.531319
7340.062988 0.000000 1308.129761 0.000000 0.999901 0.000000 -0.014101 0.502688 0.502688 0.502688
7296.514160 0.000000 1315.221436 0.000000 0.899040 0.000000 0.437866 0.414629 0.414629 0.414629
7343.663086 0.000000 1309.152466 0.000000 0.954848 0.000000 0.297096 0.445213 0.445213 0.445213
7324.431641 0.000000 1306.648438 0.000000 0.937423 0.000000 -0.348193 0.556869 0.556869 0.556869
7457.210449 0.000000 1287.529541 0.000000 0.954716 0.000000 -0.297520 0.561429 0.561429 0.561429
7430.424805 0.000000 1319.500732 0.000000 0.980513 0.000000 0.196452 0.461864 0.461864 0.461864
7436.457520 0.000000 1350.916504 0.000000 0.987505 0.000000 -0.157587 0.526845 0.526845 0.526845
7664.205566 0.000000 1355.599365 0.000000 0.999214 0.000000 0.039629 0.492029 0.492029 0.492029
7679.487305 0.000000 1329.368286 0.000000 0.954107 0.000000 0.299467 0.437473 0.437473 0.437473
7667.402344 0.000000 1353.107910 0.000000 0.999989 0.000000 0.004625 0.499278 0.499278 0.499278
7856.205566 0.000000 1016.693115 0.000000 0.919970 0.000000 -0.391989 0.584017 0.584017 0.584017
7883.959473 0.000000 1008.725220 0.000000 0.960080 0.000000 -0.279725 0.560622 0.560622 0.560622
7879.979980 0.000000 1002.369690 0.000000 1.000000 0.000000 -0.000973 0.500208 0.500208 0.500208
7862.816895 0.000000 1017.969543 0.000000 0.965236 0.000000 0.261378 0.561263 0.561263 0.561263
7848.015625 0.000000 1024.347290 0.000000 0.952418 0.000000 -0.304794 0.550454 0.550454 0.550454
7854.042969 0.000000 1022.573425 0.000000 0.978573 0.000000 0.205900 0.466994 0.466994 0.466994
7850.835938 0.000000 1022.725037 0.000000 0.922469 0.000000 0.386070 0.429494 0.429494 0.429494
7844.029297 0.000000 1035.271484 0.000000 0.917754 0.000000 -0.397150 0.564695 0.564695 0.564695
8176.205566 0.000000 1129.661865 0.000000 0.921755 0.000000 -0.387773 0.587834 0.587834 0.587834
8142.007324 0.000000 1104.093384 0.000000 0.891031 0.000000 -0.453942 0.583108 0.583108 0.583108
8150.478027 0.000000 1108.096436 0.000000 0.920133 0.000000 -0.391605 0.560122 0.560122 0.560122
8132.032715 0.000000 1104.814697 0.000000 0.984114 0.000000 0.177536 0.463840 0.463840 0.463840
8141.506836 0.000000 1109.017578 0.000000 0.986335 0.000000 -0.164750 1.021693 1.021693 1.021693
8134.724121 0.000000 1106.710571 0.000000 0.975236 0.000000 0.221167 0.486368 0.486368 0.486368
8147.576660 0.000000 1108.654785 0.000000 0.951929 0.000000 -0.306319 0.636927 0.636927 0.636927
8143.325195 0.000000 1108.211548 0.000000 0.993631 0.000000 0.112684 0.869771 0.869771 0.869771
8140.773926 0.000000 1107.387207 0.000000 0.942244 0.000000 0.334928 0.961375 0.961375 0.961375
8149.609863 0.000000 1105.852173 0.000000 0.967901 0.000000 0.251333 0.978879 0.978879 0.978879
7895.339844 0.000000 1162.094971 0.000000 0.988898 0.000000 -0.148597 0.720261 0.720261 0.720261
7737.910645 0.000000 1290.607300 0.000000 0.938434 0.000000 -0.345457 0.564856 0.564856 0.564856
7731.402344 0.000000 1296.623535 0.000000 0.973342 0.000000 0.229361 0.463688 0.463688 0.463688
7735.062500 0.000000 1293.673706 0.000000 0.971891 0.000000 0.235430 0.527100 0.527100 0.527100
7741.125000 0.000000 1295.135498 0.000000 0.996243 0.000000 0.086599 0.706503 0.706503 0.706503
7750.215332 0.000000 1291.593872 0.000000 0.978427 0.000000 0.206592 0.465479 0.465479 0.465479
7778.857422 0.000000 1271.785156 0.000000 0.881915 0.000000 -0.471409 0.572245 0.572245 0.572245
8162.900879 0.000000 1129.752197 0.000000 0.934668 0.000000 0.355521 0.426907 0.426907 0.426907
7194.979980 0.000000 1453.942139 0.000000 0.877595 0.000000 0.479402 0.391968 0.391968 0.391968
7179.786133 0.000000 1417.162354 0.000000 0.955501 0.000000 -0.294988 0.559096 0.559096 0.559096
7262.236816 0.000000 1464.639282 0.000000 0.998476 0.000000 -0.055183 0.511888 0.511888 0.511888
7337.563477 0.000000 1438.600342 0.000000 0.934953 0.000000 0.354771 0.422179 0.422179 0.422179
7305.866211 0.000000 1451.181763 0.000000 0.972845 0.000000 -0.231459 0.541898 0.541898 0.541898
7368.614258 0.000000 1425.638184 0.000000 0.876633 0.000000 0.481160 0.421612 0.421612 0.421612
7247.671387 0.000000 1470.122803 0.000000 0.942343 0.000000 0.334648 0.464062 0.464062 0.464062
7434.351562 0.000000 1376.503906 0.000000 0.902054 0.000000 -0.431622 0.584734 0.584734 0.584734
7619.837402 0.000000 1379.187134 0.000000 0.959726 0.000000 0.280939 0.448705 0.448705 0.448705
7630.686523 0.000000 1370.216431 0.000000 0.998107 0.000000 -0.061498 0.509563 0.509563 0.509563
4858.544434 0.000000 1904.407471 0.000000 0.997981 0.000000 -0.063510 0.514018 0.514018 0.514018
4853.013672 0.000000 1898.630737 0.000000 0.940928 0.000000 0.338606 0.441141 0.441141 0.441141
4793.910645 0.000000 1968.419800 0.000000 0.883089 0.000000 -0.469206 0.587606 0.587606 0.587606
4794.504395 0.000000 1944.227661 0.000000 0.998855 0.000000 -0.047843 0.507295 0.507295 0.507295
4794.637207 0.000000 1947.402466 0.000000 0.999003 0.000000 0.044649 0.586133 0.586133 0.586133
4828.944336 0.000000 1956.336182 0.000000 0.988067 0.000000 0.154023 0.535071 0.535071 0.535071
4935.671387 0.000000 2001.809692 0.000000 0.975551 0.000000 -0.219773 0.548708 0.548708 0.548708
4844.760254 0.000000 2071.942627 0.000000 0.918953 0.000000 0.394367 0.415140 0.415140 0.415140
4838.819824 0.000000 2085.689209 0.000000 0.957750 0.000000 0.287602 0.722357 0.722357 0.722357
4820.089355 0.000000 2134.738770 0.000000 0.985740 0.000000 -0.168276 0.536154 0.536154 0.536154
4803.510742 0.000000 2136.849854 0.000000 0.866455 0.000000 0.499256 0.408582 0.408582 0.408582
4815.974609 0.000000 2123.481689 0.000000 0.934236 0.000000 -0.356655 1.033596 1.033596 1.033596
4812.552734 0.000000 2229.084717 0.000000 0.989892 0.000000 0.141822 0.471810 0.471810 0.471810
4813.506836 0.000000 2238.705078 0.000000 0.933807 0.000000 0.357778 0.430258 0.430258 0.430258
4819.991699 0.000000 2236.118164 0.000000 0.984464 0.000000 -0.175588 0.528885 0.528885 0.528885
4802.822754 0.000000 2236.858643 0.000000 0.971337 0.000000 0.237708 0.463959 0.463959 0.463959
4817.862305 0.000000 2239.218018 0.000000 0.899885 0.000000 0.436127 0.954370 0.954370 0.954370
4279.107910 0.000000 2304.576416 0.000000 0.914616 0.000000 -0.404325 0.576846 0.576846 0.576846
4281.910645 0.000000 2307.325928 0.000000 0.984181 0.000000 0.177168 0.473654 0.473654 0.473654
4278.816895 0.000000 2317.110107 0.000000 0.881064 0.000000 0.472996 0.403874 0.403874 0.403874
4342.381836 0.000000 2345.187012 0.000000 0.999620 0.000000 -0.027551 0.505355 0.505355 0.505355
4279.638184 0.000000 2388.087158 0.000000 0.992668 0.000000 0.120874 0.474453 0.474453 0.474453
4287.814453 0.000000 2390.788330 0.000000 0.904171 0.000000 -0.427170 0.727866 0.727866 0.727866
4323.991211 0.000000 2388.070312 0.000000 0.992073 0.000000 -0.125659 0.525337 0.525337 0.525337
5263.831543 0.000000 1868.156250 0.000000 0.999900 0.000000 -0.014139 0.502663 0.502663 0.502663
5314.575684 0.000000 1905.111450 0.000000 0.899622 0.000000 0.436669 0.686514 0.686514 0.686514
5240.473633 0.000000 2098.052734 0.000000 0.984951 0.000000 0.172835 0.472744 0.472744 0.472744
5257.400879 0.000000 2106.041016 0.000000 0.998902 0.000000 -0.046839 0.509774 0.509774 0.509774
5263.854980 0.000000 2096.451660 0.000000 0.969635 0.000000 0.244557 0.973909 0.973909 0.973909
"}
object={
	name="palm_dense_generator_1_2"
	clamp_to_water_level=no
	render_under_water=no
	generated_content=yes
	layer="semidynamic"
	pdxmesh="tree_palm_03_mesh"
	count=507
	transform="2278.231201 0.000000 1450.638428 0.000000 0.858732 0.000000 -0.512425 0.619071 0.619071 0.619071
2288.647949 0.000000 1509.069458 0.000000 0.414507 0.000000 -0.910046 0.719657 0.719657 0.719657
2371.510986 0.000000 1402.552979 0.000000 0.619749 0.000000 -0.784800 0.634155 0.634155 0.634155
2344.179932 0.000000 1440.294067 0.000000 0.720831 0.000000 -0.693110 1.041780 1.041780 1.041780
2344.198975 0.000000 1442.955322 0.000000 0.104530 0.000000 -0.994522 1.137255 1.137255 1.137255
2368.156738 0.000000 1467.009521 0.000000 0.472914 0.000000 -0.881108 0.699057 0.699057 0.699057
2370.627686 0.000000 1440.816528 0.000000 0.456225 0.000000 -0.889864 0.807449 0.807449 0.807449
2372.483887 0.000000 1441.858032 0.000000 0.028911 0.000000 -0.999582 1.104849 1.104849 1.104849
2354.585205 0.000000 1496.488037 0.000000 0.062671 0.000000 -0.998034 0.787458 0.787458 0.787458
2335.334473 0.000000 1509.579224 0.000000 0.611424 0.000000 -0.791303 0.649401 0.649401 0.649401
2336.544434 0.000000 1515.925293 0.000000 0.667439 0.000000 -0.744664 0.650239 0.650239 0.650239
2350.671387 0.000000 1515.048218 0.000000 0.208937 0.000000 -0.977929 0.838834 0.838834 0.838834
2377.063721 0.000000 1499.055786 0.000000 0.001676 0.000000 -0.999999 0.817896 0.817896 0.817896
2378.565186 0.000000 1471.142700 0.000000 0.111427 0.000000 -0.993773 0.875848 0.875848 0.875848
2381.612061 0.000000 1471.722412 0.000000 0.628382 0.000000 -0.777905 0.800253 0.800253 0.800253
2169.072510 0.000000 1744.648315 0.000000 0.676826 0.000000 -0.736143 1.033301 1.033301 1.033301
2150.820068 0.000000 1746.782959 0.000000 0.823051 0.000000 -0.567968 0.929468 0.929468 0.929468
2150.231201 0.000000 1789.544678 0.000000 0.629648 0.000000 -0.776880 0.696907 0.696907 0.696907
2156.194824 0.000000 1763.093018 0.000000 0.661696 0.000000 -0.749772 0.848426 0.848426 0.848426
2151.591309 0.000000 1792.851685 0.000000 0.570083 0.000000 -0.821587 0.655622 0.655622 0.655622
2168.346436 0.000000 1773.216553 0.000000 0.353414 0.000000 -0.935467 0.685263 0.685263 0.685263
2166.255859 0.000000 1759.775635 0.000000 0.167526 0.000000 -0.985868 0.845539 0.845539 0.845539
2197.422607 0.000000 1718.886108 0.000000 0.720608 0.000000 -0.693342 1.046272 1.046272 1.046272
2229.177490 0.000000 1705.051636 0.000000 0.313915 0.000000 -0.949451 1.037015 1.037015 1.037015
2285.433838 0.000000 1724.260498 0.000000 0.348019 0.000000 -0.937488 0.724376 0.724376 0.724376
2278.469482 0.000000 1721.125244 0.000000 0.836511 0.000000 -0.547949 0.689211 0.689211 0.689211
2283.765381 0.000000 1723.815552 0.000000 0.299117 0.000000 -0.954217 1.145191 1.145191 1.145191
2187.959473 0.000000 1799.506470 0.000000 0.675073 0.000000 -0.737751 0.675557 0.675557 0.675557
2384.244385 0.000000 1610.760376 0.000000 0.624114 0.000000 -0.781334 0.914863 0.914863 0.914863
2338.015137 0.000000 1658.542358 0.000000 0.775151 0.000000 -0.631776 0.630860 0.630860 0.630860
2318.650879 0.000000 1688.387695 0.000000 0.749781 0.000000 -0.661687 0.613996 0.613996 0.613996
2319.831299 0.000000 1698.703125 0.000000 0.511291 0.000000 -0.859408 0.700211 0.700211 0.700211
2304.936035 0.000000 1717.140747 0.000000 0.690542 0.000000 -0.723293 0.636559 0.636559 0.636559
2541.386719 0.000000 1749.238281 0.000000 0.141570 0.000000 -0.989928 0.756285 0.756285 0.756285
2535.591309 0.000000 1736.367310 0.000000 0.117003 0.000000 -0.993132 0.759345 0.759345 0.759345
2449.256836 0.000000 1785.730469 0.000000 0.033188 0.000000 -0.999449 0.811510 0.811510 0.811510
2500.032471 0.000000 1782.627197 0.000000 0.544494 0.000000 -0.838765 0.698603 0.698603 0.698603
2500.763672 0.000000 1787.207886 0.000000 0.552139 0.000000 -0.833752 0.682011 0.682011 0.682011
2523.932861 0.000000 1771.285278 0.000000 0.105040 0.000000 -0.994468 0.745326 0.745326 0.745326
2521.283936 0.000000 1772.633423 0.000000 0.561566 0.000000 -0.827432 0.654370 0.654370 0.654370
2529.411865 0.000000 1765.972778 0.000000 0.617520 0.000000 -0.786555 0.635255 0.635255 0.635255
2514.128174 0.000000 1771.777222 0.000000 0.519170 0.000000 -0.854671 1.142011 1.142011 1.142011
2500.756592 0.000000 1769.808838 0.000000 0.087862 0.000000 -0.996133 1.201015 1.201015 1.201015
2519.105713 0.000000 1772.252319 0.000000 0.267090 0.000000 -0.963672 0.994386 0.994386 0.994386
2506.166748 0.000000 1757.529297 0.000000 0.299155 0.000000 -0.954205 0.813346 0.813346 0.813346
2870.173828 0.000000 1474.777954 0.000000 0.017533 0.000000 -0.999846 0.811193 0.811193 0.811193
2900.569336 0.000000 1473.980225 0.000000 0.633248 0.000000 -0.773949 0.685936 0.685936 0.685936
2889.604492 0.000000 1496.048096 0.000000 0.605246 0.000000 -0.796039 0.640342 0.640342 0.640342
2891.616455 0.000000 1497.934937 0.000000 0.134021 0.000000 -0.990978 0.807367 0.807367 0.807367
2912.801270 0.000000 1496.908936 0.000000 0.864415 0.000000 -0.502779 0.786444 0.786444 0.786444
2916.830078 0.000000 1503.521484 0.000000 0.832779 0.000000 -0.553605 1.037479 1.037479 1.037479
2969.706787 0.000000 1482.233154 0.000000 0.834719 0.000000 -0.550676 0.587574 0.587574 0.587574
2964.832764 0.000000 1481.173340 0.000000 0.339608 0.000000 -0.940567 0.679265 0.679265 0.679265
2967.407959 0.000000 1480.431885 0.000000 0.056034 0.000000 -0.998429 0.757042 0.757042 0.757042
2984.198975 0.000000 1499.439697 0.000000 0.347822 0.000000 -0.937561 0.952147 0.952147 0.952147
2978.967773 0.000000 1503.336426 0.000000 0.498526 0.000000 -0.866875 1.142846 1.142846 1.142846
2782.952637 0.000000 1657.559204 0.000000 0.855452 0.000000 -0.517882 0.591125 0.591125 0.591125
2622.419189 0.000000 1736.678589 0.000000 0.352075 0.000000 -0.935972 0.680040 0.680040 0.680040
2613.861084 0.000000 1742.597656 0.000000 0.732716 0.000000 -0.680534 0.628656 0.628656 0.628656
2588.380127 0.000000 1749.381592 0.000000 0.369585 0.000000 -0.929197 0.685976 0.685976 0.685976
2620.008301 0.000000 1736.808472 0.000000 0.356425 0.000000 -0.934324 0.871445 0.871445 0.871445
2650.979736 0.000000 1736.364014 0.000000 0.081195 0.000000 -0.996698 0.815154 0.815154 0.815154
2638.953369 0.000000 1748.502930 0.000000 0.060529 0.000000 -0.998166 0.807096 0.807096 0.807096
2653.392090 0.000000 1739.204712 0.000000 0.834852 0.000000 -0.550475 0.604128 0.604128 0.604128
2565.464844 0.000000 1755.797607 0.000000 0.854763 0.000000 -0.519018 0.602791 0.602791 0.602791
2707.991699 0.000000 1727.758789 0.000000 0.253426 0.000000 -0.967355 0.810121 0.810121 0.810121
2704.716797 0.000000 1726.629028 0.000000 0.715933 0.000000 -0.698169 0.618370 0.618370 0.618370
2703.831299 0.000000 1755.187500 0.000000 0.063743 0.000000 -0.997966 0.737591 0.737591 0.737591
2702.033691 0.000000 1756.906616 0.000000 0.749469 0.000000 -0.662040 0.711791 0.711791 0.711791
2906.709961 0.000000 1618.602417 0.000000 0.588139 0.000000 -0.808760 0.685208 0.685208 0.685208
499.759064 0.000000 2008.317993 0.000000 0.348777 0.000000 -0.937206 0.716949 0.716949 0.716949
556.760437 0.000000 1958.973877 0.000000 0.366840 0.000000 -0.930284 0.723340 0.723340 0.723340
563.214050 0.000000 1966.725952 0.000000 0.611824 0.000000 -0.790994 0.650125 0.650125 0.650125
553.204712 0.000000 1957.030151 0.000000 0.171050 0.000000 -0.985262 0.739635 0.739635 0.739635
563.634155 0.000000 1963.196655 0.000000 0.131900 0.000000 -0.991263 1.145448 1.145448 1.145448
550.346802 0.000000 1974.726440 0.000000 0.002380 0.000000 -0.999997 0.776639 0.776639 0.776639
555.659790 0.000000 1956.648438 0.000000 0.769881 0.000000 -0.638188 0.896123 0.896123 0.896123
561.031494 0.000000 1966.807251 0.000000 0.213995 0.000000 -0.976835 1.100480 1.100480 1.100480
554.678162 0.000000 1958.643799 0.000000 0.424536 0.000000 -0.905411 0.924127 0.924127 0.924127
562.750305 0.000000 1961.021973 0.000000 0.553756 0.000000 -0.832679 0.952709 0.952709 0.952709
1506.932617 0.000000 2143.998779 0.000000 0.712486 0.000000 -0.701687 0.647085 0.647085 0.647085
1528.630249 0.000000 2143.376953 0.000000 0.339035 0.000000 -0.940774 0.909669 0.909669 0.909669
1522.585205 0.000000 2174.300537 0.000000 0.864713 0.000000 -0.502265 0.591238 0.591238 0.591238
1522.318481 0.000000 2146.612061 0.000000 0.149438 0.000000 -0.988771 0.750602 0.750602 0.750602
1503.373413 0.000000 2189.839355 0.000000 0.843688 0.000000 -0.536834 0.827357 0.827357 0.827357
1522.425415 0.000000 2148.560547 0.000000 0.782725 0.000000 -0.622368 0.921400 0.921400 0.921400
1496.891602 0.000000 2192.761475 0.000000 0.157280 0.000000 -0.987554 1.172484 1.172484 1.172484
1484.978516 0.000000 2203.626709 0.000000 0.355373 0.000000 -0.934725 0.747343 0.747343 0.747343
1472.009766 0.000000 2245.083252 0.000000 0.807220 0.000000 -0.590251 0.608997 0.608997 0.608997
1852.832764 0.000000 1896.306152 0.000000 0.745548 0.000000 -0.666452 0.623743 0.623743 0.623743
1867.557495 0.000000 1903.932129 0.000000 0.853059 0.000000 -0.521814 1.004551 1.004551 1.004551
1987.912964 0.000000 1874.920898 0.000000 0.094510 0.000000 -0.995524 1.022772 1.022772 1.022772
1848.065796 0.000000 2002.315674 0.000000 0.543739 0.000000 -0.839255 0.714447 0.714447 0.714447
1830.893555 0.000000 1996.400513 0.000000 0.837614 0.000000 -0.546263 0.613183 0.613183 0.613183
1844.706299 0.000000 2033.268433 0.000000 0.842923 0.000000 -0.538035 0.876086 0.876086 0.876086
1865.400879 0.000000 1993.072266 0.000000 0.692268 0.000000 -0.721640 0.674798 0.674798 0.674798
1863.408936 0.000000 1994.790649 0.000000 0.275544 0.000000 -0.961288 0.895402 0.895402 0.895402
1929.400879 0.000000 1936.587891 0.000000 0.598920 0.000000 -0.800809 0.698571 0.698571 0.698571
1925.119263 0.000000 1936.902954 0.000000 0.831165 0.000000 -0.556026 0.607526 0.607526 0.607526
1935.197021 0.000000 1932.101562 0.000000 0.079879 0.000000 -0.996805 1.146272 1.146272 1.146272
1939.894409 0.000000 1928.240479 0.000000 0.855101 0.000000 -0.518462 0.600848 0.600848 0.600848
1985.451416 0.000000 1932.644409 0.000000 0.181445 0.000000 -0.983401 0.808306 0.808306 0.808306
1999.273071 0.000000 1942.387329 0.000000 0.606020 0.000000 -0.795450 0.697358 0.697358 0.697358
2019.764893 0.000000 1946.316040 0.000000 0.162590 0.000000 -0.986694 0.781986 0.781986 0.781986
1597.638184 0.000000 2053.160645 0.000000 0.042326 0.000000 -0.999104 0.724945 0.724945 0.724945
1545.203857 0.000000 2125.622559 0.000000 0.844675 0.000000 -0.535280 0.607665 0.607665 0.607665
1558.937134 0.000000 2104.349121 0.000000 0.046576 0.000000 -0.998915 0.806513 0.806513 0.806513
1561.237549 0.000000 2096.080811 0.000000 0.229683 0.000000 -0.973266 0.757243 0.757243 0.757243
1536.156738 0.000000 2144.822021 0.000000 0.603439 0.000000 -0.797409 0.651046 0.651046 0.651046
1557.235596 0.000000 2109.782959 0.000000 0.678258 0.000000 -0.734824 1.059560 1.059560 1.059560
1556.433228 0.000000 2106.936523 0.000000 0.643281 0.000000 -0.765630 1.072495 1.072495 1.072495
1614.007324 0.000000 2120.812012 0.000000 0.453167 0.000000 -0.891426 0.735315 0.735315 0.735315
1632.426636 0.000000 2102.359619 0.000000 0.068044 0.000000 -0.997682 0.742538 0.742538 0.742538
1632.448975 0.000000 2115.917236 0.000000 0.332006 0.000000 -0.943277 0.719212 0.719212 0.719212
1617.722656 0.000000 2142.099121 0.000000 0.400086 0.000000 -0.916477 0.758717 0.758717 0.758717
1645.942993 0.000000 2111.862793 0.000000 0.406395 0.000000 -0.913697 0.668721 0.668721 0.668721
1631.005493 0.000000 2124.826660 0.000000 0.083496 0.000000 -0.996508 0.859010 0.859010 0.859010
1589.993896 0.000000 2167.692383 0.000000 0.555520 0.000000 -0.831503 0.691556 0.691556 0.691556
1569.910522 0.000000 2188.729004 0.000000 0.358408 0.000000 -0.933565 0.754796 0.754796 0.754796
1601.451416 0.000000 2158.581787 0.000000 0.310516 0.000000 -0.950568 0.776829 0.776829 0.776829
1600.098755 0.000000 2153.355225 0.000000 0.015042 0.000000 -0.999887 0.821014 0.821014 0.821014
1850.544556 0.000000 2073.860596 0.000000 0.082276 0.000000 -0.996610 0.829417 0.829417 0.829417
1843.402588 0.000000 2087.404785 0.000000 0.853967 0.000000 -0.520326 0.602260 0.602260 0.602260
1840.746582 0.000000 2036.675171 0.000000 0.757501 0.000000 -0.652834 0.621201 0.621201 0.621201
1856.098755 0.000000 2040.386475 0.000000 0.319385 0.000000 -0.947625 0.743979 0.743979 0.743979
1859.820923 0.000000 2047.242920 0.000000 0.546162 0.000000 -0.837679 0.669944 0.669944 0.669944
1863.408936 0.000000 2051.274902 0.000000 0.856672 0.000000 -0.515862 0.994304 0.994304 0.994304
1359.130981 0.000000 2355.231201 0.000000 0.406047 0.000000 -0.913852 0.748202 0.748202 0.748202
1356.526733 0.000000 2338.905273 0.000000 0.132177 0.000000 -0.991226 0.993062 0.993062 0.993062
1368.795410 0.000000 2343.771484 0.000000 0.378577 0.000000 -0.925570 1.079001 1.079001 1.079001
1371.190674 0.000000 2344.168701 0.000000 0.398816 0.000000 -0.917031 1.053817 1.053817 1.053817
1404.727539 0.000000 2318.353760 0.000000 0.851778 0.000000 -0.523903 0.720364 0.720364 0.720364
1470.419189 0.000000 2301.522217 0.000000 0.252277 0.000000 -0.967655 0.755727 0.755727 0.755727
1474.575806 0.000000 2300.501953 0.000000 0.832487 0.000000 -0.554045 0.669760 0.669760 0.669760
2170.807129 0.000000 1814.154541 0.000000 0.611693 0.000000 -0.791095 0.696507 0.696507 0.696507
2167.531250 0.000000 1818.103638 0.000000 0.104725 0.000000 -0.994501 0.756358 0.756358 0.756358
2119.437256 0.000000 1862.543579 0.000000 0.143669 0.000000 -0.989626 0.708891 0.708891 0.708891
2132.984863 0.000000 1844.697998 0.000000 0.649491 0.000000 -0.760369 1.108332 1.108332 1.108332
2168.346436 0.000000 1829.700928 0.000000 0.171974 0.000000 -0.985102 0.714117 0.714117 0.714117
2140.944580 0.000000 1843.367432 0.000000 0.535167 0.000000 -0.844746 1.088163 1.088163 1.088163
2134.604004 0.000000 1846.029663 0.000000 0.378936 0.000000 -0.925423 1.074625 1.074625 1.074625
2168.654053 0.000000 1824.712891 0.000000 0.355067 0.000000 -0.934841 1.125740 1.125740 1.125740
2137.034668 0.000000 1839.446533 0.000000 0.856029 0.000000 -0.516928 1.059811 1.059811 1.059811
2060.978516 0.000000 1864.720337 0.000000 0.817938 0.000000 -0.575307 0.635205 0.635205 0.635205
2059.377686 0.000000 1883.527954 0.000000 0.509151 0.000000 -0.860677 1.134313 1.134313 1.134313
2182.508057 0.000000 1859.591187 0.000000 0.360150 0.000000 -0.932894 0.688661 0.688661 0.688661
2183.408936 0.000000 1825.337524 0.000000 0.725590 0.000000 -0.688127 0.902126 0.902126 0.902126
2178.026611 0.000000 1856.126221 0.000000 0.686229 0.000000 -0.727385 1.084096 1.084096 1.084096
2180.679688 0.000000 1860.114990 0.000000 0.844685 0.000000 -0.535263 1.068108 1.068108 1.068108
2184.859375 0.000000 1844.987061 0.000000 0.306171 0.000000 -0.951977 1.148806 1.148806 1.148806
2098.798096 0.000000 1957.149902 0.000000 0.435077 0.000000 -0.900393 0.688433 0.688433 0.688433
2099.759033 0.000000 2008.317993 0.000000 0.325592 0.000000 -0.945511 0.710211 0.710211 0.710211
2082.857422 0.000000 2006.082031 0.000000 0.010564 0.000000 -0.999944 0.781038 0.781038 0.781038
2086.646240 0.000000 2009.110352 0.000000 0.199343 0.000000 -0.979930 0.797032 0.797032 0.797032
2094.693848 0.000000 2009.011719 0.000000 0.833027 0.000000 -0.553233 0.685069 0.685069 0.685069
2105.864990 0.000000 2005.544312 0.000000 0.421383 0.000000 -0.906883 1.153975 1.153975 1.153975
2190.953369 0.000000 2030.924805 0.000000 0.670372 0.000000 -0.742025 0.651853 0.651853 0.651853
2185.640869 0.000000 2030.140991 0.000000 0.204529 0.000000 -0.978861 0.756060 0.756060 0.756060
2282.009521 0.000000 2031.889771 0.000000 0.813918 0.000000 -0.580980 0.623274 0.623274 0.623274
2295.044922 0.000000 2016.041504 0.000000 0.771581 0.000000 -0.636131 0.767780 0.767780 0.767780
2332.380127 0.000000 1975.319092 0.000000 0.454636 0.000000 -0.890677 0.685583 0.685583 0.685583
2318.220459 0.000000 1994.034058 0.000000 0.123485 0.000000 -0.992346 0.783400 0.783400 0.783400
2346.673340 0.000000 1977.097046 0.000000 0.821467 0.000000 -0.570255 0.613848 0.613848 0.613848
2306.026611 0.000000 2025.579346 0.000000 0.369272 0.000000 -0.929321 0.990999 0.990999 0.990999
2389.668701 0.000000 1986.742065 0.000000 0.144526 0.000000 -0.989501 0.744003 0.744003 0.744003
2395.677979 0.000000 1981.967285 0.000000 0.291914 0.000000 -0.956445 0.686626 0.686626 0.686626
2374.912598 0.000000 1976.954712 0.000000 0.690772 0.000000 -0.723072 0.989653 0.989653 0.989653
2433.451416 0.000000 1932.644409 0.000000 0.851534 0.000000 -0.524299 0.622557 0.622557 0.622557
2514.817383 0.000000 1950.912598 0.000000 0.522841 0.000000 -0.852430 0.690719 0.690719 0.690719
2528.448975 0.000000 1946.464111 0.000000 0.154679 0.000000 -0.987965 0.905246 0.905246 0.905246
2515.362793 0.000000 1948.456543 0.000000 0.528700 0.000000 -0.848809 1.122239 1.122239 1.122239
2517.008301 0.000000 1949.573853 0.000000 0.813406 0.000000 -0.581697 1.015410 1.015410 1.015410
2204.431641 0.000000 2040.945312 0.000000 0.030525 0.000000 -0.999534 0.758984 0.758984 0.758984
2203.677979 0.000000 2038.451660 0.000000 0.545339 0.000000 -0.838216 0.862236 0.862236 0.862236
2249.400879 0.000000 2049.556641 0.000000 0.845780 0.000000 -0.533531 0.620758 0.620758 0.620758
2282.673340 0.000000 2033.581421 0.000000 0.042834 0.000000 -0.999082 0.953876 0.953876 0.953876
2269.958740 0.000000 2043.637817 0.000000 0.665386 0.000000 -0.746499 0.630346 0.630346 0.630346
2240.090088 0.000000 2036.733154 0.000000 0.805368 0.000000 -0.592776 0.838375 0.838375 0.838375
2237.612061 0.000000 2128.681641 0.000000 0.379688 0.000000 -0.925115 0.706596 0.706596 0.706596
2254.220459 0.000000 2107.002686 0.000000 0.021329 0.000000 -0.999772 0.813914 0.813914 0.813914
2262.937256 0.000000 2104.349121 0.000000 0.293823 0.000000 -0.955860 0.733989 0.733989 0.733989
2252.721436 0.000000 2128.246826 0.000000 0.160508 0.000000 -0.987034 0.819650 0.819650 0.819650
2224.746582 0.000000 2149.643799 0.000000 0.789011 0.000000 -0.614380 0.613225 0.613225 0.613225
2223.339111 0.000000 2146.652344 0.000000 0.602707 0.000000 -0.797963 0.635281 0.635281 0.635281
2233.677979 0.000000 2161.527832 0.000000 0.853753 0.000000 -0.520678 1.031723 1.031723 1.031723
2318.953369 0.000000 2087.409180 0.000000 0.494484 0.000000 -0.869187 0.700820 0.700820 0.700820
2316.978516 0.000000 2090.657959 0.000000 0.586921 0.000000 -0.809645 0.703171 0.703171 0.703171
2578.127686 0.000000 1933.744751 0.000000 0.112321 0.000000 -0.993672 0.817275 0.817275 0.817275
3839.487305 0.000000 2176.634033 0.000000 0.311101 0.000000 -0.950377 0.761660 0.761660 0.761660
3870.530029 0.000000 2169.866211 0.000000 0.603585 0.000000 -0.797299 0.695941 0.695941 0.695941
3901.658936 0.000000 2181.721924 0.000000 0.189140 0.000000 -0.981950 0.750734 0.750734 0.750734
3898.631836 0.000000 2181.542725 0.000000 0.853497 0.000000 -0.521098 0.679094 0.679094 0.679094
3856.244385 0.000000 2175.604004 0.000000 0.747551 0.000000 -0.664204 0.621055 0.621055 0.621055
3884.128174 0.000000 2173.847656 0.000000 0.019115 0.000000 -0.999817 0.737660 0.737660 0.737660
3859.640381 0.000000 2171.718018 0.000000 0.440004 0.000000 -0.897996 0.978543 0.978543 0.978543
3894.158936 0.000000 2178.466064 0.000000 0.453143 0.000000 -0.891438 1.112921 1.112921 1.112921
3875.093018 0.000000 2168.782471 0.000000 0.423631 0.000000 -0.905835 1.089128 1.089128 1.089128
3877.432373 0.000000 2213.917725 0.000000 0.031814 0.000000 -0.999494 0.778362 0.778362 0.778362
3883.690186 0.000000 2262.938965 0.000000 0.204673 0.000000 -0.978831 0.699818 0.699818 0.699818
4407.044922 0.000000 1281.744629 0.000000 0.288709 0.000000 -0.957417 0.893180 0.893180 0.893180
4405.013672 0.000000 1333.786987 0.000000 0.576978 0.000000 -0.816760 0.683613 0.683613 0.683613
4400.023926 0.000000 1351.675659 0.000000 0.683216 0.000000 -0.730216 0.651750 0.651750 0.651750
4413.638184 0.000000 1318.863892 0.000000 0.341249 0.000000 -0.939973 0.763109 0.763109 0.763109
4398.880859 0.000000 1349.676270 0.000000 0.547603 0.000000 -0.836738 0.774937 0.774937 0.774937
4620.721191 0.000000 1055.043579 0.000000 0.306911 0.000000 -0.951738 0.806707 0.806707 0.806707
4626.127930 0.000000 1086.479126 0.000000 0.553506 0.000000 -0.832845 0.714880 0.714880 0.714880
4333.386719 0.000000 1466.816406 0.000000 0.681791 0.000000 -0.731547 0.623840 0.623840 0.623840
4324.144531 0.000000 1461.070801 0.000000 0.494981 0.000000 -0.868904 0.768893 0.768893 0.768893
4318.236816 0.000000 1521.123657 0.000000 0.405838 0.000000 -0.913945 0.721483 0.721483 0.721483
4315.131348 0.000000 1484.714966 0.000000 0.590770 0.000000 -0.806840 0.662771 0.662771 0.662771
4324.620605 0.000000 1515.302246 0.000000 0.793474 0.000000 -0.608604 0.614916 0.614916 0.614916
4347.981445 0.000000 1523.812988 0.000000 0.825950 0.000000 -0.563744 0.798141 0.798141 0.798141
4317.020508 0.000000 1481.424072 0.000000 0.725766 0.000000 -0.687941 0.878007 0.878007 0.878007
4316.979980 0.000000 1483.872925 0.000000 0.632322 0.000000 -0.774705 0.844755 0.844755 0.844755
4331.071777 0.000000 1479.172241 0.000000 0.633531 0.000000 -0.773718 1.015243 1.015243 1.015243
4321.210449 0.000000 1569.951416 0.000000 0.688782 0.000000 -0.724968 0.668554 0.668554 0.668554
4322.900879 0.000000 1525.142822 0.000000 0.573794 0.000000 -0.818999 0.703767 0.703767 0.703767
4327.778320 0.000000 1580.913086 0.000000 0.608475 0.000000 -0.793573 0.829663 0.829663 0.829663
4341.007812 0.000000 1566.228516 0.000000 0.779591 0.000000 -0.626289 0.869567 0.869567 0.869567
4372.089355 0.000000 1400.441895 0.000000 0.419957 0.000000 -0.907544 0.739802 0.739802 0.739802
4363.929688 0.000000 1424.115234 0.000000 0.768228 0.000000 -0.640177 0.641269 0.641269 0.641269
4356.763672 0.000000 1448.301636 0.000000 0.637749 0.000000 -0.770244 0.673517 0.673517 0.673517
4361.084961 0.000000 1422.927246 0.000000 0.835819 0.000000 -0.549006 0.593803 0.593803 0.593803
4265.656250 0.000000 1621.672241 0.000000 0.580364 0.000000 -0.814357 0.673550 0.673550 0.673550
4332.083496 0.000000 1601.623535 0.000000 0.808884 0.000000 -0.587969 0.627340 0.627340 0.627340
4305.260254 0.000000 1608.019653 0.000000 0.466195 0.000000 -0.884682 0.702902 0.702902 0.702902
4332.194824 0.000000 1593.639893 0.000000 0.048737 0.000000 -0.998812 0.735400 0.735400 0.735400
4317.422852 0.000000 1620.114380 0.000000 0.715488 0.000000 -0.698625 0.632950 0.632950 0.632950
4339.318359 0.000000 1615.203979 0.000000 0.433985 0.000000 -0.900920 1.056582 1.056582 1.056582
4244.968750 0.000000 1690.171997 0.000000 0.475537 0.000000 -0.879696 0.738772 0.738772 0.738772
4271.722656 0.000000 1682.366577 0.000000 0.181281 0.000000 -0.983431 0.803143 0.803143 0.803143
4256.032227 0.000000 1674.984741 0.000000 0.811007 0.000000 -0.585037 0.630351 0.630351 0.630351
4257.128418 0.000000 1678.810059 0.000000 0.140767 0.000000 -0.990043 1.146685 1.146685 1.146685
4300.083496 0.000000 1683.560791 0.000000 0.641899 0.000000 -0.766789 0.724903 0.724903 0.724903
4344.550781 0.000000 1727.390381 0.000000 0.556257 0.000000 -0.831010 0.708280 0.708280 0.708280
4344.742188 0.000000 1724.425171 0.000000 0.761325 0.000000 -0.648371 0.630095 0.630095 0.630095
4704.618164 0.000000 1415.474976 0.000000 0.357822 0.000000 -0.933790 0.728758 0.728758 0.728758
4830.608887 0.000000 1530.617798 0.000000 0.765531 0.000000 -0.643399 0.607716 0.607716 0.607716
4826.245605 0.000000 1543.589966 0.000000 0.096275 0.000000 -0.995355 0.904449 0.904449 0.904449
4843.596680 0.000000 1573.619629 0.000000 0.688386 0.000000 -0.725345 0.867135 0.867135 0.867135
4980.365234 0.000000 1394.891235 0.000000 0.483470 0.000000 -0.875361 0.723190 0.723190 0.723190
4983.107910 0.000000 1400.826294 0.000000 0.637643 0.000000 -0.770332 0.678154 0.678154 0.678154
4968.179688 0.000000 1383.809692 0.000000 0.482897 0.000000 -0.875677 0.879035 0.879035 0.879035
5034.835938 0.000000 1474.599976 0.000000 0.197776 0.000000 -0.980247 0.723451 0.723451 0.723451
5030.646484 0.000000 1500.750977 0.000000 0.729028 0.000000 -0.684484 0.626596 0.626596 0.626596
4920.550781 0.000000 1614.421631 0.000000 0.738181 0.000000 -0.674603 0.658325 0.658325 0.658325
5359.645996 0.000000 1024.416748 0.000000 0.810713 0.000000 -0.585443 0.923441 0.923441 0.923441
5402.364746 0.000000 1042.280029 0.000000 0.664825 0.000000 -0.746999 0.651311 0.651311 0.651311
5404.947754 0.000000 1046.790527 0.000000 0.555243 0.000000 -0.831688 0.709684 0.709684 0.709684
8048.205566 0.000000 677.786865 0.000000 0.474145 0.000000 -0.880447 0.660088 0.660088 0.660088
8047.722656 0.000000 665.647766 0.000000 0.762154 0.000000 -0.647395 0.625256 0.625256 0.625256
8042.009766 0.000000 676.264771 0.000000 0.394071 0.000000 -0.919080 0.723949 0.723949 0.723949
8057.007324 0.000000 666.988647 0.000000 0.827060 0.000000 -0.562114 0.914153 0.914153 0.914153
8071.671387 0.000000 646.184692 0.000000 0.839933 0.000000 -0.542690 0.623949 0.623949 0.623949
8078.873047 0.000000 629.375183 0.000000 0.355252 0.000000 -0.934771 0.732898 0.732898 0.732898
8038.686523 0.000000 678.118286 0.000000 0.529778 0.000000 -0.848136 0.692547 0.692547 0.692547
6521.910645 0.000000 1347.091675 0.000000 0.776460 0.000000 -0.630166 0.626889 0.626889 0.626889
6548.089355 0.000000 1343.957520 0.000000 0.159673 0.000000 -0.987170 0.758282 0.758282 0.758282
6582.864258 0.000000 1354.139282 0.000000 0.191234 0.000000 -0.981545 0.765832 0.765832 0.765832
6572.412598 0.000000 1341.414307 0.000000 0.260403 0.000000 -0.965500 0.708072 0.708072 0.708072
6584.630371 0.000000 1352.595581 0.000000 0.056163 0.000000 -0.998422 1.083204 1.083204 1.083204
6563.522949 0.000000 1343.786499 0.000000 0.034628 0.000000 -0.999400 0.934992 0.934992 0.934992
6601.203613 0.000000 1334.841431 0.000000 0.660640 0.000000 -0.750703 0.678388 0.678388 0.678388
6622.953613 0.000000 1355.393188 0.000000 0.769999 0.000000 -0.638046 0.621012 0.621012 0.621012
6613.934570 0.000000 1353.952637 0.000000 0.549752 0.000000 -0.835328 1.122186 1.122186 1.122186
6655.976562 0.000000 1349.755981 0.000000 0.096707 0.000000 -0.995313 1.186564 1.186564 1.186564
6644.316895 0.000000 1328.266479 0.000000 0.410452 0.000000 -0.911882 1.002312 1.002312 1.002312
6694.535645 0.000000 1328.648682 0.000000 0.218665 0.000000 -0.975800 0.719972 0.719972 0.719972
6666.072266 0.000000 1355.312622 0.000000 0.791477 0.000000 -0.611198 0.609089 0.609089 0.609089
6775.638184 0.000000 1314.884033 0.000000 0.586873 0.000000 -0.809679 0.701770 0.701770 0.701770
6721.017578 0.000000 1325.833740 0.000000 0.695962 0.000000 -0.718079 0.635288 0.635288 0.635288
6723.837402 0.000000 1322.702759 0.000000 0.288366 0.000000 -0.957520 0.732166 0.732166 0.732166
6738.128418 0.000000 1319.902222 0.000000 0.168049 0.000000 -0.985779 0.712627 0.712627 0.712627
6814.236816 0.000000 1295.186157 0.000000 0.766207 0.000000 -0.642593 0.620479 0.620479 0.620479
6799.272949 0.000000 1321.059204 0.000000 0.718618 0.000000 -0.695405 0.646577 0.646577 0.646577
6840.346680 0.000000 1321.341553 0.000000 0.334856 0.000000 -0.942269 0.823297 0.823297 0.823297
6857.400879 0.000000 1315.259766 0.000000 0.757540 0.000000 -0.652789 0.640369 0.640369 0.640369
6944.618164 0.000000 1302.506226 0.000000 0.578730 0.000000 -0.815520 0.668916 0.668916 0.668916
6921.795410 0.000000 1299.165039 0.000000 0.540182 0.000000 -0.841548 0.650938 0.650938 0.650938
6977.318848 0.000000 1338.029053 0.000000 0.535383 0.000000 -0.844610 0.722611 0.722611 0.722611
6347.929688 0.000000 1480.599609 0.000000 0.492800 0.000000 -0.870142 0.681426 0.681426 0.681426
6343.408691 0.000000 1486.431274 0.000000 0.454637 0.000000 -0.890677 0.760094 0.760094 0.760094
6317.516602 0.000000 1539.811401 0.000000 0.378874 0.000000 -0.925448 0.759876 0.759876 0.759876
6316.062988 0.000000 1534.067261 0.000000 0.476473 0.000000 -0.879189 0.661303 0.661303 0.661303
6316.194824 0.000000 1537.155518 0.000000 0.836069 0.000000 -0.548625 0.600688 0.600688 0.600688
6350.873047 0.000000 1533.125244 0.000000 0.560690 0.000000 -0.828026 0.700570 0.700570 0.700570
6355.640625 0.000000 1550.389893 0.000000 0.847532 0.000000 -0.530744 0.806554 0.806554 0.806554
6364.928223 0.000000 1542.958252 0.000000 0.192397 0.000000 -0.981317 0.707489 0.707489 0.707489
6355.362793 0.000000 1553.065918 0.000000 0.465198 0.000000 -0.885207 0.862259 0.862259 0.862259
6504.832520 0.000000 1359.126099 0.000000 0.837566 0.000000 -0.546337 0.624456 0.624456 0.624456
6525.292480 0.000000 1368.183960 0.000000 0.125582 0.000000 -0.992083 0.784068 0.784068 0.784068
6508.083496 0.000000 1375.686035 0.000000 0.167378 0.000000 -0.985893 0.786266 0.786266 0.786266
6468.763672 0.000000 1391.817261 0.000000 0.714864 0.000000 -0.699263 0.651663 0.651663 0.651663
6500.342285 0.000000 1411.293701 0.000000 0.810789 0.000000 -0.585338 0.923420 0.923420 0.923420
6501.294434 0.000000 1400.581177 0.000000 0.645675 0.000000 -0.763612 1.057304 1.057304 1.057304
6486.478027 0.000000 1447.002686 0.000000 0.776890 0.000000 -0.629637 0.644616 0.644616 0.644616
6502.535645 0.000000 1441.617432 0.000000 0.727719 0.000000 -0.685876 0.626517 0.626517 0.626517
6505.064941 0.000000 1463.814941 0.000000 0.567895 0.000000 -0.823101 0.662569 0.662569 0.662569
6519.044922 0.000000 1451.197754 0.000000 0.389783 0.000000 -0.920907 0.808639 0.808639 0.808639
6493.291016 0.000000 1454.451904 0.000000 0.577236 0.000000 -0.816578 1.126662 1.126662 1.126662
6507.596680 0.000000 1460.650879 0.000000 0.608396 0.000000 -0.793634 0.710354 0.710354 0.710354
6504.389160 0.000000 1465.739746 0.000000 0.385175 0.000000 -0.922844 0.901631 0.901631 0.901631
6491.739258 0.000000 1455.732788 0.000000 0.182404 0.000000 -0.983224 1.063037 1.063037 1.063037
6473.693359 0.000000 1421.172119 0.000000 0.122585 0.000000 -0.992458 1.092176 1.092176 1.092176
6472.131348 0.000000 1421.497070 0.000000 0.612781 0.000000 -0.790253 1.058010 1.058010 1.058010
6534.424805 0.000000 1375.985107 0.000000 0.366209 0.000000 -0.930532 0.686512 0.686512 0.686512
6548.832520 0.000000 1368.204590 0.000000 0.144835 0.000000 -0.989456 0.737859 0.737859 0.737859
6535.408691 0.000000 1373.462524 0.000000 0.444348 0.000000 -0.895854 1.137216 1.137216 1.137216
6532.756836 0.000000 1374.418213 0.000000 0.127293 0.000000 -0.991865 0.797318 0.797318 0.797318
6637.943359 0.000000 1357.979980 0.000000 0.074265 0.000000 -0.997239 0.807659 0.807659 0.807659
6622.725586 0.000000 1359.217529 0.000000 0.620288 0.000000 -0.784374 0.925214 0.925214 0.925214
6624.032227 0.000000 1449.047241 0.000000 0.721761 0.000000 -0.692142 0.654874 0.654874 0.654874
6633.204590 0.000000 1448.670776 0.000000 0.850102 0.000000 -0.526619 0.587439 0.587439 0.587439
6628.099609 0.000000 1450.427124 0.000000 0.028162 0.000000 -0.999603 1.134404 1.134404 1.134404
6444.760254 0.000000 1507.098877 0.000000 0.077648 0.000000 -0.996981 0.815907 0.815907 0.815907
6450.789551 0.000000 1480.681030 0.000000 0.428010 0.000000 -0.903774 0.709190 0.709190 0.709190
6414.686523 0.000000 1483.185181 0.000000 0.734395 0.000000 -0.678722 1.038803 1.038803 1.038803
6449.129395 0.000000 1518.999634 0.000000 0.805923 0.000000 -0.592020 0.733474 0.733474 0.733474
6446.880859 0.000000 1519.129395 0.000000 0.253559 0.000000 -0.967320 1.140779 1.140779 1.140779
6450.103516 0.000000 1516.926636 0.000000 0.556971 0.000000 -0.830532 0.809407 0.809407 0.809407
6428.979980 0.000000 1483.872925 0.000000 0.522692 0.000000 -0.852521 1.120032 1.120032 1.120032
6418.442383 0.000000 1483.610352 0.000000 0.517059 0.000000 -0.855950 1.065405 1.065405 1.065405
6419.704102 0.000000 1482.358032 0.000000 0.263978 0.000000 -0.964529 1.082993 1.082993 1.082993
6429.938965 0.000000 1485.127197 0.000000 0.725334 0.000000 -0.688398 1.048337 1.048337 1.048337
6498.900879 0.000000 1468.658447 0.000000 0.627346 0.000000 -0.778741 0.667476 0.667476 0.667476
6467.913086 0.000000 1479.530273 0.000000 0.199363 0.000000 -0.979926 1.157001 1.157001 1.157001
6468.035156 0.000000 1474.813477 0.000000 0.463025 0.000000 -0.886345 0.979055 0.979055 0.979055
6417.360840 0.000000 1571.238525 0.000000 0.100188 0.000000 -0.994968 0.737332 0.737332 0.737332
6410.329590 0.000000 1549.782715 0.000000 0.376843 0.000000 -0.926277 0.685844 0.685844 0.685844
6579.402344 0.000000 1522.561035 0.000000 0.153434 0.000000 -0.988159 0.758377 0.758377 0.758377
6618.979980 0.000000 1510.426514 0.000000 0.810672 0.000000 -0.585501 0.633281 0.633281 0.633281
6609.664551 0.000000 1475.249756 0.000000 0.028362 0.000000 -0.999598 0.739709 0.739709 0.739709
6602.564941 0.000000 1471.142700 0.000000 0.467839 0.000000 -0.883814 0.674140 0.674140 0.674140
6639.339355 0.000000 1468.839722 0.000000 0.573816 0.000000 -0.818984 0.905786 0.905786 0.905786
6631.465820 0.000000 1478.479492 0.000000 0.813922 0.000000 -0.580974 0.781659 0.781659 0.781659
6631.104492 0.000000 1480.487305 0.000000 0.149601 0.000000 -0.988746 1.041432 1.041432 1.041432
6586.511719 0.000000 1545.588135 0.000000 0.841239 0.000000 -0.540663 0.608882 0.608882 0.608882
6580.003906 0.000000 1528.405640 0.000000 0.569970 0.000000 -0.821666 0.678756 0.678756 0.678756
6590.970703 0.000000 1547.734131 0.000000 0.583184 0.000000 -0.812340 0.951653 0.951653 0.951653
6607.272949 0.000000 1546.996704 0.000000 0.722772 0.000000 -0.691087 0.652864 0.652864 0.652864
6626.015137 0.000000 1545.573608 0.000000 0.631168 0.000000 -0.775646 0.675862 0.675862 0.675862
6645.101074 0.000000 1570.403687 0.000000 0.649642 0.000000 -0.760240 0.895050 0.895050 0.895050
6644.072754 0.000000 1573.581299 0.000000 0.849030 0.000000 -0.528345 0.926651 0.926651 0.926651
6269.507812 0.000000 1631.339233 0.000000 0.213146 0.000000 -0.977020 0.753392 0.753392 0.753392
6267.981445 0.000000 1636.781738 0.000000 0.423265 0.000000 -0.906006 0.673649 0.673649 0.673649
6291.640625 0.000000 1606.874268 0.000000 0.008301 0.000000 -0.999966 0.979343 0.979343 0.979343
6326.158691 0.000000 1613.622314 0.000000 0.773337 0.000000 -0.633995 0.605918 0.605918 0.605918
6299.698730 0.000000 1628.061890 0.000000 0.461739 0.000000 -0.887016 1.146243 1.146243 1.146243
6310.962402 0.000000 1625.742432 0.000000 0.340366 0.000000 -0.940293 0.822364 0.822364 0.822364
6317.537598 0.000000 1621.952148 0.000000 0.585199 0.000000 -0.810889 0.898668 0.898668 0.898668
6347.786133 0.000000 1586.615479 0.000000 0.388843 0.000000 -0.921304 0.695211 0.695211 0.695211
6356.805176 0.000000 1581.630005 0.000000 0.748914 0.000000 -0.662667 0.852975 0.852975 0.852975
6338.944824 0.000000 1598.958496 0.000000 0.671362 0.000000 -0.741129 0.875788 0.875788 0.875788
6352.790527 0.000000 1589.717773 0.000000 0.275625 0.000000 -0.961265 1.165323 1.165323 1.165323
6397.212891 0.000000 1663.438599 0.000000 0.548450 0.000000 -0.836184 0.650575 0.650575 0.650575
6395.211426 0.000000 1667.665039 0.000000 0.029663 0.000000 -0.999560 0.801837 0.801837 0.801837
6367.334473 0.000000 1679.032349 0.000000 0.017048 0.000000 -0.999855 0.804308 0.804308 0.804308
6374.346680 0.000000 1692.304565 0.000000 0.468125 0.000000 -0.883662 0.697624 0.697624 0.697624
6362.074219 0.000000 1725.047729 0.000000 0.380771 0.000000 -0.924670 0.735560 0.735560 0.735560
6354.127930 0.000000 1764.291626 0.000000 0.398921 0.000000 -0.916985 0.753355 0.753355 0.753355
6338.396484 0.000000 1752.877808 0.000000 0.299398 0.000000 -0.954128 0.764224 0.764224 0.764224
6356.094727 0.000000 1766.416504 0.000000 0.737686 0.000000 -0.675144 0.646131 0.646131 0.646131
6359.105957 0.000000 1772.252319 0.000000 0.493407 0.000000 -0.869799 0.821413 0.821413 0.821413
6442.281250 0.000000 1623.774292 0.000000 0.758659 0.000000 -0.651488 0.776060 0.776060 0.776060
6660.763672 0.000000 1448.301636 0.000000 0.835651 0.000000 -0.549260 0.609095 0.609095 0.609095
6694.535645 0.000000 1441.617432 0.000000 0.215187 0.000000 -0.976573 0.737791 0.737791 0.737791
6667.941895 0.000000 1453.913452 0.000000 0.562520 0.000000 -0.826784 0.676786 0.676786 0.676786
6679.339844 0.000000 1444.516846 0.000000 0.676905 0.000000 -0.736071 0.869688 0.869688 0.869688
6737.256836 0.000000 1446.824219 0.000000 0.818862 0.000000 -0.573990 0.624776 0.624776 0.624776
6739.007324 0.000000 1430.187744 0.000000 0.739631 0.000000 -0.673013 0.632982 0.632982 0.632982
6828.662598 0.000000 1406.205200 0.000000 0.667251 0.000000 -0.744833 0.652616 0.652616 0.652616
6817.910645 0.000000 1397.947876 0.000000 0.810575 0.000000 -0.585634 0.633969 0.633969 0.633969
6885.982422 0.000000 1405.886841 0.000000 0.234666 0.000000 -0.972076 0.760255 0.760255 0.760255
6862.953125 0.000000 1409.596680 0.000000 0.099436 0.000000 -0.995044 0.763899 0.763899 0.763899
6802.817383 0.000000 1442.553223 0.000000 0.595919 0.000000 -0.803044 0.646997 0.646997 0.646997
6831.537109 0.000000 1439.237793 0.000000 0.454175 0.000000 -0.890912 0.999150 0.999150 0.999150
6804.984863 0.000000 1449.307373 0.000000 0.274775 0.000000 -0.961508 0.757347 0.757347 0.757347
6828.127930 0.000000 1439.550659 0.000000 0.814212 0.000000 -0.580568 0.594873 0.594873 0.594873
6833.394043 0.000000 1437.439087 0.000000 0.755974 0.000000 -0.654602 0.609882 0.609882 0.609882
6807.339844 0.000000 1444.516846 0.000000 0.475923 0.000000 -0.879487 0.967353 0.967353 0.967353
6866.283691 0.000000 1413.242065 0.000000 0.440792 0.000000 -0.897609 0.692371 0.692371 0.692371
6880.618164 0.000000 1415.474976 0.000000 0.839543 0.000000 -0.543293 0.608188 0.608188 0.608188
6868.994629 0.000000 1414.662109 0.000000 0.574049 0.000000 -0.818821 0.647656 0.647656 0.647656
6872.535645 0.000000 1428.464355 0.000000 0.313063 0.000000 -0.949732 1.160396 1.160396 1.160396
6696.763184 0.000000 1483.715942 0.000000 0.795892 0.000000 -0.605439 0.631751 0.631751 0.631751
6698.673340 0.000000 1468.737671 0.000000 0.113892 0.000000 -0.993493 0.772200 0.772200 0.772200
6717.125000 0.000000 1521.072998 0.000000 0.713355 0.000000 -0.700803 0.624548 0.624548 0.624548
6753.448730 0.000000 1491.890503 0.000000 0.205183 0.000000 -0.978724 0.722219 0.722219 0.722219
6759.591309 0.000000 1510.429810 0.000000 0.131259 0.000000 -0.991348 1.048929 1.048929 1.048929
6717.512207 0.000000 1525.104248 0.000000 0.480850 0.000000 -0.876803 0.718210 0.718210 0.718210
6659.051758 0.000000 1574.930542 0.000000 0.352522 0.000000 -0.935803 1.107891 1.107891 1.107891
6778.028320 0.000000 1538.176758 0.000000 0.551623 0.000000 -0.834093 0.652571 0.652571 0.652571
6774.302246 0.000000 1539.365601 0.000000 0.798328 0.000000 -0.602223 0.940888 0.940888 0.940888
6813.020508 0.000000 1481.424072 0.000000 0.080446 0.000000 -0.996759 0.766203 0.766203 0.766203
6910.390625 0.000000 1524.354248 0.000000 0.655585 0.000000 -0.755121 0.779226 0.779226 0.779226
6971.211426 0.000000 1441.727539 0.000000 0.783052 0.000000 -0.621956 0.799937 0.799937 0.799937
6968.096680 0.000000 1439.753296 0.000000 0.529762 0.000000 -0.848146 0.924011 0.924011 0.924011
7021.434082 0.000000 1441.838623 0.000000 0.435537 0.000000 -0.900171 0.724422 0.724422 0.724422
6978.627930 0.000000 1440.816528 0.000000 0.757356 0.000000 -0.653002 0.941894 0.941894 0.941894
7152.541992 0.000000 1378.210205 0.000000 0.232530 0.000000 -0.972589 0.780698 0.780698 0.780698
7148.062988 0.000000 1364.614136 0.000000 0.117586 0.000000 -0.993063 0.785652 0.785652 0.785652
7059.771973 0.000000 1434.734863 0.000000 0.341864 0.000000 -0.939749 0.705453 0.705453 0.705453
7111.437500 0.000000 1467.152954 0.000000 0.176757 0.000000 -0.984255 0.725893 0.725893 0.725893
7129.283691 0.000000 1433.727173 0.000000 0.675402 0.000000 -0.737450 0.623289 0.623289 0.623289
7120.382324 0.000000 1467.925781 0.000000 0.526054 0.000000 -0.850451 0.855935 0.855935 0.855935
7166.383301 0.000000 1433.275879 0.000000 0.183083 0.000000 -0.983097 1.133976 1.133976 1.133976
7017.260742 0.000000 1569.300293 0.000000 0.137636 0.000000 -0.990483 0.795627 0.795627 0.795627
6998.937012 0.000000 1539.505493 0.000000 0.824257 0.000000 -0.566216 0.620140 0.620140 0.620140
7001.661133 0.000000 1528.144287 0.000000 0.384657 0.000000 -0.923059 0.707417 0.707417 0.707417
6678.937012 0.000000 1595.989868 0.000000 0.804228 0.000000 -0.594321 0.615589 0.615589 0.615589
6683.131348 0.000000 1597.683716 0.000000 0.549595 0.000000 -0.835431 0.866388 0.866388 0.866388
6714.631836 0.000000 1616.698975 0.000000 0.127671 0.000000 -0.991817 0.743672 0.743672 0.743672
6679.068359 0.000000 1586.073608 0.000000 0.279348 0.000000 -0.960190 0.694322 0.694322 0.694322
6689.641602 0.000000 1599.641113 0.000000 0.233530 0.000000 -0.972350 1.059187 1.059187 1.059187
6683.504395 0.000000 1595.540894 0.000000 0.548941 0.000000 -0.835861 1.053728 1.053728 1.053728
6687.967773 0.000000 1599.762207 0.000000 0.085109 0.000000 -0.996372 1.107927 1.107927 1.107927
6778.368164 0.000000 1633.488403 0.000000 0.027523 0.000000 -0.999621 0.801100 0.801100 0.801100
6761.064941 0.000000 1633.268066 0.000000 0.043071 0.000000 -0.999072 0.760306 0.760306 0.760306
6782.390625 0.000000 1637.322998 0.000000 0.860144 0.000000 -0.510052 0.579575 0.579575 0.579575
6783.163574 0.000000 1614.237061 0.000000 0.150066 0.000000 -0.988676 0.765671 0.765671 0.765671
6780.180664 0.000000 1615.665039 0.000000 0.517332 0.000000 -0.855785 1.068169 1.068169 1.068169
6747.932617 0.000000 1658.316528 0.000000 0.125675 0.000000 -0.992071 0.767818 0.767818 0.767818
6772.014648 0.000000 1646.890137 0.000000 0.022850 0.000000 -0.999739 0.783462 0.783462 0.783462
6735.671387 0.000000 1639.575928 0.000000 0.843907 0.000000 -0.536489 0.792845 0.792845 0.792845
6777.460938 0.000000 1638.150146 0.000000 0.764907 0.000000 -0.644141 0.789590 0.789590 0.789590
6767.135742 0.000000 1654.103027 0.000000 0.702481 0.000000 -0.711702 0.991670 0.991670 0.991670
6773.097168 0.000000 1639.832153 0.000000 0.690669 0.000000 -0.723171 1.095056 1.095056 1.095056
6801.722656 0.000000 1633.739868 0.000000 0.491373 0.000000 -0.870949 0.821788 0.821788 0.821788
7295.958008 0.000000 1320.039673 0.000000 0.772901 0.000000 -0.634527 0.635144 0.635144 0.635144
7236.763672 0.000000 1335.332886 0.000000 0.109252 0.000000 -0.994014 0.732577 0.732577 0.732577
7266.111328 0.000000 1330.755859 0.000000 0.387746 0.000000 -0.921766 0.881174 0.881174 0.881174
7346.789551 0.000000 1311.227905 0.000000 0.221175 0.000000 -0.975234 0.758921 0.758921 0.758921
7513.681152 0.000000 1276.433716 0.000000 0.862119 0.000000 -0.506706 0.590538 0.590538 0.590538
7445.208496 0.000000 1339.019897 0.000000 0.606474 0.000000 -0.795103 0.686909 0.686909 0.686909
7867.981445 0.000000 1015.453613 0.000000 0.416485 0.000000 -0.909143 0.702999 0.702999 0.702999
7878.215332 0.000000 1009.171997 0.000000 0.828814 0.000000 -0.559524 0.618079 0.618079 0.618079
7853.516602 0.000000 1031.452026 0.000000 0.761372 0.000000 -0.648315 0.638678 0.638678 0.638678
7848.763184 0.000000 1031.840942 0.000000 0.574862 0.000000 -0.818250 0.648221 0.648221 0.648221
7855.447754 0.000000 1029.404419 0.000000 0.159549 0.000000 -0.987190 0.725554 0.725554 0.725554
7851.095215 0.000000 1031.037354 0.000000 0.128830 0.000000 -0.991667 1.195428 1.195428 1.195428
7858.317871 0.000000 1021.171875 0.000000 0.710636 0.000000 -0.703560 0.998999 0.998999 0.998999
8145.260254 0.000000 1099.660278 0.000000 0.671108 0.000000 -0.741360 0.655426 0.655426 0.655426
8132.755371 0.000000 1101.075806 0.000000 0.442557 0.000000 -0.896740 0.783564 0.783564 0.783564
8134.395508 0.000000 1103.258789 0.000000 0.249710 0.000000 -0.968321 1.069760 1.069760 1.069760
8148.841797 0.000000 1107.769287 0.000000 0.493277 0.000000 -0.869872 1.081382 1.081382 1.081382
7894.478027 0.000000 1164.580811 0.000000 0.625103 0.000000 -0.780542 0.658626 0.658626 0.658626
7728.205566 0.000000 1299.114990 0.000000 0.515505 0.000000 -0.856887 0.703115 0.703115 0.703115
7741.507812 0.000000 1292.432983 0.000000 0.720691 0.000000 -0.693257 0.830208 0.830208 0.830208
7743.976562 0.000000 1293.271606 0.000000 0.314090 0.000000 -0.949393 0.873599 0.873599 0.873599
7785.563477 0.000000 1269.147217 0.000000 0.259120 0.000000 -0.965845 0.745530 0.745530 0.745530
7775.758301 0.000000 1272.815918 0.000000 0.733721 0.000000 -0.679451 0.653020 0.653020 0.653020
7779.765137 0.000000 1268.503540 0.000000 0.551623 0.000000 -0.834093 0.702074 0.702074 0.702074
8173.943359 0.000000 1132.042480 0.000000 0.531889 0.000000 -0.846814 0.701588 0.701588 0.701588
7223.107910 0.000000 1400.826294 0.000000 0.047427 0.000000 -0.998875 0.812046 0.812046 0.812046
7248.939453 0.000000 1371.553711 0.000000 0.760697 0.000000 -0.649107 0.616132 0.616132 0.616132
7221.005371 0.000000 1464.304565 0.000000 0.291742 0.000000 -0.956497 0.922725 0.922725 0.922725
7354.511719 0.000000 1432.619385 0.000000 0.837826 0.000000 -0.545937 0.596671 0.596671 0.596671
7189.705078 0.000000 1495.461426 0.000000 0.302982 0.000000 -0.952996 0.779521 0.779521 0.779521
7220.003906 0.000000 1471.921265 0.000000 0.824901 0.000000 -0.565278 0.763557 0.763557 0.763557
7243.786133 0.000000 1473.646729 0.000000 0.732388 0.000000 -0.680888 0.643885 0.643885 0.643885
7242.564941 0.000000 1471.142700 0.000000 0.173104 0.000000 -0.984904 0.727541 0.727541 0.727541
7445.668945 0.000000 1365.413940 0.000000 0.396575 0.000000 -0.918002 0.719070 0.719070 0.719070
7641.237793 0.000000 1361.783936 0.000000 0.617733 0.000000 -0.786388 0.667747 0.667747 0.667747
7666.318359 0.000000 1355.830933 0.000000 0.503628 0.000000 -0.863921 0.683966 0.683966 0.683966
7639.068359 0.000000 1360.136108 0.000000 0.167694 0.000000 -0.985839 0.725285 0.725285 0.725285
4393.563477 0.000000 1833.990967 0.000000 0.308782 0.000000 -0.951133 0.750873 0.750873 0.750873
4396.194824 0.000000 1819.577393 0.000000 0.417382 0.000000 -0.908731 0.690868 0.690868 0.690868
4442.122559 0.000000 1818.308350 0.000000 0.111179 0.000000 -0.993800 0.804409 0.804409 0.804409
4430.220703 0.000000 1824.580933 0.000000 0.129632 0.000000 -0.991562 0.794057 0.794057 0.794057
4825.283691 0.000000 1829.117798 0.000000 0.327146 0.000000 -0.944974 0.715382 0.715382 0.715382
4799.958008 0.000000 1941.367798 0.000000 0.363771 0.000000 -0.931488 0.759861 0.759861 0.759861
4785.394043 0.000000 1945.798462 0.000000 0.465566 0.000000 -0.885013 0.867225 0.867225 0.867225
5112.639160 0.000000 1812.472290 0.000000 0.174584 0.000000 -0.984642 1.166161 1.166161 1.166161
4931.505371 0.000000 2020.379272 0.000000 0.149516 0.000000 -0.988759 0.780382 0.780382 0.780382
4932.755371 0.000000 2004.825806 0.000000 0.769139 0.000000 -0.639081 0.631632 0.631632 0.631632
4930.575684 0.000000 2018.080200 0.000000 0.598770 0.000000 -0.800921 0.639480 0.639480 0.639480
4838.346680 0.000000 2087.695068 0.000000 0.827347 0.000000 -0.561691 0.772867 0.772867 0.772867
4814.953125 0.000000 2143.893555 0.000000 0.531863 0.000000 -0.846830 0.697812 0.697812 0.697812
4844.083496 0.000000 2109.982910 0.000000 0.067178 0.000000 -0.997741 0.778714 0.778714 0.778714
4845.311035 0.000000 2124.271729 0.000000 0.658165 0.000000 -0.752874 0.665034 0.665034 0.665034
4787.016113 0.000000 2167.257324 0.000000 0.780196 0.000000 -0.625535 0.606547 0.606547 0.606547
4798.419434 0.000000 2245.037842 0.000000 0.094286 0.000000 -0.995545 0.741606 0.741606 0.741606
4779.659668 0.000000 2239.070312 0.000000 0.826811 0.000000 -0.562480 0.817632 0.817632 0.817632
4803.510742 0.000000 2249.818604 0.000000 0.386940 0.000000 -0.922105 0.673583 0.673583 0.673583
4800.042480 0.000000 2202.897949 0.000000 0.622394 0.000000 -0.782704 0.791268 0.791268 0.791268
4813.872070 0.000000 2231.293213 0.000000 0.392431 0.000000 -0.919782 0.808182 0.808182 0.808182
4332.662598 0.000000 2366.439453 0.000000 0.824972 0.000000 -0.565174 0.622587 0.622587 0.622587
4297.641113 0.000000 2369.047119 0.000000 0.733838 0.000000 -0.679324 0.626135 0.626135 0.626135
4297.795410 0.000000 2315.883789 0.000000 0.747415 0.000000 -0.664357 0.793911 0.793911 0.793911
4342.158691 0.000000 2347.919189 0.000000 0.350859 0.000000 -0.936428 0.681141 0.681141 0.681141
4198.893555 0.000000 2391.791016 0.000000 0.843601 0.000000 -0.536971 0.620358 0.620358 0.620358
4204.352051 0.000000 2389.604736 0.000000 0.538793 0.000000 -0.842438 0.647435 0.647435 0.647435
4332.062988 0.000000 2381.332764 0.000000 0.810804 0.000000 -0.585318 0.630423 0.630423 0.630423
4326.337891 0.000000 2386.079834 0.000000 0.296605 0.000000 -0.955000 0.781365 0.781365 0.781365
5164.083496 0.000000 1827.561035 0.000000 0.759813 0.000000 -0.650142 0.634379 0.634379 0.634379
5128.614258 0.000000 1821.028809 0.000000 0.149717 0.000000 -0.988729 0.712251 0.712251 0.712251
5148.928223 0.000000 1825.380127 0.000000 0.818623 0.000000 -0.574331 0.719821 0.719821 0.719821
5203.991699 0.000000 1840.727539 0.000000 0.790421 0.000000 -0.612564 0.793021 0.793021 0.793021
5301.013672 0.000000 1898.630737 0.000000 0.764334 0.000000 -0.644821 0.633578 0.633578 0.633578
5277.958984 0.000000 1874.184692 0.000000 0.530023 0.000000 -0.847983 1.125083 1.125083 1.125083
5276.928223 0.000000 1881.864502 0.000000 0.144534 0.000000 -0.989500 0.962035 0.962035 0.962035
5228.412598 0.000000 2132.195557 0.000000 0.745845 0.000000 -0.666120 0.626943 0.626943 0.626943
5259.959473 0.000000 2081.928467 0.000000 0.261696 0.000000 -0.965150 0.784156 0.784156 0.784156
5289.385742 0.000000 2066.355713 0.000000 0.523463 0.000000 -0.852048 0.715026 0.715026 0.715026
5268.984863 0.000000 2070.635498 0.000000 0.610349 0.000000 -0.792132 0.898425 0.898425 0.898425
5256.407715 0.000000 2097.734131 0.000000 0.772165 0.000000 -0.635422 0.644139 0.644139 0.644139
5260.251465 0.000000 2096.758057 0.000000 0.567315 0.000000 -0.823501 0.987325 0.987325 0.987325
"}
