object={
	name="pine_sparse_generator_1_0"
	clamp_to_water_level=no
	render_under_water=no
	generated_content=yes
	layer="semidynamic"
	pdxmesh="tree_fir_001_mesh"
	count=516
	transform="1271.062500 0.000000 2536.330078 0.000000 0.462245 0.000000 0.886752 0.657701 0.657701 0.657701
1274.305298 0.000000 2585.778320 0.000000 0.401290 0.000000 0.915951 0.503791 0.503791 0.503791
1276.832764 0.000000 2574.118652 0.000000 0.167648 0.000000 0.985847 0.584758 0.584758 0.584758
1274.504395 0.000000 2565.555664 0.000000 0.290801 0.000000 0.956784 0.453121 0.453121 0.453121
1278.624390 0.000000 2607.101318 0.000000 0.132316 0.000000 0.991208 0.637547 0.637547 0.637547
1264.648071 0.000000 2695.241455 0.000000 0.015268 0.000000 0.999883 0.518740 0.518740 0.518740
1274.504395 0.000000 2678.524414 0.000000 0.420817 0.000000 0.907146 0.495331 0.495331 0.495331
1274.637329 0.000000 2681.699219 0.000000 0.232242 0.000000 0.972658 0.455515 0.455515 0.455515
1277.738403 0.000000 2683.014893 0.000000 0.059860 0.000000 0.998207 0.432834 0.432834 0.432834
1280.514038 0.000000 2557.877686 0.000000 0.516917 0.000000 0.856035 0.414052 0.414052 0.414052
1521.272949 0.000000 2575.421875 0.000000 0.223207 0.000000 0.974771 0.408992 0.408992 0.408992
1526.816772 0.000000 2543.047607 0.000000 0.165746 0.000000 0.986168 0.443595 0.443595 0.443595
1534.419189 0.000000 2583.944092 0.000000 0.531687 0.000000 0.846941 0.474558 0.474558 0.474558
1530.385132 0.000000 2544.388916 0.000000 0.563446 0.000000 0.826153 0.424116 0.424116 0.424116
1487.197021 0.000000 2553.429688 0.000000 0.059914 0.000000 0.998204 0.443376 0.443376 0.443376
1306.364746 0.000000 2623.842529 0.000000 0.082271 0.000000 0.996610 0.379785 0.379785 0.379785
1299.771851 0.000000 2620.906738 0.000000 0.513646 0.000000 0.858002 0.385581 0.385581 0.385581
1309.423096 0.000000 2636.833008 0.000000 0.227991 0.000000 0.973663 0.487266 0.487266 0.487266
1310.530151 0.000000 2678.225586 0.000000 0.565635 0.000000 0.824655 0.387267 0.387267 0.387267
1297.664795 0.000000 2661.421631 0.000000 0.435880 0.000000 0.900005 0.493907 0.493907 0.493907
1316.759888 0.000000 2676.141846 0.000000 0.509133 0.000000 0.860688 0.415737 0.415737 0.415737
1386.673462 0.000000 2654.909424 0.000000 0.360918 0.000000 0.932598 0.441956 0.441956 0.441956
1386.288330 0.000000 2677.913330 0.000000 0.462274 0.000000 0.886737 0.384812 0.384812 0.384812
1361.360962 0.000000 2700.926025 0.000000 0.342998 0.000000 0.939336 0.461335 0.461335 0.461335
1479.979980 0.000000 2640.416504 0.000000 0.506068 0.000000 0.862493 0.385562 0.385562 0.385562
1497.505737 0.000000 2652.052979 0.000000 0.578188 0.000000 0.815904 0.450099 0.450099 0.450099
1502.060669 0.000000 2646.436035 0.000000 0.087308 0.000000 0.996181 0.508451 0.508451 0.508451
1525.013428 0.000000 2632.927490 0.000000 0.504534 0.000000 0.863392 0.524462 0.524462 0.524462
1499.595093 0.000000 2648.804932 0.000000 0.555037 0.000000 0.831825 0.565570 0.565570 0.565570
1478.056885 0.000000 2643.218994 0.000000 0.480824 0.000000 0.876817 0.404253 0.404253 0.404253
1725.212891 0.000000 2397.735596 0.000000 0.521428 0.000000 0.853296 0.401301 0.401301 0.401301
1728.255005 0.000000 2419.484619 0.000000 0.509929 0.000000 0.860217 0.386555 0.386555 0.386555
1728.163086 0.000000 2407.090332 0.000000 0.144352 0.000000 0.989526 0.380634 0.380634 0.380634
1728.894775 0.000000 2402.643799 0.000000 0.062469 0.000000 0.998047 0.499205 0.499205 0.499205
1708.760498 0.000000 2467.333252 0.000000 0.277061 0.000000 0.960852 0.382995 0.382995 0.382995
1715.213989 0.000000 2475.085449 0.000000 0.364299 0.000000 0.931282 0.383551 0.383551 0.383551
1711.917358 0.000000 2465.610107 0.000000 0.366294 0.000000 0.930499 0.442060 0.442060 0.442060
1723.100830 0.000000 2438.920898 0.000000 0.177495 0.000000 0.984122 0.574760 0.574760 0.574760
1537.884644 0.000000 2536.364990 0.000000 0.504073 0.000000 0.863661 0.658007 0.658007 0.658007
1540.458618 0.000000 2596.262939 0.000000 0.400009 0.000000 0.916511 0.512680 0.512680 0.512680
1538.396606 0.000000 2543.658936 0.000000 0.127751 0.000000 0.991806 0.641146 0.641146 0.641146
1562.709839 0.000000 2578.836914 0.000000 0.367449 0.000000 0.930044 0.396897 0.396897 0.396897
1541.464844 0.000000 2546.578857 0.000000 0.086723 0.000000 0.996232 0.429788 0.429788 0.429788
1542.056885 0.000000 2586.734619 0.000000 0.454419 0.000000 0.890788 0.588897 0.588897 0.588897
1708.760498 0.000000 2523.817627 0.000000 0.488615 0.000000 0.872499 0.509633 0.509633 0.509633
1676.457520 0.000000 2593.572754 0.000000 0.260062 0.000000 0.965592 0.443601 0.443601 0.443601
1673.278076 0.000000 2591.880371 0.000000 0.174727 0.000000 0.984617 0.463205 0.463205 0.463205
1689.283936 0.000000 2563.414551 0.000000 0.259236 0.000000 0.965814 0.468491 0.468491 0.468491
1563.635498 0.000000 2621.331543 0.000000 0.161752 0.000000 0.986831 0.461179 0.461179 0.461179
1644.083374 0.000000 2618.342285 0.000000 0.447006 0.000000 0.894531 0.385016 0.385016 0.385016
1568.618042 0.000000 2658.131348 0.000000 0.000826 0.000000 1.000000 0.473586 0.473586 0.473586
1566.608765 0.000000 2660.305176 0.000000 0.373731 0.000000 0.927537 0.485263 0.485263 0.485263
1365.668701 0.000000 2721.038818 0.000000 0.197863 0.000000 0.980230 0.415725 0.415725 0.415725
1974.382080 0.000000 2797.062012 0.000000 0.367974 0.000000 0.929836 0.383725 0.383725 0.383725
2025.967651 0.000000 2797.552246 0.000000 0.545682 0.000000 0.837992 0.390690 0.390690 0.390690
2226.798096 0.000000 2239.571777 0.000000 0.554285 0.000000 0.832327 0.465995 0.465995 0.465995
2215.299805 0.000000 2305.754395 0.000000 0.165355 0.000000 0.986234 0.527746 0.527746 0.527746
2278.231201 0.000000 2297.904053 0.000000 0.466167 0.000000 0.884697 0.386012 0.386012 0.386012
2269.423096 0.000000 2297.926758 0.000000 0.056686 0.000000 0.998392 0.392133 0.392133 0.392133
2196.832764 0.000000 2328.438965 0.000000 0.137782 0.000000 0.990463 0.405830 0.405830 0.405830
2254.604980 0.000000 2363.436279 0.000000 0.478116 0.000000 0.878297 0.398719 0.398719 0.398719
2344.763184 0.000000 2443.950195 0.000000 0.184603 0.000000 0.982813 0.381257 0.381257 0.381257
2376.407471 0.000000 2436.640381 0.000000 0.151216 0.000000 0.988501 0.381437 0.381437 0.381437
2401.947754 0.000000 2478.301758 0.000000 0.572905 0.000000 0.819622 0.407752 0.407752 0.407752
2399.453613 0.000000 2502.042725 0.000000 0.409824 0.000000 0.912164 0.384803 0.384803 0.384803
2400.617920 0.000000 2488.678223 0.000000 0.253285 0.000000 0.967392 0.381751 0.381751 0.381751
2408.974609 0.000000 2496.833984 0.000000 0.285211 0.000000 0.958465 0.382211 0.382211 0.382211
2398.961914 0.000000 2486.273926 0.000000 0.527025 0.000000 0.849850 0.406905 0.406905 0.406905
2401.491699 0.000000 2491.207764 0.000000 0.223524 0.000000 0.974698 0.403621 0.403621 0.403621
2171.100830 0.000000 2777.827148 0.000000 0.481956 0.000000 0.876195 0.455270 0.455270 0.455270
2173.124756 0.000000 2820.213623 0.000000 0.450097 0.000000 0.892980 0.463627 0.463627 0.463627
2218.009521 0.000000 2766.186768 0.000000 0.153974 0.000000 0.988075 0.381049 0.381049 0.381049
2188.721436 0.000000 2749.574951 0.000000 0.448624 0.000000 0.893721 0.657301 0.657301 0.657301
2253.507080 0.000000 2747.064453 0.000000 0.383852 0.000000 0.923394 0.383900 0.383900 0.383900
2246.056885 0.000000 2756.187744 0.000000 0.412346 0.000000 0.911028 0.650042 0.650042 0.650042
2180.032471 0.000000 2799.345947 0.000000 0.408454 0.000000 0.912779 0.385013 0.385013 0.385013
2186.072266 0.000000 2823.906494 0.000000 0.103041 0.000000 0.994677 0.387479 0.387479 0.387479
2521.917236 0.000000 2812.500488 0.000000 0.279002 0.000000 0.960291 0.397306 0.397306 0.397306
2662.231201 0.000000 2919.232178 0.000000 0.506850 0.000000 0.862034 0.386664 0.386664 0.386664
3986.817383 0.000000 2911.146973 0.000000 0.536468 0.000000 0.843921 0.452824 0.452824 0.452824
4258.015137 0.000000 2618.776855 0.000000 0.168628 0.000000 0.985680 0.574489 0.574489 0.574489
4291.505371 0.000000 2641.707520 0.000000 0.279584 0.000000 0.960121 0.395512 0.395512 0.395512
4312.572266 0.000000 2637.745605 0.000000 0.578471 0.000000 0.815703 0.389410 0.389410 0.389410
4592.205566 0.000000 2541.771240 0.000000 0.228970 0.000000 0.973433 0.382808 0.382808 0.382808
4574.953613 0.000000 2541.564941 0.000000 0.157811 0.000000 0.987469 0.381116 0.381116 0.381116
4565.705078 0.000000 2568.664551 0.000000 0.242275 0.000000 0.970208 0.473448 0.473448 0.473448
4562.127930 0.000000 2555.072998 0.000000 0.188357 0.000000 0.982101 0.607693 0.607693 0.607693
4567.890625 0.000000 2560.854492 0.000000 0.191724 0.000000 0.981449 0.489966 0.489966 0.489966
4563.771973 0.000000 2564.422363 0.000000 0.033637 0.000000 0.999434 0.479491 0.479491 0.479491
4555.406250 0.000000 2574.867676 0.000000 0.502920 0.000000 0.864333 0.470249 0.470249 0.470249
4570.987305 0.000000 2541.885742 0.000000 0.017894 0.000000 0.999840 0.423308 0.423308 0.423308
4556.526855 0.000000 2564.842773 0.000000 0.228699 0.000000 0.973497 0.467851 0.467851 0.467851
4580.759766 0.000000 2563.173096 0.000000 0.142063 0.000000 0.989858 0.554781 0.554781 0.554781
4569.706543 0.000000 2555.436279 0.000000 0.016665 0.000000 0.999861 0.402147 0.402147 0.402147
4491.616211 0.000000 2627.622314 0.000000 0.050918 0.000000 0.998703 0.641566 0.641566 0.641566
4545.884766 0.000000 2705.818115 0.000000 0.440371 0.000000 0.897816 0.448958 0.448958 0.448958
4556.721191 0.000000 2693.090576 0.000000 0.049434 0.000000 0.998777 0.432648 0.432648 0.432648
4626.579102 0.000000 2596.985840 0.000000 0.540323 0.000000 0.841458 0.425489 0.425489 0.425489
4687.130859 0.000000 2637.653076 0.000000 0.101311 0.000000 0.994855 0.486191 0.486191 0.486191
4702.953613 0.000000 2654.533691 0.000000 0.076081 0.000000 0.997102 0.520271 0.520271 0.520271
4689.722656 0.000000 2650.458496 0.000000 0.330831 0.000000 0.943690 0.549738 0.549738 0.549738
4693.934570 0.000000 2653.093262 0.000000 0.560416 0.000000 0.828212 0.487997 0.487997 0.487997
4666.511719 0.000000 2675.275635 0.000000 0.021048 0.000000 0.999778 0.384510 0.384510 0.384510
4690.127930 0.000000 2668.041748 0.000000 0.184877 0.000000 0.982762 0.443955 0.443955 0.443955
4695.890625 0.000000 2673.823242 0.000000 0.075808 0.000000 0.997122 0.380294 0.380294 0.380294
4674.500488 0.000000 2674.509766 0.000000 0.125038 0.000000 0.992152 0.612332 0.612332 0.612332
4698.074219 0.000000 2685.281982 0.000000 0.586538 0.000000 0.809922 0.387556 0.387556 0.387556
4689.256836 0.000000 2689.480469 0.000000 0.497721 0.000000 0.867337 0.491840 0.491840 0.491840
4689.260254 0.000000 2681.222656 0.000000 0.405667 0.000000 0.914021 0.384282 0.384282 0.384282
4691.991699 0.000000 2687.993164 0.000000 0.233150 0.000000 0.972441 0.546964 0.546964 0.546964
4688.716797 0.000000 2686.863525 0.000000 0.149599 0.000000 0.988747 0.483764 0.483764 0.483764
5034.009766 0.000000 2596.733643 0.000000 0.400802 0.000000 0.916165 0.500206 0.500206 0.500206
5020.380371 0.000000 2596.647217 0.000000 0.481972 0.000000 0.876187 0.511254 0.511254 0.511254
4986.504395 0.000000 2622.040039 0.000000 0.339214 0.000000 0.940709 0.466622 0.466622 0.466622
5034.673340 0.000000 2598.425049 0.000000 0.219427 0.000000 0.975629 0.455260 0.455260 0.455260
6001.519043 0.000000 2152.735840 0.000000 0.317297 0.000000 0.948326 0.383862 0.383862 0.383862
5968.186523 0.000000 2165.557617 0.000000 0.457475 0.000000 0.889223 0.449312 0.449312 0.449312
5959.408691 0.000000 2164.243652 0.000000 0.114640 0.000000 0.993407 0.509112 0.509112 0.509112
5973.934570 0.000000 2257.702637 0.000000 0.583002 0.000000 0.812471 0.446543 0.446543 0.446543
6017.451172 0.000000 2215.066162 0.000000 0.501327 0.000000 0.865258 0.386582 0.386582 0.386582
6045.392090 0.000000 2247.563965 0.000000 0.054401 0.000000 0.998519 0.429218 0.429218 0.429218
6060.127930 0.000000 2230.332031 0.000000 0.133908 0.000000 0.990994 0.442999 0.442999 0.442999
6143.487305 0.000000 2233.118408 0.000000 0.044957 0.000000 0.998989 0.380192 0.380192 0.380192
6096.971680 0.000000 2252.067627 0.000000 0.211552 0.000000 0.977367 0.453332 0.453332 0.453332
5196.375000 0.000000 2483.495850 0.000000 0.334616 0.000000 0.942355 0.516324 0.516324 0.516324
5194.564941 0.000000 2487.861328 0.000000 0.408315 0.000000 0.912841 0.432039 0.432039 0.432039
5929.204590 0.000000 2295.936279 0.000000 0.021083 0.000000 0.999778 0.508577 0.508577 0.508577
6000.580566 0.000000 2289.815674 0.000000 0.425465 0.000000 0.904975 0.399661 0.399661 0.399661
6024.908691 0.000000 2305.274902 0.000000 0.460231 0.000000 0.887799 0.385614 0.385614 0.385614
4478.270020 0.000000 2715.681396 0.000000 0.015777 0.000000 0.999876 0.378493 0.378493 0.378493
4538.028320 0.000000 2724.348633 0.000000 0.367105 0.000000 0.930179 0.440276 0.440276 0.440276
4530.798340 0.000000 2747.931152 0.000000 0.574515 0.000000 0.818494 0.479251 0.479251 0.479251
4582.893555 0.000000 2730.697266 0.000000 0.524720 0.000000 0.851275 0.654616 0.654616 0.654616
4585.385742 0.000000 2744.168213 0.000000 0.228556 0.000000 0.973531 0.382334 0.382334 0.382334
4558.873047 0.000000 2719.297119 0.000000 0.431752 0.000000 0.901992 0.650779 0.650779 0.650779
4558.220703 0.000000 2728.330811 0.000000 0.149047 0.000000 0.988830 0.636667 0.636667 0.636667
4555.929688 0.000000 2723.255859 0.000000 0.218215 0.000000 0.975901 0.410701 0.410701 0.410701
4563.007324 0.000000 2729.328369 0.000000 0.379455 0.000000 0.925210 0.505028 0.505028 0.505028
4563.771973 0.000000 2733.875488 0.000000 0.446843 0.000000 0.894612 0.481587 0.481587 0.481587
4548.763672 0.000000 2747.442139 0.000000 0.328699 0.000000 0.944435 0.385412 0.385412 0.385412
4602.504395 0.000000 2735.008789 0.000000 0.464918 0.000000 0.885354 0.500022 0.500022 0.500022
4561.664551 0.000000 2717.906006 0.000000 0.355356 0.000000 0.934731 0.576818 0.576818 0.576818
4571.635742 0.000000 2734.300293 0.000000 0.482083 0.000000 0.876125 0.402446 0.402446 0.402446
4560.186523 0.000000 2730.401367 0.000000 0.060524 0.000000 0.998167 0.632699 0.632699 0.632699
4582.469727 0.000000 2737.843994 0.000000 0.540022 0.000000 0.841651 0.625777 0.625777 0.625777
4602.637207 0.000000 2738.183594 0.000000 0.471077 0.000000 0.882092 0.433250 0.433250 0.433250
4578.900879 0.000000 2767.799072 0.000000 0.265004 0.000000 0.964247 0.382830 0.382830 0.382830
4597.013672 0.000000 2802.380615 0.000000 0.481768 0.000000 0.876299 0.475189 0.475189 0.475189
4594.798340 0.000000 2804.415527 0.000000 0.086536 0.000000 0.996249 0.548062 0.548062 0.548062
4555.616211 0.000000 2797.075439 0.000000 0.137808 0.000000 0.990459 0.506193 0.506193 0.506193
4546.822754 0.000000 2801.702393 0.000000 0.204671 0.000000 0.978831 0.415840 0.415840 0.415840
4531.016113 0.000000 2845.069824 0.000000 0.267320 0.000000 0.963608 0.416898 0.416898 0.416898
4552.407715 0.000000 2832.031006 0.000000 0.539557 0.000000 0.841949 0.387056 0.387056 0.387056
4582.469727 0.000000 2850.812744 0.000000 0.360300 0.000000 0.932837 0.416699 0.416699 0.416699
4544.042480 0.000000 2880.710449 0.000000 0.216403 0.000000 0.976304 0.390947 0.390947 0.390947
4223.958008 0.000000 3127.539551 0.000000 0.559327 0.000000 0.828947 0.387070 0.387070 0.387070
4287.958008 0.000000 3071.055176 0.000000 0.456759 0.000000 0.889590 0.385218 0.385218 0.385218
4274.842773 0.000000 3068.026123 0.000000 0.265591 0.000000 0.964086 0.429410 0.429410 0.429410
4283.211426 0.000000 3079.774414 0.000000 0.526194 0.000000 0.850364 0.386243 0.386243 0.386243
4265.676758 0.000000 3068.223145 0.000000 0.456445 0.000000 0.889752 0.402006 0.402006 0.402006
4322.932617 0.000000 3104.233154 0.000000 0.158851 0.000000 0.987303 0.511927 0.511927 0.511927
4296.908691 0.000000 3096.056152 0.000000 0.258230 0.000000 0.966083 0.407770 0.407770 0.407770
4224.514160 0.000000 3122.721436 0.000000 0.416369 0.000000 0.909196 0.410425 0.410425 0.410425
4349.032715 0.000000 3128.828613 0.000000 0.348465 0.000000 0.937322 0.414687 0.414687 0.414687
4600.065918 0.000000 3019.034424 0.000000 0.040511 0.000000 0.999179 0.612788 0.612788 0.612788
4605.212891 0.000000 3019.063721 0.000000 0.453609 0.000000 0.891201 0.555157 0.555157 0.555157
4602.637207 0.000000 3020.605469 0.000000 0.213428 0.000000 0.976959 0.594816 0.594816 0.594816
4592.541992 0.000000 3129.225830 0.000000 0.486621 0.000000 0.873613 0.385675 0.385675 0.385675
4595.759277 0.000000 3138.005371 0.000000 0.364836 0.000000 0.931072 0.472543 0.472543 0.472543
4599.819336 0.000000 3125.471436 0.000000 0.151168 0.000000 0.988508 0.386395 0.386395 0.386395
4597.519043 0.000000 3133.266113 0.000000 0.174345 0.000000 0.984685 0.503577 0.503577 0.503577
4623.272949 0.000000 2733.168457 0.000000 0.326394 0.000000 0.945234 0.382873 0.382873 0.382873
4670.419434 0.000000 2753.397217 0.000000 0.577018 0.000000 0.816731 0.386972 0.386972 0.386972
4626.230469 0.000000 2749.285645 0.000000 0.497683 0.000000 0.867359 0.567247 0.567247 0.567247
4644.759766 0.000000 2732.626221 0.000000 0.453622 0.000000 0.891194 0.476340 0.476340 0.476340
4619.616211 0.000000 2740.591064 0.000000 0.118456 0.000000 0.992959 0.398404 0.398404 0.398404
4620.721191 0.000000 2749.574951 0.000000 0.559035 0.000000 0.829144 0.547704 0.547704 0.547704
4684.083496 0.000000 2756.763916 0.000000 0.322406 0.000000 0.946601 0.558271 0.558271 0.558271
4642.932617 0.000000 2821.811279 0.000000 0.244662 0.000000 0.969608 0.382024 0.382024 0.382024
4699.595215 0.000000 2818.258057 0.000000 0.568235 0.000000 0.822866 0.402140 0.402140 0.402140
4861.125000 0.000000 2820.213623 0.000000 0.179695 0.000000 0.983722 0.484428 0.484428 0.484428
4608.042480 0.000000 2824.226074 0.000000 0.065792 0.000000 0.997833 0.445241 0.445241 0.445241
4631.068359 0.000000 2828.729980 0.000000 0.377367 0.000000 0.926064 0.652623 0.652623 0.652623
4631.068359 0.000000 2885.214355 0.000000 0.565106 0.000000 0.825018 0.508102 0.508102 0.508102
4759.408203 0.000000 2892.541260 0.000000 0.370964 0.000000 0.928647 0.557961 0.557961 0.557961
4873.063965 0.000000 2798.196289 0.000000 0.054221 0.000000 0.998529 0.379858 0.379858 0.379858
4876.721191 0.000000 2806.059326 0.000000 0.356750 0.000000 0.934200 0.443673 0.443673 0.443673
4902.469727 0.000000 2850.812744 0.000000 0.431176 0.000000 0.902268 0.518855 0.518855 0.518855
4978.789551 0.000000 2836.306152 0.000000 0.207512 0.000000 0.978232 0.381370 0.381370 0.381370
4953.916992 0.000000 2868.984863 0.000000 0.215127 0.000000 0.976586 0.647863 0.647863 0.647863
4942.979980 0.000000 2849.058838 0.000000 0.338508 0.000000 0.940963 0.647959 0.647959 0.647959
4940.721191 0.000000 2862.543701 0.000000 0.582301 0.000000 0.812973 0.448360 0.448360 0.448360
4940.375000 0.000000 2878.886475 0.000000 0.182200 0.000000 0.983261 0.639620 0.639620 0.639620
4911.145508 0.000000 2898.851074 0.000000 0.394294 0.000000 0.918985 0.388231 0.388231 0.388231
4612.763672 0.000000 2973.379639 0.000000 0.283569 0.000000 0.958952 0.382700 0.382700 0.382700
4608.254883 0.000000 3040.812744 0.000000 0.203088 0.000000 0.979160 0.382195 0.382195 0.382195
4751.130859 0.000000 2976.559326 0.000000 0.245771 0.000000 0.969328 0.383030 0.383030 0.383030
4750.604980 0.000000 2984.764404 0.000000 0.458674 0.000000 0.888604 0.407520 0.407520 0.407520
4775.299805 0.000000 2983.566895 0.000000 0.381163 0.000000 0.924508 0.465729 0.465729 0.465729
4777.385742 0.000000 3026.590088 0.000000 0.460752 0.000000 0.887529 0.385661 0.385661 0.385661
4757.208496 0.000000 3033.551025 0.000000 0.215239 0.000000 0.976561 0.382019 0.382019 0.382019
4823.890625 0.000000 3012.729492 0.000000 0.157560 0.000000 0.987509 0.381662 0.381662 0.381662
4806.507812 0.000000 3045.762939 0.000000 0.472616 0.000000 0.881268 0.393137 0.393137 0.393137
4804.948730 0.000000 2993.786865 0.000000 0.158564 0.000000 0.987349 0.386503 0.386503 0.386503
4803.510742 0.000000 3040.599854 0.000000 0.191198 0.000000 0.981552 0.388776 0.388776 0.388776
4833.062500 0.000000 3045.745850 0.000000 0.361283 0.000000 0.932456 0.411291 0.411291 0.411291
4624.716797 0.000000 3082.254150 0.000000 0.245345 0.000000 0.969436 0.457553 0.457553 0.457553
4719.722656 0.000000 3094.475830 0.000000 0.417331 0.000000 0.908754 0.385197 0.385197 0.385197
4608.936035 0.000000 3129.250244 0.000000 0.396717 0.000000 0.917941 0.478630 0.478630 0.478630
4620.375000 0.000000 3161.308350 0.000000 0.314895 0.000000 0.949126 0.526409 0.526409 0.526409
4694.937012 0.000000 3121.067871 0.000000 0.210305 0.000000 0.977636 0.381476 0.381476 0.381476
4717.311035 0.000000 3140.990479 0.000000 0.092452 0.000000 0.995717 0.392668 0.392668 0.392668
4847.537109 0.000000 3077.284668 0.000000 0.306264 0.000000 0.951947 0.395928 0.395928 0.395928
4924.013184 0.000000 2952.052246 0.000000 0.125602 0.000000 0.992081 0.409193 0.409193 0.409193
4959.334473 0.000000 2978.172852 0.000000 0.541061 0.000000 0.840984 0.401649 0.401649 0.401649
4995.510742 0.000000 2984.115479 0.000000 0.288594 0.000000 0.957451 0.393847 0.393847 0.393847
4998.057129 0.000000 2982.125244 0.000000 0.123042 0.000000 0.992401 0.389557 0.389557 0.389557
4316.793945 0.000000 3165.966797 0.000000 0.255740 0.000000 0.966745 0.519594 0.519594 0.519594
4328.832520 0.000000 3166.626221 0.000000 0.251385 0.000000 0.967887 0.542240 0.542240 0.542240
4315.131348 0.000000 3179.246094 0.000000 0.138601 0.000000 0.990348 0.380627 0.380627 0.380627
4326.686523 0.000000 3163.430664 0.000000 0.465274 0.000000 0.885167 0.553735 0.553735 0.553735
4323.104004 0.000000 3171.666992 0.000000 0.528374 0.000000 0.849012 0.492618 0.492618 0.492618
4344.473633 0.000000 3171.255859 0.000000 0.264742 0.000000 0.964319 0.404281 0.404281 0.404281
4410.544434 0.000000 3203.548096 0.000000 0.385185 0.000000 0.922839 0.384565 0.384565 0.384565
4364.978516 0.000000 3163.861084 0.000000 0.197902 0.000000 0.980222 0.381304 0.381304 0.381304
4366.007324 0.000000 3194.015137 0.000000 0.273118 0.000000 0.961981 0.382165 0.382165 0.382165
4406.381836 0.000000 3192.452637 0.000000 0.222030 0.000000 0.975040 0.537948 0.537948 0.537948
4393.676758 0.000000 3181.191895 0.000000 0.516152 0.000000 0.856497 0.419528 0.419528 0.419528
4388.759766 0.000000 3184.501221 0.000000 0.022782 0.000000 0.999740 0.501729 0.501729 0.501729
4390.337891 0.000000 3176.861084 0.000000 0.234268 0.000000 0.972172 0.628123 0.628123 0.628123
4377.706543 0.000000 3176.764404 0.000000 0.328512 0.000000 0.944500 0.425155 0.425155 0.425155
4375.068359 0.000000 3167.636230 0.000000 0.214078 0.000000 0.976816 0.405263 0.405263 0.405263
4413.507812 0.000000 3269.386230 0.000000 0.554223 0.000000 0.832368 0.420262 0.420262 0.420262
4382.608887 0.000000 3225.148926 0.000000 0.024822 0.000000 0.999692 0.430453 0.430453 0.430453
4391.299805 0.000000 3265.988770 0.000000 0.273633 0.000000 0.961834 0.477670 0.477670 0.477670
4385.062500 0.000000 3271.683350 0.000000 0.542383 0.000000 0.840131 0.451130 0.451130 0.451130
4479.487305 0.000000 3249.837158 0.000000 0.291248 0.000000 0.956648 0.411912 0.411912 0.411912
4438.937012 0.000000 3234.036621 0.000000 0.284808 0.000000 0.958585 0.546670 0.546670 0.546670
4469.013672 0.000000 3254.255615 0.000000 0.321023 0.000000 0.947071 0.649455 0.649455 0.649455
4467.863281 0.000000 3243.982178 0.000000 0.198979 0.000000 0.980004 0.406810 0.406810 0.406810
4441.283691 0.000000 3241.227051 0.000000 0.013981 0.000000 0.999902 0.631031 0.631031 0.631031
4494.875488 0.000000 3264.371338 0.000000 0.138162 0.000000 0.990410 0.380907 0.380907 0.380907
4490.072266 0.000000 3275.781494 0.000000 0.510395 0.000000 0.859940 0.654956 0.654956 0.654956
4505.706543 0.000000 3233.248779 0.000000 0.046203 0.000000 0.998932 0.400839 0.400839 0.400839
4502.782715 0.000000 3226.912842 0.000000 0.030560 0.000000 0.999533 0.633919 0.633919 0.633919
4492.375000 0.000000 3274.277100 0.000000 0.123963 0.000000 0.992287 0.629207 0.629207 0.629207
4556.457520 0.000000 3271.385254 0.000000 0.329795 0.000000 0.944052 0.628200 0.628200 0.628200
4553.278320 0.000000 3269.692871 0.000000 0.415735 0.000000 0.909486 0.654196 0.654196 0.654196
4554.072266 0.000000 3275.781494 0.000000 0.207847 0.000000 0.978161 0.646349 0.646349 0.646349
4544.936035 0.000000 3242.218994 0.000000 0.175215 0.000000 0.984530 0.440229 0.440229 0.440229
4567.191895 0.000000 3265.500000 0.000000 0.142687 0.000000 0.989768 0.481861 0.481861 0.481861
4556.721191 0.000000 3257.934326 0.000000 0.074253 0.000000 0.997239 0.593695 0.593695 0.593695
4556.375000 0.000000 3274.277100 0.000000 0.287247 0.000000 0.957856 0.438755 0.438755 0.438755
4388.575195 0.000000 3278.482666 0.000000 0.103625 0.000000 0.994616 0.396396 0.396396 0.396396
4399.447754 0.000000 3288.779541 0.000000 0.041883 0.000000 0.999123 0.533140 0.533140 0.533140
4432.971680 0.000000 3325.270752 0.000000 0.019808 0.000000 0.999804 0.631967 0.631967 0.631967
4449.947754 0.000000 3325.567383 0.000000 0.514309 0.000000 0.857605 0.659747 0.659747 0.659747
4424.908691 0.000000 3321.993652 0.000000 0.452935 0.000000 0.891543 0.385498 0.385498 0.385498
4457.322754 0.000000 3324.369385 0.000000 0.415647 0.000000 0.909526 0.388565 0.388565 0.388565
4467.634277 0.000000 3318.821533 0.000000 0.366371 0.000000 0.930469 0.389617 0.389617 0.389617
4422.724121 0.000000 3309.601318 0.000000 0.543510 0.000000 0.839403 0.463920 0.463920 0.463920
4441.283691 0.000000 3297.711426 0.000000 0.111468 0.000000 0.993768 0.467183 0.467183 0.467183
4422.395508 0.000000 3306.149414 0.000000 0.303302 0.000000 0.952894 0.643843 0.643843 0.643843
4513.210449 0.000000 3320.967041 0.000000 0.117066 0.000000 0.993124 0.380405 0.380405 0.380405
4516.276367 0.000000 3309.340576 0.000000 0.407222 0.000000 0.913329 0.493210 0.493210 0.493210
4521.204590 0.000000 3312.655029 0.000000 0.484966 0.000000 0.874533 0.444439 0.444439 0.444439
4498.190430 0.000000 3285.615967 0.000000 0.506197 0.000000 0.862418 0.385512 0.385512 0.385512
4513.099609 0.000000 3310.043457 0.000000 0.015072 0.000000 0.999886 0.421502 0.421502 0.421502
4575.453613 0.000000 3292.823975 0.000000 0.429435 0.000000 0.903098 0.384695 0.384695 0.384695
4584.974609 0.000000 3287.615234 0.000000 0.440517 0.000000 0.897744 0.385303 0.385303 0.385303
4573.392090 0.000000 3320.767090 0.000000 0.505712 0.000000 0.862702 0.419330 0.419330 0.419330
4571.595215 0.000000 3326.617432 0.000000 0.569424 0.000000 0.822044 0.391099 0.391099 0.391099
4585.676758 0.000000 3294.160645 0.000000 0.268644 0.000000 0.963240 0.395342 0.395342 0.395342
4556.112305 0.000000 3291.000488 0.000000 0.123420 0.000000 0.992355 0.524930 0.524930 0.524930
4557.099609 0.000000 3295.870361 0.000000 0.392031 0.000000 0.919952 0.505343 0.505343 0.505343
4560.939453 0.000000 3292.022461 0.000000 0.099924 0.000000 0.994995 0.428255 0.428255 0.428255
4583.299805 0.000000 3322.473145 0.000000 0.365883 0.000000 0.930661 0.456433 0.456433 0.456433
4530.842773 0.000000 3350.447998 0.000000 0.031990 0.000000 0.999488 0.386443 0.386443 0.386443
4575.453613 0.000000 3349.308350 0.000000 0.446406 0.000000 0.894831 0.385781 0.385781 0.385781
4591.722656 0.000000 3376.897705 0.000000 0.208580 0.000000 0.978005 0.382472 0.382472 0.382472
4585.260742 0.000000 3376.800293 0.000000 0.058782 0.000000 0.998271 0.379088 0.379088 0.379088
4570.074219 0.000000 3363.094482 0.000000 0.568295 0.000000 0.822825 0.455365 0.455365 0.455365
4581.098633 0.000000 3375.449219 0.000000 0.072312 0.000000 0.997382 0.406563 0.406563 0.406563
4562.230469 0.000000 3370.613770 0.000000 0.399517 0.000000 0.916726 0.562359 0.562359 0.562359
4568.572266 0.000000 3372.042480 0.000000 0.457007 0.000000 0.889463 0.422066 0.422066 0.422066
4641.491699 0.000000 3169.020264 0.000000 0.271593 0.000000 0.962412 0.411583 0.411583 0.411583
4646.824707 0.000000 3168.362793 0.000000 0.299773 0.000000 0.954011 0.571579 0.571579 0.571579
4674.356934 0.000000 3168.023193 0.000000 0.174400 0.000000 0.984675 0.522763 0.522763 0.522763
4700.380371 0.000000 3274.459717 0.000000 0.125831 0.000000 0.992052 0.437551 0.437551 0.437551
4729.384766 0.000000 3275.861084 0.000000 0.360899 0.000000 0.932605 0.652964 0.652964 0.652964
4781.943359 0.000000 3165.479980 0.000000 0.548915 0.000000 0.835878 0.484068 0.484068 0.484068
4783.917480 0.000000 3199.906982 0.000000 0.018292 0.000000 0.999833 0.378295 0.378295 0.378295
4797.125000 0.000000 3215.604248 0.000000 0.490591 0.000000 0.871390 0.511485 0.511485 0.511485
4850.584961 0.000000 3191.019287 0.000000 0.179580 0.000000 0.983743 0.381466 0.381466 0.381466
4827.932617 0.000000 3183.394531 0.000000 0.358419 0.000000 0.933561 0.391309 0.391309 0.391309
4814.604980 0.000000 3210.701904 0.000000 0.419179 0.000000 0.907904 0.462953 0.462953 0.462953
4839.299805 0.000000 3209.504395 0.000000 0.052159 0.000000 0.998639 0.502423 0.502423 0.502423
4832.426758 0.000000 3232.047119 0.000000 0.170190 0.000000 0.985411 0.411699 0.411699 0.411699
4855.819336 0.000000 3238.440186 0.000000 0.565510 0.000000 0.824741 0.659920 0.659920 0.659920
4844.352051 0.000000 3236.870361 0.000000 0.455362 0.000000 0.890307 0.658264 0.658264 0.658264
4811.616211 0.000000 3248.950439 0.000000 0.024338 0.000000 0.999704 0.544630 0.544630 0.544630
4609.884766 0.000000 3327.146240 0.000000 0.056397 0.000000 0.998408 0.385020 0.385020 0.385020
4620.457520 0.000000 3327.869629 0.000000 0.101895 0.000000 0.994795 0.380323 0.380323 0.380323
4652.127930 0.000000 3303.535156 0.000000 0.536120 0.000000 0.844142 0.575687 0.575687 0.575687
4676.957520 0.000000 3315.940918 0.000000 0.311232 0.000000 0.950334 0.382714 0.382714 0.382714
4704.449219 0.000000 3302.089111 0.000000 0.368759 0.000000 0.929525 0.413228 0.413228 0.413228
4697.706543 0.000000 3289.733154 0.000000 0.406471 0.000000 0.913664 0.580225 0.580225 0.580225
4688.186523 0.000000 3295.245117 0.000000 0.213564 0.000000 0.976929 0.645277 0.645277 0.645277
4711.299805 0.000000 3322.473145 0.000000 0.564111 0.000000 0.825699 0.576661 0.576661 0.576661
4680.614258 0.000000 3289.622559 0.000000 0.138128 0.000000 0.990414 0.495744 0.495744 0.495744
4694.782715 0.000000 3283.397217 0.000000 0.467183 0.000000 0.884161 0.467622 0.467622 0.467622
4667.100586 0.000000 3342.670898 0.000000 0.523614 0.000000 0.851956 0.417839 0.417839 0.417839
4638.961914 0.000000 3333.539551 0.000000 0.068269 0.000000 0.997667 0.573146 0.573146 0.573146
4655.447754 0.000000 3345.263916 0.000000 0.535542 0.000000 0.844509 0.536166 0.536166 0.536166
4664.473633 0.000000 3340.708984 0.000000 0.457018 0.000000 0.889458 0.411138 0.411138 0.411138
4704.032227 0.000000 3369.516113 0.000000 0.256521 0.000000 0.966539 0.382779 0.382779 0.382779
4676.948730 0.000000 3332.693115 0.000000 0.115999 0.000000 0.993249 0.472533 0.472533 0.472533
4681.084961 0.000000 3343.395996 0.000000 0.006518 0.000000 0.999979 0.387844 0.387844 0.387844
4681.604492 0.000000 3360.032471 0.000000 0.370755 0.000000 0.928731 0.391502 0.391502 0.391502
4672.936035 0.000000 3355.187744 0.000000 0.443582 0.000000 0.896234 0.472504 0.472504 0.472504
4692.832520 0.000000 3345.157715 0.000000 0.573202 0.000000 0.819414 0.431657 0.431657 0.431657
4792.065918 0.000000 3301.456299 0.000000 0.491822 0.000000 0.870696 0.386441 0.386441 0.386441
4797.248047 0.000000 3322.095703 0.000000 0.546012 0.000000 0.837777 0.447557 0.447557 0.447557
4754.579102 0.000000 3331.282715 0.000000 0.060009 0.000000 0.998198 0.379180 0.379180 0.379180
4738.822754 0.000000 3310.061768 0.000000 0.452777 0.000000 0.891624 0.653344 0.653344 0.653344
4854.173828 0.000000 3282.278076 0.000000 0.538546 0.000000 0.842596 0.419957 0.419957 0.419957
4850.318359 0.000000 3276.299561 0.000000 0.349221 0.000000 0.937040 0.398418 0.398418 0.398418
4812.112305 0.000000 3291.000488 0.000000 0.471342 0.000000 0.881950 0.404088 0.404088 0.404088
4838.469727 0.000000 3302.687744 0.000000 0.148493 0.000000 0.988913 0.592701 0.592701 0.592701
4844.127930 0.000000 3303.535156 0.000000 0.580310 0.000000 0.814395 0.663826 0.663826 0.663826
4766.236816 0.000000 3385.107910 0.000000 0.518585 0.000000 0.855026 0.386686 0.386686 0.386686
4795.100586 0.000000 3342.670898 0.000000 0.013012 0.000000 0.999915 0.477312 0.477312 0.477312
4746.072266 0.000000 3388.750244 0.000000 0.089963 0.000000 0.995945 0.549873 0.549873 0.549873
4752.939453 0.000000 3348.506836 0.000000 0.558314 0.000000 0.829630 0.440508 0.440508 0.440508
4761.283691 0.000000 3354.195801 0.000000 0.103012 0.000000 0.994680 0.415923 0.415923 0.415923
4758.782715 0.000000 3339.881592 0.000000 0.082659 0.000000 0.996578 0.450827 0.450827 0.450827
4792.473633 0.000000 3340.708984 0.000000 0.328626 0.000000 0.944460 0.486007 0.486007 0.486007
4852.003906 0.000000 3335.905762 0.000000 0.152610 0.000000 0.988286 0.384625 0.384625 0.384625
4861.125000 0.000000 3385.057373 0.000000 0.313297 0.000000 0.949655 0.650109 0.650109 0.650109
4879.671387 0.000000 3221.138428 0.000000 0.484784 0.000000 0.874634 0.652554 0.652554 0.652554
4876.375000 0.000000 3330.761475 0.000000 0.464312 0.000000 0.885672 0.444014 0.444014 0.444014
4953.916992 0.000000 3320.859863 0.000000 0.047874 0.000000 0.998853 0.486743 0.486743 0.486743
4986.631836 0.000000 3311.230225 0.000000 0.191503 0.000000 0.981492 0.481173 0.481173 0.481173
4989.125000 0.000000 3328.572998 0.000000 0.112294 0.000000 0.993675 0.531555 0.531555 0.531555
4867.510742 0.000000 3379.506104 0.000000 0.433121 0.000000 0.901336 0.570490 0.570490 0.570490
4881.722656 0.000000 3384.755371 0.000000 0.029515 0.000000 0.999564 0.496710 0.496710 0.496710
4881.664551 0.000000 3339.234131 0.000000 0.021765 0.000000 0.999763 0.412814 0.412814 0.412814
4900.029297 0.000000 3351.130859 0.000000 0.512542 0.000000 0.858662 0.428598 0.428598 0.428598
4884.832520 0.000000 3345.157715 0.000000 0.002958 0.000000 0.999996 0.477096 0.477096 0.477096
4903.299805 0.000000 3378.957520 0.000000 0.548387 0.000000 0.836225 0.550966 0.550966 0.550966
4931.820801 0.000000 3346.383545 0.000000 0.252984 0.000000 0.967470 0.470133 0.470133 0.470133
4944.939453 0.000000 3348.506836 0.000000 0.287774 0.000000 0.957698 0.415450 0.415450 0.415450
4936.614258 0.000000 3346.106934 0.000000 0.316607 0.000000 0.948557 0.510558 0.510558 0.510558
4951.408203 0.000000 3344.416260 0.000000 0.586988 0.000000 0.809595 0.514170 0.514170 0.514170
4730.807129 0.000000 3395.717041 0.000000 0.350632 0.000000 0.936513 0.383714 0.383714 0.383714
4692.089355 0.000000 3433.879395 0.000000 0.393906 0.000000 0.919151 0.384573 0.384573 0.384573
4697.661133 0.000000 3392.128662 0.000000 0.250624 0.000000 0.968084 0.445203 0.445203 0.445203
4676.948730 0.000000 3389.177490 0.000000 0.529570 0.000000 0.848266 0.412454 0.412454 0.412454
4725.860840 0.000000 3437.128906 0.000000 0.348605 0.000000 0.937270 0.443514 0.443514 0.443514
4692.994629 0.000000 3391.615234 0.000000 0.448513 0.000000 0.893776 0.401871 0.401871 0.401871
4868.948730 0.000000 3389.177490 0.000000 0.357341 0.000000 0.933974 0.459843 0.459843 0.459843
5406.236816 0.000000 2876.748535 0.000000 0.520729 0.000000 0.853722 0.386565 0.386565 0.386565
5421.434082 0.000000 2853.947998 0.000000 0.185827 0.000000 0.982582 0.401235 0.401235 0.401235
5421.375000 0.000000 2849.140381 0.000000 0.442021 0.000000 0.897005 0.414514 0.414514 0.414514
5417.676758 0.000000 2842.285645 0.000000 0.504700 0.000000 0.863295 0.406504 0.406504 0.406504
5408.618164 0.000000 2884.068848 0.000000 0.461576 0.000000 0.887101 0.612119 0.612119 0.612119
5421.386719 0.000000 2935.410156 0.000000 0.054122 0.000000 0.998534 0.384987 0.384987 0.384987
5415.299805 0.000000 2927.082520 0.000000 0.571450 0.000000 0.820637 0.501014 0.501014 0.501014
5546.009766 0.000000 2935.639893 0.000000 0.326438 0.000000 0.945219 0.383059 0.383059 0.383059
5370.637207 0.000000 3133.574219 0.000000 0.435718 0.000000 0.900083 0.651950 0.651950 0.651950
5373.738281 0.000000 3134.889893 0.000000 0.468125 0.000000 0.883662 0.656539 0.656539 0.656539
5396.569336 0.000000 2942.573975 0.000000 0.441295 0.000000 0.897362 0.385541 0.385541 0.385541
5437.212891 0.000000 2962.579346 0.000000 0.481727 0.000000 0.876321 0.523819 0.523819 0.523819
5399.068359 0.000000 2941.698730 0.000000 0.443275 0.000000 0.896386 0.427263 0.427263 0.427263
5424.205566 0.000000 3050.130615 0.000000 0.226687 0.000000 0.973968 0.382241 0.382241 0.382241
5432.315430 0.000000 3030.680908 0.000000 0.239176 0.000000 0.970976 0.381947 0.381947 0.381947
5430.381836 0.000000 3022.999512 0.000000 0.411625 0.000000 0.911353 0.384257 0.384257 0.384257
5481.656250 0.000000 3033.781738 0.000000 0.462497 0.000000 0.886621 0.394799 0.394799 0.394799
5414.581055 0.000000 3085.280762 0.000000 0.234766 0.000000 0.972052 0.602405 0.602405 0.602405
5454.007324 0.000000 3081.046387 0.000000 0.220609 0.000000 0.975362 0.433954 0.433954 0.433954
5461.668945 0.000000 3059.945068 0.000000 0.350900 0.000000 0.936413 0.383718 0.383718 0.383718
5441.884766 0.000000 3101.208740 0.000000 0.381262 0.000000 0.924467 0.409821 0.409821 0.409821
5443.510742 0.000000 3097.084229 0.000000 0.050746 0.000000 0.998712 0.392044 0.392044 0.392044
5456.716797 0.000000 3082.254150 0.000000 0.284492 0.000000 0.958678 0.418987 0.418987 0.418987
5388.978516 0.000000 3107.376709 0.000000 0.179710 0.000000 0.983720 0.382162 0.382162 0.382162
5376.936035 0.000000 3129.250244 0.000000 0.477648 0.000000 0.878551 0.652285 0.652285 0.652285
5397.934570 0.000000 3161.452637 0.000000 0.276415 0.000000 0.961038 0.486593 0.486593 0.486593
5420.352051 0.000000 3123.901611 0.000000 0.430057 0.000000 0.902802 0.450553 0.450553 0.450553
5382.395508 0.000000 3136.696289 0.000000 0.487390 0.000000 0.873184 0.464456 0.464456 0.464456
5388.375000 0.000000 3161.308350 0.000000 0.505966 0.000000 0.862553 0.410189 0.410189 0.410189
5441.451172 0.000000 3118.816162 0.000000 0.539088 0.000000 0.842250 0.386149 0.386149 0.386149
5449.063965 0.000000 3137.102539 0.000000 0.146402 0.000000 0.989225 0.381018 0.381018 0.381018
5470.953613 0.000000 3162.893066 0.000000 0.004729 0.000000 0.999989 0.382502 0.382502 0.382502
5456.939453 0.000000 3122.569336 0.000000 0.433367 0.000000 0.901217 0.542095 0.542095 0.542095
5461.235840 0.000000 3126.501709 0.000000 0.157348 0.000000 0.987543 0.400790 0.400790 0.400790
5448.614258 0.000000 3120.169434 0.000000 0.124104 0.000000 0.992269 0.624146 0.624146 0.624146
5921.062500 0.000000 2932.777100 0.000000 0.003031 0.000000 0.999995 0.497820 0.497820 0.497820
5420.062988 0.000000 3172.114014 0.000000 0.550143 0.000000 0.835070 0.386677 0.386677 0.386677
5383.914551 0.000000 3164.961914 0.000000 0.379234 0.000000 0.925301 0.384067 0.384067 0.384067
5397.208496 0.000000 3203.004150 0.000000 0.192546 0.000000 0.981288 0.381711 0.381711 0.381711
5426.318359 0.000000 3163.330811 0.000000 0.008598 0.000000 0.999963 0.378939 0.378939 0.378939
5418.673340 0.000000 3163.268799 0.000000 0.294312 0.000000 0.955709 0.382279 0.382279 0.382279
5385.084961 0.000000 3173.942871 0.000000 0.052908 0.000000 0.998599 0.507622 0.507622 0.507622
5386.564941 0.000000 3165.673828 0.000000 0.418826 0.000000 0.908067 0.417734 0.417734 0.417734
5384.614258 0.000000 3176.653809 0.000000 0.505084 0.000000 0.863070 0.571061 0.571061 0.571061
5462.478027 0.000000 3198.018311 0.000000 0.307295 0.000000 0.951614 0.508558 0.508558 0.508558
5460.089355 0.000000 3207.941895 0.000000 0.566655 0.000000 0.823955 0.387042 0.387042 0.387042
5469.237305 0.000000 3196.647217 0.000000 0.436668 0.000000 0.899623 0.492131 0.492131 0.492131
5463.293457 0.000000 3186.689697 0.000000 0.478282 0.000000 0.878206 0.476915 0.476915 0.476915
5463.408203 0.000000 3174.963135 0.000000 0.095052 0.000000 0.995472 0.403376 0.403376 0.403376
5421.434082 0.000000 3249.338623 0.000000 0.249133 0.000000 0.968469 0.382481 0.382481 0.382481
5429.994141 0.000000 3240.895508 0.000000 0.576407 0.000000 0.817162 0.387058 0.387058 0.387058
5420.412598 0.000000 3261.883057 0.000000 0.322856 0.000000 0.946448 0.382883 0.382883 0.382883
5498.028320 0.000000 3232.708008 0.000000 0.549481 0.000000 0.835506 0.456763 0.456763 0.456763
5500.013184 0.000000 3234.474121 0.000000 0.034713 0.000000 0.999397 0.434140 0.434140 0.434140
5563.000977 0.000000 3200.926025 0.000000 0.089405 0.000000 0.995995 0.421004 0.421004 0.421004
5524.089355 0.000000 3264.426270 0.000000 0.189556 0.000000 0.981870 0.410232 0.410232 0.410232
5540.276367 0.000000 3252.856201 0.000000 0.353628 0.000000 0.935386 0.383938 0.383938 0.383938
5520.971680 0.000000 3268.786377 0.000000 0.575897 0.000000 0.817522 0.389366 0.389366 0.389366
5451.486816 0.000000 3284.653320 0.000000 0.167043 0.000000 0.985950 0.390209 0.390209 0.390209
5498.504395 0.000000 3299.852539 0.000000 0.251394 0.000000 0.967885 0.405863 0.405863 0.405863
5463.408203 0.000000 3287.931885 0.000000 0.482452 0.000000 0.875923 0.413419 0.413419 0.413419
5559.638184 0.000000 3291.837158 0.000000 0.398332 0.000000 0.917242 0.401032 0.401032 0.401032
5554.789551 0.000000 3288.181152 0.000000 0.489696 0.000000 0.871893 0.411723 0.411723 0.411723
5549.311035 0.000000 3310.443604 0.000000 0.265902 0.000000 0.964000 0.461525 0.461525 0.461525
5546.835938 0.000000 3282.100098 0.000000 0.099102 0.000000 0.995077 0.437064 0.437064 0.437064
5564.832520 0.000000 3308.415527 0.000000 0.467055 0.000000 0.884228 0.453138 0.453138 0.453138
5548.194824 0.000000 3288.171143 0.000000 0.530560 0.000000 0.847647 0.392273 0.392273 0.392273
5534.608887 0.000000 3281.633301 0.000000 0.334866 0.000000 0.942266 0.428869 0.428869 0.428869
5564.013184 0.000000 3290.958496 0.000000 0.304973 0.000000 0.952361 0.433711 0.433711 0.433711
5605.098633 0.000000 3318.964844 0.000000 0.368745 0.000000 0.929531 0.400546 0.400546 0.400546
5597.237305 0.000000 3309.615967 0.000000 0.444972 0.000000 0.895545 0.420025 0.420025 0.420025
5604.620605 0.000000 3322.802246 0.000000 0.360524 0.000000 0.932750 0.383376 0.383376 0.383376
5592.795410 0.000000 3304.005859 0.000000 0.100920 0.000000 0.994895 0.642210 0.642210 0.642210
5600.032227 0.000000 3369.516113 0.000000 0.580879 0.000000 0.813990 0.386894 0.386894 0.386894
5613.943359 0.000000 3334.933105 0.000000 0.412236 0.000000 0.911077 0.384323 0.384323 0.384323
5614.042969 0.000000 3338.432861 0.000000 0.115098 0.000000 0.993354 0.379797 0.379797 0.379797
5616.746582 0.000000 3335.815674 0.000000 0.542821 0.000000 0.839849 0.420040 0.420040 0.420040
5626.504395 0.000000 3356.336914 0.000000 0.156962 0.000000 0.987605 0.413263 0.413263 0.413263
5558.173828 0.000000 3395.246826 0.000000 0.247195 0.000000 0.968966 0.382125 0.382125 0.382125
5580.978516 0.000000 3389.798584 0.000000 0.567763 0.000000 0.823192 0.386722 0.386722 0.386722
5693.125000 0.000000 3385.057373 0.000000 0.324350 0.000000 0.945937 0.484130 0.484130 0.484130
5699.510742 0.000000 3379.506104 0.000000 0.122597 0.000000 0.992456 0.644207 0.644207 0.644207
5814.816895 0.000000 3277.344482 0.000000 0.300142 0.000000 0.953894 0.383376 0.383376 0.383376
5833.604492 0.000000 3303.548096 0.000000 0.177814 0.000000 0.984064 0.438504 0.438504 0.438504
5813.994141 0.000000 3353.864258 0.000000 0.301863 0.000000 0.953351 0.382389 0.382389 0.382389
6031.197266 0.000000 3344.210938 0.000000 0.100342 0.000000 0.994953 0.379444 0.379444 0.379444
5710.007324 0.000000 3476.437012 0.000000 0.246981 0.000000 0.969020 0.382914 0.382914 0.382914
5707.486816 0.000000 3454.106445 0.000000 0.529064 0.000000 0.848582 0.474495 0.474495 0.474495
5788.380371 0.000000 3443.912842 0.000000 0.403456 0.000000 0.914999 0.395659 0.395659 0.395659
5819.000977 0.000000 3426.863525 0.000000 0.316853 0.000000 0.948475 0.514102 0.514102 0.514102
5825.451172 0.000000 3401.238037 0.000000 0.130151 0.000000 0.991494 0.381590 0.381590 0.381590
5851.932617 0.000000 3409.332031 0.000000 0.342766 0.000000 0.939421 0.495233 0.495233 0.495233
5865.967773 0.000000 3418.880371 0.000000 0.536283 0.000000 0.844038 0.629178 0.629178 0.629178
5863.591309 0.000000 3430.898438 0.000000 0.358893 0.000000 0.933379 0.486704 0.486704 0.486704
5844.984863 0.000000 3426.260498 0.000000 0.114007 0.000000 0.993480 0.559131 0.559131 0.559131
5782.478027 0.000000 3480.440186 0.000000 0.224739 0.000000 0.974419 0.532789 0.532789 0.532789
5781.208496 0.000000 3485.426025 0.000000 0.314868 0.000000 0.949135 0.551034 0.551034 0.551034
5788.947754 0.000000 3475.618652 0.000000 0.344985 0.000000 0.938608 0.464956 0.464956 0.464956
5783.068359 0.000000 3450.058105 0.000000 0.105725 0.000000 0.994395 0.636384 0.636384 0.636384
5879.531250 0.000000 3456.150635 0.000000 0.394712 0.000000 0.918805 0.384526 0.384526 0.384526
5652.994629 0.000000 3504.583984 0.000000 0.066367 0.000000 0.997795 0.394054 0.394054 0.394054
5662.608887 0.000000 3507.570801 0.000000 0.092934 0.000000 0.995672 0.443994 0.443994 0.443994
5642.564941 0.000000 3504.580078 0.000000 0.360999 0.000000 0.932566 0.474247 0.474247 0.474247
5710.979980 0.000000 3526.871338 0.000000 0.336849 0.000000 0.941559 0.455837 0.455837 0.455837
5711.831543 0.000000 3562.687500 0.000000 0.306876 0.000000 0.951750 0.386895 0.386895 0.386895
5696.936035 0.000000 3581.125244 0.000000 0.337641 0.000000 0.941275 0.535842 0.535842 0.535842
5706.564941 0.000000 3561.064453 0.000000 0.296988 0.000000 0.954881 0.515364 0.515364 0.515364
5833.400879 0.000000 3518.150391 0.000000 0.238566 0.000000 0.971126 0.573176 0.573176 0.573176
5838.873047 0.000000 3510.078369 0.000000 0.354288 0.000000 0.935136 0.383525 0.383525 0.383525
5897.278320 0.000000 3495.630371 0.000000 0.091298 0.000000 0.995824 0.556763 0.556763 0.556763
5927.591309 0.000000 3487.382812 0.000000 0.476203 0.000000 0.879335 0.478672 0.478672 0.478672
5952.254883 0.000000 3492.687744 0.000000 0.161272 0.000000 0.986910 0.381711 0.381711 0.381711
6005.566895 0.000000 3458.009033 0.000000 0.466413 0.000000 0.884567 0.654185 0.654185 0.654185
6119.299805 0.000000 3435.441895 0.000000 0.482987 0.000000 0.875628 0.457107 0.457107 0.457107
5919.453613 0.000000 3518.761475 0.000000 0.145244 0.000000 0.989396 0.381642 0.381642 0.381642
6002.789551 0.000000 3514.118652 0.000000 0.324727 0.000000 0.945808 0.426886 0.426886 0.426886
6002.842773 0.000000 3519.901123 0.000000 0.167042 0.000000 0.985950 0.381226 0.381226 0.381226
5935.145508 0.000000 3576.663574 0.000000 0.090778 0.000000 0.995871 0.429860 0.429860 0.429860
5974.782715 0.000000 3565.819092 0.000000 0.105587 0.000000 0.994410 0.421279 0.421279 0.421279
6028.526855 0.000000 3525.077148 0.000000 0.006280 0.000000 0.999980 0.608260 0.608260 0.608260
6115.200195 0.000000 3571.312500 0.000000 0.418079 0.000000 0.908411 0.495264 0.495264 0.495264
6166.628418 0.000000 2232.917725 0.000000 0.282129 0.000000 0.959376 0.461858 0.461858 0.461858
6150.057129 0.000000 2247.828369 0.000000 0.549532 0.000000 0.835472 0.418336 0.418336 0.418336
6390.864258 0.000000 2201.404785 0.000000 0.033956 0.000000 0.999423 0.378898 0.378898 0.378898
6389.013672 0.000000 2181.052490 0.000000 0.119568 0.000000 0.992826 0.555858 0.555858 0.555858
6387.634277 0.000000 2189.134033 0.000000 0.224978 0.000000 0.974364 0.643165 0.643165 0.643165
6363.595215 0.000000 2196.929932 0.000000 0.246827 0.000000 0.969059 0.641692 0.641692 0.641692
6394.462402 0.000000 2163.476318 0.000000 0.012273 0.000000 0.999925 0.437239 0.437239 0.437239
6365.422852 0.000000 2184.958008 0.000000 0.111493 0.000000 0.993765 0.644541 0.644541 0.644541
6364.380371 0.000000 2201.256592 0.000000 0.448652 0.000000 0.893707 0.654308 0.654308 0.654308
6394.637207 0.000000 2173.339844 0.000000 0.394535 0.000000 0.918881 0.653775 0.653775 0.653775
6333.658691 0.000000 2238.206299 0.000000 0.458746 0.000000 0.888567 0.442086 0.442086 0.442086
6364.793945 0.000000 2205.732422 0.000000 0.114510 0.000000 0.993422 0.381389 0.381389 0.381389
6341.119141 0.000000 2219.324951 0.000000 0.385057 0.000000 0.922893 0.383976 0.383976 0.383976
6394.385254 0.000000 2205.482666 0.000000 0.353237 0.000000 0.935534 0.414769 0.414769 0.414769
6388.014648 0.000000 2211.733887 0.000000 0.400121 0.000000 0.916462 0.448136 0.448136 0.448136
6348.457520 0.000000 2254.666504 0.000000 0.425708 0.000000 0.904861 0.397843 0.397843 0.397843
6346.072266 0.000000 2259.062744 0.000000 0.020434 0.000000 0.999791 0.524014 0.524014 0.524014
6404.948730 0.000000 2203.005615 0.000000 0.438739 0.000000 0.898614 0.396234 0.396234 0.396234
6260.365234 0.000000 3315.360107 0.000000 0.456318 0.000000 0.889817 0.385157 0.385157 0.385157
6231.836426 0.000000 3326.706543 0.000000 0.232173 0.000000 0.972674 0.401965 0.401965 0.401965
6536.667480 0.000000 3224.388672 0.000000 0.121810 0.000000 0.992553 0.509286 0.509286 0.509286
6170.122559 0.000000 3456.355225 0.000000 0.011924 0.000000 0.999929 0.473822 0.473822 0.473822
6166.937012 0.000000 3459.974121 0.000000 0.114774 0.000000 0.993392 0.637416 0.637416 0.637416
6188.194824 0.000000 3457.624268 0.000000 0.091125 0.000000 0.995839 0.442201 0.442201 0.442201
6164.094727 0.000000 3460.947754 0.000000 0.198419 0.000000 0.980117 0.488360 0.488360 0.488360
6171.635742 0.000000 3468.597168 0.000000 0.353110 0.000000 0.935582 0.646188 0.646188 0.646188
6361.916992 0.000000 3433.828613 0.000000 0.369436 0.000000 0.929256 0.395113 0.395113 0.395113
6256.918945 0.000000 3517.017334 0.000000 0.520359 0.000000 0.853948 0.385742 0.385742 0.385742
6191.447754 0.000000 3571.201416 0.000000 0.409145 0.000000 0.912469 0.432055 0.432055 0.432055
6586.631836 0.000000 3480.683350 0.000000 0.482349 0.000000 0.875979 0.491456 0.491456 0.491456
6599.408691 0.000000 3463.384277 0.000000 0.202671 0.000000 0.979247 0.406869 0.406869 0.406869
6534.424805 0.000000 3578.875732 0.000000 0.124823 0.000000 0.992179 0.380078 0.380078 0.380078
6628.029297 0.000000 3577.068359 0.000000 0.297690 0.000000 0.954663 0.559290 0.559290 0.559290
7725.943359 0.000000 2939.542480 0.000000 0.021678 0.000000 0.999765 0.379425 0.379425 0.379425
"}
object={
	name="pine_sparse_generator_1_1"
	clamp_to_water_level=no
	render_under_water=no
	generated_content=yes
	layer="semidynamic"
	pdxmesh="tree_fir_002_mesh"
	count=517
	transform="1266.842529 0.000000 2559.666748 0.000000 0.690303 0.000000 0.723520 0.388974 0.388974 0.388974
1268.463989 0.000000 2556.878662 0.000000 0.918691 0.000000 0.394976 0.443021 0.443021 0.443021
1277.032837 0.000000 2620.469238 0.000000 0.877018 0.000000 0.480458 0.414830 0.414830 0.414830
1272.065796 0.000000 2680.128174 0.000000 0.816492 0.000000 0.577356 0.391579 0.391579 0.391579
1269.013428 0.000000 2689.411865 0.000000 0.904952 0.000000 0.425513 0.467168 0.467168 0.467168
1280.894775 0.000000 2572.096924 0.000000 0.696436 0.000000 0.717619 0.388810 0.388810 0.388810
1526.864258 0.000000 2540.311035 0.000000 0.769384 0.000000 0.638786 0.650892 0.650892 0.650892
1533.507935 0.000000 2535.089355 0.000000 0.760007 0.000000 0.649915 0.608235 0.608235 0.608235
1517.386597 0.000000 2540.019531 0.000000 0.680727 0.000000 0.732537 0.485756 0.485756 0.485756
1525.861084 0.000000 2533.378906 0.000000 0.942014 0.000000 0.335572 0.503431 0.503431 0.503431
1529.384521 0.000000 2541.564209 0.000000 0.705525 0.000000 0.708685 0.427169 0.427169 0.427169
1458.842529 0.000000 2559.666748 0.000000 0.685343 0.000000 0.728220 0.389125 0.389125 0.389125
1516.194824 0.000000 2553.874268 0.000000 0.627583 0.000000 0.778550 0.397698 0.397698 0.397698
1294.007324 0.000000 2629.171387 0.000000 0.818074 0.000000 0.575114 0.495747 0.495747 0.495747
1303.890747 0.000000 2617.338867 0.000000 0.731664 0.000000 0.681666 0.390263 0.390263 0.390263
1290.351440 0.000000 2619.160156 0.000000 0.773137 0.000000 0.634239 0.390738 0.390738 0.390738
1282.356812 0.000000 2603.179443 0.000000 0.713080 0.000000 0.701083 0.669655 0.669655 0.669655
1280.936157 0.000000 2620.890869 0.000000 0.823336 0.000000 0.567554 0.676111 0.676111 0.676111
1303.068237 0.000000 2602.792480 0.000000 0.847600 0.000000 0.530635 0.666765 0.666765 0.666765
1303.408081 0.000000 2610.119385 0.000000 0.935678 0.000000 0.352855 0.506851 0.506851 0.506851
1356.083740 0.000000 2643.795166 0.000000 0.839574 0.000000 0.543245 0.513450 0.513450 0.513450
1281.451538 0.000000 2664.157959 0.000000 0.910567 0.000000 0.413362 0.520602 0.520602 0.520602
1291.616333 0.000000 2684.106689 0.000000 0.900479 0.000000 0.434900 0.434657 0.434657 0.434657
1365.705078 0.000000 2681.633301 0.000000 0.670040 0.000000 0.742325 0.389140 0.389140 0.389140
1367.836548 0.000000 2705.378418 0.000000 0.616230 0.000000 0.787566 0.393783 0.393783 0.393783
1498.979858 0.000000 2640.114014 0.000000 0.647839 0.000000 0.761777 0.606884 0.606884 0.606884
1502.530151 0.000000 2621.741211 0.000000 0.948353 0.000000 0.317216 0.395761 0.395761 0.395761
1485.506958 0.000000 2634.095703 0.000000 0.852751 0.000000 0.522318 0.590793 0.590793 0.590793
1501.530396 0.000000 2625.573730 0.000000 0.857163 0.000000 0.515046 0.410428 0.410428 0.410428
1522.798096 0.000000 2634.962402 0.000000 0.872302 0.000000 0.488967 0.563788 0.563788 0.563788
1449.260620 0.000000 2698.987793 0.000000 0.920929 0.000000 0.389730 0.394763 0.394763 0.394763
1726.270142 0.000000 2433.259521 0.000000 0.623101 0.000000 0.782141 0.553434 0.553434 0.553434
1722.028442 0.000000 2441.926758 0.000000 0.644457 0.000000 0.764640 0.606744 0.606744 0.606744
1728.090088 0.000000 2432.123779 0.000000 0.801302 0.000000 0.598259 0.474578 0.474578 0.474578
1550.953247 0.000000 2595.768555 0.000000 0.780257 0.000000 0.625459 0.468298 0.468298 0.468298
1536.098755 0.000000 2548.745850 0.000000 0.625086 0.000000 0.780556 0.387748 0.387748 0.387748
1539.505249 0.000000 2585.223145 0.000000 0.787621 0.000000 0.616160 0.511419 0.511419 0.511419
1540.957397 0.000000 2581.644043 0.000000 0.826711 0.000000 0.562627 0.391735 0.391735 0.391735
1538.356812 0.000000 2546.695068 0.000000 0.707023 0.000000 0.707191 0.647605 0.647605 0.647605
1704.015625 0.000000 2549.425537 0.000000 0.605511 0.000000 0.795837 0.387362 0.387362 0.387362
1670.508057 0.000000 2593.887939 0.000000 0.830199 0.000000 0.557467 0.445484 0.445484 0.445484
1543.914795 0.000000 2600.118164 0.000000 0.651945 0.000000 0.758266 0.411147 0.411147 0.411147
1562.364746 0.000000 2623.842529 0.000000 0.877178 0.000000 0.480165 0.393248 0.393248 0.393248
1563.932739 0.000000 2618.550781 0.000000 0.950215 0.000000 0.311594 0.525025 0.525025 0.525025
1561.283936 0.000000 2619.898926 0.000000 0.943343 0.000000 0.331818 0.474828 0.474828 0.474828
1565.237427 0.000000 2688.287842 0.000000 0.814978 0.000000 0.579492 0.391544 0.391544 0.391544
1564.431641 0.000000 2662.273438 0.000000 0.702922 0.000000 0.711267 0.453097 0.453097 0.453097
1431.068237 0.000000 2715.761230 0.000000 0.866480 0.000000 0.499212 0.476923 0.476923 0.476923
1976.065796 0.000000 2793.096924 0.000000 0.647923 0.000000 0.761706 0.388542 0.388542 0.388542
1959.299927 0.000000 2814.113770 0.000000 0.760768 0.000000 0.649024 0.449063 0.449063 0.449063
2229.566895 0.000000 2271.837158 0.000000 0.722095 0.000000 0.691794 0.459169 0.459169 0.459169
2252.721436 0.000000 2297.699951 0.000000 0.935355 0.000000 0.353712 0.464822 0.464822 0.464822
2229.566895 0.000000 2328.321533 0.000000 0.685513 0.000000 0.728061 0.610302 0.610302 0.610302
2249.604492 0.000000 2343.313721 0.000000 0.661935 0.000000 0.749562 0.422476 0.422476 0.422476
2270.952637 0.000000 2391.855957 0.000000 0.865236 0.000000 0.501365 0.456100 0.456100 0.456100
2337.062500 0.000000 2424.417725 0.000000 0.908600 0.000000 0.417667 0.434975 0.434975 0.434975
2374.424561 0.000000 2449.188232 0.000000 0.908635 0.000000 0.417590 0.393999 0.393999 0.393999
2372.948486 0.000000 2428.943115 0.000000 0.838038 0.000000 0.545611 0.411771 0.411771 0.411771
2416.541992 0.000000 2507.897705 0.000000 0.707424 0.000000 0.706789 0.389222 0.389222 0.389222
2235.981689 0.000000 2766.469238 0.000000 0.682960 0.000000 0.730455 0.388673 0.388673 0.388673
2190.979980 0.000000 2736.090088 0.000000 0.833175 0.000000 0.553009 0.421074 0.421074 0.421074
2246.508057 0.000000 2763.341064 0.000000 0.626195 0.000000 0.779667 0.607797 0.607797 0.607797
2247.213623 0.000000 2749.449951 0.000000 0.623196 0.000000 0.782066 0.410568 0.410568 0.410568
2251.616455 0.000000 2740.591064 0.000000 0.840527 0.000000 0.541770 0.451468 0.451468 0.451468
2237.212891 0.000000 2793.126221 0.000000 0.652194 0.000000 0.758052 0.388616 0.388616 0.388616
2182.508057 0.000000 2819.825439 0.000000 0.852595 0.000000 0.522573 0.655971 0.655971 0.655971
2178.356934 0.000000 2772.632568 0.000000 0.728478 0.000000 0.685069 0.501967 0.501967 0.501967
2263.890625 0.000000 2786.791992 0.000000 0.888635 0.000000 0.458616 0.393791 0.393791 0.393791
2242.356934 0.000000 2772.632568 0.000000 0.804341 0.000000 0.594167 0.408986 0.408986 0.408986
2260.832764 0.000000 2780.313965 0.000000 0.768674 0.000000 0.639641 0.672528 0.672528 0.672528
2148.029297 0.000000 2842.771484 0.000000 0.888958 0.000000 0.457988 0.483532 0.483532 0.483532
2176.042236 0.000000 2824.226074 0.000000 0.612965 0.000000 0.790110 0.516752 0.516752 0.516752
2176.090088 0.000000 2827.514404 0.000000 0.920785 0.000000 0.390070 0.509781 0.509781 0.509781
3996.947998 0.000000 2910.774902 0.000000 0.920457 0.000000 0.390845 0.445006 0.445006 0.445006
4222.270020 0.000000 2602.712646 0.000000 0.726624 0.000000 0.687035 0.395938 0.395938 0.395938
4319.334473 0.000000 2639.266602 0.000000 0.926713 0.000000 0.375771 0.452928 0.452928 0.452928
4556.552734 0.000000 2567.990967 0.000000 0.724143 0.000000 0.689650 0.520289 0.520289 0.520289
4584.974609 0.000000 2553.318359 0.000000 0.885897 0.000000 0.463883 0.401808 0.401808 0.401808
4569.661133 0.000000 2544.863037 0.000000 0.944625 0.000000 0.328151 0.480646 0.480646 0.480646
4564.094727 0.000000 2557.197754 0.000000 0.741765 0.000000 0.670660 0.585368 0.585368 0.585368
4565.235840 0.000000 2561.657959 0.000000 0.879016 0.000000 0.476792 0.456615 0.456615 0.456615
4494.979980 0.000000 2623.121338 0.000000 0.873995 0.000000 0.485934 0.481003 0.481003 0.481003
4595.863281 0.000000 2679.138428 0.000000 0.809594 0.000000 0.586990 0.391323 0.391323 0.391323
4579.666992 0.000000 2691.251953 0.000000 0.927656 0.000000 0.373435 0.422394 0.422394 0.422394
4629.934570 0.000000 2596.608887 0.000000 0.739035 0.000000 0.673667 0.548478 0.548478 0.548478
4669.658691 0.000000 2633.596924 0.000000 0.787405 0.000000 0.616436 0.390780 0.390780 0.390780
4650.009766 0.000000 2653.218018 0.000000 0.939009 0.000000 0.343891 0.395320 0.395320 0.395320
4640.426758 0.000000 2610.718994 0.000000 0.627259 0.000000 0.778811 0.410649 0.410649 0.410649
4656.580566 0.000000 2628.721924 0.000000 0.851206 0.000000 0.524831 0.398893 0.398893 0.398893
4666.462402 0.000000 2615.351318 0.000000 0.744514 0.000000 0.667607 0.640417 0.640417 0.640417
4669.032715 0.000000 2620.469238 0.000000 0.864383 0.000000 0.502835 0.493811 0.493811 0.493811
4647.591309 0.000000 2640.117188 0.000000 0.937680 0.000000 0.347500 0.505067 0.505067 0.505067
4681.063965 0.000000 2628.743164 0.000000 0.740046 0.000000 0.672556 0.390129 0.390129 0.390129
4689.939453 0.000000 2640.076904 0.000000 0.796641 0.000000 0.604453 0.613756 0.613756 0.613756
4695.191895 0.000000 2644.171875 0.000000 0.711096 0.000000 0.703095 0.665320 0.665320 0.665320
4686.604980 0.000000 2645.858154 0.000000 0.760317 0.000000 0.649552 0.406040 0.406040 0.406040
4692.569336 0.000000 2660.152100 0.000000 0.857158 0.000000 0.515053 0.392814 0.392814 0.392814
4687.272949 0.000000 2676.684082 0.000000 0.789604 0.000000 0.613617 0.453628 0.453628 0.453628
4691.771973 0.000000 2677.391113 0.000000 0.912054 0.000000 0.410069 0.473197 0.473197 0.473197
4699.131348 0.000000 2670.886719 0.000000 0.637780 0.000000 0.770219 0.471713 0.471713 0.471713
4696.572266 0.000000 2694.229980 0.000000 0.659420 0.000000 0.751774 0.440923 0.440923 0.440923
4692.094727 0.000000 2670.166504 0.000000 0.888946 0.000000 0.458012 0.679175 0.679175 0.679175
5079.191895 0.000000 2587.687500 0.000000 0.937719 0.000000 0.347395 0.453471 0.453471 0.453471
4975.537109 0.000000 2625.409668 0.000000 0.720013 0.000000 0.693961 0.395800 0.395800 0.395800
5027.991211 0.000000 2614.007812 0.000000 0.791186 0.000000 0.611576 0.391161 0.391161 0.391161
5017.661133 0.000000 2601.347412 0.000000 0.801412 0.000000 0.598113 0.495141 0.495141 0.495141
4994.356934 0.000000 2603.179443 0.000000 0.670036 0.000000 0.742329 0.400375 0.400375 0.400375
5030.824707 0.000000 2603.519043 0.000000 0.846977 0.000000 0.531629 0.430925 0.430925 0.430925
6049.210449 0.000000 2247.763916 0.000000 0.917406 0.000000 0.397952 0.441058 0.441058 0.441058
6030.979980 0.000000 2227.730713 0.000000 0.859071 0.000000 0.511857 0.425632 0.425632 0.425632
6135.107910 0.000000 2248.092041 0.000000 0.934316 0.000000 0.356445 0.478141 0.478141 0.478141
6141.658691 0.000000 2238.206299 0.000000 0.929547 0.000000 0.368704 0.394928 0.394928 0.394928
6125.434082 0.000000 2232.619873 0.000000 0.941471 0.000000 0.337093 0.395348 0.395348 0.395348
6097.939453 0.000000 2244.686279 0.000000 0.903655 0.000000 0.428262 0.467111 0.467111 0.467111
6141.611816 0.000000 2241.650391 0.000000 0.929675 0.000000 0.368382 0.430131 0.430131 0.430131
6133.860840 0.000000 2250.957031 0.000000 0.733731 0.000000 0.679440 0.457630 0.457630 0.457630
5139.771973 0.000000 2564.422363 0.000000 0.886321 0.000000 0.463071 0.393461 0.393461 0.393461
5140.094727 0.000000 2557.197754 0.000000 0.937346 0.000000 0.348401 0.428564 0.428564 0.428564
5774.873047 0.000000 2323.906494 0.000000 0.864316 0.000000 0.502949 0.393053 0.393053 0.393053
5767.437500 0.000000 2370.903076 0.000000 0.948426 0.000000 0.316998 0.544004 0.544004 0.544004
5949.212891 0.000000 2284.766846 0.000000 0.737167 0.000000 0.675710 0.390146 0.390146 0.390146
5972.994629 0.000000 2261.927734 0.000000 0.762871 0.000000 0.646551 0.421084 0.421084 0.421084
6057.385742 0.000000 2292.293213 0.000000 0.713091 0.000000 0.701072 0.389526 0.389526 0.389526
6027.941895 0.000000 2301.178955 0.000000 0.740654 0.000000 0.671886 0.389920 0.389920 0.389920
6057.967773 0.000000 2289.192871 0.000000 0.944058 0.000000 0.329778 0.417373 0.417373 0.417373
6054.581055 0.000000 2294.499512 0.000000 0.839247 0.000000 0.543751 0.498431 0.498431 0.498431
6094.007324 0.000000 2290.265137 0.000000 0.777193 0.000000 0.629262 0.391130 0.391130 0.391130
6106.364746 0.000000 2284.936279 0.000000 0.920923 0.000000 0.389744 0.394643 0.394643 0.394643
6133.994141 0.000000 2280.661133 0.000000 0.902133 0.000000 0.431457 0.444234 0.444234 0.444234
6132.003906 0.000000 2262.702637 0.000000 0.879236 0.000000 0.476386 0.428189 0.428189 0.428189
4524.760254 0.000000 2749.755127 0.000000 0.858307 0.000000 0.513137 0.392709 0.392709 0.392709
4541.212891 0.000000 2736.641846 0.000000 0.916270 0.000000 0.400561 0.394526 0.394526 0.394526
4559.272949 0.000000 2733.168457 0.000000 0.845792 0.000000 0.533513 0.677086 0.677086 0.677086
4559.831543 0.000000 2715.421875 0.000000 0.642703 0.000000 0.766116 0.584966 0.584966 0.584966
4555.486816 0.000000 2719.809570 0.000000 0.828874 0.000000 0.559435 0.676603 0.676603 0.676603
4585.676758 0.000000 2729.316895 0.000000 0.772545 0.000000 0.634960 0.531285 0.531285 0.531285
4556.526855 0.000000 2734.295898 0.000000 0.921916 0.000000 0.387391 0.657596 0.657596 0.657596
4605.032715 0.000000 2733.437988 0.000000 0.766136 0.000000 0.642679 0.571706 0.571706 0.571706
4544.936035 0.000000 2733.859619 0.000000 0.626167 0.000000 0.779689 0.482416 0.482416 0.482416
4556.112305 0.000000 2726.156738 0.000000 0.648635 0.000000 0.761099 0.664400 0.664400 0.664400
4568.795410 0.000000 2739.162109 0.000000 0.738804 0.000000 0.673920 0.513403 0.513403 0.513403
4574.952637 0.000000 2730.762207 0.000000 0.704652 0.000000 0.709553 0.495679 0.495679 0.495679
4605.738281 0.000000 2739.499268 0.000000 0.658519 0.000000 0.752564 0.514483 0.514483 0.514483
4553.203613 0.000000 2803.435059 0.000000 0.786836 0.000000 0.617163 0.672394 0.672394 0.672394
4588.760254 0.000000 2806.239502 0.000000 0.796296 0.000000 0.604907 0.391469 0.391469 0.391469
4588.062988 0.000000 2776.723389 0.000000 0.795299 0.000000 0.606218 0.391122 0.391122 0.391122
4597.994141 0.000000 2789.020508 0.000000 0.657978 0.000000 0.753037 0.388505 0.388505 0.388505
4550.724121 0.000000 2801.241943 0.000000 0.679581 0.000000 0.733600 0.665816 0.665816 0.665816
4595.016113 0.000000 2788.585449 0.000000 0.612155 0.000000 0.790738 0.456386 0.456386 0.456386
4551.213379 0.000000 2805.934326 0.000000 0.670941 0.000000 0.741511 0.470743 0.470743 0.470743
4565.235840 0.000000 2844.079834 0.000000 0.763098 0.000000 0.646283 0.527222 0.527222 0.527222
4592.541992 0.000000 2903.288330 0.000000 0.684167 0.000000 0.729325 0.389389 0.389389 0.389389
4280.065918 0.000000 3075.518799 0.000000 0.904451 0.000000 0.426578 0.425289 0.425289 0.425289
4302.875488 0.000000 3094.918213 0.000000 0.908839 0.000000 0.417146 0.474948 0.474948 0.474948
4300.083496 0.000000 3095.670166 0.000000 0.809735 0.000000 0.586795 0.603348 0.603348 0.603348
4300.978516 0.000000 3107.376709 0.000000 0.590917 0.000000 0.806733 0.387534 0.387534 0.387534
4333.386719 0.000000 3161.347656 0.000000 0.761494 0.000000 0.648172 0.445349 0.445349 0.445349
4320.449219 0.000000 3132.635986 0.000000 0.613473 0.000000 0.789716 0.390029 0.390029 0.390029
4603.211426 0.000000 3023.290039 0.000000 0.645498 0.000000 0.763762 0.390614 0.390614 0.390614
4605.738281 0.000000 3021.921143 0.000000 0.661183 0.000000 0.750225 0.521889 0.521889 0.521889
4367.130859 0.000000 3146.012451 0.000000 0.865423 0.000000 0.501042 0.393266 0.393266 0.393266
4595.016113 0.000000 3127.491699 0.000000 0.903223 0.000000 0.429172 0.408093 0.408093 0.408093
4617.400879 0.000000 2727.369141 0.000000 0.882199 0.000000 0.470877 0.466207 0.466207 0.466207
4645.432617 0.000000 2722.277100 0.000000 0.698212 0.000000 0.715891 0.413983 0.413983 0.413983
4630.478027 0.000000 2746.143311 0.000000 0.910156 0.000000 0.414267 0.394071 0.394071 0.394071
4643.991211 0.000000 2726.976562 0.000000 0.792244 0.000000 0.610204 0.474281 0.474281 0.474281
4627.771973 0.000000 2733.875488 0.000000 0.831958 0.000000 0.554839 0.428583 0.428583 0.428583
4625.260254 0.000000 2737.707031 0.000000 0.744799 0.000000 0.667288 0.589173 0.589173 0.589173
4652.352051 0.000000 2728.510986 0.000000 0.742158 0.000000 0.670225 0.454141 0.454141 0.454141
4634.074219 0.000000 2798.250732 0.000000 0.776501 0.000000 0.630116 0.391014 0.391014 0.391014
4645.098633 0.000000 2810.605469 0.000000 0.930357 0.000000 0.366655 0.395700 0.395700 0.395700
4652.127930 0.000000 2795.175781 0.000000 0.694815 0.000000 0.719189 0.486161 0.486161 0.486161
4707.200195 0.000000 2780.531250 0.000000 0.734962 0.000000 0.678109 0.420408 0.420408 0.420408
4697.283691 0.000000 2789.352051 0.000000 0.746057 0.000000 0.665882 0.524749 0.524749 0.524749
4616.407715 0.000000 2832.031006 0.000000 0.709742 0.000000 0.704461 0.389852 0.389852 0.389852
4667.000977 0.000000 2862.019775 0.000000 0.632708 0.000000 0.774390 0.477088 0.477088 0.477088
4646.824707 0.000000 2829.456543 0.000000 0.780459 0.000000 0.625207 0.671082 0.671082 0.671082
4621.099609 0.000000 2900.479736 0.000000 0.900843 0.000000 0.434144 0.542774 0.542774 0.542774
4742.395508 0.000000 2854.274414 0.000000 0.779260 0.000000 0.626701 0.525976 0.525976 0.525976
4756.832520 0.000000 2893.282715 0.000000 0.699579 0.000000 0.714555 0.464121 0.464121 0.464121
4875.941895 0.000000 2809.538330 0.000000 0.935423 0.000000 0.353529 0.395075 0.395075 0.395075
4984.550781 0.000000 2800.593506 0.000000 0.940082 0.000000 0.340949 0.395431 0.395431 0.395431
4934.507812 0.000000 2819.825439 0.000000 0.754986 0.000000 0.655740 0.424629 0.424629 0.424629
4935.437500 0.000000 2822.778076 0.000000 0.911923 0.000000 0.410362 0.619035 0.619035 0.619035
4919.638184 0.000000 2839.962158 0.000000 0.807185 0.000000 0.590298 0.391834 0.391834 0.391834
4931.510742 0.000000 2871.146729 0.000000 0.867708 0.000000 0.497075 0.527848 0.527848 0.527848
4957.422852 0.000000 2862.770508 0.000000 0.922039 0.000000 0.387097 0.485112 0.485112 0.485112
4944.939453 0.000000 2840.147461 0.000000 0.936798 0.000000 0.349872 0.684072 0.684072 0.684072
4948.984863 0.000000 2861.416748 0.000000 0.874731 0.000000 0.484610 0.678295 0.678295 0.678295
4633.283691 0.000000 2958.805176 0.000000 0.654527 0.000000 0.756038 0.440809 0.440809 0.440809
4609.318848 0.000000 3032.560303 0.000000 0.775345 0.000000 0.631538 0.390819 0.390819 0.390819
4774.686523 0.000000 2993.977539 0.000000 0.693142 0.000000 0.720801 0.388867 0.388867 0.388867
4778.673340 0.000000 2993.815674 0.000000 0.630581 0.000000 0.776123 0.387756 0.387756 0.387756
4789.860840 0.000000 3041.738281 0.000000 0.893542 0.000000 0.448981 0.682098 0.682098 0.682098
4766.608887 0.000000 2999.211426 0.000000 0.940816 0.000000 0.338919 0.415306 0.415306 0.415306
4780.127930 0.000000 3021.113281 0.000000 0.918708 0.000000 0.394937 0.416296 0.416296 0.416296
4795.000977 0.000000 3031.472900 0.000000 0.837248 0.000000 0.546823 0.653099 0.653099 0.653099
4839.299805 0.000000 3040.051270 0.000000 0.778911 0.000000 0.627135 0.425237 0.425237 0.425237
4653.311035 0.000000 3084.506104 0.000000 0.921206 0.000000 0.389076 0.404924 0.404924 0.404924
4716.376953 0.000000 3096.423828 0.000000 0.920781 0.000000 0.390079 0.406820 0.406820 0.406820
4666.544434 0.000000 3147.063721 0.000000 0.940326 0.000000 0.340274 0.395527 0.395527 0.395527
4671.586426 0.000000 3160.075195 0.000000 0.622078 0.000000 0.782955 0.388144 0.388144 0.388144
4672.156738 0.000000 3161.540771 0.000000 0.714840 0.000000 0.699288 0.389405 0.389405 0.389405
4675.510742 0.000000 3153.568604 0.000000 0.773917 0.000000 0.633287 0.419486 0.419486 0.419486
4710.337891 0.000000 3120.376709 0.000000 0.818619 0.000000 0.574337 0.463906 0.463906 0.463906
4733.738281 0.000000 3134.889893 0.000000 0.697046 0.000000 0.717026 0.596247 0.596247 0.596247
4842.835938 0.000000 3056.162598 0.000000 0.893199 0.000000 0.449662 0.419171 0.419171 0.419171
4737.017578 0.000000 3133.333740 0.000000 0.901469 0.000000 0.432843 0.394010 0.394010 0.394010
4980.365234 0.000000 2976.453857 0.000000 0.817910 0.000000 0.575347 0.391950 0.391950 0.391950
4989.248047 0.000000 2983.189453 0.000000 0.593971 0.000000 0.804486 0.387678 0.387678 0.387678
4953.681152 0.000000 2970.965088 0.000000 0.701191 0.000000 0.712974 0.486347 0.486347 0.486347
4949.934570 0.000000 2991.999512 0.000000 0.765140 0.000000 0.643864 0.406152 0.406152 0.406152
4876.978516 0.000000 2994.407959 0.000000 0.786953 0.000000 0.617013 0.391467 0.391467 0.391467
5001.278320 0.000000 2987.270996 0.000000 0.700085 0.000000 0.714059 0.393527 0.393527 0.393527
4956.431641 0.000000 3057.664062 0.000000 0.792347 0.000000 0.610070 0.404923 0.404923 0.404923
4320.618164 0.000000 3166.490723 0.000000 0.739180 0.000000 0.673508 0.550325 0.550325 0.550325
4316.431641 0.000000 3170.632812 0.000000 0.824211 0.000000 0.566282 0.443416 0.443416 0.443416
4314.987305 0.000000 3163.213867 0.000000 0.902875 0.000000 0.429902 0.404267 0.404267 0.404267
4288.042480 0.000000 3163.132324 0.000000 0.677423 0.000000 0.735594 0.518743 0.518743 0.518743
4313.706543 0.000000 3176.764404 0.000000 0.927910 0.000000 0.372803 0.572930 0.572930 0.572930
4408.065918 0.000000 3188.487549 0.000000 0.724472 0.000000 0.689304 0.389595 0.389595 0.389595
4372.569336 0.000000 3168.511475 0.000000 0.654369 0.000000 0.756175 0.388783 0.388783 0.388783
4378.122559 0.000000 3173.933350 0.000000 0.699424 0.000000 0.714707 0.389187 0.389187 0.389187
4390.893555 0.000000 3182.572266 0.000000 0.687282 0.000000 0.726391 0.573972 0.573972 0.573972
4405.013672 0.000000 3197.771240 0.000000 0.849415 0.000000 0.527726 0.429112 0.429112 0.429112
4386.735840 0.000000 3202.778076 0.000000 0.667603 0.000000 0.744518 0.472497 0.472497 0.472497
4412.832520 0.000000 3195.446777 0.000000 0.798334 0.000000 0.602215 0.418235 0.418235 0.418235
4411.100586 0.000000 3173.217773 0.000000 0.931509 0.000000 0.363718 0.637677 0.637677 0.637677
4368.244141 0.000000 3192.322754 0.000000 0.667749 0.000000 0.744386 0.545873 0.545873 0.545873
4381.958984 0.000000 3173.325439 0.000000 0.714987 0.000000 0.699138 0.576906 0.576906 0.576906
4419.510742 0.000000 3210.052979 0.000000 0.700998 0.000000 0.713163 0.434495 0.434495 0.434495
4400.023926 0.000000 3272.144287 0.000000 0.927388 0.000000 0.374101 0.601337 0.601337 0.601337
4399.868652 0.000000 3268.020264 0.000000 0.941572 0.000000 0.336810 0.438347 0.438347 0.438347
4439.890625 0.000000 3238.666992 0.000000 0.795131 0.000000 0.606437 0.391379 0.391379 0.391379
4472.550781 0.000000 3252.468506 0.000000 0.932733 0.000000 0.360569 0.685044 0.685044 0.685044
4446.530273 0.000000 3243.069336 0.000000 0.738007 0.000000 0.674793 0.553962 0.553962 0.553962
4470.381836 0.000000 3248.937012 0.000000 0.904093 0.000000 0.427335 0.442410 0.442410 0.442410
4439.293457 0.000000 3243.174072 0.000000 0.700059 0.000000 0.714085 0.665114 0.665114 0.665114
4476.832520 0.000000 3251.931152 0.000000 0.816966 0.000000 0.576685 0.463852 0.463852 0.463852
4449.448730 0.000000 3242.906250 0.000000 0.696386 0.000000 0.717667 0.426957 0.426957 0.426957
4541.212891 0.000000 3245.001221 0.000000 0.698691 0.000000 0.715424 0.389411 0.389411 0.389411
4533.860840 0.000000 3267.675781 0.000000 0.939475 0.000000 0.342618 0.512816 0.512816 0.512816
4500.094727 0.000000 3235.010254 0.000000 0.860406 0.000000 0.509609 0.406734 0.406734 0.406734
4496.939453 0.000000 3235.538086 0.000000 0.897172 0.000000 0.441681 0.461134 0.461134 0.461134
4533.519043 0.000000 3246.234863 0.000000 0.846983 0.000000 0.531620 0.678156 0.678156 0.678156
4488.614258 0.000000 3233.138184 0.000000 0.759999 0.000000 0.649925 0.422884 0.422884 0.422884
4539.000977 0.000000 3257.410400 0.000000 0.855427 0.000000 0.517923 0.421734 0.421734 0.421734
4413.738281 0.000000 3304.343018 0.000000 0.741744 0.000000 0.670683 0.669874 0.669874 0.669874
4442.979980 0.000000 3317.926514 0.000000 0.842593 0.000000 0.538550 0.430790 0.430790 0.430790
4419.837402 0.000000 3299.655762 0.000000 0.857531 0.000000 0.514433 0.470918 0.470918 0.470918
4427.941895 0.000000 3317.897705 0.000000 0.590668 0.000000 0.806915 0.466866 0.466866 0.466866
4464.023926 0.000000 3328.628662 0.000000 0.740027 0.000000 0.672577 0.544830 0.544830 0.544830
4434.230469 0.000000 3314.129395 0.000000 0.861154 0.000000 0.508345 0.527539 0.527539 0.527539
4468.003906 0.000000 3335.905762 0.000000 0.857040 0.000000 0.515249 0.423677 0.423677 0.423677
4535.638184 0.000000 3291.837158 0.000000 0.609150 0.000000 0.793055 0.387608 0.387608 0.387608
4521.260742 0.000000 3320.315918 0.000000 0.920085 0.000000 0.391718 0.394594 0.394594 0.394594
4534.173828 0.000000 3282.278076 0.000000 0.816076 0.000000 0.577944 0.391723 0.391723 0.391723
4524.412598 0.000000 3318.367432 0.000000 0.950721 0.000000 0.310047 0.395593 0.395593 0.395593
4522.835938 0.000000 3282.100098 0.000000 0.758623 0.000000 0.651530 0.400378 0.400378 0.400378
4538.462402 0.000000 3293.163818 0.000000 0.776370 0.000000 0.630277 0.404539 0.404539 0.404539
4541.032715 0.000000 3298.281738 0.000000 0.789223 0.000000 0.614106 0.436760 0.436760 0.436760
4490.564941 0.000000 3278.642578 0.000000 0.803606 0.000000 0.595162 0.672094 0.672094 0.672094
4518.824707 0.000000 3281.331543 0.000000 0.883511 0.000000 0.468410 0.435929 0.435929 0.435929
4574.236816 0.000000 3328.623535 0.000000 0.913162 0.000000 0.407598 0.394550 0.394550 0.394550
4565.502930 0.000000 3324.412842 0.000000 0.923700 0.000000 0.383117 0.447060 0.447060 0.447060
4595.863281 0.000000 3300.466553 0.000000 0.684691 0.000000 0.728833 0.388705 0.388705 0.388705
4562.230469 0.000000 3314.129395 0.000000 0.909391 0.000000 0.415943 0.427383 0.427383 0.427383
4560.186523 0.000000 3295.245117 0.000000 0.941483 0.000000 0.337061 0.451752 0.451752 0.451752
4556.375000 0.000000 3330.761475 0.000000 0.824231 0.000000 0.566253 0.492231 0.492231 0.492231
4525.516602 0.000000 3347.311523 0.000000 0.908681 0.000000 0.417491 0.394473 0.394473 0.394473
4527.663086 0.000000 3342.590088 0.000000 0.779534 0.000000 0.626360 0.390604 0.390604 0.390604
4559.671387 0.000000 3334.107178 0.000000 0.851518 0.000000 0.524325 0.446177 0.446177 0.446177
4693.934570 0.000000 3274.421387 0.000000 0.896960 0.000000 0.442113 0.521763 0.521763 0.521763
4838.893555 0.000000 3182.572266 0.000000 0.849516 0.000000 0.527563 0.392758 0.392758 0.392758
4816.244141 0.000000 3192.322754 0.000000 0.844393 0.000000 0.535724 0.494880 0.494880 0.494880
4794.504395 0.000000 3243.368164 0.000000 0.839950 0.000000 0.542664 0.447681 0.447681 0.447681
4818.127930 0.000000 3232.885498 0.000000 0.811739 0.000000 0.584021 0.391903 0.391903 0.391903
4831.826172 0.000000 3227.731689 0.000000 0.947147 0.000000 0.320801 0.395711 0.395711 0.395711
4841.064941 0.000000 3271.314941 0.000000 0.659168 0.000000 0.751996 0.477793 0.477793 0.477793
4847.537109 0.000000 3246.737793 0.000000 0.836267 0.000000 0.548323 0.494562 0.494562 0.494562
4858.462402 0.000000 3236.679443 0.000000 0.735656 0.000000 0.677355 0.669244 0.669244 0.669244
4858.637207 0.000000 3246.542969 0.000000 0.596111 0.000000 0.802902 0.663755 0.663755 0.663755
4655.722656 0.000000 3320.413330 0.000000 0.801999 0.000000 0.597325 0.391753 0.391753 0.391753
4640.426758 0.000000 3288.531494 0.000000 0.812218 0.000000 0.583354 0.391572 0.391572 0.391572
4619.941895 0.000000 3317.897705 0.000000 0.749023 0.000000 0.662544 0.390092 0.390092 0.390092
4641.099609 0.000000 3310.043457 0.000000 0.786694 0.000000 0.617343 0.434816 0.434816 0.434816
4655.537109 0.000000 3303.222168 0.000000 0.930366 0.000000 0.366633 0.683271 0.683271 0.683271
4667.000977 0.000000 3313.894775 0.000000 0.765967 0.000000 0.642880 0.671873 0.671873 0.671873
4690.817383 0.000000 3306.537598 0.000000 0.923714 0.000000 0.383084 0.397365 0.397365 0.397365
4676.763672 0.000000 3312.285889 0.000000 0.856526 0.000000 0.516103 0.392689 0.392689 0.392689
4673.884766 0.000000 3327.146240 0.000000 0.885055 0.000000 0.465487 0.393352 0.393352 0.393352
4681.278320 0.000000 3326.177246 0.000000 0.858064 0.000000 0.513543 0.674930 0.674930 0.674930
4725.860840 0.000000 3324.160156 0.000000 0.698030 0.000000 0.716068 0.480716 0.480716 0.480716
4689.722656 0.000000 3328.270996 0.000000 0.893056 0.000000 0.449945 0.517780 0.517780 0.517780
4727.819336 0.000000 3294.924561 0.000000 0.892558 0.000000 0.450932 0.681442 0.681442 0.681442
4684.526855 0.000000 3299.139648 0.000000 0.758205 0.000000 0.652016 0.560302 0.560302 0.560302
4733.032715 0.000000 3298.281738 0.000000 0.888982 0.000000 0.457941 0.415223 0.415223 0.415223
4692.994629 0.000000 3278.646484 0.000000 0.742388 0.000000 0.669970 0.517224 0.517224 0.517224
4725.566895 0.000000 3288.555908 0.000000 0.639907 0.000000 0.768452 0.543098 0.543098 0.543098
4695.408203 0.000000 3287.931885 0.000000 0.682301 0.000000 0.731071 0.564656 0.564656 0.564656
4662.173828 0.000000 3338.762451 0.000000 0.909043 0.000000 0.416703 0.394206 0.394206 0.394206
4612.047852 0.000000 3340.928223 0.000000 0.797001 0.000000 0.603978 0.391063 0.391063 0.391063
4668.832520 0.000000 3364.899902 0.000000 0.884427 0.000000 0.466678 0.477657 0.477657 0.477657
4635.635742 0.000000 3355.628418 0.000000 0.702136 0.000000 0.712043 0.412207 0.412207 0.412207
4636.947754 0.000000 3362.649902 0.000000 0.715977 0.000000 0.698124 0.453437 0.453437 0.453437
4644.029297 0.000000 3351.130859 0.000000 0.588929 0.000000 0.808185 0.528748 0.528748 0.528748
4622.979980 0.000000 3357.418213 0.000000 0.888588 0.000000 0.458706 0.464572 0.464572 0.464572
4641.491699 0.000000 3338.473389 0.000000 0.927112 0.000000 0.374784 0.449127 0.449127 0.449127
4726.864258 0.000000 3387.576660 0.000000 0.938781 0.000000 0.344515 0.395241 0.395241 0.395241
4730.462402 0.000000 3349.648193 0.000000 0.921676 0.000000 0.387961 0.404941 0.404941 0.404941
4675.820801 0.000000 3346.383545 0.000000 0.669023 0.000000 0.743242 0.428190 0.428190 0.428190
4729.384766 0.000000 3388.829834 0.000000 0.743449 0.000000 0.668793 0.631231 0.631231 0.631231
4688.244141 0.000000 3361.775879 0.000000 0.858603 0.000000 0.512641 0.518026 0.518026 0.518026
4673.451660 0.000000 3341.970459 0.000000 0.892074 0.000000 0.451889 0.615707 0.615707 0.615707
4683.616211 0.000000 3361.919189 0.000000 0.920842 0.000000 0.389936 0.422112 0.422112 0.422112
4767.453613 0.000000 3292.823975 0.000000 0.892378 0.000000 0.451288 0.393968 0.393968 0.393968
4796.832520 0.000000 3308.415527 0.000000 0.860522 0.000000 0.509413 0.678049 0.678049 0.678049
4772.029297 0.000000 3294.646484 0.000000 0.902527 0.000000 0.430633 0.682261 0.682261 0.682261
4797.738281 0.000000 3304.343018 0.000000 0.834588 0.000000 0.550875 0.651076 0.651076 0.651076
4780.127930 0.000000 3303.535156 0.000000 0.912307 0.000000 0.409506 0.586968 0.586968 0.586968
4748.721191 0.000000 3314.418701 0.000000 0.876960 0.000000 0.480563 0.637145 0.637145 0.637145
4795.000977 0.000000 3313.894775 0.000000 0.756450 0.000000 0.654051 0.428405 0.428405 0.428405
4828.793945 0.000000 3278.935547 0.000000 0.755536 0.000000 0.655107 0.390620 0.390620 0.390620
4849.519043 0.000000 3282.423340 0.000000 0.855069 0.000000 0.518514 0.392951 0.392951 0.392951
4845.943359 0.000000 3278.448730 0.000000 0.858923 0.000000 0.512105 0.392886 0.392886 0.392886
4840.763184 0.000000 3291.215820 0.000000 0.913266 0.000000 0.407363 0.494170 0.494170 0.494170
4833.448730 0.000000 3299.390625 0.000000 0.654862 0.000000 0.755748 0.416767 0.416767 0.416767
4838.337891 0.000000 3289.829834 0.000000 0.759782 0.000000 0.650178 0.484426 0.484426 0.484426
4856.473633 0.000000 3284.224609 0.000000 0.945404 0.000000 0.325902 0.427032 0.427032 0.427032
4774.230957 0.000000 3371.107178 0.000000 0.720625 0.000000 0.693325 0.390208 0.390208 0.390208
4750.953125 0.000000 3386.549805 0.000000 0.875264 0.000000 0.483645 0.393119 0.393119 0.393119
4772.029297 0.000000 3351.130859 0.000000 0.797411 0.000000 0.603437 0.450115 0.450115 0.450115
4761.706543 0.000000 3346.217529 0.000000 0.632455 0.000000 0.774597 0.403348 0.403348 0.403348
4855.062500 0.000000 3383.595703 0.000000 0.886360 0.000000 0.462998 0.420837 0.420837 0.420837
4809.604492 0.000000 3360.032471 0.000000 0.720403 0.000000 0.693555 0.414475 0.414475 0.414475
4864.098633 0.000000 3283.042725 0.000000 0.718129 0.000000 0.695910 0.389816 0.389816 0.389816
4872.667480 0.000000 3280.873047 0.000000 0.764709 0.000000 0.644376 0.411765 0.411765 0.411765
4986.511719 0.000000 3296.603760 0.000000 0.870742 0.000000 0.491740 0.392992 0.392992 0.392992
4962.735840 0.000000 3315.746826 0.000000 0.610333 0.000000 0.792145 0.387354 0.387354 0.387354
4934.507812 0.000000 3328.184814 0.000000 0.857728 0.000000 0.514105 0.538642 0.538642 0.538642
4981.519043 0.000000 3302.719238 0.000000 0.709769 0.000000 0.704434 0.475506 0.475506 0.475506
4870.057129 0.000000 3377.515869 0.000000 0.893914 0.000000 0.448238 0.489436 0.489436 0.489436
4925.032715 0.000000 3354.766113 0.000000 0.594553 0.000000 0.804057 0.530735 0.530735 0.530735
4920.639160 0.000000 3337.550537 0.000000 0.660713 0.000000 0.750639 0.483353 0.483353 0.483353
4948.094727 0.000000 3347.979004 0.000000 0.625610 0.000000 0.780136 0.478736 0.478736 0.478736
4958.608887 0.000000 3338.117676 0.000000 0.729466 0.000000 0.684017 0.667485 0.667485 0.667485
4961.491699 0.000000 3338.473389 0.000000 0.729251 0.000000 0.684247 0.663284 0.663284 0.663284
5003.616211 0.000000 3305.434814 0.000000 0.680287 0.000000 0.732946 0.432153 0.432153 0.432153
4695.068359 0.000000 3393.573730 0.000000 0.673753 0.000000 0.738957 0.509454 0.509454 0.509454
4695.408203 0.000000 3400.900635 0.000000 0.835664 0.000000 0.549241 0.434351 0.434351 0.434351
4737.318848 0.000000 3427.950928 0.000000 0.914423 0.000000 0.404761 0.394673 0.394673 0.394673
4740.948730 0.000000 3389.177490 0.000000 0.935479 0.000000 0.353383 0.459094 0.459094 0.459094
4753.664551 0.000000 3395.718506 0.000000 0.866066 0.000000 0.499930 0.439109 0.439109 0.439109
4748.083496 0.000000 3434.576416 0.000000 0.606462 0.000000 0.795113 0.485552 0.485552 0.485552
4736.090332 0.000000 3392.358154 0.000000 0.661402 0.000000 0.750031 0.474173 0.474173 0.474173
4845.516602 0.000000 3403.795898 0.000000 0.933132 0.000000 0.359533 0.395299 0.395299 0.395299
4898.900879 0.000000 3389.127197 0.000000 0.941120 0.000000 0.338074 0.395488 0.395488 0.395488
5416.763184 0.000000 2839.340820 0.000000 0.950007 0.000000 0.312229 0.457972 0.457972 0.457972
5437.658691 0.000000 2916.018799 0.000000 0.898356 0.000000 0.439268 0.510481 0.510481 0.510481
5438.419434 0.000000 2922.850342 0.000000 0.718766 0.000000 0.695252 0.460934 0.460934 0.460934
5437.611816 0.000000 2919.462891 0.000000 0.793960 0.000000 0.607970 0.646775 0.646775 0.646775
5406.608887 0.000000 2886.242676 0.000000 0.842059 0.000000 0.539385 0.515429 0.515429 0.515429
5435.000977 0.000000 2918.504150 0.000000 0.746575 0.000000 0.665301 0.554300 0.554300 0.554300
5409.491699 0.000000 2886.598389 0.000000 0.699320 0.000000 0.714809 0.458561 0.458561 0.458561
5440.163086 0.000000 2915.449707 0.000000 0.818167 0.000000 0.574981 0.391466 0.391466 0.391466
5440.009766 0.000000 2922.895752 0.000000 0.896703 0.000000 0.442633 0.393612 0.393612 0.393612
5373.032715 0.000000 3128.828613 0.000000 0.697100 0.000000 0.716974 0.669333 0.669333 0.669333
5373.125000 0.000000 3159.119873 0.000000 0.821173 0.000000 0.570679 0.644692 0.644692 0.644692
5423.663086 0.000000 2947.199463 0.000000 0.883961 0.000000 0.467560 0.393295 0.393295 0.393295
5417.204590 0.000000 2973.748779 0.000000 0.936767 0.000000 0.349954 0.424707 0.424707 0.424707
5440.514160 0.000000 2953.268311 0.000000 0.765163 0.000000 0.643836 0.406152 0.406152 0.406152
5441.451660 0.000000 2946.579834 0.000000 0.753755 0.000000 0.657155 0.413377 0.413377 0.413377
5432.550781 0.000000 3026.531006 0.000000 0.603850 0.000000 0.797098 0.538283 0.538283 0.538283
5431.107910 0.000000 3038.873291 0.000000 0.819337 0.000000 0.573312 0.391952 0.391952 0.391952
5416.763184 0.000000 3008.793945 0.000000 0.801855 0.000000 0.597519 0.410804 0.410804 0.410804
5546.673340 0.000000 2937.331299 0.000000 0.912072 0.000000 0.410031 0.497908 0.497908 0.497908
5399.371094 0.000000 3093.170166 0.000000 0.774260 0.000000 0.632867 0.396979 0.396979 0.396979
5414.469727 0.000000 3076.750244 0.000000 0.677736 0.000000 0.735305 0.470925 0.470925 0.470925
5481.385742 0.000000 3083.074463 0.000000 0.677996 0.000000 0.735066 0.389197 0.389197 0.389197
5457.939453 0.000000 3091.951904 0.000000 0.930655 0.000000 0.365898 0.394856 0.394856 0.394856
5469.530273 0.000000 3077.448730 0.000000 0.737218 0.000000 0.675655 0.389777 0.389777 0.389777
5426.842773 0.000000 3124.510498 0.000000 0.807461 0.000000 0.589921 0.391494 0.391494 0.391494
5423.537109 0.000000 3133.769043 0.000000 0.701608 0.000000 0.712563 0.495587 0.495587 0.495587
5393.722656 0.000000 3158.817871 0.000000 0.829514 0.000000 0.558485 0.611834 0.611834 0.611834
5388.526855 0.000000 3129.686523 0.000000 0.619374 0.000000 0.785096 0.664815 0.664815 0.664815
5379.820801 0.000000 3120.446045 0.000000 0.662317 0.000000 0.749224 0.665368 0.665368 0.665368
5448.908691 0.000000 3152.540527 0.000000 0.792308 0.000000 0.610122 0.391055 0.391055 0.391055
5463.293457 0.000000 3130.205322 0.000000 0.922292 0.000000 0.386494 0.394531 0.394531 0.394531
5456.716797 0.000000 3138.738525 0.000000 0.626247 0.000000 0.779625 0.582528 0.582528 0.582528
6100.832520 0.000000 2949.767090 0.000000 0.703370 0.000000 0.710824 0.447545 0.447545 0.447545
5921.448730 0.000000 3073.453125 0.000000 0.820578 0.000000 0.571535 0.418833 0.418833 0.418833
5381.464844 0.000000 3167.906982 0.000000 0.895654 0.000000 0.444752 0.393579 0.393579 0.393579
5378.356934 0.000000 3168.023193 0.000000 0.924061 0.000000 0.382244 0.418420 0.418420 0.418420
5379.820801 0.000000 3176.930420 0.000000 0.600338 0.000000 0.799746 0.399040 0.399040 0.399040
5390.979980 0.000000 3187.965088 0.000000 0.626947 0.000000 0.779062 0.419884 0.419884 0.419884
5458.127930 0.000000 3176.401123 0.000000 0.829427 0.000000 0.558615 0.391891 0.391891 0.391891
5462.628418 0.000000 3193.152100 0.000000 0.773711 0.000000 0.633539 0.497902 0.497902 0.497902
5472.449219 0.000000 3189.120361 0.000000 0.824044 0.000000 0.566526 0.417044 0.417044 0.417044
5473.099609 0.000000 3197.074707 0.000000 0.860357 0.000000 0.509692 0.608041 0.608041 0.608041
5476.759766 0.000000 3184.501221 0.000000 0.805395 0.000000 0.592738 0.502754 0.502754 0.502754
5461.235840 0.000000 3182.986084 0.000000 0.879058 0.000000 0.476715 0.462296 0.462296 0.462296
5462.782715 0.000000 3170.428467 0.000000 0.661686 0.000000 0.749781 0.415057 0.415057 0.415057
5407.453613 0.000000 3236.339600 0.000000 0.938587 0.000000 0.345043 0.395462 0.395462 0.395462
5413.098633 0.000000 3262.480469 0.000000 0.935282 0.000000 0.353903 0.395123 0.395123 0.395123
5421.375000 0.000000 3244.531006 0.000000 0.895365 0.000000 0.445332 0.393732 0.393732 0.393732
5501.512207 0.000000 3219.635498 0.000000 0.639928 0.000000 0.768435 0.388579 0.388579 0.388579
5471.826172 0.000000 3227.731689 0.000000 0.629782 0.000000 0.776772 0.388230 0.388230 0.388230
5480.763184 0.000000 3234.731445 0.000000 0.874097 0.000000 0.485751 0.393162 0.393162 0.393162
5501.524414 0.000000 3236.679199 0.000000 0.843078 0.000000 0.537791 0.438354 0.438354 0.438354
5472.618164 0.000000 3222.975098 0.000000 0.773398 0.000000 0.633921 0.390572 0.390572 0.390572
5475.104004 0.000000 3228.151367 0.000000 0.649257 0.000000 0.760569 0.399967 0.399967 0.399967
5498.462402 0.000000 3236.679443 0.000000 0.697820 0.000000 0.716273 0.443697 0.443697 0.443697
5495.819336 0.000000 3238.440186 0.000000 0.708325 0.000000 0.705886 0.416068 0.416068 0.416068
5496.473633 0.000000 3227.740234 0.000000 0.633301 0.000000 0.773905 0.410769 0.410769 0.410769
5505.451172 0.000000 3231.784912 0.000000 0.841784 0.000000 0.539814 0.398638 0.398638 0.398638
5530.709961 0.000000 3256.649414 0.000000 0.919686 0.000000 0.392654 0.394479 0.394479 0.394479
5528.572266 0.000000 3259.073730 0.000000 0.881890 0.000000 0.471456 0.397880 0.397880 0.397880
5521.360840 0.000000 3265.769775 0.000000 0.654708 0.000000 0.755882 0.424171 0.424171 0.424171
5537.062500 0.000000 3271.683350 0.000000 0.949387 0.000000 0.314109 0.427231 0.427231 0.427231
5524.984863 0.000000 3256.807373 0.000000 0.923659 0.000000 0.383214 0.418404 0.418404 0.418404
5490.842773 0.000000 3293.963623 0.000000 0.631387 0.000000 0.775468 0.388169 0.388169 0.388169
5451.929688 0.000000 3288.099609 0.000000 0.908590 0.000000 0.417690 0.394255 0.394255 0.394255
5495.819336 0.000000 3294.924561 0.000000 0.881430 0.000000 0.472315 0.409273 0.409273 0.409273
5551.722656 0.000000 3320.413330 0.000000 0.890301 0.000000 0.455372 0.393886 0.393886 0.393886
5504.936035 0.000000 3298.703369 0.000000 0.915103 0.000000 0.403221 0.410428 0.410428 0.410428
5560.473633 0.000000 3284.224609 0.000000 0.666205 0.000000 0.745768 0.441082 0.441082 0.441082
5563.000977 0.000000 3313.894775 0.000000 0.898593 0.000000 0.438783 0.504812 0.504812 0.504812
5601.210449 0.000000 3320.967041 0.000000 0.707662 0.000000 0.706551 0.389736 0.389736 0.389736
5600.032227 0.000000 3313.031738 0.000000 0.731974 0.000000 0.681332 0.394180 0.394180 0.394180
5602.735840 0.000000 3315.746826 0.000000 0.597810 0.000000 0.801638 0.389750 0.389750 0.389750
5613.386719 0.000000 3330.800781 0.000000 0.784929 0.000000 0.619586 0.391582 0.391582 0.391582
5593.681152 0.000000 3309.871338 0.000000 0.944005 0.000000 0.329932 0.407773 0.407773 0.407773
5575.408691 0.000000 3293.931152 0.000000 0.790898 0.000000 0.611948 0.414285 0.414285 0.414285
5583.130859 0.000000 3371.949951 0.000000 0.596717 0.000000 0.802452 0.387955 0.387955 0.387955
5617.272949 0.000000 3366.203125 0.000000 0.908847 0.000000 0.417129 0.394242 0.394242 0.394242
5624.315430 0.000000 3369.587158 0.000000 0.663343 0.000000 0.748315 0.388475 0.388475 0.388475
5622.381836 0.000000 3361.905762 0.000000 0.800101 0.000000 0.599865 0.391199 0.391199 0.391199
5612.412598 0.000000 3374.851807 0.000000 0.810021 0.000000 0.586401 0.391365 0.391365 0.391365
5714.230469 0.000000 3370.613770 0.000000 0.794132 0.000000 0.607745 0.464993 0.464993 0.464993
5862.824707 0.000000 3281.331543 0.000000 0.861894 0.000000 0.507089 0.423829 0.423829 0.423829
5882.504395 0.000000 3356.336914 0.000000 0.892794 0.000000 0.450466 0.574375 0.574375 0.574375
5824.042480 0.000000 3332.585449 0.000000 0.810657 0.000000 0.585521 0.605248 0.605248 0.605248
5882.637207 0.000000 3359.511719 0.000000 0.837426 0.000000 0.546551 0.530214 0.530214 0.530214
5968.186523 0.000000 3351.729492 0.000000 0.662379 0.000000 0.749169 0.510938 0.510938 0.510938
6073.384766 0.000000 3388.829834 0.000000 0.647716 0.000000 0.761882 0.608686 0.608686 0.608686
6136.065918 0.000000 3357.940674 0.000000 0.924942 0.000000 0.380107 0.394977 0.394977 0.394977
5670.230957 0.000000 3427.591553 0.000000 0.871644 0.000000 0.490139 0.462010 0.462010 0.462010
5702.395508 0.000000 3419.118164 0.000000 0.726025 0.000000 0.687669 0.498190 0.498190 0.498190
5825.451660 0.000000 3398.454834 0.000000 0.750655 0.000000 0.660694 0.474847 0.474847 0.474847
5780.569336 0.000000 3450.933350 0.000000 0.892097 0.000000 0.451843 0.681033 0.681033 0.681033
5772.457520 0.000000 3497.322754 0.000000 0.950605 0.000000 0.310402 0.469514 0.469514 0.469514
5816.639160 0.000000 3450.519287 0.000000 0.853460 0.000000 0.521159 0.451906 0.451906 0.451906
5857.099609 0.000000 3479.496582 0.000000 0.894921 0.000000 0.446225 0.497059 0.497059 0.497059
5647.671387 0.000000 3503.560303 0.000000 0.612063 0.000000 0.790809 0.454548 0.454548 0.454548
5712.186523 0.000000 3521.182617 0.000000 0.783564 0.000000 0.621311 0.442222 0.442222 0.442222
5707.616211 0.000000 3587.856689 0.000000 0.860111 0.000000 0.510107 0.587470 0.587470 0.587470
5696.090332 0.000000 3561.811279 0.000000 0.915585 0.000000 0.402125 0.541753 0.541753 0.541753
5835.929688 0.000000 3514.037109 0.000000 0.649609 0.000000 0.760269 0.659207 0.659207 0.659207
5917.422852 0.000000 3484.098633 0.000000 0.686341 0.000000 0.727280 0.526372 0.526372 0.526372
5894.057129 0.000000 3490.484619 0.000000 0.947343 0.000000 0.320221 0.532459 0.532459 0.532459
5904.939453 0.000000 3461.475586 0.000000 0.764229 0.000000 0.644945 0.419245 0.419245 0.419245
5946.637207 0.000000 3472.480469 0.000000 0.647349 0.000000 0.762194 0.596012 0.596012 0.596012
6003.863281 0.000000 3469.919678 0.000000 0.698739 0.000000 0.715376 0.419575 0.419575 0.419575
5964.375000 0.000000 3500.214600 0.000000 0.846451 0.000000 0.532466 0.429020 0.429020 0.429020
6072.639160 0.000000 3394.034912 0.000000 0.769644 0.000000 0.638473 0.671028 0.671028 0.671028
6084.755371 0.000000 3473.419434 0.000000 0.863217 0.000000 0.504833 0.392760 0.392760 0.392760
6122.835938 0.000000 3451.553223 0.000000 0.823609 0.000000 0.567158 0.674391 0.674391 0.674391
6086.507812 0.000000 3497.637939 0.000000 0.806315 0.000000 0.591487 0.397734 0.397734 0.397734
6135.819336 0.000000 3464.377686 0.000000 0.632282 0.000000 0.774738 0.571892 0.571892 0.571892
6141.738281 0.000000 3473.796143 0.000000 0.746461 0.000000 0.665429 0.515516 0.515516 0.515516
5888.042480 0.000000 3502.038574 0.000000 0.751319 0.000000 0.659939 0.491586 0.491586 0.491586
5944.065918 0.000000 3583.878174 0.000000 0.649941 0.000000 0.759985 0.388879 0.388879 0.388879
6108.947754 0.000000 3532.103027 0.000000 0.946296 0.000000 0.323301 0.459677 0.459677 0.459677
6105.283691 0.000000 3523.648926 0.000000 0.656419 0.000000 0.754397 0.609052 0.609052 0.609052
6109.958984 0.000000 3568.716064 0.000000 0.785020 0.000000 0.619471 0.464710 0.464710 0.464710
6091.616211 0.000000 3587.856689 0.000000 0.868110 0.000000 0.496372 0.495853 0.495853 0.495853
6168.795410 0.000000 2230.802734 0.000000 0.942672 0.000000 0.333721 0.424981 0.424981 0.424981
6384.205566 0.000000 2202.864990 0.000000 0.828982 0.000000 0.559275 0.392206 0.392206 0.392206
6397.212891 0.000000 2171.798096 0.000000 0.833391 0.000000 0.552684 0.537517 0.537517 0.537517
6374.535645 0.000000 2175.914307 0.000000 0.847783 0.000000 0.530343 0.392324 0.392324 0.392324
6390.381836 0.000000 2175.733887 0.000000 0.711544 0.000000 0.702641 0.401225 0.401225 0.401225
6378.288574 0.000000 2169.553955 0.000000 0.902675 0.000000 0.430323 0.499330 0.499330 0.499330
6360.572266 0.000000 2185.870605 0.000000 0.784733 0.000000 0.619834 0.457224 0.457224 0.457224
6333.125000 0.000000 2255.369873 0.000000 0.949403 0.000000 0.314061 0.467524 0.467524 0.467524
6397.512207 0.000000 2202.916748 0.000000 0.933725 0.000000 0.357992 0.395174 0.395174 0.395174
6339.837402 0.000000 2226.452637 0.000000 0.942442 0.000000 0.334368 0.395353 0.395353 0.395353
6391.062500 0.000000 2253.908203 0.000000 0.763961 0.000000 0.645263 0.671073 0.671073 0.671073
6378.288574 0.000000 2226.038330 0.000000 0.918483 0.000000 0.395461 0.414377 0.414377 0.414377
6387.759277 0.000000 2234.255371 0.000000 0.664866 0.000000 0.746963 0.444748 0.444748 0.444748
6358.628418 0.000000 2232.917725 0.000000 0.860830 0.000000 0.508893 0.503077 0.503077 0.503077
6396.832520 0.000000 2235.212402 0.000000 0.931980 0.000000 0.362511 0.537102 0.537102 0.537102
6389.860840 0.000000 2250.957031 0.000000 0.646034 0.000000 0.763308 0.534189 0.534189 0.534189
6380.352051 0.000000 2220.151611 0.000000 0.942232 0.000000 0.334961 0.685943 0.685943 0.685943
6356.832520 0.000000 2215.470215 0.000000 0.662461 0.000000 0.749097 0.426192 0.426192 0.426192
6404.458496 0.000000 2200.872314 0.000000 0.930308 0.000000 0.366779 0.395143 0.395143 0.395143
6423.371094 0.000000 2189.420166 0.000000 0.911962 0.000000 0.410275 0.501701 0.501701 0.501701
6403.820801 0.000000 2160.211670 0.000000 0.769495 0.000000 0.638653 0.672846 0.672846 0.672846
6424.795410 0.000000 2174.318359 0.000000 0.942720 0.000000 0.333584 0.642539 0.642539 0.642539
6316.352051 0.000000 2276.635986 0.000000 0.933544 0.000000 0.358462 0.491460 0.491460 0.491460
6372.575195 0.000000 2261.763916 0.000000 0.835822 0.000000 0.549001 0.483281 0.483281 0.483281
6233.621582 0.000000 3323.968506 0.000000 0.855870 0.000000 0.517190 0.392428 0.392428 0.392428
6530.356934 0.000000 3224.507568 0.000000 0.686033 0.000000 0.727570 0.648375 0.648375 0.648375
6585.384766 0.000000 3388.829834 0.000000 0.942353 0.000000 0.334620 0.434553 0.434553 0.434553
6150.330566 0.000000 3457.643799 0.000000 0.936638 0.000000 0.350299 0.660892 0.660892 0.660892
6161.260254 0.000000 3472.003906 0.000000 0.843383 0.000000 0.537313 0.392324 0.392324 0.392324
6188.352051 0.000000 3462.807861 0.000000 0.674310 0.000000 0.738449 0.663922 0.663922 0.663922
6164.832520 0.000000 3458.126465 0.000000 0.724428 0.000000 0.689350 0.496291 0.496291 0.496291
6268.832520 0.000000 3534.353027 0.000000 0.804529 0.000000 0.593914 0.433436 0.433436 0.433436
6274.822754 0.000000 3535.999268 0.000000 0.870427 0.000000 0.492297 0.636695 0.636695 0.636695
6292.984863 0.000000 3595.713623 0.000000 0.721959 0.000000 0.691935 0.412645 0.412645 0.412645
6592.090332 0.000000 3448.842529 0.000000 0.942524 0.000000 0.334139 0.486258 0.486258 0.486258
6447.537109 0.000000 3585.644043 0.000000 0.874075 0.000000 0.485791 0.401446 0.401446 0.401446
6589.524414 0.000000 3575.585449 0.000000 0.816893 0.000000 0.576790 0.420615 0.420615 0.420615
6595.820801 0.000000 3572.321045 0.000000 0.728663 0.000000 0.684872 0.514906 0.514906 0.514906
6788.948730 0.000000 3276.208740 0.000000 0.827070 0.000000 0.562099 0.527897 0.527897 0.527897
6784.090332 0.000000 3279.389404 0.000000 0.935755 0.000000 0.352651 0.459108 0.459108 0.459108
6664.908691 0.000000 3604.415527 0.000000 0.792743 0.000000 0.609555 0.391761 0.391761 0.391761
"}
object={
	name="pine_sparse_generator_1_2"
	clamp_to_water_level=no
	render_under_water=no
	generated_content=yes
	layer="semidynamic"
	pdxmesh="tree_fir_003_mesh"
	count=473
	transform="1271.819336 0.000000 2560.627686 0.000000 0.999878 0.000000 -0.015621 0.489527 0.489527 0.489527
1275.001099 0.000000 2579.597900 0.000000 0.999223 0.000000 -0.039408 0.434951 0.434951 0.434951
1277.212891 0.000000 2623.673096 0.000000 0.955763 0.000000 0.294137 0.396035 0.396035 0.396035
1277.292725 0.000000 2667.324707 0.000000 0.982527 0.000000 0.186121 0.397532 0.397532 0.397532
1266.798096 0.000000 2691.446777 0.000000 0.974519 0.000000 -0.224306 0.473799 0.473799 0.473799
1506.932617 0.000000 2539.389404 0.000000 0.962340 0.000000 -0.271849 0.403684 0.403684 0.403684
1523.213989 0.000000 2531.569824 0.000000 0.999755 0.000000 0.022140 0.602301 0.602301 0.602301
1533.212891 0.000000 2567.188721 0.000000 0.996855 0.000000 0.079253 0.398911 0.398911 0.398911
1527.531372 0.000000 2552.400635 0.000000 0.989323 0.000000 -0.145740 0.401943 0.401943 0.401943
1525.993896 0.000000 2563.083008 0.000000 0.999331 0.000000 0.036573 0.399492 0.399492 0.399492
1514.288330 0.000000 2564.944580 0.000000 0.951760 0.000000 0.306843 0.479173 0.479173 0.479173
1498.987305 0.000000 2541.885742 0.000000 0.956886 0.000000 -0.290463 0.404120 0.404120 0.404120
1502.952515 0.000000 2561.309082 0.000000 0.970359 0.000000 0.241667 0.689677 0.689677 0.689677
1281.017578 0.000000 2624.974365 0.000000 0.995667 0.000000 0.092990 0.398712 0.398712 0.398712
1305.706665 0.000000 2611.920654 0.000000 0.999980 0.000000 -0.006388 0.700260 0.700260 0.700260
1302.782471 0.000000 2605.584717 0.000000 0.998768 0.000000 -0.049626 0.693014 0.693014 0.693014
1292.721313 0.000000 2636.606201 0.000000 0.988969 0.000000 0.148125 0.492075 0.492075 0.492075
1386.009521 0.000000 2653.218018 0.000000 0.998309 0.000000 0.058124 0.399187 0.399187 0.399187
1310.952515 0.000000 2674.277832 0.000000 0.968376 0.000000 0.249496 0.551504 0.551504 0.551504
1436.380127 0.000000 2653.131592 0.000000 0.971762 0.000000 -0.235963 0.444136 0.444136 0.444136
1503.453491 0.000000 2615.011475 0.000000 0.999961 0.000000 0.008853 0.399886 0.399886 0.399886
1521.272949 0.000000 2631.906250 0.000000 0.959935 0.000000 0.280221 0.396228 0.396228 0.396228
1492.089478 0.000000 2643.098145 0.000000 0.999996 0.000000 -0.002700 0.400037 0.400037 0.400037
1483.941895 0.000000 2640.085205 0.000000 0.960616 0.000000 0.277879 0.562260 0.562260 0.562260
1493.503174 0.000000 2646.600342 0.000000 0.968349 0.000000 -0.249599 0.436397 0.436397 0.436397
1513.204712 0.000000 2634.842529 0.000000 0.990915 0.000000 -0.134487 0.565198 0.565198 0.565198
1481.866211 0.000000 2637.353516 0.000000 0.953235 0.000000 -0.302229 0.425279 0.425279 0.425279
1497.917236 0.000000 2643.047363 0.000000 0.998208 0.000000 -0.059841 0.663812 0.663812 0.663812
1510.581177 0.000000 2633.405762 0.000000 0.978321 0.000000 0.207097 0.552599 0.552599 0.552599
1415.213501 0.000000 2692.965576 0.000000 0.966666 0.000000 0.256040 0.437841 0.437841 0.437841
1732.755371 0.000000 2400.216309 0.000000 0.963136 0.000000 0.269017 0.623775 0.623775 0.623775
1734.395386 0.000000 2402.399414 0.000000 0.955067 0.000000 0.296392 0.513901 0.513901 0.513901
1730.822754 0.000000 2406.311768 0.000000 0.988449 0.000000 -0.151551 0.504139 0.504139 0.504139
1724.013062 0.000000 2443.692871 0.000000 0.999999 0.000000 -0.001278 0.463749 0.463749 0.463749
1560.572266 0.000000 2581.261230 0.000000 0.998097 0.000000 -0.061658 0.441217 0.441217 0.441217
1540.948608 0.000000 2541.911865 0.000000 0.999850 0.000000 0.017333 0.435992 0.435992 0.435992
1548.083740 0.000000 2587.310791 0.000000 0.995961 0.000000 -0.089783 0.703409 0.703409 0.703409
1722.807129 0.000000 2491.967041 0.000000 0.988549 0.000000 0.150902 0.398033 0.398033 0.398033
1711.537231 0.000000 2512.440918 0.000000 0.978868 0.000000 -0.204495 0.429694 0.429694 0.429694
1714.798096 0.000000 2521.993652 0.000000 0.998287 0.000000 -0.058509 0.484474 0.484474 0.484474
1687.890747 0.000000 2560.854492 0.000000 0.961919 0.000000 0.273334 0.396392 0.396392 0.396392
1714.318481 0.000000 2542.002686 0.000000 0.998717 0.000000 0.050642 0.415905 0.415905 0.415905
1684.984863 0.000000 2578.994873 0.000000 0.960191 0.000000 0.279345 0.523888 0.523888 0.523888
1550.873047 0.000000 2606.328369 0.000000 0.958057 0.000000 0.286578 0.395995 0.395995 0.395995
1553.664795 0.000000 2604.937256 0.000000 0.978998 0.000000 0.203872 0.427127 0.427127 0.427127
1617.722656 0.000000 2650.458496 0.000000 0.989381 0.000000 0.145345 0.571613 0.571613 0.571613
1594.637329 0.000000 2681.699219 0.000000 0.998363 0.000000 0.057199 0.437296 0.437296 0.437296
1569.491699 0.000000 2660.660889 0.000000 0.994288 0.000000 0.106732 0.454002 0.454002 0.454002
1602.356812 0.000000 2659.663818 0.000000 0.979185 0.000000 0.202970 0.407787 0.407787 0.407787
1600.936157 0.000000 2677.375244 0.000000 0.972012 0.000000 0.234933 0.571109 0.571109 0.571109
1674.565063 0.000000 2600.830078 0.000000 0.999912 0.000000 0.013248 0.498746 0.498746 0.498746
1386.673462 0.000000 2711.393799 0.000000 0.979619 0.000000 -0.200863 0.402817 0.402817 0.402817
1980.832764 0.000000 2800.056152 0.000000 0.975460 0.000000 0.220178 0.415263 0.415263 0.415263
2190.604980 0.000000 2250.467529 0.000000 0.995113 0.000000 -0.098741 0.506984 0.506984 0.506984
2188.721436 0.000000 2241.215576 0.000000 0.961437 0.000000 0.275026 0.577661 0.577661 0.577661
2266.709961 0.000000 2296.415039 0.000000 0.994303 0.000000 -0.106593 0.406430 0.406430 0.406430
2260.094971 0.000000 2331.260254 0.000000 0.982577 0.000000 -0.185858 0.421460 0.421460 0.421460
2256.939697 0.000000 2331.788086 0.000000 0.970189 0.000000 0.242350 0.426499 0.426499 0.426499
2372.458496 0.000000 2426.809814 0.000000 0.982077 0.000000 0.188478 0.397529 0.397529 0.397529
2369.451416 0.000000 2441.003662 0.000000 0.958900 0.000000 -0.283746 0.404022 0.404022 0.404022
2370.396484 0.000000 2430.690186 0.000000 0.994777 0.000000 -0.102070 0.422150 0.422150 0.422150
2397.392090 0.000000 2473.501465 0.000000 0.976784 0.000000 -0.214226 0.407990 0.407990 0.407990
2404.045898 0.000000 2490.587402 0.000000 0.998181 0.000000 0.060296 0.399199 0.399199 0.399199
2171.001221 0.000000 2749.051025 0.000000 0.998614 0.000000 -0.052640 0.653714 0.653714 0.653714
2178.822754 0.000000 2745.218018 0.000000 0.980219 0.000000 0.197917 0.523884 0.523884 0.523884
2257.360840 0.000000 2757.410400 0.000000 0.966452 0.000000 0.256849 0.690149 0.690149 0.690149
2185.278076 0.000000 2817.817871 0.000000 0.999540 0.000000 -0.030314 0.511436 0.511436 0.511436
2201.917236 0.000000 2812.500488 0.000000 0.978289 0.000000 -0.207244 0.525228 0.525228 0.525228
2199.191895 0.000000 2813.625000 0.000000 0.964805 0.000000 -0.262965 0.568538 0.568538 0.568538
2262.782471 0.000000 2775.037842 0.000000 0.987704 0.000000 -0.156334 0.522093 0.522093 0.522093
2172.013184 0.000000 2839.083496 0.000000 1.000000 0.000000 0.000778 0.475475 0.475475 0.475475
4227.510742 0.000000 2588.724854 0.000000 0.995107 0.000000 0.098802 0.471669 0.471669 0.471669
4255.826172 0.000000 2606.403564 0.000000 0.977678 0.000000 -0.210111 0.402790 0.402790 0.402790
4266.288574 0.000000 2621.428955 0.000000 0.989342 0.000000 -0.145608 0.450532 0.450532 0.450532
4224.090332 0.000000 2601.576904 0.000000 0.972167 0.000000 -0.234291 0.535825 0.535825 0.535825
4578.900879 0.000000 2541.861572 0.000000 0.977069 0.000000 -0.212924 0.402914 0.402914 0.402914
4588.352051 0.000000 2559.057861 0.000000 0.999750 0.000000 0.022350 0.463321 0.463321 0.463321
4569.283691 0.000000 2563.414551 0.000000 0.974132 0.000000 -0.225980 0.525654 0.525654 0.525654
4564.832520 0.000000 2554.376465 0.000000 0.973623 0.000000 0.228164 0.689903 0.689903 0.689903
4555.616211 0.000000 2571.137939 0.000000 0.964700 0.000000 -0.263353 0.450590 0.450590 0.450590
4564.984863 0.000000 2578.994873 0.000000 0.956272 0.000000 -0.292479 0.489118 0.489118 0.489118
4631.371094 0.000000 2584.810791 0.000000 0.999955 0.000000 -0.009482 0.400132 0.400132 0.400132
4663.060547 0.000000 2639.880859 0.000000 0.955325 0.000000 -0.295558 0.404180 0.404180 0.404180
4700.380371 0.000000 2653.131592 0.000000 0.986683 0.000000 -0.162657 0.695232 0.695232 0.695232
4646.230957 0.000000 2693.294678 0.000000 0.954535 0.000000 0.298099 0.396101 0.396101 0.396101
4655.722656 0.000000 2699.085205 0.000000 0.995693 0.000000 -0.092710 0.401228 0.401228 0.401228
4671.958008 0.000000 2675.664551 0.000000 0.976265 0.000000 0.216581 0.397166 0.397166 0.397166
4686.007324 0.000000 2685.655762 0.000000 0.993962 0.000000 -0.109722 0.426217 0.426217 0.426217
4698.987305 0.000000 2654.854492 0.000000 0.958063 0.000000 0.286558 0.621290 0.621290 0.621290
4685.099609 0.000000 2674.542236 0.000000 0.996931 0.000000 -0.078285 0.536138 0.536138 0.536138
4694.782715 0.000000 2662.069092 0.000000 0.983774 0.000000 0.179414 0.692371 0.692371 0.692371
5014.782715 0.000000 2605.584717 0.000000 0.956372 0.000000 0.292151 0.442982 0.442982 0.442982
5086.961914 0.000000 2599.242676 0.000000 0.992201 0.000000 0.124646 0.486728 0.486728 0.486728
5076.994629 0.000000 2600.833984 0.000000 0.972513 0.000000 -0.232848 0.463999 0.463999 0.463999
5981.392090 0.000000 2247.563965 0.000000 0.961724 0.000000 -0.274019 0.424829 0.424829 0.424829
6073.910645 0.000000 2250.841553 0.000000 0.983188 0.000000 0.182594 0.466206 0.466206 0.466206
6033.939453 0.000000 2244.686279 0.000000 0.969640 0.000000 -0.244537 0.403441 0.403441 0.403441
6121.064941 0.000000 2254.596191 0.000000 0.990938 0.000000 0.134316 0.399086 0.399086 0.399086
5158.535645 0.000000 2571.304932 0.000000 0.993154 0.000000 0.116816 0.405174 0.405174 0.405174
5866.835938 0.000000 2265.381348 0.000000 0.974630 0.000000 -0.223820 0.501681 0.501681 0.501681
5796.045898 0.000000 2377.618652 0.000000 0.998469 0.000000 -0.055321 0.702244 0.702244 0.702244
5785.661133 0.000000 2375.409912 0.000000 0.997300 0.000000 -0.073438 0.478853 0.478853 0.478853
5798.824707 0.000000 2377.581543 0.000000 0.988975 0.000000 0.148082 0.426087 0.426087 0.426087
6016.894531 0.000000 2289.675049 0.000000 0.997850 0.000000 -0.065535 0.403871 0.403871 0.403871
6022.724121 0.000000 2292.882568 0.000000 0.956886 0.000000 -0.290465 0.591359 0.591359 0.591359
6134.816895 0.000000 2260.625732 0.000000 0.998072 0.000000 -0.062069 0.400831 0.400831 0.400831
6086.424805 0.000000 2279.735107 0.000000 0.973649 0.000000 0.228051 0.690813 0.690813 0.690813
6121.656250 0.000000 2299.484863 0.000000 0.986951 0.000000 0.161021 0.412295 0.412295 0.412295
6095.197266 0.000000 2271.007812 0.000000 0.999881 0.000000 -0.015452 0.695676 0.695676 0.695676
6092.457520 0.000000 2311.150879 0.000000 0.995722 0.000000 0.092395 0.428921 0.428921 0.428921
6138.631836 0.000000 2294.511475 0.000000 0.983581 0.000000 0.180469 0.412001 0.412001 0.412001
6087.408691 0.000000 2277.212402 0.000000 0.991765 0.000000 -0.128069 0.483857 0.483857 0.483857
4538.631836 0.000000 2746.386475 0.000000 0.970111 0.000000 0.242661 0.461212 0.461212 0.461212
4541.125000 0.000000 2763.729248 0.000000 0.957865 0.000000 0.287219 0.688290 0.688290 0.688290
4552.407715 0.000000 2719.062256 0.000000 0.998194 0.000000 -0.060066 0.460877 0.460877 0.460877
4605.292480 0.000000 2723.809082 0.000000 0.956754 0.000000 -0.290898 0.459073 0.459073 0.459073
4578.932617 0.000000 2765.326904 0.000000 0.956504 0.000000 0.291719 0.396009 0.396009 0.396009
4597.994141 0.000000 2732.536133 0.000000 0.995026 0.000000 0.099617 0.673890 0.673890 0.673890
4576.618164 0.000000 2714.615723 0.000000 0.983572 0.000000 -0.180518 0.423361 0.423361 0.423361
4556.721191 0.000000 2749.574951 0.000000 0.967761 0.000000 0.251869 0.658799 0.658799 0.658799
4557.506836 0.000000 2803.548828 0.000000 0.999904 0.000000 -0.013894 0.418838 0.418838 0.418838
4559.671387 0.000000 2769.263428 0.000000 0.984074 0.000000 0.177759 0.497270 0.497270 0.497270
4550.395508 0.000000 2797.790039 0.000000 0.989949 0.000000 -0.141424 0.609027 0.609027 0.609027
4556.112305 0.000000 2839.125488 0.000000 0.980814 0.000000 -0.194947 0.560784 0.560784 0.560784
4292.047852 0.000000 3058.506348 0.000000 0.999557 0.000000 -0.029755 0.458370 0.458370 0.458370
4300.112305 0.000000 3065.062988 0.000000 0.973776 0.000000 0.227510 0.561695 0.561695 0.561695
4309.934570 0.000000 3104.968262 0.000000 0.997334 0.000000 0.072976 0.696815 0.696815 0.696815
4321.062500 0.000000 3102.230225 0.000000 0.999999 0.000000 -0.001535 0.495129 0.495129 0.495129
4323.765137 0.000000 3132.487793 0.000000 0.999855 0.000000 -0.017033 0.676095 0.676095 0.676095
4311.491699 0.000000 3107.272217 0.000000 0.995323 0.000000 0.096604 0.463920 0.463920 0.463920
4326.889160 0.000000 3130.080322 0.000000 0.987317 0.000000 -0.158762 0.415103 0.415103 0.415103
4322.857422 0.000000 3135.769531 0.000000 0.981302 0.000000 -0.192472 0.604552 0.604552 0.604552
4353.451172 0.000000 3118.816162 0.000000 0.957183 0.000000 0.289485 0.396246 0.396246 0.396246
4589.311035 0.000000 3140.990479 0.000000 0.957475 0.000000 0.288517 0.448814 0.448814 0.448814
4618.351562 0.000000 2732.128906 0.000000 0.984623 0.000000 -0.174695 0.402429 0.402429 0.402429
4648.763184 0.000000 2726.372070 0.000000 0.994327 0.000000 -0.106366 0.602064 0.602064 0.602064
4648.974609 0.000000 2722.771484 0.000000 0.990058 0.000000 -0.140657 0.581225 0.581225 0.581225
4620.457520 0.000000 2763.025879 0.000000 0.955271 0.000000 -0.295733 0.455160 0.455160 0.455160
4633.661133 0.000000 2714.316162 0.000000 0.979174 0.000000 0.203023 0.413594 0.413594 0.413594
4646.337891 0.000000 2724.986084 0.000000 0.963866 0.000000 0.266388 0.688031 0.688031 0.688031
4666.637207 0.000000 2738.183594 0.000000 0.971038 0.000000 -0.238927 0.482052 0.482052 0.482052
4614.395508 0.000000 2741.305664 0.000000 0.970347 0.000000 0.241716 0.470868 0.470868 0.470868
4610.822754 0.000000 2745.218018 0.000000 0.993612 0.000000 0.112849 0.529738 0.529738 0.529738
4630.478027 0.000000 2802.627686 0.000000 0.953529 0.000000 -0.301302 0.403973 0.403973 0.403973
4638.530273 0.000000 2791.194336 0.000000 0.957201 0.000000 0.289422 0.395968 0.395968 0.395968
4630.782715 0.000000 2775.037842 0.000000 0.995224 0.000000 0.097616 0.567057 0.567057 0.567057
4624.716797 0.000000 2799.832275 0.000000 0.980126 0.000000 0.198374 0.550894 0.550894 0.550894
4683.929688 0.000000 2779.740234 0.000000 0.951360 0.000000 -0.308081 0.404175 0.404175 0.404175
4693.502930 0.000000 2816.053467 0.000000 0.987412 0.000000 -0.158167 0.411134 0.411134 0.411134
4662.173828 0.000000 2830.403076 0.000000 0.992086 0.000000 -0.125563 0.401704 0.401704 0.401704
4620.526855 0.000000 2903.749023 0.000000 0.983267 0.000000 -0.182169 0.413471 0.413471 0.413471
4747.616211 0.000000 2853.559814 0.000000 0.999233 0.000000 0.039152 0.638935 0.638935 0.638935
4752.716797 0.000000 2856.316650 0.000000 0.999607 0.000000 -0.028037 0.550687 0.550687 0.550687
4775.299805 0.000000 2927.082520 0.000000 0.974137 0.000000 0.225958 0.565584 0.565584 0.565584
4769.491699 0.000000 2886.598389 0.000000 0.998777 0.000000 0.049438 0.425697 0.425697 0.425697
4875.406250 0.000000 2800.805176 0.000000 0.995951 0.000000 0.089897 0.398741 0.398741 0.398741
4866.822754 0.000000 2801.702393 0.000000 0.967530 0.000000 -0.252757 0.622353 0.622353 0.622353
5001.604492 0.000000 2795.188721 0.000000 0.999999 0.000000 -0.001060 0.481393 0.481393 0.481393
4998.395508 0.000000 2797.790039 0.000000 0.998790 0.000000 -0.049172 0.425274 0.425274 0.425274
4884.569336 0.000000 2829.605225 0.000000 0.965247 0.000000 -0.261340 0.403446 0.403446 0.403446
4940.112305 0.000000 2839.125488 0.000000 0.952156 0.000000 0.305613 0.658757 0.658757 0.658757
4945.360840 0.000000 2870.379150 0.000000 0.997234 0.000000 -0.074323 0.702906 0.702906 0.702906
4942.604980 0.000000 2871.795654 0.000000 0.978868 0.000000 -0.204494 0.608893 0.608893 0.608893
4938.564941 0.000000 2826.767578 0.000000 0.999442 0.000000 -0.033399 0.701322 0.701322 0.701322
4984.639160 0.000000 2829.191162 0.000000 0.976301 0.000000 -0.216417 0.439827 0.439827 0.439827
4886.782715 0.000000 2888.006592 0.000000 0.991558 0.000000 -0.129663 0.507639 0.507639 0.507639
4938.564941 0.000000 2883.251953 0.000000 0.999586 0.000000 -0.028758 0.701133 0.701133 0.701133
4612.032715 0.000000 3025.283447 0.000000 0.962040 0.000000 -0.272909 0.474728 0.474728 0.474728
4765.422852 0.000000 2975.739258 0.000000 0.994517 0.000000 -0.104572 0.408374 0.408374 0.408374
4775.591309 0.000000 2979.023438 0.000000 0.971327 0.000000 0.237748 0.440085 0.440085 0.440085
4841.676758 0.000000 2955.254395 0.000000 0.961139 0.000000 -0.276065 0.412892 0.412892 0.412892
4783.868652 0.000000 3042.082764 0.000000 0.984421 0.000000 0.175829 0.693066 0.693066 0.693066
4815.130859 0.000000 3033.043701 0.000000 0.977560 0.000000 0.210657 0.397276 0.397276 0.397276
4808.407715 0.000000 3001.484131 0.000000 0.993737 0.000000 0.111745 0.398546 0.398546 0.398546
4821.668945 0.000000 3003.460693 0.000000 0.974236 0.000000 0.225533 0.396933 0.396933 0.396933
4669.125000 0.000000 3102.635498 0.000000 0.998274 0.000000 0.058733 0.515378 0.515378 0.515378
4618.072266 0.000000 3162.812744 0.000000 0.980421 0.000000 -0.196910 0.417661 0.417661 0.417661
4703.453613 0.000000 3123.370850 0.000000 0.991962 0.000000 -0.126534 0.401628 0.401628 0.401628
4710.889160 0.000000 3130.080322 0.000000 0.999638 0.000000 -0.026915 0.400367 0.400367 0.400367
4723.759277 0.000000 3138.005371 0.000000 0.957063 0.000000 0.289879 0.433409 0.433409 0.433409
4851.759277 0.000000 3081.520996 0.000000 0.962584 0.000000 -0.270984 0.416803 0.416803 0.416803
4848.580566 0.000000 3080.596924 0.000000 0.999911 0.000000 -0.013309 0.412942 0.412942 0.412942
4836.575195 0.000000 3052.545166 0.000000 0.986506 0.000000 -0.163723 0.450845 0.450845 0.450845
4911.447754 0.000000 2949.873291 0.000000 0.991102 0.000000 -0.133108 0.513653 0.513653 0.513653
4943.272949 0.000000 2959.105957 0.000000 0.999811 0.000000 -0.019446 0.400252 0.400252 0.400252
4991.586426 0.000000 2990.622070 0.000000 0.977597 0.000000 -0.210487 0.402796 0.402796 0.402796
4884.569336 0.000000 2999.058350 0.000000 0.976119 0.000000 0.217234 0.397168 0.397168 0.397168
4896.449219 0.000000 3019.667236 0.000000 0.995270 0.000000 -0.097151 0.416157 0.416157 0.416157
5002.072266 0.000000 3106.328369 0.000000 0.979419 0.000000 0.201839 0.405868 0.405868 0.405868
4329.563477 0.000000 3189.615967 0.000000 0.974979 0.000000 0.222297 0.397101 0.397101 0.397101
4307.007324 0.000000 3181.203369 0.000000 0.995224 0.000000 0.097617 0.446371 0.446371 0.446371
4339.213867 0.000000 3209.382324 0.000000 0.956343 0.000000 -0.292246 0.405152 0.405152 0.405152
4304.939453 0.000000 3179.053711 0.000000 0.981818 0.000000 0.189825 0.475743 0.475743 0.475743
4321.491699 0.000000 3169.020264 0.000000 0.961458 0.000000 0.274952 0.600631 0.600631 0.600631
4389.432617 0.000000 3174.152100 0.000000 0.999857 0.000000 -0.016940 0.405144 0.405144 0.405144
4408.315430 0.000000 3200.134033 0.000000 0.993451 0.000000 0.114259 0.420785 0.420785 0.420785
4367.831543 0.000000 3167.296875 0.000000 0.961283 0.000000 0.275562 0.447125 0.447125 0.447125
4365.506836 0.000000 3198.939453 0.000000 0.969661 0.000000 0.244453 0.403301 0.403301 0.403301
4403.634277 0.000000 3205.852783 0.000000 0.999983 0.000000 0.005867 0.399919 0.399919 0.399919
4380.431641 0.000000 3170.632812 0.000000 0.994284 0.000000 -0.106770 0.432093 0.432093 0.432093
4385.448730 0.000000 3186.421875 0.000000 0.974097 0.000000 -0.226132 0.443969 0.443969 0.443969
4408.473633 0.000000 3171.255859 0.000000 0.994086 0.000000 -0.108600 0.596191 0.596191 0.596191
4368.716797 0.000000 3195.222900 0.000000 0.991705 0.000000 0.128533 0.426398 0.426398 0.426398
4416.254883 0.000000 3210.265869 0.000000 0.997206 0.000000 -0.074706 0.400993 0.400993 0.400993
4403.456055 0.000000 3269.897705 0.000000 0.982349 0.000000 -0.187057 0.402527 0.402527 0.402527
4413.248047 0.000000 3265.611328 0.000000 0.996518 0.000000 -0.083377 0.703370 0.703370 0.703370
4445.237305 0.000000 3253.131592 0.000000 0.977057 0.000000 -0.212979 0.405985 0.405985 0.405985
4452.759766 0.000000 3240.985596 0.000000 0.982458 0.000000 -0.186482 0.707113 0.707113 0.707113
4474.637207 0.000000 3246.542969 0.000000 0.969775 0.000000 0.244003 0.497788 0.497788 0.497788
4436.832520 0.000000 3232.188965 0.000000 0.998991 0.000000 -0.044900 0.701833 0.701833 0.701833
4477.738281 0.000000 3247.858643 0.000000 0.981139 0.000000 -0.193304 0.501042 0.501042 0.501042
4488.407715 0.000000 3227.421631 0.000000 0.952015 0.000000 0.306051 0.395978 0.395978 0.395978
4531.634277 0.000000 3262.337158 0.000000 0.999351 0.000000 0.036012 0.416125 0.416125 0.416125
4480.894531 0.000000 3249.909424 0.000000 0.993599 0.000000 0.112963 0.398423 0.398423 0.398423
4492.112305 0.000000 3234.516113 0.000000 0.998470 0.000000 -0.055299 0.480475 0.480475 0.480475
4530.798340 0.000000 3256.290527 0.000000 0.999641 0.000000 0.026782 0.431924 0.431924 0.431924
4503.068359 0.000000 3224.120605 0.000000 0.993228 0.000000 0.116181 0.695116 0.695116 0.695116
4503.408203 0.000000 3231.447510 0.000000 0.977124 0.000000 -0.212669 0.647098 0.647098 0.647098
4487.408691 0.000000 3237.446777 0.000000 0.953507 0.000000 -0.301370 0.483289 0.483289 0.483289
4563.007324 0.000000 3237.687744 0.000000 0.987215 0.000000 -0.159392 0.402134 0.402134 0.402134
4413.524414 0.000000 3293.163574 0.000000 0.997200 0.000000 0.074778 0.657258 0.657258 0.657258
4410.637207 0.000000 3303.027344 0.000000 0.997802 0.000000 0.066261 0.682878 0.682878 0.682878
4467.213867 0.000000 3322.351074 0.000000 0.959675 0.000000 0.281113 0.396973 0.396973 0.396973
4425.604492 0.000000 3303.548096 0.000000 0.973074 0.000000 -0.230495 0.635675 0.635675 0.635675
4430.604980 0.000000 3323.670654 0.000000 1.000000 0.000000 -0.000197 0.700009 0.700009 0.700009
4427.616211 0.000000 3305.434814 0.000000 0.992001 0.000000 -0.126227 0.705530 0.705530 0.705530
4418.822754 0.000000 3310.061768 0.000000 0.999430 0.000000 -0.033769 0.570489 0.570489 0.570489
4508.793945 0.000000 3278.935547 0.000000 0.973726 0.000000 0.227723 0.397063 0.397063 0.397063
4498.127930 0.000000 3289.369873 0.000000 0.952469 0.000000 -0.304635 0.403988 0.403988 0.403988
4488.407715 0.000000 3283.906006 0.000000 0.999999 0.000000 -0.001603 0.400021 0.400021 0.400021
4494.873047 0.000000 3284.140869 0.000000 0.986446 0.000000 0.164088 0.397728 0.397728 0.397728
4491.929688 0.000000 3288.099609 0.000000 0.986580 0.000000 -0.163282 0.402211 0.402211 0.402211
4514.932617 0.000000 3330.170654 0.000000 0.996674 0.000000 -0.081497 0.401128 0.401128 0.401128
4511.334473 0.000000 3317.079102 0.000000 0.952844 0.000000 -0.303461 0.593741 0.593741 0.593741
4495.197266 0.000000 3287.726562 0.000000 0.962101 0.000000 -0.272692 0.516719 0.516719 0.516719
4510.952637 0.000000 3295.605957 0.000000 0.967540 0.000000 0.252717 0.491828 0.491828 0.491828
4569.505859 0.000000 3329.865479 0.000000 0.983471 0.000000 0.181064 0.413930 0.413930 0.413930
4556.526855 0.000000 3299.139648 0.000000 0.996730 0.000000 0.080800 0.462260 0.462260 0.462260
4551.408691 0.000000 3293.931152 0.000000 0.952145 0.000000 0.305646 0.565324 0.565324 0.565324
4529.519043 0.000000 3338.907715 0.000000 0.995947 0.000000 0.089941 0.398831 0.398831 0.398831
4551.671387 0.000000 3357.434570 0.000000 0.999559 0.000000 0.029693 0.399601 0.399601 0.399601
4580.620605 0.000000 3379.286621 0.000000 0.999207 0.000000 -0.039804 0.400549 0.400549 0.400549
4572.947754 0.000000 3362.649902 0.000000 0.951677 0.000000 -0.307102 0.543588 0.543588 0.543588
4668.013184 0.000000 3177.989746 0.000000 0.974578 0.000000 -0.224049 0.487737 0.487737 0.487737
4664.473633 0.000000 3171.255859 0.000000 0.986169 0.000000 0.165743 0.435503 0.435503 0.435503
4776.832520 0.000000 3166.626221 0.000000 0.960013 0.000000 -0.279956 0.403684 0.403684 0.403684
4781.434082 0.000000 3192.854248 0.000000 0.992842 0.000000 0.119434 0.412921 0.412921 0.412921
4787.759277 0.000000 3194.489746 0.000000 0.994950 0.000000 -0.100376 0.703980 0.703980 0.703980
4833.947754 0.000000 3212.598633 0.000000 0.990395 0.000000 0.138267 0.399029 0.399029 0.399029
4847.537109 0.000000 3190.253418 0.000000 0.997022 0.000000 0.077120 0.458426 0.458426 0.458426
4817.722656 0.000000 3215.302246 0.000000 0.998973 0.000000 -0.045309 0.690885 0.690885 0.690885
4806.057129 0.000000 3208.062744 0.000000 0.997849 0.000000 0.065561 0.513277 0.513277 0.513277
4812.083496 0.000000 3208.638916 0.000000 0.975140 0.000000 -0.221589 0.471756 0.471756 0.471756
4825.283691 0.000000 3184.742676 0.000000 0.975763 0.000000 0.218830 0.428817 0.428817 0.428817
4844.127930 0.000000 3190.566406 0.000000 0.998796 0.000000 0.049067 0.496054 0.496054 0.496054
4777.385742 0.000000 3252.527588 0.000000 0.971082 0.000000 -0.238745 0.403166 0.403166 0.403166
4822.628418 0.000000 3249.636475 0.000000 0.997956 0.000000 -0.063906 0.433378 0.433378 0.433378
4823.836426 0.000000 3270.222168 0.000000 0.999808 0.000000 -0.019569 0.576010 0.576010 0.576010
4860.832520 0.000000 3251.931152 0.000000 0.986395 0.000000 0.164391 0.406422 0.406422 0.406422
4809.084961 0.000000 3230.427246 0.000000 0.967824 0.000000 -0.251629 0.412523 0.412523 0.412523
4844.194824 0.000000 3231.686768 0.000000 0.998247 0.000000 -0.059193 0.559332 0.559332 0.559332
4819.991699 0.000000 3252.836914 0.000000 0.958964 0.000000 0.283526 0.452750 0.452750 0.452750
4838.581055 0.000000 3254.733887 0.000000 0.999340 0.000000 -0.036317 0.621694 0.621694 0.621694
4847.447754 0.000000 3232.295166 0.000000 0.978683 0.000000 -0.205375 0.708025 0.708025 0.708025
4800.090332 0.000000 3222.905029 0.000000 0.971911 0.000000 0.235350 0.432406 0.432406 0.432406
4815.671387 0.000000 3221.138428 0.000000 0.998363 0.000000 0.057190 0.697450 0.697450 0.697450
4860.013184 0.000000 3234.474121 0.000000 0.967308 0.000000 0.253605 0.551398 0.551398 0.551398
4666.368164 0.000000 3328.019775 0.000000 0.998239 0.000000 0.059327 0.399229 0.399229 0.399229
4630.478027 0.000000 3310.987061 0.000000 0.998605 0.000000 -0.052809 0.400688 0.400688 0.400688
4661.519043 0.000000 3302.719238 0.000000 0.999408 0.000000 0.034410 0.698529 0.698529 0.698529
4666.637207 0.000000 3303.027344 0.000000 0.988297 0.000000 -0.152545 0.705968 0.705968 0.705968
4723.634277 0.000000 3318.821533 0.000000 0.989783 0.000000 -0.142582 0.430689 0.430689 0.430689
4697.661133 0.000000 3279.159912 0.000000 0.952289 0.000000 -0.305197 0.511431 0.511431 0.511431
4731.100586 0.000000 3286.186523 0.000000 0.975094 0.000000 -0.221790 0.503631 0.503631 0.503631
4730.462402 0.000000 3293.163818 0.000000 0.980251 0.000000 -0.197756 0.497157 0.497157 0.497157
4691.991699 0.000000 3309.321289 0.000000 0.970596 0.000000 -0.240714 0.414349 0.414349 0.414349
4686.604980 0.000000 3323.670654 0.000000 0.993675 0.000000 -0.112291 0.479597 0.479597 0.479597
4693.235840 0.000000 3295.954834 0.000000 0.998454 0.000000 0.055590 0.568156 0.568156 0.568156
4692.832520 0.000000 3288.673340 0.000000 0.962889 0.000000 -0.269898 0.510655 0.510655 0.510655
4682.564941 0.000000 3278.642578 0.000000 0.980220 0.000000 0.197909 0.506504 0.506504 0.506504
4711.591309 0.000000 3317.929688 0.000000 0.988633 0.000000 -0.150346 0.670903 0.670903 0.670903
4635.932617 0.000000 3352.847656 0.000000 0.952042 0.000000 -0.305968 0.405354 0.405354 0.405354
4625.722656 0.000000 3384.755371 0.000000 0.992238 0.000000 0.124350 0.502278 0.502278 0.502278
4644.759766 0.000000 3353.954346 0.000000 0.998424 0.000000 -0.056122 0.539559 0.539559 0.539559
4616.614258 0.000000 3346.106934 0.000000 0.996736 0.000000 0.080729 0.503201 0.503201 0.503201
4620.375000 0.000000 3387.245850 0.000000 0.991992 0.000000 0.126300 0.430323 0.430323 0.430323
4719.537109 0.000000 3359.706543 0.000000 0.999984 0.000000 -0.005636 0.436366 0.436366 0.436366
4688.939453 0.000000 3348.506836 0.000000 0.999947 0.000000 0.010301 0.418471 0.418471 0.418471
4686.979980 0.000000 3357.418213 0.000000 0.997897 0.000000 -0.064821 0.447176 0.447176 0.447176
4695.068359 0.000000 3337.089355 0.000000 0.999636 0.000000 -0.026983 0.432786 0.432786 0.432786
4687.671387 0.000000 3334.107178 0.000000 0.971885 0.000000 0.235455 0.599913 0.599913 0.599913
4742.507812 0.000000 3328.184814 0.000000 0.968992 0.000000 0.247093 0.410983 0.410983 0.410983
4742.395508 0.000000 3306.149414 0.000000 0.990819 0.000000 -0.135196 0.491915 0.491915 0.491915
4807.671387 0.000000 3300.950195 0.000000 0.997367 0.000000 0.072523 0.399040 0.399040 0.399040
4832.032227 0.000000 3313.031738 0.000000 0.957149 0.000000 0.289597 0.396142 0.396142 0.396142
4854.816895 0.000000 3277.344482 0.000000 0.999291 0.000000 0.037644 0.399498 0.399498 0.399498
4828.431641 0.000000 3283.601562 0.000000 0.997967 0.000000 0.063736 0.400083 0.400083 0.400083
4803.510742 0.000000 3323.021729 0.000000 0.951399 0.000000 -0.307960 0.461387 0.461387 0.461387
4820.832520 0.000000 3288.673340 0.000000 0.963736 0.000000 -0.266858 0.426710 0.426710 0.426710
4747.486816 0.000000 3341.137695 0.000000 0.983630 0.000000 0.180198 0.518495 0.518495 0.518495
4744.667480 0.000000 3337.357422 0.000000 0.998599 0.000000 -0.052919 0.565082 0.565082 0.565082
4765.422852 0.000000 3371.129883 0.000000 0.999102 0.000000 0.042366 0.414074 0.414074 0.414074
4760.795410 0.000000 3360.490234 0.000000 0.998357 0.000000 0.057307 0.421666 0.421666 0.421666
4772.575195 0.000000 3334.967041 0.000000 0.999509 0.000000 0.031348 0.623544 0.623544 0.623544
4756.832520 0.000000 3345.157715 0.000000 0.952571 0.000000 0.304315 0.639764 0.639764 0.639764
4812.112305 0.000000 3347.484863 0.000000 0.977049 0.000000 -0.213015 0.413932 0.413932 0.413932
4871.408691 0.000000 3237.446777 0.000000 0.992149 0.000000 0.125064 0.694883 0.694883 0.694883
4981.994141 0.000000 3297.379883 0.000000 0.991765 0.000000 0.128071 0.398205 0.398205 0.398205
4986.637207 0.000000 3303.027344 0.000000 0.965873 0.000000 0.259016 0.460904 0.460904 0.460904
4922.462402 0.000000 3349.648193 0.000000 0.959307 0.000000 -0.282366 0.414982 0.414982 0.414982
4900.759766 0.000000 3353.954346 0.000000 0.951434 0.000000 0.307854 0.498315 0.498315 0.498315
4871.213379 0.000000 3370.778076 0.000000 0.977728 0.000000 0.209875 0.421227 0.421227 0.421227
4864.090332 0.000000 3335.873779 0.000000 0.974380 0.000000 0.224909 0.502055 0.502055 0.502055
4879.671387 0.000000 3334.107178 0.000000 0.999060 0.000000 -0.043356 0.429116 0.429116 0.429116
4931.837402 0.000000 3356.140137 0.000000 0.968783 0.000000 -0.247910 0.403402 0.403402 0.403402
4976.746582 0.000000 3335.815674 0.000000 0.965012 0.000000 -0.262204 0.532486 0.532486 0.532486
4950.782715 0.000000 3339.881592 0.000000 0.992916 0.000000 0.118817 0.630542 0.630542 0.630542
4951.068359 0.000000 3337.089355 0.000000 0.967296 0.000000 0.253651 0.476411 0.476411 0.476411
4935.408691 0.000000 3350.415527 0.000000 0.996966 0.000000 0.077836 0.670778 0.670778 0.670778
4994.822754 0.000000 3310.061768 0.000000 0.953026 0.000000 -0.302889 0.575628 0.575628 0.575628
4666.462402 0.000000 3406.132568 0.000000 0.958088 0.000000 0.286473 0.402672 0.402672 0.402672
4655.447754 0.000000 3401.748291 0.000000 0.997238 0.000000 -0.074269 0.435515 0.435515 0.435515
4710.230957 0.000000 3427.591553 0.000000 0.997932 0.000000 -0.064279 0.400825 0.400825 0.400825
4702.961914 0.000000 3390.023926 0.000000 0.991024 0.000000 -0.133680 0.478029 0.478029 0.478029
5417.563477 0.000000 2850.709717 0.000000 0.981042 0.000000 0.193797 0.405987 0.405987 0.405987
5420.083496 0.000000 2844.279785 0.000000 0.985516 0.000000 0.169585 0.478075 0.478075 0.478075
5421.311035 0.000000 2858.568604 0.000000 0.978853 0.000000 -0.204565 0.483369 0.483369 0.483369
5405.392090 0.000000 2868.892090 0.000000 0.999893 0.000000 -0.014634 0.416887 0.416887 0.416887
5420.412598 0.000000 2922.976807 0.000000 0.979798 0.000000 0.199989 0.402022 0.402022 0.402022
5412.029297 0.000000 2899.255859 0.000000 0.974382 0.000000 -0.224899 0.469827 0.469827 0.469827
5437.524414 0.000000 2954.257324 0.000000 0.978568 0.000000 0.205926 0.569977 0.569977 0.569977
5418.835938 0.000000 2943.193848 0.000000 0.998842 0.000000 -0.048102 0.405590 0.405590 0.405590
5420.194824 0.000000 2949.264893 0.000000 0.991915 0.000000 -0.126906 0.477900 0.477900 0.477900
5423.447754 0.000000 2949.873291 0.000000 0.977057 0.000000 0.212979 0.471427 0.471427 0.471427
5432.065918 0.000000 3019.034424 0.000000 0.985317 0.000000 -0.170734 0.464850 0.464850 0.464850
5429.013672 0.000000 3028.318115 0.000000 0.999500 0.000000 0.031620 0.429889 0.429889 0.429889
5414.337891 0.000000 3007.407959 0.000000 0.999127 0.000000 -0.041767 0.525451 0.525451 0.525451
5397.705078 0.000000 3077.023926 0.000000 0.997499 0.000000 0.070683 0.399096 0.399096 0.399096
5413.982422 0.000000 3100.417969 0.000000 0.992799 0.000000 0.119794 0.398453 0.398453 0.398453
5393.360840 0.000000 3096.316650 0.000000 0.999987 0.000000 0.005176 0.459712 0.459712 0.459712
5446.424805 0.000000 3070.516357 0.000000 0.975346 0.000000 0.220682 0.532988 0.532988 0.532988
5420.662598 0.000000 3157.220703 0.000000 0.999994 0.000000 0.003358 0.399956 0.399956 0.399956
5418.009766 0.000000 3161.577393 0.000000 0.987140 0.000000 -0.159861 0.402180 0.402180 0.402180
5414.535645 0.000000 3136.148682 0.000000 0.970239 0.000000 -0.242150 0.403309 0.403309 0.403309
5394.230469 0.000000 3144.676270 0.000000 0.982113 0.000000 -0.188292 0.402639 0.402639 0.402639
5445.119141 0.000000 3123.074951 0.000000 0.983393 0.000000 -0.181487 0.510731 0.510731 0.510731
5468.380371 0.000000 3161.490967 0.000000 0.989559 0.000000 0.144126 0.412550 0.412550 0.412550
5456.244141 0.000000 3135.838379 0.000000 0.999825 0.000000 -0.018683 0.469954 0.469954 0.469954
5454.979980 0.000000 3131.480713 0.000000 0.989986 0.000000 0.141163 0.432025 0.432025 0.432025
5462.782715 0.000000 3113.944092 0.000000 0.981796 0.000000 0.189936 0.448651 0.448651 0.448651
5378.500488 0.000000 3182.869141 0.000000 0.999897 0.000000 -0.014375 0.400187 0.400187 0.400187
5387.486816 0.000000 3171.684570 0.000000 0.991198 0.000000 0.132384 0.694269 0.694269 0.694269
5396.994629 0.000000 3165.677734 0.000000 0.987137 0.000000 -0.159875 0.583732 0.583732 0.583732
5406.608887 0.000000 3168.664551 0.000000 0.981053 0.000000 -0.193741 0.477194 0.477194 0.477194
5409.491699 0.000000 3169.020264 0.000000 0.992680 0.000000 0.120772 0.504297 0.504297 0.504297
5461.705078 0.000000 3189.992676 0.000000 0.992039 0.000000 0.125928 0.476986 0.476986 0.476986
5459.007324 0.000000 3181.203369 0.000000 0.999485 0.000000 -0.032090 0.400428 0.400428 0.400428
5461.668945 0.000000 3172.913818 0.000000 0.983234 0.000000 -0.182346 0.411491 0.411491 0.411491
5469.530273 0.000000 3190.417480 0.000000 0.996785 0.000000 -0.080123 0.417872 0.417872 0.417872
5465.681152 0.000000 3196.902588 0.000000 0.962236 0.000000 0.272217 0.535571 0.535571 0.535571
5455.671387 0.000000 3164.654053 0.000000 0.966907 0.000000 -0.255127 0.711474 0.711474 0.711474
5431.107910 0.000000 3264.810791 0.000000 0.987496 0.000000 -0.157642 0.402079 0.402079 0.402079
5449.203613 0.000000 3255.310059 0.000000 0.986665 0.000000 -0.162766 0.402188 0.402188 0.402188
5501.212891 0.000000 3245.001221 0.000000 0.987652 0.000000 -0.156664 0.402097 0.402097 0.402097
5524.968750 0.000000 3271.734375 0.000000 0.953662 0.000000 0.300881 0.395865 0.395865 0.395865
5507.837402 0.000000 3243.171387 0.000000 0.998378 0.000000 0.056928 0.399226 0.399226 0.399226
5527.371094 0.000000 3262.623291 0.000000 0.962984 0.000000 -0.269559 0.430742 0.430742 0.430742
5525.502930 0.000000 3267.928467 0.000000 0.992162 0.000000 -0.124957 0.420526 0.420526 0.420526
5533.392090 0.000000 3264.282715 0.000000 0.986789 0.000000 -0.162013 0.405249 0.405249 0.405249
5492.365234 0.000000 3315.360107 0.000000 0.999394 0.000000 -0.034822 0.400459 0.400459 0.400459
5472.426758 0.000000 3288.531494 0.000000 0.995532 0.000000 0.094429 0.409397 0.409397 0.409397
5446.424805 0.000000 3296.453857 0.000000 0.993120 0.000000 0.117104 0.398400 0.398400 0.398400
5469.958984 0.000000 3286.294189 0.000000 0.962146 0.000000 0.272534 0.420224 0.420224 0.420224
5556.365234 0.000000 3315.360107 0.000000 0.996703 0.000000 -0.081132 0.469141 0.469141 0.469141
5562.631836 0.000000 3311.230225 0.000000 0.953582 0.000000 0.301134 0.483126 0.483126 0.483126
5552.746582 0.000000 3279.331299 0.000000 0.961547 0.000000 0.274639 0.425968 0.425968 0.425968
5605.982422 0.000000 3326.355469 0.000000 0.990831 0.000000 -0.135109 0.401793 0.401793 0.401793
5609.967773 0.000000 3305.911621 0.000000 0.995813 0.000000 0.091410 0.426987 0.426987 0.426987
5571.820801 0.000000 3289.899170 0.000000 0.996925 0.000000 -0.078365 0.415875 0.415875 0.415875
5617.519043 0.000000 3338.907715 0.000000 0.971846 0.000000 -0.235615 0.426212 0.426212 0.426212
5582.953125 0.000000 3386.549805 0.000000 0.964238 0.000000 -0.265039 0.403656 0.403656 0.403656
5593.681152 0.000000 3366.355713 0.000000 0.998318 0.000000 0.057975 0.406026 0.406026 0.406026
5629.032715 0.000000 3354.766113 0.000000 0.952542 0.000000 0.304407 0.427395 0.427395 0.427395
5588.569336 0.000000 3394.448975 0.000000 0.997052 0.000000 0.076724 0.399007 0.399007 0.399007
5727.758301 0.000000 3362.737793 0.000000 0.986246 0.000000 0.165282 0.397844 0.397844 0.397844
5732.276367 0.000000 3365.824951 0.000000 0.973112 0.000000 -0.230332 0.621661 0.621661 0.621661
5734.581055 0.000000 3367.702637 0.000000 0.996914 0.000000 0.078505 0.585089 0.585089 0.585089
5712.244141 0.000000 3361.775879 0.000000 0.991909 0.000000 0.126948 0.525526 0.525526 0.525526
5772.721191 0.000000 3314.418701 0.000000 0.985442 0.000000 0.170013 0.431554 0.431554 0.431554
5830.395508 0.000000 3306.149414 0.000000 0.983938 0.000000 0.178510 0.485643 0.485643 0.485643
5708.457520 0.000000 3440.838379 0.000000 0.998324 0.000000 -0.057867 0.578999 0.578999 0.578999
5699.510742 0.000000 3435.990479 0.000000 0.999904 0.000000 0.013888 0.624082 0.624082 0.624082
5689.910645 0.000000 3493.497803 0.000000 0.988054 0.000000 0.154107 0.397860 0.397860 0.397860
5705.084961 0.000000 3456.364746 0.000000 0.962576 0.000000 -0.271011 0.538700 0.538700 0.538700
5708.721191 0.000000 3483.871826 0.000000 0.988025 0.000000 -0.154292 0.563723 0.563723 0.563723
5862.469727 0.000000 3415.656494 0.000000 0.953577 0.000000 -0.301148 0.497309 0.497309 0.497309
5786.074219 0.000000 3476.063232 0.000000 0.999090 0.000000 0.042644 0.406247 0.406247 0.406247
5769.641113 0.000000 3498.734619 0.000000 0.986850 0.000000 -0.161636 0.402148 0.402148 0.402148
5778.283691 0.000000 3446.679688 0.000000 0.999436 0.000000 -0.033586 0.615711 0.615711 0.615711
5785.681152 0.000000 3479.324463 0.000000 0.996111 0.000000 -0.088109 0.483080 0.483080 0.483080
5793.062500 0.000000 3497.620850 0.000000 0.986772 0.000000 -0.162117 0.706687 0.706687 0.706687
5804.127930 0.000000 3472.988281 0.000000 0.998977 0.000000 0.045227 0.698079 0.698079 0.698079
5872.746582 0.000000 3448.784424 0.000000 0.980351 0.000000 0.197261 0.564426 0.564426 0.564426
5840.186523 0.000000 3464.698242 0.000000 0.989768 0.000000 0.142689 0.501888 0.501888 0.501888
5877.566895 0.000000 3458.009033 0.000000 0.997030 0.000000 0.077010 0.696107 0.696107 0.696107
5660.431641 0.000000 3509.539062 0.000000 0.965633 0.000000 -0.259910 0.709971 0.709971 0.709971
5732.029297 0.000000 3520.583984 0.000000 0.984682 0.000000 -0.174358 0.516536 0.516536 0.516536
5707.616211 0.000000 3531.372314 0.000000 0.977148 0.000000 0.212559 0.533184 0.533184 0.533184
5713.260254 0.000000 3584.972656 0.000000 0.981416 0.000000 0.191894 0.397349 0.397349 0.397349
5700.755371 0.000000 3586.388184 0.000000 0.975686 0.000000 -0.219173 0.469720 0.469720 0.469720
5708.526855 0.000000 3581.561523 0.000000 0.990191 0.000000 0.139721 0.461186 0.461186 0.461186
5702.395508 0.000000 3588.571289 0.000000 0.998382 0.000000 0.056869 0.458788 0.458788 0.458788
5770.564941 0.000000 3504.580078 0.000000 0.996414 0.000000 -0.084614 0.512605 0.512605 0.512605
5807.447754 0.000000 3514.717041 0.000000 0.969586 0.000000 0.244749 0.468882 0.468882 0.468882
5775.671387 0.000000 3503.560303 0.000000 0.966938 0.000000 0.255011 0.499474 0.499474 0.499474
5865.656250 0.000000 3542.141113 0.000000 0.992977 0.000000 0.118304 0.403206 0.403206 0.403206
5841.664551 0.000000 3508.687256 0.000000 0.990449 0.000000 -0.137883 0.486029 0.486029 0.486029
5902.604980 0.000000 3493.123779 0.000000 0.996768 0.000000 0.080331 0.495412 0.495412 0.495412
6010.504395 0.000000 3469.305664 0.000000 0.997237 0.000000 0.074281 0.655328 0.655328 0.655328
6060.127930 0.000000 3416.503906 0.000000 0.974752 0.000000 -0.223292 0.708638 0.708638 0.708638
6122.835938 0.000000 3395.068848 0.000000 0.995810 0.000000 -0.091442 0.475251 0.475251 0.475251
6103.191895 0.000000 3434.953125 0.000000 0.997650 0.000000 0.068514 0.439062 0.439062 0.439062
6119.591309 0.000000 3430.898438 0.000000 0.980464 0.000000 0.196697 0.593364 0.593364 0.593364
6055.299805 0.000000 3491.926270 0.000000 0.959090 0.000000 0.283101 0.585083 0.585083 0.585083
6138.462402 0.000000 3462.616943 0.000000 0.986245 0.000000 0.165288 0.419992 0.419992 0.419992
6133.566895 0.000000 3458.009033 0.000000 0.959888 0.000000 0.280382 0.687708 0.687708 0.687708
5926.337891 0.000000 3515.767334 0.000000 0.993565 0.000000 -0.113264 0.580486 0.580486 0.580486
5923.200195 0.000000 3514.828125 0.000000 0.984241 0.000000 0.176831 0.522440 0.522440 0.522440
6054.230957 0.000000 3540.560303 0.000000 0.961358 0.000000 0.275301 0.396435 0.396435 0.396435
6061.311035 0.000000 3536.381104 0.000000 0.986280 0.000000 -0.165084 0.402261 0.402261 0.402261
6040.795410 0.000000 3586.427734 0.000000 0.980229 0.000000 -0.197865 0.706545 0.706545 0.706545
6151.979980 0.000000 2245.025879 0.000000 0.992110 0.000000 -0.125369 0.704778 0.704778 0.704778
6144.894531 0.000000 2233.190674 0.000000 0.996072 0.000000 0.088545 0.481606 0.481606 0.481606
6374.469727 0.000000 2173.000244 0.000000 0.998382 0.000000 -0.056866 0.667653 0.667653 0.667653
6326.864258 0.000000 2257.889160 0.000000 0.999720 0.000000 0.023646 0.399680 0.399680 0.399680
6342.424805 0.000000 2223.250732 0.000000 0.965292 0.000000 0.261171 0.396332 0.396332 0.396332
6389.013672 0.000000 2237.536865 0.000000 0.986400 0.000000 0.164363 0.634879 0.634879 0.634879
6354.190430 0.000000 2212.412842 0.000000 0.978644 0.000000 -0.205562 0.650860 0.650860 0.650860
6366.961914 0.000000 2203.852051 0.000000 0.998792 0.000000 0.049131 0.564420 0.564420 0.564420
6344.614258 0.000000 2216.419434 0.000000 0.994366 0.000000 -0.106004 0.588204 0.588204 0.588204
6358.782715 0.000000 2210.194092 0.000000 0.992985 0.000000 0.118238 0.554864 0.554864 0.554864
6348.375000 0.000000 2257.558350 0.000000 0.993964 0.000000 -0.109709 0.598201 0.598201 0.598201
6400.514160 0.000000 2162.487061 0.000000 0.993652 0.000000 -0.112495 0.529027 0.529027 0.529027
6423.293457 0.000000 2169.970947 0.000000 0.990464 0.000000 0.137772 0.501993 0.501993 0.501993
6422.628418 0.000000 2176.433350 0.000000 0.999692 0.000000 -0.024817 0.566326 0.566326 0.566326
6400.936035 0.000000 2169.015869 0.000000 0.987964 0.000000 0.154686 0.447330 0.447330 0.447330
6402.396484 0.000000 2204.752686 0.000000 0.998595 0.000000 0.052992 0.399309 0.399309 0.399309
6400.894531 0.000000 2233.190674 0.000000 0.953406 0.000000 -0.301690 0.415279 0.415279 0.415279
6320.918945 0.000000 2274.361084 0.000000 0.998333 0.000000 -0.057713 0.521872 0.521872 0.521872
6188.194824 0.000000 2892.780518 0.000000 0.964366 0.000000 0.264571 0.458874 0.458874 0.458874
6263.107910 0.000000 3321.295166 0.000000 0.961928 0.000000 -0.273304 0.647101 0.647101 0.647101
6570.288574 0.000000 3299.241455 0.000000 0.969540 0.000000 0.244933 0.591952 0.591952 0.591952
6589.125000 0.000000 3385.057373 0.000000 0.965363 0.000000 -0.260912 0.456533 0.456533 0.456533
6587.000977 0.000000 3370.379150 0.000000 0.963286 0.000000 -0.268477 0.432720 0.432720 0.432720
6162.127930 0.000000 3458.822998 0.000000 0.992705 0.000000 -0.120571 0.401551 0.401551 0.401551
6167.890625 0.000000 3464.604492 0.000000 0.998668 0.000000 -0.051589 0.702282 0.702282 0.702282
6188.062988 0.000000 3454.535889 0.000000 0.999360 0.000000 0.035765 0.404390 0.404390 0.404390
6171.131348 0.000000 3461.667969 0.000000 0.966560 0.000000 -0.256439 0.582383 0.582383 0.582383
6168.795410 0.000000 3473.458984 0.000000 0.990026 0.000000 0.140882 0.544597 0.544597 0.544597
6169.706543 0.000000 3459.186279 0.000000 0.995193 0.000000 0.097930 0.586496 0.586496 0.586496
6169.283691 0.000000 3467.164551 0.000000 0.984267 0.000000 0.176689 0.692147 0.692147 0.692147
6191.447754 0.000000 3458.232666 0.000000 0.984385 0.000000 -0.176026 0.476855 0.476855 0.476855
6167.408203 0.000000 3457.385010 0.000000 0.998568 0.000000 0.053488 0.609201 0.609201 0.609201
6395.981445 0.000000 3444.281738 0.000000 0.987008 0.000000 -0.160669 0.446828 0.446828 0.446828
6377.064941 0.000000 3440.768066 0.000000 0.999323 0.000000 -0.036797 0.476187 0.476187 0.476187
6397.125000 0.000000 3441.541748 0.000000 0.957373 0.000000 0.288854 0.598294 0.598294 0.598294
6269.738281 0.000000 3530.280518 0.000000 0.999602 0.000000 -0.028203 0.586067 0.586067 0.586067
6200.473633 0.000000 3566.646484 0.000000 0.999720 0.000000 0.023662 0.467212 0.467212 0.467212
6798.875488 0.000000 3264.371338 0.000000 0.981687 0.000000 -0.190502 0.402555 0.402555 0.402555
6796.083496 0.000000 3265.123291 0.000000 0.983570 0.000000 -0.180528 0.514685 0.514685 0.514685
6804.984863 0.000000 3256.807373 0.000000 0.999886 0.000000 0.015079 0.467370 0.467370 0.467370
6774.816895 0.000000 3277.344482 0.000000 0.962332 0.000000 -0.271876 0.403602 0.403602 0.403602
6786.356934 0.000000 3280.991943 0.000000 0.956362 0.000000 0.292186 0.441059 0.441059 0.441059
"}
object={
	name="pine_sparse_generator_1_3"
	clamp_to_water_level=no
	render_under_water=no
	generated_content=yes
	layer="semidynamic"
	pdxmesh="tree_fir_004_mesh"
	count=510
	transform="1277.611938 0.000000 2580.556641 0.000000 0.598307 0.000000 -0.801267 0.736220 0.736220 0.736220
1276.013062 0.000000 2556.661621 0.000000 0.653832 0.000000 -0.756640 0.450248 0.450248 0.450248
1278.270142 0.000000 2602.712646 0.000000 0.600397 0.000000 -0.799702 0.472179 0.472179 0.472179
1281.884644 0.000000 2536.364990 0.000000 0.604104 0.000000 -0.796906 0.505484 0.505484 0.505484
1282.822754 0.000000 2575.764893 0.000000 0.706719 0.000000 -0.707495 0.484167 0.484167 0.484167
1529.910522 0.000000 2533.263428 0.000000 0.858185 0.000000 -0.513340 0.721385 0.721385 0.721385
1531.100830 0.000000 2551.889648 0.000000 0.874200 0.000000 -0.485566 0.448582 0.448582 0.448582
1505.448853 0.000000 2565.093750 0.000000 0.608802 0.000000 -0.793322 0.690970 0.690970 0.690970
1530.637329 0.000000 2568.730469 0.000000 0.907221 0.000000 -0.420654 0.481690 0.481690 0.481690
1533.738403 0.000000 2570.046143 0.000000 0.651636 0.000000 -0.758532 0.508440 0.508440 0.508440
1313.062500 0.000000 2650.355225 0.000000 0.840949 0.000000 -0.541114 0.447619 0.447619 0.447619
1280.090088 0.000000 2601.576904 0.000000 0.934159 0.000000 -0.356857 0.510570 0.510570 0.510570
1369.917236 0.000000 2643.047363 0.000000 0.834279 0.000000 -0.551342 0.421380 0.421380 0.421380
1313.099731 0.000000 2688.715332 0.000000 0.638572 0.000000 -0.769562 0.423663 0.423663 0.423663
1280.936157 0.000000 2677.375244 0.000000 0.781464 0.000000 -0.623950 0.467730 0.467730 0.467730
1295.671509 0.000000 2656.294678 0.000000 0.835853 0.000000 -0.548953 0.492616 0.492616 0.492616
1441.062500 0.000000 2650.355225 0.000000 0.807419 0.000000 -0.589978 0.466979 0.466979 0.466979
1481.203857 0.000000 2633.981934 0.000000 0.652745 0.000000 -0.757578 0.411288 0.411288 0.411288
1497.621582 0.000000 2646.156006 0.000000 0.702578 0.000000 -0.711607 0.569407 0.569407 0.569407
1508.276123 0.000000 2631.528076 0.000000 0.884656 0.000000 -0.466244 0.678353 0.678353 0.678353
1506.015015 0.000000 2618.776855 0.000000 0.661087 0.000000 -0.750310 0.411609 0.411609 0.411609
1480.908569 0.000000 2644.181152 0.000000 0.647367 0.000000 -0.762178 0.600628 0.600628 0.600628
1483.406128 0.000000 2631.352051 0.000000 0.921677 0.000000 -0.387958 0.416627 0.416627 0.416627
1495.836548 0.000000 2648.894043 0.000000 0.893524 0.000000 -0.449015 0.598052 0.598052 0.598052
1434.987305 0.000000 2654.854492 0.000000 0.870400 0.000000 -0.492345 0.428453 0.428453 0.428453
1420.526733 0.000000 2677.811523 0.000000 0.875634 0.000000 -0.482975 0.711890 0.711890 0.711890
1446.581177 0.000000 2689.890137 0.000000 0.778862 0.000000 -0.627195 0.718360 0.718360 0.718360
1446.469604 0.000000 2681.359619 0.000000 0.919065 0.000000 -0.394107 0.428788 0.428788 0.428788
1422.979858 0.000000 2679.605713 0.000000 0.929253 0.000000 -0.369445 0.553216 0.553216 0.553216
1431.068237 0.000000 2659.276855 0.000000 0.876194 0.000000 -0.481959 0.446488 0.446488 0.446488
1452.128052 0.000000 2682.207031 0.000000 0.903989 0.000000 -0.427555 0.471730 0.471730 0.471730
1729.017578 0.000000 2399.036865 0.000000 0.856760 0.000000 -0.515715 0.483714 0.483714 0.483714
1731.510986 0.000000 2419.271729 0.000000 0.691141 0.000000 -0.722720 0.480430 0.480430 0.480430
1726.624390 0.000000 2437.648193 0.000000 0.876233 0.000000 -0.481888 0.572523 0.572523 0.572523
1714.798096 0.000000 2465.509277 0.000000 0.921252 0.000000 -0.388966 0.479024 0.479024 0.479024
1676.721313 0.000000 2580.121826 0.000000 0.729032 0.000000 -0.684479 0.553938 0.553938 0.553938
1676.375244 0.000000 2596.464600 0.000000 0.807367 0.000000 -0.590050 0.448593 0.448593 0.448593
1559.890747 0.000000 2617.338867 0.000000 0.790283 0.000000 -0.612742 0.408891 0.408891 0.408891
1624.572266 0.000000 2637.745605 0.000000 0.658755 0.000000 -0.752357 0.475006 0.475006 0.475006
1612.083740 0.000000 2643.795166 0.000000 0.751928 0.000000 -0.659245 0.517990 0.517990 0.517990
1614.604980 0.000000 2645.858154 0.000000 0.667661 0.000000 -0.744466 0.518415 0.518415 0.518415
1615.671509 0.000000 2656.294678 0.000000 0.907071 0.000000 -0.420977 0.465542 0.465542 0.465542
1998.007324 0.000000 2798.624512 0.000000 0.863470 0.000000 -0.504401 0.406890 0.406890 0.406890
1958.824463 0.000000 2829.456543 0.000000 0.777446 0.000000 -0.628950 0.453495 0.453495 0.453495
2165.013428 0.000000 2294.021240 0.000000 0.757186 0.000000 -0.653200 0.460181 0.460181 0.460181
2191.831299 0.000000 2263.546875 0.000000 0.825162 0.000000 -0.564896 0.408213 0.408213 0.408213
2176.090088 0.000000 2262.670654 0.000000 0.770643 0.000000 -0.637267 0.490629 0.490629 0.490629
2217.677002 0.000000 2333.926270 0.000000 0.779635 0.000000 -0.626235 0.463682 0.463682 0.463682
2248.908447 0.000000 2361.759277 0.000000 0.600657 0.000000 -0.799507 0.412629 0.412629 0.412629
2246.056885 0.000000 2360.797119 0.000000 0.783824 0.000000 -0.620983 0.516948 0.516948 0.516948
2284.412598 0.000000 2414.617432 0.000000 0.857717 0.000000 -0.514123 0.407442 0.407442 0.407442
2311.408936 0.000000 2446.665527 0.000000 0.901441 0.000000 -0.432901 0.496105 0.496105 0.496105
2398.060547 0.000000 2476.982910 0.000000 0.761925 0.000000 -0.647666 0.409814 0.409814 0.409814
2368.513916 0.000000 2444.908936 0.000000 0.745014 0.000000 -0.667049 0.437900 0.437900 0.437900
2368.894775 0.000000 2459.128174 0.000000 0.906162 0.000000 -0.422931 0.411148 0.411148 0.411148
2392.572266 0.000000 2468.292480 0.000000 0.841654 0.000000 -0.540017 0.421180 0.421180 0.421180
2387.991699 0.000000 2462.055664 0.000000 0.790650 0.000000 -0.612269 0.593004 0.593004 0.593004
2371.820801 0.000000 2442.633545 0.000000 0.699365 0.000000 -0.714764 0.498851 0.498851 0.498851
2208.448975 0.000000 2737.245361 0.000000 0.811551 0.000000 -0.584282 0.596201 0.596201 0.596201
2209.448975 0.000000 2734.546875 0.000000 0.644321 0.000000 -0.764755 0.733550 0.733550 0.733550
2199.191895 0.000000 2757.140625 0.000000 0.595865 0.000000 -0.803084 0.535015 0.535015 0.535015
2215.299805 0.000000 2757.629395 0.000000 0.756839 0.000000 -0.653602 0.671492 0.671492 0.671492
2254.953369 0.000000 2765.221680 0.000000 0.795559 0.000000 -0.605876 0.408580 0.408580 0.408580
2249.278076 0.000000 2761.333496 0.000000 0.794226 0.000000 -0.607622 0.726192 0.726192 0.726192
2247.437256 0.000000 2766.293701 0.000000 0.608280 0.000000 -0.793722 0.568266 0.568266 0.568266
2254.604980 0.000000 2758.826904 0.000000 0.597792 0.000000 -0.801651 0.480576 0.480576 0.480576
2252.721436 0.000000 2749.574951 0.000000 0.855505 0.000000 -0.517795 0.526560 0.526560 0.526560
2188.457520 0.000000 2819.510254 0.000000 0.669531 0.000000 -0.742784 0.454043 0.454043 0.454043
2220.194824 0.000000 2779.811768 0.000000 0.836673 0.000000 -0.547702 0.723601 0.723601 0.723601
2193.664795 0.000000 2774.390381 0.000000 0.900645 0.000000 -0.434556 0.548837 0.548837 0.548837
2190.604980 0.000000 2815.311279 0.000000 0.726139 0.000000 -0.687548 0.475398 0.475398 0.475398
2188.721436 0.000000 2806.059326 0.000000 0.888214 0.000000 -0.459431 0.476425 0.476425 0.476425
2268.793701 0.000000 2770.576172 0.000000 0.817705 0.000000 -0.575637 0.407840 0.407840 0.407840
2263.068359 0.000000 2772.245605 0.000000 0.731102 0.000000 -0.682269 0.483517 0.483517 0.483517
2148.759766 0.000000 2845.594971 0.000000 0.699983 0.000000 -0.714159 0.519570 0.519570 0.519570
2168.473389 0.000000 2832.349609 0.000000 0.915894 0.000000 -0.401420 0.639262 0.639262 0.639262
2214.824463 0.000000 2829.456543 0.000000 0.901488 0.000000 -0.432803 0.514324 0.514324 0.514324
2657.062500 0.000000 2932.777100 0.000000 0.640803 0.000000 -0.767706 0.452599 0.452599 0.452599
2705.360840 0.000000 2926.863525 0.000000 0.848719 0.000000 -0.528844 0.465681 0.465681 0.465681
2645.668701 0.000000 2946.976318 0.000000 0.905062 0.000000 -0.425279 0.405900 0.405900 0.405900
2647.407959 0.000000 2949.025635 0.000000 0.763633 0.000000 -0.645651 0.443603 0.443603 0.443603
4004.276123 0.000000 2913.949951 0.000000 0.812273 0.000000 -0.583278 0.408240 0.408240 0.408240
4562.817383 0.000000 2572.240723 0.000000 0.929348 0.000000 -0.369205 0.405060 0.405060 0.405060
4567.293457 0.000000 2565.361572 0.000000 0.719004 0.000000 -0.695006 0.721726 0.721726 0.721726
4573.530273 0.000000 2569.089355 0.000000 0.763970 0.000000 -0.645252 0.569260 0.569260 0.569260
4585.676758 0.000000 2559.863770 0.000000 0.946259 0.000000 -0.323409 0.650802 0.650802 0.650802
4574.961914 0.000000 2542.758301 0.000000 0.926983 0.000000 -0.375103 0.486798 0.486798 0.486798
4580.575195 0.000000 2544.185791 0.000000 0.735655 0.000000 -0.677356 0.537127 0.537127 0.537127
4477.738281 0.000000 2626.530518 0.000000 0.667612 0.000000 -0.744510 0.437549 0.437549 0.437549
4568.572266 0.000000 2694.229980 0.000000 0.772693 0.000000 -0.634780 0.660261 0.660261 0.660261
4658.584961 0.000000 2626.175537 0.000000 0.900847 0.000000 -0.434136 0.406054 0.406054 0.406054
4669.212891 0.000000 2623.673096 0.000000 0.887966 0.000000 -0.459910 0.492646 0.492646 0.492646
4668.832520 0.000000 2630.603027 0.000000 0.745340 0.000000 -0.666684 0.472830 0.472830 0.472830
4661.860840 0.000000 2646.347656 0.000000 0.945651 0.000000 -0.325184 0.421645 0.421645 0.421645
4643.200195 0.000000 2611.078125 0.000000 0.639961 0.000000 -0.768407 0.510831 0.510831 0.510831
4673.017578 0.000000 2624.974365 0.000000 0.597768 0.000000 -0.801669 0.493100 0.493100 0.493100
4689.256836 0.000000 2632.996094 0.000000 0.925318 0.000000 -0.379192 0.452662 0.452662 0.452662
4672.163086 0.000000 2633.027832 0.000000 0.804147 0.000000 -0.594431 0.471167 0.471167 0.471167
4692.984863 0.000000 2635.479248 0.000000 0.874633 0.000000 -0.484785 0.440465 0.440465 0.440465
4649.385742 0.000000 2687.683838 0.000000 0.936112 0.000000 -0.351702 0.408039 0.408039 0.408039
4694.937012 0.000000 2669.192871 0.000000 0.891265 0.000000 -0.453482 0.474277 0.474277 0.474277
4693.668945 0.000000 2664.554443 0.000000 0.782943 0.000000 -0.622094 0.409052 0.409052 0.409052
4678.424805 0.000000 2675.125732 0.000000 0.628031 0.000000 -0.778188 0.571857 0.571857 0.571857
4692.994629 0.000000 2657.318359 0.000000 0.615039 0.000000 -0.788497 0.736035 0.736035 0.736035
4697.283691 0.000000 2676.383301 0.000000 0.678370 0.000000 -0.734721 0.472464 0.472464 0.472464
5015.068359 0.000000 2602.792480 0.000000 0.921572 0.000000 -0.388207 0.543594 0.543594 0.543594
6053.098633 0.000000 2245.761719 0.000000 0.615706 0.000000 -0.787976 0.599612 0.599612 0.599612
6043.932617 0.000000 2223.160156 0.000000 0.713172 0.000000 -0.700990 0.410511 0.410511 0.410511
6088.908691 0.000000 2248.790527 0.000000 0.702485 0.000000 -0.711699 0.665700 0.665700 0.665700
6097.722656 0.000000 2255.067871 0.000000 0.918803 0.000000 -0.394717 0.467047 0.467047 0.467047
5825.318848 0.000000 2298.263428 0.000000 0.929205 0.000000 -0.369564 0.404839 0.404839 0.404839
5796.575195 0.000000 2374.732666 0.000000 0.898833 0.000000 -0.438290 0.504323 0.504323 0.504323
5933.311035 0.000000 2293.724854 0.000000 0.802494 0.000000 -0.596661 0.499893 0.499893 0.499893
5923.200195 0.000000 2272.171875 0.000000 0.884236 0.000000 -0.467041 0.719405 0.719405 0.719405
6020.032715 0.000000 2290.986572 0.000000 0.810932 0.000000 -0.585141 0.408458 0.408458 0.408458
6046.530273 0.000000 2282.834961 0.000000 0.831434 0.000000 -0.555623 0.407707 0.407707 0.407707
6061.434082 0.000000 2289.104248 0.000000 0.684407 0.000000 -0.729100 0.410851 0.410851 0.410851
6130.842773 0.000000 2277.244873 0.000000 0.740638 0.000000 -0.671904 0.409749 0.409749 0.409749
6084.948730 0.000000 2259.489990 0.000000 0.796886 0.000000 -0.604129 0.545295 0.545295 0.545295
4336.918945 0.000000 2782.720459 0.000000 0.934439 0.000000 -0.356124 0.460276 0.460276 0.460276
4602.544434 0.000000 2751.673096 0.000000 0.792763 0.000000 -0.609530 0.408444 0.408444 0.408444
4553.063965 0.000000 2741.711914 0.000000 0.900696 0.000000 -0.434450 0.406104 0.406104 0.406104
4561.260254 0.000000 2737.707031 0.000000 0.646788 0.000000 -0.762670 0.659673 0.659673 0.659673
4547.837402 0.000000 2734.812012 0.000000 0.819094 0.000000 -0.573660 0.491148 0.491148 0.491148
4601.910645 0.000000 2759.200928 0.000000 0.618295 0.000000 -0.785946 0.430258 0.430258 0.430258
4595.863281 0.000000 2735.622803 0.000000 0.613508 0.000000 -0.789689 0.740566 0.740566 0.740566
4573.530273 0.000000 2738.542480 0.000000 0.820900 0.000000 -0.571071 0.628765 0.628765 0.628765
4555.406250 0.000000 2744.320801 0.000000 0.905679 0.000000 -0.423963 0.530318 0.530318 0.530318
4569.661133 0.000000 2714.316162 0.000000 0.723346 0.000000 -0.690486 0.417856 0.417856 0.417856
4557.099609 0.000000 2731.026611 0.000000 0.911638 0.000000 -0.410993 0.540123 0.540123 0.540123
4564.994629 0.000000 2713.802734 0.000000 0.701844 0.000000 -0.712331 0.714185 0.714185 0.714185
4560.939453 0.000000 2727.178711 0.000000 0.733159 0.000000 -0.680057 0.730451 0.730451 0.730451
4597.519043 0.000000 2737.875488 0.000000 0.823752 0.000000 -0.566951 0.725230 0.725230 0.725230
4558.979980 0.000000 2736.090088 0.000000 0.903048 0.000000 -0.429540 0.611701 0.611701 0.611701
4588.127930 0.000000 2738.691406 0.000000 0.701260 0.000000 -0.712905 0.657348 0.657348 0.657348
4527.447754 0.000000 2780.420166 0.000000 0.842263 0.000000 -0.539066 0.461822 0.461822 0.461822
4553.866211 0.000000 2806.806641 0.000000 0.946331 0.000000 -0.323198 0.713142 0.713142 0.713142
4540.013184 0.000000 2839.083496 0.000000 0.795728 0.000000 -0.605654 0.450956 0.450956 0.450956
4560.939453 0.000000 2840.147461 0.000000 0.896956 0.000000 -0.442120 0.494283 0.494283 0.494283
4577.062500 0.000000 2876.292725 0.000000 0.782717 0.000000 -0.622377 0.439030 0.439030 0.439030
4544.090332 0.000000 2883.998779 0.000000 0.735286 0.000000 -0.677757 0.508173 0.508173 0.508173
4577.491699 0.000000 2886.598389 0.000000 0.638913 0.000000 -0.769279 0.531733 0.531733 0.531733
4268.352051 0.000000 3067.417236 0.000000 0.666878 0.000000 -0.745167 0.468595 0.468595 0.468595
4282.637207 0.000000 3077.089844 0.000000 0.907765 0.000000 -0.419480 0.696983 0.696983 0.696983
4306.579102 0.000000 3105.345215 0.000000 0.922186 0.000000 -0.386746 0.616446 0.616446 0.616446
4224.936035 0.000000 3129.250244 0.000000 0.689480 0.000000 -0.724304 0.501193 0.501193 0.501193
4315.131348 0.000000 3122.761719 0.000000 0.691822 0.000000 -0.722068 0.632552 0.632552 0.632552
4317.530273 0.000000 3133.933105 0.000000 0.771972 0.000000 -0.635657 0.409596 0.409596 0.409596
4300.457520 0.000000 3158.416504 0.000000 0.841437 0.000000 -0.540355 0.449638 0.449638 0.449638
4303.671387 0.000000 3108.169678 0.000000 0.811012 0.000000 -0.585029 0.540639 0.540639 0.540639
4366.953125 0.000000 3160.612305 0.000000 0.843369 0.000000 -0.537335 0.457716 0.457716 0.457716
4364.457520 0.000000 3158.416504 0.000000 0.779044 0.000000 -0.626969 0.455501 0.455501 0.455501
4589.434082 0.000000 3136.369873 0.000000 0.938611 0.000000 -0.344977 0.498238 0.498238 0.498238
4592.580566 0.000000 3137.081299 0.000000 0.777683 0.000000 -0.628657 0.616363 0.616363 0.616363
4638.530273 0.000000 2734.709961 0.000000 0.648627 0.000000 -0.761106 0.734466 0.734466 0.734466
4626.283691 0.000000 2712.382812 0.000000 0.648116 0.000000 -0.761542 0.452442 0.452442 0.452442
4655.145508 0.000000 2729.397949 0.000000 0.662886 0.000000 -0.748720 0.421130 0.421130 0.421130
4640.449219 0.000000 2737.245361 0.000000 0.743941 0.000000 -0.668245 0.495533 0.495533 0.495533
4622.979980 0.000000 2736.090088 0.000000 0.916451 0.000000 -0.400147 0.517609 0.517609 0.517609
4628.984863 0.000000 2748.447998 0.000000 0.679801 0.000000 -0.733396 0.580630 0.580630 0.580630
4631.068359 0.000000 2715.761230 0.000000 0.884181 0.000000 -0.467145 0.466455 0.466455 0.466455
4672.009766 0.000000 2753.442627 0.000000 0.903639 0.000000 -0.428294 0.406144 0.406144 0.406144
4637.530273 0.000000 2795.026855 0.000000 0.717769 0.000000 -0.696282 0.415919 0.415919 0.415919
4620.457520 0.000000 2819.510254 0.000000 0.689444 0.000000 -0.724339 0.582385 0.582385 0.582385
4641.448730 0.000000 2791.031250 0.000000 0.828125 0.000000 -0.560543 0.468385 0.468385 0.468385
4631.068359 0.000000 2772.245605 0.000000 0.685759 0.000000 -0.727829 0.655922 0.655922 0.655922
4620.721191 0.000000 2806.059326 0.000000 0.840357 0.000000 -0.542033 0.574295 0.574295 0.574295
4851.456055 0.000000 2818.022705 0.000000 0.601948 0.000000 -0.798535 0.412053 0.412053 0.412053
4859.000977 0.000000 2805.535400 0.000000 0.702442 0.000000 -0.711741 0.705714 0.705714 0.705714
4611.820801 0.000000 2838.024170 0.000000 0.713576 0.000000 -0.700578 0.426278 0.426278 0.426278
4647.299805 0.000000 2870.598145 0.000000 0.645033 0.000000 -0.764154 0.475329 0.475329 0.475329
4630.782715 0.000000 2831.522217 0.000000 0.662342 0.000000 -0.749202 0.450064 0.450064 0.450064
4702.961914 0.000000 2825.180176 0.000000 0.862775 0.000000 -0.505587 0.481460 0.481460 0.481460
4622.979980 0.000000 2905.543213 0.000000 0.911539 0.000000 -0.411213 0.445190 0.445190 0.445190
4838.337891 0.000000 2837.954834 0.000000 0.942359 0.000000 -0.334602 0.489982 0.489982 0.489982
4773.432617 0.000000 2891.730225 0.000000 0.831255 0.000000 -0.555892 0.407682 0.407682 0.407682
4775.591309 0.000000 2922.539062 0.000000 0.666995 0.000000 -0.745062 0.732246 0.732246 0.732246
4881.256836 0.000000 2802.449219 0.000000 0.718090 0.000000 -0.695950 0.410223 0.410223 0.410223
4987.981445 0.000000 2822.953613 0.000000 0.925911 0.000000 -0.377743 0.414457 0.414457 0.414457
4938.072266 0.000000 2823.906494 0.000000 0.751619 0.000000 -0.659597 0.636261 0.636261 0.636261
4911.537109 0.000000 2851.347168 0.000000 0.709145 0.000000 -0.705063 0.449016 0.449016 0.449016
4924.013184 0.000000 2895.567871 0.000000 0.877510 0.000000 -0.479558 0.452519 0.452519 0.452519
4620.526855 0.000000 2960.233398 0.000000 0.943636 0.000000 -0.330985 0.415732 0.415732 0.415732
4608.009766 0.000000 3035.864502 0.000000 0.597588 0.000000 -0.801803 0.579122 0.579122 0.579122
4608.894531 0.000000 3023.971924 0.000000 0.917151 0.000000 -0.398539 0.558023 0.558023 0.558023
4777.204590 0.000000 2973.748779 0.000000 0.839007 0.000000 -0.544120 0.407957 0.407957 0.407957
4756.089355 0.000000 3038.488770 0.000000 0.840881 0.000000 -0.541220 0.407453 0.407453 0.407453
4639.758301 0.000000 3080.315918 0.000000 0.706687 0.000000 -0.707526 0.410635 0.410635 0.410635
4625.260254 0.000000 3076.613281 0.000000 0.763497 0.000000 -0.645811 0.409781 0.409781 0.409781
4669.125000 0.000000 3159.119873 0.000000 0.943786 0.000000 -0.330558 0.441760 0.441760 0.441760
4717.516602 0.000000 3121.374023 0.000000 0.657548 0.000000 -0.753412 0.411247 0.411247 0.411247
4687.272949 0.000000 3128.559082 0.000000 0.945407 0.000000 -0.325891 0.404309 0.404309 0.404309
4712.763184 0.000000 3121.762695 0.000000 0.892312 0.000000 -0.451418 0.478284 0.478284 0.478284
4719.917480 0.000000 3143.422607 0.000000 0.789094 0.000000 -0.614272 0.410284 0.410284 0.410284
4730.637207 0.000000 3133.574219 0.000000 0.614822 0.000000 -0.788666 0.473941 0.473941 0.473941
4837.432617 0.000000 3061.183350 0.000000 0.821655 0.000000 -0.569984 0.407873 0.407873 0.407873
4880.971680 0.000000 2986.364502 0.000000 0.861340 0.000000 -0.508029 0.407078 0.407078 0.407078
4950.478027 0.000000 2972.080811 0.000000 0.752060 0.000000 -0.659094 0.409989 0.409989 0.409989
4961.210449 0.000000 2982.060791 0.000000 0.937133 0.000000 -0.348971 0.404646 0.404646 0.404646
4962.015137 0.000000 2957.683105 0.000000 0.811448 0.000000 -0.584424 0.417902 0.417902 0.417902
4987.981445 0.000000 2992.406738 0.000000 0.868132 0.000000 -0.496333 0.407183 0.407183 0.407183
4958.952637 0.000000 2956.699707 0.000000 0.744444 0.000000 -0.667685 0.437913 0.437913 0.437913
4956.947754 0.000000 2967.259277 0.000000 0.938543 0.000000 -0.345163 0.480154 0.480154 0.480154
4973.516602 0.000000 3064.889648 0.000000 0.741391 0.000000 -0.671073 0.409403 0.409403 0.409403
4943.272949 0.000000 3072.074707 0.000000 0.667392 0.000000 -0.744707 0.410906 0.410906 0.410906
4947.007324 0.000000 3068.234619 0.000000 0.827815 0.000000 -0.561001 0.407970 0.407970 0.407970
4938.351562 0.000000 3071.035156 0.000000 0.674537 0.000000 -0.738241 0.411113 0.411113 0.411113
4333.943359 0.000000 3165.479980 0.000000 0.915835 0.000000 -0.401556 0.694236 0.694236 0.694236
4298.351562 0.000000 3184.003906 0.000000 0.938435 0.000000 -0.345456 0.404773 0.404773 0.404773
4407.107910 0.000000 3208.326416 0.000000 0.771574 0.000000 -0.636139 0.548297 0.548297 0.548297
4388.276367 0.000000 3196.371826 0.000000 0.654997 0.000000 -0.755632 0.411677 0.411677 0.411677
4392.974609 0.000000 3174.646484 0.000000 0.758906 0.000000 -0.651201 0.727451 0.727451 0.727451
4410.305176 0.000000 3207.106445 0.000000 0.828271 0.000000 -0.560328 0.723127 0.723127 0.723127
4372.984863 0.000000 3200.322998 0.000000 0.676365 0.000000 -0.736567 0.735234 0.735234 0.735234
4416.894531 0.000000 3193.425049 0.000000 0.912960 0.000000 -0.408050 0.570436 0.570436 0.570436
4428.457520 0.000000 3214.900879 0.000000 0.809123 0.000000 -0.587639 0.600440 0.600440 0.600440
4409.910645 0.000000 3267.560303 0.000000 0.858339 0.000000 -0.513082 0.723256 0.723256 0.723256
4425.400879 0.000000 3235.728516 0.000000 0.889341 0.000000 -0.457244 0.423805 0.423805 0.423805
4464.541992 0.000000 3242.194580 0.000000 0.769259 0.000000 -0.638937 0.409344 0.409344 0.409344
4481.451172 0.000000 3231.784912 0.000000 0.792187 0.000000 -0.610278 0.408390 0.408390 0.408390
4492.978516 0.000000 3220.345459 0.000000 0.748158 0.000000 -0.663521 0.409382 0.409382 0.409382
4527.722656 0.000000 3263.928955 0.000000 0.809614 0.000000 -0.586962 0.408112 0.408112 0.408112
4495.831543 0.000000 3223.781250 0.000000 0.760938 0.000000 -0.648825 0.409624 0.409624 0.409624
4492.526855 0.000000 3242.655273 0.000000 0.908162 0.000000 -0.418620 0.417119 0.417119 0.417119
4541.032715 0.000000 3241.797363 0.000000 0.929137 0.000000 -0.369736 0.607813 0.607813 0.607813
4538.504395 0.000000 3243.368164 0.000000 0.820657 0.000000 -0.571421 0.421739 0.421739 0.421739
4547.510742 0.000000 3266.537354 0.000000 0.763552 0.000000 -0.645747 0.414943 0.414943 0.414943
4561.722656 0.000000 3271.786621 0.000000 0.738515 0.000000 -0.674237 0.520478 0.520478 0.520478
4560.939453 0.000000 3235.538086 0.000000 0.860336 0.000000 -0.509727 0.720938 0.720938 0.720938
4551.213379 0.000000 3257.809326 0.000000 0.785267 0.000000 -0.619157 0.729229 0.729229 0.729229
4415.958008 0.000000 3296.992676 0.000000 0.729004 0.000000 -0.684510 0.410428 0.410428 0.410428
4463.722656 0.000000 3320.413330 0.000000 0.928534 0.000000 -0.371246 0.405299 0.405299 0.405299
4479.958008 0.000000 3296.992676 0.000000 0.762143 0.000000 -0.647409 0.409317 0.409317 0.409317
4446.060547 0.000000 3324.248535 0.000000 0.699853 0.000000 -0.714287 0.538270 0.538270 0.538270
4433.939453 0.000000 3317.889404 0.000000 0.622378 0.000000 -0.782717 0.740063 0.740063 0.740063
4506.979980 0.000000 3317.926514 0.000000 0.668316 0.000000 -0.743877 0.411686 0.411686 0.411686
4495.272949 0.000000 3298.012207 0.000000 0.771894 0.000000 -0.635752 0.409185 0.409185 0.409185
4527.537109 0.000000 3303.222168 0.000000 0.801188 0.000000 -0.598413 0.424270 0.424270 0.424270
4533.860840 0.000000 3324.160156 0.000000 0.832424 0.000000 -0.554140 0.564395 0.564395 0.564395
4513.062500 0.000000 3328.167725 0.000000 0.622657 0.000000 -0.782494 0.720174 0.720174 0.720174
4564.968750 0.000000 3328.218750 0.000000 0.913363 0.000000 -0.407147 0.405402 0.405402 0.405402
4569.681152 0.000000 3309.871338 0.000000 0.929418 0.000000 -0.369029 0.658454 0.658454 0.658454
4603.100586 0.000000 3286.186523 0.000000 0.916709 0.000000 -0.399555 0.410781 0.410781 0.410781
4558.979980 0.000000 3300.933838 0.000000 0.841414 0.000000 -0.540390 0.708168 0.708168 0.708168
4552.614258 0.000000 3289.622559 0.000000 0.913718 0.000000 -0.406349 0.453162 0.453162 0.453162
4604.013184 0.000000 3290.958496 0.000000 0.857612 0.000000 -0.514298 0.557106 0.557106 0.557106
4534.816895 0.000000 3333.828857 0.000000 0.687176 0.000000 -0.726491 0.410719 0.410719 0.410719
4536.473633 0.000000 3340.708984 0.000000 0.633768 0.000000 -0.773524 0.454823 0.454823 0.454823
4596.365234 0.000000 3371.844482 0.000000 0.611606 0.000000 -0.791163 0.411986 0.411986 0.411986
4605.032715 0.000000 3354.766113 0.000000 0.943886 0.000000 -0.330272 0.489893 0.489893 0.489893
4677.119141 0.000000 3179.559326 0.000000 0.903119 0.000000 -0.429390 0.406028 0.406028 0.406028
4673.451660 0.000000 3172.517334 0.000000 0.721420 0.000000 -0.692498 0.527221 0.527221 0.527221
4672.090332 0.000000 3166.420654 0.000000 0.879307 0.000000 -0.476256 0.432217 0.432217 0.432217
4789.860840 0.000000 3211.191406 0.000000 0.621523 0.000000 -0.783396 0.735078 0.735078 0.735078
4801.318848 0.000000 3202.013428 0.000000 0.784360 0.000000 -0.620306 0.408887 0.408887 0.408887
4817.939453 0.000000 3204.920654 0.000000 0.657209 0.000000 -0.753708 0.411807 0.411807 0.411807
4819.991699 0.000000 3196.352539 0.000000 0.867068 0.000000 -0.498189 0.422481 0.422481 0.422481
4836.759766 0.000000 3184.501221 0.000000 0.675044 0.000000 -0.737778 0.453920 0.453920 0.453920
4838.469727 0.000000 3189.718994 0.000000 0.721079 0.000000 -0.692853 0.734110 0.734110 0.734110
4811.616211 0.000000 3192.466064 0.000000 0.825729 0.000000 -0.564067 0.503192 0.503192 0.503192
4812.375000 0.000000 3217.792725 0.000000 0.913112 0.000000 -0.407710 0.619142 0.619142 0.619142
4816.716797 0.000000 3195.222900 0.000000 0.883493 0.000000 -0.468444 0.608860 0.608860 0.608860
4811.929688 0.000000 3231.615234 0.000000 0.936975 0.000000 -0.349397 0.414015 0.414015 0.414015
4851.016113 0.000000 3240.460449 0.000000 0.723059 0.000000 -0.690786 0.732317 0.732317 0.732317
4835.200195 0.000000 3232.406250 0.000000 0.672418 0.000000 -0.740172 0.507884 0.507884 0.507884
4853.519043 0.000000 3246.234863 0.000000 0.796010 0.000000 -0.605284 0.726870 0.726870 0.726870
4828.947754 0.000000 3249.681152 0.000000 0.736084 0.000000 -0.676890 0.643224 0.643224 0.643224
4615.671387 0.000000 3300.950195 0.000000 0.824076 0.000000 -0.566479 0.407788 0.407788 0.407788
4657.519043 0.000000 3282.423340 0.000000 0.913832 0.000000 -0.406093 0.405408 0.405408 0.405408
4645.432617 0.000000 3287.120850 0.000000 0.771287 0.000000 -0.636487 0.409060 0.409060 0.409060
4638.236816 0.000000 3328.623535 0.000000 0.841406 0.000000 -0.540404 0.407412 0.407412 0.407412
4660.014648 0.000000 3284.937012 0.000000 0.928537 0.000000 -0.371241 0.496788 0.496788 0.496788
4668.832520 0.000000 3308.415527 0.000000 0.620232 0.000000 -0.784418 0.737191 0.737191 0.737191
4620.526855 0.000000 3299.139648 0.000000 0.912026 0.000000 -0.410132 0.439127 0.439127 0.439127
4666.631836 0.000000 3311.230225 0.000000 0.878116 0.000000 -0.478448 0.721273 0.721273 0.721273
4620.083496 0.000000 3321.607666 0.000000 0.911608 0.000000 -0.411062 0.433101 0.433101 0.433101
4647.299805 0.000000 3322.473145 0.000000 0.934410 0.000000 -0.356200 0.694507 0.694507 0.694507
4620.721191 0.000000 3314.418701 0.000000 0.862208 0.000000 -0.506554 0.432757 0.432757 0.432757
4664.473633 0.000000 3284.224609 0.000000 0.795437 0.000000 -0.606037 0.725714 0.725714 0.725714
4624.716797 0.000000 3308.191650 0.000000 0.911044 0.000000 -0.412310 0.664069 0.664069 0.664069
4710.686523 0.000000 3276.399414 0.000000 0.710091 0.000000 -0.704110 0.410804 0.410804 0.410804
4706.857422 0.000000 3305.222656 0.000000 0.810217 0.000000 -0.586130 0.538615 0.538615 0.538615
4679.437500 0.000000 3331.137451 0.000000 0.676071 0.000000 -0.736837 0.522340 0.522340 0.522340
4693.934570 0.000000 3330.905762 0.000000 0.849307 0.000000 -0.527899 0.722499 0.722499 0.722499
4689.360840 0.000000 3322.254150 0.000000 0.770052 0.000000 -0.637981 0.457790 0.457790 0.457790
4684.083496 0.000000 3321.607666 0.000000 0.687253 0.000000 -0.726418 0.615954 0.615954 0.615954
4730.637207 0.000000 3303.027344 0.000000 0.605639 0.000000 -0.795739 0.434647 0.434647 0.434647
4684.721191 0.000000 3314.418701 0.000000 0.591567 0.000000 -0.806256 0.497427 0.497427 0.497427
4639.826172 0.000000 3340.700439 0.000000 0.624433 0.000000 -0.781078 0.412085 0.412085 0.412085
4622.875488 0.000000 3377.340088 0.000000 0.671168 0.000000 -0.741305 0.411132 0.411132 0.411132
4666.637207 0.000000 3359.511719 0.000000 0.636003 0.000000 -0.771687 0.458925 0.458925 0.458925
4647.299805 0.000000 3378.957520 0.000000 0.925769 0.000000 -0.378090 0.434548 0.434548 0.434548
4669.738281 0.000000 3360.827393 0.000000 0.949787 0.000000 -0.312896 0.535695 0.535695 0.535695
4668.013184 0.000000 3347.442871 0.000000 0.922538 0.000000 -0.385906 0.581971 0.581971 0.581971
4646.824707 0.000000 3337.815918 0.000000 0.896794 0.000000 -0.442447 0.542952 0.542952 0.542952
4689.664551 0.000000 3339.234131 0.000000 0.645908 0.000000 -0.763416 0.598577 0.598577 0.598577
4711.299805 0.000000 3378.957520 0.000000 0.684940 0.000000 -0.728600 0.488873 0.488873 0.488873
4797.212891 0.000000 3301.485596 0.000000 0.794251 0.000000 -0.607590 0.409065 0.409065 0.409065
4761.916992 0.000000 3320.859863 0.000000 0.641314 0.000000 -0.767279 0.458809 0.458809 0.458809
4794.631836 0.000000 3311.230225 0.000000 0.854622 0.000000 -0.519251 0.694872 0.694872 0.694872
4786.798340 0.000000 3312.774902 0.000000 0.828779 0.000000 -0.559577 0.486735 0.486735 0.486735
4743.213379 0.000000 3314.293701 0.000000 0.884581 0.000000 -0.466386 0.490760 0.490760 0.490760
4783.447754 0.000000 3288.779541 0.000000 0.714567 0.000000 -0.699567 0.577320 0.577320 0.577320
4858.807129 0.000000 3282.748291 0.000000 0.723706 0.000000 -0.690109 0.409964 0.409964 0.409964
4808.908691 0.000000 3321.993652 0.000000 0.844510 0.000000 -0.535539 0.588459 0.588459 0.588459
4811.406250 0.000000 3309.164551 0.000000 0.855771 0.000000 -0.517355 0.420786 0.420786 0.420786
4833.099609 0.000000 3310.043457 0.000000 0.734697 0.000000 -0.678395 0.417617 0.417617 0.417617
4851.016113 0.000000 3296.944824 0.000000 0.731032 0.000000 -0.682343 0.702148 0.702148 0.702148
4853.566895 0.000000 3288.555908 0.000000 0.876424 0.000000 -0.481540 0.720809 0.720809 0.720809
4808.614258 0.000000 3289.622559 0.000000 0.812462 0.000000 -0.583015 0.444370 0.444370 0.444370
4823.408203 0.000000 3287.931885 0.000000 0.926190 0.000000 -0.377057 0.452623 0.452623 0.452623
4736.042480 0.000000 3332.585449 0.000000 0.821385 0.000000 -0.570375 0.468597 0.468597 0.468597
4772.759766 0.000000 3353.954346 0.000000 0.924737 0.000000 -0.380607 0.440622 0.440622 0.440622
4756.094727 0.000000 3347.979004 0.000000 0.916217 0.000000 -0.400682 0.549981 0.549981 0.549981
4783.447754 0.000000 3345.263916 0.000000 0.918564 0.000000 -0.395273 0.693990 0.693990 0.693990
4796.013184 0.000000 3347.442871 0.000000 0.696539 0.000000 -0.717519 0.441056 0.441056 0.441056
4838.581055 0.000000 3367.702637 0.000000 0.936733 0.000000 -0.350045 0.520482 0.520482 0.520482
4811.616211 0.000000 3361.919189 0.000000 0.945634 0.000000 -0.325232 0.509866 0.509866 0.509866
4874.564941 0.000000 3222.158203 0.000000 0.655972 0.000000 -0.754786 0.733483 0.733483 0.733483
4872.614258 0.000000 3233.138184 0.000000 0.778442 0.000000 -0.627717 0.492448 0.492448 0.492448
4988.832520 0.000000 3308.415527 0.000000 0.892368 0.000000 -0.451308 0.488406 0.488406 0.488406
4985.384766 0.000000 3332.345459 0.000000 0.860607 0.000000 -0.509270 0.493746 0.493746 0.493746
4987.000977 0.000000 3313.894775 0.000000 0.934517 0.000000 -0.355920 0.579104 0.579104 0.579104
4895.453613 0.000000 3349.308350 0.000000 0.798487 0.000000 -0.602012 0.408322 0.408322 0.408322
4876.457520 0.000000 3384.354004 0.000000 0.885852 0.000000 -0.463968 0.504908 0.504908 0.504908
4897.448730 0.000000 3355.875000 0.000000 0.840941 0.000000 -0.541126 0.437452 0.437452 0.437452
4871.437500 0.000000 3387.621826 0.000000 0.945021 0.000000 -0.327009 0.576287 0.576287 0.576287
4892.380371 0.000000 3387.428467 0.000000 0.915960 0.000000 -0.401270 0.529765 0.529765 0.529765
4875.616211 0.000000 3361.919189 0.000000 0.918151 0.000000 -0.396230 0.507420 0.507420 0.507420
4886.782715 0.000000 3339.881592 0.000000 0.607868 0.000000 -0.794038 0.467851 0.467851 0.467851
4887.408203 0.000000 3344.416260 0.000000 0.816633 0.000000 -0.577157 0.575367 0.575367 0.575367
4932.948730 0.000000 3332.693115 0.000000 0.788634 0.000000 -0.614863 0.430705 0.430705 0.430705
4928.936035 0.000000 3355.187744 0.000000 0.823160 0.000000 -0.567809 0.577135 0.577135 0.577135
4940.112305 0.000000 3347.484863 0.000000 0.835997 0.000000 -0.548734 0.474249 0.474249 0.474249
4957.958984 0.000000 3342.778564 0.000000 0.889397 0.000000 -0.457136 0.719166 0.719166 0.719166
4966.824707 0.000000 3337.815918 0.000000 0.787057 0.000000 -0.616880 0.578686 0.578686 0.578686
4998.395508 0.000000 3306.149414 0.000000 0.817150 0.000000 -0.576426 0.567114 0.567114 0.567114
4705.210449 0.000000 3433.935791 0.000000 0.644125 0.000000 -0.764920 0.411350 0.411350 0.411350
4688.244141 0.000000 3418.260254 0.000000 0.867755 0.000000 -0.496992 0.469088 0.469088 0.469088
4756.569336 0.000000 3394.448975 0.000000 0.675670 0.000000 -0.737204 0.410761 0.410761 0.410761
4739.510742 0.000000 3435.990479 0.000000 0.853041 0.000000 -0.521844 0.465536 0.465536 0.465536
4746.564941 0.000000 3391.611328 0.000000 0.865114 0.000000 -0.501575 0.694142 0.694142 0.694142
5410.932617 0.000000 2821.811279 0.000000 0.807561 0.000000 -0.589784 0.454714 0.454714 0.454714
5404.380371 0.000000 2879.069092 0.000000 0.745989 0.000000 -0.665959 0.478989 0.478989 0.478989
5414.893555 0.000000 2900.150391 0.000000 0.927693 0.000000 -0.373343 0.502878 0.502878 0.502878
5417.676758 0.000000 2898.770020 0.000000 0.659442 0.000000 -0.751756 0.466695 0.466695 0.466695
5412.759766 0.000000 2902.079346 0.000000 0.836260 0.000000 -0.548333 0.427423 0.427423 0.427423
5370.504395 0.000000 3130.399414 0.000000 0.645197 0.000000 -0.764016 0.733202 0.733202 0.733202
5418.673340 0.000000 2937.331299 0.000000 0.828212 0.000000 -0.560415 0.554316 0.554316 0.554316
5401.661133 0.000000 2940.253662 0.000000 0.824984 0.000000 -0.565156 0.628552 0.628552 0.628552
5434.462402 0.000000 2954.257568 0.000000 0.741214 0.000000 -0.671269 0.419527 0.419527 0.419527
5434.462402 0.000000 3010.741943 0.000000 0.665377 0.000000 -0.746508 0.449998 0.449998 0.449998
5431.638184 0.000000 3065.899658 0.000000 0.926671 0.000000 -0.375874 0.405003 0.405003 0.405003
5399.191895 0.000000 3096.046875 0.000000 0.737033 0.000000 -0.675856 0.728403 0.728403 0.728403
5415.299805 0.000000 3096.535645 0.000000 0.860456 0.000000 -0.509525 0.546758 0.546758 0.546758
5450.351562 0.000000 3071.035156 0.000000 0.747905 0.000000 -0.663805 0.460421 0.460421 0.460421
5478.535645 0.000000 3079.664307 0.000000 0.722459 0.000000 -0.691414 0.410292 0.410292 0.410292
5469.237305 0.000000 3083.678467 0.000000 0.592739 0.000000 -0.805395 0.412670 0.412670 0.412670
5459.991699 0.000000 3083.383789 0.000000 0.611304 0.000000 -0.791396 0.599760 0.599760 0.599760
5417.385742 0.000000 3139.558838 0.000000 0.940375 0.000000 -0.340139 0.404627 0.404627 0.404627
5411.765137 0.000000 3132.487793 0.000000 0.662576 0.000000 -0.748995 0.411455 0.411455 0.411455
5417.967773 0.000000 3136.458496 0.000000 0.766298 0.000000 -0.642486 0.457889 0.457889 0.457889
5387.486816 0.000000 3115.200195 0.000000 0.773276 0.000000 -0.634070 0.729286 0.729286 0.729286
5378.356934 0.000000 3111.538818 0.000000 0.946382 0.000000 -0.323050 0.677057 0.677057 0.677057
5389.099609 0.000000 3126.417236 0.000000 0.901645 0.000000 -0.432477 0.679103 0.679103 0.679103
5377.451660 0.000000 3116.032959 0.000000 0.732479 0.000000 -0.680790 0.728725 0.728725 0.728725
5384.614258 0.000000 3120.169434 0.000000 0.706078 0.000000 -0.708134 0.455272 0.455272 0.455272
5420.127930 0.000000 3134.082031 0.000000 0.683459 0.000000 -0.729989 0.449599 0.449599 0.449599
5378.822754 0.000000 3140.608643 0.000000 0.857496 0.000000 -0.514491 0.721249 0.721249 0.721249
5449.084961 0.000000 3117.458496 0.000000 0.854157 0.000000 -0.520016 0.553177 0.553177 0.553177
5453.099609 0.000000 3126.417236 0.000000 0.798795 0.000000 -0.601603 0.477469 0.477469 0.477469
5456.186523 0.000000 3125.791992 0.000000 0.946147 0.000000 -0.323737 0.449656 0.449656 0.449656
5452.721191 0.000000 3144.965576 0.000000 0.748283 0.000000 -0.663379 0.511910 0.511910 0.511910
5613.516602 0.000000 3121.374023 0.000000 0.877175 0.000000 -0.480171 0.406452 0.406452 0.406452
5895.437500 0.000000 2935.746826 0.000000 0.711472 0.000000 -0.702715 0.581599 0.581599 0.581599
5964.375000 0.000000 3048.339600 0.000000 0.861702 0.000000 -0.507414 0.501846 0.501846 0.501846
5418.835938 0.000000 3169.131348 0.000000 0.719737 0.000000 -0.694247 0.415878 0.415878 0.415878
5464.795410 0.000000 3191.037109 0.000000 0.729524 0.000000 -0.683955 0.434149 0.434149 0.434149
5465.706543 0.000000 3176.764404 0.000000 0.828005 0.000000 -0.560720 0.431717 0.431717 0.431717
5469.958984 0.000000 3173.325439 0.000000 0.904433 0.000000 -0.426615 0.583141 0.583141 0.583141
5465.283691 0.000000 3184.742676 0.000000 0.871104 0.000000 -0.491098 0.456796 0.456796 0.456796
5477.432617 0.000000 3230.636475 0.000000 0.855301 0.000000 -0.518132 0.422826 0.422826 0.422826
5502.624512 0.000000 3228.429443 0.000000 0.898497 0.000000 -0.438980 0.433583 0.433583 0.433583
5498.385254 0.000000 3222.201416 0.000000 0.856411 0.000000 -0.516294 0.407422 0.407422 0.407422
5443.510742 0.000000 3266.537354 0.000000 0.785275 0.000000 -0.619147 0.428745 0.428745 0.428745
5476.575195 0.000000 3221.998291 0.000000 0.695355 0.000000 -0.718666 0.445206 0.445206 0.445206
5493.566895 0.000000 3232.071533 0.000000 0.809248 0.000000 -0.587467 0.442418 0.442418 0.442418
5478.824707 0.000000 3224.847168 0.000000 0.747093 0.000000 -0.664720 0.452222 0.452222 0.452222
5525.208496 0.000000 3259.488525 0.000000 0.887818 0.000000 -0.460195 0.450128 0.450128 0.450128
5529.505859 0.000000 3273.381104 0.000000 0.668295 0.000000 -0.743896 0.411309 0.411309 0.411309
5522.817383 0.000000 3250.053223 0.000000 0.722856 0.000000 -0.690999 0.410399 0.410399 0.410399
5535.334473 0.000000 3260.594727 0.000000 0.757195 0.000000 -0.653188 0.421223 0.421223 0.421223
5504.514160 0.000000 3235.690186 0.000000 0.871021 0.000000 -0.491245 0.420338 0.420338 0.420338
5522.230469 0.000000 3257.645020 0.000000 0.902632 0.000000 -0.430413 0.437468 0.437468 0.437468
5515.616211 0.000000 3248.950439 0.000000 0.940272 0.000000 -0.340423 0.439926 0.439926 0.439926
5485.943359 0.000000 3278.448730 0.000000 0.713085 0.000000 -0.701077 0.410319 0.410319 0.410319
5475.991211 0.000000 3291.820312 0.000000 0.903281 0.000000 -0.429050 0.407217 0.407217 0.407217
5465.706543 0.000000 3289.733154 0.000000 0.716352 0.000000 -0.697739 0.440615 0.440615 0.440615
5460.832520 0.000000 3288.673340 0.000000 0.838993 0.000000 -0.544142 0.433443 0.433443 0.433443
5535.758301 0.000000 3306.253418 0.000000 0.776745 0.000000 -0.629815 0.408845 0.408845 0.408845
5530.074219 0.000000 3306.610107 0.000000 0.587903 0.000000 -0.808931 0.413080 0.413080 0.413080
5554.842773 0.000000 3293.963623 0.000000 0.908129 0.000000 -0.418690 0.407057 0.407057 0.407057
5565.212891 0.000000 3301.485596 0.000000 0.916659 0.000000 -0.399670 0.405481 0.405481 0.405481
5518.875488 0.000000 3320.855713 0.000000 0.864605 0.000000 -0.502453 0.407018 0.407018 0.407018
5551.917480 0.000000 3312.875732 0.000000 0.893852 0.000000 -0.448361 0.528891 0.528891 0.528891
5562.028320 0.000000 3289.192383 0.000000 0.879786 0.000000 -0.475370 0.452439 0.452439 0.452439
5529.681152 0.000000 3309.871338 0.000000 0.869680 0.000000 -0.493617 0.422402 0.422402 0.422402
5563.100586 0.000000 3286.186523 0.000000 0.639087 0.000000 -0.769134 0.467159 0.467159 0.467159
5562.462402 0.000000 3293.163818 0.000000 0.676525 0.000000 -0.736420 0.451820 0.451820 0.451820
5542.337891 0.000000 3289.829834 0.000000 0.721933 0.000000 -0.691963 0.428154 0.428154 0.428154
5537.491699 0.000000 3281.989014 0.000000 0.840132 0.000000 -0.542382 0.482266 0.482266 0.482266
5606.230957 0.000000 3314.622803 0.000000 0.920119 0.000000 -0.391638 0.405244 0.405244 0.405244
5606.535645 0.000000 3305.601807 0.000000 0.783383 0.000000 -0.621540 0.409209 0.409209 0.409209
5596.431641 0.000000 3283.601562 0.000000 0.925790 0.000000 -0.378039 0.405420 0.405420 0.405420
5598.952637 0.000000 3295.605957 0.000000 0.594462 0.000000 -0.804124 0.482738 0.482738 0.482738
5606.469727 0.000000 3302.687744 0.000000 0.933319 0.000000 -0.359049 0.450287 0.450287 0.450287
5579.616211 0.000000 3305.434814 0.000000 0.837055 0.000000 -0.547118 0.453842 0.453842 0.453842
5541.098633 0.000000 3375.449219 0.000000 0.653355 0.000000 -0.757052 0.411578 0.411578 0.411578
5539.104004 0.000000 3341.120117 0.000000 0.921077 0.000000 -0.389381 0.405592 0.405592 0.405592
5597.237305 0.000000 3366.100342 0.000000 0.693512 0.000000 -0.720445 0.414351 0.414351 0.414351
5619.016113 0.000000 3353.429199 0.000000 0.929930 0.000000 -0.367738 0.416307 0.416307 0.416307
5734.535645 0.000000 3362.086182 0.000000 0.840780 0.000000 -0.541377 0.417144 0.417144 0.417144
5825.451660 0.000000 3341.970459 0.000000 0.616893 0.000000 -0.787047 0.635470 0.635470 0.635470
5834.564941 0.000000 3335.126953 0.000000 0.774306 0.000000 -0.632812 0.447431 0.447431 0.447431
5846.782715 0.000000 3339.881592 0.000000 0.862082 0.000000 -0.506768 0.554853 0.554853 0.554853
5927.299805 0.000000 3378.957520 0.000000 0.654700 0.000000 -0.755889 0.554263 0.554263 0.554263
5669.098633 0.000000 3431.933594 0.000000 0.612830 0.000000 -0.790215 0.415865 0.415865 0.415865
5705.278320 0.000000 3439.145996 0.000000 0.829716 0.000000 -0.558186 0.462218 0.462218 0.462218
5702.057129 0.000000 3434.000244 0.000000 0.839806 0.000000 -0.542887 0.427324 0.427324 0.427324
5778.579102 0.000000 3444.251465 0.000000 0.946786 0.000000 -0.321862 0.427596 0.427596 0.427596
5817.384766 0.000000 3445.314209 0.000000 0.704161 0.000000 -0.710040 0.440888 0.440888 0.440888
5847.293457 0.000000 3412.627197 0.000000 0.738815 0.000000 -0.673908 0.729465 0.729465 0.729465
5854.952637 0.000000 3408.574707 0.000000 0.778481 0.000000 -0.627669 0.543918 0.543918 0.543918
5851.635742 0.000000 3412.112793 0.000000 0.871400 0.000000 -0.490574 0.720072 0.720072 0.720072
5860.029297 0.000000 3407.615234 0.000000 0.931523 0.000000 -0.363683 0.623820 0.623820 0.623820
5849.283691 0.000000 3410.680176 0.000000 0.683343 0.000000 -0.730097 0.553365 0.553365 0.553365
5862.337891 0.000000 3459.282959 0.000000 0.640986 0.000000 -0.767553 0.737923 0.737923 0.737923
5844.984863 0.000000 3482.744873 0.000000 0.908516 0.000000 -0.417850 0.443294 0.443294 0.443294
5731.200195 0.000000 3514.828125 0.000000 0.946090 0.000000 -0.323905 0.491768 0.491768 0.491768
5725.958984 0.000000 3512.231689 0.000000 0.870443 0.000000 -0.492269 0.513701 0.513701 0.513701
5694.270020 0.000000 3562.947021 0.000000 0.913714 0.000000 -0.406359 0.509669 0.509669 0.509669
5705.063965 0.000000 3588.977539 0.000000 0.603295 0.000000 -0.797518 0.413965 0.413965 0.413965
5805.386719 0.000000 3556.738281 0.000000 0.832405 0.000000 -0.554168 0.580825 0.580825 0.580825
5772.112305 0.000000 3516.937988 0.000000 0.645368 0.000000 -0.763872 0.562924 0.562924 0.562924
5776.186523 0.000000 3521.182617 0.000000 0.844036 0.000000 -0.536286 0.447525 0.447525 0.447525
5804.352051 0.000000 3519.292236 0.000000 0.909531 0.000000 -0.415636 0.528090 0.528090 0.528090
5798.824707 0.000000 3507.269043 0.000000 0.771179 0.000000 -0.636619 0.470070 0.470070 0.470070
5862.230957 0.000000 3540.560303 0.000000 0.905101 0.000000 -0.425197 0.406008 0.406008 0.406008
5857.210449 0.000000 3546.904541 0.000000 0.657800 0.000000 -0.753193 0.411200 0.411200 0.411200
5832.614258 0.000000 3515.560059 0.000000 0.770052 0.000000 -0.637982 0.492703 0.492703 0.492703
5831.408691 0.000000 3519.868652 0.000000 0.948769 0.000000 -0.315971 0.586048 0.586048 0.586048
5802.673340 0.000000 3558.659424 0.000000 0.781605 0.000000 -0.623774 0.428835 0.428835 0.428835
5947.211426 0.000000 3475.165039 0.000000 0.688478 0.000000 -0.725257 0.410939 0.410939 0.410939
5946.504395 0.000000 3469.305664 0.000000 0.923108 0.000000 -0.384540 0.573836 0.573836 0.573836
5902.979980 0.000000 3470.386963 0.000000 0.830215 0.000000 -0.557444 0.513257 0.513257 0.513257
5949.738281 0.000000 3473.796143 0.000000 0.813668 0.000000 -0.581330 0.522063 0.522063 0.522063
5970.579102 0.000000 3500.735840 0.000000 0.623258 0.000000 -0.782017 0.440524 0.440524 0.440524
6075.000977 0.000000 3426.863525 0.000000 0.680903 0.000000 -0.732374 0.706778 0.706778 0.706778
6125.386719 0.000000 3443.769531 0.000000 0.663269 0.000000 -0.748381 0.733324 0.733324 0.733324
6100.984863 0.000000 3426.260498 0.000000 0.780831 0.000000 -0.624742 0.437032 0.437032 0.437032
6118.824707 0.000000 3394.300293 0.000000 0.705556 0.000000 -0.708654 0.640372 0.640372 0.640372
6100.089355 0.000000 3490.363770 0.000000 0.666068 0.000000 -0.745891 0.410971 0.410971 0.410971
6135.531250 0.000000 3456.150635 0.000000 0.731347 0.000000 -0.682006 0.410005 0.410005 0.410005
6086.395508 0.000000 3475.602539 0.000000 0.775218 0.000000 -0.631694 0.519295 0.519295 0.519295
5964.978516 0.000000 3502.767334 0.000000 0.809310 0.000000 -0.587382 0.408088 0.408088 0.408088
5932.083496 0.000000 3578.576660 0.000000 0.884718 0.000000 -0.466126 0.448216 0.448216 0.448216
6065.272949 0.000000 3535.656250 0.000000 0.742560 0.000000 -0.669779 0.409454 0.409454 0.409454
6028.457520 0.000000 3553.807129 0.000000 0.787423 0.000000 -0.616413 0.728553 0.728553 0.728553
6022.057129 0.000000 3546.968994 0.000000 0.764166 0.000000 -0.645019 0.730138 0.730138 0.730138
6084.948730 0.000000 3502.146240 0.000000 0.722908 0.000000 -0.690944 0.428132 0.428132 0.428132
6101.235840 0.000000 3521.892334 0.000000 0.901389 0.000000 -0.433011 0.719605 0.719605 0.719605
6089.604492 0.000000 3585.969971 0.000000 0.593108 0.000000 -0.805123 0.581369 0.581369 0.581369
6113.491699 0.000000 3564.410889 0.000000 0.803158 0.000000 -0.595766 0.623455 0.623455 0.623455
6163.771973 0.000000 2225.516113 0.000000 0.940001 0.000000 -0.341171 0.536378 0.536378 0.536378
6148.957520 0.000000 2242.737793 0.000000 0.596213 0.000000 -0.802826 0.476441 0.476441 0.476441
6173.422852 0.000000 2241.442383 0.000000 0.606751 0.000000 -0.794892 0.503328 0.503328 0.503328
6387.402344 0.000000 2200.373535 0.000000 0.831062 0.000000 -0.556180 0.717154 0.717154 0.717154
6386.798340 0.000000 2183.087402 0.000000 0.857557 0.000000 -0.514389 0.723511 0.723511 0.723511
6333.507812 0.000000 2252.667480 0.000000 0.916058 0.000000 -0.401045 0.673841 0.673841 0.673841
6333.611816 0.000000 2241.650391 0.000000 0.683694 0.000000 -0.729768 0.658115 0.658115 0.658115
6386.318359 0.000000 2203.096436 0.000000 0.590034 0.000000 -0.807378 0.564606 0.564606 0.564606
6389.994141 0.000000 2224.176758 0.000000 0.855340 0.000000 -0.518067 0.407614 0.407614 0.407614
6384.918945 0.000000 2217.876709 0.000000 0.813439 0.000000 -0.581650 0.511819 0.511819 0.511819
6380.194824 0.000000 2214.968018 0.000000 0.588625 0.000000 -0.808406 0.457849 0.457849 0.457849
6397.032715 0.000000 2225.078613 0.000000 0.779978 0.000000 -0.625807 0.428874 0.428874 0.428874
6383.447754 0.000000 2215.576416 0.000000 0.760585 0.000000 -0.649238 0.625443 0.625443 0.625443
6319.663086 0.000000 2269.386963 0.000000 0.734984 0.000000 -0.678085 0.411461 0.411461 0.411461
6324.003906 0.000000 2262.702637 0.000000 0.630242 0.000000 -0.776399 0.506913 0.506913 0.506913
6368.618164 0.000000 2262.740723 0.000000 0.749679 0.000000 -0.661802 0.421391 0.421391 0.421391
6246.337891 0.000000 3289.829834 0.000000 0.731969 0.000000 -0.681338 0.595414 0.595414 0.595414
6535.437500 0.000000 3218.168701 0.000000 0.686723 0.000000 -0.726919 0.672726 0.672726 0.672726
6583.107910 0.000000 3377.779541 0.000000 0.880672 0.000000 -0.473726 0.406505 0.406505 0.406505
6152.407715 0.000000 3453.359131 0.000000 0.898090 0.000000 -0.439811 0.406048 0.406048 0.406048
6184.015625 0.000000 3453.175537 0.000000 0.822210 0.000000 -0.569185 0.579235 0.579235 0.579235
6171.932617 0.000000 3465.816406 0.000000 0.822267 0.000000 -0.569102 0.460406 0.460406 0.460406
6184.974609 0.000000 3457.068359 0.000000 0.929960 0.000000 -0.367661 0.715955 0.715955 0.715955
6185.676758 0.000000 3463.613770 0.000000 0.916163 0.000000 -0.400806 0.442990 0.442990 0.442990
6155.616211 0.000000 3474.887939 0.000000 0.814075 0.000000 -0.580760 0.458609 0.458609 0.458609
6151.408691 0.000000 3463.384277 0.000000 0.903305 0.000000 -0.428999 0.719759 0.719759 0.719759
6146.822754 0.000000 3479.514893 0.000000 0.654431 0.000000 -0.756121 0.518781 0.518781 0.518781
6394.368164 0.000000 3440.988525 0.000000 0.641601 0.000000 -0.767038 0.411960 0.411960 0.411960
6399.586426 0.000000 3442.497070 0.000000 0.928336 0.000000 -0.371742 0.406338 0.406338 0.406338
6397.512207 0.000000 3445.572998 0.000000 0.828548 0.000000 -0.559918 0.709025 0.709025 0.709025
6160.186523 0.000000 3521.182617 0.000000 0.713539 0.000000 -0.700615 0.581524 0.581524 0.581524
6585.384766 0.000000 3445.314209 0.000000 0.764488 0.000000 -0.644638 0.728403 0.728403 0.728403
6593.318848 0.000000 3427.950928 0.000000 0.917577 0.000000 -0.397559 0.405226 0.405226 0.405226
6586.385254 0.000000 3448.138916 0.000000 0.935062 0.000000 -0.354483 0.492406 0.492406 0.492406
6600.614258 0.000000 3459.075684 0.000000 0.812733 0.000000 -0.582636 0.725434 0.725434 0.725434
6604.721191 0.000000 3483.871826 0.000000 0.776324 0.000000 -0.630334 0.506907 0.506907 0.506907
6633.676758 0.000000 3576.582520 0.000000 0.842584 0.000000 -0.538565 0.543458 0.543458 0.543458
"}
object={
	name="pine_sparse_generator_1_4"
	clamp_to_water_level=no
	render_under_water=no
	generated_content=yes
	layer="semidynamic"
	pdxmesh="tree_fir_005_mesh"
	count=532
	transform="1274.305298 0.000000 2529.293945 0.000000 0.145244 0.000000 -0.989396 0.539235 0.539235 0.539235
1280.156738 0.000000 2540.212646 0.000000 0.486155 0.000000 -0.873873 0.489301 0.489301 0.489301
1280.042358 0.000000 2541.804199 0.000000 0.497976 0.000000 -0.867191 0.489049 0.489049 0.489049
1535.586426 0.000000 2538.747070 0.000000 0.270221 0.000000 -0.962798 0.448896 0.448896 0.448896
1533.512329 0.000000 2541.822998 0.000000 0.260763 0.000000 -0.965403 0.588531 0.588531 0.588531
1533.248291 0.000000 2587.798828 0.000000 0.195821 0.000000 -0.980640 0.418382 0.418382 0.418382
1525.013428 0.000000 2576.443115 0.000000 0.152420 0.000000 -0.988316 0.580387 0.580387 0.580387
1524.004028 0.000000 2545.124512 0.000000 0.133118 0.000000 -0.991100 0.479005 0.479005 0.479005
1297.256958 0.000000 2632.996094 0.000000 0.228274 0.000000 -0.973597 0.418139 0.418139 0.418139
1292.552612 0.000000 2624.475342 0.000000 0.388725 0.000000 -0.921354 0.470137 0.470137 0.470137
1280.042358 0.000000 2598.288574 0.000000 0.531300 0.000000 -0.847184 0.448553 0.448553 0.448553
1281.451538 0.000000 2607.673584 0.000000 0.526447 0.000000 -0.850208 0.739698 0.739698 0.739698
1287.408936 0.000000 2616.118652 0.000000 0.259180 0.000000 -0.965829 0.504550 0.504550 0.504550
1358.875732 0.000000 2643.043213 0.000000 0.130735 0.000000 -0.991417 0.459717 0.459717 0.459717
1358.604980 0.000000 2645.858154 0.000000 0.011146 0.000000 -0.999938 0.522446 0.522446 0.522446
1290.565063 0.000000 2657.314453 0.000000 0.500681 0.000000 -0.865632 0.436575 0.436575 0.436575
1359.130981 0.000000 2694.137451 0.000000 0.329750 0.000000 -0.944068 0.416770 0.416770 0.416770
1495.371216 0.000000 2641.295166 0.000000 0.045903 0.000000 -0.998946 0.563234 0.563234 0.563234
1493.934448 0.000000 2653.093262 0.000000 0.231786 0.000000 -0.972767 0.430390 0.430390 0.430390
1495.192017 0.000000 2644.171875 0.000000 0.359736 0.000000 -0.933054 0.676758 0.676758 0.676758
1484.721313 0.000000 2636.606201 0.000000 0.005729 0.000000 -0.999984 0.548794 0.548794 0.548794
1422.604980 0.000000 2702.342529 0.000000 0.301024 0.000000 -0.953617 0.471744 0.471744 0.471744
1732.763550 0.000000 2408.535889 0.000000 0.276445 0.000000 -0.961030 0.478578 0.478578 0.478578
1734.724243 0.000000 2405.851318 0.000000 0.321299 0.000000 -0.946978 0.595582 0.595582 0.595582
1737.604492 0.000000 2399.798096 0.000000 0.428924 0.000000 -0.903340 0.603315 0.603315 0.603315
1545.400879 0.000000 2557.916016 0.000000 0.230231 0.000000 -0.973136 0.417710 0.417710 0.417710
1547.941895 0.000000 2583.600830 0.000000 0.321211 0.000000 -0.947008 0.567567 0.567567 0.567567
1544.908569 0.000000 2587.696777 0.000000 0.480533 0.000000 -0.876977 0.474689 0.474689 0.474689
1545.866211 0.000000 2580.869141 0.000000 0.240643 0.000000 -0.970614 0.418430 0.418430 0.418430
1536.009766 0.000000 2583.989502 0.000000 0.549695 0.000000 -0.835365 0.456550 0.456550 0.456550
1543.408936 0.000000 2559.634277 0.000000 0.212326 0.000000 -0.977199 0.492597 0.492597 0.492597
1709.374878 0.000000 2510.234131 0.000000 0.094977 0.000000 -0.995479 0.420631 0.420631 0.420631
1670.215332 0.000000 2590.734619 0.000000 0.136612 0.000000 -0.990625 0.491857 0.491857 0.491857
1693.423096 0.000000 2580.348633 0.000000 0.571549 0.000000 -0.820568 0.422821 0.422821 0.422821
1551.831299 0.000000 2602.453125 0.000000 0.417497 0.000000 -0.908679 0.465378 0.465378 0.465378
1631.758545 0.000000 2628.440918 0.000000 0.172133 0.000000 -0.985074 0.422768 0.422768 0.422768
1562.074097 0.000000 2685.281982 0.000000 0.299933 0.000000 -0.953960 0.416880 0.416880 0.416880
1590.382080 0.000000 2684.093262 0.000000 0.161485 0.000000 -0.986875 0.425050 0.425050 0.425050
1610.565063 0.000000 2657.314453 0.000000 0.208987 0.000000 -0.977918 0.524911 0.524911 0.524911
1679.671509 0.000000 2599.810303 0.000000 0.458576 0.000000 -0.888655 0.508888 0.508888 0.508888
1393.519043 0.000000 2717.579590 0.000000 0.426170 0.000000 -0.904643 0.414620 0.414620 0.414620
1366.782471 0.000000 2718.553467 0.000000 0.395035 0.000000 -0.918666 0.520906 0.520906 0.520906
2022.581177 0.000000 2802.858887 0.000000 0.409496 0.000000 -0.912312 0.438141 0.438141 0.438141
1962.835938 0.000000 2830.225098 0.000000 0.448984 0.000000 -0.893540 0.492191 0.492191 0.492191
2225.272949 0.000000 2236.515625 0.000000 0.342299 0.000000 -0.939591 0.415735 0.415735 0.415735
2163.759033 0.000000 2290.739746 0.000000 0.383517 0.000000 -0.923534 0.457554 0.457554 0.457554
2221.516602 0.000000 2274.108398 0.000000 0.235348 0.000000 -0.971911 0.417108 0.417108 0.417108
2223.447998 0.000000 2272.060791 0.000000 0.253258 0.000000 -0.967399 0.498242 0.498242 0.498242
2191.671387 0.000000 2260.904053 0.000000 0.495856 0.000000 -0.868405 0.457595 0.457595 0.457595
2282.009521 0.000000 2314.311768 0.000000 0.417279 0.000000 -0.908778 0.415146 0.415146 0.415146
2264.572266 0.000000 2298.839355 0.000000 0.015813 0.000000 -0.999875 0.444345 0.444345 0.444345
2230.173828 0.000000 2322.043701 0.000000 0.359242 0.000000 -0.933244 0.416163 0.416163 0.416163
2177.451416 0.000000 2325.251709 0.000000 0.305279 0.000000 -0.952263 0.458923 0.458923 0.458923
2265.706787 0.000000 2329.498779 0.000000 0.027660 0.000000 -0.999617 0.483017 0.483017 0.483017
2278.231201 0.000000 2410.872803 0.000000 0.034492 0.000000 -0.999405 0.419637 0.419637 0.419637
2287.722412 0.000000 2416.663330 0.000000 0.215922 0.000000 -0.976411 0.420013 0.420013 0.420013
2291.456055 0.000000 2422.632080 0.000000 0.479017 0.000000 -0.877806 0.460013 0.460013 0.460013
2352.647949 0.000000 2469.303955 0.000000 0.314329 0.000000 -0.949314 0.460888 0.460888 0.460888
2314.565186 0.000000 2431.376953 0.000000 0.245181 0.000000 -0.969477 0.513409 0.513409 0.513409
2327.407959 0.000000 2440.666260 0.000000 0.389014 0.000000 -0.921232 0.557300 0.557300 0.557300
2398.236816 0.000000 2481.357910 0.000000 0.442347 0.000000 -0.896844 0.414777 0.414777 0.414777
2370.356934 0.000000 2433.726318 0.000000 0.027739 0.000000 -0.999615 0.426973 0.426973 0.426973
2403.991211 0.000000 2501.039062 0.000000 0.150982 0.000000 -0.988537 0.487288 0.487288 0.487288
2396.431641 0.000000 2492.820312 0.000000 0.565266 0.000000 -0.824909 0.540042 0.540042 0.540042
2403.104248 0.000000 2493.854492 0.000000 0.504141 0.000000 -0.863622 0.588299 0.588299 0.588299
2398.608887 0.000000 2490.852051 0.000000 0.065235 0.000000 -0.997870 0.564980 0.564980 0.564980
2403.200439 0.000000 2498.109375 0.000000 0.436298 0.000000 -0.899802 0.441889 0.441889 0.441889
2217.967773 0.000000 2741.067871 0.000000 0.032207 0.000000 -0.999481 0.764262 0.764262 0.764262
2195.991699 0.000000 2744.477539 0.000000 0.279944 0.000000 -0.960016 0.553498 0.553498 0.553498
2192.244385 0.000000 2740.447754 0.000000 0.564907 0.000000 -0.825154 0.498054 0.498054 0.498054
2215.591309 0.000000 2753.085938 0.000000 0.110486 0.000000 -0.993878 0.520450 0.520450 0.520450
2261.934570 0.000000 2766.062012 0.000000 0.462982 0.000000 -0.886368 0.568183 0.568183 0.568183
2246.395264 0.000000 2741.305664 0.000000 0.523453 0.000000 -0.852055 0.740281 0.740281 0.740281
2227.016113 0.000000 2788.585449 0.000000 0.322433 0.000000 -0.946592 0.526777 0.526777 0.526777
2182.056885 0.000000 2812.672119 0.000000 0.092156 0.000000 -0.995745 0.464650 0.464650 0.464650
2197.934570 0.000000 2822.546387 0.000000 0.283558 0.000000 -0.958955 0.611769 0.611769 0.611769
2223.447998 0.000000 2780.420166 0.000000 0.068722 0.000000 -0.997636 0.761948 0.761948 0.761948
2240.042236 0.000000 2767.741699 0.000000 0.370738 0.000000 -0.928738 0.459895 0.459895 0.459895
2260.994385 0.000000 2770.287109 0.000000 0.509209 0.000000 -0.860643 0.586024 0.586024 0.586024
2260.094971 0.000000 2783.135254 0.000000 0.130177 0.000000 -0.991491 0.760407 0.760407 0.760407
2250.565186 0.000000 2770.283203 0.000000 0.232587 0.000000 -0.972576 0.751251 0.751251 0.751251
2255.671387 0.000000 2769.263428 0.000000 0.342436 0.000000 -0.939541 0.618755 0.618755 0.618755
2263.407959 0.000000 2779.572510 0.000000 0.041630 0.000000 -0.999133 0.519658 0.519658 0.519658
2163.016113 0.000000 2845.069824 0.000000 0.305975 0.000000 -0.952040 0.437719 0.437719 0.437719
2147.200439 0.000000 2837.015625 0.000000 0.335024 0.000000 -0.942210 0.552194 0.552194 0.552194
2141.958740 0.000000 2834.419189 0.000000 0.083574 0.000000 -0.996502 0.531856 0.531856 0.531856
2165.566895 0.000000 2836.680908 0.000000 0.488467 0.000000 -0.872582 0.447256 0.447256 0.447256
2186.565186 0.000000 2826.767578 0.000000 0.041287 0.000000 -0.999147 0.443956 0.443956 0.443956
2529.210205 0.000000 2812.607666 0.000000 0.118942 0.000000 -0.992901 0.419569 0.419569 0.419569
2537.322754 0.000000 2816.010010 0.000000 0.423662 0.000000 -0.905820 0.415618 0.415618 0.415618
2663.299805 0.000000 2927.082520 0.000000 0.104635 0.000000 -0.994511 0.522736 0.522736 0.522736
3999.758545 0.000000 2910.862793 0.000000 0.021278 0.000000 -0.999774 0.533151 0.533151 0.533151
4226.396484 0.000000 2600.143311 0.000000 0.226738 0.000000 -0.973956 0.417289 0.417289 0.417289
4285.611816 0.000000 2637.041016 0.000000 0.581383 0.000000 -0.813630 0.483033 0.483033 0.483033
4224.042480 0.000000 2598.288574 0.000000 0.132373 0.000000 -0.991200 0.434009 0.434009 0.434009
4311.371094 0.000000 2641.295166 0.000000 0.026708 0.000000 -0.999643 0.421587 0.421587 0.421587
4257.947754 0.000000 2704.239258 0.000000 0.369579 0.000000 -0.929199 0.730929 0.730929 0.730929
4570.122559 0.000000 2552.605225 0.000000 0.111688 0.000000 -0.993743 0.477229 0.477229 0.477229
4553.063965 0.000000 2572.258789 0.000000 0.255472 0.000000 -0.966816 0.444887 0.444887 0.444887
4578.015137 0.000000 2562.292480 0.000000 0.292665 0.000000 -0.956215 0.497472 0.497472 0.497472
4576.449219 0.000000 2567.792236 0.000000 0.248288 0.000000 -0.968686 0.647643 0.647643 0.647643
4571.635742 0.000000 2564.847168 0.000000 0.398483 0.000000 -0.917176 0.671083 0.671083 0.671083
4580.029297 0.000000 2560.349609 0.000000 0.161803 0.000000 -0.986823 0.556228 0.556228 0.556228
4567.408203 0.000000 2553.635010 0.000000 0.499667 0.000000 -0.866218 0.535408 0.535408 0.535408
4533.013672 0.000000 2689.411865 0.000000 0.239722 0.000000 -0.970842 0.419669 0.419669 0.419669
4486.507812 0.000000 2706.856689 0.000000 0.505790 0.000000 -0.862657 0.426044 0.426044 0.426044
4561.722656 0.000000 2706.942871 0.000000 0.231013 0.000000 -0.972951 0.464454 0.464454 0.464454
4564.984863 0.000000 2691.963623 0.000000 0.289050 0.000000 -0.957314 0.574835 0.574835 0.574835
4633.505859 0.000000 2595.568604 0.000000 0.365024 0.000000 -0.930998 0.551473 0.551473 0.551473
4659.402344 0.000000 2595.764160 0.000000 0.121084 0.000000 -0.992642 0.470614 0.470614 0.470614
4633.916992 0.000000 2586.562988 0.000000 0.340067 0.000000 -0.940401 0.428732 0.428732 0.428732
4617.400879 0.000000 2614.400391 0.000000 0.288546 0.000000 -0.957466 0.416975 0.416975 0.416975
4653.434082 0.000000 2628.010498 0.000000 0.301569 0.000000 -0.953444 0.452621 0.452621 0.452621
4669.524414 0.000000 2615.351074 0.000000 0.007286 0.000000 -0.999973 0.421078 0.421078 0.421078
4669.125000 0.000000 2650.760498 0.000000 0.568556 0.000000 -0.822644 0.569456 0.569456 0.569456
4685.506836 0.000000 2634.095703 0.000000 0.487096 0.000000 -0.873348 0.449376 0.449376 0.449376
4697.916992 0.000000 2643.047363 0.000000 0.505595 0.000000 -0.862771 0.741286 0.741286 0.741286
4617.063965 0.000000 2685.227539 0.000000 0.303598 0.000000 -0.952800 0.417459 0.417459 0.417459
4652.412598 0.000000 2697.039307 0.000000 0.536314 0.000000 -0.844018 0.500813 0.500813 0.500813
4659.863281 0.000000 2679.138428 0.000000 0.397227 0.000000 -0.917720 0.671126 0.671126 0.671126
4649.967773 0.000000 2684.583496 0.000000 0.434324 0.000000 -0.900757 0.594592 0.594592 0.594592
4663.819336 0.000000 2673.596436 0.000000 0.016959 0.000000 -0.999856 0.507085 0.507085 0.507085
4682.351562 0.000000 2675.644531 0.000000 0.237761 0.000000 -0.971324 0.602158 0.602158 0.602158
4695.371094 0.000000 2697.779541 0.000000 0.032083 0.000000 -0.999485 0.537293 0.537293 0.537293
4684.526855 0.000000 2677.811523 0.000000 0.225245 0.000000 -0.974302 0.445371 0.445371 0.445371
4672.936035 0.000000 2677.375244 0.000000 0.196104 0.000000 -0.980583 0.540295 0.540295 0.540295
4702.961914 0.000000 2655.727051 0.000000 0.018554 0.000000 -0.999828 0.596863 0.596863 0.596863
5006.875488 0.000000 2586.558838 0.000000 0.414445 0.000000 -0.910074 0.431754 0.431754 0.431754
4989.032715 0.000000 2620.469238 0.000000 0.391119 0.000000 -0.920340 0.432134 0.432134 0.432134
4972.127930 0.000000 2625.722656 0.000000 0.179328 0.000000 -0.983789 0.564509 0.564509 0.564509
5006.873047 0.000000 2606.328369 0.000000 0.513602 0.000000 -0.858029 0.413544 0.413544 0.413544
5001.084961 0.000000 2609.099121 0.000000 0.444437 0.000000 -0.895810 0.490174 0.490174 0.490174
5009.664551 0.000000 2604.937256 0.000000 0.416428 0.000000 -0.909168 0.520427 0.520427 0.520427
5015.408203 0.000000 2610.119385 0.000000 0.575372 0.000000 -0.817892 0.439380 0.439380 0.439380
5052.013184 0.000000 2613.145996 0.000000 0.390015 0.000000 -0.920809 0.449000 0.449000 0.449000
5064.667480 0.000000 2603.060547 0.000000 0.127593 0.000000 -0.991827 0.578810 0.578810 0.578810
5978.979980 0.000000 2244.723389 0.000000 0.036104 0.000000 -0.999348 0.419770 0.419770 0.419770
6010.504395 0.000000 2226.649414 0.000000 0.311303 0.000000 -0.950311 0.437634 0.437634 0.437634
6023.671387 0.000000 2227.747070 0.000000 0.569979 0.000000 -0.821659 0.412471 0.412471 0.412471
6027.941895 0.000000 2244.694580 0.000000 0.096889 0.000000 -0.995295 0.568619 0.568619 0.568619
6030.604980 0.000000 2250.467529 0.000000 0.443589 0.000000 -0.896230 0.452266 0.452266 0.452266
6028.721191 0.000000 2241.215576 0.000000 0.095805 0.000000 -0.995400 0.477505 0.477505 0.477505
6097.360840 0.000000 2249.051025 0.000000 0.484132 0.000000 -0.874995 0.430590 0.430590 0.430590
6139.000977 0.000000 2240.691650 0.000000 0.517583 0.000000 -0.855633 0.530736 0.530736 0.530736
5184.090332 0.000000 2488.608154 0.000000 0.227454 0.000000 -0.973789 0.552559 0.552559 0.552559
5145.706543 0.000000 2555.436279 0.000000 0.060726 0.000000 -0.998154 0.463017 0.463017 0.463017
5798.337891 0.000000 2386.079834 0.000000 0.278417 0.000000 -0.960460 0.633651 0.633651 0.633651
5949.738281 0.000000 2287.624268 0.000000 0.325691 0.000000 -0.945476 0.558858 0.558858 0.558858
6006.816895 0.000000 2260.625732 0.000000 0.371665 0.000000 -0.928367 0.415627 0.415627 0.415627
6011.211426 0.000000 2288.993164 0.000000 0.536771 0.000000 -0.843728 0.413588 0.413588 0.413588
5988.759766 0.000000 2280.751221 0.000000 0.250507 0.000000 -0.968115 0.472648 0.472648 0.472648
6130.318359 0.000000 2259.580811 0.000000 0.184497 0.000000 -0.982833 0.418813 0.418813 0.418813
6111.334473 0.000000 2300.360352 0.000000 0.495259 0.000000 -0.868745 0.426222 0.426222 0.426222
6105.681152 0.000000 2293.152588 0.000000 0.053292 0.000000 -0.998579 0.467451 0.467451 0.467451
4532.463867 0.000000 2726.331787 0.000000 0.206896 0.000000 -0.978363 0.422265 0.422265 0.422265
4539.000977 0.000000 2749.051025 0.000000 0.390750 0.000000 -0.920497 0.746490 0.746490 0.746490
4594.584961 0.000000 2739.144287 0.000000 0.191738 0.000000 -0.981446 0.505880 0.505880 0.505880
4556.552734 0.000000 2737.444092 0.000000 0.050582 0.000000 -0.998720 0.631368 0.631368 0.631368
4555.786133 0.000000 2716.302979 0.000000 0.394327 0.000000 -0.918970 0.653907 0.653907 0.653907
4550.424805 0.000000 2731.610107 0.000000 0.475753 0.000000 -0.879579 0.418189 0.418189 0.418189
4557.506836 0.000000 2747.064453 0.000000 0.563589 0.000000 -0.826056 0.563269 0.563269 0.563269
4570.987305 0.000000 2711.338867 0.000000 0.506452 0.000000 -0.862268 0.746334 0.746334 0.746334
4603.100586 0.000000 2721.342773 0.000000 0.056039 0.000000 -0.998429 0.448028 0.448028 0.448028
4552.667480 0.000000 2716.029297 0.000000 0.534727 0.000000 -0.845025 0.444312 0.444312 0.444312
4595.016113 0.000000 2732.101074 0.000000 0.358849 0.000000 -0.933396 0.753644 0.753644 0.753644
4572.947754 0.000000 2741.321777 0.000000 0.202612 0.000000 -0.979259 0.555293 0.555293 0.555293
4580.029297 0.000000 2729.802734 0.000000 0.362520 0.000000 -0.931976 0.434702 0.434702 0.434702
4555.616211 0.000000 2740.591064 0.000000 0.158824 0.000000 -0.987307 0.467824 0.467824 0.467824
4559.671387 0.000000 2712.779053 0.000000 0.516809 0.000000 -0.856101 0.740319 0.740319 0.740319
4551.671387 0.000000 2905.559570 0.000000 0.162240 0.000000 -0.986751 0.418628 0.418628 0.418628
4556.526855 0.000000 2903.749023 0.000000 0.355146 0.000000 -0.934811 0.549570 0.549570 0.549570
4558.979980 0.000000 2905.543213 0.000000 0.309537 0.000000 -0.950888 0.524918 0.524918 0.524918
4262.893555 0.000000 3069.603516 0.000000 0.078684 0.000000 -0.996900 0.420562 0.420562 0.420562
4259.991211 0.000000 3065.882812 0.000000 0.144373 0.000000 -0.989523 0.423166 0.423166 0.423166
4277.994141 0.000000 3071.442383 0.000000 0.212759 0.000000 -0.977105 0.496879 0.496879 0.496879
4289.451172 0.000000 3062.331787 0.000000 0.348499 0.000000 -0.937309 0.513400 0.513400 0.513400
4290.500488 0.000000 3069.900391 0.000000 0.192240 0.000000 -0.981348 0.418706 0.418706 0.418706
4257.062500 0.000000 3158.714600 0.000000 0.103185 0.000000 -0.994662 0.462317 0.462317 0.462317
4346.807129 0.000000 3113.295166 0.000000 0.544827 0.000000 -0.838548 0.413409 0.413409 0.413409
4306.283691 0.000000 3107.773438 0.000000 0.042914 0.000000 -0.999079 0.441781 0.441781 0.441781
4313.706543 0.000000 3120.280029 0.000000 0.382814 0.000000 -0.923825 0.559594 0.559594 0.559594
4335.447754 0.000000 3119.326416 0.000000 0.311920 0.000000 -0.950108 0.499226 0.499226 0.499226
4602.462402 0.000000 2954.257568 0.000000 0.104390 0.000000 -0.994536 0.430149 0.430149 0.430149
4595.863281 0.000000 3131.013428 0.000000 0.432990 0.000000 -0.901399 0.530665 0.530665 0.530665
4626.817383 0.000000 2741.693848 0.000000 0.257842 0.000000 -0.966187 0.418249 0.418249 0.418249
4642.015137 0.000000 2731.745605 0.000000 0.139519 0.000000 -0.990219 0.755136 0.755136 0.755136
4641.448730 0.000000 2734.546875 0.000000 0.112459 0.000000 -0.993656 0.731720 0.731720 0.731720
4632.795410 0.000000 2739.162109 0.000000 0.274939 0.000000 -0.961462 0.536402 0.536402 0.536402
4644.029297 0.000000 2729.802734 0.000000 0.556629 0.000000 -0.830761 0.738124 0.738124 0.738124
4641.062500 0.000000 2763.323975 0.000000 0.298628 0.000000 -0.954369 0.594030 0.594030 0.594030
4633.621582 0.000000 2815.609131 0.000000 0.401181 0.000000 -0.915999 0.415438 0.415438 0.415438
4633.505859 0.000000 2821.506104 0.000000 0.163011 0.000000 -0.986624 0.419320 0.419320 0.419320
4700.380371 0.000000 2822.584717 0.000000 0.154930 0.000000 -0.987925 0.541194 0.541194 0.541194
4672.936035 0.000000 2846.828369 0.000000 0.022780 0.000000 -0.999740 0.511324 0.511324 0.511324
4612.032715 0.000000 2912.314697 0.000000 0.099916 0.000000 -0.994996 0.419533 0.419533 0.419533
4759.191895 0.000000 2870.109375 0.000000 0.411268 0.000000 -0.911514 0.429705 0.429705 0.429705
4765.237305 0.000000 2914.225342 0.000000 0.075825 0.000000 -0.997121 0.420228 0.420228 0.420228
4872.908691 0.000000 2813.634277 0.000000 0.217642 0.000000 -0.976029 0.418421 0.418421 0.418421
4902.337891 0.000000 2837.954834 0.000000 0.434379 0.000000 -0.900730 0.437721 0.437721 0.437721
4932.948730 0.000000 2824.333740 0.000000 0.039137 0.000000 -0.999234 0.502320 0.502320 0.502320
4941.099609 0.000000 2843.995361 0.000000 0.058993 0.000000 -0.998258 0.651068 0.651068 0.651068
4951.191895 0.000000 2870.109375 0.000000 0.554837 0.000000 -0.831959 0.525587 0.525587 0.525587
4944.186523 0.000000 2843.370117 0.000000 0.144139 0.000000 -0.989557 0.763554 0.763554 0.763554
4984.473633 0.000000 2832.349609 0.000000 0.449134 0.000000 -0.893464 0.483746 0.483746 0.483746
4944.716797 0.000000 2856.316650 0.000000 0.489883 0.000000 -0.871788 0.747185 0.747185 0.747185
4912.541992 0.000000 2903.288330 0.000000 0.126592 0.000000 -0.991955 0.419465 0.419465 0.419465
4943.671387 0.000000 2882.232178 0.000000 0.021003 0.000000 -0.999779 0.563802 0.563802 0.563802
4621.099609 0.000000 2956.964111 0.000000 0.537299 0.000000 -0.843392 0.427585 0.427585 0.427585
4617.063965 0.000000 3024.133789 0.000000 0.373137 0.000000 -0.927776 0.424004 0.424004 0.424004
4611.505371 0.000000 3037.098145 0.000000 0.416290 0.000000 -0.909232 0.452755 0.452755 0.452755
4614.395508 0.000000 3023.727539 0.000000 0.336602 0.000000 -0.941647 0.686270 0.686270 0.686270
4774.535645 0.000000 2966.695557 0.000000 0.377689 0.000000 -0.925932 0.415955 0.415955 0.415955
4758.478027 0.000000 3028.565186 0.000000 0.489837 0.000000 -0.871814 0.413747 0.413747 0.413747
4768.426758 0.000000 3006.109619 0.000000 0.578085 0.000000 -0.815976 0.412867 0.412867 0.412867
4765.422852 0.000000 3032.223633 0.000000 0.164844 0.000000 -0.986320 0.431392 0.431392 0.431392
4756.994629 0.000000 2996.224609 0.000000 0.221562 0.000000 -0.975146 0.432669 0.432669 0.432669
4838.230957 0.000000 3032.200928 0.000000 0.581131 0.000000 -0.813810 0.412152 0.412152 0.412152
4628.984863 0.000000 3087.354248 0.000000 0.282559 0.000000 -0.959250 0.568523 0.568523 0.568523
4712.974609 0.000000 3118.162109 0.000000 0.438709 0.000000 -0.898629 0.475517 0.475517 0.475517
4720.580566 0.000000 3137.081299 0.000000 0.105832 0.000000 -0.994384 0.462274 0.462274 0.462274
4838.824707 0.000000 3055.394043 0.000000 0.268283 0.000000 -0.963340 0.491537 0.491537 0.491537
4954.979980 0.000000 2979.020264 0.000000 0.371596 0.000000 -0.928395 0.415331 0.415331 0.415331
4962.735840 0.000000 2976.840576 0.000000 0.554605 0.000000 -0.832114 0.413545 0.413545 0.413545
4979.016113 0.000000 2958.038574 0.000000 0.311078 0.000000 -0.950384 0.431295 0.431295 0.431295
4931.820801 0.000000 2950.992920 0.000000 0.458246 0.000000 -0.888825 0.470922 0.470922 0.470922
4955.635742 0.000000 2960.237793 0.000000 0.233219 0.000000 -0.972424 0.438865 0.438865 0.438865
4908.194824 0.000000 3005.749268 0.000000 0.352723 0.000000 -0.935728 0.430642 0.430642 0.430642
4982.173828 0.000000 2999.856201 0.000000 0.135463 0.000000 -0.990782 0.429693 0.429693 0.429693
5000.667480 0.000000 3111.419922 0.000000 0.193392 0.000000 -0.981122 0.428839 0.428839 0.428839
4310.937012 0.000000 3177.552246 0.000000 0.501362 0.000000 -0.865238 0.414253 0.414253 0.414253
4330.673340 0.000000 3163.268799 0.000000 0.417081 0.000000 -0.908869 0.415889 0.415889 0.415889
4340.014648 0.000000 3171.968262 0.000000 0.500889 0.000000 -0.865511 0.426127 0.426127 0.426127
4330.835938 0.000000 3169.131348 0.000000 0.206656 0.000000 -0.978414 0.585572 0.585572 0.585572
4415.487305 0.000000 3193.352783 0.000000 0.453789 0.000000 -0.891109 0.504766 0.504766 0.504766
4382.530273 0.000000 3186.584961 0.000000 0.251386 0.000000 -0.967887 0.417488 0.417488 0.417488
4404.365234 0.000000 3202.391357 0.000000 0.384422 0.000000 -0.923157 0.647742 0.647742 0.647742
4379.131348 0.000000 3179.246094 0.000000 0.320450 0.000000 -0.947265 0.479894 0.479894 0.479894
4381.020508 0.000000 3175.955322 0.000000 0.097625 0.000000 -0.995223 0.757148 0.757148 0.757148
4410.028320 0.000000 3176.223633 0.000000 0.580864 0.000000 -0.814000 0.741549 0.741549 0.741549
4367.671387 0.000000 3164.654053 0.000000 0.273215 0.000000 -0.961953 0.575232 0.575232 0.575232
4412.013184 0.000000 3177.989746 0.000000 0.450995 0.000000 -0.892527 0.462644 0.462644 0.462644
4382.236816 0.000000 3272.139160 0.000000 0.228373 0.000000 -0.973574 0.434689 0.434689 0.434689
4382.953613 0.000000 3275.861816 0.000000 0.451167 0.000000 -0.892440 0.415197 0.415197 0.415197
4407.062500 0.000000 3270.626953 0.000000 0.549240 0.000000 -0.835665 0.471187 0.471187 0.471187
4385.491699 0.000000 3225.504639 0.000000 0.328947 0.000000 -0.944348 0.535193 0.535193 0.535193
4442.364746 0.000000 3245.170654 0.000000 0.517789 0.000000 -0.855509 0.434184 0.434184 0.434184
4457.676758 0.000000 3237.676270 0.000000 0.163483 0.000000 -0.986546 0.757643 0.757643 0.757643
4474.504395 0.000000 3243.368164 0.000000 0.335010 0.000000 -0.942215 0.479620 0.479620 0.479620
4428.112305 0.000000 3234.516113 0.000000 0.328778 0.000000 -0.944407 0.578136 0.578136 0.578136
4436.094727 0.000000 3235.010254 0.000000 0.368309 0.000000 -0.929703 0.555673 0.555673 0.555673
4443.635742 0.000000 3242.659668 0.000000 0.366520 0.000000 -0.930410 0.746800 0.746800 0.746800
4452.029297 0.000000 3238.162109 0.000000 0.042665 0.000000 -0.999089 0.761689 0.761689 0.761689
4535.060547 0.000000 3261.208984 0.000000 0.205241 0.000000 -0.978711 0.432916 0.432916 0.432916
4492.457520 0.000000 3271.385254 0.000000 0.200623 0.000000 -0.979668 0.437242 0.437242 0.437242
4505.916992 0.000000 3264.375488 0.000000 0.032116 0.000000 -0.999484 0.581114 0.581114 0.581114
4503.191895 0.000000 3265.500000 0.000000 0.036635 0.000000 -0.999329 0.750215 0.750215 0.750215
4496.186523 0.000000 3238.760742 0.000000 0.456218 0.000000 -0.889868 0.443641 0.443641 0.443641
4500.832520 0.000000 3232.188965 0.000000 0.421787 0.000000 -0.906695 0.480071 0.480071 0.480071
4546.822754 0.000000 3253.577393 0.000000 0.125237 0.000000 -0.992127 0.511497 0.511497 0.511497
4402.318359 0.000000 3276.299561 0.000000 0.410279 0.000000 -0.911960 0.681502 0.681502 0.681502
4404.003906 0.000000 3279.421387 0.000000 0.128634 0.000000 -0.991692 0.535253 0.535253 0.535253
4410.462402 0.000000 3293.163818 0.000000 0.432938 0.000000 -0.901424 0.743668 0.743668 0.743668
4413.032715 0.000000 3298.281738 0.000000 0.475746 0.000000 -0.879583 0.445391 0.445391 0.445391
4390.824707 0.000000 3281.331543 0.000000 0.340764 0.000000 -0.940149 0.588588 0.588588 0.588588
4431.130859 0.000000 3315.465576 0.000000 0.069707 0.000000 -0.997568 0.573633 0.573633 0.573633
4425.063965 0.000000 3306.555664 0.000000 0.364936 0.000000 -0.931033 0.753353 0.753353 0.753353
4430.875488 0.000000 3320.855713 0.000000 0.185618 0.000000 -0.982622 0.761559 0.761559 0.761559
4447.334473 0.000000 3317.079102 0.000000 0.361397 0.000000 -0.932412 0.460061 0.460061 0.460061
4460.376953 0.000000 3322.361328 0.000000 0.413730 0.000000 -0.910399 0.507753 0.507753 0.507753
4445.392090 0.000000 3320.767090 0.000000 0.369524 0.000000 -0.929221 0.751674 0.751674 0.751674
4427.406250 0.000000 3309.164551 0.000000 0.367196 0.000000 -0.930144 0.445171 0.445171 0.445171
4416.936035 0.000000 3298.703369 0.000000 0.410754 0.000000 -0.911746 0.535441 0.535441 0.535441
4433.360840 0.000000 3322.254150 0.000000 0.272099 0.000000 -0.962269 0.757493 0.757493 0.757493
4428.083496 0.000000 3321.607666 0.000000 0.082862 0.000000 -0.996561 0.766173 0.766173 0.766173
4465.519043 0.000000 3338.907715 0.000000 0.063247 0.000000 -0.997998 0.441473 0.441473 0.441473
4527.722656 0.000000 3320.413330 0.000000 0.580350 0.000000 -0.814367 0.412544 0.412544 0.412544
4514.900879 0.000000 3276.158447 0.000000 0.067239 0.000000 -0.997737 0.419744 0.419744 0.419744
4491.786133 0.000000 3281.146729 0.000000 0.335039 0.000000 -0.942204 0.714742 0.714742 0.714742
4480.514160 0.000000 3292.174561 0.000000 0.204685 0.000000 -0.978828 0.473457 0.473457 0.473457
4525.375000 0.000000 3301.015381 0.000000 0.540597 0.000000 -0.841282 0.413626 0.413626 0.413626
4540.832520 0.000000 3308.415527 0.000000 0.277661 0.000000 -0.960679 0.453021 0.453021 0.453021
4488.667480 0.000000 3280.873047 0.000000 0.336248 0.000000 -0.941773 0.513660 0.513660 0.513660
4528.746582 0.000000 3279.331299 0.000000 0.025379 0.000000 -0.999678 0.601103 0.601103 0.601103
4538.504395 0.000000 3299.852539 0.000000 0.186382 0.000000 -0.982477 0.510291 0.510291 0.510291
4533.519043 0.000000 3302.719238 0.000000 0.410573 0.000000 -0.911828 0.469728 0.469728 0.469728
4516.575195 0.000000 3278.482666 0.000000 0.374129 0.000000 -0.927377 0.434514 0.434514 0.434514
4536.639160 0.000000 3281.066162 0.000000 0.230882 0.000000 -0.972982 0.441027 0.441027 0.441027
4574.060547 0.000000 3324.248535 0.000000 0.113036 0.000000 -0.993591 0.419940 0.419940 0.419940
4553.604492 0.000000 3303.548096 0.000000 0.229354 0.000000 -0.973343 0.441051 0.441051 0.441051
4667.100586 0.000000 3173.217773 0.000000 0.244625 0.000000 -0.969618 0.604148 0.604148 0.604148
4680.407715 0.000000 3170.937256 0.000000 0.388614 0.000000 -0.921401 0.415152 0.415152 0.415152
4799.487305 0.000000 3193.352783 0.000000 0.292358 0.000000 -0.956309 0.416604 0.416604 0.416604
4784.580566 0.000000 3193.565674 0.000000 0.295559 0.000000 -0.955325 0.750522 0.750522 0.750522
4792.473633 0.000000 3171.255859 0.000000 0.359801 0.000000 -0.933029 0.449519 0.449519 0.449519
4828.380371 0.000000 3217.975342 0.000000 0.298925 0.000000 -0.954277 0.446304 0.446304 0.446304
4797.125000 0.000000 3272.088623 0.000000 0.022558 0.000000 -0.999746 0.483107 0.483107 0.483107
4818.817383 0.000000 3250.053223 0.000000 0.376455 0.000000 -0.926435 0.416328 0.416328 0.416328
4825.916992 0.000000 3264.375488 0.000000 0.337315 0.000000 -0.941392 0.745368 0.745368 0.745368
4848.746582 0.000000 3222.846924 0.000000 0.455365 0.000000 -0.890305 0.489947 0.489947 0.489947
4853.566895 0.000000 3232.071533 0.000000 0.463127 0.000000 -0.886292 0.747685 0.747685 0.747685
4861.738281 0.000000 3247.858643 0.000000 0.530110 0.000000 -0.847929 0.717870 0.717870 0.717870
4641.947754 0.000000 3325.567383 0.000000 0.418079 0.000000 -0.908411 0.415532 0.415532 0.415532
4617.278320 0.000000 3326.177246 0.000000 0.494251 0.000000 -0.869319 0.419975 0.419975 0.419975
4669.738281 0.000000 3304.343018 0.000000 0.358007 0.000000 -0.933719 0.624780 0.624780 0.624780
4719.722656 0.000000 3320.413330 0.000000 0.234561 0.000000 -0.972101 0.417585 0.417585 0.417585
4672.254883 0.000000 3323.234619 0.000000 0.475644 0.000000 -0.879638 0.414172 0.414172 0.414172
4723.213867 0.000000 3322.351074 0.000000 0.504682 0.000000 -0.863305 0.426062 0.426062 0.426062
4723.759277 0.000000 3307.458496 0.000000 0.420907 0.000000 -0.907104 0.571440 0.571440 0.571440
4714.835938 0.000000 3282.100098 0.000000 0.009076 0.000000 -0.999959 0.433687 0.433687 0.433687
4716.194824 0.000000 3288.171143 0.000000 0.576524 0.000000 -0.817080 0.474786 0.474786 0.474786
4710.581055 0.000000 3311.218262 0.000000 0.258766 0.000000 -0.965940 0.575593 0.575593 0.575593
4730.504395 0.000000 3299.852539 0.000000 0.584915 0.000000 -0.811094 0.587957 0.587957 0.587957
4685.099609 0.000000 3295.870361 0.000000 0.112857 0.000000 -0.993611 0.596678 0.596678 0.596678
4702.961914 0.000000 3277.055176 0.000000 0.084245 0.000000 -0.996445 0.766241 0.766241 0.766241
4695.068359 0.000000 3280.604980 0.000000 0.507200 0.000000 -0.861828 0.547908 0.547908 0.547908
4733.125000 0.000000 3328.572998 0.000000 0.267744 0.000000 -0.963490 0.633966 0.633966 0.633966
4629.208496 0.000000 3372.457275 0.000000 0.090718 0.000000 -0.995877 0.527361 0.527361 0.527361
4634.364746 0.000000 3358.139404 0.000000 0.158982 0.000000 -0.987282 0.419095 0.419095 0.419095
4637.020508 0.000000 3345.408447 0.000000 0.439432 0.000000 -0.898276 0.541135 0.541135 0.541135
4646.337891 0.000000 3346.314209 0.000000 0.356453 0.000000 -0.934313 0.549539 0.549539 0.549539
4615.408691 0.000000 3350.415527 0.000000 0.473984 0.000000 -0.880534 0.495882 0.495882 0.495882
4674.396484 0.000000 3334.440186 0.000000 0.222200 0.000000 -0.975001 0.417349 0.417349 0.417349
4726.381836 0.000000 3361.905762 0.000000 0.361183 0.000000 -0.932495 0.416435 0.416435 0.416435
4695.293457 0.000000 3356.142822 0.000000 0.475722 0.000000 -0.879596 0.414868 0.414868 0.414868
4679.437500 0.000000 3387.621826 0.000000 0.334231 0.000000 -0.942491 0.447837 0.447837 0.447837
4700.380371 0.000000 3387.428467 0.000000 0.499154 0.000000 -0.866513 0.428244 0.428244 0.428244
4772.759766 0.000000 3297.469971 0.000000 0.028007 0.000000 -0.999608 0.763899 0.763899 0.763899
4759.191895 0.000000 3321.984375 0.000000 0.065613 0.000000 -0.997845 0.488833 0.488833 0.488833
4774.337891 0.000000 3289.829834 0.000000 0.183888 0.000000 -0.982947 0.549222 0.549222 0.549222
4809.063965 0.000000 3306.555664 0.000000 0.544849 0.000000 -0.838534 0.413855 0.413855 0.413855
4812.083496 0.000000 3321.607666 0.000000 0.064302 0.000000 -0.997930 0.595712 0.595712 0.595712
4740.948730 0.000000 3332.693115 0.000000 0.414663 0.000000 -0.909975 0.446468 0.446468 0.446468
4743.437500 0.000000 3387.621826 0.000000 0.249467 0.000000 -0.968383 0.436488 0.436488 0.436488
4774.337891 0.000000 3346.314209 0.000000 0.384932 0.000000 -0.922945 0.519003 0.519003 0.519003
4756.984863 0.000000 3369.776123 0.000000 0.148384 0.000000 -0.988930 0.569588 0.569588 0.569588
4759.068359 0.000000 3337.089355 0.000000 0.361767 0.000000 -0.932269 0.747629 0.747629 0.747629
4759.408203 0.000000 3344.416260 0.000000 0.312598 0.000000 -0.949885 0.626125 0.626125 0.626125
4774.824707 0.000000 3337.815918 0.000000 0.222034 0.000000 -0.975039 0.757786 0.757786 0.757786
4800.936035 0.000000 3355.187744 0.000000 0.434268 0.000000 -0.900784 0.526389 0.526389 0.526389
4830.952637 0.000000 3352.090332 0.000000 0.395297 0.000000 -0.918553 0.501780 0.501780 0.501780
4860.013184 0.000000 3347.442871 0.000000 0.359542 0.000000 -0.933129 0.534497 0.534497 0.534497
4887.836426 0.000000 3213.737793 0.000000 0.539818 0.000000 -0.841782 0.734670 0.734670 0.734670
4889.661133 0.000000 3222.675537 0.000000 0.370600 0.000000 -0.928793 0.421940 0.421940 0.421940
4873.084961 0.000000 3230.427246 0.000000 0.562994 0.000000 -0.826461 0.427130 0.427130 0.427130
4884.968750 0.000000 3328.218750 0.000000 0.076298 0.000000 -0.997085 0.419102 0.419102 0.419102
4869.464844 0.000000 3280.875732 0.000000 0.302064 0.000000 -0.953288 0.503692 0.503692 0.503692
4949.502930 0.000000 3324.412842 0.000000 0.248691 0.000000 -0.968583 0.418381 0.418381 0.418381
4928.894531 0.000000 3306.393799 0.000000 0.201472 0.000000 -0.979494 0.430845 0.430845 0.430845
4937.278320 0.000000 3326.177246 0.000000 0.200541 0.000000 -0.979685 0.548847 0.548847 0.548847
4957.422852 0.000000 3314.645508 0.000000 0.527292 0.000000 -0.849684 0.532602 0.532602 0.532602
4935.437500 0.000000 3331.137451 0.000000 0.087905 0.000000 -0.996129 0.540468 0.540468 0.540468
4934.395508 0.000000 3306.149414 0.000000 0.503277 0.000000 -0.864125 0.474230 0.474230 0.474230
4940.721191 0.000000 3314.418701 0.000000 0.528511 0.000000 -0.848927 0.452785 0.452785 0.452785
4894.530273 0.000000 3356.038086 0.000000 0.249683 0.000000 -0.968328 0.417248 0.417248 0.417248
4873.604492 0.000000 3360.032471 0.000000 0.425779 0.000000 -0.904827 0.549982 0.549982 0.549982
4884.094727 0.000000 3347.979004 0.000000 0.515727 0.000000 -0.856753 0.488668 0.488668 0.488668
4876.083496 0.000000 3378.092041 0.000000 0.286694 0.000000 -0.958022 0.750108 0.750108 0.750108
4889.706543 0.000000 3346.217529 0.000000 0.494793 0.000000 -0.869011 0.537645 0.537645 0.537645
4897.062500 0.000000 3384.652100 0.000000 0.013884 0.000000 -0.999904 0.559576 0.559576 0.559576
4903.591309 0.000000 3374.414062 0.000000 0.386041 0.000000 -0.922482 0.583075 0.583075 0.583075
4940.978516 0.000000 3333.314209 0.000000 0.484892 0.000000 -0.874574 0.413661 0.413661 0.413661
4953.661133 0.000000 3335.644287 0.000000 0.582200 0.000000 -0.813045 0.493465 0.493465 0.493465
4964.575195 0.000000 3334.967041 0.000000 0.209399 0.000000 -0.977830 0.561633 0.561633 0.561633
4948.832520 0.000000 3345.157715 0.000000 0.474152 0.000000 -0.880443 0.627635 0.627635 0.627635
4998.057129 0.000000 3321.031494 0.000000 0.400179 0.000000 -0.916437 0.444612 0.444612 0.444612
4612.948730 0.000000 3389.177490 0.000000 0.425682 0.000000 -0.904873 0.429470 0.429470 0.429470
4668.013184 0.000000 3403.927246 0.000000 0.306419 0.000000 -0.951897 0.458903 0.458903 0.458903
4756.994629 0.000000 3391.615234 0.000000 0.572617 0.000000 -0.819823 0.514640 0.514640 0.514640
4750.604980 0.000000 3436.639404 0.000000 0.330550 0.000000 -0.943788 0.435214 0.435214 0.435214
5410.900879 0.000000 2824.283447 0.000000 0.094312 0.000000 -0.995543 0.420567 0.420567 0.420567
5418.288574 0.000000 2847.366455 0.000000 0.575479 0.000000 -0.817817 0.632740 0.632740 0.632740
5418.835938 0.000000 2830.225098 0.000000 0.043873 0.000000 -0.999037 0.435323 0.435323 0.435323
5420.352051 0.000000 2841.479736 0.000000 0.283957 0.000000 -0.958837 0.450793 0.450793 0.450793
5434.544434 0.000000 2921.126221 0.000000 0.097387 0.000000 -0.995247 0.756642 0.756642 0.756642
5431.819336 0.000000 2899.533936 0.000000 0.196963 0.000000 -0.980411 0.514386 0.514386 0.514386
5414.469727 0.000000 2907.297119 0.000000 0.401227 0.000000 -0.915979 0.533535 0.533535 0.533535
5440.254883 0.000000 2927.843994 0.000000 0.362921 0.000000 -0.931820 0.415571 0.415571 0.415571
5365.519043 0.000000 3133.266113 0.000000 0.214830 0.000000 -0.976651 0.535567 0.535567 0.535567
5371.000977 0.000000 3144.441650 0.000000 0.148008 0.000000 -0.988986 0.461576 0.461576 0.461576
5434.511719 0.000000 2957.697510 0.000000 0.422164 0.000000 -0.906520 0.496980 0.496980 0.496980
5436.013184 0.000000 2952.052246 0.000000 0.323518 0.000000 -0.946222 0.484089 0.484089 0.484089
5440.936035 0.000000 2959.797119 0.000000 0.441268 0.000000 -0.897375 0.431311 0.431311 0.431311
5434.511719 0.000000 3014.181885 0.000000 0.583518 0.000000 -0.812100 0.464206 0.464206 0.464206
5435.211426 0.000000 3023.290039 0.000000 0.016890 0.000000 -0.999857 0.421104 0.421104 0.421104
5404.793945 0.000000 3052.998047 0.000000 0.083979 0.000000 -0.996468 0.419004 0.419004 0.419004
5412.620605 0.000000 3096.864746 0.000000 0.490697 0.000000 -0.871330 0.414473 0.414473 0.414473
5417.204590 0.000000 3086.717529 0.000000 0.272360 0.000000 -0.962195 0.455235 0.455235 0.455235
5444.458496 0.000000 3104.622314 0.000000 0.432690 0.000000 -0.901543 0.414415 0.414415 0.414415
5472.449219 0.000000 3076.151611 0.000000 0.210627 0.000000 -0.977566 0.426458 0.426458 0.426458
5456.244141 0.000000 3079.354004 0.000000 0.555687 0.000000 -0.831392 0.737654 0.737654 0.737654
5467.635742 0.000000 3073.206543 0.000000 0.311577 0.000000 -0.950221 0.527015 0.527015 0.527015
5384.908691 0.000000 3152.540527 0.000000 0.218084 0.000000 -0.975930 0.418482 0.418482 0.418482
5393.664551 0.000000 3113.296631 0.000000 0.281268 0.000000 -0.959629 0.681602 0.681602 0.681602
5412.759766 0.000000 3128.016846 0.000000 0.223484 0.000000 -0.974708 0.498819 0.498819 0.498819
5383.213379 0.000000 3144.840576 0.000000 0.544636 0.000000 -0.838673 0.431620 0.431620 0.431620
5398.782715 0.000000 3113.944092 0.000000 0.313217 0.000000 -0.949682 0.722138 0.722138 0.722138
5376.090332 0.000000 3109.936279 0.000000 0.573575 0.000000 -0.819153 0.441495 0.441495 0.441495
5399.068359 0.000000 3111.151855 0.000000 0.310854 0.000000 -0.950458 0.748130 0.748130 0.748130
5449.400879 0.000000 3122.759766 0.000000 0.023977 0.000000 -0.999713 0.696726 0.696726 0.696726
5446.330566 0.000000 3118.737549 0.000000 0.129316 0.000000 -0.991603 0.697707 0.697707 0.697707
5463.191895 0.000000 3152.531250 0.000000 0.334112 0.000000 -0.942533 0.486013 0.486013 0.486013
5544.832520 0.000000 3110.141846 0.000000 0.440271 0.000000 -0.897865 0.414362 0.414362 0.414362
5990.889160 0.000000 3017.111572 0.000000 0.484110 0.000000 -0.875007 0.447336 0.447336 0.447336
5396.968750 0.000000 3215.250000 0.000000 0.263040 0.000000 -0.964785 0.416676 0.416676 0.416676
5388.526855 0.000000 3186.170898 0.000000 0.552806 0.000000 -0.833310 0.563577 0.563577 0.563577
5376.042480 0.000000 3163.132324 0.000000 0.514374 0.000000 -0.857566 0.427983 0.427983 0.427983
5396.832520 0.000000 3175.704590 0.000000 0.256458 0.000000 -0.966555 0.485350 0.485350 0.485350
5398.782715 0.000000 3170.428467 0.000000 0.207079 0.000000 -0.978324 0.760705 0.760705 0.760705
5391.671387 0.000000 3164.654053 0.000000 0.100545 0.000000 -0.994933 0.551081 0.551081 0.551081
5488.205566 0.000000 3219.583740 0.000000 0.225815 0.000000 -0.974170 0.417301 0.417301 0.417301
5466.364746 0.000000 3188.686279 0.000000 0.296601 0.000000 -0.955001 0.417307 0.417307 0.417307
5459.771973 0.000000 3185.750488 0.000000 0.523283 0.000000 -0.852159 0.724623 0.724623 0.724623
5472.618164 0.000000 3166.490723 0.000000 0.109190 0.000000 -0.994021 0.420285 0.420285 0.420285
5467.635742 0.000000 3186.175293 0.000000 0.478604 0.000000 -0.878031 0.495782 0.495782 0.495782
5404.793945 0.000000 3222.451172 0.000000 0.410509 0.000000 -0.911857 0.414671 0.414671 0.414671
5420.083496 0.000000 3239.670410 0.000000 0.454953 0.000000 -0.890516 0.414644 0.414644 0.414644
5435.981445 0.000000 3274.828613 0.000000 0.179428 0.000000 -0.983771 0.419161 0.419161 0.419161
5563.100586 0.000000 3173.217773 0.000000 0.418088 0.000000 -0.908407 0.427495 0.427495 0.427495
5521.939453 0.000000 3261.405029 0.000000 0.494151 0.000000 -0.869376 0.474415 0.474415 0.474415
5527.191895 0.000000 3265.500000 0.000000 0.037038 0.000000 -0.999314 0.444021 0.444021 0.444021
5481.385742 0.000000 3309.011963 0.000000 0.531617 0.000000 -0.846985 0.413317 0.413317 0.413317
5482.288574 0.000000 3299.241455 0.000000 0.074586 0.000000 -0.997215 0.420917 0.420917 0.420917
5498.462402 0.000000 3293.163818 0.000000 0.485661 0.000000 -0.874147 0.434747 0.434747 0.434747
5501.032715 0.000000 3298.281738 0.000000 0.554053 0.000000 -0.832482 0.437698 0.437698 0.437698
5460.094727 0.000000 3291.494629 0.000000 0.239776 0.000000 -0.970828 0.434515 0.434515 0.434515
5533.237305 0.000000 3309.615967 0.000000 0.396714 0.000000 -0.917942 0.455210 0.455210 0.455210
5556.014648 0.000000 3284.937012 0.000000 0.076041 0.000000 -0.997105 0.486484 0.486484 0.486484
5556.463867 0.000000 3291.175537 0.000000 0.440237 0.000000 -0.897881 0.431328 0.431328 0.431328
5554.798340 0.000000 3312.774902 0.000000 0.158836 0.000000 -0.987305 0.528118 0.528118 0.528118
5557.566895 0.000000 3288.555908 0.000000 0.029871 0.000000 -0.999554 0.457052 0.457052 0.457052
5542.824707 0.000000 3281.331543 0.000000 0.265197 0.000000 -0.964194 0.504430 0.504430 0.504430
5610.009766 0.000000 3331.030518 0.000000 0.388611 0.000000 -0.921402 0.415562 0.415562 0.415562
5594.709961 0.000000 3313.133789 0.000000 0.036983 0.000000 -0.999316 0.439722 0.439722 0.439722
5606.337891 0.000000 3289.829834 0.000000 0.043336 0.000000 -0.999061 0.698328 0.698328 0.698328
5574.395508 0.000000 3306.149414 0.000000 0.177210 0.000000 -0.984173 0.508318 0.508318 0.508318
5590.478027 0.000000 3367.471436 0.000000 0.429877 0.000000 -0.902888 0.415636 0.415636 0.415636
5594.709961 0.000000 3369.618164 0.000000 0.307159 0.000000 -0.951658 0.454647 0.454647 0.454647
5619.213867 0.000000 3378.835449 0.000000 0.281739 0.000000 -0.959491 0.417519 0.417519 0.417519
5626.637207 0.000000 3359.511719 0.000000 0.531702 0.000000 -0.846932 0.433936 0.433936 0.433936
5554.318359 0.000000 3389.268311 0.000000 0.141385 0.000000 -0.989955 0.419193 0.419193 0.419193
5575.914551 0.000000 3390.899414 0.000000 0.514473 0.000000 -0.857506 0.413634 0.413634 0.413634
5718.478027 0.000000 3367.471436 0.000000 0.403809 0.000000 -0.914843 0.415919 0.415919 0.415919
5769.604492 0.000000 3303.548096 0.000000 0.071658 0.000000 -0.997429 0.443491 0.443491 0.443491
5771.616211 0.000000 3305.434814 0.000000 0.181927 0.000000 -0.983312 0.562277 0.562277 0.562277
5810.842773 0.000000 3350.447998 0.000000 0.136417 0.000000 -0.990651 0.433949 0.433949 0.433949
5802.288574 0.000000 3355.725830 0.000000 0.214867 0.000000 -0.976643 0.428520 0.428520 0.428520
5847.068359 0.000000 3337.089355 0.000000 0.417598 0.000000 -0.908632 0.548055 0.548055 0.548055
6138.504395 0.000000 3356.336914 0.000000 0.399897 0.000000 -0.916560 0.495322 0.495322 0.495322
6138.637207 0.000000 3359.511719 0.000000 0.033491 0.000000 -0.999439 0.758970 0.758970 0.758970
5702.507812 0.000000 3441.153564 0.000000 0.221997 0.000000 -0.975047 0.591702 0.591702 0.591702
5708.375000 0.000000 3443.730225 0.000000 0.498488 0.000000 -0.866897 0.524870 0.524870 0.524870
5816.639160 0.000000 3394.034912 0.000000 0.311802 0.000000 -0.950147 0.469425 0.469425 0.469425
5859.991211 0.000000 3404.789062 0.000000 0.138220 0.000000 -0.990402 0.578552 0.578552 0.578552
5843.771973 0.000000 3411.687988 0.000000 0.535797 0.000000 -0.844347 0.417201 0.417201 0.417201
5847.191895 0.000000 3434.953125 0.000000 0.140387 0.000000 -0.990097 0.436025 0.436025 0.436025
5770.072266 0.000000 3501.718994 0.000000 0.071105 0.000000 -0.997469 0.759097 0.759097 0.759097
5780.994629 0.000000 3448.099609 0.000000 0.513958 0.000000 -0.857815 0.537162 0.537162 0.537162
5866.835938 0.000000 3451.553223 0.000000 0.577432 0.000000 -0.816439 0.577633 0.577633 0.577633
5862.581055 0.000000 3480.671387 0.000000 0.528924 0.000000 -0.848669 0.465327 0.465327 0.465327
5871.447754 0.000000 3458.232666 0.000000 0.500279 0.000000 -0.865864 0.592668 0.592668 0.592668
5863.591309 0.000000 3487.382812 0.000000 0.111997 0.000000 -0.993709 0.691613 0.691613 0.691613
5728.618164 0.000000 3561.881348 0.000000 0.036549 0.000000 -0.999332 0.421297 0.421297 0.421297
5711.671387 0.000000 3560.044678 0.000000 0.070201 0.000000 -0.997533 0.490913 0.490913 0.490913
5885.524414 0.000000 3519.101074 0.000000 0.135430 0.000000 -0.990787 0.419273 0.419273 0.419273
5892.458496 0.000000 3500.012939 0.000000 0.444443 0.000000 -0.895807 0.414247 0.414247 0.414247
5900.083496 0.000000 3491.060791 0.000000 0.224855 0.000000 -0.974392 0.646162 0.646162 0.646162
5959.979980 0.000000 3487.682129 0.000000 0.216080 0.000000 -0.976376 0.417632 0.417632 0.417632
6010.637207 0.000000 3472.480469 0.000000 0.213386 0.000000 -0.976968 0.692675 0.692675 0.692675
6069.860840 0.000000 3437.128906 0.000000 0.421470 0.000000 -0.906843 0.573562 0.573562 0.573562
6072.473633 0.000000 3397.193359 0.000000 0.107614 0.000000 -0.994193 0.453657 0.453657 0.453657
6041.681152 0.000000 3479.324463 0.000000 0.462572 0.000000 -0.886582 0.498237 0.498237 0.498237
6022.057129 0.000000 3490.484619 0.000000 0.411276 0.000000 -0.911511 0.471826 0.471826 0.471826
6032.244141 0.000000 3474.744629 0.000000 0.142714 0.000000 -0.989764 0.496052 0.496052 0.496052
6128.746582 0.000000 3448.784424 0.000000 0.400065 0.000000 -0.916487 0.431988 0.431988 0.431988
6097.360840 0.000000 3491.707275 0.000000 0.336413 0.000000 -0.941714 0.681915 0.681915 0.681915
6087.408691 0.000000 3463.384277 0.000000 0.571059 0.000000 -0.820909 0.742157 0.742157 0.742157
6092.721191 0.000000 3483.871826 0.000000 0.186907 0.000000 -0.982378 0.508127 0.508127 0.508127
6000.918945 0.000000 3517.017334 0.000000 0.343431 0.000000 -0.939178 0.528451 0.528451 0.528451
5933.434082 0.000000 3588.244873 0.000000 0.270864 0.000000 -0.962618 0.417608 0.417608 0.417608
5935.537109 0.000000 3585.644043 0.000000 0.564873 0.000000 -0.825178 0.741045 0.741045 0.741045
5975.068359 0.000000 3563.026855 0.000000 0.372944 0.000000 -0.927854 0.534190 0.534190 0.534190
6128.205566 0.000000 3558.489990 0.000000 0.205124 0.000000 -0.978736 0.417574 0.417574 0.417574
6099.991699 0.000000 3535.258789 0.000000 0.481587 0.000000 -0.876399 0.650967 0.650967 0.650967
6088.614258 0.000000 3515.560059 0.000000 0.228657 0.000000 -0.973507 0.492289 0.492289 0.492289
6369.210449 0.000000 2191.279541 0.000000 0.457406 0.000000 -0.889258 0.414553 0.414553 0.414553
6371.765137 0.000000 2172.253418 0.000000 0.573870 0.000000 -0.818946 0.485292 0.485292 0.485292
6362.709961 0.000000 2183.446289 0.000000 0.288133 0.000000 -0.957590 0.752283 0.752283 0.752283
6397.524414 0.000000 2163.476074 0.000000 0.142028 0.000000 -0.989863 0.556679 0.556679 0.556679
6369.947754 0.000000 2195.879883 0.000000 0.544587 0.000000 -0.838705 0.450387 0.450387 0.450387
6387.213867 0.000000 2192.663574 0.000000 0.057511 0.000000 -0.998345 0.501974 0.501974 0.501974
6384.647949 0.000000 2186.882080 0.000000 0.302695 0.000000 -0.953087 0.756296 0.756296 0.756296
6366.953613 0.000000 2202.658691 0.000000 0.491260 0.000000 -0.871013 0.592936 0.592936 0.592936
6359.371094 0.000000 2189.420166 0.000000 0.130224 0.000000 -0.991485 0.438315 0.438315 0.438315
6370.857422 0.000000 2175.535156 0.000000 0.121971 0.000000 -0.992534 0.557135 0.557135 0.557135
6397.032715 0.000000 2168.594238 0.000000 0.203637 0.000000 -0.979047 0.668764 0.668764 0.668764
6394.504395 0.000000 2170.165039 0.000000 0.454253 0.000000 -0.890873 0.747450 0.747450 0.747450
6353.664551 0.000000 2153.062256 0.000000 0.541379 0.000000 -0.840779 0.532244 0.532244 0.532244
6396.013184 0.000000 2161.270996 0.000000 0.380194 0.000000 -0.924907 0.521236 0.521236 0.521236
6386.789551 0.000000 2214.978027 0.000000 0.461527 0.000000 -0.887126 0.640913 0.640913 0.640913
6397.212891 0.000000 2228.282471 0.000000 0.280607 0.000000 -0.959823 0.465726 0.465726 0.465726
6357.668945 0.000000 2212.679443 0.000000 0.288270 0.000000 -0.957549 0.751830 0.751830 0.751830
6377.064941 0.000000 2254.596191 0.000000 0.390530 0.000000 -0.920590 0.501879 0.501879 0.501879
6383.537109 0.000000 2230.019043 0.000000 0.198337 0.000000 -0.980134 0.460737 0.460737 0.460737
6343.408691 0.000000 2220.728027 0.000000 0.454567 0.000000 -0.890713 0.736194 0.736194 0.736194
6405.119141 0.000000 2162.840576 0.000000 0.545478 0.000000 -0.838125 0.740034 0.740034 0.740034
6418.230469 0.000000 2184.441895 0.000000 0.409739 0.000000 -0.912203 0.423430 0.423430 0.423430
6420.984863 0.000000 2183.604248 0.000000 0.472169 0.000000 -0.881508 0.538208 0.538208 0.538208
6319.447754 0.000000 2272.060791 0.000000 0.361809 0.000000 -0.932252 0.750985 0.750985 0.750985
6212.763672 0.000000 2916.895264 0.000000 0.535113 0.000000 -0.844780 0.413564 0.413564 0.413564
6566.889160 0.000000 3299.533447 0.000000 0.261667 0.000000 -0.965158 0.423583 0.423583 0.423583
6173.020508 0.000000 3458.377197 0.000000 0.542712 0.000000 -0.839919 0.479697 0.479697 0.479697
6186.835938 0.000000 3451.553223 0.000000 0.559661 0.000000 -0.828722 0.477240 0.477240 0.477240
6172.947754 0.000000 3475.618652 0.000000 0.081693 0.000000 -0.996658 0.765835 0.765835 0.765835
6160.186523 0.000000 3464.698242 0.000000 0.373786 0.000000 -0.927515 0.715469 0.715469 0.715469
6158.979980 0.000000 3470.386963 0.000000 0.359659 0.000000 -0.933084 0.583781 0.583781 0.583781
6165.235840 0.000000 3465.407959 0.000000 0.021276 0.000000 -0.999774 0.623317 0.623317 0.623317
6378.009766 0.000000 3443.999268 0.000000 0.448860 0.000000 -0.893602 0.414735 0.414735 0.414735
6156.721191 0.000000 3596.840576 0.000000 0.436429 0.000000 -0.899739 0.530584 0.530584 0.530584
6375.591309 0.000000 3600.351562 0.000000 0.292621 0.000000 -0.956228 0.540303 0.540303 0.540303
6400.254883 0.000000 3436.203369 0.000000 0.430888 0.000000 -0.902406 0.448288 0.448288 0.448288
6460.013184 0.000000 3460.411621 0.000000 0.188843 0.000000 -0.982007 0.562115 0.562115 0.562115
6586.544434 0.000000 3485.969971 0.000000 0.292225 0.000000 -0.956350 0.416288 0.416288 0.416288
6593.318848 0.000000 3484.435303 0.000000 0.451396 0.000000 -0.892324 0.414147 0.414147 0.414147
6602.564941 0.000000 3448.095703 0.000000 0.328511 0.000000 -0.944500 0.638665 0.638665 0.638665
6444.127930 0.000000 3585.957031 0.000000 0.477609 0.000000 -0.878573 0.687672 0.687672 0.687672
6525.292480 0.000000 3571.074707 0.000000 0.371985 0.000000 -0.928239 0.415682 0.415682 0.415682
6623.453613 0.000000 3518.761475 0.000000 0.281841 0.000000 -0.959461 0.416555 0.416555 0.416555
6586.462402 0.000000 3575.585693 0.000000 0.076120 0.000000 -0.997099 0.508123 0.508123 0.508123
6581.566895 0.000000 3570.977783 0.000000 0.355445 0.000000 -0.934697 0.487725 0.487725 0.487725
6607.130859 0.000000 3597.887451 0.000000 0.171467 0.000000 -0.985190 0.418365 0.418365 0.418365
6785.884766 0.000000 3270.661865 0.000000 0.097376 0.000000 -0.995248 0.419935 0.419935 0.419935
6663.213379 0.000000 3596.715576 0.000000 0.254597 0.000000 -0.967047 0.695677 0.695677 0.695677
"}
