object={
	name="pine_sparse_generator_3_0"
	clamp_to_water_level=no
	render_under_water=no
	generated_content=yes
	layer="semidynamic_high"
	pdxmesh="tree_fir_001_mesh"
	count=1958
	transform="1279.586426 0.000000 2538.747070 0.000000 0.257708 0.000000 0.966223 0.382992 0.382992 0.382992
1275.305786 0.000000 2535.091553 0.000000 0.305233 0.000000 0.952278 0.394105 0.394105 0.394105
1273.099365 0.000000 2532.314697 0.000000 0.493903 0.000000 0.869517 0.658087 0.658087 0.658087
1273.239868 0.000000 2528.641846 0.000000 0.231717 0.000000 0.972783 0.515479 0.515479 0.515479
1278.038330 0.000000 2565.780029 0.000000 0.057977 0.000000 0.998318 0.436317 0.436317 0.436317
1275.484375 0.000000 2582.993164 0.000000 0.069627 0.000000 0.997573 0.573187 0.573187 0.573187
1275.451904 0.000000 2581.686279 0.000000 0.117752 0.000000 0.993043 0.550652 0.550652 0.550652
1278.015381 0.000000 2574.413330 0.000000 0.209098 0.000000 0.977895 0.646756 0.646756 0.646756
1272.633789 0.000000 2557.194092 0.000000 0.309619 0.000000 0.950861 0.589316 0.589316 0.589316
1277.505859 0.000000 2606.357666 0.000000 0.441017 0.000000 0.897499 0.545879 0.545879 0.545879
1277.552002 0.000000 2607.594482 0.000000 0.556386 0.000000 0.830924 0.549422 0.549422 0.549422
1273.864868 0.000000 2683.356934 0.000000 0.146151 0.000000 0.989262 0.413085 0.413085 0.413085
1279.169312 0.000000 2671.643311 0.000000 0.284173 0.000000 0.958773 0.418982 0.418982 0.418982
1279.365845 0.000000 2664.730957 0.000000 0.162441 0.000000 0.986718 0.492806 0.492806 0.492806
1268.696045 0.000000 2690.869385 0.000000 0.137441 0.000000 0.990510 0.549483 0.549483 0.549483
1278.476929 0.000000 2680.171875 0.000000 0.116312 0.000000 0.993213 0.589959 0.589959 0.589959
1285.464844 0.000000 2546.578857 0.000000 0.501755 0.000000 0.865010 0.386118 0.386118 0.386118
1294.604980 0.000000 2589.373779 0.000000 0.501679 0.000000 0.865054 0.385752 0.385752 0.385752
1284.140625 0.000000 2583.364746 0.000000 0.500536 0.000000 0.865716 0.430187 0.430187 0.430187
1280.098511 0.000000 2577.859375 0.000000 0.071723 0.000000 0.997425 0.640534 0.640534 0.640534
1528.732300 0.000000 2533.869629 0.000000 0.315053 0.000000 0.949074 0.650401 0.650401 0.650401
1518.797363 0.000000 2537.115723 0.000000 0.545332 0.000000 0.838220 0.496684 0.496684 0.496684
1522.163818 0.000000 2532.288086 0.000000 0.569790 0.000000 0.821791 0.567871 0.567871 0.567871
1533.190430 0.000000 2540.734619 0.000000 0.181360 0.000000 0.983417 0.521199 0.521199 0.521199
1522.113525 0.000000 2531.067871 0.000000 0.134385 0.000000 0.990929 0.561439 0.561439 0.561439
1530.917725 0.000000 2532.559082 0.000000 0.190244 0.000000 0.981737 0.642146 0.642146 0.642146
1534.093750 0.000000 2534.189453 0.000000 0.291866 0.000000 0.956459 0.618174 0.618174 0.618174
1530.504395 0.000000 2565.555664 0.000000 0.031036 0.000000 0.999518 0.379011 0.379011 0.379011
1488.098755 0.000000 2551.556396 0.000000 0.091792 0.000000 0.995778 0.399772 0.399772 0.399772
1504.594482 0.000000 2561.435303 0.000000 0.503794 0.000000 0.863824 0.439368 0.439368 0.439368
1512.469849 0.000000 2561.062012 0.000000 0.060868 0.000000 0.998146 0.443394 0.443394 0.443394
1497.909180 0.000000 2558.883057 0.000000 0.575458 0.000000 0.817832 0.466498 0.466498 0.466498
1533.256958 0.000000 2547.161621 0.000000 0.017831 0.000000 0.999841 0.489533 0.489533 0.489533
1494.048218 0.000000 2564.909912 0.000000 0.247019 0.000000 0.969011 0.587286 0.587286 0.587286
1504.863159 0.000000 2562.621582 0.000000 0.365627 0.000000 0.930761 0.584162 0.584162 0.584162
1510.709351 0.000000 2552.604492 0.000000 0.017551 0.000000 0.999846 0.630357 0.630357 0.630357
1498.768433 0.000000 2556.729248 0.000000 0.332219 0.000000 0.943202 0.586569 0.586569 0.586569
1494.963135 0.000000 2564.269775 0.000000 0.533220 0.000000 0.845977 0.597027 0.597027 0.597027
1499.859375 0.000000 2556.942139 0.000000 0.355825 0.000000 0.934553 0.587343 0.587343 0.587343
1305.661133 0.000000 2601.347412 0.000000 0.531157 0.000000 0.847274 0.386322 0.386322 0.386322
1307.203247 0.000000 2637.598877 0.000000 0.051761 0.000000 0.998659 0.384953 0.384953 0.384953
1289.807861 0.000000 2639.448486 0.000000 0.239042 0.000000 0.971009 0.394886 0.394886 0.394886
1290.780396 0.000000 2633.065186 0.000000 0.501853 0.000000 0.864953 0.413773 0.413773 0.413773
1305.909180 0.000000 2615.367432 0.000000 0.165120 0.000000 0.986273 0.447122 0.447122 0.447122
1321.922974 0.000000 2623.433105 0.000000 0.133932 0.000000 0.990990 0.533853 0.533853 0.533853
1309.948364 0.000000 2639.401611 0.000000 0.283617 0.000000 0.958938 0.481438 0.481438 0.481438
1327.249023 0.000000 2621.018555 0.000000 0.334173 0.000000 0.942512 0.588378 0.588378 0.588378
1309.817505 0.000000 2638.160645 0.000000 0.453201 0.000000 0.891408 0.485339 0.485339 0.485339
1307.823975 0.000000 2611.142822 0.000000 0.226592 0.000000 0.973990 0.648044 0.648044 0.648044
1321.172119 0.000000 2621.757812 0.000000 0.586706 0.000000 0.809800 0.599038 0.599038 0.599038
1282.728394 0.000000 2598.302979 0.000000 0.487069 0.000000 0.873364 0.644831 0.644831 0.644831
1326.371826 0.000000 2619.294434 0.000000 0.076804 0.000000 0.997046 0.603924 0.603924 0.603924
1323.729126 0.000000 2619.336670 0.000000 0.434622 0.000000 0.900613 0.577618 0.577618 0.577618
1385.205444 0.000000 2654.737549 0.000000 0.142832 0.000000 0.989747 0.453753 0.453753 0.453753
1320.688843 0.000000 2679.166016 0.000000 0.251425 0.000000 0.967877 0.393276 0.393276 0.393276
1283.915771 0.000000 2659.378662 0.000000 0.367476 0.000000 0.930033 0.465436 0.465436 0.465436
1294.755737 0.000000 2664.213623 0.000000 0.232892 0.000000 0.972503 0.490902 0.490902 0.490902
1280.213257 0.000000 2666.867188 0.000000 0.410526 0.000000 0.911849 0.518304 0.518304 0.518304
1280.649170 0.000000 2669.680664 0.000000 0.392603 0.000000 0.919708 0.519610 0.519610 0.519610
1306.453857 0.000000 2655.779785 0.000000 0.080425 0.000000 0.996761 0.617539 0.617539 0.617539
1313.559692 0.000000 2674.043213 0.000000 0.222901 0.000000 0.974841 0.560573 0.560573 0.560573
1287.659180 0.000000 2659.499512 0.000000 0.374767 0.000000 0.927119 0.654584 0.654584 0.654584
1366.404541 0.000000 2680.380859 0.000000 0.478672 0.000000 0.877994 0.473308 0.473308 0.473308
1371.790405 0.000000 2673.519043 0.000000 0.496003 0.000000 0.868321 0.480952 0.480952 0.480952
1390.953857 0.000000 2708.165283 0.000000 0.456270 0.000000 0.889841 0.485412 0.485412 0.485412
1367.724487 0.000000 2681.895020 0.000000 0.310954 0.000000 0.950425 0.469589 0.469589 0.469589
1407.927368 0.000000 2669.510986 0.000000 0.533128 0.000000 0.846035 0.490928 0.490928 0.490928
1401.471191 0.000000 2671.104980 0.000000 0.439600 0.000000 0.898194 0.611308 0.611308 0.611308
1389.281250 0.000000 2659.885254 0.000000 0.020219 0.000000 0.999796 0.563219 0.563219 0.563219
1487.869995 0.000000 2635.104004 0.000000 0.326537 0.000000 0.945184 0.382875 0.382875 0.382875
1495.599731 0.000000 2652.836426 0.000000 0.102429 0.000000 0.994740 0.431831 0.431831 0.431831
1481.022705 0.000000 2641.348389 0.000000 0.095641 0.000000 0.995416 0.520764 0.520764 0.520764
1524.696045 0.000000 2634.385010 0.000000 0.364965 0.000000 0.931021 0.476124 0.476124 0.476124
1482.112915 0.000000 2635.437988 0.000000 0.361612 0.000000 0.932329 0.591035 0.591035 0.591035
1481.122314 0.000000 2645.342773 0.000000 0.340189 0.000000 0.940357 0.544727 0.544727 0.544727
1495.105713 0.000000 2642.464600 0.000000 0.237724 0.000000 0.971333 0.574882 0.574882 0.574882
1498.614136 0.000000 2641.924805 0.000000 0.293049 0.000000 0.956097 0.593983 0.593983 0.593983
1500.341675 0.000000 2647.945312 0.000000 0.366901 0.000000 0.930260 0.608692 0.608692 0.608692
1497.314697 0.000000 2651.010986 0.000000 0.065917 0.000000 0.997825 0.586653 0.586653 0.586653
1482.690430 0.000000 2644.643066 0.000000 0.559755 0.000000 0.828658 0.581891 0.581891 0.581891
1414.056885 0.000000 2699.703369 0.000000 0.508253 0.000000 0.861208 0.386011 0.386011 0.386011
1437.614136 0.000000 2686.493652 0.000000 0.253108 0.000000 0.967438 0.418448 0.418448 0.418448
1439.972656 0.000000 2679.146484 0.000000 0.491904 0.000000 0.870649 0.428194 0.428194 0.428194
1451.575684 0.000000 2685.495850 0.000000 0.367419 0.000000 0.930056 0.449278 0.449278 0.449278
1415.240967 0.000000 2689.295166 0.000000 0.566957 0.000000 0.823748 0.576762 0.576762 0.576762
1727.163452 0.000000 2405.018311 0.000000 0.194435 0.000000 0.980915 0.381639 0.381639 0.381639
1726.038330 0.000000 2396.326904 0.000000 0.503917 0.000000 0.863752 0.437548 0.437548 0.437548
1725.034058 0.000000 2417.361328 0.000000 0.137904 0.000000 0.990446 0.587238 0.587238 0.587238
1733.044800 0.000000 2403.220459 0.000000 0.261913 0.000000 0.965091 0.542531 0.542531 0.542531
1729.515137 0.000000 2401.528809 0.000000 0.534772 0.000000 0.844997 0.530738 0.530738 0.530738
1721.205933 0.000000 2438.454590 0.000000 0.243975 0.000000 0.969782 0.421872 0.421872 0.421872
1712.395630 0.000000 2461.159180 0.000000 0.343554 0.000000 0.939133 0.447007 0.447007 0.447007
1716.696045 0.000000 2464.931885 0.000000 0.438828 0.000000 0.898571 0.472396 0.472396 0.472396
1723.996826 0.000000 2436.097168 0.000000 0.228216 0.000000 0.973611 0.581504 0.581504 0.581504
1724.125732 0.000000 2439.722656 0.000000 0.135707 0.000000 0.990749 0.552879 0.552879 0.552879
1722.650757 0.000000 2440.006104 0.000000 0.063867 0.000000 0.997958 0.586588 0.586588 0.586588
1711.705200 0.000000 2460.112061 0.000000 0.354582 0.000000 0.935025 0.507964 0.507964 0.507964
1726.358276 0.000000 2435.699951 0.000000 0.442840 0.000000 0.896601 0.644770 0.644770 0.644770
1536.927002 0.000000 2539.006104 0.000000 0.214888 0.000000 0.976639 0.568994 0.568994 0.568994
1538.575806 0.000000 2582.923828 0.000000 0.248751 0.000000 0.968567 0.381686 0.381686 0.381686
1539.621094 0.000000 2578.884766 0.000000 0.243348 0.000000 0.969939 0.475241 0.475241 0.475241
1541.529175 0.000000 2545.286865 0.000000 0.355305 0.000000 0.934750 0.486621 0.486621 0.486621
1537.950562 0.000000 2581.771240 0.000000 0.097441 0.000000 0.995241 0.572326 0.572326 0.572326
1540.508179 0.000000 2584.497314 0.000000 0.512498 0.000000 0.858688 0.519287 0.519287 0.519287
1536.213257 0.000000 2553.898438 0.000000 0.055159 0.000000 0.998478 0.533491 0.533491 0.533491
1707.659790 0.000000 2521.492188 0.000000 0.535608 0.000000 0.844467 0.386092 0.386092 0.386092
1707.629028 0.000000 2525.703613 0.000000 0.227086 0.000000 0.973875 0.405471 0.405471 0.405471
1714.908447 0.000000 2524.078369 0.000000 0.492757 0.000000 0.870167 0.439142 0.439142 0.439142
1683.881592 0.000000 2580.334473 0.000000 0.489805 0.000000 0.871832 0.429976 0.429976 0.429976
1673.995728 0.000000 2590.637939 0.000000 0.504435 0.000000 0.863450 0.470284 0.470284 0.470284
1685.231079 0.000000 2580.309326 0.000000 0.353645 0.000000 0.935380 0.491930 0.491930 0.491930
1564.266602 0.000000 2635.648438 0.000000 0.122090 0.000000 0.992519 0.433950 0.433950 0.433950
1614.057373 0.000000 2650.117188 0.000000 0.536238 0.000000 0.844067 0.443694 0.443694 0.443694
1613.681763 0.000000 2643.950195 0.000000 0.382507 0.000000 0.923953 0.478308 0.478308 0.478308
1634.937866 0.000000 2628.786377 0.000000 0.258931 0.000000 0.965896 0.468485 0.468485 0.468485
1597.638184 0.000000 2674.488770 0.000000 0.584998 0.000000 0.811035 0.386917 0.386917 0.386917
1578.375244 0.000000 2686.308838 0.000000 0.103806 0.000000 0.994598 0.428323 0.428323 0.428323
1561.349731 0.000000 2674.716309 0.000000 0.044591 0.000000 0.999005 0.420244 0.420244 0.420244
1581.249634 0.000000 2686.004395 0.000000 0.452339 0.000000 0.891846 0.449205 0.449205 0.449205
1587.083130 0.000000 2687.179932 0.000000 0.542835 0.000000 0.839839 0.505677 0.505677 0.505677
1600.049561 0.000000 2680.463135 0.000000 0.143138 0.000000 0.989703 0.467837 0.467837 0.467837
1604.601685 0.000000 2656.089111 0.000000 0.586157 0.000000 0.810197 0.503237 0.503237 0.503237
1678.213379 0.000000 2599.986084 0.000000 0.009363 0.000000 0.999956 0.456389 0.456389 0.456389
1675.583984 0.000000 2601.838867 0.000000 0.585834 0.000000 0.810431 0.479538 0.479538 0.479538
1432.231445 0.000000 2712.928223 0.000000 0.508332 0.000000 0.861161 0.497529 0.497529 0.497529
1957.265259 0.000000 2787.397949 0.000000 0.145267 0.000000 0.989392 0.430825 0.430825 0.430825
1963.175171 0.000000 2786.031738 0.000000 0.566219 0.000000 0.824255 0.458973 0.458973 0.458973
2020.830200 0.000000 2802.662109 0.000000 0.177923 0.000000 0.984044 0.420737 0.420737 0.420737
2016.293335 0.000000 2816.741943 0.000000 0.386845 0.000000 0.922145 0.429828 0.429828 0.429828
2227.318359 0.000000 2236.531982 0.000000 0.396157 0.000000 0.918183 0.402813 0.402813 0.402813
2234.590332 0.000000 2245.445068 0.000000 0.361605 0.000000 0.932332 0.474261 0.474261 0.474261
2176.126465 0.000000 2248.573486 0.000000 0.560227 0.000000 0.828339 0.489810 0.489810 0.489810
2171.993408 0.000000 2275.918701 0.000000 0.249794 0.000000 0.968299 0.427340 0.427340 0.427340
2171.524170 0.000000 2272.834229 0.000000 0.366118 0.000000 0.930569 0.476150 0.476150 0.476150
2169.187744 0.000000 2290.860352 0.000000 0.531783 0.000000 0.846881 0.494517 0.494517 0.494517
2170.572266 0.000000 2259.410889 0.000000 0.406678 0.000000 0.913571 0.534219 0.534219 0.534219
2212.550293 0.000000 2290.168945 0.000000 0.240167 0.000000 0.970731 0.382298 0.382298 0.382298
2219.960938 0.000000 2281.477295 0.000000 0.548034 0.000000 0.836456 0.410964 0.410964 0.410964
2197.917480 0.000000 2303.637207 0.000000 0.161694 0.000000 0.986841 0.397284 0.397284 0.397284
2210.937256 0.000000 2261.159668 0.000000 0.346230 0.000000 0.938150 0.430878 0.430878 0.430878
2195.350342 0.000000 2261.728760 0.000000 0.017129 0.000000 0.999853 0.421537 0.421537 0.421537
2194.929199 0.000000 2264.849121 0.000000 0.272792 0.000000 0.962073 0.427749 0.427749 0.427749
2214.782471 0.000000 2287.384766 0.000000 0.286258 0.000000 0.958153 0.469062 0.469062 0.469062
2188.164062 0.000000 2294.884521 0.000000 0.139895 0.000000 0.990166 0.458979 0.458979 0.458979
2211.804199 0.000000 2302.676514 0.000000 0.026728 0.000000 0.999643 0.568499 0.568499 0.568499
2217.342041 0.000000 2288.024902 0.000000 0.394562 0.000000 0.918869 0.492904 0.492904 0.492904
2214.706543 0.000000 2304.711182 0.000000 0.318125 0.000000 0.948049 0.531784 0.531784 0.531784
2227.308350 0.000000 2274.550049 0.000000 0.257438 0.000000 0.966295 0.542407 0.542407 0.542407
2225.734131 0.000000 2277.484131 0.000000 0.415657 0.000000 0.909522 0.548682 0.548682 0.548682
2225.437988 0.000000 2275.549805 0.000000 0.540108 0.000000 0.841596 0.620447 0.620447 0.620447
2215.486328 0.000000 2288.362061 0.000000 0.062427 0.000000 0.998050 0.562758 0.562758 0.562758
2247.440674 0.000000 2309.782227 0.000000 0.421225 0.000000 0.906956 0.425035 0.425035 0.425035
2225.067871 0.000000 2320.388428 0.000000 0.450407 0.000000 0.892823 0.508626 0.508626 0.508626
2229.577393 0.000000 2330.891357 0.000000 0.015743 0.000000 0.999876 0.630702 0.630702 0.630702
2224.417969 0.000000 2322.817139 0.000000 0.546598 0.000000 0.837395 0.572464 0.572464 0.572464
2264.030273 0.000000 2329.164551 0.000000 0.070146 0.000000 0.997537 0.429496 0.429496 0.429496
2348.194824 0.000000 2440.905518 0.000000 0.274051 0.000000 0.961715 0.382631 0.382631 0.382631
2324.984863 0.000000 2466.026123 0.000000 0.433608 0.000000 0.901102 0.384478 0.384478 0.384478
2364.454834 0.000000 2469.167236 0.000000 0.317265 0.000000 0.948337 0.401522 0.401522 0.401522
2329.336426 0.000000 2466.826416 0.000000 0.480876 0.000000 0.876789 0.424336 0.424336 0.424336
2323.301758 0.000000 2448.396973 0.000000 0.568681 0.000000 0.822558 0.495486 0.495486 0.495486
2328.231201 0.000000 2443.836914 0.000000 0.396816 0.000000 0.917898 0.473251 0.473251 0.473251
2310.510254 0.000000 2445.428467 0.000000 0.221382 0.000000 0.975187 0.462388 0.462388 0.462388
2348.992676 0.000000 2451.728760 0.000000 0.503652 0.000000 0.863906 0.551350 0.551350 0.551350
2312.616211 0.000000 2446.071777 0.000000 0.501911 0.000000 0.864919 0.491945 0.491945 0.491945
2327.734131 0.000000 2470.729248 0.000000 0.216360 0.000000 0.976314 0.529077 0.529077 0.529077
2327.105713 0.000000 2473.011475 0.000000 0.434085 0.000000 0.900872 0.572291 0.572291 0.572291
2403.980713 0.000000 2476.621582 0.000000 0.384166 0.000000 0.923264 0.560124 0.560124 0.560124
2403.217285 0.000000 2496.151123 0.000000 0.157955 0.000000 0.987446 0.397227 0.397227 0.397227
2402.376221 0.000000 2501.755127 0.000000 0.148245 0.000000 0.988951 0.436191 0.436191 0.436191
2201.917236 0.000000 2756.016113 0.000000 0.076945 0.000000 0.997035 0.379638 0.379638 0.379638
2192.584229 0.000000 2749.606201 0.000000 0.346266 0.000000 0.938136 0.443469 0.443469 0.443469
2181.041260 0.000000 2755.026611 0.000000 0.522203 0.000000 0.852821 0.468882 0.468882 0.468882
2217.168213 0.000000 2742.807373 0.000000 0.541645 0.000000 0.840608 0.602692 0.602692 0.602692
2199.105713 0.000000 2755.433350 0.000000 0.033169 0.000000 0.999450 0.503699 0.503699 0.503699
2184.099121 0.000000 2746.639648 0.000000 0.250574 0.000000 0.968097 0.533478 0.533478 0.533478
2241.118652 0.000000 2755.980225 0.000000 0.420512 0.000000 0.907287 0.384164 0.384164 0.384164
2255.355225 0.000000 2757.472168 0.000000 0.467780 0.000000 0.883845 0.464018 0.464018 0.464018
2240.927002 0.000000 2764.943604 0.000000 0.132672 0.000000 0.991160 0.525167 0.525167 0.525167
2250.112793 0.000000 2748.406738 0.000000 0.565736 0.000000 0.824586 0.630392 0.630392 0.630392
2243.574219 0.000000 2764.673584 0.000000 0.039269 0.000000 0.999229 0.639111 0.639111 0.639111
2245.044922 0.000000 2742.126709 0.000000 0.154036 0.000000 0.988065 0.490865 0.490865 0.490865
2257.432129 0.000000 2766.380859 0.000000 0.495880 0.000000 0.868391 0.577884 0.577884 0.577884
2241.237793 0.000000 2747.572021 0.000000 0.343102 0.000000 0.939298 0.640814 0.640814 0.640814
2246.281982 0.000000 2757.304443 0.000000 0.108373 0.000000 0.994110 0.636244 0.636244 0.636244
2247.204834 0.000000 2740.232666 0.000000 0.531891 0.000000 0.846813 0.660111 0.660111 0.660111
2259.400635 0.000000 2767.223145 0.000000 0.249680 0.000000 0.968328 0.611517 0.611517 0.611517
2252.499268 0.000000 2750.632812 0.000000 0.283011 0.000000 0.959117 0.648284 0.648284 0.648284
2240.352051 0.000000 2749.635742 0.000000 0.501920 0.000000 0.864914 0.657779 0.657779 0.657779
2247.240967 0.000000 2745.779541 0.000000 0.434802 0.000000 0.900526 0.646192 0.646192 0.646192
2246.455811 0.000000 2742.324463 0.000000 0.219074 0.000000 0.975708 0.644325 0.644325 0.644325
2249.671631 0.000000 2749.332275 0.000000 0.076562 0.000000 0.997065 0.569992 0.569992 0.569992
2183.979980 0.000000 2809.869629 0.000000 0.007571 0.000000 0.999971 0.379862 0.379862 0.379862
2186.565186 0.000000 2770.283203 0.000000 0.360566 0.000000 0.932734 0.383496 0.383496 0.383496
2235.815186 0.000000 2786.454102 0.000000 0.309611 0.000000 0.950863 0.405009 0.405009 0.405009
2197.917480 0.000000 2811.996582 0.000000 0.527327 0.000000 0.849662 0.419741 0.419741 0.419741
2176.233887 0.000000 2781.177734 0.000000 0.062482 0.000000 0.998046 0.429361 0.429361 0.429361
2192.024658 0.000000 2809.153076 0.000000 0.149820 0.000000 0.988713 0.437990 0.437990 0.437990
2187.147217 0.000000 2805.899902 0.000000 0.528486 0.000000 0.848942 0.432571 0.432571 0.432571
2177.626221 0.000000 2822.651611 0.000000 0.012096 0.000000 0.999927 0.454701 0.454701 0.454701
2185.995850 0.000000 2816.575439 0.000000 0.161259 0.000000 0.986912 0.480513 0.480513 0.480513
2226.572021 0.000000 2792.448975 0.000000 0.502728 0.000000 0.864445 0.658491 0.658491 0.658491
2224.351074 0.000000 2776.643311 0.000000 0.160781 0.000000 0.986990 0.466443 0.466443 0.466443
2220.345703 0.000000 2778.450928 0.000000 0.001920 0.000000 0.999998 0.636117 0.636117 0.636117
2179.005859 0.000000 2818.692383 0.000000 0.430811 0.000000 0.902442 0.527770 0.527770 0.527770
2222.294922 0.000000 2783.177246 0.000000 0.040234 0.000000 0.999190 0.529669 0.529669 0.529669
2225.758545 0.000000 2779.985840 0.000000 0.095822 0.000000 0.995398 0.628186 0.628186 0.628186
2235.427246 0.000000 2790.919189 0.000000 0.018429 0.000000 0.999830 0.535937 0.535937 0.535937
2222.654785 0.000000 2777.761963 0.000000 0.423200 0.000000 0.906036 0.621237 0.621237 0.621237
2243.095459 0.000000 2783.184570 0.000000 0.452401 0.000000 0.891815 0.431069 0.431069 0.431069
2259.350342 0.000000 2770.088135 0.000000 0.214123 0.000000 0.976807 0.446284 0.446284 0.446284
2256.268311 0.000000 2780.012451 0.000000 0.230875 0.000000 0.972983 0.559071 0.559071 0.559071
2273.511719 0.000000 2776.793945 0.000000 0.284941 0.000000 0.958545 0.593715 0.593715 0.593715
2268.025146 0.000000 2774.105225 0.000000 0.529405 0.000000 0.848369 0.582608 0.582608 0.582608
2255.718018 0.000000 2768.187744 0.000000 0.114264 0.000000 0.993450 0.545395 0.545395 0.545395
2173.294678 0.000000 2839.734131 0.000000 0.489916 0.000000 0.871769 0.455443 0.455443 0.455443
2161.096680 0.000000 2831.912354 0.000000 0.361799 0.000000 0.932256 0.481415 0.481415 0.481415
2173.819092 0.000000 2825.583984 0.000000 0.537773 0.000000 0.843090 0.616796 0.616796 0.616796
2174.025391 0.000000 2827.346924 0.000000 0.148788 0.000000 0.988869 0.532515 0.532515 0.532515
2169.471191 0.000000 2840.558105 0.000000 0.309761 0.000000 0.950814 0.573633 0.573633 0.573633
2142.069580 0.000000 2837.346924 0.000000 0.113518 0.000000 0.993536 0.643600 0.643600 0.643600
2167.381348 0.000000 2838.245605 0.000000 0.115247 0.000000 0.993337 0.531632 0.531632 0.531632
2169.036621 0.000000 2837.745117 0.000000 0.007200 0.000000 0.999974 0.540752 0.540752 0.540752
2142.662598 0.000000 2835.278809 0.000000 0.365102 0.000000 0.930968 0.645138 0.645138 0.645138
2169.661377 0.000000 2841.950684 0.000000 0.066221 0.000000 0.997805 0.566277 0.566277 0.566277
2167.814453 0.000000 2840.930664 0.000000 0.272509 0.000000 0.962153 0.569002 0.569002 0.569002
2189.189209 0.000000 2832.473389 0.000000 0.239174 0.000000 0.970977 0.428938 0.428938 0.428938
2530.837891 0.000000 2815.825684 0.000000 0.536225 0.000000 0.844075 0.438213 0.438213 0.438213
2679.867676 0.000000 2927.934814 0.000000 0.559531 0.000000 0.828809 0.394614 0.394614 0.394614
2677.449463 0.000000 2930.594727 0.000000 0.097726 0.000000 0.995213 0.405194 0.405194 0.405194
2663.039307 0.000000 2920.864746 0.000000 0.208347 0.000000 0.978055 0.410539 0.410539 0.410539
2676.695557 0.000000 2927.675293 0.000000 0.207386 0.000000 0.978259 0.430154 0.430154 0.430154
2678.362793 0.000000 2914.344971 0.000000 0.573241 0.000000 0.819387 0.460964 0.460964 0.460964
2673.044434 0.000000 2929.783447 0.000000 0.152718 0.000000 0.988270 0.515258 0.515258 0.515258
4265.936523 0.000000 2594.893311 0.000000 0.549970 0.000000 0.835184 0.453124 0.453124 0.453124
4267.627441 0.000000 2592.980469 0.000000 0.345075 0.000000 0.938575 0.507726 0.507726 0.507726
4276.777832 0.000000 2631.229248 0.000000 0.223653 0.000000 0.974669 0.446466 0.446466 0.446466
4258.454102 0.000000 2695.786865 0.000000 0.283372 0.000000 0.959010 0.530850 0.530850 0.530850
4581.967285 0.000000 2566.694092 0.000000 0.044017 0.000000 0.999031 0.429036 0.429036 0.429036
4573.067383 0.000000 2565.309814 0.000000 0.180750 0.000000 0.983529 0.447420 0.447420 0.447420
4554.576172 0.000000 2572.140625 0.000000 0.137642 0.000000 0.990482 0.588937 0.588937 0.588937
4579.032227 0.000000 2559.433105 0.000000 0.504531 0.000000 0.863393 0.583525 0.583525 0.583525
4566.709473 0.000000 2561.759033 0.000000 0.079515 0.000000 0.996834 0.487447 0.487447 0.487447
4571.970215 0.000000 2542.779053 0.000000 0.404443 0.000000 0.914563 0.650774 0.650774 0.650774
4580.202637 0.000000 2545.445557 0.000000 0.106686 0.000000 0.994293 0.488054 0.488054 0.488054
4577.173340 0.000000 2566.194092 0.000000 0.587079 0.000000 0.809530 0.581078 0.581078 0.581078
4564.545898 0.000000 2573.957275 0.000000 0.504506 0.000000 0.863408 0.558535 0.558535 0.558535
4577.533203 0.000000 2567.856201 0.000000 0.103389 0.000000 0.994641 0.565671 0.565671 0.565671
4570.454102 0.000000 2542.811035 0.000000 0.050445 0.000000 0.998727 0.635172 0.635172 0.635172
4564.834473 0.000000 2564.693848 0.000000 0.027224 0.000000 0.999629 0.637957 0.637957 0.637957
4579.216309 0.000000 2566.727295 0.000000 0.372131 0.000000 0.928180 0.615857 0.615857 0.615857
4570.731934 0.000000 2565.389893 0.000000 0.302085 0.000000 0.953281 0.594283 0.594283 0.594283
4587.132812 0.000000 2557.163818 0.000000 0.363824 0.000000 0.931468 0.648584 0.648584 0.648584
4585.507324 0.000000 2560.916748 0.000000 0.292469 0.000000 0.956275 0.648013 0.648013 0.648013
4581.770020 0.000000 2546.799316 0.000000 0.533717 0.000000 0.845663 0.600612 0.600612 0.600612
4562.751953 0.000000 2555.861328 0.000000 0.220463 0.000000 0.975395 0.608791 0.608791 0.608791
4564.853027 0.000000 2562.713379 0.000000 0.373043 0.000000 0.927814 0.647036 0.647036 0.647036
4572.289062 0.000000 2566.000488 0.000000 0.384914 0.000000 0.922952 0.651614 0.651614 0.651614
4582.267090 0.000000 2563.608398 0.000000 0.121985 0.000000 0.992532 0.645069 0.645069 0.645069
4575.024902 0.000000 2566.417236 0.000000 0.115876 0.000000 0.993264 0.574594 0.574594 0.574594
4484.384766 0.000000 2705.538330 0.000000 0.094169 0.000000 0.995556 0.379431 0.379431 0.379431
4585.260742 0.000000 2698.987793 0.000000 0.085319 0.000000 0.996354 0.380791 0.380791 0.380791
4547.510742 0.000000 2701.693604 0.000000 0.585790 0.000000 0.810463 0.387308 0.387308 0.387308
4594.750488 0.000000 2695.318848 0.000000 0.075144 0.000000 0.997173 0.401289 0.401289 0.401289
4597.101074 0.000000 2700.091064 0.000000 0.498612 0.000000 0.866825 0.408226 0.408226 0.408226
4567.285645 0.000000 2694.476074 0.000000 0.102041 0.000000 0.994780 0.640330 0.640330 0.640330
4596.467773 0.000000 2675.890381 0.000000 0.455520 0.000000 0.890226 0.483593 0.483593 0.483593
4561.965332 0.000000 2695.390869 0.000000 0.516414 0.000000 0.856339 0.531998 0.531998 0.531998
4573.200684 0.000000 2703.711426 0.000000 0.051068 0.000000 0.998695 0.574322 0.574322 0.574322
4559.381836 0.000000 2710.332275 0.000000 0.404360 0.000000 0.914600 0.622281 0.622281 0.622281
4641.632324 0.000000 2595.606201 0.000000 0.481523 0.000000 0.876433 0.471565 0.471565 0.471565
4634.914551 0.000000 2593.500732 0.000000 0.544941 0.000000 0.838475 0.659680 0.659680 0.659680
4634.378418 0.000000 2592.470703 0.000000 0.257674 0.000000 0.966232 0.646880 0.646880 0.646880
4634.823242 0.000000 2591.517090 0.000000 0.366475 0.000000 0.930428 0.612165 0.612165 0.612165
4660.706543 0.000000 2654.596680 0.000000 0.274622 0.000000 0.961552 0.384607 0.384607 0.384607
4664.654297 0.000000 2615.494141 0.000000 0.025240 0.000000 0.999681 0.423434 0.423434 0.423434
4664.732422 0.000000 2646.838379 0.000000 0.400496 0.000000 0.916299 0.557086 0.557086 0.557086
4646.464355 0.000000 2641.175293 0.000000 0.224727 0.000000 0.974422 0.483667 0.483667 0.483667
4648.134277 0.000000 2642.871826 0.000000 0.279845 0.000000 0.960045 0.537773 0.537773 0.537773
4663.347168 0.000000 2654.332520 0.000000 0.245435 0.000000 0.969413 0.554277 0.554277 0.554277
4663.038086 0.000000 2646.281250 0.000000 0.160280 0.000000 0.987072 0.613550 0.613550 0.613550
4659.716797 0.000000 2600.533447 0.000000 0.205331 0.000000 0.978692 0.540975 0.540975 0.540975
4666.830078 0.000000 2616.535645 0.000000 0.492886 0.000000 0.870094 0.563522 0.563522 0.563522
4687.325195 0.000000 2633.289795 0.000000 0.575955 0.000000 0.817481 0.422529 0.422529 0.422529
4673.639160 0.000000 2633.487549 0.000000 0.463411 0.000000 0.886143 0.440366 0.440366 0.440366
4699.430664 0.000000 2638.916016 0.000000 0.502155 0.000000 0.864778 0.658374 0.658374 0.658374
4695.398438 0.000000 2654.081543 0.000000 0.424688 0.000000 0.905340 0.656768 0.656768 0.656768
4690.134277 0.000000 2654.681396 0.000000 0.419382 0.000000 0.907810 0.587705 0.587705 0.587705
4692.580078 0.000000 2645.878418 0.000000 0.359150 0.000000 0.933280 0.652785 0.652785 0.652785
4688.762695 0.000000 2649.985352 0.000000 0.518890 0.000000 0.854841 0.601842 0.601842 0.601842
4646.581055 0.000000 2689.890137 0.000000 0.475878 0.000000 0.879511 0.385456 0.385456 0.385456
4611.099121 0.000000 2681.467285 0.000000 0.135157 0.000000 0.990824 0.395093 0.395093 0.395093
4615.546875 0.000000 2686.070557 0.000000 0.294862 0.000000 0.955540 0.424555 0.424555 0.424555
4662.252441 0.000000 2657.320312 0.000000 0.228484 0.000000 0.973548 0.597032 0.597032 0.597032
4658.572266 0.000000 2679.480225 0.000000 0.290260 0.000000 0.956948 0.593891 0.593891 0.593891
4615.754395 0.000000 2684.731934 0.000000 0.303550 0.000000 0.952816 0.481883 0.481883 0.481883
4653.140625 0.000000 2674.378174 0.000000 0.530268 0.000000 0.847830 0.596919 0.596919 0.596919
4650.742676 0.000000 2678.955322 0.000000 0.179747 0.000000 0.983713 0.526381 0.526381 0.526381
4656.471680 0.000000 2679.567383 0.000000 0.268795 0.000000 0.963197 0.647234 0.647234 0.647234
4679.671387 0.000000 2679.622070 0.000000 0.247065 0.000000 0.968999 0.383113 0.383113 0.383113
4700.979980 0.000000 2670.044678 0.000000 0.144973 0.000000 0.989436 0.398813 0.398813 0.398813
4691.704102 0.000000 2668.529785 0.000000 0.077969 0.000000 0.996956 0.441956 0.441956 0.441956
4695.035156 0.000000 2665.202637 0.000000 0.566069 0.000000 0.824358 0.484503 0.484503 0.484503
4699.970215 0.000000 2655.747803 0.000000 0.113509 0.000000 0.993537 0.584760 0.584760 0.584760
4692.231934 0.000000 2678.553467 0.000000 0.338647 0.000000 0.940913 0.614651 0.614651 0.614651
4690.234375 0.000000 2686.228760 0.000000 0.380616 0.000000 0.924733 0.551189 0.551189 0.551189
4702.228516 0.000000 2654.777344 0.000000 0.521772 0.000000 0.853085 0.532155 0.532155 0.532155
4694.963379 0.000000 2677.238525 0.000000 0.052058 0.000000 0.998644 0.594663 0.594663 0.594663
4692.834473 0.000000 2677.662598 0.000000 0.490547 0.000000 0.871415 0.574143 0.574143 0.574143
4692.380859 0.000000 2676.568848 0.000000 0.496339 0.000000 0.868129 0.574336 0.574336 0.574336
4693.314941 0.000000 2671.282471 0.000000 0.093562 0.000000 0.995613 0.641536 0.641536 0.641536
5038.671387 0.000000 2588.251465 0.000000 0.152664 0.000000 0.988278 0.389996 0.389996 0.389996
5032.388184 0.000000 2591.798584 0.000000 0.200554 0.000000 0.979683 0.408624 0.408624 0.408624
4977.743164 0.000000 2637.927002 0.000000 0.158042 0.000000 0.987432 0.548334 0.548334 0.548334
4959.979004 0.000000 2627.349121 0.000000 0.029003 0.000000 0.999579 0.640723 0.640723 0.640723
5003.486816 0.000000 2606.840820 0.000000 0.425725 0.000000 0.904853 0.384809 0.384809 0.384809
5052.727539 0.000000 2600.775635 0.000000 0.440813 0.000000 0.897599 0.398093 0.398093 0.398093
5023.169922 0.000000 2611.518799 0.000000 0.065775 0.000000 0.997835 0.480187 0.480187 0.480187
5021.048828 0.000000 2599.923828 0.000000 0.404632 0.000000 0.914480 0.525270 0.525270 0.525270
5008.053223 0.000000 2603.641602 0.000000 0.151852 0.000000 0.988403 0.520452 0.520452 0.520452
5008.913574 0.000000 2602.064209 0.000000 0.492362 0.000000 0.870391 0.529503 0.529503 0.529503
5969.817871 0.000000 2165.567383 0.000000 0.056154 0.000000 0.998422 0.441551 0.441551 0.441551
5958.218750 0.000000 2165.480225 0.000000 0.272260 0.000000 0.962224 0.512979 0.512979 0.512979
5957.924316 0.000000 2162.045654 0.000000 0.386257 0.000000 0.922391 0.651366 0.651366 0.651366
5969.250000 0.000000 2159.087158 0.000000 0.566757 0.000000 0.823885 0.556965 0.556965 0.556965
5973.894043 0.000000 2256.164551 0.000000 0.577133 0.000000 0.816650 0.446412 0.446412 0.446412
6014.208984 0.000000 2239.551270 0.000000 0.413652 0.000000 0.910435 0.489782 0.489782 0.489782
6010.669922 0.000000 2258.628418 0.000000 0.058045 0.000000 0.998314 0.453854 0.453854 0.453854
6057.204590 0.000000 2239.451904 0.000000 0.083012 0.000000 0.996549 0.380167 0.380167 0.380167
6033.360840 0.000000 2249.051025 0.000000 0.198537 0.000000 0.980093 0.381176 0.381176 0.381176
6044.947754 0.000000 2232.962402 0.000000 0.033367 0.000000 0.999443 0.378813 0.378813 0.378813
6022.395508 0.000000 2232.946289 0.000000 0.560688 0.000000 0.828027 0.386702 0.386702 0.386702
6023.546875 0.000000 2234.195557 0.000000 0.245203 0.000000 0.969472 0.420104 0.420104 0.420104
6061.470215 0.000000 2231.117676 0.000000 0.244818 0.000000 0.969569 0.445092 0.445092 0.445092
6051.804199 0.000000 2246.192139 0.000000 0.567777 0.000000 0.823182 0.583974 0.583974 0.583974
6052.699219 0.000000 2244.405518 0.000000 0.387646 0.000000 0.921808 0.544320 0.544320 0.544320
6094.401855 0.000000 2244.586426 0.000000 0.580449 0.000000 0.814297 0.386697 0.386697 0.386697
6129.129395 0.000000 2253.296631 0.000000 0.146560 0.000000 0.989202 0.388117 0.388117 0.388117
6090.331055 0.000000 2248.227051 0.000000 0.090132 0.000000 0.995930 0.428083 0.428083 0.428083
6131.649902 0.000000 2255.512207 0.000000 0.257850 0.000000 0.966185 0.480867 0.480867 0.480867
6126.722168 0.000000 2250.702148 0.000000 0.289572 0.000000 0.957156 0.649006 0.649006 0.649006
6129.121094 0.000000 2254.798828 0.000000 0.413806 0.000000 0.910365 0.536197 0.536197 0.536197
6128.248535 0.000000 2256.696045 0.000000 0.344042 0.000000 0.938954 0.614844 0.614844 0.614844
5190.507812 0.000000 2480.919189 0.000000 0.235440 0.000000 0.971889 0.382094 0.382094 0.382094
5191.437500 0.000000 2483.871826 0.000000 0.014328 0.000000 0.999897 0.378706 0.378706 0.378706
5140.433105 0.000000 2558.811523 0.000000 0.283487 0.000000 0.958976 0.427941 0.427941 0.427941
5152.594727 0.000000 2561.435303 0.000000 0.024819 0.000000 0.999692 0.442721 0.442721 0.442721
5160.074707 0.000000 2574.129883 0.000000 0.193993 0.000000 0.981003 0.460064 0.460064 0.460064
5767.012695 0.000000 2373.434570 0.000000 0.492996 0.000000 0.870032 0.552807 0.552807 0.552807
5797.770020 0.000000 2377.346191 0.000000 0.089070 0.000000 0.996025 0.639930 0.639930 0.639930
5932.412598 0.000000 2301.648682 0.000000 0.036379 0.000000 0.999338 0.379621 0.379621 0.379621
5936.564941 0.000000 2293.968018 0.000000 0.528208 0.000000 0.849115 0.541342 0.541342 0.541342
5999.145508 0.000000 2277.522949 0.000000 0.466447 0.000000 0.884549 0.385474 0.385474 0.385474
6054.889160 0.000000 2282.814697 0.000000 0.263917 0.000000 0.964545 0.382815 0.382815 0.382815
6038.619629 0.000000 2292.896240 0.000000 0.319619 0.000000 0.947546 0.496458 0.496458 0.496458
6055.291504 0.000000 2298.380615 0.000000 0.089225 0.000000 0.996011 0.515419 0.515419 0.515419
6061.039062 0.000000 2296.798340 0.000000 0.557902 0.000000 0.829907 0.581825 0.581825 0.581825
6096.716797 0.000000 2291.472900 0.000000 0.308172 0.000000 0.951331 0.382482 0.382482 0.382482
6085.850586 0.000000 2277.153320 0.000000 0.551254 0.000000 0.834338 0.485944 0.485944 0.485944
6097.185059 0.000000 2273.881104 0.000000 0.213283 0.000000 0.976990 0.476360 0.476360 0.476360
6084.220703 0.000000 2276.729736 0.000000 0.046496 0.000000 0.998918 0.474555 0.474555 0.474555
4511.453613 0.000000 2727.980225 0.000000 0.416192 0.000000 0.909277 0.385408 0.385408 0.385408
4529.262695 0.000000 2765.811035 0.000000 0.433176 0.000000 0.901309 0.387016 0.387016 0.387016
4526.867676 0.000000 2741.709717 0.000000 0.574873 0.000000 0.818243 0.462830 0.462830 0.462830
4538.406250 0.000000 2750.330322 0.000000 0.471111 0.000000 0.882074 0.580604 0.580604 0.580604
4535.338379 0.000000 2743.774170 0.000000 0.442815 0.000000 0.896613 0.522744 0.522744 0.522744
4532.617188 0.000000 2764.606934 0.000000 0.346711 0.000000 0.937972 0.649712 0.649712 0.649712
4535.533691 0.000000 2765.205566 0.000000 0.013741 0.000000 0.999906 0.593415 0.593415 0.593415
4535.218262 0.000000 2763.386475 0.000000 0.132834 0.000000 0.991138 0.631219 0.631219 0.631219
4535.966309 0.000000 2747.145752 0.000000 0.082043 0.000000 0.996629 0.516969 0.516969 0.516969
4537.305176 0.000000 2762.446777 0.000000 0.063989 0.000000 0.997951 0.640490 0.640490 0.640490
4535.381348 0.000000 2725.276855 0.000000 0.194742 0.000000 0.980855 0.570115 0.570115 0.570115
4539.452148 0.000000 2751.139404 0.000000 0.559510 0.000000 0.828823 0.583676 0.583676 0.583676
4543.583984 0.000000 2763.544922 0.000000 0.380174 0.000000 0.924915 0.651816 0.651816 0.651816
4561.219727 0.000000 2722.708740 0.000000 0.512678 0.000000 0.858581 0.412142 0.412142 0.412142
4595.824219 0.000000 2755.584473 0.000000 0.484033 0.000000 0.875050 0.453501 0.453501 0.453501
4555.039062 0.000000 2727.506348 0.000000 0.413797 0.000000 0.910369 0.446608 0.446608 0.446608
4593.542480 0.000000 2732.678711 0.000000 0.578850 0.000000 0.815434 0.450114 0.450114 0.450114
4566.292480 0.000000 2742.670654 0.000000 0.285347 0.000000 0.958424 0.458361 0.458361 0.458361
4562.397949 0.000000 2733.385254 0.000000 0.401160 0.000000 0.916008 0.480525 0.480525 0.480525
4581.085938 0.000000 2737.620850 0.000000 0.580997 0.000000 0.813906 0.654204 0.654204 0.654204
4575.813965 0.000000 2734.288330 0.000000 0.202512 0.000000 0.979280 0.646970 0.646970 0.646970
4564.179199 0.000000 2712.527100 0.000000 0.008493 0.000000 0.999964 0.628361 0.628361 0.628361
4572.436523 0.000000 2727.852783 0.000000 0.376961 0.000000 0.926229 0.558141 0.558141 0.558141
4564.958984 0.000000 2736.919678 0.000000 0.519017 0.000000 0.854764 0.542858 0.542858 0.542858
4599.129883 0.000000 2737.843262 0.000000 0.353220 0.000000 0.935540 0.652325 0.652325 0.652325
4583.319336 0.000000 2735.962646 0.000000 0.543400 0.000000 0.839474 0.655862 0.655862 0.655862
4547.455566 0.000000 2729.931152 0.000000 0.126289 0.000000 0.991993 0.630979 0.630979 0.630979
4583.743652 0.000000 2746.990479 0.000000 0.200433 0.000000 0.979707 0.644376 0.644376 0.644376
4561.185059 0.000000 2725.756104 0.000000 0.102087 0.000000 0.994775 0.642128 0.642128 0.642128
4592.316895 0.000000 2752.981445 0.000000 0.507062 0.000000 0.861910 0.538907 0.538907 0.538907
4584.301758 0.000000 2751.566895 0.000000 0.087409 0.000000 0.996172 0.643621 0.643621 0.643621
4596.887695 0.000000 2734.837158 0.000000 0.570439 0.000000 0.821340 0.658652 0.658652 0.658652
4574.868164 0.000000 2731.992188 0.000000 0.160162 0.000000 0.987091 0.482243 0.482243 0.482243
4601.239746 0.000000 2754.579346 0.000000 0.350318 0.000000 0.936631 0.587162 0.587162 0.587162
4597.656738 0.000000 2733.893311 0.000000 0.049633 0.000000 0.998767 0.623167 0.623167 0.623167
4549.933594 0.000000 2752.086670 0.000000 0.417299 0.000000 0.908769 0.500616 0.500616 0.500616
4596.589844 0.000000 2754.668701 0.000000 0.502517 0.000000 0.864568 0.659577 0.659577 0.659577
4572.429199 0.000000 2750.593506 0.000000 0.249954 0.000000 0.968258 0.640678 0.640678 0.640678
4585.763184 0.000000 2733.270508 0.000000 0.265627 0.000000 0.964076 0.556603 0.556603 0.556603
4549.351562 0.000000 2762.883057 0.000000 0.482480 0.000000 0.875907 0.570314 0.570314 0.570314
4560.053223 0.000000 2716.610352 0.000000 0.113756 0.000000 0.993509 0.569400 0.569400 0.569400
4590.525879 0.000000 2738.978271 0.000000 0.580287 0.000000 0.814412 0.575435 0.575435 0.575435
4593.638184 0.000000 2752.338623 0.000000 0.510321 0.000000 0.859984 0.539004 0.539004 0.539004
4581.454590 0.000000 2740.433838 0.000000 0.275939 0.000000 0.961175 0.648213 0.648213 0.648213
4570.614258 0.000000 2754.893555 0.000000 0.190889 0.000000 0.981612 0.643378 0.643378 0.643378
4562.265625 0.000000 2713.958740 0.000000 0.383834 0.000000 0.923402 0.628490 0.628490 0.628490
4554.092773 0.000000 2731.036621 0.000000 0.188149 0.000000 0.982140 0.626448 0.626448 0.626448
4586.742676 0.000000 2735.439697 0.000000 0.533280 0.000000 0.845939 0.532496 0.532496 0.532496
4592.086914 0.000000 2746.931641 0.000000 0.123132 0.000000 0.992390 0.561111 0.561111 0.561111
4571.464355 0.000000 2736.814453 0.000000 0.227715 0.000000 0.973728 0.565916 0.565916 0.565916
4580.052246 0.000000 2750.693115 0.000000 0.229796 0.000000 0.973239 0.524185 0.524185 0.524185
4595.336914 0.000000 2733.361572 0.000000 0.030685 0.000000 0.999529 0.631368 0.631368 0.631368
4583.998535 0.000000 2734.675781 0.000000 0.084058 0.000000 0.996461 0.634140 0.634140 0.634140
4568.998535 0.000000 2742.006836 0.000000 0.004218 0.000000 0.999991 0.528728 0.528728 0.528728
4594.101562 0.000000 2744.194824 0.000000 0.234830 0.000000 0.972037 0.640563 0.640563 0.640563
4561.124023 0.000000 2731.251465 0.000000 0.507111 0.000000 0.861881 0.653700 0.653700 0.653700
4547.739746 0.000000 2733.520752 0.000000 0.307727 0.000000 0.951475 0.618743 0.618743 0.618743
4588.319336 0.000000 2736.050293 0.000000 0.281459 0.000000 0.959573 0.560557 0.560557 0.560557
4605.902344 0.000000 2734.100342 0.000000 0.135228 0.000000 0.990815 0.638177 0.638177 0.638177
4597.292480 0.000000 2740.816650 0.000000 0.050818 0.000000 0.998708 0.637445 0.637445 0.637445
4577.256836 0.000000 2748.096924 0.000000 0.261930 0.000000 0.965087 0.641810 0.641810 0.641810
4581.165527 0.000000 2749.292725 0.000000 0.224233 0.000000 0.974536 0.640078 0.640078 0.640078
4573.912109 0.000000 2731.542969 0.000000 0.183630 0.000000 0.982995 0.550781 0.550781 0.550781
4555.305176 0.000000 2718.572998 0.000000 0.194417 0.000000 0.980919 0.645809 0.645809 0.645809
4551.460938 0.000000 2732.193115 0.000000 0.204055 0.000000 0.978960 0.645600 0.645600 0.645600
4579.250488 0.000000 2748.676270 0.000000 0.007562 0.000000 0.999971 0.630337 0.630337 0.630337
4595.848633 0.000000 2747.925293 0.000000 0.481155 0.000000 0.876636 0.656199 0.656199 0.656199
4604.393066 0.000000 2736.025391 0.000000 0.473457 0.000000 0.880817 0.649537 0.649537 0.649537
4549.709473 0.000000 2764.079590 0.000000 0.245746 0.000000 0.969334 0.646496 0.646496 0.646496
4573.979492 0.000000 2739.453613 0.000000 0.536313 0.000000 0.844019 0.581062 0.581062 0.581062
4580.296387 0.000000 2738.235107 0.000000 0.290395 0.000000 0.956907 0.646921 0.646921 0.646921
4525.442383 0.000000 2779.497314 0.000000 0.446109 0.000000 0.894979 0.639649 0.639649 0.639649
4527.897461 0.000000 2779.419922 0.000000 0.382178 0.000000 0.924089 0.653243 0.653243 0.653243
4596.706543 0.000000 2824.049805 0.000000 0.251122 0.000000 0.967955 0.384261 0.384261 0.384261
4585.922852 0.000000 2792.886230 0.000000 0.534356 0.000000 0.845259 0.512680 0.512680 0.512680
4549.475098 0.000000 2776.010498 0.000000 0.500521 0.000000 0.865725 0.633041 0.633041 0.633041
4575.902832 0.000000 2783.018066 0.000000 0.155494 0.000000 0.987837 0.640419 0.640419 0.640419
4583.871094 0.000000 2788.169922 0.000000 0.294596 0.000000 0.955622 0.643659 0.643659 0.643659
4580.740723 0.000000 2792.836426 0.000000 0.153167 0.000000 0.988200 0.490845 0.490845 0.490845
4585.168457 0.000000 2799.291748 0.000000 0.446437 0.000000 0.894815 0.522843 0.522843 0.522843
4585.447266 0.000000 2784.639648 0.000000 0.470947 0.000000 0.882161 0.644166 0.644166 0.644166
4553.391113 0.000000 2802.297852 0.000000 0.377509 0.000000 0.926006 0.650871 0.650871 0.650871
4581.454590 0.000000 2796.918213 0.000000 0.140344 0.000000 0.990103 0.525365 0.525365 0.525365
4562.265625 0.000000 2770.443115 0.000000 0.225082 0.000000 0.974340 0.614095 0.614095 0.614095
4549.862793 0.000000 2803.599365 0.000000 0.355816 0.000000 0.934556 0.653594 0.653594 0.653594
4554.347656 0.000000 2807.803955 0.000000 0.349672 0.000000 0.936872 0.548522 0.548522 0.548522
4594.433594 0.000000 2805.492920 0.000000 0.057232 0.000000 0.998361 0.547248 0.547248 0.547248
4551.502930 0.000000 2775.007812 0.000000 0.054687 0.000000 0.998504 0.603183 0.603183 0.603183
4580.187500 0.000000 2780.790039 0.000000 0.197144 0.000000 0.980374 0.646758 0.646758 0.646758
4583.297852 0.000000 2784.101318 0.000000 0.561829 0.000000 0.827254 0.660587 0.660587 0.660587
4582.267090 0.000000 2789.545898 0.000000 0.056599 0.000000 0.998397 0.632921 0.632921 0.632921
4540.312988 0.000000 2847.973633 0.000000 0.010057 0.000000 0.999949 0.416142 0.416142 0.416142
4532.156250 0.000000 2842.586914 0.000000 0.116774 0.000000 0.993159 0.470798 0.470798 0.470798
4532.601074 0.000000 2875.156250 0.000000 0.429324 0.000000 0.903151 0.506289 0.506289 0.506289
4543.384277 0.000000 2839.982910 0.000000 0.528029 0.000000 0.849226 0.525134 0.525134 0.525134
4579.546875 0.000000 2877.178955 0.000000 0.497681 0.000000 0.867360 0.657595 0.657595 0.657595
4556.518066 0.000000 2852.809082 0.000000 0.133168 0.000000 0.991093 0.499116 0.499116 0.499116
4550.054199 0.000000 2882.301758 0.000000 0.140888 0.000000 0.990026 0.411220 0.411220 0.411220
4591.249023 0.000000 2903.440430 0.000000 0.360704 0.000000 0.932680 0.573478 0.573478 0.573478
4269.641602 0.000000 3066.513184 0.000000 0.254950 0.000000 0.966954 0.431007 0.431007 0.431007
4276.156250 0.000000 3068.524414 0.000000 0.476802 0.000000 0.879011 0.656089 0.656089 0.656089
4260.323242 0.000000 3060.656982 0.000000 0.361173 0.000000 0.932499 0.548855 0.548855 0.548855
4263.297852 0.000000 3066.523193 0.000000 0.285603 0.000000 0.958348 0.642041 0.642041 0.642041
4283.404785 0.000000 3074.400146 0.000000 0.147499 0.000000 0.989062 0.645265 0.645265 0.645265
4301.139648 0.000000 3093.700928 0.000000 0.302626 0.000000 0.953109 0.390449 0.390449 0.390449
4320.293457 0.000000 3099.163818 0.000000 0.340902 0.000000 0.940099 0.434378 0.434378 0.434378
4302.365723 0.000000 3093.153564 0.000000 0.418695 0.000000 0.908127 0.626321 0.626321 0.626321
4292.727051 0.000000 3057.407227 0.000000 0.420162 0.000000 0.907449 0.566538 0.566538 0.566538
4310.794922 0.000000 3104.035645 0.000000 0.520564 0.000000 0.853823 0.575154 0.575154 0.575154
4295.502930 0.000000 3057.429688 0.000000 0.552040 0.000000 0.833817 0.658818 0.658818 0.658818
4303.305664 0.000000 3092.338623 0.000000 0.585433 0.000000 0.810721 0.633006 0.633006 0.633006
4322.136719 0.000000 3134.764404 0.000000 0.311821 0.000000 0.950141 0.563210 0.563210 0.563210
4586.440430 0.000000 2953.396484 0.000000 0.586640 0.000000 0.809848 0.417223 0.417223 0.417223
4602.833496 0.000000 2956.596680 0.000000 0.109486 0.000000 0.993988 0.574399 0.574399 0.574399
4606.871094 0.000000 3037.182373 0.000000 0.047562 0.000000 0.998868 0.458891 0.458891 0.458891
4606.477051 0.000000 3019.078125 0.000000 0.194324 0.000000 0.980937 0.523273 0.523273 0.523273
4597.188965 0.000000 3104.569092 0.000000 0.469884 0.000000 0.882728 0.418662 0.418662 0.418662
4593.639160 0.000000 3105.912842 0.000000 0.118412 0.000000 0.992965 0.486571 0.486571 0.486571
4597.428223 0.000000 3124.481934 0.000000 0.430738 0.000000 0.902477 0.384265 0.384265 0.384265
4593.310547 0.000000 3136.110352 0.000000 0.461490 0.000000 0.887145 0.566076 0.566076 0.566076
4627.835449 0.000000 2732.136963 0.000000 0.517802 0.000000 0.855500 0.421389 0.421389 0.421389
4610.875977 0.000000 2743.836670 0.000000 0.171738 0.000000 0.985143 0.639035 0.639035 0.639035
4663.777832 0.000000 2740.185059 0.000000 0.233315 0.000000 0.972401 0.597192 0.597192 0.597192
4613.597168 0.000000 2738.136719 0.000000 0.295024 0.000000 0.955490 0.620014 0.620014 0.620014
4648.166504 0.000000 2723.856201 0.000000 0.489971 0.000000 0.871739 0.549138 0.549138 0.549138
4612.370605 0.000000 2737.839600 0.000000 0.289423 0.000000 0.957201 0.534525 0.534525 0.534525
4649.821777 0.000000 2725.707031 0.000000 0.114244 0.000000 0.993453 0.635738 0.635738 0.635738
4625.206543 0.000000 2748.581299 0.000000 0.072335 0.000000 0.997380 0.525345 0.525345 0.525345
4637.463379 0.000000 2737.325928 0.000000 0.498122 0.000000 0.867107 0.542225 0.542225 0.542225
4651.277832 0.000000 2724.262695 0.000000 0.347993 0.000000 0.937497 0.651680 0.651680 0.651680
4642.956543 0.000000 2732.480225 0.000000 0.233851 0.000000 0.972273 0.617832 0.617832 0.617832
4641.173340 0.000000 2735.647217 0.000000 0.196512 0.000000 0.980501 0.630157 0.630157 0.630157
4610.420898 0.000000 2754.966309 0.000000 0.041342 0.000000 0.999145 0.558738 0.558738 0.558738
4611.740234 0.000000 2738.822266 0.000000 0.569497 0.000000 0.821994 0.560659 0.560659 0.560659
4683.251465 0.000000 2756.180908 0.000000 0.387157 0.000000 0.922014 0.652329 0.652329 0.652329
4637.237305 0.000000 2801.256592 0.000000 0.077705 0.000000 0.996976 0.380394 0.380394 0.380394
4646.346680 0.000000 2821.991943 0.000000 0.471275 0.000000 0.881986 0.385547 0.385547 0.385547
4641.099609 0.000000 2801.684082 0.000000 0.440285 0.000000 0.897858 0.384914 0.384914 0.384914
4647.299805 0.000000 2814.113770 0.000000 0.384722 0.000000 0.923032 0.383854 0.383854 0.383854
4619.557617 0.000000 2807.682129 0.000000 0.375354 0.000000 0.926882 0.424195 0.424195 0.424195
4651.722656 0.000000 2823.057617 0.000000 0.362921 0.000000 0.931820 0.414936 0.414936 0.414936
4624.985352 0.000000 2789.910156 0.000000 0.159207 0.000000 0.987245 0.425748 0.425748 0.425748
4624.278320 0.000000 2788.453613 0.000000 0.231458 0.000000 0.972845 0.427015 0.427015 0.427015
4643.429199 0.000000 2817.905273 0.000000 0.350318 0.000000 0.936631 0.466859 0.466859 0.466859
4654.744141 0.000000 2793.387939 0.000000 0.186616 0.000000 0.982433 0.609342 0.609342 0.609342
4650.783691 0.000000 2800.540527 0.000000 0.051867 0.000000 0.998654 0.641205 0.641205 0.641205
4657.044434 0.000000 2816.814697 0.000000 0.116542 0.000000 0.993186 0.615425 0.615425 0.615425
4635.442383 0.000000 2776.157227 0.000000 0.525584 0.000000 0.850742 0.621648 0.621648 0.621648
4633.752441 0.000000 2824.111572 0.000000 0.263361 0.000000 0.964697 0.605097 0.605097 0.605097
4663.569824 0.000000 2787.732666 0.000000 0.211664 0.000000 0.977342 0.608489 0.608489 0.608489
4622.047363 0.000000 2794.931641 0.000000 0.254434 0.000000 0.967090 0.649384 0.649384 0.649384
4656.471680 0.000000 2792.536133 0.000000 0.170042 0.000000 0.985437 0.529605 0.529605 0.529605
4660.598145 0.000000 2793.799561 0.000000 0.085249 0.000000 0.996360 0.551454 0.551454 0.551454
4655.847168 0.000000 2795.856201 0.000000 0.428087 0.000000 0.903737 0.654249 0.654249 0.654249
4708.952637 0.000000 2808.211182 0.000000 0.182708 0.000000 0.983167 0.383267 0.383267 0.383267
4681.693359 0.000000 2776.797119 0.000000 0.248696 0.000000 0.968581 0.423743 0.423743 0.423743
4704.240234 0.000000 2781.704346 0.000000 0.000846 0.000000 1.000000 0.470120 0.470120 0.470120
4717.684570 0.000000 2810.645020 0.000000 0.322324 0.000000 0.946629 0.645819 0.645819 0.645819
4706.757812 0.000000 2773.196289 0.000000 0.188614 0.000000 0.982051 0.477591 0.477591 0.477591
4715.276855 0.000000 2813.220947 0.000000 0.054302 0.000000 0.998525 0.635336 0.635336 0.635336
4716.416992 0.000000 2812.737793 0.000000 0.534737 0.000000 0.845019 0.658397 0.658397 0.658397
4717.494141 0.000000 2809.374756 0.000000 0.125735 0.000000 0.992064 0.642687 0.642687 0.642687
4716.451660 0.000000 2811.346924 0.000000 0.124197 0.000000 0.992258 0.636939 0.636939 0.636939
4716.346191 0.000000 2815.374268 0.000000 0.441673 0.000000 0.897176 0.572537 0.572537 0.572537
4698.105957 0.000000 2788.435303 0.000000 0.343034 0.000000 0.939323 0.530693 0.530693 0.530693
4683.305176 0.000000 2775.057373 0.000000 0.392587 0.000000 0.919715 0.578012 0.578012 0.578012
4860.180664 0.000000 2801.836914 0.000000 0.048435 0.000000 0.998826 0.411486 0.411486 0.411486
4854.834961 0.000000 2805.408936 0.000000 0.514266 0.000000 0.857631 0.474142 0.474142 0.474142
4861.160156 0.000000 2802.143311 0.000000 0.190590 0.000000 0.981670 0.557900 0.557900 0.557900
4650.835938 0.000000 2830.225098 0.000000 0.489099 0.000000 0.872228 0.385713 0.385713 0.385713
4621.306641 0.000000 2848.770264 0.000000 0.545984 0.000000 0.837795 0.432928 0.432928 0.432928
4627.935547 0.000000 2833.977295 0.000000 0.460083 0.000000 0.887876 0.431218 0.431218 0.431218
4614.966309 0.000000 2872.088623 0.000000 0.554975 0.000000 0.831867 0.518686 0.518686 0.518686
4641.315918 0.000000 2856.911865 0.000000 0.160083 0.000000 0.987104 0.503238 0.503238 0.503238
4648.923828 0.000000 2830.916748 0.000000 0.265651 0.000000 0.964069 0.505771 0.505771 0.505771
4658.833984 0.000000 2832.799072 0.000000 0.192950 0.000000 0.981209 0.516259 0.516259 0.516259
4632.312988 0.000000 2827.647705 0.000000 0.484224 0.000000 0.874944 0.656808 0.656808 0.656808
4638.228516 0.000000 2824.230469 0.000000 0.415227 0.000000 0.909718 0.622689 0.622689 0.622689
4644.531250 0.000000 2868.364746 0.000000 0.298271 0.000000 0.954481 0.562803 0.562803 0.562803
4643.282715 0.000000 2828.755127 0.000000 0.305879 0.000000 0.952071 0.564780 0.564780 0.564780
4639.969727 0.000000 2825.345703 0.000000 0.256068 0.000000 0.966659 0.616901 0.616901 0.616901
4626.137207 0.000000 2867.176758 0.000000 0.555810 0.000000 0.831309 0.583543 0.583543 0.583543
4647.911621 0.000000 2829.141357 0.000000 0.038748 0.000000 0.999249 0.634405 0.634405 0.634405
4682.235840 0.000000 2867.903076 0.000000 0.358003 0.000000 0.933721 0.385854 0.385854 0.385854
4680.859375 0.000000 2861.705811 0.000000 0.260977 0.000000 0.965345 0.423958 0.423958 0.423958
4699.133789 0.000000 2827.749023 0.000000 0.221375 0.000000 0.975189 0.464159 0.464159 0.464159
4698.769531 0.000000 2872.892090 0.000000 0.413539 0.000000 0.910487 0.462832 0.462832 0.462832
4699.970215 0.000000 2825.200928 0.000000 0.327693 0.000000 0.944784 0.624660 0.624660 0.624660
4677.575684 0.000000 2845.567383 0.000000 0.249620 0.000000 0.968344 0.561358 0.561358 0.561358
4701.048828 0.000000 2825.861328 0.000000 0.123879 0.000000 0.992297 0.620757 0.620757 0.620757
4700.950195 0.000000 2872.083496 0.000000 0.529665 0.000000 0.848207 0.589761 0.589761 0.589761
4684.040527 0.000000 2842.991211 0.000000 0.328992 0.000000 0.944333 0.588208 0.588208 0.588208
4611.099121 0.000000 2907.404785 0.000000 0.147326 0.000000 0.989088 0.397064 0.397064 0.397064
4625.219727 0.000000 2892.161865 0.000000 0.476614 0.000000 0.879112 0.395034 0.395034 0.395034
4611.621094 0.000000 2917.791016 0.000000 0.417684 0.000000 0.908593 0.568228 0.568228 0.568228
4610.176270 0.000000 2918.636475 0.000000 0.116221 0.000000 0.993223 0.571185 0.571185 0.571185
4625.255371 0.000000 2890.991455 0.000000 0.470162 0.000000 0.882580 0.505550 0.505550 0.505550
4627.206055 0.000000 2889.534912 0.000000 0.005634 0.000000 0.999984 0.591470 0.591470 0.591470
4627.048340 0.000000 2891.004395 0.000000 0.428959 0.000000 0.903324 0.657244 0.657244 0.657244
4763.159668 0.000000 2878.347168 0.000000 0.348997 0.000000 0.937124 0.457878 0.457878 0.457878
4770.360840 0.000000 2869.592041 0.000000 0.291687 0.000000 0.956514 0.508172 0.508172 0.508172
4766.203125 0.000000 2871.377930 0.000000 0.362605 0.000000 0.931943 0.650232 0.650232 0.650232
4853.101074 0.000000 2869.544189 0.000000 0.311644 0.000000 0.950199 0.408650 0.408650 0.408650
4781.747070 0.000000 2929.394775 0.000000 0.323110 0.000000 0.946361 0.392573 0.392573 0.392573
4757.918945 0.000000 2892.210449 0.000000 0.423075 0.000000 0.906095 0.457629 0.457629 0.457629
4779.008789 0.000000 2907.252686 0.000000 0.103654 0.000000 0.994613 0.449474 0.449474 0.449474
4765.510254 0.000000 2894.766113 0.000000 0.281470 0.000000 0.959570 0.497325 0.497325 0.497325
4768.387695 0.000000 2889.996582 0.000000 0.556991 0.000000 0.830519 0.544034 0.544034 0.544034
4779.276855 0.000000 2926.189697 0.000000 0.303166 0.000000 0.952938 0.515521 0.515521 0.515521
4775.639160 0.000000 2907.776367 0.000000 0.165716 0.000000 0.986174 0.531228 0.531228 0.531228
4778.279785 0.000000 2925.559814 0.000000 0.137729 0.000000 0.990470 0.528762 0.528762 0.528762
4773.762695 0.000000 2924.580566 0.000000 0.238657 0.000000 0.971104 0.645367 0.645367 0.645367
4770.942871 0.000000 2919.137939 0.000000 0.578017 0.000000 0.816025 0.609456 0.609456 0.609456
4769.511719 0.000000 2889.762695 0.000000 0.092418 0.000000 0.995720 0.531034 0.531034 0.531034
4876.607910 0.000000 2804.669922 0.000000 0.343562 0.000000 0.939130 0.484568 0.484568 0.484568
4865.354492 0.000000 2809.450439 0.000000 0.284040 0.000000 0.958812 0.645637 0.645637 0.645637
4867.040527 0.000000 2815.780029 0.000000 0.196487 0.000000 0.980506 0.616517 0.616517 0.616517
4867.149902 0.000000 2813.527588 0.000000 0.129803 0.000000 0.991540 0.644235 0.644235 0.644235
4871.807129 0.000000 2800.936035 0.000000 0.294429 0.000000 0.955673 0.524109 0.524109 0.524109
5000.953125 0.000000 2793.665039 0.000000 0.514442 0.000000 0.857525 0.432288 0.432288 0.432288
4879.130859 0.000000 2863.590576 0.000000 0.073502 0.000000 0.997295 0.380862 0.380862 0.380862
4927.697754 0.000000 2868.942871 0.000000 0.365525 0.000000 0.930802 0.383271 0.383271 0.383271
4924.008301 0.000000 2866.495850 0.000000 0.117696 0.000000 0.993050 0.380546 0.380546 0.380546
4927.374512 0.000000 2864.314209 0.000000 0.081381 0.000000 0.996683 0.385381 0.385381 0.385381
4891.528320 0.000000 2858.758057 0.000000 0.280463 0.000000 0.959865 0.400933 0.400933 0.400933
4924.454590 0.000000 2864.557861 0.000000 0.100470 0.000000 0.994940 0.407013 0.407013 0.407013
4903.104492 0.000000 2836.112305 0.000000 0.091171 0.000000 0.995835 0.397985 0.397985 0.397985
4870.073242 0.000000 2878.006348 0.000000 0.179786 0.000000 0.983706 0.427885 0.427885 0.427885
4886.249023 0.000000 2880.585938 0.000000 0.243104 0.000000 0.970000 0.471695 0.471695 0.471695
4912.063965 0.000000 2850.014648 0.000000 0.543758 0.000000 0.839242 0.471210 0.471210 0.471210
4903.639160 0.000000 2851.291992 0.000000 0.152449 0.000000 0.988311 0.511771 0.511771 0.511771
4869.217285 0.000000 2872.367676 0.000000 0.583832 0.000000 0.811874 0.544887 0.544887 0.544887
4916.968750 0.000000 2855.966309 0.000000 0.175788 0.000000 0.984428 0.505359 0.505359 0.505359
4900.296387 0.000000 2851.203857 0.000000 0.341571 0.000000 0.939856 0.597348 0.597348 0.597348
4937.808105 0.000000 2865.385986 0.000000 0.430103 0.000000 0.902780 0.401561 0.401561 0.401561
4952.325195 0.000000 2873.359131 0.000000 0.019106 0.000000 0.999817 0.454839 0.454839 0.454839
4951.955566 0.000000 2858.009277 0.000000 0.474707 0.000000 0.880144 0.455114 0.455114 0.455114
4947.693848 0.000000 2853.554443 0.000000 0.431591 0.000000 0.902070 0.652834 0.652834 0.652834
4934.753418 0.000000 2829.383545 0.000000 0.572497 0.000000 0.819907 0.524629 0.524629 0.524629
4937.264160 0.000000 2868.812012 0.000000 0.501202 0.000000 0.865330 0.529758 0.529758 0.529758
4941.527344 0.000000 2831.262451 0.000000 0.169963 0.000000 0.985450 0.625792 0.625792 0.625792
4947.857422 0.000000 2876.915527 0.000000 0.009104 0.000000 0.999959 0.503128 0.503128 0.503128
4936.362793 0.000000 2880.003662 0.000000 0.493868 0.000000 0.869537 0.552835 0.552835 0.552835
4946.234375 0.000000 2855.681885 0.000000 0.529463 0.000000 0.848333 0.658051 0.658051 0.658051
4939.238281 0.000000 2830.359863 0.000000 0.140116 0.000000 0.990135 0.643763 0.643763 0.643763
4943.758301 0.000000 2832.903809 0.000000 0.286977 0.000000 0.957938 0.650351 0.650351 0.650351
4947.508789 0.000000 2840.610840 0.000000 0.059703 0.000000 0.998216 0.611770 0.611770 0.611770
4938.015137 0.000000 2834.421143 0.000000 0.568991 0.000000 0.822344 0.551631 0.551631 0.551631
4946.137207 0.000000 2867.176758 0.000000 0.465373 0.000000 0.885115 0.647446 0.647446 0.647446
4943.381836 0.000000 2879.785400 0.000000 0.506865 0.000000 0.862025 0.659499 0.659499 0.659499
4943.746582 0.000000 2877.581787 0.000000 0.135263 0.000000 0.990810 0.641062 0.641062 0.641062
4944.272461 0.000000 2858.774170 0.000000 0.487866 0.000000 0.872918 0.652711 0.652711 0.652711
4946.467285 0.000000 2868.435791 0.000000 0.402168 0.000000 0.915566 0.653571 0.653571 0.653571
4940.269531 0.000000 2832.076416 0.000000 0.326575 0.000000 0.945171 0.650451 0.650451 0.650451
4942.202637 0.000000 2837.922852 0.000000 0.555308 0.000000 0.831645 0.656236 0.656236 0.656236
4941.866699 0.000000 2833.188965 0.000000 0.388635 0.000000 0.921392 0.653111 0.653111 0.653111
4940.740234 0.000000 2836.773682 0.000000 0.395728 0.000000 0.918368 0.653013 0.653013 0.653013
4913.687988 0.000000 2889.655762 0.000000 0.545283 0.000000 0.838252 0.386102 0.386102 0.386102
4879.854980 0.000000 2887.232910 0.000000 0.270577 0.000000 0.962698 0.425918 0.425918 0.425918
4887.673828 0.000000 2886.659180 0.000000 0.136035 0.000000 0.990704 0.453620 0.453620 0.453620
4934.916992 0.000000 2883.126953 0.000000 0.044366 0.000000 0.999015 0.509141 0.509141 0.509141
4941.181641 0.000000 2882.519043 0.000000 0.179259 0.000000 0.983802 0.644958 0.644958 0.644958
4938.822754 0.000000 2880.713135 0.000000 0.107146 0.000000 0.994243 0.641178 0.641178 0.641178
4609.498535 0.000000 2965.164307 0.000000 0.117561 0.000000 0.993066 0.467309 0.467309 0.467309
4630.709473 0.000000 2957.149658 0.000000 0.380852 0.000000 0.924636 0.492576 0.492576 0.492576
4611.837402 0.000000 3017.233887 0.000000 0.542426 0.000000 0.840104 0.386852 0.386852 0.386852
4608.049316 0.000000 3019.369385 0.000000 0.056088 0.000000 0.998426 0.635113 0.635113 0.635113
4608.126465 0.000000 3039.354736 0.000000 0.476155 0.000000 0.879361 0.466014 0.466014 0.466014
4610.034668 0.000000 3019.757568 0.000000 0.536120 0.000000 0.844142 0.552373 0.552373 0.552373
4615.204590 0.000000 3022.654541 0.000000 0.151565 0.000000 0.988447 0.599627 0.599627 0.599627
4613.505859 0.000000 3023.142334 0.000000 0.458963 0.000000 0.888455 0.656698 0.656698 0.656698
4778.638672 0.000000 2987.620117 0.000000 0.258780 0.000000 0.965936 0.393389 0.393389 0.393389
4776.389160 0.000000 2990.817871 0.000000 0.560460 0.000000 0.828181 0.398315 0.398315 0.398315
4766.190918 0.000000 2974.241455 0.000000 0.415854 0.000000 0.909431 0.446649 0.446649 0.446649
4766.924805 0.000000 2976.492432 0.000000 0.232390 0.000000 0.972623 0.421672 0.421672 0.421672
4773.366211 0.000000 2988.887207 0.000000 0.469588 0.000000 0.882886 0.435039 0.435039 0.435039
4770.454102 0.000000 2978.208740 0.000000 0.561103 0.000000 0.827746 0.469804 0.469804 0.469804
4774.646484 0.000000 3025.829102 0.000000 0.074957 0.000000 0.997187 0.379312 0.379312 0.379312
4789.005371 0.000000 3045.867188 0.000000 0.244421 0.000000 0.969669 0.385966 0.385966 0.385966
4774.962402 0.000000 3037.851807 0.000000 0.232018 0.000000 0.972711 0.396575 0.396575 0.396575
4783.816406 0.000000 3039.460205 0.000000 0.564282 0.000000 0.825582 0.592812 0.592812 0.592812
4787.748047 0.000000 3035.127197 0.000000 0.555768 0.000000 0.831337 0.478782 0.478782 0.478782
4789.881348 0.000000 3035.831543 0.000000 0.223840 0.000000 0.974626 0.644174 0.644174 0.644174
4782.644531 0.000000 3038.668213 0.000000 0.127076 0.000000 0.991893 0.578355 0.578355 0.578355
4795.484375 0.000000 3034.868164 0.000000 0.301779 0.000000 0.953378 0.643661 0.643661 0.643661
4788.589844 0.000000 3037.090576 0.000000 0.528605 0.000000 0.848868 0.657300 0.657300 0.657300
4795.344238 0.000000 3030.308838 0.000000 0.249745 0.000000 0.968312 0.626975 0.626975 0.626975
4792.008301 0.000000 3035.921143 0.000000 0.314050 0.000000 0.949406 0.613775 0.613775 0.613775
4797.398438 0.000000 3036.484863 0.000000 0.058755 0.000000 0.998272 0.598259 0.598259 0.598259
4793.484375 0.000000 3034.687744 0.000000 0.369029 0.000000 0.929418 0.615744 0.615744 0.615744
4787.956055 0.000000 3039.106689 0.000000 0.351660 0.000000 0.936128 0.580204 0.580204 0.580204
4787.127441 0.000000 3042.713379 0.000000 0.025904 0.000000 0.999664 0.635744 0.635744 0.635744
4802.026855 0.000000 3042.298096 0.000000 0.040693 0.000000 0.999172 0.390120 0.390120 0.390120
4836.342285 0.000000 3049.340576 0.000000 0.019310 0.000000 0.999814 0.391575 0.391575 0.391575
4804.166992 0.000000 3042.436523 0.000000 0.545715 0.000000 0.837971 0.399893 0.399893 0.399893
4612.140625 0.000000 3091.724121 0.000000 0.337476 0.000000 0.941334 0.430717 0.430717 0.430717
4660.695312 0.000000 3097.128418 0.000000 0.407430 0.000000 0.913236 0.433832 0.433832 0.433832
4642.454102 0.000000 3091.177490 0.000000 0.030071 0.000000 0.999548 0.629148 0.629148 0.629148
4643.804199 0.000000 3093.457764 0.000000 0.053002 0.000000 0.998594 0.498984 0.498984 0.498984
4651.818848 0.000000 3087.658203 0.000000 0.276159 0.000000 0.961112 0.521875 0.521875 0.521875
4638.022949 0.000000 3093.569092 0.000000 0.278409 0.000000 0.960463 0.650331 0.650331 0.650331
4665.099121 0.000000 3097.158447 0.000000 0.185975 0.000000 0.982555 0.647042 0.647042 0.647042
4651.276855 0.000000 3095.642822 0.000000 0.219785 0.000000 0.975548 0.518681 0.518681 0.518681
4651.365234 0.000000 3093.144043 0.000000 0.102989 0.000000 0.994682 0.636855 0.636855 0.636855
4664.311035 0.000000 3094.808350 0.000000 0.112750 0.000000 0.993623 0.512536 0.512536 0.512536
4640.813965 0.000000 3088.010986 0.000000 0.312632 0.000000 0.949874 0.648110 0.648110 0.648110
4651.446289 0.000000 3091.767822 0.000000 0.345425 0.000000 0.938446 0.652210 0.652210 0.652210
4665.653809 0.000000 3102.996826 0.000000 0.085231 0.000000 0.996361 0.560010 0.560010 0.560010
4652.563965 0.000000 3089.875977 0.000000 0.138851 0.000000 0.990313 0.644713 0.644713 0.644713
4660.413574 0.000000 3099.714355 0.000000 0.337616 0.000000 0.941284 0.525246 0.525246 0.525246
4641.751465 0.000000 3090.132812 0.000000 0.554401 0.000000 0.832249 0.656789 0.656789 0.656789
4686.057129 0.000000 3101.992188 0.000000 0.495242 0.000000 0.868755 0.433728 0.433728 0.433728
4625.980469 0.000000 3145.896240 0.000000 0.111964 0.000000 0.993712 0.512516 0.512516 0.512516
4670.093750 0.000000 3155.517578 0.000000 0.215656 0.000000 0.976469 0.648674 0.648674 0.648674
4623.440918 0.000000 3157.676758 0.000000 0.363781 0.000000 0.931485 0.580595 0.580595 0.580595
4679.979980 0.000000 3148.775879 0.000000 0.244780 0.000000 0.969579 0.382950 0.382950 0.382950
4719.645996 0.000000 3114.338623 0.000000 0.513180 0.000000 0.858281 0.399321 0.399321 0.399321
4724.316895 0.000000 3135.766602 0.000000 0.319682 0.000000 0.947525 0.405173 0.405173 0.405173
4724.777832 0.000000 3139.588623 0.000000 0.065062 0.000000 0.997881 0.434686 0.434686 0.434686
4735.314453 0.000000 3134.553467 0.000000 0.070803 0.000000 0.997490 0.464600 0.464600 0.464600
4727.338379 0.000000 3139.164795 0.000000 0.348447 0.000000 0.937328 0.482897 0.482897 0.482897
4691.222656 0.000000 3148.473633 0.000000 0.016855 0.000000 0.999858 0.499866 0.499866 0.499866
4688.999512 0.000000 3147.689697 0.000000 0.169546 0.000000 0.985522 0.565913 0.565913 0.565913
4847.645996 0.000000 3057.854248 0.000000 0.096371 0.000000 0.995346 0.387381 0.387381 0.387381
4842.135254 0.000000 3054.655762 0.000000 0.463782 0.000000 0.885949 0.433107 0.433107 0.433107
4913.031738 0.000000 2983.526123 0.000000 0.175164 0.000000 0.984539 0.392122 0.392122 0.392122
4912.943848 0.000000 2948.775879 0.000000 0.396258 0.000000 0.918139 0.410078 0.410078 0.410078
4889.034668 0.000000 2969.134033 0.000000 0.146281 0.000000 0.989243 0.416644 0.416644 0.416644
4926.420410 0.000000 2950.528320 0.000000 0.002594 0.000000 0.999997 0.506412 0.506412 0.506412
4922.650879 0.000000 2948.365479 0.000000 0.165055 0.000000 0.986284 0.557163 0.557163 0.557163
4981.633789 0.000000 2974.244629 0.000000 0.472248 0.000000 0.881466 0.385077 0.385077 0.385077
4985.072754 0.000000 2987.304688 0.000000 0.487497 0.000000 0.873125 0.398879 0.398879 0.398879
4956.720215 0.000000 2977.696533 0.000000 0.460472 0.000000 0.887674 0.418489 0.418489 0.418489
4961.128418 0.000000 2977.950684 0.000000 0.513107 0.000000 0.858324 0.417641 0.417641 0.417641
4931.049316 0.000000 2949.458252 0.000000 0.505582 0.000000 0.862779 0.453967 0.453967 0.453967
4959.082031 0.000000 2973.335205 0.000000 0.141138 0.000000 0.989990 0.487077 0.487077 0.487077
4914.789551 0.000000 3005.759277 0.000000 0.542070 0.000000 0.840333 0.387095 0.387095 0.387095
4911.645996 0.000000 3001.369873 0.000000 0.408774 0.000000 0.912636 0.386634 0.386634 0.386634
4985.460938 0.000000 2993.775146 0.000000 0.264017 0.000000 0.964518 0.381840 0.381840 0.381840
4978.317871 0.000000 2998.125000 0.000000 0.057042 0.000000 0.998372 0.393913 0.393913 0.393913
5001.641113 0.000000 2990.375244 0.000000 0.360586 0.000000 0.932726 0.384337 0.384337 0.384337
4954.987305 0.000000 3050.245117 0.000000 0.378741 0.000000 0.925503 0.384237 0.384237 0.384237
4955.678223 0.000000 3111.654785 0.000000 0.387867 0.000000 0.921715 0.383608 0.383608 0.383608
5002.166504 0.000000 3113.154297 0.000000 0.004059 0.000000 0.999992 0.389578 0.389578 0.389578
4334.200195 0.000000 3164.234863 0.000000 0.525244 0.000000 0.850952 0.557409 0.557409 0.557409
4315.442383 0.000000 3171.547852 0.000000 0.289912 0.000000 0.957053 0.545063 0.545063 0.545063
4332.736816 0.000000 3165.947021 0.000000 0.264970 0.000000 0.964257 0.632681 0.632681 0.632681
4298.092773 0.000000 3182.911621 0.000000 0.556102 0.000000 0.831114 0.542203 0.542203 0.542203
4335.757812 0.000000 3165.890381 0.000000 0.081280 0.000000 0.996691 0.544487 0.544487 0.544487
4409.129395 0.000000 3201.943604 0.000000 0.480446 0.000000 0.877025 0.406075 0.406075 0.406075
4403.824219 0.000000 3207.459473 0.000000 0.089459 0.000000 0.995991 0.445687 0.445687 0.445687
4390.074219 0.000000 3172.971680 0.000000 0.037231 0.000000 0.999307 0.641710 0.641710 0.641710
4373.230957 0.000000 3201.637451 0.000000 0.099436 0.000000 0.995044 0.637395 0.637395 0.637395
4407.696777 0.000000 3172.410889 0.000000 0.579441 0.000000 0.815014 0.535703 0.535703 0.535703
4407.338379 0.000000 3195.649170 0.000000 0.269065 0.000000 0.963122 0.646905 0.646905 0.646905
4406.395020 0.000000 3173.188232 0.000000 0.394382 0.000000 0.918947 0.530324 0.530324 0.530324
4390.709473 0.000000 3173.932617 0.000000 0.090873 0.000000 0.995862 0.643753 0.643753 0.643753
4391.854004 0.000000 3174.173584 0.000000 0.426471 0.000000 0.904501 0.656843 0.656843 0.656843
4407.966309 0.000000 3199.020752 0.000000 0.301393 0.000000 0.953500 0.646074 0.646074 0.646074
4410.459473 0.000000 3204.649170 0.000000 0.028577 0.000000 0.999592 0.636125 0.636125 0.636125
4377.272461 0.000000 3197.878174 0.000000 0.428070 0.000000 0.903746 0.577403 0.577403 0.577403
4391.297852 0.000000 3179.491943 0.000000 0.209484 0.000000 0.977812 0.644989 0.644989 0.644989
4395.596680 0.000000 3268.150879 0.000000 0.398026 0.000000 0.917374 0.393752 0.393752 0.393752
4397.814941 0.000000 3256.155518 0.000000 0.350347 0.000000 0.936620 0.405679 0.405679 0.405679
4395.722656 0.000000 3274.932617 0.000000 0.543186 0.000000 0.839612 0.414544 0.414544 0.414544
4404.147949 0.000000 3274.771484 0.000000 0.152886 0.000000 0.988244 0.544736 0.544736 0.544736
4408.311035 0.000000 3264.261475 0.000000 0.265719 0.000000 0.964051 0.512816 0.512816 0.512816
4387.792969 0.000000 3220.585938 0.000000 0.082146 0.000000 0.996620 0.592257 0.592257 0.592257
4407.038086 0.000000 3267.609375 0.000000 0.470559 0.000000 0.882369 0.655327 0.655327 0.655327
4405.492676 0.000000 3275.138672 0.000000 0.403077 0.000000 0.915166 0.551854 0.551854 0.551854
4404.629395 0.000000 3261.809570 0.000000 0.544066 0.000000 0.839043 0.549030 0.549030 0.549030
4452.682129 0.000000 3243.398682 0.000000 0.244553 0.000000 0.969636 0.402161 0.402161 0.402161
4466.490723 0.000000 3242.398926 0.000000 0.405238 0.000000 0.914211 0.410232 0.410232 0.410232
4455.260742 0.000000 3241.213379 0.000000 0.227093 0.000000 0.973873 0.409056 0.409056 0.409056
4451.030762 0.000000 3243.503662 0.000000 0.205313 0.000000 0.978696 0.442565 0.442565 0.442565
4438.404297 0.000000 3245.224609 0.000000 0.374908 0.000000 0.927062 0.479926 0.479926 0.479926
4424.616211 0.000000 3236.853027 0.000000 0.082106 0.000000 0.996624 0.595644 0.595644 0.595644
4440.136230 0.000000 3240.023682 0.000000 0.350817 0.000000 0.936444 0.646291 0.646291 0.646291
4438.048340 0.000000 3242.722412 0.000000 0.463246 0.000000 0.886230 0.652225 0.652225 0.652225
4442.370605 0.000000 3242.199219 0.000000 0.198956 0.000000 0.980008 0.646350 0.646350 0.646350
4446.868164 0.000000 3240.351562 0.000000 0.433949 0.000000 0.900937 0.656669 0.656669 0.656669
4434.263672 0.000000 3231.695801 0.000000 0.369538 0.000000 0.929215 0.633166 0.633166 0.633166
4426.865723 0.000000 3234.700195 0.000000 0.496641 0.000000 0.867956 0.658396 0.658396 0.658396
4471.669922 0.000000 3253.273926 0.000000 0.326719 0.000000 0.945122 0.645355 0.645355 0.645355
4457.447266 0.000000 3236.514648 0.000000 0.051419 0.000000 0.998677 0.637736 0.637736 0.637736
4450.956543 0.000000 3240.839600 0.000000 0.344316 0.000000 0.938854 0.650459 0.650459 0.650459
4471.966309 0.000000 3255.505127 0.000000 0.565402 0.000000 0.824815 0.660932 0.660932 0.660932
4466.433594 0.000000 3257.367920 0.000000 0.394065 0.000000 0.919083 0.651106 0.651106 0.651106
4475.046387 0.000000 3253.793213 0.000000 0.371294 0.000000 0.928515 0.568537 0.568537 0.568537
4467.848633 0.000000 3256.284668 0.000000 0.428670 0.000000 0.903461 0.652699 0.652699 0.652699
4427.444824 0.000000 3233.758789 0.000000 0.540544 0.000000 0.841316 0.641775 0.641775 0.641775
4444.289062 0.000000 3243.812988 0.000000 0.345770 0.000000 0.938319 0.633995 0.633995 0.633995
4451.832520 0.000000 3241.328857 0.000000 0.030494 0.000000 0.999535 0.637416 0.637416 0.637416
4428.740234 0.000000 3232.164307 0.000000 0.255266 0.000000 0.966871 0.611712 0.611712 0.611712
4507.131348 0.000000 3235.730469 0.000000 0.326995 0.000000 0.945026 0.383809 0.383809 0.383809
4497.360840 0.000000 3265.769775 0.000000 0.486273 0.000000 0.873807 0.385457 0.385457 0.385457
4537.384766 0.000000 3275.861084 0.000000 0.451836 0.000000 0.892101 0.384814 0.384814 0.384814
4543.510742 0.000000 3244.346191 0.000000 0.203813 0.000000 0.979010 0.380909 0.380909 0.380909
4496.382324 0.000000 3275.425781 0.000000 0.193713 0.000000 0.981058 0.387018 0.387018 0.387018
4511.632324 0.000000 3230.278076 0.000000 0.555746 0.000000 0.831352 0.440453 0.440453 0.440453
4498.442383 0.000000 3234.625977 0.000000 0.250223 0.000000 0.968188 0.421980 0.421980 0.421980
4542.675293 0.000000 3271.360596 0.000000 0.467297 0.000000 0.884100 0.429539 0.429539 0.429539
4492.917480 0.000000 3237.806396 0.000000 0.255661 0.000000 0.966766 0.457760 0.457760 0.457760
4489.923828 0.000000 3237.203857 0.000000 0.184052 0.000000 0.982917 0.451024 0.451024 0.451024
4502.383789 0.000000 3266.621094 0.000000 0.380745 0.000000 0.924680 0.476477 0.476477 0.476477
4530.362305 0.000000 3254.306885 0.000000 0.391401 0.000000 0.920220 0.586767 0.586767 0.586767
4531.649902 0.000000 3272.230957 0.000000 0.120762 0.000000 0.992682 0.523131 0.523131 0.523131
4526.953613 0.000000 3273.009033 0.000000 0.031383 0.000000 0.999507 0.566942 0.566942 0.566942
4481.993652 0.000000 3243.059326 0.000000 0.424449 0.000000 0.905452 0.464869 0.464869 0.464869
4536.732422 0.000000 3268.166504 0.000000 0.163047 0.000000 0.986618 0.643938 0.643938 0.643938
4500.561035 0.000000 3270.374756 0.000000 0.133298 0.000000 0.991076 0.542472 0.542472 0.542472
4532.695801 0.000000 3255.713135 0.000000 0.531469 0.000000 0.847078 0.483631 0.483631 0.483631
4529.044434 0.000000 3268.689697 0.000000 0.495321 0.000000 0.868710 0.520607 0.520607 0.520607
4520.703613 0.000000 3274.477783 0.000000 0.488329 0.000000 0.872660 0.484382 0.484382 0.484382
4504.231445 0.000000 3221.287598 0.000000 0.323798 0.000000 0.946126 0.498333 0.498333 0.498333
4502.163574 0.000000 3222.574707 0.000000 0.556309 0.000000 0.830976 0.659889 0.659889 0.659889
4528.248535 0.000000 3273.414795 0.000000 0.521866 0.000000 0.853027 0.569834 0.569834 0.569834
4531.089355 0.000000 3248.606201 0.000000 0.505093 0.000000 0.863065 0.656689 0.656689 0.656689
4538.145020 0.000000 3264.753418 0.000000 0.325192 0.000000 0.945648 0.554844 0.554844 0.554844
4532.617188 0.000000 3272.966309 0.000000 0.100550 0.000000 0.994932 0.557029 0.557029 0.557029
4505.831543 0.000000 3226.752930 0.000000 0.321015 0.000000 0.947074 0.641685 0.641685 0.641685
4528.327148 0.000000 3274.912354 0.000000 0.217662 0.000000 0.976024 0.529111 0.529111 0.529111
4528.086914 0.000000 3255.291016 0.000000 0.015526 0.000000 0.999879 0.603548 0.603548 0.603548
4530.699707 0.000000 3250.662354 0.000000 0.216959 0.000000 0.976181 0.646362 0.646362 0.646362
4530.101562 0.000000 3252.554199 0.000000 0.420674 0.000000 0.907212 0.656301 0.656301 0.656301
4507.200684 0.000000 3230.239502 0.000000 0.207374 0.000000 0.978262 0.577401 0.577401 0.577401
4532.330566 0.000000 3253.470215 0.000000 0.017171 0.000000 0.999853 0.591844 0.591844 0.591844
4560.004883 0.000000 3237.077148 0.000000 0.186714 0.000000 0.982414 0.426228 0.426228 0.426228
4553.022461 0.000000 3262.676514 0.000000 0.469141 0.000000 0.883123 0.539574 0.539574 0.539574
4564.708984 0.000000 3263.174805 0.000000 0.576026 0.000000 0.817432 0.548249 0.548249 0.548249
4550.251953 0.000000 3258.749756 0.000000 0.521979 0.000000 0.852959 0.557304 0.557304 0.557304
4544.860352 0.000000 3275.450928 0.000000 0.460350 0.000000 0.887738 0.652560 0.652560 0.652560
4549.351562 0.000000 3271.242432 0.000000 0.488186 0.000000 0.872740 0.559802 0.559802 0.559802
4544.743652 0.000000 3270.530029 0.000000 0.246726 0.000000 0.969085 0.505312 0.505312 0.505312
4553.391113 0.000000 3254.172852 0.000000 0.502011 0.000000 0.864861 0.634868 0.634868 0.634868
4548.465332 0.000000 3258.398926 0.000000 0.435728 0.000000 0.900079 0.536821 0.536821 0.536821
4559.546387 0.000000 3257.491211 0.000000 0.187218 0.000000 0.982318 0.526574 0.526574 0.526574
4554.347656 0.000000 3259.678955 0.000000 0.477691 0.000000 0.878528 0.655943 0.655943 0.655943
4546.422363 0.000000 3258.607666 0.000000 0.489198 0.000000 0.872173 0.607842 0.607842 0.607842
4561.250000 0.000000 3232.290283 0.000000 0.270507 0.000000 0.962718 0.645833 0.645833 0.645833
4551.351074 0.000000 3258.860352 0.000000 0.495247 0.000000 0.868752 0.556453 0.556453 0.556453
4552.949219 0.000000 3268.544434 0.000000 0.454440 0.000000 0.890777 0.655920 0.655920 0.655920
4544.040039 0.000000 3272.768311 0.000000 0.433746 0.000000 0.901035 0.656661 0.656661 0.656661
4552.403320 0.000000 3270.356934 0.000000 0.329527 0.000000 0.944146 0.607379 0.607379 0.607379
4392.974609 0.000000 3287.615234 0.000000 0.529538 0.000000 0.848286 0.386549 0.386549 0.386549
4406.180664 0.000000 3299.943848 0.000000 0.373784 0.000000 0.927516 0.387913 0.387913 0.387913
4391.522949 0.000000 3280.091797 0.000000 0.226038 0.000000 0.974118 0.524088 0.524088 0.524088
4415.314453 0.000000 3304.006592 0.000000 0.301136 0.000000 0.953581 0.649931 0.649931 0.649931
4398.633301 0.000000 3280.809570 0.000000 0.446699 0.000000 0.894684 0.608046 0.608046 0.608046
4397.243652 0.000000 3284.955811 0.000000 0.454767 0.000000 0.890610 0.564084 0.564084 0.564084
4402.122070 0.000000 3293.146729 0.000000 0.043031 0.000000 0.999074 0.519439 0.519439 0.519439
4407.381348 0.000000 3290.120605 0.000000 0.264927 0.000000 0.964269 0.615493 0.615493 0.615493
4410.872070 0.000000 3304.224609 0.000000 0.427186 0.000000 0.904164 0.653222 0.653222 0.653222
4403.003906 0.000000 3279.737549 0.000000 0.415327 0.000000 0.909672 0.589329 0.589329 0.589329
4412.832520 0.000000 3309.431641 0.000000 0.058813 0.000000 0.998269 0.633811 0.633811 0.633811
4418.875977 0.000000 3308.680420 0.000000 0.239192 0.000000 0.970972 0.640880 0.640880 0.640880
4445.948242 0.000000 3317.214111 0.000000 0.114163 0.000000 0.993462 0.588187 0.588187 0.588187
4416.049316 0.000000 3301.791260 0.000000 0.557553 0.000000 0.830141 0.477006 0.477006 0.477006
4462.953613 0.000000 3329.493408 0.000000 0.041515 0.000000 0.999138 0.639066 0.639066 0.639066
4449.152344 0.000000 3322.261719 0.000000 0.219098 0.000000 0.975703 0.639962 0.639962 0.639962
4460.898438 0.000000 3331.954590 0.000000 0.280646 0.000000 0.959811 0.511427 0.511427 0.511427
4444.472656 0.000000 3321.609863 0.000000 0.442747 0.000000 0.896647 0.651800 0.651800 0.651800
4420.693359 0.000000 3308.734131 0.000000 0.247918 0.000000 0.968781 0.644395 0.644395 0.644395
4431.914062 0.000000 3316.217773 0.000000 0.403718 0.000000 0.914884 0.650437 0.650437 0.650437
4444.235840 0.000000 3318.770752 0.000000 0.025078 0.000000 0.999685 0.631118 0.631118 0.631118
4432.999512 0.000000 3317.142822 0.000000 0.007132 0.000000 0.999975 0.630318 0.630318 0.630318
4449.586426 0.000000 3323.213867 0.000000 0.316031 0.000000 0.948749 0.644438 0.644438 0.644438
4460.016602 0.000000 3334.326660 0.000000 0.005272 0.000000 0.999986 0.412543 0.412543 0.412543
4457.191895 0.000000 3335.024170 0.000000 0.171023 0.000000 0.985267 0.540040 0.540040 0.540040
4521.563477 0.000000 3302.584717 0.000000 0.570101 0.000000 0.821574 0.387676 0.387676 0.387676
4509.958984 0.000000 3286.294189 0.000000 0.352010 0.000000 0.935996 0.383371 0.383371 0.383371
4518.646484 0.000000 3308.250977 0.000000 0.010145 0.000000 0.999949 0.378493 0.378493 0.378493
4508.928223 0.000000 3293.973877 0.000000 0.474324 0.000000 0.880350 0.385838 0.385838 0.385838
4508.979980 0.000000 3291.372803 0.000000 0.432391 0.000000 0.901686 0.410704 0.410704 0.410704
4513.680176 0.000000 3331.921387 0.000000 0.010486 0.000000 0.999945 0.403815 0.403815 0.403815
4517.210449 0.000000 3308.175293 0.000000 0.248483 0.000000 0.968636 0.489494 0.489494 0.489494
4526.797363 0.000000 3327.896973 0.000000 0.487993 0.000000 0.872848 0.515012 0.515012 0.515012
4539.503906 0.000000 3277.999023 0.000000 0.294240 0.000000 0.955732 0.506469 0.506469 0.506469
4521.168457 0.000000 3307.651123 0.000000 0.253590 0.000000 0.967312 0.528307 0.528307 0.528307
4512.087402 0.000000 3316.212891 0.000000 0.203601 0.000000 0.979054 0.537449 0.537449 0.537449
4512.789062 0.000000 3329.213867 0.000000 0.536808 0.000000 0.843704 0.650471 0.650471 0.650471
4527.757812 0.000000 3278.859131 0.000000 0.078920 0.000000 0.996881 0.559827 0.559827 0.559827
4586.440430 0.000000 3292.302734 0.000000 0.402756 0.000000 0.915307 0.401105 0.401105 0.401105
4546.681152 0.000000 3298.312256 0.000000 0.135064 0.000000 0.990837 0.421782 0.421782 0.421782
4573.614258 0.000000 3307.821777 0.000000 0.350237 0.000000 0.936661 0.411103 0.411103 0.411103
4578.559570 0.000000 3309.299316 0.000000 0.369281 0.000000 0.929318 0.442118 0.442118 0.442118
4578.837891 0.000000 3324.185059 0.000000 0.417585 0.000000 0.908638 0.443071 0.443071 0.443071
4553.923828 0.000000 3293.688232 0.000000 0.439222 0.000000 0.898378 0.459778 0.459778 0.459778
4553.676758 0.000000 3290.770264 0.000000 0.184870 0.000000 0.982763 0.452809 0.452809 0.452809
4551.363281 0.000000 3299.544189 0.000000 0.021184 0.000000 0.999776 0.461850 0.461850 0.461850
4574.348145 0.000000 3306.432129 0.000000 0.055645 0.000000 0.998451 0.478229 0.478229 0.478229
4549.529297 0.000000 3279.583740 0.000000 0.052028 0.000000 0.998646 0.511052 0.511052 0.511052
4554.511230 0.000000 3294.784668 0.000000 0.020961 0.000000 0.999780 0.493059 0.493059 0.493059
4574.526367 0.000000 3320.549072 0.000000 0.088700 0.000000 0.996058 0.604324 0.604324 0.604324
4578.956543 0.000000 3297.323975 0.000000 0.499162 0.000000 0.866509 0.645335 0.645335 0.645335
4576.590820 0.000000 3303.234619 0.000000 0.277721 0.000000 0.960662 0.507829 0.507829 0.507829
4581.261230 0.000000 3325.475342 0.000000 0.045840 0.000000 0.998949 0.553757 0.553757 0.553757
4568.817383 0.000000 3309.127441 0.000000 0.272067 0.000000 0.962278 0.603668 0.603668 0.603668
4597.988770 0.000000 3287.333008 0.000000 0.137429 0.000000 0.990512 0.535675 0.535675 0.535675
4582.218750 0.000000 3325.091064 0.000000 0.141650 0.000000 0.989917 0.645322 0.645322 0.645322
4524.194824 0.000000 3344.655518 0.000000 0.152837 0.000000 0.988251 0.380680 0.380680 0.380680
4533.929688 0.000000 3348.648926 0.000000 0.299717 0.000000 0.954028 0.422845 0.422845 0.422845
4537.981445 0.000000 3338.205566 0.000000 0.003864 0.000000 0.999993 0.511595 0.511595 0.511595
4573.392090 0.000000 3377.251465 0.000000 0.149797 0.000000 0.988717 0.380993 0.380993 0.380993
4571.190918 0.000000 3360.887451 0.000000 0.403289 0.000000 0.915073 0.383900 0.383900 0.383900
4668.271484 0.000000 3171.638428 0.000000 0.555684 0.000000 0.831393 0.409269 0.409269 0.409269
4669.240234 0.000000 3177.156250 0.000000 0.449570 0.000000 0.893245 0.461809 0.461809 0.461809
4666.650879 0.000000 3174.302979 0.000000 0.452301 0.000000 0.891865 0.514052 0.514052 0.514052
4636.237305 0.000000 3167.100342 0.000000 0.372184 0.000000 0.928159 0.520847 0.520847 0.520847
4671.022461 0.000000 3175.572998 0.000000 0.034256 0.000000 0.999413 0.543196 0.543196 0.543196
4637.493652 0.000000 3170.482910 0.000000 0.515519 0.000000 0.856878 0.659262 0.659262 0.659262
4647.911621 0.000000 3168.047607 0.000000 0.149669 0.000000 0.988736 0.567043 0.567043 0.567043
4672.213379 0.000000 3175.226562 0.000000 0.000762 0.000000 1.000000 0.564339 0.564339 0.564339
4689.722656 0.000000 3271.786621 0.000000 0.566114 0.000000 0.824327 0.386840 0.386840 0.386840
4679.437500 0.000000 3274.653076 0.000000 0.219802 0.000000 0.975544 0.381811 0.381811 0.381811
4690.536621 0.000000 3273.079102 0.000000 0.216255 0.000000 0.976337 0.437436 0.437436 0.437436
4695.398438 0.000000 3275.409668 0.000000 0.095329 0.000000 0.995446 0.508645 0.508645 0.508645
4707.061035 0.000000 3274.926270 0.000000 0.329684 0.000000 0.944091 0.643747 0.643747 0.643747
4727.347168 0.000000 3275.660645 0.000000 0.541471 0.000000 0.840719 0.521913 0.521913 0.521913
4680.754883 0.000000 3273.322021 0.000000 0.148717 0.000000 0.988880 0.548074 0.548074 0.548074
4779.690430 0.000000 3166.688965 0.000000 0.496005 0.000000 0.868320 0.386187 0.386187 0.386187
4796.008301 0.000000 3205.402100 0.000000 0.403220 0.000000 0.915103 0.386548 0.386548 0.386548
4799.025879 0.000000 3212.490234 0.000000 0.117562 0.000000 0.993066 0.440930 0.440930 0.440930
4785.393555 0.000000 3186.955566 0.000000 0.261647 0.000000 0.965164 0.464991 0.464991 0.464991
4797.367188 0.000000 3214.260742 0.000000 0.356889 0.000000 0.934147 0.508022 0.508022 0.508022
4792.732422 0.000000 3211.682129 0.000000 0.238887 0.000000 0.971047 0.526171 0.526171 0.526171
4785.310547 0.000000 3192.594727 0.000000 0.012504 0.000000 0.999922 0.638046 0.638046 0.638046
4784.273926 0.000000 3192.400635 0.000000 0.213905 0.000000 0.976854 0.646120 0.646120 0.646120
4786.986816 0.000000 3208.317627 0.000000 0.420031 0.000000 0.907510 0.561223 0.561223 0.561223
4802.311035 0.000000 3199.736084 0.000000 0.400789 0.000000 0.916170 0.384036 0.384036 0.384036
4840.389160 0.000000 3216.755371 0.000000 0.481766 0.000000 0.876300 0.396951 0.396951 0.396951
4811.049316 0.000000 3213.005859 0.000000 0.363028 0.000000 0.931778 0.441997 0.441997 0.441997
4837.085938 0.000000 3189.495850 0.000000 0.119921 0.000000 0.992783 0.642708 0.642708 0.642708
4840.459473 0.000000 3192.644531 0.000000 0.251784 0.000000 0.967784 0.519493 0.519493 0.519493
4810.576172 0.000000 3193.468750 0.000000 0.449310 0.000000 0.893376 0.469026 0.469026 0.469026
4831.786621 0.000000 3196.846436 0.000000 0.238021 0.000000 0.971260 0.646639 0.646639 0.646639
4827.559082 0.000000 3199.014404 0.000000 0.228227 0.000000 0.973608 0.645064 0.645064 0.645064
4826.914551 0.000000 3214.828857 0.000000 0.273336 0.000000 0.961919 0.528828 0.528828 0.528828
4826.372559 0.000000 3215.981689 0.000000 0.275828 0.000000 0.961207 0.528894 0.528894 0.528894
4817.357910 0.000000 3196.540771 0.000000 0.012244 0.000000 0.999925 0.485950 0.485950 0.485950
4841.341797 0.000000 3191.774902 0.000000 0.241165 0.000000 0.970484 0.643405 0.643405 0.643405
4815.939941 0.000000 3217.822998 0.000000 0.431577 0.000000 0.902076 0.656470 0.656470 0.656470
4840.053711 0.000000 3215.479248 0.000000 0.031273 0.000000 0.999511 0.553343 0.553343 0.553343
4826.586914 0.000000 3194.650391 0.000000 0.179884 0.000000 0.983688 0.640368 0.640368 0.640368
4814.558105 0.000000 3215.997803 0.000000 0.150928 0.000000 0.988545 0.601311 0.601311 0.601311
4839.998535 0.000000 3186.550781 0.000000 0.581315 0.000000 0.813678 0.663126 0.663126 0.663126
4826.685059 0.000000 3192.722656 0.000000 0.439873 0.000000 0.898060 0.567161 0.567161 0.567161
4810.690430 0.000000 3209.486816 0.000000 0.446583 0.000000 0.894742 0.553163 0.553163 0.553163
4815.440918 0.000000 3214.161133 0.000000 0.484874 0.000000 0.874584 0.612990 0.612990 0.612990
4812.066406 0.000000 3193.390381 0.000000 0.107803 0.000000 0.994172 0.562378 0.562378 0.562378
4843.449707 0.000000 3191.408447 0.000000 0.401442 0.000000 0.915885 0.585343 0.585343 0.585343
4818.747559 0.000000 3215.602295 0.000000 0.157847 0.000000 0.987464 0.555232 0.555232 0.555232
4832.311035 0.000000 3195.890869 0.000000 0.241451 0.000000 0.970413 0.612950 0.612950 0.612950
4797.535645 0.000000 3273.784912 0.000000 0.131808 0.000000 0.991275 0.430586 0.430586 0.430586
4797.367188 0.000000 3270.745117 0.000000 0.405157 0.000000 0.914247 0.599532 0.599532 0.599532
4787.326660 0.000000 3267.125000 0.000000 0.414766 0.000000 0.909928 0.651756 0.651756 0.651756
4794.145020 0.000000 3264.753418 0.000000 0.245727 0.000000 0.969339 0.641526 0.641526 0.641526
4780.563965 0.000000 3259.329102 0.000000 0.209466 0.000000 0.977816 0.645464 0.645464 0.645464
4798.141113 0.000000 3266.477539 0.000000 0.306478 0.000000 0.951878 0.647512 0.647512 0.647512
4781.039062 0.000000 3257.032715 0.000000 0.202053 0.000000 0.979375 0.645757 0.645757 0.645757
4796.564941 0.000000 3269.979004 0.000000 0.320937 0.000000 0.947101 0.646852 0.646852 0.646852
4780.436035 0.000000 3260.765137 0.000000 0.229846 0.000000 0.973227 0.645717 0.645717 0.645717
4778.652344 0.000000 3259.261963 0.000000 0.041108 0.000000 0.999155 0.577407 0.577407 0.577407
4854.588867 0.000000 3272.792480 0.000000 0.409409 0.000000 0.912351 0.417565 0.417565 0.417565
4800.371582 0.000000 3224.694092 0.000000 0.291235 0.000000 0.956652 0.410112 0.410112 0.410112
4818.362793 0.000000 3252.245850 0.000000 0.513781 0.000000 0.857921 0.439573 0.439573 0.439573
4857.206055 0.000000 3229.235840 0.000000 0.032418 0.000000 0.999474 0.432344 0.432344 0.432344
4853.385254 0.000000 3250.216553 0.000000 0.489016 0.000000 0.872275 0.453608 0.453608 0.453608
4809.912598 0.000000 3248.711426 0.000000 0.474240 0.000000 0.880395 0.436950 0.436950 0.436950
4808.131348 0.000000 3228.997070 0.000000 0.324670 0.000000 0.945827 0.444843 0.444843 0.444843
4859.523926 0.000000 3233.068604 0.000000 0.447529 0.000000 0.894270 0.476199 0.476199 0.476199
4838.060059 0.000000 3240.433594 0.000000 0.078251 0.000000 0.996934 0.487419 0.487419 0.487419
4844.208984 0.000000 3273.696045 0.000000 0.262765 0.000000 0.964860 0.634314 0.634314 0.634314
4858.873047 0.000000 3235.358154 0.000000 0.310087 0.000000 0.950708 0.512163 0.512163 0.512163
4848.351074 0.000000 3228.518311 0.000000 0.233371 0.000000 0.972388 0.533019 0.533019 0.533019
4847.249023 0.000000 3242.346680 0.000000 0.558613 0.000000 0.829429 0.660174 0.660174 0.660174
4834.554688 0.000000 3229.323486 0.000000 0.321495 0.000000 0.946911 0.521289 0.521289 0.521289
4850.304199 0.000000 3245.997070 0.000000 0.070483 0.000000 0.997513 0.635503 0.635503 0.635503
4851.413574 0.000000 3239.159912 0.000000 0.209986 0.000000 0.977704 0.641922 0.641922 0.641922
4827.792969 0.000000 3249.050049 0.000000 0.220306 0.000000 0.975431 0.598481 0.598481 0.598481
4849.639160 0.000000 3275.365967 0.000000 0.518353 0.000000 0.855167 0.541042 0.541042 0.541042
4862.477051 0.000000 3245.015625 0.000000 0.412783 0.000000 0.910829 0.653165 0.653165 0.653165
4848.248535 0.000000 3273.414795 0.000000 0.089028 0.000000 0.996029 0.583989 0.583989 0.583989
4853.656738 0.000000 3242.252686 0.000000 0.192179 0.000000 0.981360 0.640543 0.640543 0.640543
4848.334961 0.000000 3235.712646 0.000000 0.369222 0.000000 0.929341 0.654460 0.654460 0.654460
4851.609375 0.000000 3249.775635 0.000000 0.086409 0.000000 0.996260 0.565169 0.565169 0.565169
4857.538086 0.000000 3242.559814 0.000000 0.425323 0.000000 0.905042 0.645807 0.645807 0.645807
4816.913574 0.000000 3223.392334 0.000000 0.465632 0.000000 0.884979 0.656521 0.656521 0.656521
4862.282715 0.000000 3235.730225 0.000000 0.447198 0.000000 0.894435 0.599248 0.599248 0.599248
4836.323242 0.000000 3230.110107 0.000000 0.113852 0.000000 0.993498 0.533322 0.533322 0.533322
4851.308594 0.000000 3234.784424 0.000000 0.222336 0.000000 0.974970 0.639992 0.639992 0.639992
4863.384277 0.000000 3235.373535 0.000000 0.262568 0.000000 0.964913 0.592978 0.592978 0.592978
4858.833496 0.000000 3239.018555 0.000000 0.242835 0.000000 0.970068 0.640931 0.640931 0.640931
4860.561035 0.000000 3239.113281 0.000000 0.220515 0.000000 0.975384 0.639908 0.639908 0.639908
4847.740234 0.000000 3234.748047 0.000000 0.231155 0.000000 0.972917 0.639965 0.639965 0.639965
4812.654785 0.000000 3223.313721 0.000000 0.034863 0.000000 0.999392 0.567046 0.567046 0.567046
4850.122070 0.000000 3236.662354 0.000000 0.406465 0.000000 0.913666 0.648653 0.648653 0.648653
4824.998535 0.000000 3250.366211 0.000000 0.348006 0.000000 0.937492 0.616725 0.616725 0.616725
4856.792480 0.000000 3237.878906 0.000000 0.444765 0.000000 0.895647 0.655339 0.655339 0.655339
4823.599609 0.000000 3266.496094 0.000000 0.295681 0.000000 0.955287 0.609667 0.609667 0.609667
4857.036621 0.000000 3233.135742 0.000000 0.529252 0.000000 0.848465 0.570082 0.570082 0.570082
4844.463379 0.000000 3234.232910 0.000000 0.385928 0.000000 0.922529 0.654944 0.654944 0.654944
4815.718262 0.000000 3220.062744 0.000000 0.141138 0.000000 0.989990 0.636311 0.636311 0.636311
4852.598145 0.000000 3245.674561 0.000000 0.117120 0.000000 0.993118 0.637517 0.637517 0.637517
4857.619629 0.000000 3243.948242 0.000000 0.244985 0.000000 0.969527 0.638781 0.638781 0.638781
4846.329102 0.000000 3273.847168 0.000000 0.494456 0.000000 0.869203 0.590290 0.590290 0.590290
4807.460938 0.000000 3240.552490 0.000000 0.113207 0.000000 0.993571 0.543645 0.543645 0.543645
4849.666504 0.000000 3239.979980 0.000000 0.417820 0.000000 0.908530 0.649209 0.649209 0.649209
4836.187500 0.000000 3232.665039 0.000000 0.211972 0.000000 0.977276 0.546372 0.546372 0.546372
4824.939453 0.000000 3264.920410 0.000000 0.276438 0.000000 0.961032 0.650254 0.650254 0.650254
4853.304199 0.000000 3240.137207 0.000000 0.536416 0.000000 0.843953 0.657601 0.657601 0.657601
4856.633789 0.000000 3235.006592 0.000000 0.384813 0.000000 0.922995 0.600578 0.600578 0.600578
4826.429199 0.000000 3254.097168 0.000000 0.183184 0.000000 0.983079 0.646448 0.646448 0.646448
4830.405762 0.000000 3257.849121 0.000000 0.565133 0.000000 0.825000 0.621452 0.621452 0.621452
4855.580566 0.000000 3249.649170 0.000000 0.035012 0.000000 0.999387 0.590736 0.590736 0.590736
4850.001465 0.000000 3226.865234 0.000000 0.521448 0.000000 0.853283 0.626805 0.626805 0.626805
4812.269531 0.000000 3227.467041 0.000000 0.409353 0.000000 0.912376 0.580320 0.580320 0.580320
4857.850098 0.000000 3247.198975 0.000000 0.350346 0.000000 0.936620 0.652204 0.652204 0.652204
4636.380371 0.000000 3330.944092 0.000000 0.245827 0.000000 0.969314 0.382040 0.382040 0.382040
4651.596680 0.000000 3324.635254 0.000000 0.298569 0.000000 0.954388 0.383152 0.383152 0.383152
4648.199219 0.000000 3306.939697 0.000000 0.366570 0.000000 0.930391 0.396883 0.396883 0.396883
4618.234863 0.000000 3323.539551 0.000000 0.361929 0.000000 0.932206 0.407682 0.407682 0.407682
4671.825195 0.000000 3289.346436 0.000000 0.171173 0.000000 0.985241 0.415280 0.415280 0.415280
4622.057129 0.000000 3327.929688 0.000000 0.048215 0.000000 0.998837 0.450164 0.450164 0.450164
4668.112793 0.000000 3311.768799 0.000000 0.458080 0.000000 0.888911 0.440259 0.440259 0.440259
4620.289551 0.000000 3289.541016 0.000000 0.074510 0.000000 0.997220 0.441892 0.441892 0.441892
4624.398438 0.000000 3321.150146 0.000000 0.533401 0.000000 0.845863 0.458223 0.458223 0.458223
4645.085938 0.000000 3302.464600 0.000000 0.226740 0.000000 0.973955 0.515354 0.515354 0.515354
4653.684570 0.000000 3319.004395 0.000000 0.304583 0.000000 0.952486 0.643792 0.643792 0.643792
4662.834961 0.000000 3313.768311 0.000000 0.306924 0.000000 0.951734 0.599655 0.599655 0.599655
4653.556641 0.000000 3321.737061 0.000000 0.303545 0.000000 0.952817 0.649038 0.649038 0.649038
4664.862793 0.000000 3310.216553 0.000000 0.238322 0.000000 0.971186 0.645355 0.645355 0.645355
4649.405762 0.000000 3313.946533 0.000000 0.538373 0.000000 0.842707 0.659276 0.659276 0.659276
4669.982422 0.000000 3287.618652 0.000000 0.024512 0.000000 0.999700 0.542929 0.542929 0.542929
4653.494141 0.000000 3317.734131 0.000000 0.218085 0.000000 0.975930 0.577733 0.577733 0.577733
4627.222656 0.000000 3317.926758 0.000000 0.398328 0.000000 0.917243 0.544629 0.544629 0.544629
4665.404785 0.000000 3313.738037 0.000000 0.433650 0.000000 0.901081 0.518921 0.518921 0.518921
4652.451660 0.000000 3319.706299 0.000000 0.389606 0.000000 0.920982 0.647834 0.647834 0.647834
4665.538086 0.000000 3299.044189 0.000000 0.124155 0.000000 0.992263 0.634274 0.634274 0.634274
4654.525879 0.000000 3303.822021 0.000000 0.230699 0.000000 0.973025 0.640374 0.640374 0.640374
4648.188477 0.000000 3313.436768 0.000000 0.353112 0.000000 0.935581 0.650840 0.650840 0.650840
4647.998535 0.000000 3299.519531 0.000000 0.418033 0.000000 0.908432 0.650215 0.650215 0.650215
4666.012207 0.000000 3286.423584 0.000000 0.217344 0.000000 0.976095 0.647323 0.647323 0.647323
4647.715332 0.000000 3323.600586 0.000000 0.088608 0.000000 0.996067 0.627925 0.627925 0.627925
4660.598145 0.000000 3302.158936 0.000000 0.223678 0.000000 0.974663 0.642521 0.642521 0.642521
4647.517090 0.000000 3310.781982 0.000000 0.121032 0.000000 0.992649 0.639713 0.639713 0.639713
4658.077148 0.000000 3304.869385 0.000000 0.361935 0.000000 0.932203 0.650699 0.650699 0.650699
4651.449707 0.000000 3304.377197 0.000000 0.103659 0.000000 0.994613 0.575928 0.575928 0.575928
4653.173340 0.000000 3299.988037 0.000000 0.478080 0.000000 0.878316 0.646217 0.646217 0.646217
4646.218750 0.000000 3325.091064 0.000000 0.229001 0.000000 0.973426 0.642169 0.642169 0.642169
4622.202637 0.000000 3289.797852 0.000000 0.048731 0.000000 0.998812 0.611393 0.611393 0.611393
4629.995605 0.000000 3316.599609 0.000000 0.123994 0.000000 0.992283 0.583384 0.583384 0.583384
4733.248047 0.000000 3322.095703 0.000000 0.475721 0.000000 0.879596 0.386098 0.386098 0.386098
4686.979980 0.000000 3300.933838 0.000000 0.498454 0.000000 0.866916 0.385649 0.385649 0.385649
4727.867676 0.000000 3323.325439 0.000000 0.377442 0.000000 0.926033 0.398873 0.398873 0.398873
4722.216309 0.000000 3320.638672 0.000000 0.145847 0.000000 0.989307 0.393469 0.393469 0.393469
4734.970703 0.000000 3298.749756 0.000000 0.388626 0.000000 0.921396 0.400872 0.400872 0.400872
4717.587891 0.000000 3283.865967 0.000000 0.028311 0.000000 0.999599 0.393481 0.393481 0.393481
4701.418457 0.000000 3326.091309 0.000000 0.011360 0.000000 0.999935 0.409120 0.409120 0.409120
4696.422363 0.000000 3305.793945 0.000000 0.134438 0.000000 0.990922 0.411115 0.411115 0.411115
4703.632324 0.000000 3286.762451 0.000000 0.425166 0.000000 0.905116 0.417848 0.417848 0.417848
4684.289551 0.000000 3289.541016 0.000000 0.367239 0.000000 0.930127 0.467223 0.467223 0.467223
4706.454102 0.000000 3317.114990 0.000000 0.084433 0.000000 0.996429 0.471869 0.471869 0.471869
4726.252441 0.000000 3278.648438 0.000000 0.463714 0.000000 0.885985 0.553687 0.553687 0.553687
4683.583008 0.000000 3323.038574 0.000000 0.348891 0.000000 0.937163 0.463249 0.463249 0.463249
4699.236816 0.000000 3293.580566 0.000000 0.545078 0.000000 0.838385 0.496677 0.496677 0.496677
4687.028809 0.000000 3289.199707 0.000000 0.477294 0.000000 0.878744 0.500338 0.500338 0.500338
4733.145996 0.000000 3317.772949 0.000000 0.444518 0.000000 0.895770 0.651789 0.651789 0.651789
4678.966309 0.000000 3323.963623 0.000000 0.231758 0.000000 0.972774 0.474992 0.474992 0.474992
4675.574219 0.000000 3329.517334 0.000000 0.580887 0.000000 0.813984 0.488529 0.488529 0.488529
4698.203125 0.000000 3308.699707 0.000000 0.455885 0.000000 0.890039 0.487204 0.487204 0.487204
4677.575684 0.000000 3297.442383 0.000000 0.121036 0.000000 0.992648 0.504053 0.504053 0.504053
4726.395020 0.000000 3286.156982 0.000000 0.134888 0.000000 0.990861 0.495669 0.495669 0.495669
4689.011230 0.000000 3277.430908 0.000000 0.181901 0.000000 0.983317 0.502008 0.502008 0.502008
4733.982422 0.000000 3287.618652 0.000000 0.469419 0.000000 0.882976 0.580547 0.580547 0.580547
4697.752441 0.000000 3332.470947 0.000000 0.203260 0.000000 0.979125 0.486711 0.486711 0.486711
4729.239746 0.000000 3319.423096 0.000000 0.135201 0.000000 0.990818 0.497420 0.497420 0.497420
4731.484375 0.000000 3317.290039 0.000000 0.358473 0.000000 0.933540 0.538186 0.538186 0.538186
4681.798340 0.000000 3281.467285 0.000000 0.021753 0.000000 0.999763 0.506873 0.506873 0.506873
4704.728027 0.000000 3287.302490 0.000000 0.241285 0.000000 0.970454 0.557636 0.557636 0.557636
4699.313477 0.000000 3323.727295 0.000000 0.530902 0.000000 0.847433 0.660153 0.660153 0.660153
4731.012207 0.000000 3324.520508 0.000000 0.573282 0.000000 0.819358 0.522841 0.522841 0.522841
4681.122070 0.000000 3323.155273 0.000000 0.175928 0.000000 0.984403 0.645311 0.645311 0.645311
4727.569824 0.000000 3296.092041 0.000000 0.541908 0.000000 0.840438 0.548961 0.548961 0.548961
4707.980469 0.000000 3323.887207 0.000000 0.407117 0.000000 0.913376 0.543110 0.543110 0.543110
4712.275879 0.000000 3324.866455 0.000000 0.570463 0.000000 0.821323 0.646618 0.646618 0.646618
4692.942871 0.000000 3325.700928 0.000000 0.073677 0.000000 0.997282 0.556258 0.556258 0.556258
4727.038086 0.000000 3324.093750 0.000000 0.511720 0.000000 0.859152 0.546224 0.546224 0.546224
4690.209473 0.000000 3286.997314 0.000000 0.243321 0.000000 0.969946 0.625028 0.625028 0.625028
4690.082520 0.000000 3276.156006 0.000000 0.154235 0.000000 0.988034 0.641726 0.641726 0.641726
4723.812988 0.000000 3290.312744 0.000000 0.561540 0.000000 0.827450 0.658359 0.658359 0.658359
4731.452148 0.000000 3315.983154 0.000000 0.137290 0.000000 0.990531 0.636388 0.636388 0.636388
4710.218750 0.000000 3325.091064 0.000000 0.574721 0.000000 0.818349 0.658960 0.658960 0.658960
4655.917480 0.000000 3369.360107 0.000000 0.145849 0.000000 0.989307 0.380939 0.380939 0.380939
4640.449219 0.000000 3358.573486 0.000000 0.465600 0.000000 0.884995 0.385407 0.385407 0.385407
4622.686523 0.000000 3347.169678 0.000000 0.217425 0.000000 0.976077 0.381238 0.381238 0.381238
4608.712402 0.000000 3350.799072 0.000000 0.149147 0.000000 0.988815 0.398877 0.398877 0.398877
4623.854980 0.000000 3339.107910 0.000000 0.330877 0.000000 0.943674 0.412580 0.412580 0.412580
4617.693359 0.000000 3341.640869 0.000000 0.473776 0.000000 0.880645 0.413262 0.413262 0.413262
4645.372070 0.000000 3336.642578 0.000000 0.357965 0.000000 0.933735 0.423881 0.423881 0.423881
4621.317383 0.000000 3385.805420 0.000000 0.367984 0.000000 0.929832 0.420449 0.420449 0.420449
4671.210449 0.000000 3367.179932 0.000000 0.174445 0.000000 0.984667 0.438442 0.438442 0.438442
4608.233887 0.000000 3346.021484 0.000000 0.137640 0.000000 0.990482 0.435999 0.435999 0.435999
4668.201172 0.000000 3353.168701 0.000000 0.451075 0.000000 0.892486 0.449179 0.449179 0.449179
4611.049316 0.000000 3344.848877 0.000000 0.123402 0.000000 0.992357 0.426897 0.426897 0.426897
4667.955078 0.000000 3363.633301 0.000000 0.160226 0.000000 0.987080 0.439952 0.439952 0.439952
4637.938965 0.000000 3349.111572 0.000000 0.030766 0.000000 0.999527 0.437576 0.437576 0.437576
4617.923828 0.000000 3350.172607 0.000000 0.529940 0.000000 0.848035 0.459966 0.459966 0.459966
4640.608398 0.000000 3364.109375 0.000000 0.341258 0.000000 0.939970 0.457718 0.457718 0.457718
4670.095703 0.000000 3364.124268 0.000000 0.539718 0.000000 0.841846 0.485652 0.485652 0.485652
4671.974609 0.000000 3364.109619 0.000000 0.415736 0.000000 0.909485 0.482656 0.482656 0.482656
4671.423340 0.000000 3336.053467 0.000000 0.287278 0.000000 0.957847 0.477970 0.477970 0.477970
4610.058594 0.000000 3351.017578 0.000000 0.166487 0.000000 0.986044 0.510371 0.510371 0.510371
4642.757812 0.000000 3338.040039 0.000000 0.215875 0.000000 0.976421 0.495790 0.495790 0.495790
4669.505859 0.000000 3340.654541 0.000000 0.271874 0.000000 0.962333 0.537555 0.537555 0.537555
4642.554688 0.000000 3342.292236 0.000000 0.440042 0.000000 0.897977 0.544070 0.544070 0.544070
4610.597656 0.000000 3346.043213 0.000000 0.484030 0.000000 0.875051 0.489694 0.489694 0.489694
4647.871094 0.000000 3353.013672 0.000000 0.441572 0.000000 0.897226 0.657094 0.657094 0.657094
4616.409180 0.000000 3347.397705 0.000000 0.413049 0.000000 0.910709 0.480799 0.480799 0.480799
4670.477051 0.000000 3357.984375 0.000000 0.503509 0.000000 0.863990 0.517237 0.517237 0.517237
4641.743164 0.000000 3332.816650 0.000000 0.361713 0.000000 0.932290 0.636338 0.636338 0.636338
4643.792969 0.000000 3333.554688 0.000000 0.393490 0.000000 0.919329 0.505380 0.505380 0.505380
4653.140625 0.000000 3352.190674 0.000000 0.233129 0.000000 0.972446 0.640040 0.640040 0.640040
4654.356934 0.000000 3349.875244 0.000000 0.079259 0.000000 0.996854 0.515172 0.515172 0.515172
4669.552246 0.000000 3341.891357 0.000000 0.435012 0.000000 0.900425 0.542143 0.542143 0.542143
4653.104004 0.000000 3334.032715 0.000000 0.270601 0.000000 0.962691 0.626019 0.626019 0.626019
4613.924316 0.000000 3348.217529 0.000000 0.042445 0.000000 0.999099 0.507370 0.507370 0.507370
4638.228516 0.000000 3332.589844 0.000000 0.192108 0.000000 0.981374 0.576930 0.576930 0.576930
4670.436523 0.000000 3343.100342 0.000000 0.101131 0.000000 0.994873 0.635106 0.635106 0.635106
4657.758301 0.000000 3344.829590 0.000000 0.579225 0.000000 0.815167 0.639877 0.639877 0.639877
4643.494629 0.000000 3335.276611 0.000000 0.187159 0.000000 0.982330 0.645155 0.645155 0.645155
4668.967285 0.000000 3344.167480 0.000000 0.388268 0.000000 0.921547 0.621682 0.621682 0.621682
4671.554199 0.000000 3340.906006 0.000000 0.416309 0.000000 0.909223 0.592884 0.592884 0.592884
4656.511719 0.000000 3345.093262 0.000000 0.260914 0.000000 0.965362 0.627383 0.627383 0.627383
4657.560547 0.000000 3346.728027 0.000000 0.312019 0.000000 0.950076 0.637892 0.637892 0.637892
4687.130859 0.000000 3371.949951 0.000000 0.272934 0.000000 0.962033 0.383455 0.383455 0.383455
4728.550781 0.000000 3365.437256 0.000000 0.216674 0.000000 0.976244 0.382578 0.382578 0.382578
4683.486816 0.000000 3341.137695 0.000000 0.453999 0.000000 0.891002 0.385177 0.385177 0.385177
4675.498047 0.000000 3333.335693 0.000000 0.494141 0.000000 0.869382 0.437350 0.437350 0.437350
4673.945801 0.000000 3348.881836 0.000000 0.443528 0.000000 0.896260 0.465288 0.465288 0.465288
4709.886230 0.000000 3378.749756 0.000000 0.059149 0.000000 0.998249 0.511225 0.511225 0.511225
4722.478027 0.000000 3374.453857 0.000000 0.351726 0.000000 0.936103 0.606414 0.606414 0.606414
4673.323730 0.000000 3338.635498 0.000000 0.435844 0.000000 0.900022 0.547504 0.547504 0.547504
4686.755859 0.000000 3342.026123 0.000000 0.315167 0.000000 0.949036 0.499899 0.499899 0.499899
4702.022949 0.000000 3375.990967 0.000000 0.273871 0.000000 0.961766 0.544613 0.544613 0.544613
4723.748047 0.000000 3374.033447 0.000000 0.407329 0.000000 0.913281 0.608382 0.608382 0.608382
4715.365234 0.000000 3375.565918 0.000000 0.424222 0.000000 0.905558 0.577277 0.577277 0.577277
4685.527344 0.000000 3339.621826 0.000000 0.419088 0.000000 0.907946 0.509603 0.509603 0.509603
4720.161133 0.000000 3371.927246 0.000000 0.110834 0.000000 0.993839 0.643240 0.643240 0.643240
4717.710938 0.000000 3383.777344 0.000000 0.175554 0.000000 0.984470 0.489600 0.489600 0.489600
4726.847168 0.000000 3375.439941 0.000000 0.231635 0.000000 0.972803 0.527731 0.527731 0.527731
4688.122070 0.000000 3343.511963 0.000000 0.046323 0.000000 0.998927 0.504012 0.504012 0.504012
4715.550781 0.000000 3382.285400 0.000000 0.279159 0.000000 0.960245 0.560489 0.560489 0.560489
4688.913574 0.000000 3336.361084 0.000000 0.092208 0.000000 0.995740 0.531028 0.531028 0.531028
4727.347168 0.000000 3388.629395 0.000000 0.524320 0.000000 0.851521 0.571706 0.571706 0.571706
4690.265625 0.000000 3335.286865 0.000000 0.546813 0.000000 0.837255 0.523874 0.523874 0.523874
4724.024414 0.000000 3372.897949 0.000000 0.529257 0.000000 0.848462 0.659546 0.659546 0.659546
4672.405762 0.000000 3342.354248 0.000000 0.009972 0.000000 0.999950 0.630854 0.630854 0.630854
4716.436035 0.000000 3373.733887 0.000000 0.264827 0.000000 0.964296 0.642286 0.642286 0.642286
4713.344238 0.000000 3382.006104 0.000000 0.235149 0.000000 0.971959 0.612731 0.612731 0.612731
4725.139160 0.000000 3372.573242 0.000000 0.269690 0.000000 0.962947 0.648179 0.648179 0.648179
4710.218750 0.000000 3381.575439 0.000000 0.584838 0.000000 0.811150 0.606141 0.606141 0.606141
4712.232910 0.000000 3383.646484 0.000000 0.490906 0.000000 0.871213 0.622060 0.622060 0.622060
4773.432617 0.000000 3287.120850 0.000000 0.411395 0.000000 0.911457 0.385284 0.385284 0.385284
4764.380371 0.000000 3330.944092 0.000000 0.328982 0.000000 0.944336 0.383158 0.383158 0.383158
4772.742188 0.000000 3329.298828 0.000000 0.158890 0.000000 0.987296 0.399028 0.399028 0.399028
4746.780273 0.000000 3310.877686 0.000000 0.064603 0.000000 0.997911 0.417052 0.417052 0.417052
4779.175293 0.000000 3294.391113 0.000000 0.391575 0.000000 0.920146 0.442555 0.442555 0.442555
4781.249512 0.000000 3307.332520 0.000000 0.230487 0.000000 0.973075 0.473196 0.473196 0.473196
4762.769531 0.000000 3324.767090 0.000000 0.237224 0.000000 0.971455 0.566200 0.566200 0.566200
4741.475098 0.000000 3284.369873 0.000000 0.247020 0.000000 0.969010 0.568230 0.568230 0.568230
4791.433594 0.000000 3297.296875 0.000000 0.136977 0.000000 0.990574 0.492226 0.492226 0.492226
4783.546387 0.000000 3282.441162 0.000000 0.565757 0.000000 0.824572 0.544311 0.544311 0.544311
4782.049316 0.000000 3314.007324 0.000000 0.300103 0.000000 0.953907 0.595954 0.595954 0.595954
4776.459473 0.000000 3305.613281 0.000000 0.582625 0.000000 0.812741 0.472153 0.472153 0.472153
4778.783691 0.000000 3308.899902 0.000000 0.411815 0.000000 0.911268 0.650016 0.650016 0.650016
4788.467773 0.000000 3297.218506 0.000000 0.350735 0.000000 0.936475 0.651902 0.651902 0.651902
4776.696289 0.000000 3286.341309 0.000000 0.396754 0.000000 0.917925 0.553436 0.553436 0.553436
4787.413574 0.000000 3295.644287 0.000000 0.024807 0.000000 0.999692 0.603861 0.603861 0.603861
4780.416992 0.000000 3321.097168 0.000000 0.367822 0.000000 0.929896 0.601739 0.601739 0.601739
4737.354492 0.000000 3317.809814 0.000000 0.065684 0.000000 0.997840 0.625419 0.625419 0.625419
4740.693359 0.000000 3308.734131 0.000000 0.048234 0.000000 0.998836 0.521289 0.521289 0.521289
4784.162598 0.000000 3289.957031 0.000000 0.305555 0.000000 0.952174 0.644278 0.644278 0.644278
4777.168457 0.000000 3307.651123 0.000000 0.487906 0.000000 0.872896 0.600707 0.600707 0.600707
4789.900391 0.000000 3327.468506 0.000000 0.525643 0.000000 0.850705 0.501597 0.501597 0.501597
4770.421875 0.000000 3312.585693 0.000000 0.555994 0.000000 0.831186 0.661589 0.661589 0.661589
4742.969727 0.000000 3308.417969 0.000000 0.257855 0.000000 0.966184 0.648032 0.648032 0.648032
4778.410156 0.000000 3317.129639 0.000000 0.214547 0.000000 0.976714 0.627405 0.627405 0.627405
4767.890137 0.000000 3322.334961 0.000000 0.423673 0.000000 0.905815 0.653952 0.653952 0.653952
4759.733887 0.000000 3317.994873 0.000000 0.373599 0.000000 0.927590 0.559803 0.559803 0.559803
4793.653809 0.000000 3328.934326 0.000000 0.128015 0.000000 0.991772 0.521583 0.521583 0.521583
4777.761719 0.000000 3315.083008 0.000000 0.478742 0.000000 0.877956 0.605686 0.605686 0.605686
4785.734375 0.000000 3294.202881 0.000000 0.107546 0.000000 0.994200 0.596476 0.596476 0.596476
4744.099121 0.000000 3311.483398 0.000000 0.084869 0.000000 0.996392 0.641706 0.641706 0.641706
4782.890137 0.000000 3312.348633 0.000000 0.570470 0.000000 0.821319 0.657282 0.657282 0.657282
4783.740234 0.000000 3291.232422 0.000000 0.396898 0.000000 0.917863 0.650220 0.650220 0.650220
4787.336914 0.000000 3298.205322 0.000000 0.282739 0.000000 0.959197 0.647075 0.647075 0.647075
4778.652344 0.000000 3315.746338 0.000000 0.242913 0.000000 0.970048 0.640934 0.640934 0.640934
4776.529297 0.000000 3293.964355 0.000000 0.266851 0.000000 0.963738 0.645106 0.645106 0.645106
4785.862305 0.000000 3277.295654 0.000000 0.442357 0.000000 0.896839 0.621959 0.621959 0.621959
4787.003906 0.000000 3279.737549 0.000000 0.577248 0.000000 0.816569 0.663266 0.663266 0.663266
4774.826172 0.000000 3331.550293 0.000000 0.577568 0.000000 0.816343 0.663031 0.663031 0.663031
4796.959961 0.000000 3307.347900 0.000000 0.049803 0.000000 0.998759 0.634745 0.634745 0.634745
4769.751465 0.000000 3316.070312 0.000000 0.200043 0.000000 0.979787 0.642565 0.642565 0.642565
4782.767090 0.000000 3315.906494 0.000000 0.365795 0.000000 0.930696 0.598173 0.598173 0.598173
4796.832520 0.000000 3309.431641 0.000000 0.226574 0.000000 0.973994 0.644877 0.644877 0.644877
4777.240234 0.000000 3306.610352 0.000000 0.345501 0.000000 0.938418 0.595737 0.595737 0.595737
4764.289062 0.000000 3300.297363 0.000000 0.532050 0.000000 0.846713 0.609456 0.609456 0.609456
4771.832520 0.000000 3297.813232 0.000000 0.419042 0.000000 0.907967 0.649368 0.649368 0.649368
4767.024902 0.000000 3300.714111 0.000000 0.105722 0.000000 0.994396 0.628545 0.628545 0.628545
4807.213379 0.000000 3314.293701 0.000000 0.311760 0.000000 0.950161 0.382722 0.382722 0.382722
4804.789062 0.000000 3309.950684 0.000000 0.191046 0.000000 0.981581 0.413827 0.413827 0.413827
4811.084961 0.000000 3286.472412 0.000000 0.114655 0.000000 0.993405 0.410793 0.410793 0.410793
4821.918945 0.000000 3287.601074 0.000000 0.145331 0.000000 0.989383 0.453802 0.453802 0.453802
4843.575684 0.000000 3306.823975 0.000000 0.459453 0.000000 0.888202 0.458407 0.458407 0.458407
4806.813965 0.000000 3297.857666 0.000000 0.237904 0.000000 0.971289 0.485725 0.485725 0.485725
4820.600586 0.000000 3287.115723 0.000000 0.467477 0.000000 0.884005 0.460392 0.460392 0.460392
4802.875977 0.000000 3308.680420 0.000000 0.532280 0.000000 0.846568 0.494530 0.494530 0.494530
4801.280273 0.000000 3309.943115 0.000000 0.472004 0.000000 0.881597 0.568193 0.568193 0.568193
4809.022461 0.000000 3319.160889 0.000000 0.498526 0.000000 0.866875 0.609962 0.609962 0.609962
4840.459473 0.000000 3305.613281 0.000000 0.267011 0.000000 0.963693 0.648977 0.648977 0.648977
4820.561035 0.000000 3326.859131 0.000000 0.388152 0.000000 0.921596 0.542564 0.542564 0.542564
4845.193359 0.000000 3296.943604 0.000000 0.006838 0.000000 0.999977 0.598226 0.598226 0.598226
4839.319336 0.000000 3300.806396 0.000000 0.297248 0.000000 0.954800 0.469296 0.469296 0.469296
4844.992676 0.000000 3298.994385 0.000000 0.519601 0.000000 0.854409 0.656318 0.656318 0.656318
4800.042480 0.000000 3309.524902 0.000000 0.386397 0.000000 0.922333 0.565484 0.565484 0.565484
4854.395020 0.000000 3286.156982 0.000000 0.452228 0.000000 0.891903 0.535511 0.535511 0.535511
4839.639160 0.000000 3303.166992 0.000000 0.248123 0.000000 0.968728 0.595958 0.595958 0.595958
4841.341797 0.000000 3304.743652 0.000000 0.066028 0.000000 0.997818 0.640965 0.640965 0.640965
4819.857422 0.000000 3328.790527 0.000000 0.409192 0.000000 0.912448 0.496837 0.496837 0.496837
4848.334961 0.000000 3292.197021 0.000000 0.419765 0.000000 0.907633 0.566525 0.566525 0.566525
4841.168457 0.000000 3307.651123 0.000000 0.002746 0.000000 0.999996 0.601443 0.601443 0.601443
4804.508301 0.000000 3318.794189 0.000000 0.409104 0.000000 0.912488 0.573256 0.573256 0.573256
4800.743652 0.000000 3327.014404 0.000000 0.469955 0.000000 0.882690 0.546743 0.546743 0.546743
4837.454590 0.000000 3305.277588 0.000000 0.517824 0.000000 0.855487 0.623115 0.623115 0.623115
4841.081055 0.000000 3303.611084 0.000000 0.146023 0.000000 0.989281 0.641836 0.641836 0.641836
4803.005859 0.000000 3327.051758 0.000000 0.363592 0.000000 0.931558 0.527711 0.527711 0.527711
4853.988770 0.000000 3287.333008 0.000000 0.111578 0.000000 0.993756 0.616943 0.616943 0.616943
4837.641602 0.000000 3303.376221 0.000000 0.064680 0.000000 0.997906 0.622027 0.622027 0.622027
4813.689453 0.000000 3326.915039 0.000000 0.291777 0.000000 0.956486 0.648207 0.648207 0.648207
4846.371582 0.000000 3300.718506 0.000000 0.305032 0.000000 0.952342 0.649665 0.649665 0.649665
4835.216309 0.000000 3301.024170 0.000000 0.564449 0.000000 0.825468 0.614284 0.614284 0.614284
4839.486328 0.000000 3305.080811 0.000000 0.501710 0.000000 0.865036 0.650728 0.650728 0.650728
4848.425781 0.000000 3297.613525 0.000000 0.370090 0.000000 0.928996 0.647623 0.647623 0.647623
4840.891602 0.000000 3301.529297 0.000000 0.268670 0.000000 0.963232 0.549710 0.549710 0.549710
4801.989746 0.000000 3309.170898 0.000000 0.268780 0.000000 0.963202 0.561925 0.561925 0.561925
4844.935547 0.000000 3297.946289 0.000000 0.098230 0.000000 0.995164 0.601257 0.601257 0.601257
4757.502930 0.000000 3380.897217 0.000000 0.388109 0.000000 0.921614 0.384490 0.384490 0.384490
4762.165527 0.000000 3340.835938 0.000000 0.414910 0.000000 0.909862 0.384905 0.384905 0.384905
4748.289551 0.000000 3346.025391 0.000000 0.072987 0.000000 0.997333 0.457648 0.457648 0.457648
4754.338867 0.000000 3340.611328 0.000000 0.433683 0.000000 0.901066 0.468677 0.468677 0.468677
4748.955566 0.000000 3388.442139 0.000000 0.427836 0.000000 0.903856 0.518765 0.518765 0.518765
4763.430664 0.000000 3373.212891 0.000000 0.545846 0.000000 0.837885 0.496697 0.496697 0.496697
4777.849121 0.000000 3343.250244 0.000000 0.342279 0.000000 0.939598 0.534205 0.534205 0.534205
4775.708496 0.000000 3338.572754 0.000000 0.240324 0.000000 0.970693 0.571496 0.571496 0.571496
4779.277832 0.000000 3345.590820 0.000000 0.414656 0.000000 0.909978 0.652750 0.652750 0.652750
4748.748535 0.000000 3338.273438 0.000000 0.051826 0.000000 0.998656 0.553927 0.553927 0.553927
4779.242188 0.000000 3349.634521 0.000000 0.298285 0.000000 0.954477 0.648262 0.648262 0.648262
4745.386230 0.000000 3339.848633 0.000000 0.329224 0.000000 0.944252 0.554962 0.554962 0.554962
4777.191895 0.000000 3335.024170 0.000000 0.473807 0.000000 0.880629 0.651997 0.651997 0.651997
4756.834473 0.000000 3355.475098 0.000000 0.399334 0.000000 0.916806 0.655192 0.655192 0.655192
4758.239258 0.000000 3372.109131 0.000000 0.439273 0.000000 0.898354 0.600731 0.600731 0.600731
4781.281250 0.000000 3337.697754 0.000000 0.334038 0.000000 0.942560 0.645178 0.645178 0.645178
4780.463379 0.000000 3347.201660 0.000000 0.533240 0.000000 0.845964 0.655945 0.655945 0.655945
4779.191406 0.000000 3337.125488 0.000000 0.374559 0.000000 0.927203 0.647109 0.647109 0.647109
4751.058105 0.000000 3338.304443 0.000000 0.350756 0.000000 0.936467 0.653212 0.653212 0.653212
4783.757812 0.000000 3335.343506 0.000000 0.473271 0.000000 0.880917 0.653665 0.653665 0.653665
4775.911621 0.000000 3337.500732 0.000000 0.059096 0.000000 0.998252 0.635145 0.635145 0.635145
4851.213867 0.000000 3378.835449 0.000000 0.244376 0.000000 0.969681 0.382482 0.382482 0.382482
4854.588867 0.000000 3385.761230 0.000000 0.274274 0.000000 0.961652 0.413425 0.413425 0.413425
4852.916016 0.000000 3339.941162 0.000000 0.535943 0.000000 0.844254 0.414407 0.414407 0.414407
4863.169434 0.000000 3349.455811 0.000000 0.519120 0.000000 0.854701 0.446977 0.446977 0.446977
4856.412109 0.000000 3387.624268 0.000000 0.124150 0.000000 0.992263 0.458665 0.458665 0.458665
4863.974609 0.000000 3364.109619 0.000000 0.537687 0.000000 0.843144 0.460142 0.460142 0.460142
4861.367188 0.000000 3383.713867 0.000000 0.432923 0.000000 0.901431 0.652700 0.652700 0.652700
4805.597168 0.000000 3359.464844 0.000000 0.227121 0.000000 0.973866 0.467818 0.467818 0.467818
4839.743652 0.000000 3368.318604 0.000000 0.241056 0.000000 0.970511 0.499898 0.499898 0.499898
4862.093750 0.000000 3381.455078 0.000000 0.293541 0.000000 0.955946 0.647614 0.647614 0.647614
4890.769531 0.000000 3211.798340 0.000000 0.553665 0.000000 0.832739 0.554736 0.554736 0.554736
4887.398438 0.000000 3218.925293 0.000000 0.261733 0.000000 0.965140 0.641801 0.641801 0.641801
4883.857422 0.000000 3215.821777 0.000000 0.312561 0.000000 0.949898 0.599846 0.599846 0.599846
4891.631348 0.000000 3218.975098 0.000000 0.205838 0.000000 0.978586 0.566994 0.566994 0.566994
4893.200684 0.000000 3212.070801 0.000000 0.172402 0.000000 0.985027 0.642835 0.642835 0.642835
4886.826172 0.000000 3213.674072 0.000000 0.376656 0.000000 0.926353 0.652530 0.652530 0.652530
4869.729492 0.000000 3261.638184 0.000000 0.484891 0.000000 0.874574 0.386007 0.386007 0.386007
4866.009277 0.000000 3240.658203 0.000000 0.109502 0.000000 0.993987 0.635273 0.635273 0.635273
4880.053223 0.000000 3224.969727 0.000000 0.530938 0.000000 0.847411 0.598726 0.598726 0.598726
4867.154785 0.000000 3240.361328 0.000000 0.345011 0.000000 0.938599 0.646017 0.646017 0.646017
4873.391113 0.000000 3254.172852 0.000000 0.401128 0.000000 0.916022 0.630892 0.630892 0.630892
4886.342773 0.000000 3219.754883 0.000000 0.344277 0.000000 0.938868 0.645663 0.645663 0.645663
4872.099121 0.000000 3254.999023 0.000000 0.069926 0.000000 0.997552 0.618853 0.618853 0.618853
4882.265625 0.000000 3222.318115 0.000000 0.231985 0.000000 0.972719 0.640433 0.640433 0.640433
4875.238281 0.000000 3225.750488 0.000000 0.459602 0.000000 0.888125 0.589076 0.589076 0.589076
4889.950684 0.000000 3221.589844 0.000000 0.366727 0.000000 0.930328 0.612174 0.612174 0.612174
4876.654785 0.000000 3223.313721 0.000000 0.544176 0.000000 0.838971 0.655642 0.655642 0.655642
4867.739746 0.000000 3241.880127 0.000000 0.021913 0.000000 0.999760 0.631383 0.631383 0.631383
4877.181641 0.000000 3221.425293 0.000000 0.072655 0.000000 0.997357 0.637429 0.637429 0.637429
4880.073730 0.000000 3222.118896 0.000000 0.579507 0.000000 0.814967 0.657546 0.657546 0.657546
4871.460938 0.000000 3240.552490 0.000000 0.222081 0.000000 0.975028 0.624261 0.624261 0.624261
4874.381348 0.000000 3221.007080 0.000000 0.343039 0.000000 0.939321 0.579928 0.579928 0.579928
4866.199219 0.000000 3283.206055 0.000000 0.490487 0.000000 0.871448 0.404422 0.404422 0.404422
4870.753418 0.000000 3281.258545 0.000000 0.245729 0.000000 0.969338 0.484134 0.484134 0.484134
4930.822754 0.000000 3310.061768 0.000000 0.409246 0.000000 0.912424 0.384278 0.384278 0.384278
4988.008301 0.000000 3318.370850 0.000000 0.410434 0.000000 0.911890 0.393951 0.393951 0.393951
4968.199219 0.000000 3306.939697 0.000000 0.484989 0.000000 0.874520 0.404326 0.404326 0.404326
4950.444824 0.000000 3327.792480 0.000000 0.456827 0.000000 0.889555 0.449299 0.449299 0.449299
4981.096191 0.000000 3301.162109 0.000000 0.150477 0.000000 0.988614 0.476770 0.476770 0.476770
4957.948242 0.000000 3317.214111 0.000000 0.259717 0.000000 0.965685 0.491517 0.491517 0.491517
4990.281738 0.000000 3329.161377 0.000000 0.289840 0.000000 0.957075 0.516945 0.516945 0.516945
4961.315918 0.000000 3308.786865 0.000000 0.474454 0.000000 0.880280 0.480437 0.480437 0.480437
4983.424805 0.000000 3300.362793 0.000000 0.057267 0.000000 0.998359 0.531830 0.531830 0.531830
4952.179688 0.000000 3316.701904 0.000000 0.296288 0.000000 0.955099 0.502984 0.502984 0.502984
4954.672852 0.000000 3314.369141 0.000000 0.092016 0.000000 0.995758 0.503365 0.503365 0.503365
4981.492676 0.000000 3331.623047 0.000000 0.411257 0.000000 0.911520 0.552098 0.552098 0.552098
4982.227051 0.000000 3330.261963 0.000000 0.505011 0.000000 0.863113 0.554973 0.554973 0.554973
4926.582031 0.000000 3347.445312 0.000000 0.519181 0.000000 0.854665 0.385825 0.385825 0.385825
4891.673340 0.000000 3385.351562 0.000000 0.494824 0.000000 0.868993 0.389838 0.389838 0.389838
4877.340332 0.000000 3372.804932 0.000000 0.456683 0.000000 0.889630 0.431152 0.431152 0.431152
4870.164062 0.000000 3361.147949 0.000000 0.181826 0.000000 0.983331 0.458052 0.458052 0.458052
4865.598145 0.000000 3336.143799 0.000000 0.250596 0.000000 0.968092 0.466536 0.466536 0.466536
4871.363281 0.000000 3356.028564 0.000000 0.110371 0.000000 0.993891 0.447843 0.447843 0.447843
4914.478027 0.000000 3374.453857 0.000000 0.103540 0.000000 0.994625 0.482752 0.482752 0.482752
4891.236816 0.000000 3350.064941 0.000000 0.325448 0.000000 0.945560 0.468115 0.468115 0.468115
4888.631836 0.000000 3343.190918 0.000000 0.337750 0.000000 0.941236 0.477305 0.477305 0.477305
4894.176270 0.000000 3383.736084 0.000000 0.015492 0.000000 0.999880 0.491208 0.491208 0.491208
4906.351562 0.000000 3381.666504 0.000000 0.445595 0.000000 0.895235 0.483358 0.483358 0.483358
4915.748047 0.000000 3374.033447 0.000000 0.386944 0.000000 0.922103 0.489147 0.489147 0.489147
4867.574219 0.000000 3386.001709 0.000000 0.274039 0.000000 0.961719 0.600278 0.600278 0.600278
4907.276855 0.000000 3378.064697 0.000000 0.411562 0.000000 0.911382 0.587441 0.587441 0.587441
4908.451660 0.000000 3376.190674 0.000000 0.344538 0.000000 0.938772 0.651640 0.651640 0.651640
4884.580078 0.000000 3380.175293 0.000000 0.426743 0.000000 0.904373 0.650931 0.650931 0.650931
4908.563965 0.000000 3372.297852 0.000000 0.479574 0.000000 0.877501 0.652289 0.652289 0.652289
4890.614258 0.000000 3376.221680 0.000000 0.564538 0.000000 0.825407 0.660550 0.660550 0.660550
4910.890137 0.000000 3368.833008 0.000000 0.075221 0.000000 0.997167 0.638713 0.638713 0.638713
4892.939453 0.000000 3376.190918 0.000000 0.213282 0.000000 0.976991 0.527251 0.527251 0.527251
4924.561035 0.000000 3352.082031 0.000000 0.031737 0.000000 0.999496 0.600733 0.600733 0.600733
4908.436035 0.000000 3373.733887 0.000000 0.126602 0.000000 0.991954 0.635657 0.635657 0.635657
4868.485840 0.000000 3379.928467 0.000000 0.383634 0.000000 0.923485 0.544204 0.544204 0.544204
4914.101562 0.000000 3365.522949 0.000000 0.553149 0.000000 0.833082 0.649412 0.649412 0.649412
4887.599609 0.000000 3379.464844 0.000000 0.557687 0.000000 0.830052 0.659187 0.659187 0.659187
4879.440918 0.000000 3383.614258 0.000000 0.570987 0.000000 0.820959 0.630611 0.630611 0.630611
4864.040039 0.000000 3385.737061 0.000000 0.267111 0.000000 0.963666 0.644322 0.644322 0.644322
4894.024414 0.000000 3386.080322 0.000000 0.325833 0.000000 0.945427 0.608987 0.608987 0.608987
4978.317871 0.000000 3337.031250 0.000000 0.444298 0.000000 0.895879 0.398151 0.398151 0.398151
4949.209473 0.000000 3339.440430 0.000000 0.403367 0.000000 0.915038 0.453610 0.453610 0.453610
4934.218750 0.000000 3351.652100 0.000000 0.534631 0.000000 0.845086 0.637980 0.637980 0.637980
4960.387695 0.000000 3341.871582 0.000000 0.550481 0.000000 0.834848 0.597667 0.597667 0.597667
4954.770996 0.000000 3342.178711 0.000000 0.375163 0.000000 0.926959 0.653564 0.653564 0.653564
4973.104004 0.000000 3334.032715 0.000000 0.107651 0.000000 0.994189 0.522797 0.522797 0.522797
4933.924316 0.000000 3348.217529 0.000000 0.322524 0.000000 0.946561 0.648760 0.648760 0.648760
4969.191895 0.000000 3335.024170 0.000000 0.535363 0.000000 0.844622 0.550552 0.550552 0.550552
4945.250000 0.000000 3345.259033 0.000000 0.219873 0.000000 0.975529 0.595027 0.595027 0.595027
4999.213379 0.000000 3314.293701 0.000000 0.371684 0.000000 0.928359 0.383720 0.383720 0.383720
4996.679688 0.000000 3328.708740 0.000000 0.086708 0.000000 0.996234 0.399693 0.399693 0.399693
4995.621094 0.000000 3313.181641 0.000000 0.534188 0.000000 0.845366 0.489141 0.489141 0.489141
4999.754395 0.000000 3306.060059 0.000000 0.255003 0.000000 0.966940 0.519576 0.519576 0.519576
4992.042480 0.000000 3309.524902 0.000000 0.507610 0.000000 0.861587 0.497511 0.497511 0.497511
4608.042480 0.000000 3389.069824 0.000000 0.313746 0.000000 0.949507 0.383063 0.383063 0.383063
4654.421387 0.000000 3398.109619 0.000000 0.318687 0.000000 0.947860 0.439349 0.439349 0.439349
4670.420410 0.000000 3402.403320 0.000000 0.412923 0.000000 0.910766 0.507658 0.507658 0.507658
4693.668945 0.000000 3398.851318 0.000000 0.517544 0.000000 0.855657 0.386567 0.386567 0.386567
4692.984863 0.000000 3426.260498 0.000000 0.339310 0.000000 0.940674 0.383246 0.383246 0.383246
4678.070312 0.000000 3396.102539 0.000000 0.204642 0.000000 0.978837 0.381786 0.381786 0.381786
4715.407227 0.000000 3433.290527 0.000000 0.042499 0.000000 0.999097 0.404320 0.404320 0.404320
4695.673828 0.000000 3395.018555 0.000000 0.003415 0.000000 0.999994 0.447558 0.447558 0.447558
4694.025391 0.000000 3431.356445 0.000000 0.476007 0.000000 0.879442 0.446070 0.446070 0.446070
4698.692383 0.000000 3401.513428 0.000000 0.085138 0.000000 0.996369 0.443848 0.443848 0.443848
4686.835449 0.000000 3418.703125 0.000000 0.364386 0.000000 0.931248 0.451014 0.451014 0.451014
4717.684570 0.000000 3431.973145 0.000000 0.035044 0.000000 0.999386 0.465614 0.465614 0.465614
4696.631836 0.000000 3399.675293 0.000000 0.414865 0.000000 0.909883 0.495186 0.495186 0.495186
4687.223145 0.000000 3417.408936 0.000000 0.164960 0.000000 0.986300 0.470049 0.470049 0.470049
4731.590332 0.000000 3392.215088 0.000000 0.416559 0.000000 0.909109 0.529157 0.529157 0.529157
4718.200195 0.000000 3390.172363 0.000000 0.321645 0.000000 0.946860 0.612311 0.612311 0.612311
4721.067871 0.000000 3393.591553 0.000000 0.130889 0.000000 0.991397 0.504288 0.504288 0.504288
4731.503906 0.000000 3390.967773 0.000000 0.427960 0.000000 0.903798 0.656610 0.656610 0.656610
4694.163574 0.000000 3392.027832 0.000000 0.457090 0.000000 0.889420 0.503416 0.503416 0.503416
4722.000000 0.000000 3392.370361 0.000000 0.058165 0.000000 0.998307 0.530137 0.530137 0.530137
4721.195312 0.000000 3389.425537 0.000000 0.398308 0.000000 0.917252 0.654039 0.654039 0.654039
4721.364258 0.000000 3391.351807 0.000000 0.448420 0.000000 0.893823 0.615154 0.615154 0.615154
4756.179199 0.000000 3390.339600 0.000000 0.540707 0.000000 0.841211 0.474775 0.474775 0.474775
4741.933594 0.000000 3429.899170 0.000000 0.235952 0.000000 0.971765 0.492734 0.492734 0.492734
4748.748535 0.000000 3394.757812 0.000000 0.576402 0.000000 0.817166 0.513865 0.513865 0.513865
4760.446289 0.000000 3432.401611 0.000000 0.391929 0.000000 0.919995 0.553292 0.553292 0.553292
4873.795410 0.000000 3389.086914 0.000000 0.266924 0.000000 0.963718 0.381817 0.381817 0.381817
4896.052246 0.000000 3389.084717 0.000000 0.013751 0.000000 0.999905 0.485984 0.485984 0.485984
5402.529785 0.000000 2823.141113 0.000000 0.290288 0.000000 0.956939 0.408296 0.408296 0.408296
5407.628906 0.000000 2827.349609 0.000000 0.048737 0.000000 0.998812 0.565759 0.565759 0.565759
5413.379395 0.000000 2917.589844 0.000000 0.013201 0.000000 0.999913 0.421470 0.421470 0.421470
5413.802246 0.000000 2898.979980 0.000000 0.464552 0.000000 0.885546 0.445833 0.445833 0.445833
5405.048828 0.000000 2882.345703 0.000000 0.549433 0.000000 0.835538 0.655922 0.655922 0.655922
5418.690430 0.000000 2936.746338 0.000000 0.196815 0.000000 0.980441 0.507614 0.507614 0.507614
5373.367188 0.000000 3157.776367 0.000000 0.060199 0.000000 0.998186 0.632816 0.632816 0.632816
5367.777832 0.000000 3135.575684 0.000000 0.049955 0.000000 0.998751 0.639802 0.639802 0.639802
5367.129883 0.000000 3133.233887 0.000000 0.006682 0.000000 0.999978 0.629959 0.629959 0.629959
5374.841797 0.000000 3161.172852 0.000000 0.242896 0.000000 0.970052 0.515759 0.515759 0.515759
5367.338379 0.000000 3139.164795 0.000000 0.011164 0.000000 0.999938 0.640093 0.640093 0.640093
5374.710938 0.000000 3144.866943 0.000000 0.513322 0.000000 0.858196 0.580263 0.580263 0.580263
5372.564941 0.000000 3157.010254 0.000000 0.199814 0.000000 0.979834 0.639084 0.639084 0.639084
5373.764648 0.000000 3144.296631 0.000000 0.056770 0.000000 0.998387 0.519784 0.519784 0.519784
5369.844727 0.000000 3141.070312 0.000000 0.455193 0.000000 0.890393 0.640014 0.640014 0.640014
5368.119629 0.000000 3133.038330 0.000000 0.472953 0.000000 0.881088 0.652048 0.652048 0.652048
5372.832520 0.000000 3139.978516 0.000000 0.500859 0.000000 0.865529 0.658223 0.658223 0.658223
5418.135254 0.000000 2941.687012 0.000000 0.445115 0.000000 0.895473 0.445435 0.445435 0.445435
5439.384277 0.000000 2952.951660 0.000000 0.505390 0.000000 0.862891 0.547822 0.547822 0.547822
5427.213867 0.000000 3039.929199 0.000000 0.531324 0.000000 0.847169 0.386678 0.386678 0.386678
5417.262207 0.000000 3007.009521 0.000000 0.178983 0.000000 0.983852 0.413627 0.413627 0.413627
5433.864746 0.000000 3022.263184 0.000000 0.245768 0.000000 0.969329 0.425480 0.425480 0.425480
5433.187988 0.000000 3025.157227 0.000000 0.437045 0.000000 0.899440 0.506487 0.506487 0.506487
5394.127930 0.000000 3063.432373 0.000000 0.537125 0.000000 0.843503 0.387169 0.387169 0.387169
5403.595215 0.000000 3100.679932 0.000000 0.523986 0.000000 0.851727 0.386412 0.386412 0.386412
5401.706543 0.000000 3063.795654 0.000000 0.181032 0.000000 0.983477 0.381139 0.381139 0.381139
5416.199219 0.000000 3081.002197 0.000000 0.212202 0.000000 0.977226 0.407023 0.407023 0.407023
5411.500488 0.000000 3077.740723 0.000000 0.505448 0.000000 0.862857 0.453964 0.453964 0.453964
5409.315918 0.000000 3082.849365 0.000000 0.503800 0.000000 0.863820 0.493800 0.493800 0.493800
5427.083008 0.000000 3082.570557 0.000000 0.354571 0.000000 0.935029 0.548664 0.548664 0.548664
5403.631348 0.000000 3106.006348 0.000000 0.548890 0.000000 0.835895 0.565364 0.565364 0.565364
5399.105469 0.000000 3094.339600 0.000000 0.397091 0.000000 0.917779 0.519729 0.519729 0.519729
5416.466309 0.000000 3083.693604 0.000000 0.451561 0.000000 0.892240 0.578176 0.578176 0.578176
5399.599609 0.000000 3097.042969 0.000000 0.099742 0.000000 0.995013 0.643706 0.643706 0.643706
5411.967285 0.000000 3084.430420 0.000000 0.398280 0.000000 0.917264 0.613311 0.613311 0.613311
5447.979980 0.000000 3092.291504 0.000000 0.434758 0.000000 0.900547 0.385559 0.385559 0.385559
5470.961914 0.000000 3051.117676 0.000000 0.001357 0.000000 0.999999 0.378607 0.378607 0.378607
5456.939453 0.000000 3066.084961 0.000000 0.139046 0.000000 0.990286 0.380561 0.380561 0.380561
5459.693848 0.000000 3079.491943 0.000000 0.525530 0.000000 0.850775 0.654659 0.654659 0.654659
5455.223145 0.000000 3078.502686 0.000000 0.328375 0.000000 0.944547 0.482441 0.482441 0.482441
5446.966309 0.000000 3098.026123 0.000000 0.039282 0.000000 0.999228 0.634829 0.634829 0.634829
5447.959473 0.000000 3099.415039 0.000000 0.219464 0.000000 0.975621 0.642572 0.642572 0.642572
5461.042969 0.000000 3078.060059 0.000000 0.410176 0.000000 0.912007 0.587395 0.587395 0.587395
5393.360840 0.000000 3152.801025 0.000000 0.190407 0.000000 0.981705 0.381337 0.381337 0.381337
5409.062500 0.000000 3158.714600 0.000000 0.111351 0.000000 0.993781 0.379963 0.379963 0.379963
5403.698730 0.000000 3153.139893 0.000000 0.334270 0.000000 0.942477 0.383050 0.383050 0.383050
5383.260254 0.000000 3153.245117 0.000000 0.272423 0.000000 0.962177 0.429533 0.429533 0.429533
5392.583984 0.000000 3144.996826 0.000000 0.073351 0.000000 0.997306 0.436596 0.436596 0.436596
5421.641602 0.000000 3122.997559 0.000000 0.034862 0.000000 0.999392 0.442908 0.442908 0.442908
5383.015137 0.000000 3114.862793 0.000000 0.562591 0.000000 0.826736 0.473486 0.473486 0.473486
5381.475098 0.000000 3114.916748 0.000000 0.262683 0.000000 0.964882 0.525038 0.525038 0.525038
5377.280273 0.000000 3140.489990 0.000000 0.223309 0.000000 0.974748 0.641447 0.641447 0.641447
5378.009277 0.000000 3127.689453 0.000000 0.414054 0.000000 0.910252 0.649024 0.649024 0.649024
5379.455566 0.000000 3125.321777 0.000000 0.193081 0.000000 0.981183 0.638659 0.638659 0.638659
5380.788086 0.000000 3129.141357 0.000000 0.346395 0.000000 0.938089 0.646827 0.646827 0.646827
5380.220703 0.000000 3123.995361 0.000000 0.078255 0.000000 0.996933 0.559807 0.559807 0.559807
5378.176270 0.000000 3144.573975 0.000000 0.585453 0.000000 0.810706 0.530455 0.530455 0.530455
5378.597656 0.000000 3120.105713 0.000000 0.274148 0.000000 0.961688 0.647121 0.647121 0.647121
5381.575684 0.000000 3127.989258 0.000000 0.393205 0.000000 0.919451 0.649731 0.649731 0.649731
5377.354492 0.000000 3148.356689 0.000000 0.047480 0.000000 0.998872 0.635577 0.635577 0.635577
5379.510254 0.000000 3113.914795 0.000000 0.171652 0.000000 0.985158 0.645996 0.645996 0.645996
5376.361816 0.000000 3128.276611 0.000000 0.191565 0.000000 0.981480 0.638710 0.638710 0.638710
5377.148926 0.000000 3130.789795 0.000000 0.138825 0.000000 0.990317 0.639878 0.639878 0.639878
5378.932617 0.000000 3130.801758 0.000000 0.062173 0.000000 0.998065 0.641077 0.641077 0.641077
5386.015137 0.000000 3116.843018 0.000000 0.167257 0.000000 0.985913 0.637489 0.637489 0.637489
5376.016602 0.000000 3129.793945 0.000000 0.060188 0.000000 0.998187 0.632816 0.632816 0.632816
5379.739746 0.000000 3128.911377 0.000000 0.465058 0.000000 0.885280 0.651555 0.651555 0.651555
5425.976074 0.000000 3121.719238 0.000000 0.064267 0.000000 0.997933 0.573025 0.573025 0.573025
5386.814941 0.000000 3116.003906 0.000000 0.221529 0.000000 0.975154 0.639955 0.639955 0.639955
5392.999512 0.000000 3147.689697 0.000000 0.111879 0.000000 0.993722 0.642261 0.642261 0.642261
5394.137207 0.000000 3149.598633 0.000000 0.098407 0.000000 0.995146 0.585985 0.585985 0.585985
5392.719727 0.000000 3113.722656 0.000000 0.001333 0.000000 0.999999 0.589651 0.589651 0.589651
5393.884277 0.000000 3160.865723 0.000000 0.002200 0.000000 0.999998 0.586316 0.586316 0.586316
5467.131348 0.000000 3122.761719 0.000000 0.373575 0.000000 0.927600 0.384460 0.384460 0.384460
5453.340332 0.000000 3146.867432 0.000000 0.420649 0.000000 0.907223 0.410499 0.410499 0.410499
5446.510254 0.000000 3123.240967 0.000000 0.300705 0.000000 0.953717 0.492466 0.492466 0.492466
5457.185059 0.000000 3121.146729 0.000000 0.432032 0.000000 0.901858 0.655212 0.655212 0.655212
5444.220703 0.000000 3123.995361 0.000000 0.011501 0.000000 0.999934 0.473813 0.473813 0.473813
5448.409180 0.000000 3121.460205 0.000000 0.508287 0.000000 0.861188 0.638657 0.638657 0.638657
5460.580078 0.000000 3154.237793 0.000000 0.577550 0.000000 0.816355 0.550105 0.550105 0.550105
5525.502930 0.000000 3098.475342 0.000000 0.466131 0.000000 0.884716 0.385632 0.385632 0.385632
5523.857422 0.000000 3102.853027 0.000000 0.322683 0.000000 0.946507 0.510711 0.510711 0.510711
5973.609863 0.000000 2856.867676 0.000000 0.056017 0.000000 0.998430 0.431006 0.431006 0.431006
5952.043457 0.000000 2848.469727 0.000000 0.528605 0.000000 0.848868 0.443532 0.443532 0.443532
5954.597656 0.000000 2837.683838 0.000000 0.399224 0.000000 0.916854 0.491227 0.491227 0.491227
5953.515137 0.000000 2853.403809 0.000000 0.517987 0.000000 0.855388 0.537438 0.537438 0.537438
5922.144043 0.000000 2931.692627 0.000000 0.566541 0.000000 0.824034 0.442516 0.442516 0.442516
5919.222656 0.000000 2934.537598 0.000000 0.020417 0.000000 0.999792 0.547929 0.547929 0.547929
6130.394043 0.000000 2932.824951 0.000000 0.447847 0.000000 0.894110 0.405508 0.405508 0.405508
6101.918945 0.000000 2948.694824 0.000000 0.406708 0.000000 0.913558 0.441048 0.441048 0.441048
5919.069336 0.000000 3059.539307 0.000000 0.395171 0.000000 0.918608 0.485762 0.485762 0.485762
5970.979980 0.000000 3090.170166 0.000000 0.469279 0.000000 0.883050 0.405879 0.405879 0.405879
6123.071777 0.000000 3060.734863 0.000000 0.579408 0.000000 0.815038 0.418921 0.418921 0.418921
5390.389160 0.000000 3196.509766 0.000000 0.052018 0.000000 0.998646 0.378994 0.378994 0.378994
5411.182129 0.000000 3169.891357 0.000000 0.318684 0.000000 0.947861 0.421380 0.421380 0.421380
5385.923828 0.000000 3180.719482 0.000000 0.430444 0.000000 0.902617 0.454174 0.454174 0.454174
5407.069336 0.000000 3172.508057 0.000000 0.396062 0.000000 0.918224 0.455260 0.455260 0.455260
5396.179199 0.000000 3164.402100 0.000000 0.117732 0.000000 0.993045 0.540324 0.540324 0.540324
5406.425293 0.000000 3170.009277 0.000000 0.076362 0.000000 0.997080 0.639674 0.639674 0.639674
5400.631836 0.000000 3173.737793 0.000000 0.152087 0.000000 0.988367 0.476805 0.476805 0.476805
5393.011230 0.000000 3164.462158 0.000000 0.431730 0.000000 0.902003 0.533144 0.533144 0.533144
5401.831543 0.000000 3170.268555 0.000000 0.446348 0.000000 0.894859 0.650619 0.650619 0.650619
5394.265625 0.000000 3165.833740 0.000000 0.117688 0.000000 0.993051 0.643635 0.643635 0.643635
5387.238281 0.000000 3169.266113 0.000000 0.056671 0.000000 0.998393 0.640200 0.640200 0.640200
5410.086426 0.000000 3170.022949 0.000000 0.525985 0.000000 0.850494 0.532280 0.532280 0.532280
5393.250000 0.000000 3175.805908 0.000000 0.119466 0.000000 0.992838 0.583242 0.583242 0.583242
5401.039551 0.000000 3171.752441 0.000000 0.186278 0.000000 0.982497 0.638350 0.638350 0.638350
5399.759277 0.000000 3171.543945 0.000000 0.312887 0.000000 0.949790 0.644181 0.644181 0.644181
5398.670898 0.000000 3169.424072 0.000000 0.346331 0.000000 0.938112 0.650865 0.650865 0.650865
5387.444824 0.000000 3177.274414 0.000000 0.479238 0.000000 0.877685 0.649779 0.649779 0.649779
5460.994629 0.000000 3165.677734 0.000000 0.009635 0.000000 0.999954 0.378564 0.378564 0.378564
5475.200195 0.000000 3175.921875 0.000000 0.305182 0.000000 0.952294 0.382942 0.382942 0.382942
5473.491699 0.000000 3169.020264 0.000000 0.326082 0.000000 0.945342 0.382745 0.382745 0.382745
5476.342285 0.000000 3218.793701 0.000000 0.137970 0.000000 0.990436 0.402270 0.402270 0.402270
5480.389160 0.000000 3216.755371 0.000000 0.429785 0.000000 0.902931 0.397911 0.397911 0.397911
5469.096680 0.000000 3163.521240 0.000000 0.157556 0.000000 0.987510 0.399007 0.399007 0.399007
5468.720215 0.000000 3203.634033 0.000000 0.384147 0.000000 0.923272 0.402614 0.402614 0.402614
5465.304688 0.000000 3164.118652 0.000000 0.174635 0.000000 0.984633 0.408204 0.408204 0.408204
5466.957520 0.000000 3169.751709 0.000000 0.403293 0.000000 0.915071 0.415643 0.415643 0.415643
5471.169922 0.000000 3176.362549 0.000000 0.475714 0.000000 0.879600 0.655005 0.655005 0.655005
5457.011230 0.000000 3164.462158 0.000000 0.062180 0.000000 0.998065 0.481848 0.481848 0.481848
5468.419922 0.000000 3194.667969 0.000000 0.520719 0.000000 0.853728 0.535722 0.535722 0.535722
5474.136719 0.000000 3191.248779 0.000000 0.465505 0.000000 0.885045 0.640431 0.640431 0.640431
5452.654785 0.000000 3166.829346 0.000000 0.061882 0.000000 0.998083 0.639088 0.639088 0.639088
5473.875488 0.000000 3197.887695 0.000000 0.068822 0.000000 0.997629 0.578262 0.578262 0.578262
5475.216309 0.000000 3188.055420 0.000000 0.099266 0.000000 0.995061 0.629993 0.629993 0.629993
5461.654297 0.000000 3197.037842 0.000000 0.562519 0.000000 0.826784 0.581990 0.581990 0.581990
5474.564453 0.000000 3189.104980 0.000000 0.484327 0.000000 0.874887 0.644718 0.644718 0.644718
5460.380859 0.000000 3184.928223 0.000000 0.100239 0.000000 0.994963 0.638586 0.638586 0.638586
5494.816895 0.000000 3220.860107 0.000000 0.302642 0.000000 0.953104 0.383662 0.383662 0.383662
5487.447754 0.000000 3232.295166 0.000000 0.292816 0.000000 0.956169 0.382575 0.382575 0.382575
5493.929688 0.000000 3235.680176 0.000000 0.559336 0.000000 0.828941 0.416689 0.416689 0.416689
5557.097168 0.000000 3164.910400 0.000000 0.319030 0.000000 0.947745 0.408772 0.408772 0.408772
5518.953125 0.000000 3273.581055 0.000000 0.129300 0.000000 0.991606 0.381363 0.381363 0.381363
5545.064941 0.000000 3271.314941 0.000000 0.438510 0.000000 0.898726 0.385111 0.385111 0.385111
5561.384766 0.000000 3275.861084 0.000000 0.162220 0.000000 0.986755 0.380669 0.380669 0.380669
5531.698730 0.000000 3266.108643 0.000000 0.159321 0.000000 0.987227 0.380558 0.380558 0.380558
5513.322266 0.000000 3238.576904 0.000000 0.579303 0.000000 0.815112 0.391272 0.391272 0.391272
5505.654297 0.000000 3233.967529 0.000000 0.174326 0.000000 0.984688 0.392109 0.392109 0.392109
5520.024902 0.000000 3261.028076 0.000000 0.584717 0.000000 0.811237 0.439243 0.439243 0.439243
5485.434082 0.000000 3305.822998 0.000000 0.257377 0.000000 0.966311 0.382987 0.382987 0.382987
5476.029297 0.000000 3294.646484 0.000000 0.045227 0.000000 0.998977 0.379053 0.379053 0.379053
5449.795410 0.000000 3276.118164 0.000000 0.444953 0.000000 0.895554 0.384486 0.384486 0.384486
5489.394043 0.000000 3301.423584 0.000000 0.365701 0.000000 0.930732 0.384153 0.384153 0.384153
5473.641602 0.000000 3294.172363 0.000000 0.413587 0.000000 0.910465 0.384115 0.384115 0.384115
5503.510742 0.000000 3300.830566 0.000000 0.069988 0.000000 0.997548 0.383436 0.383436 0.383436
5473.365723 0.000000 3286.268555 0.000000 0.249205 0.000000 0.968451 0.387839 0.387839 0.387839
5456.098633 0.000000 3285.853271 0.000000 0.432291 0.000000 0.901734 0.396128 0.396128 0.396128
5467.877441 0.000000 3287.584717 0.000000 0.411947 0.000000 0.911208 0.410348 0.410348 0.410348
5528.572266 0.000000 3315.558105 0.000000 0.508599 0.000000 0.861004 0.386017 0.386017 0.386017
5527.339844 0.000000 3308.501221 0.000000 0.495927 0.000000 0.868364 0.389856 0.389856 0.389856
5561.678223 0.000000 3291.215332 0.000000 0.265419 0.000000 0.964133 0.407888 0.407888 0.407888
5554.425293 0.000000 3278.248047 0.000000 0.246874 0.000000 0.969047 0.409380 0.409380 0.409380
5546.257812 0.000000 3278.356201 0.000000 0.464926 0.000000 0.885350 0.424034 0.424034 0.424034
5547.071777 0.000000 3286.672363 0.000000 0.430347 0.000000 0.902664 0.416124 0.416124 0.416124
5553.324707 0.000000 3311.690918 0.000000 0.476376 0.000000 0.879241 0.415134 0.415134 0.415134
5534.021484 0.000000 3284.360596 0.000000 0.312176 0.000000 0.950024 0.424863 0.424863 0.424863
5555.291016 0.000000 3286.517822 0.000000 0.518399 0.000000 0.855139 0.430541 0.430541 0.430541
5566.383301 0.000000 3297.260254 0.000000 0.461164 0.000000 0.887315 0.447577 0.447577 0.447577
5554.908203 0.000000 3314.859619 0.000000 0.257112 0.000000 0.966381 0.452453 0.452453 0.452453
5558.834961 0.000000 3313.768311 0.000000 0.342273 0.000000 0.939601 0.463110 0.463110 0.463110
5584.716797 0.000000 3308.191650 0.000000 0.241852 0.000000 0.970313 0.381852 0.381852 0.381852
5601.412109 0.000000 3291.050781 0.000000 0.148877 0.000000 0.988856 0.380554 0.380554 0.380554
5591.339844 0.000000 3308.501221 0.000000 0.261310 0.000000 0.965255 0.384411 0.384411 0.384411
5611.596680 0.000000 3324.635254 0.000000 0.318861 0.000000 0.947801 0.387076 0.387076 0.387076
5595.203125 0.000000 3315.411377 0.000000 0.007746 0.000000 0.999970 0.378148 0.378148 0.378148
5607.260742 0.000000 3297.697754 0.000000 0.485454 0.000000 0.874262 0.407991 0.407991 0.407991
5576.404785 0.000000 3296.521729 0.000000 0.021242 0.000000 0.999774 0.416328 0.416328 0.416328
5579.377441 0.000000 3295.637207 0.000000 0.191199 0.000000 0.981551 0.422745 0.422745 0.422745
5576.954590 0.000000 3299.811768 0.000000 0.510962 0.000000 0.859603 0.428567 0.428567 0.428567
5599.967773 0.000000 3294.293457 0.000000 0.514355 0.000000 0.857578 0.446876 0.446876 0.446876
5569.639160 0.000000 3311.300049 0.000000 0.541500 0.000000 0.840701 0.447459 0.447459 0.447459
5591.838867 0.000000 3307.117432 0.000000 0.397003 0.000000 0.917817 0.473255 0.473255 0.473255
5590.292480 0.000000 3307.514404 0.000000 0.036822 0.000000 0.999322 0.465650 0.465650 0.465650
5568.049316 0.000000 3301.791260 0.000000 0.227862 0.000000 0.973693 0.497828 0.497828 0.497828
5569.498535 0.000000 3304.070557 0.000000 0.117615 0.000000 0.993059 0.497013 0.497013 0.497013
5572.788086 0.000000 3298.594482 0.000000 0.130140 0.000000 0.991496 0.465813 0.465813 0.465813
5608.166504 0.000000 3288.699951 0.000000 0.473204 0.000000 0.880953 0.585999 0.585999 0.585999
5570.034668 0.000000 3302.179443 0.000000 0.287606 0.000000 0.957749 0.504541 0.504541 0.504541
5607.854004 0.000000 3287.142334 0.000000 0.037018 0.000000 0.999315 0.543272 0.543272 0.543272
5590.189453 0.000000 3305.096924 0.000000 0.303044 0.000000 0.952977 0.643941 0.643941 0.643941
5591.987793 0.000000 3304.732178 0.000000 0.260006 0.000000 0.965607 0.641950 0.641950 0.641950
5590.742676 0.000000 3302.721924 0.000000 0.312008 0.000000 0.950080 0.648631 0.648631 0.648631
5599.664551 0.000000 3287.812744 0.000000 0.385845 0.000000 0.922563 0.538955 0.538955 0.538955
5607.188477 0.000000 3289.206787 0.000000 0.003619 0.000000 0.999993 0.596442 0.596442 0.596442
5555.213867 0.000000 3378.835449 0.000000 0.438128 0.000000 0.898913 0.385272 0.385272 0.385272
5542.469727 0.000000 3359.172119 0.000000 0.065027 0.000000 0.997883 0.379550 0.379550 0.379550
5551.085449 0.000000 3371.406250 0.000000 0.167535 0.000000 0.985866 0.383049 0.383049 0.383049
5605.098633 0.000000 3375.449219 0.000000 0.170024 0.000000 0.985440 0.381616 0.381616 0.381616
5585.939453 0.000000 3374.373779 0.000000 0.560346 0.000000 0.828259 0.386988 0.386988 0.386988
5621.519043 0.000000 3359.203613 0.000000 0.058024 0.000000 0.998315 0.379153 0.379153 0.379153
5617.314941 0.000000 3375.276367 0.000000 0.406574 0.000000 0.913618 0.393889 0.393889 0.393889
5618.750488 0.000000 3373.131348 0.000000 0.122058 0.000000 0.992523 0.393111 0.393111 0.393111
5624.654297 0.000000 3349.791016 0.000000 0.582516 0.000000 0.812819 0.411618 0.411618 0.411618
5622.403320 0.000000 3352.263916 0.000000 0.468866 0.000000 0.883269 0.424109 0.424109 0.424109
5593.560059 0.000000 3375.751709 0.000000 0.480615 0.000000 0.876932 0.435258 0.435258 0.435258
5593.935547 0.000000 3372.980713 0.000000 0.099289 0.000000 0.995059 0.433540 0.433540 0.433540
5561.460938 0.000000 3389.165771 0.000000 0.543490 0.000000 0.839416 0.386321 0.386321 0.386321
5578.564941 0.000000 3391.611328 0.000000 0.083714 0.000000 0.996490 0.379656 0.379656 0.379656
5690.145020 0.000000 3321.237793 0.000000 0.573410 0.000000 0.819268 0.515593 0.515593 0.515593
5717.208496 0.000000 3315.972900 0.000000 0.440426 0.000000 0.897789 0.385473 0.385473 0.385473
5715.253418 0.000000 3323.680420 0.000000 0.056291 0.000000 0.998414 0.385018 0.385018 0.385018
5700.140625 0.000000 3374.145996 0.000000 0.206856 0.000000 0.978372 0.421232 0.421232 0.421232
5718.404297 0.000000 3358.193359 0.000000 0.429945 0.000000 0.902855 0.484786 0.484786 0.484786
5699.149902 0.000000 3378.371338 0.000000 0.119477 0.000000 0.992837 0.644086 0.644086 0.644086
5775.228516 0.000000 3303.105957 0.000000 0.423492 0.000000 0.905900 0.408730 0.408730 0.408730
5776.398438 0.000000 3321.150146 0.000000 0.166530 0.000000 0.986036 0.471841 0.471841 0.471841
5777.052246 0.000000 3318.898193 0.000000 0.073958 0.000000 0.997261 0.523665 0.523665 0.523665
5832.953125 0.000000 3302.024414 0.000000 0.401980 0.000000 0.915649 0.442761 0.442761 0.442761
5824.126465 0.000000 3321.776611 0.000000 0.445864 0.000000 0.895101 0.542460 0.542460 0.542460
5831.767090 0.000000 3302.096436 0.000000 0.474875 0.000000 0.880053 0.562944 0.562944 0.562944
5831.204590 0.000000 3305.076416 0.000000 0.230348 0.000000 0.973108 0.603976 0.603976 0.603976
5884.564941 0.000000 3326.463379 0.000000 0.214866 0.000000 0.976644 0.544715 0.544715 0.544715
5867.132812 0.000000 3291.460693 0.000000 0.502026 0.000000 0.864852 0.633102 0.633102 0.633102
5806.245605 0.000000 3352.500732 0.000000 0.512276 0.000000 0.858821 0.413965 0.413965 0.413965
5810.478027 0.000000 3374.453857 0.000000 0.250153 0.000000 0.968206 0.561374 0.561374 0.561374
5811.413574 0.000000 3352.128662 0.000000 0.258540 0.000000 0.966001 0.648060 0.648060 0.648060
5810.433594 0.000000 3370.336670 0.000000 0.472500 0.000000 0.881331 0.580651 0.580651 0.580651
5800.529297 0.000000 3350.448730 0.000000 0.396271 0.000000 0.918134 0.652732 0.652732 0.652732
5801.507324 0.000000 3351.697998 0.000000 0.565578 0.000000 0.824695 0.660601 0.660601 0.660601
5827.498047 0.000000 3333.335693 0.000000 0.038637 0.000000 0.999253 0.435966 0.435966 0.435966
5851.442383 0.000000 3341.000977 0.000000 0.496473 0.000000 0.868052 0.609885 0.609885 0.609885
5833.798340 0.000000 3337.951660 0.000000 0.247485 0.000000 0.968892 0.646568 0.646568 0.646568
5849.039551 0.000000 3341.205566 0.000000 0.357486 0.000000 0.933919 0.606616 0.606616 0.606616
6008.862793 0.000000 3253.732178 0.000000 0.535916 0.000000 0.844271 0.550570 0.550570 0.550570
5931.628906 0.000000 3316.484863 0.000000 0.124924 0.000000 0.992166 0.412736 0.412736 0.412736
5913.172852 0.000000 3312.608398 0.000000 0.303611 0.000000 0.952796 0.648269 0.648269 0.648269
5913.770020 0.000000 3315.261475 0.000000 0.046337 0.000000 0.998926 0.516080 0.516080 0.516080
5925.645508 0.000000 3311.873535 0.000000 0.223026 0.000000 0.974813 0.589964 0.589964 0.589964
5971.443848 0.000000 3326.013428 0.000000 0.492046 0.000000 0.870569 0.385231 0.385231 0.385231
5974.794922 0.000000 3329.973145 0.000000 0.481742 0.000000 0.876313 0.563164 0.563164 0.563164
5929.322754 0.000000 3380.853760 0.000000 0.455061 0.000000 0.890460 0.385522 0.385522 0.385522
5894.057129 0.000000 3377.515869 0.000000 0.572584 0.000000 0.819846 0.386995 0.386995 0.386995
5925.123047 0.000000 3371.739990 0.000000 0.145036 0.000000 0.989426 0.515067 0.515067 0.515067
5926.524902 0.000000 3379.931641 0.000000 0.258671 0.000000 0.965965 0.503840 0.503840 0.503840
5894.988770 0.000000 3374.038330 0.000000 0.208834 0.000000 0.977951 0.537591 0.537591 0.537591
5924.375977 0.000000 3369.842773 0.000000 0.524842 0.000000 0.851200 0.625167 0.625167 0.625167
6031.446289 0.000000 3348.596191 0.000000 0.191128 0.000000 0.981565 0.449390 0.449390 0.449390
6030.689941 0.000000 3368.922363 0.000000 0.476831 0.000000 0.878995 0.605616 0.605616 0.605616
6041.064941 0.000000 3383.216797 0.000000 0.265791 0.000000 0.964031 0.606906 0.606906 0.606906
6121.447266 0.000000 3349.483398 0.000000 0.194395 0.000000 0.980923 0.580444 0.580444 0.580444
5694.499512 0.000000 3418.451172 0.000000 0.461073 0.000000 0.887362 0.478317 0.478317 0.478317
5660.429199 0.000000 3428.406006 0.000000 0.144158 0.000000 0.989555 0.506346 0.506346 0.506346
5668.052246 0.000000 3428.505615 0.000000 0.317862 0.000000 0.948137 0.526488 0.526488 0.526488
5703.754395 0.000000 3419.028809 0.000000 0.412480 0.000000 0.910967 0.489754 0.489754 0.489754
5701.044922 0.000000 3419.939209 0.000000 0.140270 0.000000 0.990113 0.583895 0.583895 0.583895
5697.519531 0.000000 3436.606201 0.000000 0.267755 0.000000 0.963487 0.553176 0.553176 0.553176
5705.561035 0.000000 3440.208008 0.000000 0.255115 0.000000 0.966911 0.639164 0.639164 0.639164
5705.744141 0.000000 3441.213379 0.000000 0.402304 0.000000 0.915506 0.644881 0.644881 0.644881
5701.164062 0.000000 3434.489746 0.000000 0.332248 0.000000 0.943192 0.642121 0.642121 0.642121
5702.803223 0.000000 3442.140137 0.000000 0.352691 0.000000 0.935740 0.601216 0.601216 0.601216
5684.601074 0.000000 3496.484375 0.000000 0.134764 0.000000 0.990878 0.610971 0.610971 0.610971
5686.847168 0.000000 3488.408691 0.000000 0.555233 0.000000 0.831695 0.597844 0.597844 0.597844
5687.883789 0.000000 3491.595947 0.000000 0.353325 0.000000 0.935501 0.530973 0.530973 0.530973
5689.960449 0.000000 3491.774658 0.000000 0.185529 0.000000 0.982639 0.545638 0.545638 0.545638
5704.614258 0.000000 3459.075684 0.000000 0.406604 0.000000 0.913604 0.384296 0.384296 0.384296
5715.350098 0.000000 3447.900635 0.000000 0.414909 0.000000 0.909863 0.437594 0.437594 0.437594
5715.337891 0.000000 3445.705811 0.000000 0.347582 0.000000 0.937650 0.457849 0.457849 0.457849
5709.344238 0.000000 3459.836670 0.000000 0.316401 0.000000 0.948626 0.639784 0.639784 0.639784
5706.112793 0.000000 3482.703613 0.000000 0.042011 0.000000 0.999117 0.505635 0.505635 0.505635
5704.099121 0.000000 3480.936523 0.000000 0.390354 0.000000 0.920665 0.517771 0.517771 0.517771
5817.144531 0.000000 3390.677734 0.000000 0.565475 0.000000 0.824766 0.451644 0.451644 0.451644
5785.752441 0.000000 3445.439697 0.000000 0.400724 0.000000 0.916199 0.654852 0.654852 0.654852
5817.404785 0.000000 3426.706787 0.000000 0.019951 0.000000 0.999801 0.634683 0.634683 0.634683
5815.916992 0.000000 3439.229004 0.000000 0.399439 0.000000 0.916760 0.608100 0.608100 0.608100
5822.400879 0.000000 3428.613281 0.000000 0.211731 0.000000 0.977328 0.599914 0.599914 0.599914
5821.764648 0.000000 3426.718506 0.000000 0.063165 0.000000 0.998003 0.581481 0.581481 0.581481
5810.101562 0.000000 3422.007324 0.000000 0.152427 0.000000 0.988315 0.563686 0.563686 0.563686
5857.412109 0.000000 3404.019531 0.000000 0.415110 0.000000 0.909771 0.384138 0.384138 0.384138
5825.219727 0.000000 3397.081055 0.000000 0.523773 0.000000 0.851858 0.659466 0.659466 0.659466
5846.048340 0.000000 3412.175537 0.000000 0.387850 0.000000 0.921723 0.653282 0.653282 0.653282
5861.123047 0.000000 3428.224365 0.000000 0.535033 0.000000 0.844831 0.660258 0.660258 0.660258
5873.639160 0.000000 3444.819092 0.000000 0.338362 0.000000 0.941016 0.631982 0.631982 0.631982
5847.843750 0.000000 3427.402588 0.000000 0.012365 0.000000 0.999924 0.631640 0.631640 0.631640
5863.639160 0.000000 3416.135742 0.000000 0.129536 0.000000 0.991575 0.569873 0.569873 0.569873
5847.733887 0.000000 3430.963623 0.000000 0.396940 0.000000 0.917845 0.649511 0.649511 0.649511
5849.886230 0.000000 3431.135010 0.000000 0.237694 0.000000 0.971340 0.588713 0.588713 0.588713
5861.960449 0.000000 3428.931152 0.000000 0.301350 0.000000 0.953514 0.650051 0.650051 0.650051
5860.296387 0.000000 3416.047607 0.000000 0.256686 0.000000 0.966495 0.594514 0.594514 0.594514
5767.437500 0.000000 3500.590576 0.000000 0.439924 0.000000 0.898035 0.384742 0.384742 0.384742
5784.779785 0.000000 3450.083496 0.000000 0.327534 0.000000 0.944839 0.430534 0.430534 0.430534
5821.818848 0.000000 3446.912109 0.000000 0.077796 0.000000 0.996969 0.547819 0.547819 0.547819
5787.970215 0.000000 3446.529053 0.000000 0.504344 0.000000 0.863503 0.531645 0.531645 0.531645
5783.843750 0.000000 3483.886963 0.000000 0.204402 0.000000 0.978887 0.645137 0.645137 0.645137
5784.484375 0.000000 3445.558105 0.000000 0.442794 0.000000 0.896624 0.656661 0.656661 0.656661
5822.358398 0.000000 3452.418701 0.000000 0.055927 0.000000 0.998435 0.608276 0.608276 0.608276
5823.554199 0.000000 3453.874756 0.000000 0.225957 0.000000 0.974137 0.614126 0.614126 0.614126
5886.390625 0.000000 3501.307373 0.000000 0.522609 0.000000 0.852572 0.385880 0.385880 0.385880
5871.882812 0.000000 3450.570557 0.000000 0.247503 0.000000 0.968887 0.393216 0.393216 0.393216
5845.452637 0.000000 3467.529785 0.000000 0.305108 0.000000 0.952318 0.410343 0.410343 0.410343
5837.340332 0.000000 3485.773682 0.000000 0.143077 0.000000 0.989712 0.414813 0.414813 0.414813
5870.744141 0.000000 3471.200439 0.000000 0.370151 0.000000 0.928972 0.561461 0.561461 0.561461
5868.992676 0.000000 3468.447510 0.000000 0.052847 0.000000 0.998603 0.642436 0.642436 0.642436
5853.685059 0.000000 3480.301514 0.000000 0.308098 0.000000 0.951355 0.566595 0.566595 0.566595
5870.200195 0.000000 3446.656738 0.000000 0.480530 0.000000 0.876978 0.655515 0.655515 0.655515
5868.736816 0.000000 3448.368896 0.000000 0.055843 0.000000 0.998440 0.623389 0.623389 0.623389
5843.222656 0.000000 3487.379883 0.000000 0.001073 0.000000 0.999999 0.636083 0.636083 0.636083
5865.849121 0.000000 3456.218994 0.000000 0.434847 0.000000 0.900504 0.522526 0.522526 0.522526
5855.121582 0.000000 3476.807129 0.000000 0.522566 0.000000 0.852599 0.542967 0.542967 0.542967
5867.277832 0.000000 3458.559570 0.000000 0.176035 0.000000 0.984384 0.637886 0.637886 0.637886
5864.188477 0.000000 3482.889893 0.000000 0.453807 0.000000 0.891100 0.588876 0.588876 0.588876
5865.191895 0.000000 3447.992920 0.000000 0.177756 0.000000 0.984075 0.646357 0.646357 0.646357
5836.307617 0.000000 3486.307373 0.000000 0.334543 0.000000 0.942380 0.645309 0.645309 0.645309
5866.282715 0.000000 3459.052734 0.000000 0.271638 0.000000 0.962400 0.642259 0.642259 0.642259
5869.173340 0.000000 3469.441162 0.000000 0.320421 0.000000 0.947275 0.652801 0.652801 0.652801
5873.560547 0.000000 3459.696777 0.000000 0.104694 0.000000 0.994505 0.603167 0.603167 0.603167
5659.877441 0.000000 3513.522217 0.000000 0.584784 0.000000 0.811189 0.431899 0.431899 0.431899
5653.209473 0.000000 3508.893555 0.000000 0.525978 0.000000 0.850498 0.441651 0.441651 0.441651
5643.583984 0.000000 3505.588867 0.000000 0.498344 0.000000 0.866980 0.477389 0.477389 0.477389
5656.631836 0.000000 3512.644043 0.000000 0.302342 0.000000 0.953199 0.597764 0.597764 0.597764
5694.841797 0.000000 3556.563477 0.000000 0.541522 0.000000 0.840687 0.509261 0.509261 0.509261
5651.737305 0.000000 3508.512939 0.000000 0.058760 0.000000 0.998272 0.638301 0.638301 0.638301
5660.237305 0.000000 3506.006592 0.000000 0.105046 0.000000 0.994467 0.638916 0.638916 0.638916
5650.778809 0.000000 3509.050537 0.000000 0.002111 0.000000 0.999998 0.635988 0.635988 0.635988
5696.926758 0.000000 3555.724854 0.000000 0.345539 0.000000 0.938405 0.472120 0.472120 0.472120
5725.379395 0.000000 3513.506592 0.000000 0.420823 0.000000 0.907143 0.479183 0.479183 0.479183
5739.276855 0.000000 3547.517822 0.000000 0.210489 0.000000 0.977596 0.648236 0.648236 0.648236
5707.042480 0.000000 3543.063232 0.000000 0.357985 0.000000 0.933727 0.554050 0.554050 0.554050
5723.313477 0.000000 3549.664795 0.000000 0.418646 0.000000 0.908150 0.555865 0.555865 0.555865
5680.746582 0.000000 3561.753174 0.000000 0.120183 0.000000 0.992752 0.380375 0.380375 0.380375
5694.383301 0.000000 3579.682129 0.000000 0.289370 0.000000 0.957217 0.440584 0.440584 0.440584
5691.503906 0.000000 3560.420898 0.000000 0.450301 0.000000 0.892877 0.641570 0.641570 0.641570
5685.270996 0.000000 3561.815674 0.000000 0.375748 0.000000 0.926722 0.572195 0.572195 0.572195
5682.000000 0.000000 3561.823486 0.000000 0.034976 0.000000 0.999388 0.502017 0.502017 0.502017
5730.900879 0.000000 3558.580322 0.000000 0.005622 0.000000 0.999984 0.379837 0.379837 0.379837
5696.514160 0.000000 3574.596436 0.000000 0.090832 0.000000 0.995866 0.380493 0.380493 0.380493
5705.604492 0.000000 3585.969971 0.000000 0.221714 0.000000 0.975112 0.381905 0.381905 0.381905
5696.597656 0.000000 3578.982910 0.000000 0.422589 0.000000 0.906321 0.408714 0.408714 0.408714
5703.546875 0.000000 3589.820557 0.000000 0.554606 0.000000 0.832113 0.442259 0.442259 0.442259
5700.370605 0.000000 3585.105225 0.000000 0.138086 0.000000 0.990420 0.542602 0.542602 0.542602
5806.953613 0.000000 3555.430908 0.000000 0.390702 0.000000 0.920517 0.465935 0.465935 0.465935
5805.442383 0.000000 3513.794189 0.000000 0.576325 0.000000 0.817221 0.659378 0.659378 0.659378
5804.898438 0.000000 3557.892090 0.000000 0.146226 0.000000 0.989251 0.528983 0.528983 0.528983
5800.114258 0.000000 3504.586670 0.000000 0.156465 0.000000 0.987684 0.646266 0.646266 0.646266
5803.277832 0.000000 3515.043945 0.000000 0.101349 0.000000 0.994851 0.638473 0.638473 0.638473
5802.282715 0.000000 3515.537109 0.000000 0.145163 0.000000 0.989408 0.640116 0.640116 0.640116
5772.740234 0.000000 3514.586182 0.000000 0.081975 0.000000 0.996634 0.565038 0.565038 0.565038
5867.659668 0.000000 3538.210938 0.000000 0.483515 0.000000 0.875336 0.389652 0.389652 0.389652
5842.338867 0.000000 3510.064453 0.000000 0.352754 0.000000 0.935716 0.468701 0.468701 0.468701
5862.464355 0.000000 3544.925293 0.000000 0.451048 0.000000 0.892500 0.496078 0.496078 0.496078
5832.616211 0.000000 3519.274902 0.000000 0.584115 0.000000 0.811671 0.584568 0.584568 0.584568
5885.039062 0.000000 3520.372314 0.000000 0.546914 0.000000 0.837189 0.552718 0.552718 0.552718
5860.323242 0.000000 3512.531982 0.000000 0.119566 0.000000 0.992826 0.639271 0.639271 0.639271
5865.729980 0.000000 3508.003174 0.000000 0.045171 0.000000 0.998979 0.617982 0.617982 0.617982
5836.187012 0.000000 3522.303711 0.000000 0.247519 0.000000 0.968883 0.645709 0.645709 0.645709
5864.990723 0.000000 3509.982666 0.000000 0.366542 0.000000 0.930402 0.629577 0.629577 0.629577
5837.781738 0.000000 3522.561523 0.000000 0.382629 0.000000 0.923902 0.651039 0.651039 0.651039
5841.086914 0.000000 3511.199219 0.000000 0.294584 0.000000 0.955625 0.569675 0.569675 0.569675
6004.147949 0.000000 3444.224609 0.000000 0.201965 0.000000 0.979393 0.491955 0.491955 0.491955
6004.617188 0.000000 3442.419434 0.000000 0.009577 0.000000 0.999954 0.583182 0.583182 0.583182
5907.640625 0.000000 3470.858643 0.000000 0.355408 0.000000 0.934711 0.383998 0.383998 0.383998
5949.587402 0.000000 3493.444824 0.000000 0.541808 0.000000 0.840503 0.472983 0.472983 0.472983
5917.948242 0.000000 3486.667236 0.000000 0.434687 0.000000 0.900582 0.656407 0.656407 0.656407
5917.817383 0.000000 3485.426270 0.000000 0.124033 0.000000 0.992278 0.511076 0.511076 0.511076
5925.123047 0.000000 3484.708740 0.000000 0.087584 0.000000 0.996157 0.560078 0.560078 0.560078
5916.231934 0.000000 3487.149658 0.000000 0.460608 0.000000 0.887604 0.657534 0.657534 0.657534
5922.421875 0.000000 3482.038818 0.000000 0.157046 0.000000 0.987591 0.536199 0.536199 0.536199
5916.429199 0.000000 3484.890381 0.000000 0.523065 0.000000 0.852293 0.521387 0.521387 0.521387
5922.942871 0.000000 3483.981689 0.000000 0.448472 0.000000 0.893797 0.544318 0.544318 0.544318
5895.583496 0.000000 3497.800293 0.000000 0.479166 0.000000 0.877725 0.653672 0.653672 0.653672
6002.584961 0.000000 3473.441162 0.000000 0.193442 0.000000 0.981112 0.382135 0.382135 0.382135
5958.953125 0.000000 3481.157227 0.000000 0.443967 0.000000 0.896043 0.392668 0.392668 0.392668
6002.490723 0.000000 3468.336426 0.000000 0.182496 0.000000 0.983207 0.410116 0.410116 0.410116
6007.822754 0.000000 3476.840088 0.000000 0.486642 0.000000 0.873602 0.440837 0.440837 0.440837
6006.848633 0.000000 3468.059570 0.000000 0.426363 0.000000 0.904552 0.472115 0.472115 0.472115
6007.777832 0.000000 3474.481934 0.000000 0.447476 0.000000 0.894296 0.547851 0.547851 0.547851
6005.096680 0.000000 3459.457275 0.000000 0.386313 0.000000 0.922368 0.650445 0.650445 0.650445
5956.470703 0.000000 3480.535889 0.000000 0.473325 0.000000 0.880888 0.653479 0.653479 0.653479
6009.538086 0.000000 3468.497314 0.000000 0.450273 0.000000 0.892891 0.654672 0.654672 0.654672
6013.255859 0.000000 3466.636719 0.000000 0.531791 0.000000 0.846875 0.658871 0.658871 0.658871
6007.309570 0.000000 3453.792480 0.000000 0.237774 0.000000 0.971321 0.583533 0.583533 0.583533
6010.872070 0.000000 3473.677734 0.000000 0.374351 0.000000 0.927287 0.608956 0.608956 0.608956
5954.420898 0.000000 3489.263184 0.000000 0.524785 0.000000 0.851235 0.649952 0.649952 0.649952
6009.619629 0.000000 3469.885742 0.000000 0.231812 0.000000 0.972760 0.645098 0.645098 0.645098
6003.003906 0.000000 3449.190674 0.000000 0.076162 0.000000 0.997095 0.552909 0.552909 0.552909
6015.352051 0.000000 3467.240723 0.000000 0.563864 0.000000 0.825867 0.578448 0.578448 0.578448
6057.563477 0.000000 3415.553467 0.000000 0.375193 0.000000 0.926947 0.384838 0.384838 0.384838
6074.093750 0.000000 3419.499268 0.000000 0.546847 0.000000 0.837233 0.496724 0.496724 0.496724
6075.539551 0.000000 3441.597168 0.000000 0.574061 0.000000 0.818813 0.658674 0.658674 0.658674
6075.503906 0.000000 3390.967773 0.000000 0.516164 0.000000 0.856490 0.660999 0.660999 0.660999
6074.145020 0.000000 3434.206543 0.000000 0.395587 0.000000 0.918429 0.637651 0.637651 0.637651
6072.073242 0.000000 3428.501221 0.000000 0.535934 0.000000 0.844260 0.581049 0.581049 0.581049
6068.906250 0.000000 3395.314941 0.000000 0.380768 0.000000 0.924670 0.653595 0.653595 0.653595
6061.173340 0.000000 3412.956787 0.000000 0.413368 0.000000 0.910564 0.583978 0.583978 0.583978
6125.836426 0.000000 3441.695312 0.000000 0.045187 0.000000 0.998979 0.384858 0.384858 0.384858
6114.144043 0.000000 3440.052002 0.000000 0.152610 0.000000 0.988287 0.452180 0.452180 0.452180
6114.393066 0.000000 3441.764160 0.000000 0.081376 0.000000 0.996683 0.450802 0.450802 0.450802
6114.454102 0.000000 3430.083740 0.000000 0.574890 0.000000 0.818230 0.658215 0.658215 0.658215
6115.804199 0.000000 3432.364014 0.000000 0.320660 0.000000 0.947194 0.644655 0.644655 0.644655
6124.208984 0.000000 3443.149170 0.000000 0.100536 0.000000 0.994933 0.642067 0.642067 0.642067
6106.914551 0.000000 3440.766357 0.000000 0.489815 0.000000 0.871826 0.538394 0.538394 0.538394
6110.022949 0.000000 3432.475342 0.000000 0.493641 0.000000 0.869666 0.653007 0.653007 0.653007
6108.231934 0.000000 3430.665283 0.000000 0.395177 0.000000 0.918605 0.651259 0.651259 0.651259
6117.762695 0.000000 3432.939941 0.000000 0.242153 0.000000 0.970238 0.648895 0.648895 0.648895
6110.526367 0.000000 3433.517822 0.000000 0.356112 0.000000 0.934443 0.646226 0.646226 0.646226
6104.507324 0.000000 3436.587646 0.000000 0.209209 0.000000 0.977871 0.599830 0.599830 0.599830
6105.064941 0.000000 3439.701172 0.000000 0.121621 0.000000 0.992577 0.642270 0.642270 0.642270
6125.231445 0.000000 3442.645508 0.000000 0.469359 0.000000 0.883008 0.657351 0.657351 0.657351
6104.446289 0.000000 3432.401611 0.000000 0.225831 0.000000 0.974167 0.647310 0.647310 0.647310
6116.531250 0.000000 3433.208496 0.000000 0.194009 0.000000 0.981000 0.646994 0.646994 0.646994
6116.699219 0.000000 3430.577393 0.000000 0.032031 0.000000 0.999487 0.604104 0.604104 0.604104
6123.191406 0.000000 3393.609863 0.000000 0.442673 0.000000 0.896683 0.551266 0.551266 0.551266
6104.939453 0.000000 3434.373535 0.000000 0.274974 0.000000 0.961452 0.605494 0.605494 0.605494
6032.399414 0.000000 3473.267578 0.000000 0.229691 0.000000 0.973264 0.605672 0.605672 0.605672
6036.417969 0.000000 3475.642090 0.000000 0.455025 0.000000 0.890479 0.572971 0.572971 0.572971
6127.286621 0.000000 3447.320312 0.000000 0.320072 0.000000 0.947393 0.464430 0.464430 0.464430
6082.058594 0.000000 3463.986328 0.000000 0.329594 0.000000 0.944123 0.647126 0.647126 0.647126
6083.455566 0.000000 3464.228027 0.000000 0.215091 0.000000 0.976594 0.644393 0.644393 0.644393
6124.736816 0.000000 3448.368896 0.000000 0.299453 0.000000 0.954111 0.643663 0.643663 0.643663
6088.415527 0.000000 3472.619141 0.000000 0.159508 0.000000 0.987197 0.504970 0.504970 0.504970
6133.096680 0.000000 3459.457275 0.000000 0.278995 0.000000 0.960293 0.644288 0.644288 0.644288
6081.312988 0.000000 3465.032471 0.000000 0.233491 0.000000 0.972359 0.586852 0.586852 0.586852
6083.978516 0.000000 3461.764893 0.000000 0.041706 0.000000 0.999130 0.514244 0.514244 0.514244
6085.924316 0.000000 3461.186279 0.000000 0.002256 0.000000 0.999997 0.631060 0.631060 0.631060
6095.546387 0.000000 3483.428711 0.000000 0.553311 0.000000 0.832975 0.538509 0.538509 0.538509
6086.709961 0.000000 3501.676758 0.000000 0.339554 0.000000 0.940587 0.534130 0.534130 0.534130
6133.988770 0.000000 3456.786133 0.000000 0.566743 0.000000 0.823894 0.659051 0.659051 0.659051
6127.757812 0.000000 3448.312256 0.000000 0.555467 0.000000 0.831538 0.569178 0.569178 0.569178
6095.305664 0.000000 3487.729248 0.000000 0.249582 0.000000 0.968354 0.644352 0.644352 0.644352
6086.803223 0.000000 3498.624512 0.000000 0.078909 0.000000 0.996882 0.578573 0.578573 0.578573
6135.814453 0.000000 3462.258789 0.000000 0.206773 0.000000 0.978389 0.640472 0.640472 0.640472
5907.693848 0.000000 3531.366943 0.000000 0.119578 0.000000 0.992825 0.502280 0.502280 0.502280
5911.724609 0.000000 3529.160645 0.000000 0.160048 0.000000 0.987109 0.637294 0.637294 0.637294
5888.098633 0.000000 3538.093750 0.000000 0.389373 0.000000 0.921080 0.588456 0.588456 0.588456
5895.662109 0.000000 3538.756592 0.000000 0.404037 0.000000 0.914743 0.521694 0.521694 0.521694
5920.387695 0.000000 3511.324707 0.000000 0.461507 0.000000 0.887136 0.555400 0.555400 0.555400
5888.361816 0.000000 3523.667236 0.000000 0.254985 0.000000 0.966945 0.647915 0.647915 0.647915
6014.994629 0.000000 3549.655029 0.000000 0.575252 0.000000 0.817976 0.393047 0.393047 0.393047
6011.305664 0.000000 3551.810303 0.000000 0.103328 0.000000 0.994647 0.391049 0.391049 0.391049
6014.281738 0.000000 3555.098877 0.000000 0.527835 0.000000 0.849347 0.485355 0.485355 0.485355
6014.572266 0.000000 3552.549072 0.000000 0.014230 0.000000 0.999899 0.523856 0.523856 0.523856
6003.812988 0.000000 3516.250244 0.000000 0.463383 0.000000 0.886158 0.559020 0.559020 0.559020
6014.093750 0.000000 3550.908203 0.000000 0.085626 0.000000 0.996327 0.587279 0.587279 0.587279
6015.565430 0.000000 3544.553467 0.000000 0.330028 0.000000 0.943971 0.589987 0.589987 0.589987
5935.249023 0.000000 3581.252930 0.000000 0.353712 0.000000 0.935354 0.569748 0.569748 0.569748
5936.425781 0.000000 3580.035400 0.000000 0.368636 0.000000 0.929574 0.570213 0.570213 0.570213
5945.683594 0.000000 3578.424805 0.000000 0.100977 0.000000 0.994889 0.640158 0.640158 0.640158
5994.844238 0.000000 3567.415527 0.000000 0.054032 0.000000 0.998539 0.571016 0.571016 0.571016
6027.890137 0.000000 3552.764160 0.000000 0.554910 0.000000 0.831911 0.561971 0.561971 0.561971
6061.039062 0.000000 3539.454590 0.000000 0.475193 0.000000 0.879882 0.623217 0.623217 0.623217
6083.913086 0.000000 3512.967773 0.000000 0.203952 0.000000 0.978981 0.381183 0.381183 0.381183
6104.136230 0.000000 3522.445557 0.000000 0.381233 0.000000 0.924479 0.598703 0.598703 0.598703
6129.121094 0.000000 3553.939453 0.000000 0.240163 0.000000 0.970733 0.508669 0.508669 0.508669
6124.614746 0.000000 3551.287842 0.000000 0.229964 0.000000 0.973199 0.609117 0.609117 0.609117
6125.871094 0.000000 3551.914551 0.000000 0.489223 0.000000 0.872159 0.618460 0.618460 0.618460
6095.853516 0.000000 3516.768555 0.000000 0.250337 0.000000 0.968159 0.529972 0.529972 0.529972
6101.918945 0.000000 3522.936279 0.000000 0.242609 0.000000 0.970124 0.636982 0.636982 0.636982
6100.380859 0.000000 3523.834473 0.000000 0.448448 0.000000 0.893809 0.644998 0.644998 0.644998
6100.853027 0.000000 3522.947754 0.000000 0.559586 0.000000 0.828773 0.649694 0.649694 0.649694
6037.918945 0.000000 3579.420654 0.000000 0.552088 0.000000 0.833786 0.536668 0.536668 0.536668
6024.099121 0.000000 3593.905273 0.000000 0.207338 0.000000 0.978269 0.586017 0.586017 0.586017
6023.807129 0.000000 3591.717285 0.000000 0.473138 0.000000 0.880988 0.656540 0.656540 0.656540
6108.431641 0.000000 3566.023438 0.000000 0.410308 0.000000 0.911947 0.384695 0.384695 0.384695
6114.937012 0.000000 3560.300293 0.000000 0.392929 0.000000 0.919569 0.415460 0.415460 0.415460
6086.595703 0.000000 3584.514648 0.000000 0.155441 0.000000 0.987845 0.445170 0.445170 0.445170
6116.202637 0.000000 3562.164307 0.000000 0.377905 0.000000 0.925844 0.633486 0.633486 0.633486
6117.770020 0.000000 3563.518066 0.000000 0.189617 0.000000 0.981858 0.626501 0.626501 0.626501
6151.570801 0.000000 2245.986572 0.000000 0.311747 0.000000 0.950165 0.652344 0.652344 0.652344
6145.989746 0.000000 2235.967773 0.000000 0.504211 0.000000 0.863580 0.615494 0.615494 0.615494
6367.334473 0.000000 2187.391602 0.000000 0.339942 0.000000 0.940446 0.383805 0.383805 0.383805
6369.062500 0.000000 2198.480225 0.000000 0.143360 0.000000 0.989671 0.380335 0.380335 0.380335
6397.294434 0.000000 2161.921631 0.000000 0.340282 0.000000 0.940323 0.472006 0.472006 0.472006
6386.478027 0.000000 2188.281982 0.000000 0.297736 0.000000 0.954648 0.646354 0.646354 0.646354
6390.834961 0.000000 2184.080811 0.000000 0.005749 0.000000 0.999983 0.478888 0.478888 0.478888
6355.737305 0.000000 2152.887939 0.000000 0.563556 0.000000 0.826078 0.526174 0.526174 0.526174
6391.338379 0.000000 2178.930420 0.000000 0.097717 0.000000 0.995214 0.501765 0.501765 0.501765
6367.826172 0.000000 2197.982178 0.000000 0.111711 0.000000 0.993741 0.510776 0.510776 0.510776
6386.448730 0.000000 2189.631104 0.000000 0.063486 0.000000 0.997983 0.636255 0.636255 0.636255
6364.472656 0.000000 2191.922363 0.000000 0.556390 0.000000 0.830921 0.610396 0.610396 0.610396
6372.740723 0.000000 2171.508301 0.000000 0.062756 0.000000 0.998029 0.636488 0.636488 0.636488
6372.268066 0.000000 2169.032227 0.000000 0.504960 0.000000 0.863143 0.542431 0.542431 0.542431
6360.179688 0.000000 2187.014404 0.000000 0.385054 0.000000 0.922894 0.652545 0.652545 0.652545
6362.672852 0.000000 2184.681641 0.000000 0.227401 0.000000 0.973801 0.640223 0.640223 0.640223
6385.638184 0.000000 2187.494873 0.000000 0.164445 0.000000 0.986386 0.637362 0.637362 0.637362
6362.378418 0.000000 2197.080078 0.000000 0.513034 0.000000 0.858368 0.654458 0.654458 0.654458
6361.886230 0.000000 2188.478760 0.000000 0.023167 0.000000 0.999732 0.631168 0.631168 0.631168
6373.876953 0.000000 2170.223633 0.000000 0.420674 0.000000 0.907212 0.652130 0.652130 0.652130
6373.641602 0.000000 2173.688721 0.000000 0.084513 0.000000 0.996422 0.641303 0.641303 0.641303
6397.902344 0.000000 2169.256592 0.000000 0.170216 0.000000 0.985407 0.583124 0.583124 0.583124
6395.427246 0.000000 2169.591064 0.000000 0.338043 0.000000 0.941131 0.646331 0.646331 0.646331
6366.155273 0.000000 2201.899902 0.000000 0.196576 0.000000 0.980489 0.644096 0.644096 0.644096
6360.939453 0.000000 2191.717285 0.000000 0.310754 0.000000 0.950490 0.644191 0.644191 0.644191
6364.338867 0.000000 2190.908203 0.000000 0.263848 0.000000 0.964564 0.599935 0.599935 0.599935
6366.140625 0.000000 2182.072510 0.000000 0.374957 0.000000 0.927042 0.633373 0.633373 0.633373
6395.404785 0.000000 2170.650146 0.000000 0.102983 0.000000 0.994683 0.636649 0.636649 0.636649
6364.115234 0.000000 2200.234375 0.000000 0.064321 0.000000 0.997929 0.637739 0.637739 0.637739
6327.107910 0.000000 2248.092041 0.000000 0.583773 0.000000 0.811917 0.387700 0.387700 0.387700
6332.439453 0.000000 2251.943604 0.000000 0.010969 0.000000 0.999940 0.620119 0.620119 0.620119
6330.917480 0.000000 2250.137207 0.000000 0.281998 0.000000 0.959415 0.516746 0.516746 0.516746
6377.563477 0.000000 2229.381592 0.000000 0.449129 0.000000 0.893467 0.385875 0.385875 0.385875
6392.550781 0.000000 2235.749756 0.000000 0.119128 0.000000 0.992879 0.381303 0.381303 0.381303
6371.689941 0.000000 2254.492188 0.000000 0.069452 0.000000 0.997585 0.379311 0.379311 0.379311
6373.379395 0.000000 2239.777344 0.000000 0.053969 0.000000 0.998543 0.425690 0.425690 0.425690
6345.923828 0.000000 2220.485107 0.000000 0.247431 0.000000 0.968905 0.461147 0.461147 0.461147
6382.236328 0.000000 2258.747070 0.000000 0.127965 0.000000 0.991779 0.451702 0.451702 0.451702
6356.600586 0.000000 2213.912598 0.000000 0.153339 0.000000 0.988174 0.642555 0.642555 0.642555
6340.081543 0.000000 2222.860352 0.000000 0.452071 0.000000 0.891982 0.485312 0.485312 0.485312
6376.703613 0.000000 2257.759033 0.000000 0.171956 0.000000 0.985105 0.493023 0.493023 0.493023
6340.220703 0.000000 2220.245361 0.000000 0.127096 0.000000 0.991890 0.525024 0.525024 0.525024
6382.588379 0.000000 2246.671875 0.000000 0.265287 0.000000 0.964170 0.596527 0.596527 0.596527
6388.968750 0.000000 2234.638184 0.000000 0.393892 0.000000 0.919157 0.630615 0.630615 0.630615
6357.042969 0.000000 2230.794434 0.000000 0.063750 0.000000 0.997966 0.637188 0.637188 0.637188
6390.610352 0.000000 2252.803955 0.000000 0.420741 0.000000 0.907181 0.653126 0.653126 0.653126
6382.294922 0.000000 2218.333496 0.000000 0.361998 0.000000 0.932179 0.643283 0.643283 0.643283
6380.463379 0.000000 2217.514160 0.000000 0.568289 0.000000 0.822829 0.639405 0.639405 0.639405
6382.404297 0.000000 2215.133301 0.000000 0.099623 0.000000 0.995025 0.562139 0.562139 0.562139
6383.897461 0.000000 2214.576172 0.000000 0.495898 0.000000 0.868381 0.574322 0.574322 0.574322
6339.740234 0.000000 2230.462891 0.000000 0.309801 0.000000 0.950802 0.598015 0.598015 0.598015
6355.048340 0.000000 2213.191895 0.000000 0.502953 0.000000 0.864314 0.610128 0.610128 0.610128
6402.058594 0.000000 2164.845703 0.000000 0.357126 0.000000 0.934056 0.578627 0.578627 0.578627
6421.353516 0.000000 2182.296143 0.000000 0.044392 0.000000 0.999014 0.481460 0.481460 0.481460
6403.455566 0.000000 2165.087402 0.000000 0.392808 0.000000 0.919620 0.579779 0.579779 0.579779
6423.843750 0.000000 2184.746338 0.000000 0.284167 0.000000 0.958775 0.484997 0.484997 0.484997
6401.312988 0.000000 2165.891846 0.000000 0.439135 0.000000 0.898421 0.584840 0.584840 0.584840
6400.213379 0.000000 2158.507812 0.000000 0.071004 0.000000 0.997476 0.509787 0.509787 0.509787
6405.924316 0.000000 2162.045654 0.000000 0.428272 0.000000 0.903650 0.654553 0.654553 0.654553
6407.536621 0.000000 2160.647461 0.000000 0.204824 0.000000 0.978799 0.647777 0.647777 0.647777
6421.995605 0.000000 2186.912109 0.000000 0.336448 0.000000 0.941702 0.586707 0.586707 0.586707
6319.740234 0.000000 2274.513672 0.000000 0.226782 0.000000 0.973946 0.643208 0.643208 0.643208
6318.404297 0.000000 2271.617676 0.000000 0.319225 0.000000 0.947679 0.648506 0.648506 0.648506
6385.862305 0.000000 2260.576904 0.000000 0.424102 0.000000 0.905614 0.656248 0.656248 0.656248
6188.614746 0.000000 2873.475342 0.000000 0.333355 0.000000 0.942801 0.489675 0.489675 0.489675
6263.349609 0.000000 3316.563721 0.000000 0.586494 0.000000 0.809954 0.552204 0.552204 0.552204
6529.323730 0.000000 3225.666748 0.000000 0.160763 0.000000 0.986993 0.485763 0.485763 0.485763
6536.904785 0.000000 3225.889160 0.000000 0.048663 0.000000 0.998815 0.507520 0.507520 0.507520
6537.798340 0.000000 3224.982910 0.000000 0.558096 0.000000 0.829776 0.520586 0.520586 0.520586
6583.044922 0.000000 3371.666504 0.000000 0.193509 0.000000 0.981099 0.387015 0.387015 0.387015
6589.367188 0.000000 3383.713867 0.000000 0.164313 0.000000 0.986408 0.569200 0.569200 0.569200
6585.571289 0.000000 3372.433838 0.000000 0.263978 0.000000 0.964529 0.629212 0.629212 0.629212
6148.248535 0.000000 3466.846680 0.000000 0.061513 0.000000 0.998106 0.383314 0.383314 0.383314
6184.256348 0.000000 3462.394531 0.000000 0.572378 0.000000 0.819990 0.420620 0.420620 0.420620
6152.280273 0.000000 3479.777832 0.000000 0.072118 0.000000 0.997396 0.429531 0.429531 0.429531
6159.736328 0.000000 3476.308105 0.000000 0.399941 0.000000 0.916541 0.439109 0.439109 0.439109
6186.135254 0.000000 3450.046387 0.000000 0.128309 0.000000 0.991734 0.434062 0.434062 0.434062
6157.021484 0.000000 3478.175781 0.000000 0.450966 0.000000 0.892541 0.458224 0.458224 0.458224
6169.742188 0.000000 3474.598145 0.000000 0.390854 0.000000 0.920453 0.480289 0.480289 0.480289
6146.875977 0.000000 3478.133545 0.000000 0.337734 0.000000 0.941242 0.475520 0.475520 0.475520
6164.958984 0.000000 3471.216553 0.000000 0.318568 0.000000 0.947900 0.499981 0.499981 0.499981
6146.058594 0.000000 3463.986328 0.000000 0.408875 0.000000 0.912590 0.498618 0.498618 0.498618
6175.786621 0.000000 3479.268311 0.000000 0.310344 0.000000 0.950624 0.473139 0.473139 0.473139
6177.315918 0.000000 3478.239990 0.000000 0.501371 0.000000 0.865232 0.540530 0.540530 0.540530
6164.231934 0.000000 3469.334717 0.000000 0.292717 0.000000 0.956199 0.631996 0.631996 0.631996
6168.864258 0.000000 3472.100830 0.000000 0.582030 0.000000 0.813167 0.524913 0.524913 0.524913
6185.821777 0.000000 3460.003906 0.000000 0.280211 0.000000 0.959938 0.649853 0.649853 0.649853
6186.844238 0.000000 3454.446777 0.000000 0.582656 0.000000 0.812719 0.620379 0.620379 0.620379
6172.419922 0.000000 3477.089844 0.000000 0.028078 0.000000 0.999606 0.525925 0.525925 0.525925
6167.342773 0.000000 3470.287354 0.000000 0.036243 0.000000 0.999343 0.567087 0.567087 0.567087
6156.518066 0.000000 3474.137207 0.000000 0.188509 0.000000 0.982071 0.575097 0.575097 0.575097
6191.663086 0.000000 3462.630127 0.000000 0.582998 0.000000 0.812473 0.660554 0.660554 0.660554
6170.768555 0.000000 3460.479248 0.000000 0.339896 0.000000 0.940463 0.542957 0.542957 0.542957
6149.924316 0.000000 3461.186279 0.000000 0.096063 0.000000 0.995375 0.525955 0.525955 0.525955
6191.740234 0.000000 3460.685547 0.000000 0.550961 0.000000 0.834531 0.661179 0.661179 0.661179
6155.374512 0.000000 3477.577637 0.000000 0.001975 0.000000 0.999998 0.586309 0.586309 0.586309
6174.965820 0.000000 3475.036133 0.000000 0.166276 0.000000 0.986079 0.639775 0.639775 0.639775
6189.173340 0.000000 3469.441162 0.000000 0.545279 0.000000 0.838254 0.656396 0.656396 0.656396
6174.344238 0.000000 3472.205566 0.000000 0.484308 0.000000 0.874897 0.589934 0.589934 0.589934
6387.213867 0.000000 3435.319824 0.000000 0.060580 0.000000 0.998163 0.380018 0.380018 0.380018
6388.024414 0.000000 3429.382324 0.000000 0.417344 0.000000 0.908749 0.654964 0.654964 0.654964
6193.044434 0.000000 3551.111572 0.000000 0.149400 0.000000 0.988777 0.561877 0.561877 0.561877
6173.995605 0.000000 3526.597412 0.000000 0.143871 0.000000 0.989597 0.532386 0.532386 0.532386
6148.652344 0.000000 3539.306396 0.000000 0.332472 0.000000 0.943113 0.583085 0.583085 0.583085
6267.955078 0.000000 3533.086426 0.000000 0.273030 0.000000 0.962006 0.456331 0.456331 0.456331
6243.546875 0.000000 3554.991455 0.000000 0.249633 0.000000 0.968341 0.580448 0.580448 0.580448
6245.249023 0.000000 3556.236816 0.000000 0.088840 0.000000 0.996046 0.595864 0.595864 0.595864
6193.687988 0.000000 3567.468262 0.000000 0.155989 0.000000 0.987759 0.380300 0.380300 0.380300
6199.696777 0.000000 3567.801514 0.000000 0.399340 0.000000 0.916803 0.595819 0.595819 0.595819
6161.980469 0.000000 3597.771240 0.000000 0.395384 0.000000 0.918516 0.613206 0.613206 0.613206
6156.307617 0.000000 3599.276123 0.000000 0.511694 0.000000 0.859168 0.546223 0.546223 0.546223
6282.576172 0.000000 3532.375000 0.000000 0.316135 0.000000 0.948714 0.605178 0.605178 0.605178
6274.034668 0.000000 3528.116943 0.000000 0.165407 0.000000 0.986225 0.593249 0.593249 0.593249
6273.121582 0.000000 3519.139648 0.000000 0.037290 0.000000 0.999304 0.531305 0.531305 0.531305
6275.740234 0.000000 3529.603516 0.000000 0.411773 0.000000 0.911286 0.601520 0.601520 0.601520
6297.272461 0.000000 3536.784424 0.000000 0.507263 0.000000 0.861791 0.603190 0.603190 0.603190
6365.264648 0.000000 3548.812500 0.000000 0.029436 0.000000 0.999567 0.434045 0.434045 0.434045
6361.064941 0.000000 3552.669922 0.000000 0.489903 0.000000 0.871777 0.609639 0.609639 0.609639
6371.804199 0.000000 3601.817139 0.000000 0.560221 0.000000 0.828343 0.544136 0.544136 0.544136
6391.338379 0.000000 3591.039795 0.000000 0.358013 0.000000 0.933717 0.479543 0.479543 0.479543
6370.360840 0.000000 3603.888916 0.000000 0.314415 0.000000 0.949286 0.556282 0.556282 0.556282
6373.960449 0.000000 3598.384277 0.000000 0.326406 0.000000 0.945230 0.558389 0.558389 0.558389
6403.040527 0.000000 3437.108154 0.000000 0.575421 0.000000 0.817858 0.609354 0.609354 0.609354
6402.473633 0.000000 3436.233154 0.000000 0.173350 0.000000 0.984860 0.595219 0.595219 0.595219
6463.184082 0.000000 3459.577148 0.000000 0.570968 0.000000 0.820972 0.641301 0.641301 0.641301
6481.436523 0.000000 3469.416016 0.000000 0.427321 0.000000 0.904100 0.384494 0.384494 0.384494
6464.213379 0.000000 3457.648438 0.000000 0.530757 0.000000 0.847524 0.512580 0.512580 0.512580
6586.353516 0.000000 3390.192871 0.000000 0.151438 0.000000 0.988467 0.518703 0.518703 0.518703
6585.671875 0.000000 3443.933838 0.000000 0.328104 0.000000 0.944642 0.600374 0.600374 0.600374
6588.552246 0.000000 3390.371826 0.000000 0.226344 0.000000 0.974047 0.583172 0.583172 0.583172
6591.312988 0.000000 3430.337402 0.000000 0.564870 0.000000 0.825180 0.642817 0.642817 0.642817
6585.187988 0.000000 3477.032227 0.000000 0.494643 0.000000 0.869096 0.470057 0.470057 0.470057
6583.966309 0.000000 3481.442627 0.000000 0.428717 0.000000 0.903439 0.656643 0.656643 0.656643
6598.936035 0.000000 3449.122803 0.000000 0.008556 0.000000 0.999963 0.403785 0.403785 0.403785
6600.396484 0.000000 3484.327637 0.000000 0.512233 0.000000 0.858847 0.574872 0.574872 0.574872
6603.238281 0.000000 3451.687988 0.000000 0.097440 0.000000 0.995241 0.601231 0.601231 0.601231
6599.659180 0.000000 3450.280762 0.000000 0.173153 0.000000 0.984895 0.639342 0.639342 0.639342
6454.203613 0.000000 3598.846191 0.000000 0.155662 0.000000 0.987810 0.454004 0.454004 0.454004
6459.628418 0.000000 3602.191162 0.000000 0.476979 0.000000 0.878915 0.577248 0.577248 0.577248
6460.439453 0.000000 3607.568604 0.000000 0.288925 0.000000 0.957352 0.650095 0.650095 0.650095
6626.015137 0.000000 3522.526855 0.000000 0.195182 0.000000 0.980767 0.382021 0.382021 0.382021
6585.678223 0.000000 3573.637207 0.000000 0.288513 0.000000 0.957476 0.393846 0.393846 0.393846
6632.199219 0.000000 3589.361572 0.000000 0.202539 0.000000 0.979274 0.397914 0.397914 0.397914
6595.049316 0.000000 3570.786377 0.000000 0.073039 0.000000 0.997329 0.450641 0.450641 0.450641
6636.222168 0.000000 3591.901367 0.000000 0.454736 0.000000 0.890626 0.521281 0.521281 0.521281
6772.706543 0.000000 3275.924805 0.000000 0.159162 0.000000 0.987253 0.384720 0.384720 0.384720
6774.238281 0.000000 3275.971436 0.000000 0.341617 0.000000 0.939839 0.470248 0.470248 0.470248
6791.784180 0.000000 3272.925781 0.000000 0.340525 0.000000 0.940236 0.428973 0.428973 0.428973
6797.130371 0.000000 3261.785645 0.000000 0.581159 0.000000 0.813790 0.512185 0.512185 0.512185
6794.690430 0.000000 3265.971191 0.000000 0.249114 0.000000 0.968474 0.549156 0.549156 0.549156
6786.728516 0.000000 3276.115479 0.000000 0.446798 0.000000 0.894635 0.546050 0.546050 0.546050
6659.385254 0.000000 3596.950195 0.000000 0.042658 0.000000 0.999090 0.390149 0.390149 0.390149
6666.112793 0.000000 3595.672363 0.000000 0.558488 0.000000 0.829513 0.615832 0.615832 0.615832
6660.465332 0.000000 3597.305176 0.000000 0.335592 0.000000 0.942007 0.591915 0.591915 0.591915
6666.277832 0.000000 3594.567383 0.000000 0.141341 0.000000 0.989961 0.600992 0.600992 0.600992
"}
object={
	name="pine_sparse_generator_3_1"
	clamp_to_water_level=no
	render_under_water=no
	generated_content=yes
	layer="semidynamic_high"
	pdxmesh="tree_fir_002_mesh"
	count=1949
	transform="1273.129395 0.000000 2524.131104 0.000000 0.732827 0.000000 0.680415 0.414758 0.414758 0.414758
1275.628662 0.000000 2528.988037 0.000000 0.622847 0.000000 0.782343 0.489650 0.489650 0.489650
1272.310913 0.000000 2529.964600 0.000000 0.933561 0.000000 0.358419 0.539112 0.539112 0.539112
1273.305298 0.000000 2536.509277 0.000000 0.621049 0.000000 0.783772 0.542471 0.542471 0.542471
1273.960571 0.000000 2531.540283 0.000000 0.829711 0.000000 0.558194 0.585826 0.585826 0.585826
1279.927368 0.000000 2556.542236 0.000000 0.878747 0.000000 0.477287 0.581053 0.581053 0.581053
1273.471191 0.000000 2558.136230 0.000000 0.713950 0.000000 0.700197 0.551203 0.551203 0.551203
1279.384277 0.000000 2557.561035 0.000000 0.645960 0.000000 0.763371 0.570581 0.570581 0.570581
1277.255859 0.000000 2562.886719 0.000000 0.687592 0.000000 0.726097 0.586745 0.586745 0.586745
1277.764771 0.000000 2579.452881 0.000000 0.901812 0.000000 0.432129 0.578712 0.578712 0.578712
1271.814453 0.000000 2558.508789 0.000000 0.874121 0.000000 0.485709 0.678684 0.678684 0.678684
1277.252319 0.000000 2608.707520 0.000000 0.792477 0.000000 0.609901 0.403046 0.403046 0.403046
1279.116089 0.000000 2618.031006 0.000000 0.917866 0.000000 0.396890 0.484897 0.484897 0.484897
1278.358276 0.000000 2605.153076 0.000000 0.940725 0.000000 0.339170 0.685275 0.685275 0.685275
1265.743164 0.000000 2694.411377 0.000000 0.746401 0.000000 0.665497 0.539539 0.539539 0.539539
1270.683350 0.000000 2685.327393 0.000000 0.886505 0.000000 0.462719 0.492884 0.492884 0.492884
1264.161255 0.000000 2694.114746 0.000000 0.939152 0.000000 0.343501 0.549029 0.549029 0.549029
1280.927002 0.000000 2539.006104 0.000000 0.808455 0.000000 0.588558 0.530851 0.530851 0.530851
1281.280029 0.000000 2575.646240 0.000000 0.808614 0.000000 0.588339 0.575487 0.575487 0.575487
1283.094727 0.000000 2596.581055 0.000000 0.658238 0.000000 0.752810 0.494306 0.494306 0.494306
1300.561035 0.000000 2592.562256 0.000000 0.651991 0.000000 0.758227 0.541682 0.541682 0.541682
1280.743896 0.000000 2592.717529 0.000000 0.793127 0.000000 0.609056 0.574761 0.574761 0.574761
1281.671143 0.000000 2591.717529 0.000000 0.883327 0.000000 0.468757 0.681115 0.681115 0.681115
1284.652344 0.000000 2579.072021 0.000000 0.881692 0.000000 0.471825 0.601878 0.601878 0.601878
1531.012207 0.000000 2533.739258 0.000000 0.801614 0.000000 0.597842 0.673123 0.673123 0.673123
1522.986694 0.000000 2530.505127 0.000000 0.765743 0.000000 0.643147 0.582751 0.582751 0.582751
1535.374634 0.000000 2581.892334 0.000000 0.842580 0.000000 0.538571 0.402444 0.402444 0.402444
1520.891357 0.000000 2570.170898 0.000000 0.762806 0.000000 0.646627 0.432306 0.432306 0.432306
1509.604126 0.000000 2564.380859 0.000000 0.939942 0.000000 0.341334 0.484193 0.484193 0.484193
1534.871094 0.000000 2585.307373 0.000000 0.856193 0.000000 0.516657 0.470867 0.470867 0.470867
1532.926270 0.000000 2545.639893 0.000000 0.930895 0.000000 0.365286 0.599722 0.599722 0.599722
1533.818970 0.000000 2543.162109 0.000000 0.794369 0.000000 0.607435 0.672334 0.672334 0.672334
1524.696045 0.000000 2577.900635 0.000000 0.844943 0.000000 0.534857 0.532422 0.532422 0.532422
1519.984985 0.000000 2575.377197 0.000000 0.732783 0.000000 0.680463 0.559276 0.559276 0.559276
1511.854004 0.000000 2552.845459 0.000000 0.716925 0.000000 0.697151 0.658997 0.658997 0.658997
1511.998413 0.000000 2565.222656 0.000000 0.717072 0.000000 0.696999 0.586142 0.586142 0.586142
1290.704590 0.000000 2621.023682 0.000000 0.939126 0.000000 0.343573 0.419064 0.419064 0.419064
1281.598267 0.000000 2601.846924 0.000000 0.673749 0.000000 0.738960 0.485557 0.485557 0.485557
1308.436646 0.000000 2614.884033 0.000000 0.904562 0.000000 0.426342 0.529742 0.529742 0.529742
1286.510254 0.000000 2614.881592 0.000000 0.833649 0.000000 0.552294 0.524437 0.524437 0.524437
1298.134155 0.000000 2654.681396 0.000000 0.942816 0.000000 0.333314 0.572174 0.572174 0.572174
1285.933716 0.000000 2639.117920 0.000000 0.832227 0.000000 0.554436 0.676481 0.676481 0.676481
1305.831665 0.000000 2605.424805 0.000000 0.616737 0.000000 0.787169 0.553217 0.553217 0.553217
1306.768433 0.000000 2613.213623 0.000000 0.789015 0.000000 0.614373 0.604138 0.604138 0.604138
1322.742554 0.000000 2622.470947 0.000000 0.931143 0.000000 0.364653 0.650892 0.650892 0.650892
1305.549683 0.000000 2653.168213 0.000000 0.854044 0.000000 0.520200 0.544091 0.544091 0.544091
1299.400757 0.000000 2654.254395 0.000000 0.730597 0.000000 0.682809 0.561027 0.561027 0.561027
1281.144165 0.000000 2623.735596 0.000000 0.891775 0.000000 0.452479 0.647581 0.647581 0.647581
1282.422119 0.000000 2637.279541 0.000000 0.932878 0.000000 0.360193 0.668084 0.668084 0.668084
1285.937500 0.000000 2598.781250 0.000000 0.672436 0.000000 0.740155 0.667234 0.667234 0.667234
1284.471191 0.000000 2601.925293 0.000000 0.842518 0.000000 0.538668 0.675147 0.675147 0.675147
1308.514282 0.000000 2612.078125 0.000000 0.915083 0.000000 0.403266 0.683280 0.683280 0.683280
1360.905273 0.000000 2652.180664 0.000000 0.731987 0.000000 0.681319 0.414739 0.414739 0.414739
1294.979858 0.000000 2679.605713 0.000000 0.687221 0.000000 0.726449 0.388794 0.388794 0.388794
1316.550415 0.000000 2685.559570 0.000000 0.706114 0.000000 0.708098 0.393648 0.393648 0.393648
1290.583740 0.000000 2680.989746 0.000000 0.853272 0.000000 0.521466 0.472643 0.472643 0.472643
1294.213379 0.000000 2656.470459 0.000000 0.675519 0.000000 0.737342 0.465330 0.465330 0.465330
1314.937866 0.000000 2685.270752 0.000000 0.822806 0.000000 0.568322 0.497796 0.497796 0.497796
1282.009399 0.000000 2675.814453 0.000000 0.902972 0.000000 0.429699 0.510717 0.510717 0.510717
1285.529175 0.000000 2658.255615 0.000000 0.908513 0.000000 0.417856 0.682597 0.682597 0.682597
1288.415649 0.000000 2681.837891 0.000000 0.624808 0.000000 0.780779 0.584281 0.584281 0.584281
1284.471191 0.000000 2658.409668 0.000000 0.883232 0.000000 0.468936 0.680296 0.680296 0.680296
1385.129028 0.000000 2675.631348 0.000000 0.926206 0.000000 0.377017 0.394595 0.394595 0.394595
1369.034546 0.000000 2686.712158 0.000000 0.936269 0.000000 0.351283 0.430430 0.430430 0.430430
1368.874268 0.000000 2672.780762 0.000000 0.934502 0.000000 0.355958 0.476241 0.476241 0.476241
1371.236938 0.000000 2672.252441 0.000000 0.612025 0.000000 0.790838 0.483871 0.483871 0.483871
1368.864502 0.000000 2681.319580 0.000000 0.889061 0.000000 0.457789 0.587318 0.587318 0.587318
1394.121826 0.000000 2671.818604 0.000000 0.794149 0.000000 0.607723 0.593310 0.593310 0.593310
1359.808838 0.000000 2698.937012 0.000000 0.779702 0.000000 0.626151 0.609202 0.609202 0.609202
1358.090942 0.000000 2698.799561 0.000000 0.881113 0.000000 0.472906 0.614965 0.614965 0.614965
1499.698975 0.000000 2644.780518 0.000000 0.850591 0.000000 0.525828 0.392314 0.392314 0.392314
1523.318481 0.000000 2631.922607 0.000000 0.897369 0.000000 0.441280 0.413606 0.413606 0.413606
1521.324829 0.000000 2633.878418 0.000000 0.668892 0.000000 0.743360 0.420774 0.420774 0.420774
1484.970947 0.000000 2645.267090 0.000000 0.870634 0.000000 0.491932 0.424109 0.424109 0.424109
1481.264038 0.000000 2642.874512 0.000000 0.828366 0.000000 0.560187 0.617337 0.617337 0.617337
1498.914429 0.000000 2649.985107 0.000000 0.839074 0.000000 0.544018 0.576996 0.576996 0.576996
1502.985596 0.000000 2647.325195 0.000000 0.623384 0.000000 0.781916 0.522533 0.522533 0.522533
1496.413208 0.000000 2651.699463 0.000000 0.877028 0.000000 0.480439 0.618441 0.618441 0.618441
1498.378296 0.000000 2648.955078 0.000000 0.928155 0.000000 0.372194 0.582436 0.582436 0.582436
1481.063110 0.000000 2640.261230 0.000000 0.948265 0.000000 0.317479 0.549722 0.549722 0.549722
1427.894409 0.000000 2662.537354 0.000000 0.755371 0.000000 0.655297 0.390930 0.390930 0.390930
1413.141602 0.000000 2680.271973 0.000000 0.754594 0.000000 0.656191 0.390065 0.390065 0.390065
1455.645996 0.000000 2662.463623 0.000000 0.853879 0.000000 0.520472 0.395177 0.395177 0.395177
1416.859375 0.000000 2692.252686 0.000000 0.921528 0.000000 0.388313 0.420229 0.420229 0.420229
1420.920044 0.000000 2704.801270 0.000000 0.913607 0.000000 0.406597 0.438990 0.438990 0.438990
1432.512573 0.000000 2662.498535 0.000000 0.697926 0.000000 0.716170 0.430708 0.430708 0.430708
1415.661987 0.000000 2691.490967 0.000000 0.783211 0.000000 0.621756 0.605692 0.605692 0.605692
1438.521851 0.000000 2688.211426 0.000000 0.931017 0.000000 0.364976 0.535135 0.535135 0.535135
1412.652344 0.000000 2692.040771 0.000000 0.846426 0.000000 0.532507 0.592307 0.592307 0.592307
1723.003418 0.000000 2418.353516 0.000000 0.888813 0.000000 0.458271 0.399996 0.399996 0.399996
1721.007446 0.000000 2418.004395 0.000000 0.840266 0.000000 0.542174 0.419391 0.419391 0.419391
1722.590454 0.000000 2414.898193 0.000000 0.924508 0.000000 0.381162 0.498574 0.498574 0.498574
1726.148071 0.000000 2417.298584 0.000000 0.944469 0.000000 0.328602 0.549426 0.549426 0.549426
1725.398438 0.000000 2415.156738 0.000000 0.792801 0.000000 0.609480 0.574746 0.574746 0.574746
1729.498779 0.000000 2400.320557 0.000000 0.870469 0.000000 0.492223 0.543027 0.543027 0.543027
1734.969849 0.000000 2404.667969 0.000000 0.941910 0.000000 0.335866 0.554952 0.554952 0.554952
1713.424561 0.000000 2467.244629 0.000000 0.645564 0.000000 0.763706 0.394328 0.394328 0.394328
1713.135254 0.000000 2455.665039 0.000000 0.938573 0.000000 0.345080 0.474556 0.474556 0.474556
1727.423340 0.000000 2432.303467 0.000000 0.600608 0.000000 0.799544 0.552673 0.552673 0.552673
1724.926270 0.000000 2432.671143 0.000000 0.871664 0.000000 0.490105 0.543087 0.543087 0.543087
1713.244507 0.000000 2465.880371 0.000000 0.769457 0.000000 0.638699 0.484735 0.484735 0.484735
1725.505859 0.000000 2436.904541 0.000000 0.923775 0.000000 0.382936 0.684857 0.684857 0.684857
1727.474976 0.000000 2433.595459 0.000000 0.819023 0.000000 0.573761 0.561109 0.561109 0.561109
1723.028198 0.000000 2434.231934 0.000000 0.658751 0.000000 0.752361 0.607341 0.607341 0.607341
1722.104004 0.000000 2440.882324 0.000000 0.893002 0.000000 0.450052 0.619529 0.619529 0.619529
1536.850586 0.000000 2582.361572 0.000000 0.878872 0.000000 0.477058 0.431971 0.431971 0.431971
1545.022705 0.000000 2584.864014 0.000000 0.806393 0.000000 0.591380 0.638280 0.638280 0.638280
1536.369019 0.000000 2581.323975 0.000000 0.802845 0.000000 0.596188 0.597442 0.597442 0.597442
1538.422119 0.000000 2580.795166 0.000000 0.838332 0.000000 0.545160 0.616052 0.616052 0.616052
1540.485718 0.000000 2589.147217 0.000000 0.913931 0.000000 0.405869 0.682398 0.682398 0.682398
1541.164062 0.000000 2587.224121 0.000000 0.906290 0.000000 0.422656 0.680554 0.680554 0.680554
1715.863525 0.000000 2509.685303 0.000000 0.638052 0.000000 0.769993 0.388372 0.388372 0.388372
1710.671509 0.000000 2531.767090 0.000000 0.639502 0.000000 0.768789 0.388646 0.388646 0.388646
1712.395630 0.000000 2517.643555 0.000000 0.758136 0.000000 0.652097 0.443392 0.443392 0.443392
1711.391968 0.000000 2506.592773 0.000000 0.598377 0.000000 0.801215 0.441378 0.441378 0.441378
1713.244507 0.000000 2522.364746 0.000000 0.914967 0.000000 0.403529 0.482849 0.482849 0.482849
1710.744263 0.000000 2510.966064 0.000000 0.864081 0.000000 0.503352 0.484373 0.484373 0.484373
1710.371460 0.000000 2509.937256 0.000000 0.639299 0.000000 0.768959 0.573963 0.573963 0.573963
1704.688843 0.000000 2566.197266 0.000000 0.782221 0.000000 0.623001 0.404679 0.404679 0.404679
1693.684814 0.000000 2576.551514 0.000000 0.730014 0.000000 0.683432 0.485358 0.485358 0.485358
1677.796753 0.000000 2580.809814 0.000000 0.626150 0.000000 0.779702 0.515324 0.515324 0.515324
1681.206543 0.000000 2579.128174 0.000000 0.701420 0.000000 0.712748 0.556233 0.556233 0.556233
1706.742554 0.000000 2565.986572 0.000000 0.746478 0.000000 0.665410 0.545077 0.545077 0.545077
1707.729126 0.000000 2562.852295 0.000000 0.941568 0.000000 0.336824 0.604425 0.604425 0.604425
1563.673218 0.000000 2651.054688 0.000000 0.946949 0.000000 0.321384 0.405986 0.405986 0.405986
1542.935791 0.000000 2601.857178 0.000000 0.937774 0.000000 0.347246 0.419004 0.419004 0.419004
1542.753418 0.000000 2603.446045 0.000000 0.642870 0.000000 0.765976 0.524964 0.524964 0.524964
1619.343506 0.000000 2649.882324 0.000000 0.945014 0.000000 0.327029 0.438521 0.438521 0.438521
1635.506348 0.000000 2630.151367 0.000000 0.682855 0.000000 0.730554 0.459981 0.459981 0.459981
1563.443970 0.000000 2687.030518 0.000000 0.621122 0.000000 0.783714 0.397576 0.397576 0.397576
1598.383179 0.000000 2675.932129 0.000000 0.789017 0.000000 0.614372 0.446122 0.446122 0.446122
1602.500488 0.000000 2674.509766 0.000000 0.793840 0.000000 0.608127 0.391579 0.391579 0.391579
1606.912720 0.000000 2654.767334 0.000000 0.908220 0.000000 0.418494 0.413992 0.413992 0.413992
1600.233887 0.000000 2668.208984 0.000000 0.600644 0.000000 0.799517 0.443266 0.443266 0.443266
1600.361694 0.000000 2676.401611 0.000000 0.862627 0.000000 0.505841 0.563268 0.563268 0.563268
1970.750244 0.000000 2808.287598 0.000000 0.809639 0.000000 0.586929 0.407238 0.407238 0.407238
1974.362793 0.000000 2801.376221 0.000000 0.930260 0.000000 0.366901 0.453098 0.453098 0.453098
1976.008301 0.000000 2809.983643 0.000000 0.785214 0.000000 0.619225 0.524346 0.524346 0.524346
2017.062500 0.000000 2819.808350 0.000000 0.840092 0.000000 0.542444 0.392156 0.392156 0.392156
1986.575806 0.000000 2808.861328 0.000000 0.603389 0.000000 0.797447 0.387279 0.387279 0.387279
1989.729492 0.000000 2809.763184 0.000000 0.854866 0.000000 0.518849 0.395204 0.395204 0.395204
2024.198975 0.000000 2798.580322 0.000000 0.808769 0.000000 0.588127 0.401564 0.401564 0.401564
2019.619507 0.000000 2809.641357 0.000000 0.934471 0.000000 0.356038 0.424603 0.424603 0.424603
2018.559692 0.000000 2800.939941 0.000000 0.905422 0.000000 0.424513 0.438657 0.438657 0.438657
2165.789307 0.000000 2246.334473 0.000000 0.776807 0.000000 0.629739 0.397037 0.397037 0.397037
2172.104248 0.000000 2256.544434 0.000000 0.605358 0.000000 0.795953 0.441533 0.441533 0.441533
2204.380127 0.000000 2257.740967 0.000000 0.860499 0.000000 0.509453 0.392660 0.392660 0.392660
2233.129395 0.000000 2241.709229 0.000000 0.636221 0.000000 0.771507 0.403421 0.403421 0.403421
2187.147217 0.000000 2241.056152 0.000000 0.624373 0.000000 0.781126 0.462191 0.462191 0.462191
2189.796875 0.000000 2241.903564 0.000000 0.900035 0.000000 0.435819 0.572939 0.572939 0.572939
2171.955078 0.000000 2290.430176 0.000000 0.601676 0.000000 0.798740 0.450634 0.450634 0.450634
2164.968506 0.000000 2291.122559 0.000000 0.743721 0.000000 0.668490 0.509870 0.509870 0.509870
2167.669922 0.000000 2293.039551 0.000000 0.600130 0.000000 0.799903 0.563508 0.563508 0.563508
2170.082764 0.000000 2320.083740 0.000000 0.802995 0.000000 0.595985 0.440902 0.440902 0.440902
2220.128174 0.000000 2286.816406 0.000000 0.755267 0.000000 0.655417 0.390222 0.390222 0.390222
2209.049316 0.000000 2260.625244 0.000000 0.845857 0.000000 0.533410 0.413884 0.413884 0.413884
2213.372314 0.000000 2263.439453 0.000000 0.784800 0.000000 0.619749 0.440384 0.440384 0.440384
2210.886719 0.000000 2302.048096 0.000000 0.631128 0.000000 0.775678 0.588138 0.588138 0.588138
2243.452637 0.000000 2299.347412 0.000000 0.753738 0.000000 0.657176 0.467498 0.467498 0.467498
2253.796875 0.000000 2298.387939 0.000000 0.937453 0.000000 0.348111 0.510778 0.510778 0.510778
2284.614990 0.000000 2308.631592 0.000000 0.882618 0.000000 0.470091 0.521036 0.521036 0.521036
2285.871094 0.000000 2309.258301 0.000000 0.865449 0.000000 0.500996 0.520218 0.520218 0.520218
2283.627197 0.000000 2310.558594 0.000000 0.941306 0.000000 0.337554 0.541561 0.541561 0.541561
2226.709717 0.000000 2329.949219 0.000000 0.893748 0.000000 0.448570 0.409675 0.409675 0.409675
2230.395020 0.000000 2325.922607 0.000000 0.801690 0.000000 0.597740 0.506350 0.506350 0.506350
2232.214111 0.000000 2327.386475 0.000000 0.852063 0.000000 0.523439 0.650361 0.650361 0.650361
2219.242188 0.000000 2332.915771 0.000000 0.754151 0.000000 0.656702 0.668261 0.668261 0.668261
2234.012207 0.000000 2326.189209 0.000000 0.819712 0.000000 0.572776 0.563002 0.563002 0.563002
2233.036621 0.000000 2329.385742 0.000000 0.800105 0.000000 0.599860 0.671331 0.671331 0.671331
2232.537109 0.000000 2326.301514 0.000000 0.868260 0.000000 0.496110 0.651471 0.651471 0.651471
2282.219238 0.000000 2362.073975 0.000000 0.741877 0.000000 0.670535 0.401878 0.401878 0.401878
2264.631836 0.000000 2326.472168 0.000000 0.774795 0.000000 0.632213 0.497939 0.497939 0.497939
2282.351562 0.000000 2364.947754 0.000000 0.825638 0.000000 0.564201 0.591193 0.591193 0.591193
2297.672119 0.000000 2370.730713 0.000000 0.858606 0.000000 0.512636 0.501101 0.501101 0.501101
2257.255371 0.000000 2326.147705 0.000000 0.831099 0.000000 0.556124 0.531808 0.531808 0.531808
2291.214111 0.000000 2418.601074 0.000000 0.913641 0.000000 0.406522 0.394461 0.394461 0.394461
2268.928223 0.000000 2390.223877 0.000000 0.731185 0.000000 0.682179 0.389542 0.389542 0.389542
2334.288086 0.000000 2426.806152 0.000000 0.756326 0.000000 0.654195 0.407821 0.407821 0.407821
2313.795410 0.000000 2428.852539 0.000000 0.747594 0.000000 0.664156 0.389917 0.389917 0.389917
2332.944580 0.000000 2464.695557 0.000000 0.887208 0.000000 0.461371 0.393320 0.393320 0.393320
2315.761963 0.000000 2453.237793 0.000000 0.775965 0.000000 0.630776 0.458832 0.458832 0.458832
2353.244385 0.000000 2465.880371 0.000000 0.754940 0.000000 0.655794 0.476837 0.476837 0.476837
2335.081787 0.000000 2464.975830 0.000000 0.607245 0.000000 0.794515 0.520221 0.520221 0.520221
2384.716797 0.000000 2460.926025 0.000000 0.607462 0.000000 0.794349 0.387442 0.387442 0.387442
2372.220459 0.000000 2446.182861 0.000000 0.767656 0.000000 0.640862 0.562543 0.562543 0.562543
2403.590576 0.000000 2474.716309 0.000000 0.666466 0.000000 0.745536 0.518394 0.518394 0.518394
2401.586182 0.000000 2475.948242 0.000000 0.867904 0.000000 0.496732 0.636524 0.636524 0.636524
2167.405518 0.000000 2746.103027 0.000000 0.863823 0.000000 0.503795 0.397350 0.397350 0.397350
2170.406006 0.000000 2750.330322 0.000000 0.809807 0.000000 0.586696 0.510389 0.510389 0.510389
2173.190430 0.000000 2823.156494 0.000000 0.882350 0.000000 0.470594 0.553058 0.553058 0.553058
2214.346680 0.000000 2765.507568 0.000000 0.605477 0.000000 0.795863 0.387637 0.387637 0.387637
2178.575684 0.000000 2752.376953 0.000000 0.750580 0.000000 0.660779 0.389908 0.389908 0.389908
2201.598145 0.000000 2734.881592 0.000000 0.910558 0.000000 0.413381 0.406444 0.406444 0.406444
2194.634521 0.000000 2756.518555 0.000000 0.906429 0.000000 0.422358 0.453923 0.453923 0.453923
2216.727783 0.000000 2754.063721 0.000000 0.732886 0.000000 0.680351 0.461323 0.461323 0.461323
2196.708740 0.000000 2754.815430 0.000000 0.882819 0.000000 0.469713 0.654394 0.654394 0.654394
2186.112793 0.000000 2748.406738 0.000000 0.860594 0.000000 0.509292 0.678241 0.678241 0.678241
2181.044922 0.000000 2742.126709 0.000000 0.679188 0.000000 0.733964 0.540786 0.540786 0.540786
2238.710693 0.000000 2749.476318 0.000000 0.796215 0.000000 0.605013 0.621114 0.621114 0.621114
2209.533203 0.000000 2737.309326 0.000000 0.915820 0.000000 0.401589 0.568293 0.568293 0.568293
2183.240967 0.000000 2745.779541 0.000000 0.881567 0.000000 0.472059 0.564304 0.564304 0.564304
2215.421143 0.000000 2742.753662 0.000000 0.881910 0.000000 0.471418 0.680869 0.680869 0.680869
2217.240234 0.000000 2741.766602 0.000000 0.897251 0.000000 0.441521 0.680900 0.680900 0.680900
2247.784180 0.000000 2764.566406 0.000000 0.916378 0.000000 0.400313 0.435292 0.435292 0.435292
2244.140625 0.000000 2752.817871 0.000000 0.856046 0.000000 0.516900 0.450107 0.450107 0.450107
2253.130371 0.000000 2753.426270 0.000000 0.650169 0.000000 0.759789 0.641256 0.641256 0.641256
2254.943359 0.000000 2751.844482 0.000000 0.615720 0.000000 0.787965 0.507720 0.507720 0.507720
2258.134277 0.000000 2767.650146 0.000000 0.946159 0.000000 0.323703 0.644790 0.644790 0.644790
2244.693359 0.000000 2743.890381 0.000000 0.606658 0.000000 0.794963 0.501989 0.501989 0.501989
2246.969727 0.000000 2743.574219 0.000000 0.593041 0.000000 0.805172 0.661398 0.661398 0.661398
2248.362793 0.000000 2767.034912 0.000000 0.875384 0.000000 0.483428 0.593984 0.593984 0.593984
2247.570557 0.000000 2754.345947 0.000000 0.613218 0.000000 0.789914 0.603671 0.603671 0.603671
2248.698486 0.000000 2742.714844 0.000000 0.947166 0.000000 0.320745 0.685849 0.685849 0.685849
2249.796387 0.000000 2743.744141 0.000000 0.787246 0.000000 0.616640 0.671202 0.671202 0.671202
2248.403320 0.000000 2761.997559 0.000000 0.904277 0.000000 0.426946 0.682308 0.682308 0.682308
2245.164062 0.000000 2756.677246 0.000000 0.830331 0.000000 0.557271 0.675363 0.675363 0.675363
2250.928955 0.000000 2750.403076 0.000000 0.726660 0.000000 0.686998 0.579220 0.579220 0.579220
2180.755371 0.000000 2795.606934 0.000000 0.611019 0.000000 0.791616 0.387959 0.387959 0.387959
2177.654297 0.000000 2782.092529 0.000000 0.885277 0.000000 0.465064 0.405593 0.405593 0.405593
2233.360596 0.000000 2778.990967 0.000000 0.746595 0.000000 0.665279 0.411339 0.411339 0.411339
2232.708984 0.000000 2788.177979 0.000000 0.943760 0.000000 0.330630 0.434623 0.434623 0.434623
2184.564453 0.000000 2819.465332 0.000000 0.896716 0.000000 0.442605 0.434514 0.434514 0.434514
2191.104980 0.000000 2770.636963 0.000000 0.689798 0.000000 0.724002 0.476791 0.476791 0.476791
2198.249023 0.000000 2824.101562 0.000000 0.781535 0.000000 0.623861 0.470205 0.470205 0.470205
2181.529297 0.000000 2771.224365 0.000000 0.915401 0.000000 0.402543 0.534156 0.534156 0.534156
2183.959473 0.000000 2816.993164 0.000000 0.941653 0.000000 0.336585 0.533956 0.533956 0.533956
2221.442383 0.000000 2779.497314 0.000000 0.832143 0.000000 0.554562 0.676064 0.676064 0.676064
2225.437988 0.000000 2783.909180 0.000000 0.795411 0.000000 0.606070 0.630288 0.630288 0.630288
2237.902344 0.000000 2790.584717 0.000000 0.825823 0.000000 0.563930 0.613483 0.613483 0.613483
2220.757568 0.000000 2777.515137 0.000000 0.914999 0.000000 0.403455 0.682654 0.682654 0.682654
2270.652344 0.000000 2779.819824 0.000000 0.908177 0.000000 0.418587 0.427336 0.427336 0.427336
2243.498047 0.000000 2768.491943 0.000000 0.946101 0.000000 0.323873 0.448166 0.448166 0.448166
2268.436768 0.000000 2784.337158 0.000000 0.784951 0.000000 0.619557 0.548465 0.548465 0.548465
2271.902832 0.000000 2783.018066 0.000000 0.785754 0.000000 0.618539 0.507629 0.507629 0.507629
2254.622803 0.000000 2772.445801 0.000000 0.941113 0.000000 0.338092 0.564418 0.564418 0.564418
2245.529297 0.000000 2771.224365 0.000000 0.896025 0.000000 0.444004 0.500899 0.500899 0.500899
2262.163330 0.000000 2770.699707 0.000000 0.738167 0.000000 0.674618 0.665589 0.665589 0.665589
2254.511963 0.000000 2778.368896 0.000000 0.939420 0.000000 0.342767 0.619435 0.619435 0.619435
2264.312988 0.000000 2771.163330 0.000000 0.897985 0.000000 0.440025 0.580352 0.580352 0.580352
2256.913574 0.000000 2771.517334 0.000000 0.660780 0.000000 0.750580 0.647156 0.647156 0.647156
2248.071045 0.000000 2771.527100 0.000000 0.913908 0.000000 0.405922 0.535964 0.535964 0.535964
2250.015381 0.000000 2777.936768 0.000000 0.937679 0.000000 0.347504 0.624971 0.624971 0.624971
2257.250244 0.000000 2780.415283 0.000000 0.949886 0.000000 0.312597 0.588031 0.588031 0.588031
2250.814941 0.000000 2777.097656 0.000000 0.870935 0.000000 0.491398 0.619914 0.619914 0.619914
2263.759033 0.000000 2776.153320 0.000000 0.900315 0.000000 0.435240 0.593696 0.593696 0.593696
2145.519287 0.000000 2832.079834 0.000000 0.886718 0.000000 0.462311 0.453122 0.453122 0.453122
2161.824707 0.000000 2834.704102 0.000000 0.734178 0.000000 0.678958 0.479923 0.479923 0.479923
2164.156006 0.000000 2842.586914 0.000000 0.595820 0.000000 0.803118 0.488923 0.488923 0.488923
2160.351074 0.000000 2833.127686 0.000000 0.746024 0.000000 0.665919 0.485851 0.485851 0.485851
2163.583984 0.000000 2828.794678 0.000000 0.810312 0.000000 0.585999 0.523470 0.523470 0.523470
2172.552002 0.000000 2825.528076 0.000000 0.892620 0.000000 0.450810 0.634518 0.634518 0.634518
2162.833740 0.000000 2832.799072 0.000000 0.681065 0.000000 0.732223 0.517025 0.517025 0.517025
2163.945068 0.000000 2831.055420 0.000000 0.745130 0.000000 0.666919 0.596528 0.596528 0.596528
2168.633789 0.000000 2839.615967 0.000000 0.695296 0.000000 0.718724 0.625267 0.625267 0.625267
2181.529297 0.000000 2827.708740 0.000000 0.878474 0.000000 0.477791 0.511404 0.511404 0.511404
2188.215576 0.000000 2835.075195 0.000000 0.625926 0.000000 0.779882 0.584324 0.584324 0.584324
2525.237549 0.000000 2801.256592 0.000000 0.882445 0.000000 0.470416 0.393569 0.393569 0.393569
2679.893311 0.000000 2924.208008 0.000000 0.653596 0.000000 0.756844 0.409327 0.409327 0.409327
2676.777832 0.000000 2913.651123 0.000000 0.792406 0.000000 0.609994 0.448093 0.448093 0.448093
2672.896973 0.000000 2928.313721 0.000000 0.815793 0.000000 0.578344 0.534885 0.534885 0.534885
2679.338623 0.000000 2913.227295 0.000000 0.834158 0.000000 0.551525 0.526330 0.526330 0.526330
2647.035400 0.000000 2947.624512 0.000000 0.744054 0.000000 0.668120 0.483934 0.483934 0.483934
4258.956543 0.000000 2619.511475 0.000000 0.906673 0.000000 0.421834 0.603560 0.603560 0.603560
4255.826172 0.000000 2706.341553 0.000000 0.894842 0.000000 0.446383 0.640312 0.640312 0.640312
4259.658203 0.000000 2695.321045 0.000000 0.661646 0.000000 0.749816 0.542010 0.542010 0.542010
4577.699219 0.000000 2555.227051 0.000000 0.909179 0.000000 0.416405 0.459750 0.459750 0.459750
4565.918945 0.000000 2553.304199 0.000000 0.750329 0.000000 0.661064 0.469259 0.469259 0.469259
4564.575195 0.000000 2560.301025 0.000000 0.754030 0.000000 0.656840 0.452606 0.452606 0.452606
4564.314941 0.000000 2568.702393 0.000000 0.617104 0.000000 0.786882 0.482175 0.482175 0.482175
4568.631836 0.000000 2552.409668 0.000000 0.703746 0.000000 0.710452 0.506714 0.506714 0.506714
4570.370605 0.000000 2564.386719 0.000000 0.601604 0.000000 0.798795 0.605008 0.605008 0.605008
4563.389160 0.000000 2554.379639 0.000000 0.820362 0.000000 0.571845 0.633548 0.633548 0.633548
4585.447266 0.000000 2558.702148 0.000000 0.911102 0.000000 0.412182 0.626514 0.626514 0.626514
4568.429199 0.000000 2565.730469 0.000000 0.841106 0.000000 0.540870 0.655204 0.655204 0.655204
4566.963379 0.000000 2564.269775 0.000000 0.788758 0.000000 0.614704 0.668507 0.668507 0.668507
4569.950684 0.000000 2543.777344 0.000000 0.851548 0.000000 0.524276 0.560822 0.560822 0.560822
4565.500000 0.000000 2571.980713 0.000000 0.836842 0.000000 0.547445 0.654926 0.654926 0.654926
4579.712891 0.000000 2558.577393 0.000000 0.809215 0.000000 0.587512 0.595913 0.595913 0.595913
4588.463379 0.000000 2556.420410 0.000000 0.888990 0.000000 0.457926 0.639877 0.639877 0.639877
4564.380859 0.000000 2563.600098 0.000000 0.932558 0.000000 0.361019 0.683540 0.683540 0.683540
4586.282715 0.000000 2555.302734 0.000000 0.941938 0.000000 0.335787 0.613965 0.613965 0.613965
4499.640625 0.000000 2623.593018 0.000000 0.645667 0.000000 0.763619 0.387939 0.387939 0.387939
4495.228516 0.000000 2625.293457 0.000000 0.849883 0.000000 0.526971 0.410216 0.410216 0.410216
4490.479980 0.000000 2626.430908 0.000000 0.648827 0.000000 0.760936 0.666753 0.666753 0.666753
4519.167969 0.000000 2703.235596 0.000000 0.843774 0.000000 0.536699 0.402476 0.402476 0.402476
4520.567383 0.000000 2689.448975 0.000000 0.852546 0.000000 0.522652 0.427319 0.427319 0.427319
4491.049316 0.000000 2704.646484 0.000000 0.915622 0.000000 0.402041 0.461944 0.461944 0.461944
4523.276855 0.000000 2700.252197 0.000000 0.765957 0.000000 0.642892 0.499497 0.499497 0.499497
4551.386719 0.000000 2699.981201 0.000000 0.656112 0.000000 0.754664 0.492410 0.492410 0.492410
4565.353516 0.000000 2690.655518 0.000000 0.775519 0.000000 0.631325 0.527689 0.527689 0.527689
4564.561035 0.000000 2705.531006 0.000000 0.787984 0.000000 0.615696 0.559714 0.559714 0.559714
4567.843750 0.000000 2693.105713 0.000000 0.927617 0.000000 0.373532 0.656233 0.656233 0.656233
4571.631348 0.000000 2710.615723 0.000000 0.947931 0.000000 0.318474 0.685556 0.685556 0.685556
4556.862793 0.000000 2699.427979 0.000000 0.727785 0.000000 0.685806 0.525947 0.525947 0.525947
4572.950195 0.000000 2702.630371 0.000000 0.810021 0.000000 0.586401 0.601512 0.601512 0.601512
4572.341797 0.000000 2704.429688 0.000000 0.881799 0.000000 0.471625 0.680216 0.680216 0.680216
4570.823242 0.000000 2704.485840 0.000000 0.678928 0.000000 0.734204 0.666860 0.666860 0.666860
4572.115234 0.000000 2708.593750 0.000000 0.639723 0.000000 0.768605 0.666372 0.666372 0.666372
4638.953613 0.000000 2598.049316 0.000000 0.880392 0.000000 0.474247 0.393413 0.393413 0.393413
4633.560059 0.000000 2584.970459 0.000000 0.904298 0.000000 0.426902 0.442419 0.442419 0.442419
4634.769531 0.000000 2590.470215 0.000000 0.734490 0.000000 0.678619 0.627134 0.627134 0.627134
4633.064941 0.000000 2592.435547 0.000000 0.799373 0.000000 0.600836 0.575051 0.575051 0.575051
4655.537109 0.000000 2625.409668 0.000000 0.871628 0.000000 0.490168 0.393068 0.393068 0.393068
4652.352051 0.000000 2615.542236 0.000000 0.778494 0.000000 0.627652 0.390649 0.390649 0.390649
4662.041992 0.000000 2598.323486 0.000000 0.617943 0.000000 0.786223 0.495002 0.495002 0.495002
4666.873047 0.000000 2614.030029 0.000000 0.805816 0.000000 0.592167 0.643779 0.643779 0.643779
4665.671875 0.000000 2653.152588 0.000000 0.670622 0.000000 0.741799 0.569685 0.569685 0.569685
4655.887207 0.000000 2648.071045 0.000000 0.668258 0.000000 0.743929 0.525777 0.525777 0.525777
4650.279785 0.000000 2643.137939 0.000000 0.751338 0.000000 0.659917 0.524939 0.524939 0.524939
4662.121094 0.000000 2647.322021 0.000000 0.664613 0.000000 0.747188 0.632907 0.632907 0.632907
4693.894043 0.000000 2651.555176 0.000000 0.899770 0.000000 0.436365 0.457444 0.457444 0.457444
4693.902344 0.000000 2643.767578 0.000000 0.782856 0.000000 0.622203 0.674122 0.674122 0.674122
4687.939941 0.000000 2652.979248 0.000000 0.665085 0.000000 0.746768 0.507353 0.507353 0.507353
4686.558105 0.000000 2651.154053 0.000000 0.650241 0.000000 0.759728 0.534327 0.534327 0.534327
4689.965332 0.000000 2638.906494 0.000000 0.865349 0.000000 0.501169 0.630756 0.630756 0.630756
4696.446289 0.000000 2641.620361 0.000000 0.895666 0.000000 0.444727 0.682120 0.682120 0.682120
4697.549805 0.000000 2653.168213 0.000000 0.837725 0.000000 0.546093 0.677941 0.677941 0.677941
4691.400879 0.000000 2654.254395 0.000000 0.930274 0.000000 0.366866 0.611048 0.611048 0.611048
4655.484375 0.000000 2674.224609 0.000000 0.832134 0.000000 0.554575 0.558000 0.558000 0.558000
4658.304199 0.000000 2681.153320 0.000000 0.749718 0.000000 0.661758 0.511927 0.511927 0.511927
4681.525391 0.000000 2676.813477 0.000000 0.776124 0.000000 0.630581 0.642101 0.642101 0.642101
4674.009277 0.000000 2675.814453 0.000000 0.610048 0.000000 0.792365 0.630484 0.630484 0.630484
4676.788086 0.000000 2677.266357 0.000000 0.836526 0.000000 0.547928 0.634514 0.634514 0.634514
4689.357910 0.000000 2688.181396 0.000000 0.641339 0.000000 0.767257 0.495658 0.495658 0.495658
4696.312988 0.000000 2658.194580 0.000000 0.928660 0.000000 0.370931 0.669557 0.669557 0.669557
4697.831543 0.000000 2661.909180 0.000000 0.649268 0.000000 0.760560 0.667077 0.667077 0.667077
4686.050293 0.000000 2686.918701 0.000000 0.913331 0.000000 0.407219 0.564343 0.564343 0.564343
4682.092773 0.000000 2674.552246 0.000000 0.878671 0.000000 0.477429 0.554739 0.554739 0.554739
4698.454102 0.000000 2655.779785 0.000000 0.744436 0.000000 0.667693 0.607495 0.607495 0.607495
4695.759277 0.000000 2663.184570 0.000000 0.787921 0.000000 0.615776 0.671945 0.671945 0.671945
4699.759277 0.000000 2657.487793 0.000000 0.930882 0.000000 0.365319 0.607307 0.607307 0.607307
4681.402832 0.000000 2675.403809 0.000000 0.833399 0.000000 0.552672 0.671351 0.671351 0.671351
4996.298828 0.000000 2597.695312 0.000000 0.689811 0.000000 0.723990 0.462011 0.462011 0.462011
5033.492676 0.000000 2592.280762 0.000000 0.808186 0.000000 0.588927 0.608820 0.608820 0.608820
4974.049316 0.000000 2636.194824 0.000000 0.827376 0.000000 0.561649 0.526041 0.526041 0.526041
4977.244629 0.000000 2635.333496 0.000000 0.854060 0.000000 0.520175 0.506551 0.506551 0.506551
4976.177246 0.000000 2636.323242 0.000000 0.886232 0.000000 0.463241 0.573979 0.573979 0.573979
4962.136719 0.000000 2626.405029 0.000000 0.889954 0.000000 0.456050 0.591136 0.591136 0.591136
4959.795898 0.000000 2626.195557 0.000000 0.891150 0.000000 0.453709 0.681895 0.681895 0.681895
4963.876465 0.000000 2626.787354 0.000000 0.873062 0.000000 0.487608 0.590095 0.590095 0.590095
5036.062988 0.000000 2607.270264 0.000000 0.898173 0.000000 0.439643 0.394113 0.394113 0.394113
5013.272461 0.000000 2606.650879 0.000000 0.781818 0.000000 0.623507 0.470214 0.470214 0.470214
5006.623047 0.000000 2602.992676 0.000000 0.931596 0.000000 0.363496 0.493257 0.493257 0.493257
5062.753418 0.000000 2603.446045 0.000000 0.792811 0.000000 0.609467 0.491106 0.491106 0.491106
5958.510254 0.000000 2163.006592 0.000000 0.883140 0.000000 0.469109 0.521061 0.521061 0.521061
6015.374512 0.000000 2242.986084 0.000000 0.944395 0.000000 0.328813 0.409711 0.409711 0.409711
6022.057129 0.000000 2247.828369 0.000000 0.703991 0.000000 0.710209 0.389274 0.389274 0.389274
6062.782227 0.000000 2244.954834 0.000000 0.718600 0.000000 0.695423 0.390164 0.390164 0.390164
6016.712402 0.000000 2221.111572 0.000000 0.848625 0.000000 0.528995 0.406395 0.406395 0.406395
6063.250488 0.000000 2231.871582 0.000000 0.848698 0.000000 0.528878 0.427200 0.427200 0.427200
6053.817871 0.000000 2236.457520 0.000000 0.619172 0.000000 0.785256 0.441843 0.441843 0.441843
6055.743652 0.000000 2238.631104 0.000000 0.815058 0.000000 0.579379 0.490022 0.490022 0.490022
6025.264160 0.000000 2247.483887 0.000000 0.796364 0.000000 0.604818 0.515470 0.515470 0.515470
6046.022949 0.000000 2246.303467 0.000000 0.845867 0.000000 0.533394 0.534337 0.534337 0.534337
6047.890137 0.000000 2249.131836 0.000000 0.933335 0.000000 0.359007 0.558124 0.558124 0.558124
6128.056641 0.000000 2254.097412 0.000000 0.817905 0.000000 0.575353 0.549886 0.549886 0.549886
6126.797363 0.000000 2254.693848 0.000000 0.901992 0.000000 0.431752 0.548511 0.548511 0.548511
5192.564453 0.000000 2480.559082 0.000000 0.616900 0.000000 0.787042 0.439951 0.439951 0.439951
5195.316406 0.000000 2486.229492 0.000000 0.638126 0.000000 0.769932 0.436741 0.436741 0.436741
5162.288574 0.000000 2564.944580 0.000000 0.704045 0.000000 0.710155 0.389472 0.389472 0.389472
5776.790527 0.000000 2324.014648 0.000000 0.605976 0.000000 0.795483 0.441547 0.441547 0.441547
5797.374023 0.000000 2378.310303 0.000000 0.904534 0.000000 0.426402 0.461448 0.461448 0.461448
5932.311035 0.000000 2272.964111 0.000000 0.675630 0.000000 0.737241 0.478243 0.478243 0.478243
5948.871582 0.000000 2288.569824 0.000000 0.845933 0.000000 0.533289 0.521221 0.521221 0.521221
5928.134277 0.000000 2303.965576 0.000000 0.807807 0.000000 0.589448 0.584723 0.584723 0.584723
5932.773926 0.000000 2295.298096 0.000000 0.669245 0.000000 0.743042 0.522147 0.522147 0.522147
5928.188477 0.000000 2296.718018 0.000000 0.943975 0.000000 0.330018 0.608447 0.608447 0.608447
5978.696777 0.000000 2279.121094 0.000000 0.942024 0.000000 0.335545 0.503432 0.503432 0.503432
6032.971680 0.000000 2308.552002 0.000000 0.612803 0.000000 0.790236 0.388125 0.388125 0.388125
6042.364746 0.000000 2284.936279 0.000000 0.877335 0.000000 0.479878 0.393427 0.393427 0.393427
6043.635742 0.000000 2282.425293 0.000000 0.868240 0.000000 0.496144 0.392871 0.392871 0.392871
6044.947754 0.000000 2289.446777 0.000000 0.938291 0.000000 0.345846 0.395169 0.395169 0.395169
6031.799805 0.000000 2302.438721 0.000000 0.834914 0.000000 0.550380 0.428671 0.428671 0.428671
6023.807129 0.000000 2292.576660 0.000000 0.804296 0.000000 0.594228 0.566005 0.566005 0.566005
6108.947754 0.000000 2289.446777 0.000000 0.942424 0.000000 0.334420 0.395318 0.395318 0.395318
6106.062500 0.000000 2286.412598 0.000000 0.718537 0.000000 0.695489 0.460928 0.460928 0.460928
6086.813965 0.000000 2281.138916 0.000000 0.756880 0.000000 0.653554 0.471314 0.471314 0.471314
6082.058594 0.000000 2277.814453 0.000000 0.893480 0.000000 0.449104 0.515911 0.515911 0.515911
6086.218750 0.000000 2278.448975 0.000000 0.838011 0.000000 0.545653 0.676952 0.676952 0.676952
6094.206543 0.000000 2271.301514 0.000000 0.949556 0.000000 0.313598 0.683169 0.683169 0.683169
4543.958008 0.000000 2732.148926 0.000000 0.926791 0.000000 0.375578 0.395059 0.395059 0.395059
4543.025879 0.000000 2760.615234 0.000000 0.922760 0.000000 0.385375 0.448926 0.448926 0.448926
4542.281738 0.000000 2764.317627 0.000000 0.836339 0.000000 0.548212 0.669701 0.669701 0.669701
4537.671875 0.000000 2766.121338 0.000000 0.806474 0.000000 0.591270 0.569818 0.569818 0.569818
4537.404785 0.000000 2748.894287 0.000000 0.821032 0.000000 0.570883 0.600236 0.600236 0.600236
4533.900391 0.000000 2762.624756 0.000000 0.938106 0.000000 0.346349 0.567993 0.567993 0.567993
4537.653809 0.000000 2764.090576 0.000000 0.777851 0.000000 0.628449 0.672923 0.672923 0.672923
4532.330566 0.000000 2745.110840 0.000000 0.635989 0.000000 0.771698 0.666109 0.666109 0.666109
4578.087402 0.000000 2736.305176 0.000000 0.706865 0.000000 0.707348 0.429060 0.429060 0.429060
4602.250000 0.000000 2744.741943 0.000000 0.797243 0.000000 0.603659 0.446361 0.446361 0.446361
4601.993164 0.000000 2747.845947 0.000000 0.775476 0.000000 0.631377 0.470017 0.470017 0.470017
4579.500488 0.000000 2738.834473 0.000000 0.814473 0.000000 0.580201 0.454388 0.454388 0.454388
4574.348145 0.000000 2741.588379 0.000000 0.881455 0.000000 0.472267 0.505881 0.505881 0.505881
4594.362305 0.000000 2745.947510 0.000000 0.697422 0.000000 0.716660 0.664394 0.664394 0.664394
4590.744141 0.000000 2736.903564 0.000000 0.818951 0.000000 0.573863 0.490163 0.490163 0.490163
4594.572266 0.000000 2735.964600 0.000000 0.696867 0.000000 0.717200 0.664359 0.664359 0.664359
4576.342773 0.000000 2746.295410 0.000000 0.605265 0.000000 0.796024 0.540143 0.540143 0.540143
4558.623047 0.000000 2715.961426 0.000000 0.654152 0.000000 0.756363 0.585411 0.585411 0.585411
4593.743164 0.000000 2750.895752 0.000000 0.623010 0.000000 0.782214 0.659973 0.659973 0.659973
4554.112793 0.000000 2748.406738 0.000000 0.671196 0.000000 0.741280 0.663739 0.663739 0.663739
4592.177246 0.000000 2749.291992 0.000000 0.908095 0.000000 0.418764 0.681915 0.681915 0.681915
4583.871094 0.000000 2731.685547 0.000000 0.933696 0.000000 0.358066 0.683681 0.683681 0.683681
4549.575684 0.000000 2732.598633 0.000000 0.928329 0.000000 0.371759 0.563467 0.563467 0.563467
4557.527344 0.000000 2718.293701 0.000000 0.739419 0.000000 0.673246 0.668893 0.668893 0.668893
4600.311035 0.000000 2755.902100 0.000000 0.770225 0.000000 0.637773 0.603214 0.603214 0.603214
4603.484375 0.000000 2752.446289 0.000000 0.938854 0.000000 0.344317 0.524224 0.524224 0.524224
4545.803711 0.000000 2763.575928 0.000000 0.950156 0.000000 0.311775 0.687090 0.687090 0.687090
4596.968750 0.000000 2742.997559 0.000000 0.821832 0.000000 0.569730 0.675900 0.675900 0.675900
4577.799316 0.000000 2750.135986 0.000000 0.702246 0.000000 0.711934 0.596469 0.596469 0.596469
4599.883789 0.000000 2757.299072 0.000000 0.659225 0.000000 0.751946 0.525485 0.525485 0.525485
4576.087402 0.000000 2751.369141 0.000000 0.826977 0.000000 0.562235 0.602410 0.602410 0.602410
4601.484375 0.000000 2752.265869 0.000000 0.640596 0.000000 0.767878 0.601165 0.601165 0.601165
4581.645508 0.000000 2747.029785 0.000000 0.885260 0.000000 0.465096 0.678443 0.678443 0.678443
4606.400879 0.000000 2750.800781 0.000000 0.747482 0.000000 0.664282 0.667623 0.667623 0.667623
4569.950684 0.000000 2713.230469 0.000000 0.855416 0.000000 0.517941 0.604013 0.604013 0.604013
4556.067383 0.000000 2711.337158 0.000000 0.621592 0.000000 0.783341 0.535218 0.535218 0.535218
4594.699707 0.000000 2742.302979 0.000000 0.879476 0.000000 0.475943 0.678849 0.678849 0.678849
4594.433594 0.000000 2749.008545 0.000000 0.873981 0.000000 0.485960 0.627593 0.627593 0.627593
4586.652344 0.000000 2750.902588 0.000000 0.945694 0.000000 0.325059 0.600990 0.600990 0.600990
4557.676758 0.000000 2748.243896 0.000000 0.807209 0.000000 0.590266 0.645704 0.645704 0.645704
4581.641602 0.000000 2738.532471 0.000000 0.720361 0.000000 0.693599 0.668120 0.668120 0.668120
4572.235840 0.000000 2753.927002 0.000000 0.659743 0.000000 0.751491 0.645305 0.645305 0.645305
4557.181641 0.000000 2713.065918 0.000000 0.706889 0.000000 0.707324 0.664986 0.664986 0.664986
4585.171875 0.000000 2734.726562 0.000000 0.745104 0.000000 0.666949 0.671100 0.671100 0.671100
4596.598145 0.000000 2737.315186 0.000000 0.855393 0.000000 0.517979 0.677211 0.677211 0.677211
4559.467773 0.000000 2729.626709 0.000000 0.639951 0.000000 0.768416 0.660946 0.660946 0.660946
4605.388184 0.000000 2751.064941 0.000000 0.902911 0.000000 0.429827 0.591986 0.591986 0.591986
4582.730957 0.000000 2736.843018 0.000000 0.823813 0.000000 0.566862 0.639303 0.639303 0.639303
4573.897949 0.000000 2712.275391 0.000000 0.674982 0.000000 0.737834 0.667515 0.667515 0.667515
4582.235352 0.000000 2748.734619 0.000000 0.650040 0.000000 0.759900 0.667191 0.667191 0.667191
4604.182617 0.000000 2737.259277 0.000000 0.728302 0.000000 0.685257 0.661417 0.661417 0.661417
4550.803223 0.000000 2764.327637 0.000000 0.947105 0.000000 0.320925 0.686411 0.686411 0.686411
4575.024902 0.000000 2735.870361 0.000000 0.909804 0.000000 0.415039 0.683396 0.683396 0.683396
4534.385254 0.000000 2771.643311 0.000000 0.788840 0.000000 0.614598 0.401078 0.401078 0.401078
4535.961426 0.000000 2769.427002 0.000000 0.928297 0.000000 0.371840 0.521639 0.521639 0.521639
4533.817871 0.000000 2768.784912 0.000000 0.940472 0.000000 0.339871 0.592919 0.592919 0.592919
4589.465820 0.000000 2812.030273 0.000000 0.938278 0.000000 0.345882 0.411358 0.411358 0.411358
4597.929688 0.000000 2783.805176 0.000000 0.778963 0.000000 0.627070 0.430859 0.430859 0.430859
4561.288086 0.000000 2772.815674 0.000000 0.591941 0.000000 0.805982 0.448577 0.448577 0.448577
4550.382324 0.000000 2804.734375 0.000000 0.598884 0.000000 0.800836 0.468897 0.468897 0.468897
4581.085938 0.000000 2794.105225 0.000000 0.916787 0.000000 0.399377 0.683917 0.683917 0.683917
4576.342773 0.000000 2802.779785 0.000000 0.934038 0.000000 0.357174 0.632224 0.632224 0.632224
4585.341797 0.000000 2796.384277 0.000000 0.712804 0.000000 0.701364 0.666855 0.666855 0.666855
4548.693359 0.000000 2800.374756 0.000000 0.635427 0.000000 0.772161 0.662226 0.662226 0.662226
4576.813965 0.000000 2805.589111 0.000000 0.945487 0.000000 0.325661 0.687160 0.687160 0.687160
4578.136719 0.000000 2795.858154 0.000000 0.771123 0.000000 0.636686 0.516392 0.516392 0.516392
4544.361816 0.000000 2789.370361 0.000000 0.792591 0.000000 0.609753 0.585839 0.585839 0.585839
4549.747070 0.000000 2800.705322 0.000000 0.908639 0.000000 0.417582 0.681556 0.681556 0.681556
4583.998535 0.000000 2791.160156 0.000000 0.856307 0.000000 0.516467 0.677617 0.677617 0.677617
4557.181641 0.000000 2769.550293 0.000000 0.948689 0.000000 0.316211 0.620316 0.620316 0.620316
4575.664551 0.000000 2779.453369 0.000000 0.626207 0.000000 0.779656 0.595173 0.595173 0.595173
4583.486328 0.000000 2796.721436 0.000000 0.906241 0.000000 0.422761 0.683104 0.683104 0.683104
4555.804688 0.000000 2802.228271 0.000000 0.698551 0.000000 0.715560 0.668993 0.668993 0.668993
4583.188477 0.000000 2780.847412 0.000000 0.927011 0.000000 0.375035 0.684783 0.684783 0.684783
4586.766602 0.000000 2796.781738 0.000000 0.801128 0.000000 0.598493 0.610298 0.610298 0.610298
4550.455566 0.000000 2798.808838 0.000000 0.663999 0.000000 0.747734 0.666862 0.666862 0.666862
4554.822754 0.000000 2767.744385 0.000000 0.745303 0.000000 0.666726 0.671941 0.671941 0.671941
4580.296387 0.000000 2794.719482 0.000000 0.706459 0.000000 0.707754 0.669219 0.669219 0.669219
4541.535645 0.000000 2878.394287 0.000000 0.921637 0.000000 0.388053 0.443150 0.443150 0.443150
4529.135254 0.000000 2851.055664 0.000000 0.930356 0.000000 0.366657 0.472200 0.472200 0.472200
4532.467773 0.000000 2845.343506 0.000000 0.857888 0.000000 0.513836 0.559273 0.559273 0.559273
4543.124512 0.000000 2847.932129 0.000000 0.838010 0.000000 0.545655 0.563883 0.563883 0.563883
4580.342285 0.000000 2879.887451 0.000000 0.613633 0.000000 0.789592 0.402986 0.402986 0.402986
4578.144043 0.000000 2875.208252 0.000000 0.755811 0.000000 0.654790 0.456384 0.456384 0.456384
4581.886230 0.000000 2870.390381 0.000000 0.893682 0.000000 0.448700 0.500786 0.500786 0.500786
4559.223145 0.000000 2852.565186 0.000000 0.670127 0.000000 0.742246 0.520343 0.520343 0.520343
4599.961426 0.000000 2825.911377 0.000000 0.723052 0.000000 0.690794 0.639325 0.639325 0.639325
4540.727539 0.000000 2883.197510 0.000000 0.700220 0.000000 0.713927 0.388884 0.388884 0.388884
4583.104492 0.000000 2892.596680 0.000000 0.863011 0.000000 0.505186 0.423864 0.423864 0.423864
4584.256348 0.000000 2897.550781 0.000000 0.901083 0.000000 0.433646 0.436583 0.436583 0.436583
4552.954590 0.000000 2904.421143 0.000000 0.914516 0.000000 0.404551 0.452370 0.452370 0.452370
4576.131348 0.000000 2885.822510 0.000000 0.601437 0.000000 0.798920 0.450629 0.450629 0.450629
4560.485352 0.000000 2905.815430 0.000000 0.834194 0.000000 0.551472 0.471950 0.471950 0.471950
4588.992676 0.000000 2903.603760 0.000000 0.884488 0.000000 0.466563 0.603934 0.603934 0.603934
4577.511719 0.000000 2889.762695 0.000000 0.936978 0.000000 0.349387 0.539347 0.539347 0.539347
4262.214844 0.000000 3062.786133 0.000000 0.904279 0.000000 0.426941 0.546755 0.546755 0.546755
4287.124512 0.000000 3073.869629 0.000000 0.714482 0.000000 0.699654 0.664307 0.664307 0.664307
4300.289551 0.000000 3063.603516 0.000000 0.851933 0.000000 0.523650 0.457513 0.457513 0.457513
4311.398438 0.000000 3105.956543 0.000000 0.780974 0.000000 0.624564 0.585292 0.585292 0.585292
4289.121582 0.000000 3067.264648 0.000000 0.879189 0.000000 0.476473 0.534060 0.534060 0.534060
4300.862793 0.000000 3094.818604 0.000000 0.735086 0.000000 0.677974 0.599738 0.599738 0.599738
4241.206543 0.000000 3143.971924 0.000000 0.927158 0.000000 0.374670 0.569079 0.569079 0.569079
4318.609375 0.000000 3132.303223 0.000000 0.817356 0.000000 0.576133 0.414977 0.414977 0.414977
4332.898438 0.000000 3162.501465 0.000000 0.834652 0.000000 0.550778 0.580496 0.580496 0.580496
4288.860352 0.000000 3162.482178 0.000000 0.678531 0.000000 0.734572 0.518779 0.518779 0.518779
4314.146973 0.000000 3122.770020 0.000000 0.874032 0.000000 0.485869 0.593902 0.593902 0.593902
4604.832520 0.000000 3025.993652 0.000000 0.911167 0.000000 0.412038 0.394232 0.394232 0.394232
4602.872070 0.000000 3021.802734 0.000000 0.834016 0.000000 0.551740 0.619517 0.619517 0.619517
4602.567871 0.000000 3018.482178 0.000000 0.942469 0.000000 0.334292 0.608310 0.608310 0.608310
4597.005371 0.000000 3102.351562 0.000000 0.735212 0.000000 0.677837 0.390505 0.390505 0.390505
4590.671387 0.000000 3140.177246 0.000000 0.718747 0.000000 0.695271 0.499808 0.499808 0.499808
4596.887695 0.000000 3130.227783 0.000000 0.703396 0.000000 0.710798 0.556308 0.556308 0.556308
4593.606934 0.000000 3137.447998 0.000000 0.730994 0.000000 0.682384 0.575733 0.575733 0.575733
4615.408691 0.000000 2729.087402 0.000000 0.932609 0.000000 0.360889 0.394893 0.394893 0.394893
4617.808105 0.000000 2752.417236 0.000000 0.695931 0.000000 0.718109 0.406488 0.406488 0.406488
4611.597168 0.000000 2736.356689 0.000000 0.860116 0.000000 0.510099 0.474788 0.474788 0.474788
4636.743164 0.000000 2739.863037 0.000000 0.899835 0.000000 0.436231 0.480229 0.480229 0.480229
4665.198730 0.000000 2737.985352 0.000000 0.690713 0.000000 0.723129 0.465733 0.465733 0.465733
4633.172852 0.000000 2747.764648 0.000000 0.818473 0.000000 0.574546 0.499504 0.499504 0.499504
4631.285645 0.000000 2750.960449 0.000000 0.854923 0.000000 0.518755 0.628220 0.628220 0.628220
4625.011230 0.000000 2712.587158 0.000000 0.820560 0.000000 0.571561 0.577924 0.577924 0.577924
4611.798340 0.000000 2739.856201 0.000000 0.942743 0.000000 0.333521 0.577883 0.577883 0.577883
4646.709473 0.000000 2722.057617 0.000000 0.900949 0.000000 0.433926 0.659557 0.659557 0.659557
4611.149902 0.000000 2757.043213 0.000000 0.796355 0.000000 0.604830 0.567498 0.567498 0.567498
4625.965332 0.000000 2751.875244 0.000000 0.872205 0.000000 0.489141 0.610643 0.610643 0.610643
4610.422363 0.000000 2750.248291 0.000000 0.913831 0.000000 0.406096 0.598414 0.598414 0.598414
4643.712891 0.000000 2728.030518 0.000000 0.690920 0.000000 0.722931 0.608722 0.608722 0.608722
4620.499512 0.000000 2750.632812 0.000000 0.918834 0.000000 0.394643 0.549542 0.549542 0.549542
4623.914062 0.000000 2751.374023 0.000000 0.681201 0.000000 0.732097 0.581023 0.581023 0.581023
4613.505859 0.000000 2740.720459 0.000000 0.816631 0.000000 0.577161 0.631482 0.631482 0.631482
4651.132812 0.000000 2726.616943 0.000000 0.676025 0.000000 0.736878 0.667498 0.667498 0.667498
4610.595215 0.000000 2738.886230 0.000000 0.660860 0.000000 0.750509 0.563859 0.563859 0.563859
4647.297852 0.000000 2727.616943 0.000000 0.671508 0.000000 0.740997 0.629608 0.629608 0.629608
4639.611328 0.000000 2736.666504 0.000000 0.605341 0.000000 0.795967 0.563689 0.563689 0.563689
4663.580566 0.000000 2741.289795 0.000000 0.644568 0.000000 0.764547 0.612167 0.612167 0.612167
4667.404785 0.000000 2735.493896 0.000000 0.878161 0.000000 0.478366 0.599779 0.599779 0.599779
4628.845703 0.000000 2756.727539 0.000000 0.878775 0.000000 0.477236 0.614811 0.614811 0.614811
4643.832520 0.000000 2732.969482 0.000000 0.834344 0.000000 0.551245 0.643651 0.643651 0.643651
4684.970703 0.000000 2758.235840 0.000000 0.899982 0.000000 0.435928 0.451752 0.451752 0.451752
4615.213379 0.000000 2805.934326 0.000000 0.685443 0.000000 0.728126 0.388842 0.388842 0.388842
4619.442871 0.000000 2785.542969 0.000000 0.867113 0.000000 0.498112 0.392788 0.392788 0.392788
4638.609375 0.000000 2793.396973 0.000000 0.901262 0.000000 0.433274 0.425170 0.425170 0.425170
4621.642090 0.000000 2789.385986 0.000000 0.701269 0.000000 0.712897 0.432644 0.432644 0.432644
4645.577148 0.000000 2815.902832 0.000000 0.753526 0.000000 0.657418 0.448863 0.448863 0.448863
4616.627441 0.000000 2807.758789 0.000000 0.880072 0.000000 0.474841 0.443391 0.443391 0.443391
4642.377441 0.000000 2811.461670 0.000000 0.677530 0.000000 0.735495 0.469074 0.469074 0.469074
4656.351074 0.000000 2776.643311 0.000000 0.912231 0.000000 0.409675 0.613399 0.613399 0.613399
4656.056641 0.000000 2818.941162 0.000000 0.906685 0.000000 0.421809 0.644992 0.644992 0.644992
4641.498047 0.000000 2815.949219 0.000000 0.760797 0.000000 0.648991 0.595410 0.595410 0.595410
4644.740723 0.000000 2792.836426 0.000000 0.921002 0.000000 0.389558 0.683497 0.683497 0.683497
4635.631348 0.000000 2823.584473 0.000000 0.760401 0.000000 0.649454 0.517860 0.517860 0.517860
4643.980469 0.000000 2815.527832 0.000000 0.842408 0.000000 0.538841 0.552889 0.552889 0.552889
4615.351074 0.000000 2806.985352 0.000000 0.860678 0.000000 0.509150 0.628587 0.628587 0.628587
4652.578125 0.000000 2798.121826 0.000000 0.588980 0.000000 0.808148 0.661684 0.661684 0.661684
4670.514160 0.000000 2798.345215 0.000000 0.823541 0.000000 0.567257 0.561321 0.561321 0.561321
4686.650879 0.000000 2818.075195 0.000000 0.628493 0.000000 0.777815 0.387763 0.387763 0.387763
4697.774414 0.000000 2817.433594 0.000000 0.899950 0.000000 0.435992 0.421314 0.421314 0.421314
4675.597168 0.000000 2792.841064 0.000000 0.616711 0.000000 0.787189 0.460168 0.460168 0.460168
4698.769531 0.000000 2816.407715 0.000000 0.945454 0.000000 0.325757 0.518948 0.518948 0.518948
4717.556641 0.000000 2813.377686 0.000000 0.684586 0.000000 0.728932 0.666243 0.666243 0.666243
4714.351562 0.000000 2816.822754 0.000000 0.848973 0.000000 0.528437 0.506337 0.506337 0.506337
4695.398438 0.000000 2823.534668 0.000000 0.872453 0.000000 0.488698 0.511125 0.511125 0.511125
4715.365234 0.000000 2810.722168 0.000000 0.930097 0.000000 0.367314 0.618613 0.618613 0.618613
4714.410156 0.000000 2808.770264 0.000000 0.893044 0.000000 0.449969 0.551771 0.551771 0.551771
4682.814941 0.000000 2777.097656 0.000000 0.769987 0.000000 0.638060 0.577410 0.577410 0.577410
4695.335449 0.000000 2803.228760 0.000000 0.798422 0.000000 0.602099 0.604614 0.604614 0.604614
4820.196289 0.000000 2816.496582 0.000000 0.701879 0.000000 0.712296 0.475282 0.475282 0.475282
4820.561035 0.000000 2818.499756 0.000000 0.811426 0.000000 0.584455 0.534701 0.534701 0.534701
4619.263184 0.000000 2860.781006 0.000000 0.902800 0.000000 0.430061 0.408078 0.408078 0.408078
4616.237305 0.000000 2872.245361 0.000000 0.919912 0.000000 0.392126 0.397226 0.397226 0.397226
4667.529785 0.000000 2824.865723 0.000000 0.867412 0.000000 0.497590 0.408838 0.408838 0.408838
4619.461426 0.000000 2851.813232 0.000000 0.686844 0.000000 0.726805 0.447132 0.447132 0.447132
4618.583984 0.000000 2850.442871 0.000000 0.802111 0.000000 0.597175 0.450255 0.450255 0.450255
4645.886230 0.000000 2870.390381 0.000000 0.863818 0.000000 0.503803 0.679792 0.679792 0.679792
4642.757812 0.000000 2829.680664 0.000000 0.944891 0.000000 0.327386 0.591397 0.591397 0.591397
4625.052246 0.000000 2867.023193 0.000000 0.608969 0.000000 0.793194 0.542077 0.542077 0.542077
4627.222656 0.000000 2866.051758 0.000000 0.744302 0.000000 0.667844 0.590986 0.590986 0.590986
4637.048828 0.000000 2825.861328 0.000000 0.870774 0.000000 0.491684 0.623642 0.623642 0.623642
4662.847168 0.000000 2867.080566 0.000000 0.658792 0.000000 0.752325 0.536436 0.536436 0.536436
4641.743164 0.000000 2824.457275 0.000000 0.793500 0.000000 0.608570 0.578481 0.578481 0.578481
4645.606445 0.000000 2827.138184 0.000000 0.905874 0.000000 0.423548 0.682421 0.682421 0.682421
4665.571289 0.000000 2864.074463 0.000000 0.692171 0.000000 0.721734 0.537574 0.537574 0.537574
4667.452148 0.000000 2864.108154 0.000000 0.750689 0.000000 0.660655 0.550776 0.550776 0.550776
4666.459473 0.000000 2865.742920 0.000000 0.928641 0.000000 0.370981 0.559690 0.559690 0.559690
4637.897949 0.000000 2825.244141 0.000000 0.827077 0.000000 0.562089 0.620972 0.620972 0.620972
4625.626953 0.000000 2869.199463 0.000000 0.641673 0.000000 0.766979 0.657029 0.657029 0.657029
4639.628906 0.000000 2827.349609 0.000000 0.947369 0.000000 0.320144 0.589711 0.589711 0.589711
4682.351562 0.000000 2845.097656 0.000000 0.648900 0.000000 0.760874 0.388732 0.388732 0.388732
4680.627441 0.000000 2864.243164 0.000000 0.813966 0.000000 0.580913 0.465629 0.465629 0.465629
4674.058594 0.000000 2842.658203 0.000000 0.659910 0.000000 0.751345 0.514526 0.514526 0.514526
4692.561035 0.000000 2874.984131 0.000000 0.642919 0.000000 0.765934 0.484701 0.484701 0.484701
4676.081543 0.000000 2844.188477 0.000000 0.835755 0.000000 0.549103 0.582416 0.582416 0.582416
4696.231445 0.000000 2825.896973 0.000000 0.761239 0.000000 0.648471 0.661409 0.661409 0.661409
4677.319336 0.000000 2844.187256 0.000000 0.704908 0.000000 0.709299 0.576497 0.576497 0.576497
4696.484375 0.000000 2824.229980 0.000000 0.639811 0.000000 0.768532 0.655146 0.655146 0.655146
4700.341797 0.000000 2873.882812 0.000000 0.733683 0.000000 0.679492 0.597844 0.597844 0.597844
4701.897949 0.000000 2825.244141 0.000000 0.915614 0.000000 0.402058 0.657035 0.657035 0.657035
4610.422363 0.000000 2919.701416 0.000000 0.933963 0.000000 0.357370 0.603770 0.603770 0.603770
4742.028809 0.000000 2847.148438 0.000000 0.675942 0.000000 0.736955 0.393051 0.393051 0.393051
4744.627441 0.000000 2864.243164 0.000000 0.732509 0.000000 0.680757 0.455737 0.455737 0.455737
4752.485352 0.000000 2849.331055 0.000000 0.808215 0.000000 0.588887 0.461693 0.461693 0.461693
4742.267578 0.000000 2848.658691 0.000000 0.854042 0.000000 0.520203 0.463246 0.463246 0.463246
4768.813477 0.000000 2867.724609 0.000000 0.734658 0.000000 0.678437 0.468803 0.468803 0.468803
4743.754395 0.000000 2854.185059 0.000000 0.926453 0.000000 0.376411 0.532937 0.532937 0.532937
4746.112793 0.000000 2861.375488 0.000000 0.755625 0.000000 0.655004 0.562040 0.562040 0.562040
4753.977051 0.000000 2853.687988 0.000000 0.950117 0.000000 0.311892 0.496310 0.496310 0.496310
4753.357910 0.000000 2857.634521 0.000000 0.593496 0.000000 0.804837 0.527073 0.527073 0.527073
4764.472656 0.000000 2869.734863 0.000000 0.888527 0.000000 0.458824 0.543975 0.543975 0.543975
4771.590332 0.000000 2870.106934 0.000000 0.949920 0.000000 0.312495 0.519265 0.519265 0.519265
4751.586426 0.000000 2850.088135 0.000000 0.625662 0.000000 0.780094 0.535349 0.535349 0.535349
4758.826172 0.000000 2874.767822 0.000000 0.803017 0.000000 0.595956 0.675398 0.675398 0.675398
4862.871094 0.000000 2867.729248 0.000000 0.700155 0.000000 0.713991 0.482624 0.482624 0.482624
4852.617188 0.000000 2877.575684 0.000000 0.941965 0.000000 0.335712 0.562580 0.562580 0.562580
4760.535645 0.000000 2897.058105 0.000000 0.804018 0.000000 0.594605 0.391097 0.391097 0.391097
4763.739258 0.000000 2924.326416 0.000000 0.769761 0.000000 0.638333 0.423129 0.423129 0.423129
4770.177734 0.000000 2907.636230 0.000000 0.692767 0.000000 0.721162 0.413864 0.413864 0.413864
4767.082031 0.000000 2916.850830 0.000000 0.732025 0.000000 0.681278 0.515020 0.515020 0.515020
4762.768555 0.000000 2895.635498 0.000000 0.887923 0.000000 0.459992 0.551482 0.551482 0.551482
4865.626465 0.000000 2822.651611 0.000000 0.825613 0.000000 0.564237 0.475404 0.475404 0.475404
4864.126465 0.000000 2813.417236 0.000000 0.876752 0.000000 0.480942 0.635261 0.635261 0.635261
4865.670898 0.000000 2817.655029 0.000000 0.876464 0.000000 0.481468 0.539570 0.539570 0.539570
4864.369141 0.000000 2807.261475 0.000000 0.768834 0.000000 0.639448 0.636205 0.636205 0.636205
4865.237793 0.000000 2804.056396 0.000000 0.843308 0.000000 0.537430 0.579082 0.579082 0.579082
4864.352051 0.000000 2806.120117 0.000000 0.702724 0.000000 0.711462 0.632878 0.632878 0.632878
4871.241211 0.000000 2802.263916 0.000000 0.684429 0.000000 0.729079 0.601171 0.601171 0.601171
4864.040039 0.000000 2820.893311 0.000000 0.908240 0.000000 0.418451 0.598013 0.598013 0.598013
4985.384766 0.000000 2823.986084 0.000000 0.681737 0.000000 0.731597 0.388854 0.388854 0.388854
4935.440918 0.000000 2818.141602 0.000000 0.738557 0.000000 0.674191 0.424227 0.424227 0.424227
5002.583984 0.000000 2793.958496 0.000000 0.754514 0.000000 0.656284 0.443294 0.443294 0.443294
4884.994629 0.000000 2826.771484 0.000000 0.909984 0.000000 0.414644 0.394215 0.394215 0.394215
4913.394043 0.000000 2849.548584 0.000000 0.588293 0.000000 0.808648 0.386926 0.386926 0.386926
4884.436035 0.000000 2866.490723 0.000000 0.670416 0.000000 0.741985 0.388312 0.388312 0.388312
4916.316895 0.000000 2853.344727 0.000000 0.588821 0.000000 0.808263 0.396981 0.396981 0.396981
4915.609375 0.000000 2859.567871 0.000000 0.942674 0.000000 0.333716 0.476703 0.476703 0.476703
4885.894043 0.000000 2877.492676 0.000000 0.623422 0.000000 0.781885 0.449301 0.449301 0.449301
4902.014160 0.000000 2855.047363 0.000000 0.935911 0.000000 0.352236 0.491598 0.491598 0.491598
4864.421387 0.000000 2867.741943 0.000000 0.890091 0.000000 0.455783 0.485476 0.485476 0.485476
4902.074219 0.000000 2834.065430 0.000000 0.666615 0.000000 0.745402 0.492711 0.492711 0.492711
4869.108887 0.000000 2873.851318 0.000000 0.796002 0.000000 0.605294 0.552643 0.552643 0.552643
4900.268066 0.000000 2846.844727 0.000000 0.847190 0.000000 0.531290 0.511894 0.511894 0.511894
4911.705078 0.000000 2855.502686 0.000000 0.630441 0.000000 0.776237 0.535504 0.535504 0.535504
4901.876953 0.000000 2848.036133 0.000000 0.864561 0.000000 0.502527 0.548362 0.548362 0.548362
4985.360352 0.000000 2835.475342 0.000000 0.782639 0.000000 0.622476 0.414078 0.414078 0.414078
4939.049316 0.000000 2874.099609 0.000000 0.768374 0.000000 0.640001 0.460475 0.460475 0.460475
4937.995605 0.000000 2873.059814 0.000000 0.850696 0.000000 0.525657 0.478197 0.478197 0.478197
4950.383789 0.000000 2871.230469 0.000000 0.846312 0.000000 0.532687 0.493076 0.493076 0.493076
4940.904785 0.000000 2851.701172 0.000000 0.637998 0.000000 0.770038 0.502885 0.502885 0.502885
4932.993652 0.000000 2848.401855 0.000000 0.723763 0.000000 0.690049 0.511050 0.511050 0.511050
4955.313477 0.000000 2871.852295 0.000000 0.874164 0.000000 0.485631 0.563890 0.563890 0.563890
4936.070801 0.000000 2828.011475 0.000000 0.685843 0.000000 0.727749 0.668095 0.668095 0.668095
4931.740234 0.000000 2851.791016 0.000000 0.762751 0.000000 0.646692 0.564182 0.564182 0.564182
4943.305664 0.000000 2866.401123 0.000000 0.862097 0.000000 0.506744 0.621216 0.621216 0.621216
4881.288086 0.000000 2885.784424 0.000000 0.799857 0.000000 0.600190 0.446438 0.446438 0.446438
4884.600586 0.000000 2891.725098 0.000000 0.588839 0.000000 0.808250 0.510588 0.510588 0.510588
4912.162598 0.000000 2894.566406 0.000000 0.754829 0.000000 0.655922 0.517661 0.517661 0.517661
4929.451660 0.000000 2890.095459 0.000000 0.860698 0.000000 0.509115 0.392692 0.392692 0.392692
4931.095703 0.000000 2896.153320 0.000000 0.783613 0.000000 0.621249 0.429109 0.429109 0.429109
4933.529297 0.000000 2884.193115 0.000000 0.755779 0.000000 0.654827 0.499156 0.499156 0.499156
4614.395508 0.000000 2967.243164 0.000000 0.934671 0.000000 0.355515 0.394973 0.394973 0.394973
4633.349609 0.000000 2957.138184 0.000000 0.917793 0.000000 0.397059 0.444889 0.444889 0.444889
4609.515137 0.000000 2966.372559 0.000000 0.753438 0.000000 0.657519 0.532414 0.532414 0.532414
4614.057129 0.000000 3038.609619 0.000000 0.785384 0.000000 0.619008 0.390968 0.390968 0.390968
4609.515137 0.000000 3022.856934 0.000000 0.890168 0.000000 0.455632 0.536518 0.536518 0.536518
4771.804199 0.000000 2980.489014 0.000000 0.943467 0.000000 0.331467 0.478663 0.478663 0.478663
4762.122559 0.000000 3004.480225 0.000000 0.825589 0.000000 0.564272 0.392276 0.392276 0.392276
4774.469727 0.000000 3020.265869 0.000000 0.719661 0.000000 0.694326 0.389577 0.389577 0.389577
4756.805176 0.000000 2993.739502 0.000000 0.913522 0.000000 0.406789 0.394227 0.394227 0.394227
4779.407227 0.000000 3037.899902 0.000000 0.805383 0.000000 0.592754 0.412777 0.412777 0.412777
4790.280273 0.000000 3040.251221 0.000000 0.675608 0.000000 0.737261 0.469023 0.469023 0.469023
4776.459473 0.000000 3023.191406 0.000000 0.679476 0.000000 0.733697 0.540796 0.540796 0.540796
4786.113770 0.000000 3039.427246 0.000000 0.613784 0.000000 0.789474 0.589279 0.589279 0.589279
4778.279785 0.000000 3038.528564 0.000000 0.605388 0.000000 0.795931 0.649962 0.649962 0.649962
4786.230469 0.000000 3044.628174 0.000000 0.867191 0.000000 0.497976 0.520299 0.520299 0.520299
4776.134277 0.000000 3038.262451 0.000000 0.926420 0.000000 0.376491 0.593681 0.593681 0.593681
4778.127930 0.000000 3041.125244 0.000000 0.624828 0.000000 0.780763 0.660076 0.660076 0.660076
4794.459473 0.000000 3035.196045 0.000000 0.929946 0.000000 0.367697 0.683221 0.683221 0.683221
4800.090332 0.000000 2996.967529 0.000000 0.699242 0.000000 0.714885 0.389104 0.389104 0.389104
4843.601562 0.000000 3046.572021 0.000000 0.705290 0.000000 0.708919 0.389180 0.389180 0.389180
4840.389160 0.000000 3047.302246 0.000000 0.890792 0.000000 0.454411 0.409576 0.409576 0.409576
4836.742188 0.000000 3046.876953 0.000000 0.878480 0.000000 0.477779 0.420573 0.420573 0.420573
4837.366211 0.000000 3045.371582 0.000000 0.930987 0.000000 0.365054 0.453133 0.453133 0.453133
4834.837891 0.000000 3041.763184 0.000000 0.895970 0.000000 0.444115 0.447790 0.447790 0.447790
4622.007324 0.000000 3081.046387 0.000000 0.946551 0.000000 0.322554 0.395786 0.395786 0.395786
4636.947754 0.000000 3080.228027 0.000000 0.685924 0.000000 0.727673 0.388770 0.388770 0.388770
4611.452637 0.000000 3090.128662 0.000000 0.737248 0.000000 0.675622 0.487433 0.487433 0.487433
4630.619629 0.000000 3083.677490 0.000000 0.815471 0.000000 0.578798 0.655424 0.655424 0.655424
4629.353516 0.000000 3086.046143 0.000000 0.805070 0.000000 0.593179 0.523260 0.523260 0.523260
4639.443848 0.000000 3088.267578 0.000000 0.905211 0.000000 0.424962 0.681552 0.681552 0.681552
4637.817383 0.000000 3090.035645 0.000000 0.691647 0.000000 0.722235 0.650460 0.650460 0.650460
4661.900391 0.000000 3101.531006 0.000000 0.866902 0.000000 0.498478 0.531570 0.531570 0.531570
4650.279785 0.000000 3095.012939 0.000000 0.745901 0.000000 0.666056 0.533981 0.533981 0.533981
4626.317871 0.000000 3085.398926 0.000000 0.631272 0.000000 0.775562 0.651156 0.651156 0.651156
4662.610352 0.000000 3100.069580 0.000000 0.725327 0.000000 0.688405 0.591984 0.591984 0.591984
4652.773926 0.000000 3086.079346 0.000000 0.901724 0.000000 0.432313 0.552275 0.552275 0.552275
4663.038086 0.000000 3098.156250 0.000000 0.709494 0.000000 0.704711 0.600430 0.600430 0.600430
4653.039062 0.000000 3087.579590 0.000000 0.793052 0.000000 0.609154 0.546948 0.546948 0.546948
4627.823730 0.000000 3084.420654 0.000000 0.943525 0.000000 0.331301 0.671092 0.671092 0.671092
4631.335449 0.000000 3085.650635 0.000000 0.914220 0.000000 0.405218 0.619213 0.619213 0.619213
4721.031738 0.000000 3096.494873 0.000000 0.856996 0.000000 0.515322 0.400950 0.400950 0.400950
4689.775879 0.000000 3097.729492 0.000000 0.732285 0.000000 0.680998 0.474302 0.474302 0.474302
4694.889648 0.000000 3099.418213 0.000000 0.939159 0.000000 0.343483 0.489880 0.489880 0.489880
4718.873535 0.000000 3099.257568 0.000000 0.696698 0.000000 0.717364 0.521207 0.521207 0.521207
4625.493164 0.000000 3150.613525 0.000000 0.778302 0.000000 0.627890 0.404585 0.404585 0.404585
4616.237305 0.000000 3154.667236 0.000000 0.890023 0.000000 0.455916 0.411453 0.411453 0.411453
4611.099121 0.000000 3133.342285 0.000000 0.608475 0.000000 0.793573 0.401040 0.401040 0.401040
4610.681152 0.000000 3128.859131 0.000000 0.915065 0.000000 0.403306 0.421882 0.421882 0.421882
4624.425781 0.000000 3157.343750 0.000000 0.792154 0.000000 0.610321 0.444339 0.444339 0.444339
4619.890137 0.000000 3157.373535 0.000000 0.937210 0.000000 0.348765 0.617337 0.617337 0.617337
4670.141113 0.000000 3153.508789 0.000000 0.720017 0.000000 0.693957 0.582606 0.582606 0.582606
4624.999512 0.000000 3147.689697 0.000000 0.695084 0.000000 0.718929 0.616176 0.616176 0.616176
4623.688965 0.000000 3156.616943 0.000000 0.944593 0.000000 0.328243 0.606601 0.606601 0.606601
4695.408203 0.000000 3118.478760 0.000000 0.748033 0.000000 0.663661 0.390072 0.390072 0.390072
4735.510742 0.000000 3131.377441 0.000000 0.936326 0.000000 0.351132 0.395020 0.395020 0.395020
4699.504395 0.000000 3120.618896 0.000000 0.754558 0.000000 0.656234 0.420879 0.420879 0.420879
4714.439941 0.000000 3118.864502 0.000000 0.913222 0.000000 0.407463 0.442786 0.442786 0.442786
4729.187988 0.000000 3138.125977 0.000000 0.884480 0.000000 0.466577 0.485228 0.485228 0.485228
4844.051758 0.000000 3082.250488 0.000000 0.734756 0.000000 0.678331 0.389764 0.389764 0.389764
4845.143066 0.000000 3050.458496 0.000000 0.855348 0.000000 0.518055 0.412268 0.412268 0.412268
4834.934570 0.000000 3053.725342 0.000000 0.672691 0.000000 0.739924 0.400428 0.400428 0.400428
4841.963379 0.000000 3057.685547 0.000000 0.635759 0.000000 0.771888 0.425611 0.425611 0.425611
4786.861328 0.000000 3162.158203 0.000000 0.950440 0.000000 0.310909 0.450323 0.450323 0.450323
4927.509766 0.000000 2974.406006 0.000000 0.854766 0.000000 0.519014 0.395201 0.395201 0.395201
4909.747070 0.000000 2985.879150 0.000000 0.699670 0.000000 0.714467 0.397248 0.397248 0.397248
4907.071777 0.000000 2947.766113 0.000000 0.852692 0.000000 0.522415 0.436774 0.436774 0.436774
4925.982422 0.000000 2948.712402 0.000000 0.798442 0.000000 0.602072 0.615697 0.615697 0.615697
4924.125488 0.000000 2948.082031 0.000000 0.759953 0.000000 0.649978 0.613739 0.613739 0.613739
4927.022461 0.000000 2949.635498 0.000000 0.654880 0.000000 0.755733 0.563640 0.563640 0.563640
4965.432617 0.000000 2948.214600 0.000000 0.939216 0.000000 0.343328 0.395503 0.395503 0.395503
4977.394043 0.000000 2962.517334 0.000000 0.798135 0.000000 0.602478 0.390992 0.390992 0.390992
4947.253418 0.000000 2984.774170 0.000000 0.881552 0.000000 0.472088 0.397869 0.397869 0.397869
4975.448242 0.000000 2961.695068 0.000000 0.929608 0.000000 0.368549 0.407164 0.407164 0.407164
4956.979980 0.000000 2952.466553 0.000000 0.909160 0.000000 0.416446 0.408302 0.408302 0.408302
4950.981445 0.000000 2965.412109 0.000000 0.692326 0.000000 0.721584 0.411994 0.411994 0.411994
4956.419922 0.000000 2968.730469 0.000000 0.677252 0.000000 0.735751 0.507725 0.507725 0.507725
4902.337891 0.000000 3007.407959 0.000000 0.904876 0.000000 0.425676 0.394028 0.394028 0.394028
5020.947754 0.000000 2967.259277 0.000000 0.641953 0.000000 0.766744 0.388133 0.388133 0.388133
4994.026855 0.000000 2985.813721 0.000000 0.852467 0.000000 0.522780 0.404611 0.404611 0.404611
5012.821777 0.000000 2968.298584 0.000000 0.847727 0.000000 0.530432 0.400692 0.400692 0.400692
4997.572266 0.000000 2984.118408 0.000000 0.743391 0.000000 0.668857 0.401911 0.401911 0.401911
4959.453613 0.000000 3123.370850 0.000000 0.791961 0.000000 0.610572 0.391605 0.391605 0.391605
4932.789062 0.000000 3140.497559 0.000000 0.792331 0.000000 0.610091 0.404923 0.404923 0.404923
5006.033691 0.000000 3112.531494 0.000000 0.647036 0.000000 0.762459 0.396212 0.396212 0.396212
4341.177734 0.000000 3173.645508 0.000000 0.885957 0.000000 0.463767 0.415122 0.415122 0.415122
4333.839355 0.000000 3189.810791 0.000000 0.783123 0.000000 0.621867 0.430970 0.430970 0.430970
4343.696777 0.000000 3172.410889 0.000000 0.941143 0.000000 0.338008 0.685388 0.685388 0.685388
4317.048828 0.000000 3164.767578 0.000000 0.913724 0.000000 0.406336 0.541640 0.541640 0.541640
4336.198730 0.000000 3186.796875 0.000000 0.670990 0.000000 0.741466 0.566055 0.566055 0.566055
4343.309570 0.000000 3171.370605 0.000000 0.680286 0.000000 0.732947 0.668516 0.668516 0.668516
4393.128906 0.000000 3183.990723 0.000000 0.945888 0.000000 0.324494 0.395396 0.395396 0.395396
4391.260742 0.000000 3184.729004 0.000000 0.708690 0.000000 0.705520 0.410487 0.410487 0.410487
4411.914062 0.000000 3191.447754 0.000000 0.937043 0.000000 0.349214 0.485935 0.485935 0.485935
4410.093750 0.000000 3193.561768 0.000000 0.738847 0.000000 0.673874 0.470781 0.470781 0.470781
4382.425293 0.000000 3170.009277 0.000000 0.702021 0.000000 0.712156 0.669113 0.669113 0.669113
4374.619629 0.000000 3196.646240 0.000000 0.733768 0.000000 0.679400 0.588688 0.588688 0.588688
4407.777832 0.000000 3192.060059 0.000000 0.930729 0.000000 0.365709 0.563639 0.563639 0.563639
4377.172852 0.000000 3199.639648 0.000000 0.938552 0.000000 0.345136 0.585151 0.585151 0.585151
4408.862793 0.000000 3197.247803 0.000000 0.652597 0.000000 0.757706 0.479454 0.479454 0.479454
4408.930664 0.000000 3175.525146 0.000000 0.802991 0.000000 0.595992 0.669382 0.669382 0.669382
4407.950684 0.000000 3201.309082 0.000000 0.754139 0.000000 0.656715 0.669512 0.669512 0.669512
4407.669922 0.000000 3196.789551 0.000000 0.743391 0.000000 0.668857 0.607446 0.607446 0.607446
4395.277832 0.000000 3176.137695 0.000000 0.931399 0.000000 0.364000 0.557985 0.557985 0.557985
4397.243652 0.000000 3171.987061 0.000000 0.591923 0.000000 0.805994 0.554192 0.554192 0.554192
4408.213867 0.000000 3174.652100 0.000000 0.592952 0.000000 0.805238 0.658311 0.658311 0.658311
4411.256348 0.000000 3172.095459 0.000000 0.916818 0.000000 0.399306 0.636402 0.636402 0.636402
4409.506836 0.000000 3170.697754 0.000000 0.860010 0.000000 0.510278 0.578110 0.578110 0.578110
4405.139160 0.000000 3203.120117 0.000000 0.926367 0.000000 0.376622 0.601256 0.601256 0.601256
4372.371094 0.000000 3199.365479 0.000000 0.766433 0.000000 0.642324 0.615896 0.615896 0.615896
4391.188477 0.000000 3176.238037 0.000000 0.914698 0.000000 0.404137 0.660722 0.660722 0.660722
4428.375000 0.000000 3217.792725 0.000000 0.776628 0.000000 0.629960 0.390608 0.390608 0.390608
4417.280273 0.000000 3196.974365 0.000000 0.633300 0.000000 0.773907 0.664351 0.664351 0.664351
4430.414551 0.000000 3212.403076 0.000000 0.728759 0.000000 0.684770 0.579308 0.579308 0.579308
4398.049316 0.000000 3257.522949 0.000000 0.659565 0.000000 0.751647 0.472283 0.472283 0.472283
4389.870117 0.000000 3272.537354 0.000000 0.751211 0.000000 0.660062 0.585783 0.585783 0.585783
4448.594727 0.000000 3239.247803 0.000000 0.689963 0.000000 0.723844 0.432378 0.432378 0.432378
4478.383301 0.000000 3240.775879 0.000000 0.792441 0.000000 0.609948 0.451840 0.451840 0.451840
4456.469727 0.000000 3238.874512 0.000000 0.661251 0.000000 0.750165 0.446509 0.446509 0.446509
4441.036621 0.000000 3244.544189 0.000000 0.625179 0.000000 0.780482 0.465883 0.465883 0.465883
4448.863281 0.000000 3240.434082 0.000000 0.657408 0.000000 0.753535 0.618135 0.618135 0.618135
4428.215332 0.000000 3230.465820 0.000000 0.807187 0.000000 0.590296 0.521481 0.521481 0.521481
4432.122070 0.000000 3230.543213 0.000000 0.713773 0.000000 0.700377 0.543851 0.543851 0.543851
4440.183105 0.000000 3241.296875 0.000000 0.632256 0.000000 0.774760 0.660734 0.660734 0.660734
4442.105957 0.000000 3240.310303 0.000000 0.654818 0.000000 0.755787 0.665110 0.665110 0.665110
4427.088379 0.000000 3232.207520 0.000000 0.935976 0.000000 0.352063 0.664612 0.664612 0.664612
4457.550293 0.000000 3235.400879 0.000000 0.791598 0.000000 0.611042 0.673232 0.673232 0.673232
4483.820801 0.000000 3233.414795 0.000000 0.725455 0.000000 0.688270 0.389766 0.389766 0.389766
4507.698730 0.000000 3266.108643 0.000000 0.852524 0.000000 0.522689 0.393245 0.393245 0.393245
4523.596680 0.000000 3268.150879 0.000000 0.779209 0.000000 0.626764 0.391453 0.391453 0.391453
4537.129395 0.000000 3258.427979 0.000000 0.948584 0.000000 0.316526 0.415668 0.415668 0.415668
4487.699707 0.000000 3235.464355 0.000000 0.806245 0.000000 0.591582 0.437241 0.437241 0.437241
4493.642090 0.000000 3241.260986 0.000000 0.625927 0.000000 0.779881 0.438311 0.438311 0.438311
4491.039062 0.000000 3235.865723 0.000000 0.747401 0.000000 0.664374 0.458009 0.458009 0.458009
4493.735352 0.000000 3235.277588 0.000000 0.911291 0.000000 0.411763 0.471259 0.471259 0.471259
4511.069336 0.000000 3228.992432 0.000000 0.620282 0.000000 0.784379 0.489580 0.489580 0.489580
4532.601074 0.000000 3270.546875 0.000000 0.816164 0.000000 0.577820 0.544220 0.544220 0.544220
4524.655273 0.000000 3271.534668 0.000000 0.795171 0.000000 0.606385 0.524732 0.524732 0.524732
4538.406250 0.000000 3258.689697 0.000000 0.798155 0.000000 0.602452 0.508083 0.508083 0.508083
4530.249023 0.000000 3269.289307 0.000000 0.844296 0.000000 0.535877 0.524898 0.524898 0.524898
4531.083008 0.000000 3252.023682 0.000000 0.773043 0.000000 0.634354 0.673580 0.673580 0.673580
4530.163574 0.000000 3266.584961 0.000000 0.770755 0.000000 0.637132 0.521945 0.521945 0.521945
4524.898438 0.000000 3275.470215 0.000000 0.879297 0.000000 0.476274 0.562296 0.562296 0.562296
4501.902344 0.000000 3265.095703 0.000000 0.617828 0.000000 0.786313 0.515075 0.515075 0.515075
4532.968750 0.000000 3251.356934 0.000000 0.868101 0.000000 0.496388 0.679893 0.679893 0.679893
4534.086914 0.000000 3264.208496 0.000000 0.943365 0.000000 0.331757 0.619801 0.619801 0.619801
4508.718750 0.000000 3230.109863 0.000000 0.949785 0.000000 0.312902 0.603276 0.603276 0.603276
4534.610352 0.000000 3269.522705 0.000000 0.802925 0.000000 0.596080 0.582632 0.582632 0.582632
4535.916992 0.000000 3269.775879 0.000000 0.847775 0.000000 0.530356 0.584918 0.584918 0.584918
4542.400879 0.000000 3259.160156 0.000000 0.876532 0.000000 0.481343 0.655796 0.655796 0.655796
4543.124512 0.000000 3243.322754 0.000000 0.671766 0.000000 0.740764 0.547839 0.547839 0.547839
4505.039551 0.000000 3228.236816 0.000000 0.937965 0.000000 0.346729 0.685613 0.685613 0.685613
4526.206055 0.000000 3248.557129 0.000000 0.767302 0.000000 0.641286 0.615939 0.615939 0.615939
4534.121094 0.000000 3268.650146 0.000000 0.930753 0.000000 0.365647 0.590225 0.590225 0.590225
4543.352051 0.000000 3241.303223 0.000000 0.647667 0.000000 0.761924 0.653726 0.653726 0.653726
4500.064453 0.000000 3231.462891 0.000000 0.926898 0.000000 0.375312 0.589926 0.589926 0.589926
4554.618164 0.000000 3233.153809 0.000000 0.940115 0.000000 0.340857 0.411438 0.411438 0.411438
4565.609863 0.000000 3252.258301 0.000000 0.840944 0.000000 0.541122 0.428852 0.428852 0.428852
4569.336426 0.000000 3257.607666 0.000000 0.842463 0.000000 0.538754 0.428898 0.428898 0.428898
4554.112793 0.000000 3256.766113 0.000000 0.845310 0.000000 0.534276 0.676901 0.676901 0.676901
4546.176270 0.000000 3257.542725 0.000000 0.670962 0.000000 0.741491 0.666061 0.666061 0.666061
4552.396484 0.000000 3258.390137 0.000000 0.604039 0.000000 0.796955 0.662609 0.662609 0.662609
4570.672852 0.000000 3257.884766 0.000000 0.694948 0.000000 0.719060 0.614353 0.614353 0.614353
4560.122070 0.000000 3230.543213 0.000000 0.638772 0.000000 0.769396 0.528483 0.528483 0.528483
4552.099121 0.000000 3254.999023 0.000000 0.932112 0.000000 0.362171 0.658552 0.658552 0.658552
4544.361816 0.000000 3241.245361 0.000000 0.885047 0.000000 0.465502 0.534361 0.534361 0.534361
4545.237793 0.000000 3255.931396 0.000000 0.693667 0.000000 0.720296 0.544958 0.544958 0.544958
4567.599609 0.000000 3266.496094 0.000000 0.758331 0.000000 0.651870 0.593457 0.593457 0.593457
4551.241211 0.000000 3254.138916 0.000000 0.937826 0.000000 0.347105 0.685845 0.685845 0.685845
4408.096680 0.000000 3303.737793 0.000000 0.658396 0.000000 0.752672 0.388995 0.388995 0.388995
4414.499512 0.000000 3305.482422 0.000000 0.908091 0.000000 0.418773 0.682897 0.682897 0.682897
4396.345703 0.000000 3286.810303 0.000000 0.765425 0.000000 0.643526 0.637856 0.637856 0.637856
4397.442383 0.000000 3287.856689 0.000000 0.596690 0.000000 0.802472 0.629911 0.629911 0.629911
4398.601562 0.000000 3283.196289 0.000000 0.746135 0.000000 0.665795 0.535837 0.535837 0.535837
4398.356934 0.000000 3293.390869 0.000000 0.882247 0.000000 0.470786 0.526676 0.526676 0.526676
4402.000000 0.000000 3279.401611 0.000000 0.884745 0.000000 0.466075 0.609580 0.609580 0.609580
4397.281250 0.000000 3281.213379 0.000000 0.932495 0.000000 0.361183 0.637767 0.637767 0.637767
4398.404297 0.000000 3288.336426 0.000000 0.871870 0.000000 0.489737 0.560009 0.560009 0.560009
4412.205566 0.000000 3306.091064 0.000000 0.697353 0.000000 0.716727 0.665367 0.665367 0.665367
4411.046387 0.000000 3310.277588 0.000000 0.848911 0.000000 0.528536 0.659434 0.659434 0.659434
4406.707520 0.000000 3291.377441 0.000000 0.840843 0.000000 0.541278 0.640349 0.640349 0.640349
4396.757812 0.000000 3285.874512 0.000000 0.608414 0.000000 0.793620 0.569220 0.569220 0.569220
4413.160156 0.000000 3310.502686 0.000000 0.798990 0.000000 0.601344 0.672489 0.672489 0.672489
4465.262695 0.000000 3330.654785 0.000000 0.658292 0.000000 0.752762 0.390853 0.390853 0.390853
4479.116211 0.000000 3295.843506 0.000000 0.768219 0.000000 0.640188 0.486556 0.486556 0.486556
4446.684082 0.000000 3318.354248 0.000000 0.865920 0.000000 0.500182 0.678946 0.678946 0.678946
4417.498535 0.000000 3304.070557 0.000000 0.873849 0.000000 0.486198 0.644401 0.644401 0.644401
4424.415527 0.000000 3303.166016 0.000000 0.640678 0.000000 0.767810 0.601168 0.601168 0.601168
4435.222656 0.000000 3317.926758 0.000000 0.941121 0.000000 0.338071 0.686168 0.686168 0.686168
4462.873535 0.000000 3325.195068 0.000000 0.675123 0.000000 0.737705 0.647843 0.647843 0.647843
4466.113770 0.000000 3321.849121 0.000000 0.701564 0.000000 0.712606 0.561732 0.561732 0.561732
4428.518066 0.000000 3304.684082 0.000000 0.711809 0.000000 0.702373 0.558460 0.558460 0.558460
4451.980469 0.000000 3323.887207 0.000000 0.895731 0.000000 0.444597 0.679741 0.679741 0.679741
4433.965332 0.000000 3316.718994 0.000000 0.677402 0.000000 0.735613 0.663165 0.663165 0.663165
4423.204590 0.000000 3305.076416 0.000000 0.935742 0.000000 0.352685 0.590624 0.590624 0.590624
4421.747070 0.000000 3309.064697 0.000000 0.940673 0.000000 0.339314 0.685420 0.685420 0.685420
4445.641113 0.000000 3321.849609 0.000000 0.667033 0.000000 0.745028 0.663569 0.663569 0.663569
4428.307617 0.000000 3316.854248 0.000000 0.913448 0.000000 0.406956 0.682385 0.682385 0.682385
4416.148438 0.000000 3305.617676 0.000000 0.866324 0.000000 0.499482 0.643879 0.643879 0.643879
4434.137207 0.000000 3319.051758 0.000000 0.600883 0.000000 0.799337 0.661154 0.661154 0.661154
4433.626953 0.000000 3321.074463 0.000000 0.733665 0.000000 0.679511 0.666707 0.666707 0.666707
4458.835938 0.000000 3338.584473 0.000000 0.670811 0.000000 0.741629 0.388736 0.388736 0.388736
4524.062988 0.000000 3285.082764 0.000000 0.792782 0.000000 0.609505 0.391524 0.391524 0.391524
4516.620605 0.000000 3322.802246 0.000000 0.693819 0.000000 0.720150 0.389281 0.389281 0.389281
4529.031738 0.000000 3322.432373 0.000000 0.949905 0.000000 0.312538 0.415732 0.415732 0.415732
4525.814941 0.000000 3312.639893 0.000000 0.720134 0.000000 0.693835 0.408873 0.408873 0.408873
4516.742188 0.000000 3329.298828 0.000000 0.603905 0.000000 0.797057 0.412034 0.412034 0.412034
4510.394531 0.000000 3294.140137 0.000000 0.950788 0.000000 0.309843 0.490609 0.490609 0.490609
4520.728027 0.000000 3318.907471 0.000000 0.619417 0.000000 0.785062 0.458397 0.458397 0.458397
4488.364746 0.000000 3276.550537 0.000000 0.647673 0.000000 0.761919 0.462771 0.462771 0.462771
4509.948242 0.000000 3317.214111 0.000000 0.627541 0.000000 0.778583 0.597030 0.597030 0.597030
4523.818848 0.000000 3313.595703 0.000000 0.688471 0.000000 0.725264 0.574018 0.574018 0.574018
4527.887207 0.000000 3325.883545 0.000000 0.908565 0.000000 0.417744 0.652670 0.652670 0.652670
4540.552246 0.000000 3277.403076 0.000000 0.899923 0.000000 0.436049 0.569159 0.569159 0.569159
4535.038086 0.000000 3324.093750 0.000000 0.727442 0.000000 0.686170 0.553552 0.553552 0.553552
4519.189453 0.000000 3314.052490 0.000000 0.822798 0.000000 0.568333 0.674337 0.674337 0.674337
4585.967773 0.000000 3305.911621 0.000000 0.872637 0.000000 0.488369 0.393173 0.393173 0.393173
4597.519043 0.000000 3302.719238 0.000000 0.939815 0.000000 0.341684 0.395282 0.395282 0.395282
4585.128906 0.000000 3296.959473 0.000000 0.853660 0.000000 0.520830 0.393275 0.393275 0.393275
4548.384766 0.000000 3326.866455 0.000000 0.932965 0.000000 0.359967 0.394852 0.394852 0.394852
4551.143066 0.000000 3303.478271 0.000000 0.816778 0.000000 0.576952 0.394218 0.394218 0.394218
4594.394043 0.000000 3328.215576 0.000000 0.765320 0.000000 0.643651 0.411779 0.411779 0.411779
4583.260742 0.000000 3297.697754 0.000000 0.867960 0.000000 0.496634 0.429706 0.429706 0.429706
4598.588867 0.000000 3329.276855 0.000000 0.814232 0.000000 0.580540 0.414893 0.414893 0.414893
4551.500488 0.000000 3295.390137 0.000000 0.770059 0.000000 0.637973 0.495918 0.495918 0.495918
4550.510254 0.000000 3292.694092 0.000000 0.869561 0.000000 0.493825 0.559885 0.559885 0.559885
4574.868164 0.000000 3296.835938 0.000000 0.850254 0.000000 0.526372 0.542035 0.542035 0.542035
4581.645508 0.000000 3311.873535 0.000000 0.826589 0.000000 0.562807 0.533481 0.533481 0.533481
4571.906250 0.000000 3314.508057 0.000000 0.679605 0.000000 0.733578 0.577317 0.577317 0.577317
4579.216309 0.000000 3301.024170 0.000000 0.877384 0.000000 0.479788 0.680236 0.680236 0.680236
4570.429199 0.000000 3310.581543 0.000000 0.843921 0.000000 0.536468 0.567913 0.567913 0.567913
4572.799316 0.000000 3308.613525 0.000000 0.741830 0.000000 0.670588 0.596378 0.596378 0.596378
4579.832520 0.000000 3297.813232 0.000000 0.729463 0.000000 0.684021 0.656026 0.656026 0.656026
4580.575195 0.000000 3334.967041 0.000000 0.767435 0.000000 0.641126 0.390513 0.390513 0.390513
4557.487793 0.000000 3342.594727 0.000000 0.950543 0.000000 0.310592 0.396538 0.396538 0.396538
4558.755859 0.000000 3342.026123 0.000000 0.930460 0.000000 0.366394 0.485563 0.485563 0.485563
4562.954102 0.000000 3371.493896 0.000000 0.756664 0.000000 0.653804 0.574983 0.574983 0.574983
4643.217285 0.000000 3173.963623 0.000000 0.885633 0.000000 0.464387 0.409407 0.409407 0.409407
4636.718750 0.000000 3173.625488 0.000000 0.878382 0.000000 0.477958 0.670866 0.670866 0.670866
4667.256348 0.000000 3172.095459 0.000000 0.860466 0.000000 0.509507 0.555657 0.555657 0.555657
4781.431152 0.000000 3167.176758 0.000000 0.808021 0.000000 0.589154 0.431656 0.431656 0.431656
4788.777832 0.000000 3196.072998 0.000000 0.595584 0.000000 0.803293 0.459661 0.459661 0.459661
4785.542480 0.000000 3184.553711 0.000000 0.853995 0.000000 0.520281 0.470785 0.470785 0.470785
4795.962402 0.000000 3202.073242 0.000000 0.761458 0.000000 0.648214 0.473314 0.473314 0.473314
4798.710938 0.000000 3201.351318 0.000000 0.658989 0.000000 0.752153 0.587415 0.587415 0.587415
4796.564941 0.000000 3213.494629 0.000000 0.850968 0.000000 0.525218 0.570144 0.570144 0.570144
4786.101562 0.000000 3196.069824 0.000000 0.851584 0.000000 0.524218 0.624287 0.624287 0.624287
4797.388184 0.000000 3202.939941 0.000000 0.727834 0.000000 0.685754 0.566427 0.566427 0.566427
4825.618652 0.000000 3214.802246 0.000000 0.799875 0.000000 0.600166 0.408873 0.408873 0.408873
4804.166992 0.000000 3211.889648 0.000000 0.829749 0.000000 0.558136 0.422862 0.422862 0.422862
4818.362793 0.000000 3195.761475 0.000000 0.895471 0.000000 0.445120 0.440170 0.440170 0.440170
4840.687988 0.000000 3185.625732 0.000000 0.601089 0.000000 0.799182 0.434084 0.434084 0.434084
4806.562500 0.000000 3206.547119 0.000000 0.773001 0.000000 0.634405 0.436316 0.436316 0.436316
4828.286133 0.000000 3184.810547 0.000000 0.782155 0.000000 0.623084 0.466490 0.466490 0.466490
4810.666016 0.000000 3205.486572 0.000000 0.945463 0.000000 0.325729 0.484525 0.484525 0.484525
4841.922852 0.000000 3188.276855 0.000000 0.722656 0.000000 0.691208 0.666658 0.666658 0.666658
4822.619629 0.000000 3196.646240 0.000000 0.879292 0.000000 0.476283 0.537833 0.537833 0.537833
4839.319336 0.000000 3187.837646 0.000000 0.672562 0.000000 0.740041 0.667678 0.667678 0.667678
4833.315918 0.000000 3195.818115 0.000000 0.907928 0.000000 0.419126 0.643211 0.643211 0.643211
4826.203125 0.000000 3195.730957 0.000000 0.692096 0.000000 0.721805 0.665403 0.665403 0.665403
4828.419922 0.000000 3194.667969 0.000000 0.609026 0.000000 0.793150 0.572856 0.572856 0.572856
4828.046387 0.000000 3196.439209 0.000000 0.930203 0.000000 0.367046 0.683547 0.683547 0.683547
4820.580078 0.000000 3210.722168 0.000000 0.843027 0.000000 0.537871 0.605161 0.605161 0.605161
4839.180176 0.000000 3193.549316 0.000000 0.614946 0.000000 0.788570 0.663087 0.663087 0.663087
4814.414551 0.000000 3212.403076 0.000000 0.611169 0.000000 0.791500 0.594587 0.594587 0.594587
4823.599609 0.000000 3210.011719 0.000000 0.808774 0.000000 0.588120 0.558779 0.558779 0.558779
4813.138672 0.000000 3194.663330 0.000000 0.662246 0.000000 0.749287 0.636408 0.636408 0.636408
4833.875488 0.000000 3197.887695 0.000000 0.938013 0.000000 0.346600 0.585107 0.585107 0.585107
4841.171875 0.000000 3186.601562 0.000000 0.930708 0.000000 0.365764 0.662198 0.662198 0.662198
4826.823242 0.000000 3212.845215 0.000000 0.916220 0.000000 0.400676 0.583461 0.583461 0.583461
4825.272461 0.000000 3197.878174 0.000000 0.787983 0.000000 0.615698 0.671775 0.671775 0.671775
4833.560059 0.000000 3192.131592 0.000000 0.920220 0.000000 0.391400 0.591318 0.591318 0.591318
4815.381836 0.000000 3218.691650 0.000000 0.813420 0.000000 0.581676 0.675319 0.675319 0.675319
4815.746582 0.000000 3216.488037 0.000000 0.797215 0.000000 0.603695 0.674912 0.674912 0.674912
4829.834473 0.000000 3195.860840 0.000000 0.762098 0.000000 0.647461 0.578904 0.578904 0.578904
4796.008301 0.000000 3261.886475 0.000000 0.945230 0.000000 0.326405 0.400146 0.400146 0.400146
4785.262695 0.000000 3274.170410 0.000000 0.677631 0.000000 0.735402 0.396806 0.396806 0.396806
4796.312988 0.000000 3243.364258 0.000000 0.816897 0.000000 0.576784 0.422499 0.422499 0.422499
4790.203613 0.000000 3259.939941 0.000000 0.713637 0.000000 0.700516 0.455231 0.455231 0.455231
4739.094727 0.000000 3274.393555 0.000000 0.651926 0.000000 0.758283 0.470242 0.470242 0.470242
4795.628418 0.000000 3263.284912 0.000000 0.677401 0.000000 0.735614 0.666704 0.666704 0.666704
4786.163574 0.000000 3266.584961 0.000000 0.848367 0.000000 0.529408 0.676454 0.676454 0.676454
4792.311035 0.000000 3264.261475 0.000000 0.925996 0.000000 0.377533 0.683188 0.683188 0.683188
4780.773926 0.000000 3255.532471 0.000000 0.908319 0.000000 0.418278 0.683408 0.683408 0.683408
4793.571289 0.000000 3259.465088 0.000000 0.885131 0.000000 0.465341 0.596466 0.596466 0.596466
4791.038086 0.000000 3267.609375 0.000000 0.643954 0.000000 0.765064 0.612141 0.612141 0.612141
4793.357910 0.000000 3264.068848 0.000000 0.691095 0.000000 0.722764 0.664920 0.664920 0.664920
4827.595215 0.000000 3270.133057 0.000000 0.615998 0.000000 0.787748 0.387816 0.387816 0.387816
4817.288086 0.000000 3224.690674 0.000000 0.695403 0.000000 0.718620 0.432506 0.432506 0.432506
4861.240234 0.000000 3233.640625 0.000000 0.895829 0.000000 0.444399 0.472463 0.472463 0.472463
4806.267578 0.000000 3244.049316 0.000000 0.767917 0.000000 0.640549 0.477238 0.477238 0.477238
4826.283691 0.000000 3266.155273 0.000000 0.922638 0.000000 0.385667 0.488952 0.488952 0.488952
4826.769531 0.000000 3268.282715 0.000000 0.709831 0.000000 0.704373 0.591318 0.591318 0.591318
4851.649902 0.000000 3272.230957 0.000000 0.940653 0.000000 0.339369 0.640436 0.640436 0.640436
4855.433594 0.000000 3240.812500 0.000000 0.831340 0.000000 0.555764 0.673740 0.673740 0.673740
4810.576172 0.000000 3249.953125 0.000000 0.800247 0.000000 0.599671 0.569530 0.569530 0.569530
4822.619629 0.000000 3253.130615 0.000000 0.778088 0.000000 0.628155 0.662375 0.662375 0.662375
4827.559082 0.000000 3255.498779 0.000000 0.683720 0.000000 0.729744 0.668410 0.668410 0.668410
4850.572266 0.000000 3244.323975 0.000000 0.611962 0.000000 0.790887 0.660782 0.660782 0.660782
4843.818848 0.000000 3257.111328 0.000000 0.588800 0.000000 0.808279 0.475960 0.475960 0.475960
4844.992676 0.000000 3242.510010 0.000000 0.851715 0.000000 0.524005 0.605662 0.605662 0.605662
4848.056641 0.000000 3270.816162 0.000000 0.908381 0.000000 0.418145 0.564024 0.564024 0.564024
4846.797363 0.000000 3271.412598 0.000000 0.642795 0.000000 0.766038 0.532260 0.532260 0.532260
4861.039062 0.000000 3237.950439 0.000000 0.835677 0.000000 0.549221 0.675156 0.675156 0.675156
4840.166504 0.000000 3232.215576 0.000000 0.684217 0.000000 0.729278 0.663866 0.663866 0.663866
4836.191406 0.000000 3231.314209 0.000000 0.772970 0.000000 0.634442 0.553523 0.553523 0.553523
4839.871094 0.000000 3240.044922 0.000000 0.816693 0.000000 0.577072 0.506917 0.506917 0.506917
4849.121094 0.000000 3271.517578 0.000000 0.897781 0.000000 0.440441 0.563367 0.563367 0.563367
4856.930664 0.000000 3232.009521 0.000000 0.948200 0.000000 0.317674 0.589786 0.589786 0.589786
4850.592773 0.000000 3225.320557 0.000000 0.655317 0.000000 0.755354 0.549089 0.549089 0.549089
4843.627441 0.000000 3270.792969 0.000000 0.871487 0.000000 0.490418 0.612468 0.612468 0.612468
4850.833984 0.000000 3228.189697 0.000000 0.834630 0.000000 0.550812 0.675279 0.675279 0.675279
4805.319336 0.000000 3239.577881 0.000000 0.937170 0.000000 0.348874 0.604041 0.604041 0.604041
4855.569824 0.000000 3239.607666 0.000000 0.689364 0.000000 0.724415 0.666515 0.666515 0.666515
4847.663086 0.000000 3236.692627 0.000000 0.613889 0.000000 0.789392 0.636028 0.636028 0.636028
4851.368652 0.000000 3271.095215 0.000000 0.918136 0.000000 0.396265 0.611964 0.611964 0.611964
4803.040527 0.000000 3267.655029 0.000000 0.809720 0.000000 0.586817 0.644008 0.644008 0.644008
4812.748535 0.000000 3225.304688 0.000000 0.668718 0.000000 0.743516 0.571434 0.571434 0.571434
4850.000000 0.000000 3222.917236 0.000000 0.782587 0.000000 0.622542 0.565033 0.565033 0.565033
4855.779785 0.000000 3242.795654 0.000000 0.946601 0.000000 0.322409 0.686088 0.686088 0.686088
4854.497559 0.000000 3232.773193 0.000000 0.753478 0.000000 0.657473 0.672228 0.672228 0.672228
4851.336914 0.000000 3241.720947 0.000000 0.594678 0.000000 0.803964 0.660421 0.660421 0.660421
4858.872070 0.000000 3247.740234 0.000000 0.651228 0.000000 0.758882 0.666498 0.666498 0.666498
4856.785645 0.000000 3248.133545 0.000000 0.818025 0.000000 0.575183 0.590800 0.590800 0.590800
4852.250488 0.000000 3229.510010 0.000000 0.918693 0.000000 0.394971 0.683396 0.683396 0.683396
4846.294922 0.000000 3235.052246 0.000000 0.711444 0.000000 0.702743 0.660522 0.660522 0.660522
4850.566406 0.000000 3229.199707 0.000000 0.890257 0.000000 0.455459 0.679960 0.679960 0.679960
4854.707520 0.000000 3234.893066 0.000000 0.896507 0.000000 0.443029 0.646068 0.646068 0.646068
4859.404785 0.000000 3243.853271 0.000000 0.932726 0.000000 0.360586 0.685785 0.685785 0.685785
4859.312012 0.000000 3240.728516 0.000000 0.762783 0.000000 0.646655 0.670138 0.670138 0.670138
4829.189453 0.000000 3256.529053 0.000000 0.658842 0.000000 0.752281 0.607345 0.607345 0.607345
4665.384766 0.000000 3332.345459 0.000000 0.590306 0.000000 0.807180 0.387102 0.387102 0.387102
4628.984863 0.000000 3313.291748 0.000000 0.865235 0.000000 0.501366 0.392736 0.392736 0.392736
4611.099121 0.000000 3302.795410 0.000000 0.846920 0.000000 0.531721 0.419587 0.419587 0.419587
4625.033691 0.000000 3316.054688 0.000000 0.801435 0.000000 0.598082 0.420197 0.420197 0.420197
4621.340332 0.000000 3316.320557 0.000000 0.746723 0.000000 0.665135 0.431894 0.431894 0.431894
4658.999023 0.000000 3283.436523 0.000000 0.810235 0.000000 0.586105 0.418551 0.418551 0.418551
4620.062012 0.000000 3297.399170 0.000000 0.737545 0.000000 0.675299 0.440983 0.440983 0.440983
4645.294434 0.000000 3321.049805 0.000000 0.805502 0.000000 0.592593 0.420306 0.420306 0.420306
4622.389648 0.000000 3313.878174 0.000000 0.634558 0.000000 0.772876 0.420042 0.420042 0.420042
4649.936523 0.000000 3329.190186 0.000000 0.642329 0.000000 0.766429 0.455273 0.455273 0.455273
4642.144043 0.000000 3327.083252 0.000000 0.685202 0.000000 0.728353 0.448943 0.448943 0.448943
4609.945801 0.000000 3292.397461 0.000000 0.684670 0.000000 0.728853 0.461876 0.461876 0.461876
4666.093750 0.000000 3306.530518 0.000000 0.911273 0.000000 0.411804 0.490268 0.490268 0.490268
4663.433594 0.000000 3297.296875 0.000000 0.851294 0.000000 0.524688 0.542085 0.542085 0.542085
4657.244629 0.000000 3313.145996 0.000000 0.740977 0.000000 0.671530 0.667189 0.667189 0.667189
4629.323242 0.000000 3317.315674 0.000000 0.747293 0.000000 0.664495 0.605796 0.605796 0.605796
4648.696289 0.000000 3286.341309 0.000000 0.806445 0.000000 0.591309 0.658556 0.658556 0.658556
4658.163574 0.000000 3323.069336 0.000000 0.814332 0.000000 0.580399 0.676409 0.676409 0.676409
4658.304199 0.000000 3302.481445 0.000000 0.880302 0.000000 0.474414 0.678879 0.678879 0.678879
4651.276855 0.000000 3321.580322 0.000000 0.697182 0.000000 0.716894 0.665217 0.665217 0.665217
4646.524902 0.000000 3323.447266 0.000000 0.708388 0.000000 0.705823 0.653114 0.653114 0.653114
4668.871582 0.000000 3305.288574 0.000000 0.635588 0.000000 0.772028 0.566573 0.566573 0.566573
4667.484375 0.000000 3317.290039 0.000000 0.857459 0.000000 0.514553 0.667456 0.667456 0.667456
4649.849121 0.000000 3286.765869 0.000000 0.731279 0.000000 0.682079 0.654304 0.654304 0.654304
4662.086914 0.000000 3320.692871 0.000000 0.707429 0.000000 0.706784 0.576599 0.576599 0.576599
4663.569824 0.000000 3296.092041 0.000000 0.744463 0.000000 0.667664 0.537620 0.537620 0.537620
4645.870117 0.000000 3329.021729 0.000000 0.797201 0.000000 0.603714 0.637757 0.637757 0.637757
4665.484375 0.000000 3317.109619 0.000000 0.660757 0.000000 0.750600 0.662315 0.662315 0.662315
4664.073242 0.000000 3315.532471 0.000000 0.930777 0.000000 0.365586 0.683878 0.683878 0.683878
4657.606934 0.000000 3306.901123 0.000000 0.854727 0.000000 0.519078 0.676823 0.676823 0.676823
4665.619629 0.000000 3300.432617 0.000000 0.925484 0.000000 0.378786 0.683095 0.683095 0.683095
4665.844727 0.000000 3310.523438 0.000000 0.743447 0.000000 0.668795 0.667702 0.667702 0.667702
4648.319824 0.000000 3297.641846 0.000000 0.667753 0.000000 0.744383 0.585947 0.585947 0.585947
4626.954102 0.000000 3315.009521 0.000000 0.802639 0.000000 0.596465 0.675317 0.675317 0.675317
4652.519531 0.000000 3304.628174 0.000000 0.737928 0.000000 0.674879 0.614510 0.614510 0.614510
4651.257324 0.000000 3298.906494 0.000000 0.931344 0.000000 0.364141 0.683391 0.683391 0.683391
4622.206543 0.000000 3288.020264 0.000000 0.723497 0.000000 0.690327 0.637527 0.637527 0.637527
4665.308105 0.000000 3284.740234 0.000000 0.691414 0.000000 0.722459 0.668113 0.668113 0.668113
4686.007324 0.000000 3306.983887 0.000000 0.874524 0.000000 0.484983 0.393502 0.393502 0.393502
4730.028320 0.000000 3289.192383 0.000000 0.854017 0.000000 0.520245 0.392706 0.392706 0.392706
4684.375000 0.000000 3330.761475 0.000000 0.846063 0.000000 0.533082 0.392252 0.392252 0.392252
4682.618164 0.000000 3327.537109 0.000000 0.786103 0.000000 0.618095 0.427300 0.427300 0.427300
4708.749023 0.000000 3285.463135 0.000000 0.669695 0.000000 0.742636 0.420791 0.420791 0.420791
4706.937012 0.000000 3277.878418 0.000000 0.863371 0.000000 0.504570 0.433341 0.433341 0.433341
4724.695312 0.000000 3323.065918 0.000000 0.605861 0.000000 0.795571 0.448895 0.448895 0.448895
4695.673828 0.000000 3282.049805 0.000000 0.746135 0.000000 0.665795 0.474712 0.474712 0.474712
4704.608398 0.000000 3307.625000 0.000000 0.936379 0.000000 0.350990 0.462965 0.462965 0.462965
4678.267578 0.000000 3300.533691 0.000000 0.874236 0.000000 0.485501 0.469674 0.469674 0.469674
4683.583984 0.000000 3279.651367 0.000000 0.870557 0.000000 0.492068 0.499730 0.499730 0.499730
4720.063965 0.000000 3301.889648 0.000000 0.634207 0.000000 0.773164 0.482631 0.482631 0.482631
4724.156250 0.000000 3294.461914 0.000000 0.947158 0.000000 0.320767 0.599220 0.599220 0.599220
4697.534668 0.000000 3285.655762 0.000000 0.881769 0.000000 0.471681 0.680900 0.680900 0.680900
4692.179199 0.000000 3277.370850 0.000000 0.713932 0.000000 0.700215 0.631600 0.631600 0.631600
4681.525391 0.000000 3298.141602 0.000000 0.892445 0.000000 0.451155 0.555508 0.555508 0.555508
4693.353516 0.000000 3311.983643 0.000000 0.846566 0.000000 0.532284 0.500602 0.500602 0.500602
4676.081543 0.000000 3296.063477 0.000000 0.731106 0.000000 0.682264 0.520528 0.520528 0.520528
4678.218750 0.000000 3295.167725 0.000000 0.921277 0.000000 0.388908 0.494590 0.494590 0.494590
4724.467773 0.000000 3297.218506 0.000000 0.725378 0.000000 0.688351 0.494471 0.494471 0.494471
4730.264648 0.000000 3326.731689 0.000000 0.882124 0.000000 0.471017 0.500246 0.500246 0.500246
4685.130371 0.000000 3318.270020 0.000000 0.873929 0.000000 0.486053 0.497991 0.497991 0.497991
4727.719727 0.000000 3280.123535 0.000000 0.879364 0.000000 0.476150 0.659741 0.659741 0.659741
4735.246094 0.000000 3312.103271 0.000000 0.763981 0.000000 0.645239 0.652423 0.652423 0.652423
4690.134277 0.000000 3332.493896 0.000000 0.752741 0.000000 0.658317 0.596875 0.596875 0.596875
4681.453613 0.000000 3288.764160 0.000000 0.820199 0.000000 0.572078 0.514531 0.514531 0.514531
4674.773438 0.000000 3282.135254 0.000000 0.851722 0.000000 0.523993 0.678362 0.678362 0.678362
4702.669434 0.000000 3291.710205 0.000000 0.839063 0.000000 0.544035 0.645801 0.645801 0.645801
4712.134277 0.000000 3320.684326 0.000000 0.642708 0.000000 0.766111 0.662459 0.662459 0.662459
4733.552246 0.000000 3285.406982 0.000000 0.807284 0.000000 0.590164 0.671491 0.671491 0.671491
4688.122070 0.000000 3287.027588 0.000000 0.861056 0.000000 0.508509 0.645384 0.645384 0.645384
4684.862793 0.000000 3320.756104 0.000000 0.664195 0.000000 0.747559 0.569443 0.569443 0.569443
4723.308594 0.000000 3291.268799 0.000000 0.783460 0.000000 0.621442 0.671347 0.671347 0.671347
4704.901855 0.000000 3282.977539 0.000000 0.653758 0.000000 0.756704 0.661206 0.661206 0.661206
4694.342773 0.000000 3276.239258 0.000000 0.874420 0.000000 0.485170 0.531938 0.531938 0.531938
4709.261230 0.000000 3325.475342 0.000000 0.869498 0.000000 0.493936 0.625427 0.625427 0.625427
4690.265625 0.000000 3278.802490 0.000000 0.751589 0.000000 0.659632 0.668844 0.668844 0.668844
4727.966309 0.000000 3311.989502 0.000000 0.853071 0.000000 0.521795 0.609471 0.609471 0.609471
4711.180176 0.000000 3306.518066 0.000000 0.915711 0.000000 0.401838 0.634425 0.634425 0.634425
4725.577148 0.000000 3295.039795 0.000000 0.742198 0.000000 0.670180 0.587222 0.587222 0.587222
4682.015137 0.000000 3286.296143 0.000000 0.940966 0.000000 0.338501 0.685034 0.685034 0.685034
4682.814941 0.000000 3285.457031 0.000000 0.939923 0.000000 0.341388 0.604280 0.604280 0.604280
4698.823242 0.000000 3325.813965 0.000000 0.895247 0.000000 0.445570 0.591477 0.591477 0.591477
4688.073730 0.000000 3278.603271 0.000000 0.940412 0.000000 0.340038 0.606224 0.606224 0.606224
4697.039551 0.000000 3284.721191 0.000000 0.948713 0.000000 0.316138 0.687493 0.687493 0.687493
4703.969727 0.000000 3277.220703 0.000000 0.594663 0.000000 0.803975 0.658380 0.658380 0.658380
4673.302734 0.000000 3280.646973 0.000000 0.824469 0.000000 0.565907 0.676032 0.676032 0.676032
4689.086914 0.000000 3285.261719 0.000000 0.784197 0.000000 0.620512 0.596519 0.596519 0.596519
4691.048340 0.000000 3286.395020 0.000000 0.908666 0.000000 0.417523 0.656440 0.656440 0.656440
4683.088379 0.000000 3288.691895 0.000000 0.761693 0.000000 0.647939 0.671483 0.671483 0.671483
4731.404785 0.000000 3300.337646 0.000000 0.897847 0.000000 0.440307 0.663055 0.663055 0.663055
4692.220215 0.000000 3296.054688 0.000000 0.594969 0.000000 0.803749 0.572353 0.572353 0.572353
4728.491211 0.000000 3276.923340 0.000000 0.747642 0.000000 0.664102 0.636926 0.636926 0.636926
4683.251465 0.000000 3321.024658 0.000000 0.947703 0.000000 0.319154 0.604985 0.604985 0.604985
4685.866699 0.000000 3285.063965 0.000000 0.897198 0.000000 0.441628 0.679976 0.679976 0.679976
4641.448730 0.000000 3355.875000 0.000000 0.811121 0.000000 0.584879 0.391484 0.391484 0.391484
4629.917480 0.000000 3376.840332 0.000000 0.823812 0.000000 0.566863 0.426461 0.426461 0.426461
4618.618164 0.000000 3384.021484 0.000000 0.938777 0.000000 0.344527 0.419049 0.419049 0.419049
4618.704590 0.000000 3355.320557 0.000000 0.779867 0.000000 0.625945 0.414009 0.414009 0.414009
4637.614258 0.000000 3364.306152 0.000000 0.794360 0.000000 0.607447 0.418132 0.418132 0.418132
4649.963379 0.000000 3340.107422 0.000000 0.698709 0.000000 0.715406 0.436297 0.436297 0.436297
4666.270996 0.000000 3340.911865 0.000000 0.717289 0.000000 0.696776 0.433029 0.433029 0.433029
4651.722656 0.000000 3387.901367 0.000000 0.876887 0.000000 0.480697 0.435694 0.435694 0.435694
4610.335449 0.000000 3363.808105 0.000000 0.864949 0.000000 0.501859 0.448529 0.448529 0.448529
4669.810547 0.000000 3366.231689 0.000000 0.775090 0.000000 0.631851 0.436373 0.436373 0.436373
4650.415039 0.000000 3352.196289 0.000000 0.903517 0.000000 0.428552 0.449997 0.449997 0.449997
4650.712402 0.000000 3353.796631 0.000000 0.600740 0.000000 0.799445 0.441431 0.441431 0.441431
4626.425781 0.000000 3381.430176 0.000000 0.847443 0.000000 0.530887 0.485600 0.485600 0.485600
4671.116211 0.000000 3352.327881 0.000000 0.831154 0.000000 0.556042 0.486863 0.486863 0.486863
4621.299805 0.000000 3344.044678 0.000000 0.870839 0.000000 0.491569 0.492198 0.492198 0.492198
4628.063965 0.000000 3373.452393 0.000000 0.589293 0.000000 0.807920 0.477799 0.477799 0.477799
4653.684570 0.000000 3375.488770 0.000000 0.779384 0.000000 0.626547 0.486922 0.486922 0.486922
4671.314453 0.000000 3360.490967 0.000000 0.949579 0.000000 0.313527 0.557467 0.557467 0.557467
4639.902832 0.000000 3347.861816 0.000000 0.876617 0.000000 0.481189 0.657670 0.657670 0.657670
4637.510254 0.000000 3346.641113 0.000000 0.901699 0.000000 0.432363 0.556052 0.556052 0.556052
4653.193359 0.000000 3353.427979 0.000000 0.751558 0.000000 0.659667 0.662690 0.662690 0.662690
4611.455566 0.000000 3351.259277 0.000000 0.911071 0.000000 0.412249 0.533901 0.533901 0.533901
4631.285645 0.000000 3372.288574 0.000000 0.845036 0.000000 0.534710 0.494905 0.494905 0.494905
4639.169922 0.000000 3345.815674 0.000000 0.752084 0.000000 0.659067 0.510156 0.510156 0.510156
4647.708496 0.000000 3338.572754 0.000000 0.733895 0.000000 0.679262 0.670507 0.670507 0.670507
4611.978516 0.000000 3348.796143 0.000000 0.745829 0.000000 0.666138 0.521043 0.521043 0.521043
4671.956055 0.000000 3359.496582 0.000000 0.731279 0.000000 0.682079 0.538975 0.538975 0.538975
4668.196777 0.000000 3342.348145 0.000000 0.784368 0.000000 0.620296 0.529887 0.529887 0.529887
4618.092773 0.000000 3352.364746 0.000000 0.908619 0.000000 0.417626 0.543227 0.543227 0.543227
4643.665039 0.000000 3342.159180 0.000000 0.928439 0.000000 0.371486 0.563475 0.563475 0.563475
4671.022461 0.000000 3345.026123 0.000000 0.870050 0.000000 0.492963 0.679731 0.679731 0.679731
4657.976074 0.000000 3347.656738 0.000000 0.947198 0.000000 0.320648 0.671500 0.671500 0.671500
4639.969727 0.000000 3333.705078 0.000000 0.911027 0.000000 0.412346 0.605762 0.605762 0.605762
4723.863281 0.000000 3356.950928 0.000000 0.917121 0.000000 0.398608 0.394555 0.394555 0.394555
4709.463867 0.000000 3340.183594 0.000000 0.928460 0.000000 0.371433 0.395628 0.395628 0.395628
4695.348633 0.000000 3385.576660 0.000000 0.941279 0.000000 0.337628 0.399976 0.399976 0.399976
4711.465820 0.000000 3342.463867 0.000000 0.856237 0.000000 0.516583 0.397137 0.397137 0.397137
4693.422363 0.000000 3356.933105 0.000000 0.872105 0.000000 0.489319 0.412777 0.412777 0.412777
4719.250488 0.000000 3361.559082 0.000000 0.885023 0.000000 0.465548 0.413190 0.413190 0.413190
4711.147461 0.000000 3369.481445 0.000000 0.802380 0.000000 0.596814 0.420222 0.420222 0.420222
4678.054199 0.000000 3334.176758 0.000000 0.758663 0.000000 0.651483 0.439672 0.439672 0.439672
4691.704102 0.000000 3346.342285 0.000000 0.592457 0.000000 0.805602 0.435737 0.435737 0.435737
4684.241699 0.000000 3334.843018 0.000000 0.703251 0.000000 0.710942 0.453105 0.453105 0.453105
4686.035156 0.000000 3358.577881 0.000000 0.594243 0.000000 0.804286 0.463292 0.463292 0.463292
4688.399414 0.000000 3360.298828 0.000000 0.948559 0.000000 0.316601 0.522991 0.522991 0.522991
4702.684082 0.000000 3374.838623 0.000000 0.895946 0.000000 0.444163 0.567029 0.567029 0.567029
4715.818848 0.000000 3370.080078 0.000000 0.714079 0.000000 0.700065 0.669507 0.669507 0.669507
4716.655273 0.000000 3384.503418 0.000000 0.900555 0.000000 0.434741 0.680704 0.680704 0.680704
4673.219727 0.000000 3340.596680 0.000000 0.759516 0.000000 0.650488 0.608211 0.608211 0.608211
4725.881348 0.000000 3374.737793 0.000000 0.628190 0.000000 0.778060 0.638458 0.638458 0.638458
4712.301758 0.000000 3372.895020 0.000000 0.606333 0.000000 0.795211 0.556486 0.556486 0.556486
4721.121094 0.000000 3384.486328 0.000000 0.910617 0.000000 0.413251 0.669769 0.669769 0.669769
4713.405762 0.000000 3370.430908 0.000000 0.773537 0.000000 0.633752 0.588636 0.588636 0.588636
4722.448730 0.000000 3375.802979 0.000000 0.884033 0.000000 0.467425 0.630153 0.630153 0.630153
4717.887207 0.000000 3371.810059 0.000000 0.929396 0.000000 0.369085 0.684211 0.684211 0.684211
4686.511719 0.000000 3343.212646 0.000000 0.888105 0.000000 0.459640 0.517531 0.517531 0.517531
4724.589844 0.000000 3375.996826 0.000000 0.875054 0.000000 0.484026 0.651955 0.651955 0.651955
4688.053223 0.000000 3337.938477 0.000000 0.876730 0.000000 0.480983 0.556514 0.556514 0.556514
4711.150391 0.000000 3385.957275 0.000000 0.720455 0.000000 0.693502 0.564298 0.564298 0.564298
4694.342773 0.000000 3332.723633 0.000000 0.593783 0.000000 0.804625 0.586724 0.586724 0.586724
4704.087402 0.000000 3372.697266 0.000000 0.670779 0.000000 0.741657 0.566048 0.566048 0.566048
4722.290039 0.000000 3386.344238 0.000000 0.795990 0.000000 0.605310 0.672620 0.672620 0.672620
4690.082520 0.000000 3332.640381 0.000000 0.612071 0.000000 0.790803 0.591017 0.591017 0.591017
4673.343750 0.000000 3345.891602 0.000000 0.802319 0.000000 0.596895 0.575189 0.575189 0.575189
4722.433594 0.000000 3370.336670 0.000000 0.873405 0.000000 0.486994 0.591990 0.591990 0.591990
4687.718262 0.000000 3333.031494 0.000000 0.845048 0.000000 0.534691 0.588502 0.588502 0.588502
4718.329102 0.000000 3386.815918 0.000000 0.626373 0.000000 0.779523 0.660946 0.660946 0.660946
4744.076660 0.000000 3320.147217 0.000000 0.655461 0.000000 0.755229 0.420484 0.420484 0.420484
4778.415039 0.000000 3295.711914 0.000000 0.695354 0.000000 0.718667 0.449197 0.449197 0.449197
4738.657715 0.000000 3320.856201 0.000000 0.912046 0.000000 0.410089 0.463684 0.463684 0.463684
4743.015137 0.000000 3284.315918 0.000000 0.711258 0.000000 0.702931 0.464438 0.464438 0.464438
4738.875977 0.000000 3308.680420 0.000000 0.947386 0.000000 0.320094 0.484644 0.484644 0.484644
4781.556641 0.000000 3321.737061 0.000000 0.841812 0.000000 0.539771 0.621834 0.621834 0.621834
4781.193359 0.000000 3296.943604 0.000000 0.740686 0.000000 0.671852 0.671612 0.671612 0.671612
4736.098633 0.000000 3312.156250 0.000000 0.681502 0.000000 0.731816 0.665064 0.665064 0.665064
4798.499512 0.000000 3305.482422 0.000000 0.907479 0.000000 0.420097 0.646938 0.646938 0.646938
4768.342773 0.000000 3311.139160 0.000000 0.754391 0.000000 0.656426 0.671656 0.671656 0.671656
4776.703613 0.000000 3330.962158 0.000000 0.726188 0.000000 0.687496 0.666683 0.666683 0.666683
4741.529297 0.000000 3279.583740 0.000000 0.903617 0.000000 0.428341 0.550497 0.550497 0.550497
4772.170898 0.000000 3330.490479 0.000000 0.788139 0.000000 0.615498 0.494674 0.494674 0.494674
4786.304199 0.000000 3302.481445 0.000000 0.871347 0.000000 0.490667 0.507306 0.507306 0.507306
4785.067871 0.000000 3280.622803 0.000000 0.785076 0.000000 0.619400 0.670233 0.670233 0.670233
4776.398438 0.000000 3284.960205 0.000000 0.783210 0.000000 0.621757 0.535410 0.535410 0.535410
4780.736816 0.000000 3278.915771 0.000000 0.833060 0.000000 0.553183 0.599024 0.599024 0.599024
4759.843750 0.000000 3314.433838 0.000000 0.936156 0.000000 0.351585 0.533574 0.533574 0.533574
4787.583984 0.000000 3280.669678 0.000000 0.692446 0.000000 0.721469 0.664578 0.664578 0.664578
4781.494141 0.000000 3317.734131 0.000000 0.933152 0.000000 0.359482 0.588516 0.588516 0.588516
4776.923828 0.000000 3282.791748 0.000000 0.937881 0.000000 0.346958 0.683740 0.683740 0.683740
4781.887207 0.000000 3315.325684 0.000000 0.837810 0.000000 0.545961 0.675474 0.675474 0.675474
4789.656738 0.000000 3298.737061 0.000000 0.938946 0.000000 0.344065 0.550919 0.550919 0.550919
4778.301758 0.000000 3319.639404 0.000000 0.890294 0.000000 0.455386 0.510080 0.510080 0.510080
4768.813965 0.000000 3313.948486 0.000000 0.677150 0.000000 0.735845 0.663150 0.663150 0.663150
4740.470703 0.000000 3311.082764 0.000000 0.643094 0.000000 0.765787 0.635534 0.635534 0.635534
4779.446289 0.000000 3317.705322 0.000000 0.807030 0.000000 0.590510 0.653066 0.653066 0.653066
4742.916992 0.000000 3278.517578 0.000000 0.920881 0.000000 0.389843 0.543981 0.543981 0.543981
4786.000000 0.000000 3279.401611 0.000000 0.696647 0.000000 0.717414 0.669239 0.669239 0.669239
4739.154785 0.000000 3296.845703 0.000000 0.719422 0.000000 0.694573 0.664571 0.664571 0.664571
4776.188477 0.000000 3313.436768 0.000000 0.934994 0.000000 0.354665 0.683843 0.683843 0.683843
4791.038086 0.000000 3324.093750 0.000000 0.820561 0.000000 0.571558 0.581641 0.581641 0.581641
4791.916992 0.000000 3326.260254 0.000000 0.922985 0.000000 0.384836 0.640701 0.640701 0.640701
4741.747070 0.000000 3309.064697 0.000000 0.776801 0.000000 0.629746 0.542572 0.542572 0.542572
4781.281250 0.000000 3281.213379 0.000000 0.592410 0.000000 0.805636 0.660383 0.660383 0.660383
4769.875488 0.000000 3310.856445 0.000000 0.709028 0.000000 0.705180 0.669019 0.669019 0.669019
4784.528320 0.000000 3281.966064 0.000000 0.785623 0.000000 0.618705 0.670272 0.670272 0.670272
4782.294922 0.000000 3291.536621 0.000000 0.922863 0.000000 0.385129 0.683073 0.683073 0.683073
4785.758301 0.000000 3288.345215 0.000000 0.726421 0.000000 0.687250 0.666499 0.666499 0.666499
4796.205566 0.000000 3306.091064 0.000000 0.622955 0.000000 0.782257 0.661461 0.661461 0.661461
4795.046387 0.000000 3310.277588 0.000000 0.892937 0.000000 0.450181 0.658913 0.658913 0.658913
4798.015625 0.000000 3308.710205 0.000000 0.945384 0.000000 0.325960 0.656108 0.656108 0.656108
4798.514160 0.000000 3306.704590 0.000000 0.606561 0.000000 0.795037 0.661211 0.661211 0.661211
4771.250488 0.000000 3313.520020 0.000000 0.729712 0.000000 0.683755 0.670527 0.670527 0.670527
4775.297852 0.000000 3292.460693 0.000000 0.828758 0.000000 0.559606 0.656257 0.656257 0.656257
4784.511719 0.000000 3288.608887 0.000000 0.671120 0.000000 0.741349 0.663078 0.663078 0.663078
4784.027344 0.000000 3280.100586 0.000000 0.948649 0.000000 0.316330 0.685657 0.685657 0.685657
4790.121094 0.000000 3325.134521 0.000000 0.885857 0.000000 0.463959 0.585239 0.585239 0.585239
4745.671875 0.000000 3314.176025 0.000000 0.769191 0.000000 0.639019 0.670380 0.670380 0.670380
4814.007324 0.000000 3306.983887 0.000000 0.782121 0.000000 0.623126 0.391367 0.391367 0.391367
4830.608887 0.000000 3281.633301 0.000000 0.926874 0.000000 0.375372 0.394793 0.394793 0.394793
4813.317383 0.000000 3329.321045 0.000000 0.660884 0.000000 0.750488 0.440957 0.440957 0.440957
4852.156250 0.000000 3294.461914 0.000000 0.758511 0.000000 0.651660 0.484385 0.484385 0.484385
4807.386719 0.000000 3321.309326 0.000000 0.669043 0.000000 0.743224 0.525803 0.525803 0.525803
4846.744141 0.000000 3301.747314 0.000000 0.853466 0.000000 0.521148 0.676453 0.676453 0.676453
4808.616211 0.000000 3293.337402 0.000000 0.662471 0.000000 0.749088 0.540212 0.540212 0.540212
4802.857910 0.000000 3318.437256 0.000000 0.674110 0.000000 0.738631 0.498444 0.498444 0.498444
4836.740723 0.000000 3301.195801 0.000000 0.859666 0.000000 0.510857 0.613600 0.613600 0.613600
4801.515137 0.000000 3305.278809 0.000000 0.676280 0.000000 0.736645 0.579008 0.579008 0.579008
4834.136719 0.000000 3304.217529 0.000000 0.858254 0.000000 0.513225 0.557418 0.557418 0.557418
4853.144531 0.000000 3285.414795 0.000000 0.948442 0.000000 0.316950 0.519158 0.519158 0.519158
4851.308594 0.000000 3291.268799 0.000000 0.670868 0.000000 0.741576 0.667954 0.667954 0.667954
4820.942871 0.000000 3325.700928 0.000000 0.697446 0.000000 0.716637 0.616283 0.616283 0.616283
4848.198730 0.000000 3299.765625 0.000000 0.588521 0.000000 0.808482 0.660838 0.660838 0.660838
4851.812988 0.000000 3290.312744 0.000000 0.790978 0.000000 0.611845 0.674744 0.674744 0.674744
4807.570801 0.000000 3319.189697 0.000000 0.665146 0.000000 0.746713 0.667438 0.667438 0.667438
4849.666504 0.000000 3296.464355 0.000000 0.945787 0.000000 0.324786 0.685461 0.685461 0.685461
4834.564453 0.000000 3302.073730 0.000000 0.813896 0.000000 0.581011 0.629476 0.629476 0.629476
4843.449707 0.000000 3304.377197 0.000000 0.683502 0.000000 0.729949 0.577470 0.577470 0.577470
4836.296387 0.000000 3303.078857 0.000000 0.919610 0.000000 0.392832 0.661159 0.661159 0.661159
4766.961914 0.000000 3333.539551 0.000000 0.839590 0.000000 0.543221 0.392172 0.392172 0.392172
4764.928223 0.000000 3350.458252 0.000000 0.721982 0.000000 0.691912 0.389470 0.389470 0.389470
4767.373535 0.000000 3376.011230 0.000000 0.618848 0.000000 0.785511 0.388272 0.388272 0.388272
4763.528320 0.000000 3367.117432 0.000000 0.946631 0.000000 0.322320 0.423254 0.423254 0.423254
4761.034668 0.000000 3364.524658 0.000000 0.675412 0.000000 0.737441 0.443151 0.443151 0.443151
4759.673828 0.000000 3338.534180 0.000000 0.646376 0.000000 0.763019 0.462738 0.462738 0.462738
4773.374023 0.000000 3338.544678 0.000000 0.599377 0.000000 0.800467 0.472569 0.472569 0.472569
4757.272461 0.000000 3340.947754 0.000000 0.711943 0.000000 0.702237 0.458895 0.458895 0.458895
4758.014160 0.000000 3338.112305 0.000000 0.878697 0.000000 0.477379 0.469852 0.469852 0.469852
4785.096680 0.000000 3340.271729 0.000000 0.706560 0.000000 0.707653 0.473565 0.473565 0.473565
4756.958984 0.000000 3358.247803 0.000000 0.655899 0.000000 0.754849 0.501577 0.501577 0.501577
4757.353516 0.000000 3368.468018 0.000000 0.918907 0.000000 0.394475 0.526774 0.526774 0.526774
4774.074219 0.000000 3342.424805 0.000000 0.872246 0.000000 0.489067 0.548757 0.548757 0.548757
4742.753418 0.000000 3337.742920 0.000000 0.943701 0.000000 0.330800 0.555090 0.555090 0.555090
4776.166504 0.000000 3345.184326 0.000000 0.903713 0.000000 0.428140 0.614653 0.614653 0.614653
4775.881348 0.000000 3332.641357 0.000000 0.950112 0.000000 0.311909 0.686641 0.686641 0.686641
4777.855957 0.000000 3333.593750 0.000000 0.653659 0.000000 0.756789 0.661747 0.661747 0.661747
4759.342773 0.000000 3357.318604 0.000000 0.746781 0.000000 0.665070 0.550622 0.550622 0.550622
4758.176758 0.000000 3370.000977 0.000000 0.913105 0.000000 0.407726 0.682569 0.682569 0.682569
4776.114258 0.000000 3335.133545 0.000000 0.776863 0.000000 0.629670 0.669647 0.669647 0.669647
4775.854004 0.000000 3343.626709 0.000000 0.922495 0.000000 0.386009 0.551677 0.551677 0.551677
4744.070801 0.000000 3336.370850 0.000000 0.696396 0.000000 0.717657 0.543223 0.543223 0.543223
4781.104004 0.000000 3334.032715 0.000000 0.867477 0.000000 0.497477 0.677251 0.677251 0.677251
4778.590820 0.000000 3335.987061 0.000000 0.894861 0.000000 0.446344 0.679503 0.679503 0.679503
4751.758301 0.000000 3341.263184 0.000000 0.915924 0.000000 0.401352 0.594787 0.594787 0.594787
4780.467773 0.000000 3340.583496 0.000000 0.625603 0.000000 0.780141 0.661059 0.661059 0.661059
4752.839355 0.000000 3338.634033 0.000000 0.602462 0.000000 0.798147 0.581641 0.581641 0.581641
4756.380859 0.000000 3354.381348 0.000000 0.903531 0.000000 0.428523 0.682287 0.682287 0.682287
4778.282715 0.000000 3346.083984 0.000000 0.936825 0.000000 0.349799 0.684075 0.684075 0.684075
4755.048340 0.000000 3342.879395 0.000000 0.838381 0.000000 0.545084 0.649466 0.649466 0.649466
4752.719727 0.000000 3339.660156 0.000000 0.830239 0.000000 0.557407 0.591434 0.591434 0.591434
4777.061035 0.000000 3337.093994 0.000000 0.904061 0.000000 0.427402 0.681092 0.681092 0.681092
4750.206543 0.000000 3344.504639 0.000000 0.680719 0.000000 0.732544 0.606462 0.606462 0.606462
4749.866699 0.000000 3341.548340 0.000000 0.721957 0.000000 0.691938 0.653814 0.653814 0.653814
4808.309570 0.000000 3361.371338 0.000000 0.801162 0.000000 0.598447 0.416429 0.416429 0.416429
4819.704102 0.000000 3346.342285 0.000000 0.913176 0.000000 0.407566 0.458024 0.458024 0.458024
4813.021484 0.000000 3365.207031 0.000000 0.878987 0.000000 0.476846 0.452826 0.452826 0.452826
4825.935547 0.000000 3372.980713 0.000000 0.847657 0.000000 0.530545 0.449821 0.449821 0.449821
4815.028809 0.000000 3345.684082 0.000000 0.938241 0.000000 0.345983 0.489825 0.489825 0.489825
4832.863281 0.000000 3353.402832 0.000000 0.781035 0.000000 0.624488 0.513038 0.513038 0.513038
4876.955566 0.000000 3218.989014 0.000000 0.902248 0.000000 0.431217 0.622075 0.622075 0.622075
4890.914551 0.000000 3214.828857 0.000000 0.739521 0.000000 0.673133 0.667867 0.667867 0.667867
4890.372559 0.000000 3215.981689 0.000000 0.927131 0.000000 0.374736 0.683285 0.683285 0.683285
4889.752441 0.000000 3219.502197 0.000000 0.746724 0.000000 0.665134 0.667890 0.667890 0.667890
4879.939941 0.000000 3217.822998 0.000000 0.674271 0.000000 0.738484 0.580749 0.580749 0.580749
4890.378418 0.000000 3213.798828 0.000000 0.832108 0.000000 0.554614 0.674726 0.674726 0.674726
4892.341797 0.000000 3212.789062 0.000000 0.685699 0.000000 0.727885 0.664611 0.664611 0.664611
4885.127930 0.000000 3217.305420 0.000000 0.773496 0.000000 0.633801 0.669469 0.669469 0.669469
4879.746582 0.000000 3216.488037 0.000000 0.933226 0.000000 0.359289 0.594218 0.594218 0.594218
4885.386719 0.000000 3218.950684 0.000000 0.623122 0.000000 0.782124 0.659979 0.659979 0.659979
4882.747559 0.000000 3215.602295 0.000000 0.752257 0.000000 0.658870 0.617030 0.617030 0.617030
4864.525879 0.000000 3256.912354 0.000000 0.617182 0.000000 0.786820 0.430748 0.430748 0.430748
4871.434570 0.000000 3230.353027 0.000000 0.656080 0.000000 0.754691 0.437149 0.437149 0.437149
4871.363281 0.000000 3243.059814 0.000000 0.753979 0.000000 0.656898 0.465644 0.465644 0.465644
4868.788086 0.000000 3242.110107 0.000000 0.718430 0.000000 0.695600 0.670290 0.670290 0.670290
4870.218750 0.000000 3238.683350 0.000000 0.730891 0.000000 0.682494 0.669742 0.669742 0.669742
4868.220703 0.000000 3236.964111 0.000000 0.883379 0.000000 0.468659 0.678263 0.678263 0.678263
4866.597656 0.000000 3233.074463 0.000000 0.926856 0.000000 0.375417 0.580441 0.580441 0.580441
4865.121582 0.000000 3236.717773 0.000000 0.618051 0.000000 0.786138 0.659928 0.659928 0.659928
4867.978516 0.000000 3235.827393 0.000000 0.736233 0.000000 0.676729 0.667460 0.667460 0.667460
4869.924316 0.000000 3235.248779 0.000000 0.715255 0.000000 0.698863 0.665517 0.665517 0.665517
4876.067383 0.000000 3219.696533 0.000000 0.653685 0.000000 0.756766 0.608937 0.608937 0.608937
4865.144043 0.000000 3245.063721 0.000000 0.752597 0.000000 0.658481 0.671422 0.671422 0.671422
4864.016602 0.000000 3242.762695 0.000000 0.589133 0.000000 0.808036 0.659143 0.659143 0.659143
4871.536621 0.000000 3233.850586 0.000000 0.895213 0.000000 0.445638 0.576408 0.576408 0.576408
4879.718262 0.000000 3220.062744 0.000000 0.919710 0.000000 0.392599 0.682021 0.682021 0.682021
4873.796387 0.000000 3252.103516 0.000000 0.813096 0.000000 0.582129 0.581272 0.581272 0.581272
4920.412109 0.000000 3331.139893 0.000000 0.919659 0.000000 0.392717 0.456413 0.456413 0.456413
4961.210449 0.000000 3320.967041 0.000000 0.791311 0.000000 0.611414 0.391526 0.391526 0.391526
4986.561523 0.000000 3307.853027 0.000000 0.606505 0.000000 0.795079 0.397305 0.397305 0.397305
4960.801270 0.000000 3304.408936 0.000000 0.821542 0.000000 0.570148 0.409434 0.409434 0.409434
4989.382324 0.000000 3306.395996 0.000000 0.738395 0.000000 0.674368 0.403672 0.403672 0.403672
4988.034180 0.000000 3323.916992 0.000000 0.835098 0.000000 0.550101 0.402242 0.402242 0.402242
4968.567383 0.000000 3310.777100 0.000000 0.930225 0.000000 0.366990 0.428243 0.428243 0.428243
4930.335449 0.000000 3307.323730 0.000000 0.724863 0.000000 0.688893 0.431352 0.431352 0.431352
4935.546875 0.000000 3307.398682 0.000000 0.600642 0.000000 0.799518 0.439591 0.439591 0.439591
4985.001953 0.000000 3311.525879 0.000000 0.919468 0.000000 0.393164 0.458311 0.458311 0.458311
4939.256348 0.000000 3329.127197 0.000000 0.718192 0.000000 0.695845 0.427467 0.427467 0.427467
4939.147461 0.000000 3314.259277 0.000000 0.694764 0.000000 0.719238 0.443622 0.443622 0.443622
4960.608398 0.000000 3307.625000 0.000000 0.805886 0.000000 0.592071 0.463493 0.463493 0.463493
4980.319336 0.000000 3303.719482 0.000000 0.897668 0.000000 0.440671 0.482027 0.482027 0.482027
4969.205566 0.000000 3332.550049 0.000000 0.778405 0.000000 0.627762 0.488753 0.488753 0.488753
4985.671875 0.000000 3330.965088 0.000000 0.916928 0.000000 0.399053 0.545628 0.545628 0.545628
4990.572266 0.000000 3326.611572 0.000000 0.671096 0.000000 0.741370 0.551468 0.551468 0.551468
4987.344238 0.000000 3312.730713 0.000000 0.772155 0.000000 0.635434 0.551640 0.551640 0.551640
4976.327148 0.000000 3331.396729 0.000000 0.590780 0.000000 0.806832 0.525176 0.525176 0.525176
4876.375000 0.000000 3387.245850 0.000000 0.619841 0.000000 0.784728 0.387656 0.387656 0.387656
4900.144531 0.000000 3381.539551 0.000000 0.635691 0.000000 0.771944 0.397851 0.397851 0.397851
4891.966309 0.000000 3342.191162 0.000000 0.745633 0.000000 0.666356 0.405704 0.405704 0.405704
4881.033691 0.000000 3372.539062 0.000000 0.801217 0.000000 0.598373 0.416431 0.416431 0.416431
4872.280273 0.000000 3366.809082 0.000000 0.904226 0.000000 0.427054 0.444319 0.444319 0.444319
4921.001953 0.000000 3368.010254 0.000000 0.751054 0.000000 0.660241 0.439471 0.439471 0.439471
4921.112305 0.000000 3339.168457 0.000000 0.931847 0.000000 0.362850 0.455087 0.455087 0.455087
4869.041016 0.000000 3376.354736 0.000000 0.863645 0.000000 0.504100 0.456043 0.456043 0.456043
4901.604004 0.000000 3355.162109 0.000000 0.643479 0.000000 0.765464 0.447931 0.447931 0.447931
4918.041992 0.000000 3332.620361 0.000000 0.910964 0.000000 0.412486 0.495952 0.495952 0.495952
4909.684570 0.000000 3375.488770 0.000000 0.803691 0.000000 0.595047 0.671599 0.671599 0.671599
4914.362305 0.000000 3367.275635 0.000000 0.905778 0.000000 0.423753 0.681226 0.681226 0.681226
4903.871094 0.000000 3353.013672 0.000000 0.882370 0.000000 0.470555 0.496479 0.496479 0.496479
4892.472656 0.000000 3378.094238 0.000000 0.877302 0.000000 0.479938 0.565943 0.565943 0.565943
4909.494141 0.000000 3374.218506 0.000000 0.798210 0.000000 0.602379 0.671191 0.671191 0.671191
4902.706543 0.000000 3377.914307 0.000000 0.760598 0.000000 0.649224 0.588043 0.588043 0.588043
4906.410156 0.000000 3373.614014 0.000000 0.638908 0.000000 0.769283 0.661346 0.661346 0.661346
4873.122070 0.000000 3379.639648 0.000000 0.843762 0.000000 0.536718 0.584702 0.584702 0.584702
4889.064941 0.000000 3383.216797 0.000000 0.809609 0.000000 0.586970 0.547658 0.547658 0.547658
4887.733887 0.000000 3374.479248 0.000000 0.841870 0.000000 0.539680 0.534156 0.534156 0.534156
4908.773926 0.000000 3368.501221 0.000000 0.922717 0.000000 0.385479 0.678414 0.678414 0.678414
4925.255859 0.000000 3353.667969 0.000000 0.928927 0.000000 0.370262 0.639336 0.639336 0.639336
4889.886230 0.000000 3374.650635 0.000000 0.901265 0.000000 0.433268 0.586220 0.586220 0.586220
4914.433594 0.000000 3370.336670 0.000000 0.872684 0.000000 0.488286 0.640585 0.640585 0.640585
4894.155273 0.000000 3388.071777 0.000000 0.941261 0.000000 0.337679 0.680322 0.680322 0.680322
4914.309082 0.000000 3368.390625 0.000000 0.884477 0.000000 0.466583 0.680107 0.680107 0.680107
4916.330566 0.000000 3366.438965 0.000000 0.913368 0.000000 0.407134 0.682670 0.682670 0.682670
4870.803223 0.000000 3385.655762 0.000000 0.925117 0.000000 0.379683 0.642777 0.642777 0.642777
4885.486816 0.000000 3383.832275 0.000000 0.694333 0.000000 0.719654 0.661444 0.661444 0.661444
4961.049316 0.000000 3333.828369 0.000000 0.663135 0.000000 0.748499 0.394663 0.394663 0.394663
4984.246582 0.000000 3335.435059 0.000000 0.730342 0.000000 0.683082 0.401626 0.401626 0.401626
4966.826172 0.000000 3339.314209 0.000000 0.645338 0.000000 0.763897 0.479259 0.479259 0.479259
4953.534668 0.000000 3342.140137 0.000000 0.732318 0.000000 0.680963 0.643436 0.643436 0.643436
4961.739258 0.000000 3335.102051 0.000000 0.728118 0.000000 0.685452 0.483448 0.483448 0.483448
4967.522949 0.000000 3336.576172 0.000000 0.595781 0.000000 0.803147 0.538027 0.538027 0.538027
4964.202637 0.000000 3336.226807 0.000000 0.774174 0.000000 0.632973 0.557273 0.557273 0.557273
4943.853516 0.000000 3347.315430 0.000000 0.642965 0.000000 0.765896 0.515834 0.515834 0.515834
4968.114258 0.000000 3335.133545 0.000000 0.637966 0.000000 0.770064 0.553946 0.553946 0.553946
4931.154785 0.000000 3353.330078 0.000000 0.925049 0.000000 0.379847 0.599258 0.599258 0.599258
4928.030273 0.000000 3349.967285 0.000000 0.798549 0.000000 0.601930 0.571305 0.571305 0.571305
4952.379395 0.000000 3339.286133 0.000000 0.627678 0.000000 0.778473 0.663124 0.663124 0.663124
4950.670898 0.000000 3338.877197 0.000000 0.598025 0.000000 0.801477 0.604866 0.604866 0.604866
5005.872070 0.000000 3304.496338 0.000000 0.897008 0.000000 0.442013 0.393645 0.393645 0.393645
4999.143066 0.000000 3303.478271 0.000000 0.928434 0.000000 0.371498 0.397542 0.397542 0.397542
5003.263184 0.000000 3312.656006 0.000000 0.670765 0.000000 0.741670 0.392951 0.392951 0.392951
5002.576172 0.000000 3306.437500 0.000000 0.853727 0.000000 0.520720 0.487727 0.487727 0.487727
4992.328125 0.000000 3324.562012 0.000000 0.616970 0.000000 0.786987 0.494975 0.494975 0.494975
4997.044922 0.000000 3306.970459 0.000000 0.672908 0.000000 0.739726 0.500246 0.500246 0.500246
4997.217285 0.000000 3324.242676 0.000000 0.699844 0.000000 0.714295 0.541512 0.541512 0.541512
4997.747070 0.000000 3309.064697 0.000000 0.919970 0.000000 0.391988 0.564784 0.564784 0.564784
4666.504395 0.000000 3412.821289 0.000000 0.604286 0.000000 0.796768 0.387571 0.387571 0.387571
4611.498047 0.000000 3389.820068 0.000000 0.627608 0.000000 0.778530 0.456757 0.456757 0.456757
4727.107910 0.000000 3434.263916 0.000000 0.829585 0.000000 0.558381 0.392339 0.392339 0.392339
4714.281250 0.000000 3431.274170 0.000000 0.762876 0.000000 0.646545 0.402349 0.402349 0.402349
4707.619629 0.000000 3430.969482 0.000000 0.778523 0.000000 0.627616 0.436466 0.436466 0.436466
4696.512695 0.000000 3396.795410 0.000000 0.879672 0.000000 0.475580 0.430102 0.430102 0.430102
4680.993164 0.000000 3392.189209 0.000000 0.921435 0.000000 0.388533 0.445049 0.445049 0.445049
4719.960449 0.000000 3432.014160 0.000000 0.930145 0.000000 0.367192 0.487453 0.487453 0.487453
4727.719727 0.000000 3393.092285 0.000000 0.759550 0.000000 0.650449 0.541890 0.541890 0.541890
4715.903809 0.000000 3389.169922 0.000000 0.929824 0.000000 0.368006 0.506498 0.506498 0.506498
4723.583984 0.000000 3393.638428 0.000000 0.864924 0.000000 0.501903 0.555887 0.555887 0.555887
4678.916992 0.000000 3391.486328 0.000000 0.776397 0.000000 0.630244 0.535142 0.535142 0.535142
4723.716797 0.000000 3391.314697 0.000000 0.908377 0.000000 0.418152 0.658296 0.658296 0.658296
4725.817871 0.000000 3390.113037 0.000000 0.714810 0.000000 0.699319 0.669819 0.669819 0.669819
4756.805176 0.000000 3389.130127 0.000000 0.919015 0.000000 0.394224 0.394335 0.394335 0.394335
4740.602051 0.000000 3391.668213 0.000000 0.715659 0.000000 0.698450 0.389190 0.389190 0.389190
4753.493164 0.000000 3433.035400 0.000000 0.794329 0.000000 0.607488 0.399328 0.399328 0.399328
4763.304688 0.000000 3434.201172 0.000000 0.946865 0.000000 0.321632 0.488440 0.488440 0.488440
4760.179688 0.000000 3429.670654 0.000000 0.899361 0.000000 0.437207 0.514318 0.514318 0.514318
4761.886230 0.000000 3431.135010 0.000000 0.594916 0.000000 0.803788 0.537999 0.537999 0.537999
4847.882812 0.000000 3394.086182 0.000000 0.716522 0.000000 0.697565 0.406928 0.406928 0.406928
5419.659668 0.000000 2860.398438 0.000000 0.719201 0.000000 0.694802 0.389299 0.389299 0.389299
5403.203125 0.000000 2863.536377 0.000000 0.839476 0.000000 0.543396 0.396685 0.396685 0.396685
5419.765137 0.000000 2853.502930 0.000000 0.786888 0.000000 0.617096 0.440442 0.440442 0.440442
5418.712402 0.000000 2845.437256 0.000000 0.702837 0.000000 0.711351 0.466060 0.466060 0.466060
5434.028320 0.000000 2893.801758 0.000000 0.925048 0.000000 0.379851 0.394747 0.394747 0.394747
5415.039551 0.000000 2920.864746 0.000000 0.926021 0.000000 0.377472 0.422325 0.422325 0.422325
5415.089844 0.000000 2896.016357 0.000000 0.601934 0.000000 0.798546 0.423057 0.423057 0.423057
5410.837891 0.000000 2928.794434 0.000000 0.731686 0.000000 0.681642 0.450137 0.450137 0.450137
5410.421875 0.000000 2917.195068 0.000000 0.746913 0.000000 0.664922 0.526628 0.526628 0.526628
5434.459473 0.000000 2922.227295 0.000000 0.886246 0.000000 0.463214 0.562689 0.562689 0.562689
5441.118652 0.000000 2925.433350 0.000000 0.678275 0.000000 0.734808 0.388461 0.388461 0.388461
5545.205566 0.000000 2937.159424 0.000000 0.797300 0.000000 0.603583 0.465093 0.465093 0.465093
5374.147949 0.000000 3151.595459 0.000000 0.719603 0.000000 0.694386 0.642790 0.642790 0.642790
5368.862793 0.000000 3140.763428 0.000000 0.689558 0.000000 0.724231 0.650357 0.650357 0.650357
5374.499512 0.000000 3136.029297 0.000000 0.726314 0.000000 0.687363 0.538792 0.538792 0.538792
5372.439453 0.000000 3155.693604 0.000000 0.740606 0.000000 0.671940 0.643864 0.643864 0.643864
5373.902344 0.000000 3129.490967 0.000000 0.941534 0.000000 0.336919 0.686818 0.686818 0.686818
5375.124512 0.000000 3130.354004 0.000000 0.915062 0.000000 0.403313 0.681500 0.681500 0.681500
5370.567871 0.000000 3131.450928 0.000000 0.766859 0.000000 0.641816 0.673390 0.673390 0.673390
5375.352051 0.000000 3128.334473 0.000000 0.825631 0.000000 0.564210 0.673285 0.673285 0.673285
5435.815430 0.000000 2955.907227 0.000000 0.875143 0.000000 0.483864 0.401478 0.401478 0.401478
5436.312988 0.000000 2960.942383 0.000000 0.849083 0.000000 0.528259 0.440434 0.440434 0.440434
5438.420410 0.000000 2950.528320 0.000000 0.801398 0.000000 0.598132 0.513798 0.513798 0.513798
5438.477051 0.000000 2962.593750 0.000000 0.849192 0.000000 0.528084 0.541985 0.541985 0.541985
5436.159668 0.000000 2954.823730 0.000000 0.731525 0.000000 0.681815 0.555549 0.555549 0.555549
5405.897949 0.000000 2938.212891 0.000000 0.657802 0.000000 0.753191 0.572840 0.572840 0.572840
5418.009766 0.000000 3048.608643 0.000000 0.844891 0.000000 0.534939 0.392672 0.392672 0.392672
5423.868652 0.000000 3042.082764 0.000000 0.867674 0.000000 0.497134 0.393142 0.393142 0.393142
5433.910645 0.000000 3041.622803 0.000000 0.777113 0.000000 0.629362 0.390959 0.390959 0.390959
5433.814453 0.000000 3012.514404 0.000000 0.706045 0.000000 0.708167 0.429041 0.429041 0.429041
5433.728516 0.000000 3019.066650 0.000000 0.598741 0.000000 0.800943 0.445060 0.445060 0.445060
5414.337891 0.000000 3063.892334 0.000000 0.761966 0.000000 0.647617 0.390362 0.390362 0.390362
5411.200195 0.000000 3062.953125 0.000000 0.929589 0.000000 0.368597 0.394873 0.394873 0.394873
5420.352051 0.000000 3067.417236 0.000000 0.589559 0.000000 0.807725 0.387089 0.387089 0.387089
5422.671387 0.000000 3096.610840 0.000000 0.832185 0.000000 0.554498 0.392714 0.392714 0.392714
5411.506348 0.000000 3082.026367 0.000000 0.796274 0.000000 0.604937 0.496824 0.496824 0.496824
5422.671387 0.000000 3083.692871 0.000000 0.644871 0.000000 0.764291 0.464540 0.464540 0.464540
5415.319336 0.000000 3074.868896 0.000000 0.779417 0.000000 0.626505 0.507401 0.507401 0.507401
5401.752441 0.000000 3106.533447 0.000000 0.934981 0.000000 0.354699 0.546825 0.546825 0.546825
5394.479492 0.000000 3096.799805 0.000000 0.890148 0.000000 0.455671 0.528966 0.528966 0.528966
5409.875488 0.000000 3084.918945 0.000000 0.896760 0.000000 0.442517 0.580274 0.580274 0.580274
5415.517090 0.000000 3084.844482 0.000000 0.704582 0.000000 0.709623 0.620245 0.620245 0.620245
5470.952637 0.000000 3069.668457 0.000000 0.936524 0.000000 0.350603 0.395081 0.395081 0.395081
5454.650879 0.000000 3100.497070 0.000000 0.798332 0.000000 0.602218 0.391126 0.391126 0.391126
5455.736328 0.000000 3080.917480 0.000000 0.616313 0.000000 0.787502 0.441778 0.441778 0.441778
5458.234375 0.000000 3081.619385 0.000000 0.889245 0.000000 0.457431 0.680115 0.680115 0.680115
5443.005859 0.000000 3101.114258 0.000000 0.714392 0.000000 0.699745 0.549383 0.549383 0.549383
5461.500000 0.000000 3080.340088 0.000000 0.597760 0.000000 0.801675 0.629956 0.629956 0.629956
5462.742676 0.000000 3076.784424 0.000000 0.628790 0.000000 0.777575 0.589855 0.589855 0.589855
5383.979980 0.000000 3148.775879 0.000000 0.912328 0.000000 0.409459 0.394566 0.394566 0.394566
5414.889160 0.000000 3130.080322 0.000000 0.723973 0.000000 0.689829 0.389927 0.389927 0.389927
5401.774414 0.000000 3156.339844 0.000000 0.922419 0.000000 0.386191 0.420265 0.420265 0.420265
5390.777344 0.000000 3126.892822 0.000000 0.921920 0.000000 0.387379 0.425977 0.425977 0.425977
5379.621094 0.000000 3143.728516 0.000000 0.804264 0.000000 0.594273 0.645532 0.645532 0.645532
5378.058594 0.000000 3125.080078 0.000000 0.934597 0.000000 0.355707 0.683794 0.683794 0.683794
5380.081543 0.000000 3126.610352 0.000000 0.901661 0.000000 0.432443 0.676499 0.676499 0.676499
5388.183105 0.000000 3116.295898 0.000000 0.819489 0.000000 0.573095 0.674510 0.674510 0.674510
5403.970215 0.000000 3107.622803 0.000000 0.752471 0.000000 0.658626 0.572962 0.572962 0.572962
5390.943359 0.000000 3147.235107 0.000000 0.674908 0.000000 0.737902 0.622525 0.622525 0.622525
5389.527344 0.000000 3113.684326 0.000000 0.706755 0.000000 0.707458 0.543596 0.543596 0.543596
5381.319336 0.000000 3126.609131 0.000000 0.931037 0.000000 0.364926 0.679239 0.679239 0.679239
5392.053223 0.000000 3112.000977 0.000000 0.678570 0.000000 0.734536 0.613627 0.613627 0.613627
5422.356934 0.000000 3123.937744 0.000000 0.813784 0.000000 0.581167 0.599855 0.599855 0.599855
5377.121582 0.000000 3123.749023 0.000000 0.784648 0.000000 0.619941 0.671721 0.671721 0.671721
5393.432129 0.000000 3161.771484 0.000000 0.858806 0.000000 0.512301 0.619144 0.619144 0.619144
5393.965332 0.000000 3147.265869 0.000000 0.936307 0.000000 0.351184 0.685796 0.685796 0.685796
5377.237793 0.000000 3142.962646 0.000000 0.786790 0.000000 0.617221 0.533696 0.533696 0.533696
5381.862793 0.000000 3142.505615 0.000000 0.903201 0.000000 0.429219 0.593891 0.593891 0.593891
5425.437988 0.000000 3122.815430 0.000000 0.790264 0.000000 0.612767 0.587577 0.587577 0.587577
5391.914062 0.000000 3146.764648 0.000000 0.832658 0.000000 0.553788 0.630571 0.630571 0.630571
5392.762695 0.000000 3158.344727 0.000000 0.754195 0.000000 0.656651 0.607956 0.607956 0.607956
5380.652344 0.000000 3143.915771 0.000000 0.631429 0.000000 0.775434 0.580915 0.580915 0.580915
5382.427246 0.000000 3117.198486 0.000000 0.650205 0.000000 0.759759 0.665767 0.665767 0.665767
5391.058105 0.000000 3112.366943 0.000000 0.722621 0.000000 0.691245 0.668590 0.668590 0.668590
5394.747559 0.000000 3159.117920 0.000000 0.656367 0.000000 0.754442 0.581868 0.581868 0.581868
5389.866699 0.000000 3115.610840 0.000000 0.941567 0.000000 0.336825 0.684691 0.684691 0.684691
5447.671387 0.000000 3131.497070 0.000000 0.746448 0.000000 0.665444 0.390693 0.390693 0.390693
5443.820801 0.000000 3120.446045 0.000000 0.614136 0.000000 0.789200 0.387557 0.387557 0.387557
5453.612305 0.000000 3109.769287 0.000000 0.682776 0.000000 0.730628 0.389458 0.389458 0.389458
5465.618652 0.000000 3158.317871 0.000000 0.784700 0.000000 0.619876 0.399099 0.399099 0.399099
5456.985352 0.000000 3128.816406 0.000000 0.855237 0.000000 0.518238 0.434966 0.434966 0.434966
5459.835449 0.000000 3127.527588 0.000000 0.868226 0.000000 0.496170 0.429715 0.429715 0.429715
5455.853516 0.000000 3121.377930 0.000000 0.811281 0.000000 0.584657 0.638563 0.638563 0.638563
5451.042480 0.000000 3147.672607 0.000000 0.650165 0.000000 0.759793 0.567104 0.567104 0.567104
5456.554199 0.000000 3159.415527 0.000000 0.633454 0.000000 0.773780 0.544701 0.544701 0.544701
5455.381836 0.000000 3162.207275 0.000000 0.845816 0.000000 0.533475 0.655515 0.655515 0.655515
5529.618652 0.000000 3101.833496 0.000000 0.687528 0.000000 0.726158 0.398866 0.398866 0.398866
5525.843750 0.000000 3100.440918 0.000000 0.680513 0.000000 0.732736 0.419172 0.419172 0.419172
5940.777832 0.000000 2857.166748 0.000000 0.854770 0.000000 0.519007 0.440620 0.440620 0.440620
5974.292480 0.000000 2855.639404 0.000000 0.595286 0.000000 0.803514 0.485258 0.485258 0.485258
5991.260742 0.000000 2902.307129 0.000000 0.707621 0.000000 0.706593 0.412327 0.412327 0.412327
5897.795410 0.000000 2937.211914 0.000000 0.715623 0.000000 0.698486 0.389266 0.389266 0.389266
5989.886230 0.000000 3039.843506 0.000000 0.633265 0.000000 0.773935 0.471596 0.471596 0.471596
5973.208496 0.000000 3090.035400 0.000000 0.595809 0.000000 0.803126 0.387894 0.387894 0.387894
5386.351562 0.000000 3184.003906 0.000000 0.650573 0.000000 0.759444 0.388760 0.388760 0.388760
5391.870117 0.000000 3199.947754 0.000000 0.689796 0.000000 0.724004 0.388803 0.388803 0.388803
5397.918945 0.000000 3174.632324 0.000000 0.643688 0.000000 0.765288 0.446092 0.446092 0.446092
5407.750977 0.000000 3169.708008 0.000000 0.640128 0.000000 0.768268 0.457061 0.457061 0.457061
5390.755859 0.000000 3172.572998 0.000000 0.807705 0.000000 0.589588 0.573588 0.573588 0.573588
5390.623047 0.000000 3167.836426 0.000000 0.931473 0.000000 0.363810 0.673615 0.673615 0.673615
5403.442383 0.000000 3171.547852 0.000000 0.631577 0.000000 0.775313 0.665347 0.665347 0.665347
5384.409180 0.000000 3177.944580 0.000000 0.801994 0.000000 0.597332 0.582587 0.582587 0.582587
5392.268066 0.000000 3175.403076 0.000000 0.662405 0.000000 0.749146 0.602060 0.602060 0.602060
5385.798340 0.000000 3168.498535 0.000000 0.836230 0.000000 0.548379 0.643769 0.643769 0.643769
5390.511719 0.000000 3173.759521 0.000000 0.889651 0.000000 0.456641 0.577949 0.577949 0.577949
5478.469727 0.000000 3189.718994 0.000000 0.719900 0.000000 0.694078 0.389466 0.389466 0.389466
5467.203125 0.000000 3202.442627 0.000000 0.710050 0.000000 0.704151 0.395595 0.395595 0.395595
5473.987305 0.000000 3200.738770 0.000000 0.641439 0.000000 0.767174 0.401669 0.401669 0.401669
5473.433594 0.000000 3198.928467 0.000000 0.620247 0.000000 0.784407 0.432657 0.432657 0.432657
5473.699219 0.000000 3176.555176 0.000000 0.796454 0.000000 0.604699 0.448212 0.448212 0.448212
5471.902832 0.000000 3178.408691 0.000000 0.707412 0.000000 0.706802 0.598515 0.598515 0.598515
5469.510254 0.000000 3177.187988 0.000000 0.864598 0.000000 0.502465 0.678104 0.678104 0.678104
5472.863281 0.000000 3183.949707 0.000000 0.931491 0.000000 0.363765 0.548484 0.548484 0.548484
5461.918945 0.000000 3184.030029 0.000000 0.883851 0.000000 0.467769 0.679669 0.679669 0.679669
5468.718750 0.000000 3173.625488 0.000000 0.868980 0.000000 0.494847 0.557977 0.557977 0.557977
5477.454590 0.000000 3192.308838 0.000000 0.805903 0.000000 0.592048 0.643784 0.643784 0.643784
5473.560059 0.000000 3192.131592 0.000000 0.750686 0.000000 0.660659 0.671496 0.671496 0.671496
5460.853027 0.000000 3184.041504 0.000000 0.609701 0.000000 0.792632 0.661778 0.661778 0.661778
5472.426758 0.000000 3232.047119 0.000000 0.627235 0.000000 0.778830 0.388231 0.388231 0.388231
5450.072266 0.000000 3275.781494 0.000000 0.936221 0.000000 0.351413 0.395159 0.395159 0.395159
5475.200195 0.000000 3232.406250 0.000000 0.719955 0.000000 0.694021 0.389544 0.389544 0.389544
5473.491699 0.000000 3225.504639 0.000000 0.909797 0.000000 0.415054 0.394102 0.394102 0.394102
5499.739258 0.000000 3224.115967 0.000000 0.923320 0.000000 0.384031 0.405004 0.405004 0.405004
5482.257812 0.000000 3221.871826 0.000000 0.626999 0.000000 0.779020 0.408794 0.408794 0.408794
5481.963379 0.000000 3227.138672 0.000000 0.899480 0.000000 0.436963 0.425104 0.425104 0.425104
5556.657715 0.000000 3163.161133 0.000000 0.884313 0.000000 0.466895 0.396051 0.396051 0.396051
5561.360352 0.000000 3174.381592 0.000000 0.749725 0.000000 0.661750 0.405797 0.405797 0.405797
5542.581055 0.000000 3254.733887 0.000000 0.927771 0.000000 0.373149 0.394826 0.394826 0.394826
5518.650879 0.000000 3269.950195 0.000000 0.893312 0.000000 0.449437 0.393553 0.393553 0.393553
5523.576660 0.000000 3255.061035 0.000000 0.676696 0.000000 0.736263 0.396788 0.396788 0.396788
5542.962402 0.000000 3263.789307 0.000000 0.823979 0.000000 0.566621 0.405725 0.405725 0.405725
5540.342285 0.000000 3275.278076 0.000000 0.695814 0.000000 0.718222 0.404623 0.404623 0.404623
5528.887695 0.000000 3261.209473 0.000000 0.903772 0.000000 0.428013 0.406205 0.406205 0.406205
5526.911621 0.000000 3260.598877 0.000000 0.943699 0.000000 0.330806 0.423112 0.423112 0.423112
5516.080078 0.000000 3250.898193 0.000000 0.906821 0.000000 0.421516 0.423473 0.423473 0.423473
5514.704590 0.000000 3242.351807 0.000000 0.839097 0.000000 0.543982 0.425021 0.425021 0.425021
5523.881836 0.000000 3258.146973 0.000000 0.726880 0.000000 0.686764 0.435126 0.435126 0.435126
5482.673340 0.000000 3276.237549 0.000000 0.880864 0.000000 0.473369 0.393401 0.393401 0.393401
5478.581055 0.000000 3311.218262 0.000000 0.772679 0.000000 0.634797 0.390728 0.390728 0.390728
5453.612305 0.000000 3279.222412 0.000000 0.913688 0.000000 0.406417 0.397005 0.397005 0.397005
5467.966309 0.000000 3285.706787 0.000000 0.869242 0.000000 0.494387 0.414584 0.414584 0.414584
5467.504395 0.000000 3290.072021 0.000000 0.867257 0.000000 0.497860 0.416419 0.416419 0.416419
5497.814453 0.000000 3294.936279 0.000000 0.938190 0.000000 0.346119 0.420939 0.420939 0.420939
5559.819336 0.000000 3294.924561 0.000000 0.934070 0.000000 0.357089 0.395023 0.395023 0.395023
5532.947754 0.000000 3306.165527 0.000000 0.678998 0.000000 0.734140 0.388639 0.388639 0.388639
5537.412109 0.000000 3291.050781 0.000000 0.711132 0.000000 0.703058 0.389177 0.389177 0.389177
5556.657715 0.000000 3276.129883 0.000000 0.848776 0.000000 0.528752 0.406400 0.406400 0.406400
5504.712402 0.000000 3294.314697 0.000000 0.600164 0.000000 0.799877 0.399036 0.399036 0.399036
5504.597656 0.000000 3296.561035 0.000000 0.883418 0.000000 0.468586 0.411237 0.411237 0.411237
5543.104492 0.000000 3287.987305 0.000000 0.908682 0.000000 0.417489 0.433073 0.433073 0.433073
5528.332520 0.000000 3311.298096 0.000000 0.814205 0.000000 0.580577 0.411125 0.411125 0.411125
5561.206055 0.000000 3285.720215 0.000000 0.778477 0.000000 0.627674 0.443950 0.443950 0.443950
5542.707031 0.000000 3284.651123 0.000000 0.877086 0.000000 0.480333 0.450860 0.450860 0.450860
5556.695801 0.000000 3312.197510 0.000000 0.590653 0.000000 0.806926 0.474180 0.474180 0.474180
5591.935547 0.000000 3313.148926 0.000000 0.941507 0.000000 0.336993 0.395246 0.395246 0.395246
5609.650879 0.000000 3285.380371 0.000000 0.611247 0.000000 0.791440 0.391840 0.391840 0.391840
5576.722168 0.000000 3308.612793 0.000000 0.644195 0.000000 0.764861 0.405431 0.405431 0.405431
5615.350098 0.000000 3330.836914 0.000000 0.834702 0.000000 0.550703 0.419230 0.419230 0.419230
5600.594727 0.000000 3295.732178 0.000000 0.790097 0.000000 0.612982 0.442406 0.442406 0.442406
5577.912598 0.000000 3305.195801 0.000000 0.700887 0.000000 0.713273 0.454897 0.454897 0.454897
5601.699219 0.000000 3289.523926 0.000000 0.875019 0.000000 0.484088 0.445103 0.445103 0.445103
5573.597168 0.000000 3302.980469 0.000000 0.797432 0.000000 0.603409 0.513647 0.513647 0.513647
5606.214844 0.000000 3288.723633 0.000000 0.624591 0.000000 0.780952 0.618534 0.618534 0.618534
5545.322754 0.000000 3380.853760 0.000000 0.945246 0.000000 0.326359 0.395618 0.395618 0.395618
5537.448730 0.000000 3355.875000 0.000000 0.608945 0.000000 0.793212 0.387513 0.387513 0.387513
5554.798340 0.000000 3369.259277 0.000000 0.690001 0.000000 0.723808 0.388928 0.388928 0.388928
5550.782227 0.000000 3374.642334 0.000000 0.652536 0.000000 0.757758 0.394460 0.394460 0.394460
5616.918945 0.000000 3347.564209 0.000000 0.601908 0.000000 0.798566 0.387670 0.387670 0.387670
5578.072266 0.000000 3388.750244 0.000000 0.939165 0.000000 0.343466 0.395203 0.395203 0.395203
5631.510742 0.000000 3357.314941 0.000000 0.738720 0.000000 0.674013 0.398066 0.398066 0.398066
5623.794922 0.000000 3345.584229 0.000000 0.911608 0.000000 0.411060 0.400753 0.400753 0.400753
5625.678223 0.000000 3347.699707 0.000000 0.803353 0.000000 0.595503 0.405196 0.405196 0.405196
5595.739258 0.000000 3376.201416 0.000000 0.772774 0.000000 0.634682 0.421332 0.421332 0.421332
5618.999023 0.000000 3339.920898 0.000000 0.928739 0.000000 0.370734 0.433914 0.433914 0.433914
5616.748535 0.000000 3333.990479 0.000000 0.597856 0.000000 0.801604 0.426656 0.426656 0.426656
5594.057129 0.000000 3368.041260 0.000000 0.639832 0.000000 0.768515 0.420153 0.420153 0.420153
5621.071289 0.000000 3337.319336 0.000000 0.743118 0.000000 0.669160 0.444855 0.444855 0.444855
5863.299805 0.000000 3265.988770 0.000000 0.887429 0.000000 0.460945 0.393494 0.393494 0.393494
5712.425781 0.000000 3326.796875 0.000000 0.717461 0.000000 0.696598 0.438613 0.438613 0.438613
5710.414551 0.000000 3325.371826 0.000000 0.944915 0.000000 0.327316 0.648461 0.648461 0.648461
5709.021484 0.000000 3365.207031 0.000000 0.605797 0.000000 0.795619 0.461738 0.461738 0.461738
5698.857910 0.000000 3374.921631 0.000000 0.823133 0.000000 0.567849 0.622600 0.622600 0.622600
5699.040527 0.000000 3380.623779 0.000000 0.933885 0.000000 0.357573 0.529612 0.529612 0.529612
5771.461426 0.000000 3303.688232 0.000000 0.853803 0.000000 0.520597 0.433030 0.433030 0.433030
5772.996094 0.000000 3305.925537 0.000000 0.915520 0.000000 0.402272 0.490484 0.490484 0.490484
5774.943359 0.000000 3316.688232 0.000000 0.763834 0.000000 0.645413 0.525397 0.525397 0.525397
5866.440430 0.000000 3292.302734 0.000000 0.866320 0.000000 0.499489 0.420180 0.420180 0.420180
5885.367188 0.000000 3327.229492 0.000000 0.655997 0.000000 0.754763 0.558221 0.558221 0.558221
5829.597168 0.000000 3302.980469 0.000000 0.923100 0.000000 0.384560 0.532727 0.532727 0.532727
5832.698730 0.000000 3307.558594 0.000000 0.601751 0.000000 0.798684 0.619375 0.619375 0.619375
5886.093750 0.000000 3324.970703 0.000000 0.590720 0.000000 0.806877 0.627869 0.627869 0.627869
5819.100586 0.000000 3342.670898 0.000000 0.934241 0.000000 0.356643 0.395084 0.395084 0.395084
5802.440430 0.000000 3348.787109 0.000000 0.938131 0.000000 0.346280 0.420936 0.420936 0.420936
5821.505859 0.000000 3340.654541 0.000000 0.931864 0.000000 0.362808 0.561820 0.561820 0.561820
5810.448730 0.000000 3375.802979 0.000000 0.838977 0.000000 0.544167 0.582584 0.582584 0.582584
5812.968750 0.000000 3364.325684 0.000000 0.850108 0.000000 0.526609 0.598109 0.598109 0.598109
5809.734375 0.000000 3350.687256 0.000000 0.623488 0.000000 0.781833 0.575190 0.575190 0.575190
5822.448730 0.000000 3333.103027 0.000000 0.626170 0.000000 0.779686 0.560796 0.560796 0.560796
5825.219727 0.000000 3340.596680 0.000000 0.663233 0.000000 0.748413 0.583952 0.583952 0.583952
6009.187988 0.000000 3251.094727 0.000000 0.899187 0.000000 0.437564 0.657537 0.657537 0.657537
6014.281738 0.000000 3272.677002 0.000000 0.873047 0.000000 0.487637 0.552558 0.552558 0.552558
6009.725098 0.000000 3252.112061 0.000000 0.908190 0.000000 0.418558 0.565902 0.565902 0.565902
5925.085938 0.000000 3302.464600 0.000000 0.787343 0.000000 0.616515 0.468519 0.468519 0.468519
5930.783691 0.000000 3308.899902 0.000000 0.765525 0.000000 0.643407 0.582741 0.582741 0.582741
6014.948242 0.000000 3278.247803 0.000000 0.762350 0.000000 0.647165 0.391081 0.391081 0.391081
6012.552246 0.000000 3277.403076 0.000000 0.720427 0.000000 0.693531 0.630094 0.630094 0.630094
5893.933594 0.000000 3373.414795 0.000000 0.920251 0.000000 0.391329 0.682961 0.682961 0.682961
5895.570801 0.000000 3375.674072 0.000000 0.607080 0.000000 0.794640 0.549267 0.549267 0.549267
5967.467773 0.000000 3350.954834 0.000000 0.886225 0.000000 0.463256 0.615307 0.615307 0.615307
6038.604004 0.000000 3371.107666 0.000000 0.829977 0.000000 0.557798 0.405884 0.405884 0.405884
6036.708984 0.000000 3376.143555 0.000000 0.689852 0.000000 0.723950 0.486018 0.486018 0.486018
6030.943359 0.000000 3373.172607 0.000000 0.938436 0.000000 0.345454 0.686254 0.686254 0.686254
6076.292969 0.000000 3388.900879 0.000000 0.887053 0.000000 0.461667 0.680889 0.680889 0.680889
6038.346191 0.000000 3375.843262 0.000000 0.849095 0.000000 0.528240 0.678457 0.678457 0.678457
6139.914062 0.000000 3360.900879 0.000000 0.909524 0.000000 0.415651 0.492081 0.492081 0.492081
5710.368652 0.000000 3444.916016 0.000000 0.645182 0.000000 0.764029 0.411009 0.411009 0.411009
5696.328125 0.000000 3437.530762 0.000000 0.837073 0.000000 0.547091 0.573164 0.573164 0.573164
5703.085449 0.000000 3443.148682 0.000000 0.605290 0.000000 0.796005 0.610546 0.610546 0.610546
5704.754883 0.000000 3442.775146 0.000000 0.656987 0.000000 0.753901 0.612693 0.612693 0.612693
5682.750488 0.000000 3486.100098 0.000000 0.861491 0.000000 0.507773 0.421923 0.421923 0.421923
5685.881348 0.000000 3487.706543 0.000000 0.832995 0.000000 0.553281 0.533761 0.533761 0.533761
5684.589844 0.000000 3488.965576 0.000000 0.750079 0.000000 0.661349 0.583895 0.583895 0.583895
5687.349609 0.000000 3486.016846 0.000000 0.705311 0.000000 0.708898 0.574685 0.574685 0.574685
5708.215332 0.000000 3456.403320 0.000000 0.905938 0.000000 0.423410 0.682427 0.682427 0.682427
5719.045898 0.000000 3447.180664 0.000000 0.667060 0.000000 0.745004 0.560443 0.560443 0.560443
5821.512207 0.000000 3389.088623 0.000000 0.857937 0.000000 0.513755 0.393049 0.393049 0.393049
5813.449707 0.000000 3438.954102 0.000000 0.849084 0.000000 0.528257 0.413977 0.413977 0.413977
5821.818848 0.000000 3390.427734 0.000000 0.789772 0.000000 0.613401 0.641020 0.641020 0.641020
5784.351074 0.000000 3441.192871 0.000000 0.893873 0.000000 0.448320 0.680339 0.680339 0.680339
5819.590332 0.000000 3392.215088 0.000000 0.709532 0.000000 0.704674 0.666110 0.666110 0.666110
5786.914551 0.000000 3440.766357 0.000000 0.764242 0.000000 0.644929 0.582683 0.582683 0.582683
5817.375000 0.000000 3392.320312 0.000000 0.660019 0.000000 0.751249 0.665614 0.665614 0.665614
5821.388184 0.000000 3428.877441 0.000000 0.865566 0.000000 0.500794 0.679513 0.679513 0.679513
5847.885254 0.000000 3414.842529 0.000000 0.700761 0.000000 0.713397 0.389808 0.389808 0.389808
5867.060059 0.000000 3423.196045 0.000000 0.831120 0.000000 0.556093 0.404026 0.404026 0.404026
5824.523438 0.000000 3390.718506 0.000000 0.908497 0.000000 0.417891 0.459720 0.459720 0.459720
5867.175293 0.000000 3407.359863 0.000000 0.896642 0.000000 0.442756 0.464908 0.464908 0.464908
5836.996094 0.000000 3418.894287 0.000000 0.656321 0.000000 0.754482 0.455617 0.455617 0.455617
5844.708984 0.000000 3432.627930 0.000000 0.681414 0.000000 0.731898 0.663409 0.663409 0.663409
5862.464355 0.000000 3431.956543 0.000000 0.820755 0.000000 0.571280 0.499590 0.499590 0.499590
5847.285645 0.000000 3428.772949 0.000000 0.676499 0.000000 0.736444 0.656931 0.656931 0.656931
5838.057129 0.000000 3423.724854 0.000000 0.815006 0.000000 0.579452 0.675914 0.675914 0.675914
5854.868164 0.000000 3409.804688 0.000000 0.799762 0.000000 0.600317 0.513736 0.513736 0.513736
5865.341797 0.000000 3417.712402 0.000000 0.599630 0.000000 0.800277 0.661655 0.661655 0.661655
5856.863281 0.000000 3409.887207 0.000000 0.934380 0.000000 0.356277 0.575314 0.575314 0.575314
5847.342773 0.000000 3413.802979 0.000000 0.879939 0.000000 0.475086 0.680274 0.680274 0.680274
5848.429199 0.000000 3412.996094 0.000000 0.838991 0.000000 0.544145 0.677979 0.677979 0.677979
5856.087402 0.000000 3429.181641 0.000000 0.907138 0.000000 0.420834 0.556382 0.556382 0.556382
5841.965332 0.000000 3429.687744 0.000000 0.865685 0.000000 0.500589 0.630778 0.630778 0.630778
5865.081055 0.000000 3416.579834 0.000000 0.630795 0.000000 0.775949 0.663290 0.663290 0.663290
5871.327637 0.000000 3444.870605 0.000000 0.854331 0.000000 0.519730 0.648653 0.648653 0.648653
5863.517090 0.000000 3423.750732 0.000000 0.742934 0.000000 0.669365 0.640336 0.640336 0.640336
5852.289062 0.000000 3413.266113 0.000000 0.679624 0.000000 0.733561 0.646255 0.646255 0.646255
5855.024902 0.000000 3413.682861 0.000000 0.938606 0.000000 0.344991 0.644030 0.644030 0.644030
5787.443848 0.000000 3477.811768 0.000000 0.595102 0.000000 0.803650 0.393400 0.393400 0.393400
5774.057129 0.000000 3497.382812 0.000000 0.869780 0.000000 0.493440 0.461939 0.461939 0.461939
5788.743164 0.000000 3474.159912 0.000000 0.772235 0.000000 0.635337 0.475510 0.475510 0.475510
5781.230957 0.000000 3484.059326 0.000000 0.933098 0.000000 0.359623 0.575215 0.575215 0.575215
5821.505859 0.000000 3453.623291 0.000000 0.763815 0.000000 0.645435 0.610256 0.610256 0.610256
5782.163574 0.000000 3448.512207 0.000000 0.922246 0.000000 0.386604 0.638748 0.638748 0.638748
5789.048828 0.000000 3447.189453 0.000000 0.818063 0.000000 0.575129 0.508839 0.508839 0.508839
5780.037109 0.000000 3485.295654 0.000000 0.711405 0.000000 0.702783 0.563943 0.563943 0.563943
5782.239258 0.000000 3485.077881 0.000000 0.840131 0.000000 0.542383 0.565855 0.565855 0.565855
5819.028320 0.000000 3450.950684 0.000000 0.912581 0.000000 0.408896 0.573753 0.573753 0.573753
5782.670898 0.000000 3451.845947 0.000000 0.791475 0.000000 0.611201 0.671443 0.671443 0.671443
5862.893555 0.000000 3464.994141 0.000000 0.625853 0.000000 0.779941 0.388476 0.388476 0.388476
5838.401855 0.000000 3487.242676 0.000000 0.921242 0.000000 0.388991 0.395361 0.395361 0.395361
5851.528320 0.000000 3480.086182 0.000000 0.877751 0.000000 0.479117 0.424344 0.424344 0.424344
5871.250488 0.000000 3474.527832 0.000000 0.943170 0.000000 0.332310 0.428841 0.428841 0.428841
5847.955566 0.000000 3479.337402 0.000000 0.863743 0.000000 0.503932 0.461713 0.461713 0.461713
5865.405762 0.000000 3483.399658 0.000000 0.873902 0.000000 0.486102 0.607006 0.607006 0.607006
5851.792969 0.000000 3474.987549 0.000000 0.880530 0.000000 0.473991 0.511501 0.511501 0.511501
5837.130371 0.000000 3487.723145 0.000000 0.713085 0.000000 0.701077 0.665446 0.665446 0.665446
5863.291504 0.000000 3484.552490 0.000000 0.908540 0.000000 0.417798 0.681244 0.681244 0.681244
5834.347656 0.000000 3485.616455 0.000000 0.935800 0.000000 0.352531 0.628593 0.628593 0.628593
5866.590820 0.000000 3448.955811 0.000000 0.848991 0.000000 0.528407 0.555080 0.555080 0.555080
5860.052246 0.000000 3484.989990 0.000000 0.596881 0.000000 0.802330 0.612001 0.612001 0.612001
5870.371582 0.000000 3470.171631 0.000000 0.666721 0.000000 0.745307 0.571358 0.571358 0.571358
5874.345703 0.000000 3458.662598 0.000000 0.798090 0.000000 0.602538 0.671860 0.671860 0.671860
5860.187500 0.000000 3458.602539 0.000000 0.922971 0.000000 0.384871 0.684328 0.684328 0.684328
5871.757812 0.000000 3448.312256 0.000000 0.817090 0.000000 0.576510 0.672618 0.672618 0.672618
5872.417969 0.000000 3452.504639 0.000000 0.743622 0.000000 0.668600 0.581776 0.581776 0.581776
5842.954102 0.000000 3484.462646 0.000000 0.846638 0.000000 0.532170 0.640716 0.640716 0.640716
5868.935547 0.000000 3467.399414 0.000000 0.680351 0.000000 0.732887 0.622770 0.622770 0.622770
5646.213379 0.000000 3503.736084 0.000000 0.809972 0.000000 0.586469 0.459875 0.459875 0.459875
5661.493652 0.000000 3509.389160 0.000000 0.815573 0.000000 0.578654 0.676599 0.676599 0.676599
5709.306641 0.000000 3526.582764 0.000000 0.809090 0.000000 0.587684 0.437324 0.437324 0.437324
5731.032227 0.000000 3519.667480 0.000000 0.755520 0.000000 0.655126 0.671974 0.671974 0.671974
5736.134277 0.000000 3546.621826 0.000000 0.795821 0.000000 0.605531 0.556347 0.556347 0.556347
5741.231445 0.000000 3555.614258 0.000000 0.859305 0.000000 0.511464 0.570585 0.570585 0.570585
5691.590332 0.000000 3561.668213 0.000000 0.721003 0.000000 0.692932 0.653765 0.653765 0.653765
5710.213379 0.000000 3560.220459 0.000000 0.681792 0.000000 0.731546 0.448858 0.448858 0.448858
5698.034668 0.000000 3584.601318 0.000000 0.899734 0.000000 0.436438 0.561598 0.561598 0.561598
5698.932617 0.000000 3582.676758 0.000000 0.907975 0.000000 0.419024 0.603653 0.603653 0.603653
5771.583984 0.000000 3505.588867 0.000000 0.913065 0.000000 0.407815 0.501758 0.501758 0.501758
5775.028809 0.000000 3515.137207 0.000000 0.683712 0.000000 0.729752 0.495050 0.495050 0.495050
5804.463379 0.000000 3516.654785 0.000000 0.840027 0.000000 0.542545 0.671802 0.671802 0.671802
5807.897461 0.000000 3513.716797 0.000000 0.887659 0.000000 0.460501 0.564653 0.564653 0.564653
5832.161133 0.000000 3514.152588 0.000000 0.807135 0.000000 0.590367 0.467281 0.467281 0.467281
5831.500488 0.000000 3521.327637 0.000000 0.621402 0.000000 0.783492 0.489611 0.489611 0.489611
5862.074219 0.000000 3511.877930 0.000000 0.656657 0.000000 0.754189 0.549135 0.549135 0.549135
5872.351074 0.000000 3510.940186 0.000000 0.640418 0.000000 0.768026 0.661203 0.661203 0.661203
5864.923828 0.000000 3508.729248 0.000000 0.909528 0.000000 0.415642 0.656512 0.656512 0.656512
5885.255859 0.000000 3523.121094 0.000000 0.707969 0.000000 0.706243 0.593065 0.593065 0.593065
5887.352051 0.000000 3523.725098 0.000000 0.759618 0.000000 0.650369 0.673148 0.673148 0.673148
5947.262207 0.000000 3467.682861 0.000000 0.821415 0.000000 0.570331 0.443330 0.443330 0.443330
5903.223145 0.000000 3473.893311 0.000000 0.901280 0.000000 0.433237 0.631407 0.631407 0.631407
5897.264160 0.000000 3490.140137 0.000000 0.588276 0.000000 0.808660 0.543221 0.543221 0.543221
5891.574219 0.000000 3498.970459 0.000000 0.884342 0.000000 0.466840 0.680689 0.680689 0.680689
5903.853516 0.000000 3460.284180 0.000000 0.934060 0.000000 0.357115 0.603778 0.603778 0.603778
5946.145020 0.000000 3490.690918 0.000000 0.928324 0.000000 0.371773 0.685488 0.685488 0.685488
5897.122070 0.000000 3492.608398 0.000000 0.681196 0.000000 0.732101 0.622808 0.622808 0.622808
5893.351562 0.000000 3497.179932 0.000000 0.590859 0.000000 0.806775 0.584816 0.584816 0.584816
5900.862793 0.000000 3490.209229 0.000000 0.921443 0.000000 0.388512 0.595195 0.595195 0.595195
5949.398438 0.000000 3488.359863 0.000000 0.797850 0.000000 0.602856 0.604585 0.604585 0.604585
5924.052246 0.000000 3484.989990 0.000000 0.811691 0.000000 0.584087 0.584914 0.584914 0.584914
5949.034180 0.000000 3490.564453 0.000000 0.857444 0.000000 0.514577 0.591058 0.591058 0.591058
5958.997070 0.000000 3485.803711 0.000000 0.749578 0.000000 0.661916 0.403921 0.403921 0.403921
5954.857910 0.000000 3487.890381 0.000000 0.771137 0.000000 0.636669 0.672802 0.672802 0.672802
6005.270996 0.000000 3448.846924 0.000000 0.687744 0.000000 0.725953 0.665926 0.665926 0.665926
5957.933594 0.000000 3486.383545 0.000000 0.656836 0.000000 0.754034 0.532718 0.532718 0.532718
6005.144531 0.000000 3454.867920 0.000000 0.759111 0.000000 0.650962 0.661289 0.661289 0.661289
6007.669922 0.000000 3479.211426 0.000000 0.929298 0.000000 0.369332 0.586317 0.586317 0.586317
6003.501953 0.000000 3445.613770 0.000000 0.597414 0.000000 0.801933 0.586859 0.586859 0.586859
6011.404785 0.000000 3469.790771 0.000000 0.887519 0.000000 0.460771 0.641642 0.641642 0.641642
6060.376953 0.000000 3435.330078 0.000000 0.692743 0.000000 0.721184 0.389221 0.389221 0.389221
6063.816406 0.000000 3434.850830 0.000000 0.732443 0.000000 0.680828 0.632506 0.632506 0.632506
6064.927734 0.000000 3434.078369 0.000000 0.697939 0.000000 0.716158 0.499162 0.499162 0.499162
6074.406250 0.000000 3428.142822 0.000000 0.907909 0.000000 0.419168 0.497695 0.497695 0.497695
6066.448730 0.000000 3432.287354 0.000000 0.914262 0.000000 0.405123 0.683260 0.683260 0.683260
6075.344238 0.000000 3425.699463 0.000000 0.755425 0.000000 0.655235 0.569404 0.569404 0.569404
6070.847168 0.000000 3431.924316 0.000000 0.714989 0.000000 0.699136 0.554913 0.554913 0.554913
6073.484375 0.000000 3430.078369 0.000000 0.614106 0.000000 0.789223 0.556752 0.556752 0.556752
6071.038086 0.000000 3437.062500 0.000000 0.825879 0.000000 0.563848 0.553976 0.553976 0.553976
6074.572266 0.000000 3389.098389 0.000000 0.943849 0.000000 0.330377 0.685790 0.685790 0.685790
6077.764648 0.000000 3426.718506 0.000000 0.881600 0.000000 0.471997 0.551135 0.551135 0.551135
6071.309570 0.000000 3397.308105 0.000000 0.637936 0.000000 0.770090 0.663211 0.663211 0.663211
6071.173828 0.000000 3392.110107 0.000000 0.851777 0.000000 0.523905 0.678558 0.678558 0.678558
6119.243164 0.000000 3439.962891 0.000000 0.665765 0.000000 0.746162 0.605825 0.605825 0.605825
6114.360840 0.000000 3434.435791 0.000000 0.914152 0.000000 0.405371 0.681400 0.681400 0.681400
6117.870117 0.000000 3441.990479 0.000000 0.719407 0.000000 0.694588 0.578918 0.578918 0.578918
6118.709473 0.000000 3399.870117 0.000000 0.614148 0.000000 0.789191 0.641414 0.641414 0.641414
6103.733887 0.000000 3430.963623 0.000000 0.600004 0.000000 0.799997 0.662203 0.662203 0.662203
6105.886230 0.000000 3431.135010 0.000000 0.873568 0.000000 0.486703 0.678192 0.678192 0.678192
6118.425293 0.000000 3392.873779 0.000000 0.780344 0.000000 0.625350 0.672196 0.672196 0.672196
6108.235840 0.000000 3431.739502 0.000000 0.689045 0.000000 0.724718 0.666072 0.666072 0.666072
6114.886719 0.000000 3431.735596 0.000000 0.712968 0.000000 0.701197 0.666118 0.666118 0.666118
6038.619629 0.000000 3479.068115 0.000000 0.796786 0.000000 0.604261 0.496843 0.496843 0.496843
6037.500000 0.000000 3475.730713 0.000000 0.859280 0.000000 0.511505 0.589293 0.589293 0.589293
6033.990723 0.000000 3472.782715 0.000000 0.912836 0.000000 0.408327 0.636076 0.636076 0.636076
6084.032715 0.000000 3477.158447 0.000000 0.820538 0.000000 0.571592 0.392162 0.392162 0.392162
6139.815430 0.000000 3464.266602 0.000000 0.843392 0.000000 0.537299 0.411922 0.411922 0.411922
6089.676758 0.000000 3460.223389 0.000000 0.793351 0.000000 0.608765 0.464969 0.464969 0.464969
6092.607910 0.000000 3482.482422 0.000000 0.768204 0.000000 0.640205 0.467930 0.467930 0.467930
6127.546387 0.000000 3451.894287 0.000000 0.874263 0.000000 0.485453 0.499893 0.499893 0.499893
6084.788086 0.000000 3468.047607 0.000000 0.849238 0.000000 0.528010 0.677350 0.677350 0.677350
6084.220703 0.000000 3462.901611 0.000000 0.860408 0.000000 0.509605 0.676171 0.676171 0.676171
6097.052246 0.000000 3488.351318 0.000000 0.656943 0.000000 0.753941 0.664031 0.664031 0.664031
6141.613770 0.000000 3472.117920 0.000000 0.799402 0.000000 0.600796 0.517449 0.517449 0.517449
6135.569824 0.000000 3465.545166 0.000000 0.903670 0.000000 0.428229 0.584493 0.584493 0.584493
6134.497559 0.000000 3458.710693 0.000000 0.852960 0.000000 0.521976 0.536540 0.536540 0.536540
6122.590820 0.000000 3448.955811 0.000000 0.837160 0.000000 0.546958 0.674716 0.674716 0.674716
6082.932617 0.000000 3469.708008 0.000000 0.930245 0.000000 0.366938 0.614836 0.614836 0.614836
6083.739746 0.000000 3467.817627 0.000000 0.908303 0.000000 0.418312 0.681559 0.681559 0.681559
6134.707520 0.000000 3460.830566 0.000000 0.779601 0.000000 0.626276 0.670905 0.670905 0.670905
6133.577637 0.000000 3460.578857 0.000000 0.933621 0.000000 0.358261 0.683992 0.683992 0.683992
6137.661133 0.000000 3463.278809 0.000000 0.686549 0.000000 0.727084 0.581237 0.581237 0.581237
6098.137207 0.000000 3488.504883 0.000000 0.615845 0.000000 0.787868 0.662262 0.662262 0.662262
6098.467285 0.000000 3489.763916 0.000000 0.886148 0.000000 0.463402 0.679959 0.679959 0.679959
5889.237793 0.000000 3538.353271 0.000000 0.884276 0.000000 0.466964 0.609549 0.609549 0.609549
6013.367188 0.000000 3553.166992 0.000000 0.781416 0.000000 0.624011 0.516770 0.516770 0.516770
6000.162598 0.000000 3515.894531 0.000000 0.789274 0.000000 0.614041 0.533795 0.533795 0.533795
6003.308594 0.000000 3517.206299 0.000000 0.593630 0.000000 0.804738 0.563283 0.563283 0.563283
5937.393555 0.000000 3582.346191 0.000000 0.640515 0.000000 0.767946 0.447861 0.447861 0.447861
5934.744141 0.000000 3584.169189 0.000000 0.891110 0.000000 0.453787 0.680080 0.680080 0.680080
5935.705078 0.000000 3589.799561 0.000000 0.928295 0.000000 0.371844 0.578651 0.578651 0.578651
5939.578125 0.000000 3581.752930 0.000000 0.841678 0.000000 0.539980 0.677421 0.677421 0.677421
5934.525879 0.000000 3586.243896 0.000000 0.872342 0.000000 0.488897 0.678486 0.678486 0.678486
5981.325684 0.000000 3562.990723 0.000000 0.950927 0.000000 0.309414 0.456107 0.456107 0.456107
5992.188477 0.000000 3595.858643 0.000000 0.794472 0.000000 0.607301 0.675078 0.675078 0.675078
6028.062012 0.000000 3523.336670 0.000000 0.783471 0.000000 0.621428 0.419729 0.419729 0.419729
6061.387695 0.000000 3534.819336 0.000000 0.632404 0.000000 0.774639 0.477080 0.477080 0.477080
6023.386719 0.000000 3547.246826 0.000000 0.621941 0.000000 0.783064 0.661327 0.661327 0.661327
6059.818848 0.000000 3539.533203 0.000000 0.839922 0.000000 0.542707 0.537811 0.537811 0.537811
6060.222168 0.000000 3535.416992 0.000000 0.935281 0.000000 0.353906 0.487743 0.487743 0.487743
6025.264160 0.000000 3546.624512 0.000000 0.795626 0.000000 0.605788 0.498667 0.498667 0.498667
6019.149902 0.000000 3547.824463 0.000000 0.853324 0.000000 0.521381 0.679153 0.679153 0.679153
6026.092773 0.000000 3521.817871 0.000000 0.773833 0.000000 0.633389 0.671830 0.671830 0.671830
6027.732910 0.000000 3524.342773 0.000000 0.940032 0.000000 0.341085 0.686435 0.686435 0.686435
6026.944824 0.000000 3550.305908 0.000000 0.675443 0.000000 0.737413 0.665075 0.665075 0.665075
6021.164062 0.000000 3547.458496 0.000000 0.794214 0.000000 0.607639 0.673978 0.673978 0.673978
6025.402832 0.000000 3522.669434 0.000000 0.805203 0.000000 0.592999 0.674818 0.674818 0.674818
6142.419434 0.000000 3544.178467 0.000000 0.650007 0.000000 0.759928 0.388665 0.388665 0.388665
6091.084961 0.000000 3512.409912 0.000000 0.949708 0.000000 0.313136 0.427248 0.427248 0.427248
6081.726074 0.000000 3544.935791 0.000000 0.859737 0.000000 0.510736 0.419975 0.419975 0.419975
6103.062012 0.000000 3518.152832 0.000000 0.697946 0.000000 0.716150 0.480714 0.480714 0.480714
6085.597656 0.000000 3515.498779 0.000000 0.732804 0.000000 0.680440 0.479882 0.479882 0.479882
6085.475098 0.000000 3510.307373 0.000000 0.936005 0.000000 0.351986 0.609638 0.609638 0.609638
6080.126465 0.000000 3547.714111 0.000000 0.838716 0.000000 0.544569 0.520909 0.520909 0.520909
6128.056641 0.000000 3553.238037 0.000000 0.667913 0.000000 0.744239 0.520272 0.520272 0.520272
6082.773438 0.000000 3508.072754 0.000000 0.925200 0.000000 0.379481 0.576527 0.576527 0.576527
6111.121582 0.000000 3533.291504 0.000000 0.887918 0.000000 0.460002 0.585366 0.585366 0.585366
6106.586914 0.000000 3533.556641 0.000000 0.878053 0.000000 0.478564 0.562226 0.562226 0.562226
6083.149902 0.000000 3547.824463 0.000000 0.779867 0.000000 0.625945 0.622094 0.622094 0.622094
6104.183105 0.000000 3523.718750 0.000000 0.931132 0.000000 0.364683 0.624385 0.624385 0.624385
6099.508789 0.000000 3518.423340 0.000000 0.762157 0.000000 0.647392 0.672989 0.672989 0.672989
6037.422363 0.000000 3582.870605 0.000000 0.619534 0.000000 0.784970 0.397547 0.397547 0.397547
6038.709473 0.000000 3578.477783 0.000000 0.811676 0.000000 0.584108 0.618257 0.618257 0.618257
6040.864258 0.000000 3585.069580 0.000000 0.658899 0.000000 0.752231 0.667562 0.667562 0.667562
6025.796387 0.000000 3591.009766 0.000000 0.734900 0.000000 0.678176 0.597899 0.597899 0.597899
6090.576172 0.000000 3588.859375 0.000000 0.821175 0.000000 0.570677 0.527648 0.527648 0.527648
6131.583984 0.000000 3563.091553 0.000000 0.679830 0.000000 0.733370 0.524323 0.524323 0.524323
6113.511719 0.000000 3567.575195 0.000000 0.771506 0.000000 0.636222 0.651011 0.651011 0.651011
6131.945312 0.000000 3565.352295 0.000000 0.622157 0.000000 0.782892 0.562468 0.562468 0.562468
6115.282715 0.000000 3563.052002 0.000000 0.902633 0.000000 0.430411 0.576878 0.576878 0.576878
6164.821777 0.000000 2234.001709 0.000000 0.784636 0.000000 0.619957 0.410372 0.410372 0.410372
6384.023926 0.000000 2198.941162 0.000000 0.860770 0.000000 0.508994 0.392961 0.392961 0.392961
6393.384766 0.000000 2202.657959 0.000000 0.883193 0.000000 0.469010 0.393346 0.393346 0.393346
6399.169434 0.000000 2163.283936 0.000000 0.856002 0.000000 0.516973 0.431210 0.431210 0.431210
6388.695312 0.000000 2193.378418 0.000000 0.843034 0.000000 0.537861 0.442125 0.442125 0.442125
6397.240234 0.000000 2160.437500 0.000000 0.849933 0.000000 0.526890 0.485696 0.485696 0.485696
6399.116211 0.000000 2166.156006 0.000000 0.931793 0.000000 0.362991 0.466547 0.466547 0.466547
6369.632324 0.000000 2200.215576 0.000000 0.631289 0.000000 0.775547 0.493544 0.493544 0.493544
6386.249023 0.000000 2196.086182 0.000000 0.880224 0.000000 0.474558 0.490714 0.490714 0.490714
6387.748047 0.000000 2187.861572 0.000000 0.621750 0.000000 0.783216 0.660451 0.660451 0.660451
6375.871094 0.000000 2166.841797 0.000000 0.699599 0.000000 0.714536 0.523142 0.523142 0.523142
6362.372559 0.000000 2199.262939 0.000000 0.886189 0.000000 0.463324 0.647162 0.647162 0.647162
6364.231934 0.000000 2188.009033 0.000000 0.812115 0.000000 0.583497 0.575654 0.575654 0.575654
6393.538086 0.000000 2169.356689 0.000000 0.740850 0.000000 0.671670 0.526410 0.526410 0.526410
6363.313477 0.000000 2194.039795 0.000000 0.876500 0.000000 0.481401 0.677618 0.677618 0.677618
6391.347168 0.000000 2202.457520 0.000000 0.831977 0.000000 0.554810 0.617543 0.617543 0.617543
6397.255859 0.000000 2167.496094 0.000000 0.809259 0.000000 0.587452 0.614427 0.614427 0.614427
6388.629395 0.000000 2188.606445 0.000000 0.925922 0.000000 0.377715 0.684973 0.684973 0.684973
6364.939453 0.000000 2190.019043 0.000000 0.942710 0.000000 0.333612 0.631142 0.631142 0.631142
6364.615723 0.000000 2180.892822 0.000000 0.913189 0.000000 0.407537 0.681918 0.681918 0.681918
6394.830078 0.000000 2164.660645 0.000000 0.688672 0.000000 0.725073 0.570376 0.570376 0.570376
6389.139160 0.000000 2186.401367 0.000000 0.935659 0.000000 0.352906 0.620993 0.620993 0.620993
6386.309082 0.000000 2182.218750 0.000000 0.624187 0.000000 0.781275 0.660980 0.660980 0.660980
6386.986816 0.000000 2191.598877 0.000000 0.880376 0.000000 0.474276 0.631770 0.631770 0.631770
6388.330566 0.000000 2180.267090 0.000000 0.632180 0.000000 0.774821 0.571888 0.571888 0.571888
6364.664062 0.000000 2198.948975 0.000000 0.836496 0.000000 0.547974 0.674156 0.674156 0.674156
6332.112793 0.000000 2238.565674 0.000000 0.699643 0.000000 0.714493 0.447451 0.447451 0.447451
6334.208984 0.000000 2239.551270 0.000000 0.874505 0.000000 0.485017 0.499904 0.499904 0.499904
6324.147949 0.000000 2258.052734 0.000000 0.671110 0.000000 0.741358 0.666580 0.666580 0.666580
6330.264648 0.000000 2253.528564 0.000000 0.880342 0.000000 0.474340 0.626152 0.626152 0.626152
6331.012207 0.000000 2251.317383 0.000000 0.946351 0.000000 0.323140 0.540026 0.540026 0.540026
6330.145020 0.000000 2248.034668 0.000000 0.883372 0.000000 0.468672 0.547465 0.547465 0.547465
6332.564941 0.000000 2253.260254 0.000000 0.812671 0.000000 0.582722 0.638644 0.638644 0.638644
6377.385742 0.000000 2235.808838 0.000000 0.945746 0.000000 0.324906 0.395721 0.395721 0.395721
6394.462402 0.000000 2219.960693 0.000000 0.593505 0.000000 0.804830 0.387343 0.387343 0.387343
6379.095215 0.000000 2217.209229 0.000000 0.676341 0.000000 0.736589 0.393058 0.393058 0.393058
6376.688965 0.000000 2227.291016 0.000000 0.642228 0.000000 0.766513 0.409097 0.409097 0.409097
6357.422363 0.000000 2227.245605 0.000000 0.841482 0.000000 0.540285 0.417537 0.417537 0.417537
6393.360352 0.000000 2214.147217 0.000000 0.601592 0.000000 0.798803 0.410143 0.410143 0.410143
6336.144043 0.000000 2231.290771 0.000000 0.756039 0.000000 0.654527 0.422786 0.422786 0.422786
6355.881836 0.000000 2241.428223 0.000000 0.760380 0.000000 0.649479 0.430374 0.430374 0.430374
6381.674805 0.000000 2215.894043 0.000000 0.797452 0.000000 0.603382 0.431360 0.431360 0.431360
6386.362305 0.000000 2237.588135 0.000000 0.712357 0.000000 0.701818 0.534611 0.534611 0.534611
6391.696777 0.000000 2212.176514 0.000000 0.852871 0.000000 0.522121 0.487693 0.487693 0.487693
6342.218750 0.000000 2221.964600 0.000000 0.710061 0.000000 0.704141 0.665883 0.665883 0.665883
6344.409180 0.000000 2217.710205 0.000000 0.725574 0.000000 0.688144 0.564501 0.564501 0.564501
6350.943359 0.000000 2243.485107 0.000000 0.616486 0.000000 0.787366 0.556834 0.556834 0.556834
6339.798340 0.000000 2231.496826 0.000000 0.789322 0.000000 0.613980 0.617063 0.617063 0.617063
6355.206055 0.000000 2211.722412 0.000000 0.948288 0.000000 0.317412 0.687017 0.687017 0.687017
6383.740234 0.000000 2218.029297 0.000000 0.899478 0.000000 0.436965 0.670689 0.670689 0.670689
6351.914062 0.000000 2243.014648 0.000000 0.863060 0.000000 0.505101 0.567040 0.567040 0.567040
6338.595215 0.000000 2230.526855 0.000000 0.923300 0.000000 0.384080 0.625610 0.625610 0.625610
6352.999512 0.000000 2243.939697 0.000000 0.861000 0.000000 0.508605 0.675145 0.675145 0.675145
6413.506836 0.000000 2182.220703 0.000000 0.780199 0.000000 0.625531 0.391092 0.391092 0.391092
6412.721191 0.000000 2184.731201 0.000000 0.929798 0.000000 0.368071 0.394768 0.394768 0.394768
6419.362793 0.000000 2174.394043 0.000000 0.935839 0.000000 0.352428 0.395915 0.395915 0.395915
6421.917480 0.000000 2190.668457 0.000000 0.649202 0.000000 0.760616 0.418500 0.418500 0.418500
6420.958984 0.000000 2172.075928 0.000000 0.757856 0.000000 0.652422 0.476926 0.476926 0.476926
6421.323242 0.000000 2187.628174 0.000000 0.775446 0.000000 0.631413 0.603467 0.603467 0.603467
6422.048340 0.000000 2169.519287 0.000000 0.744779 0.000000 0.667311 0.489523 0.489523 0.489523
6423.335449 0.000000 2181.900635 0.000000 0.747403 0.000000 0.664371 0.664281 0.664281 0.664281
6316.147461 0.000000 2275.010498 0.000000 0.809113 0.000000 0.587653 0.435445 0.435445 0.435445
6327.719727 0.000000 2263.404785 0.000000 0.889045 0.000000 0.457819 0.523244 0.523244 0.523244
6320.162598 0.000000 2273.238281 0.000000 0.920791 0.000000 0.390056 0.684385 0.684385 0.684385
6321.560547 0.000000 2273.524902 0.000000 0.717810 0.000000 0.696239 0.669987 0.669987 0.669987
6180.560547 0.000000 2894.758789 0.000000 0.928014 0.000000 0.372544 0.424321 0.424321 0.424321
6231.416992 0.000000 3324.026611 0.000000 0.808653 0.000000 0.588286 0.414745 0.414745 0.414745
6248.166504 0.000000 3288.699951 0.000000 0.626761 0.000000 0.779211 0.528103 0.528103 0.528103
6173.325684 0.000000 3337.053223 0.000000 0.900838 0.000000 0.434155 0.446084 0.446084 0.446084
6527.554199 0.000000 3227.937256 0.000000 0.789921 0.000000 0.613209 0.652057 0.652057 0.652057
6535.784180 0.000000 3216.441406 0.000000 0.909504 0.000000 0.415695 0.429294 0.429294 0.429294
6534.073242 0.000000 3216.912598 0.000000 0.785391 0.000000 0.619000 0.425406 0.425406 0.425406
6477.344238 0.000000 3290.383545 0.000000 0.901596 0.000000 0.432579 0.539035 0.539035 0.539035
6569.763184 0.000000 3298.114258 0.000000 0.937041 0.000000 0.349219 0.556492 0.556492 0.556492
6585.404785 0.000000 3370.222412 0.000000 0.880877 0.000000 0.473345 0.558622 0.558622 0.558622
6585.484375 0.000000 3373.593994 0.000000 0.669420 0.000000 0.742884 0.645765 0.645765 0.645765
6588.564941 0.000000 3382.947754 0.000000 0.893588 0.000000 0.448888 0.597013 0.597013 0.597013
6584.073242 0.000000 3372.016846 0.000000 0.886894 0.000000 0.461973 0.658443 0.658443 0.658443
6580.024414 0.000000 3372.897949 0.000000 0.719235 0.000000 0.694767 0.669664 0.669664 0.669664
6148.789062 0.000000 3479.403809 0.000000 0.888961 0.000000 0.457983 0.415222 0.415222 0.415222
6153.880371 0.000000 3479.065430 0.000000 0.717285 0.000000 0.696780 0.442327 0.442327 0.442327
6188.992676 0.000000 3468.447510 0.000000 0.849562 0.000000 0.527489 0.675627 0.675627 0.675627
6148.081543 0.000000 3465.516602 0.000000 0.816807 0.000000 0.576912 0.672757 0.672757 0.672757
6152.616211 0.000000 3462.790527 0.000000 0.759003 0.000000 0.651087 0.670510 0.670510 0.670510
6148.220703 0.000000 3462.901611 0.000000 0.763426 0.000000 0.645895 0.670058 0.670058 0.670058
6184.398438 0.000000 3454.413330 0.000000 0.904210 0.000000 0.427087 0.682688 0.682688 0.682688
6173.854004 0.000000 3474.739258 0.000000 0.808035 0.000000 0.589134 0.672146 0.672146 0.672146
6173.995605 0.000000 3470.113037 0.000000 0.758885 0.000000 0.651225 0.669139 0.669139 0.669139
6184.923828 0.000000 3452.244873 0.000000 0.880073 0.000000 0.474839 0.551052 0.551052 0.551052
6189.140625 0.000000 3465.159424 0.000000 0.893914 0.000000 0.448239 0.679409 0.679409 0.679409
6190.356934 0.000000 3462.843994 0.000000 0.831702 0.000000 0.555223 0.675517 0.675517 0.675517
6187.277832 0.000000 3458.559570 0.000000 0.949472 0.000000 0.313853 0.686108 0.686108 0.686108
6171.824219 0.000000 3458.408447 0.000000 0.834880 0.000000 0.550432 0.574917 0.574917 0.574917
6187.242188 0.000000 3462.603271 0.000000 0.891588 0.000000 0.452848 0.679262 0.679262 0.679262
6154.277832 0.000000 3481.598633 0.000000 0.936894 0.000000 0.349613 0.686206 0.686206 0.686206
6175.979004 0.000000 3474.614746 0.000000 0.923995 0.000000 0.382404 0.683165 0.683165 0.683165
6170.105957 0.000000 3466.247803 0.000000 0.869357 0.000000 0.494184 0.678682 0.678682 0.678682
6164.834473 0.000000 3468.443848 0.000000 0.877693 0.000000 0.479224 0.659616 0.659616 0.659616
6157.138672 0.000000 3477.085205 0.000000 0.871087 0.000000 0.491129 0.678782 0.678782 0.678782
6187.132812 0.000000 3460.913818 0.000000 0.859245 0.000000 0.511564 0.676632 0.676632 0.676632
6170.147949 0.000000 3470.092285 0.000000 0.906795 0.000000 0.421572 0.680645 0.680645 0.680645
6168.788574 0.000000 3459.659180 0.000000 0.853196 0.000000 0.521591 0.574001 0.574001 0.574001
6155.804688 0.000000 3480.040771 0.000000 0.685319 0.000000 0.728243 0.668494 0.668494 0.668494
6190.372070 0.000000 3466.560059 0.000000 0.926105 0.000000 0.377266 0.684113 0.684113 0.684113
6172.289062 0.000000 3469.750488 0.000000 0.843452 0.000000 0.537205 0.677701 0.677701 0.677701
6173.979492 0.000000 3473.750488 0.000000 0.883251 0.000000 0.468900 0.678592 0.678592 0.678592
6188.935547 0.000000 3467.399414 0.000000 0.783012 0.000000 0.622007 0.670319 0.670319 0.670319
6386.478027 0.000000 3430.938232 0.000000 0.746526 0.000000 0.665356 0.554298 0.554298 0.554298
6389.881348 0.000000 3431.222168 0.000000 0.810759 0.000000 0.585380 0.631146 0.631146 0.631146
6397.190430 0.000000 3444.484619 0.000000 0.685746 0.000000 0.727841 0.657394 0.657394 0.657394
6384.827148 0.000000 3432.900391 0.000000 0.818504 0.000000 0.574501 0.674332 0.674332 0.674332
6389.139160 0.000000 3429.057617 0.000000 0.940048 0.000000 0.341041 0.686255 0.686255 0.686255
6396.552246 0.000000 3446.856201 0.000000 0.633833 0.000000 0.773470 0.624327 0.624327 0.624327
6158.220703 0.000000 3519.112061 0.000000 0.788965 0.000000 0.614438 0.391377 0.391377 0.391377
6190.953613 0.000000 3555.430908 0.000000 0.754635 0.000000 0.656145 0.567528 0.567528 0.567528
6206.147949 0.000000 3546.986084 0.000000 0.766389 0.000000 0.642377 0.479052 0.479052 0.479052
6146.857910 0.000000 3544.374756 0.000000 0.753362 0.000000 0.657606 0.549036 0.549036 0.549036
6187.627441 0.000000 3553.214844 0.000000 0.655562 0.000000 0.755142 0.536328 0.536328 0.536328
6206.141113 0.000000 3548.899414 0.000000 0.688145 0.000000 0.725573 0.559396 0.559396 0.559396
6163.508789 0.000000 3518.423340 0.000000 0.945326 0.000000 0.326127 0.618086 0.618086 0.618086
6246.819824 0.000000 3554.282959 0.000000 0.847665 0.000000 0.530532 0.408261 0.408261 0.408261
6268.871582 0.000000 3531.226074 0.000000 0.798581 0.000000 0.601887 0.567599 0.567599 0.567599
6247.513672 0.000000 3556.673340 0.000000 0.796704 0.000000 0.604370 0.530374 0.530374 0.530374
6267.312012 0.000000 3523.150391 0.000000 0.625525 0.000000 0.780204 0.569834 0.569834 0.569834
6163.222656 0.000000 3600.348633 0.000000 0.683452 0.000000 0.729996 0.667323 0.667323 0.667323
6273.280273 0.000000 3535.880615 0.000000 0.624952 0.000000 0.780663 0.649070 0.649070 0.649070
6275.621094 0.000000 3539.119141 0.000000 0.801878 0.000000 0.597487 0.478338 0.478338 0.478338
6286.057129 0.000000 3536.693604 0.000000 0.749745 0.000000 0.661727 0.500810 0.500810 0.500810
6274.595215 0.000000 3529.667480 0.000000 0.931516 0.000000 0.363700 0.626314 0.626314 0.626314
6281.207520 0.000000 3526.773438 0.000000 0.784189 0.000000 0.620522 0.563252 0.563252 0.563252
6362.283691 0.000000 3548.577148 0.000000 0.665018 0.000000 0.746828 0.465056 0.465056 0.465056
6395.100586 0.000000 3568.608398 0.000000 0.938258 0.000000 0.345936 0.395256 0.395256 0.395256
6369.910645 0.000000 3600.838379 0.000000 0.889551 0.000000 0.456837 0.393486 0.393486 0.393486
6394.250000 0.000000 3592.007568 0.000000 0.938313 0.000000 0.345788 0.449674 0.449674 0.449674
6377.936523 0.000000 3611.612061 0.000000 0.849692 0.000000 0.527279 0.448003 0.448003 0.448003
6378.913086 0.000000 3612.515869 0.000000 0.806437 0.000000 0.591321 0.484104 0.484104 0.484104
6400.743652 0.000000 3439.983154 0.000000 0.807244 0.000000 0.590217 0.590255 0.590255 0.590255
6462.282715 0.000000 3461.667725 0.000000 0.746572 0.000000 0.665305 0.627732 0.627732 0.627732
6468.756836 0.000000 3464.340088 0.000000 0.879852 0.000000 0.475248 0.405422 0.405422 0.405422
6588.055664 0.000000 3394.979736 0.000000 0.757660 0.000000 0.652650 0.488075 0.488075 0.488075
6588.926270 0.000000 3392.905518 0.000000 0.853720 0.000000 0.520732 0.678081 0.678081 0.678081
6589.256836 0.000000 3394.427246 0.000000 0.950384 0.000000 0.311080 0.496328 0.496328 0.496328
6594.269043 0.000000 3442.496338 0.000000 0.937115 0.000000 0.349020 0.409391 0.409391 0.409391
6599.460938 0.000000 3410.005615 0.000000 0.723876 0.000000 0.689930 0.659364 0.659364 0.659364
6591.423340 0.000000 3449.022217 0.000000 0.845532 0.000000 0.533924 0.472357 0.472357 0.472357
6589.818848 0.000000 3446.912109 0.000000 0.934836 0.000000 0.355080 0.581051 0.581051 0.581051
6586.353516 0.000000 3446.677246 0.000000 0.802337 0.000000 0.596872 0.523152 0.523152 0.523152
6583.950684 0.000000 3483.730957 0.000000 0.760518 0.000000 0.649316 0.672089 0.672089 0.672089
6585.404785 0.000000 3483.191162 0.000000 0.906470 0.000000 0.422270 0.571461 0.571461 0.571461
6588.552246 0.000000 3446.856201 0.000000 0.847835 0.000000 0.530260 0.575586 0.575586 0.575586
6581.139160 0.000000 3485.541992 0.000000 0.837829 0.000000 0.545932 0.588114 0.588114 0.588114
6606.943359 0.000000 3486.141357 0.000000 0.847635 0.000000 0.530579 0.586777 0.586777 0.586777
6597.292969 0.000000 3451.564209 0.000000 0.913799 0.000000 0.406166 0.681361 0.681361 0.681361
6601.453613 0.000000 3458.217285 0.000000 0.764334 0.000000 0.644821 0.671342 0.671342 0.671342
6603.042480 0.000000 3486.578857 0.000000 0.926180 0.000000 0.377082 0.548124 0.548124 0.548124
6596.465332 0.000000 3484.336426 0.000000 0.762922 0.000000 0.646491 0.610213 0.610213 0.610213
6602.347656 0.000000 3485.616455 0.000000 0.632466 0.000000 0.774588 0.663379 0.663379 0.663379
6453.789062 0.000000 3601.959473 0.000000 0.924406 0.000000 0.381410 0.403132 0.403132 0.403132
6449.393555 0.000000 3582.346191 0.000000 0.832762 0.000000 0.553630 0.462501 0.462501 0.462501
6456.732422 0.000000 3607.072754 0.000000 0.677130 0.000000 0.735864 0.548029 0.548029 0.548029
6454.847168 0.000000 3601.377441 0.000000 0.877582 0.000000 0.479426 0.607240 0.607240 0.607240
6442.742676 0.000000 3582.705322 0.000000 0.860382 0.000000 0.509650 0.551903 0.551903 0.551903
6625.448730 0.000000 3525.328125 0.000000 0.898767 0.000000 0.438427 0.393836 0.393836 0.393836
6638.245605 0.000000 3521.953857 0.000000 0.709652 0.000000 0.704552 0.410508 0.410508 0.410508
6640.425781 0.000000 3523.551025 0.000000 0.899167 0.000000 0.437605 0.640641 0.640641 0.640641
6580.080566 0.000000 3571.709229 0.000000 0.606656 0.000000 0.794964 0.448913 0.448913 0.448913
6580.241699 0.000000 3570.250488 0.000000 0.940979 0.000000 0.338466 0.459384 0.459384 0.459384
6533.924316 0.000000 3574.155029 0.000000 0.803149 0.000000 0.595778 0.558526 0.558526 0.558526
6776.732422 0.000000 3268.166504 0.000000 0.892354 0.000000 0.451336 0.591289 0.591289 0.591289
6778.917480 0.000000 3266.855957 0.000000 0.938415 0.000000 0.345511 0.522287 0.522287 0.522287
6789.572266 0.000000 3266.540283 0.000000 0.913265 0.000000 0.407365 0.419904 0.419904 0.419904
6789.108887 0.000000 3269.241943 0.000000 0.683847 0.000000 0.729626 0.642844 0.642844 0.642844
6795.042480 0.000000 3260.641357 0.000000 0.692589 0.000000 0.721332 0.592416 0.592416 0.592416
6787.005859 0.000000 3270.567383 0.000000 0.809512 0.000000 0.587104 0.556953 0.556953 0.556953
6791.583496 0.000000 3271.862793 0.000000 0.638135 0.000000 0.769924 0.588410 0.588410 0.588410
6793.062988 0.000000 3261.589355 0.000000 0.921600 0.000000 0.388142 0.547823 0.547823 0.547823
6780.552246 0.000000 3277.403076 0.000000 0.853833 0.000000 0.520548 0.557194 0.557194 0.557194
6789.529297 0.000000 3279.583740 0.000000 0.780789 0.000000 0.624794 0.537169 0.537169 0.537169
6660.470703 0.000000 3593.504639 0.000000 0.801630 0.000000 0.597821 0.554744 0.554744 0.554744
"}
object={
	name="pine_sparse_generator_3_2"
	clamp_to_water_level=no
	render_under_water=no
	generated_content=yes
	layer="semidynamic_high"
	pdxmesh="tree_fir_003_mesh"
	count=1915
	transform="1271.038086 0.000000 2533.312500 0.000000 0.951169 0.000000 0.308669 0.561420 0.561420 0.561420
1270.120850 0.000000 2534.353271 0.000000 0.995261 0.000000 -0.097242 0.641355 0.641355 0.641355
1279.510620 0.000000 2566.533691 0.000000 0.996593 0.000000 -0.082481 0.401150 0.401150 0.401150
1275.429321 0.000000 2567.109375 0.000000 0.989670 0.000000 0.143366 0.428104 0.428104 0.428104
1275.261963 0.000000 2563.932861 0.000000 0.968848 0.000000 0.247654 0.436057 0.436057 0.436057
1269.929565 0.000000 2557.867676 0.000000 0.993971 0.000000 0.109642 0.448112 0.448112 0.448112
1279.246094 0.000000 2577.806396 0.000000 0.994485 0.000000 0.104876 0.632928 0.632928 0.632928
1278.282715 0.000000 2557.917725 0.000000 0.952401 0.000000 -0.304848 0.603843 0.603843 0.603843
1274.459351 0.000000 2583.321045 0.000000 0.999842 0.000000 0.017749 0.618090 0.618090 0.618090
1270.707520 0.000000 2557.080566 0.000000 0.951180 0.000000 0.308637 0.612942 0.612942 0.612942
1277.388062 0.000000 2581.611816 0.000000 0.964444 0.000000 0.264289 0.689577 0.689577 0.689577
1277.034058 0.000000 2586.814453 0.000000 0.994149 0.000000 0.108021 0.695688 0.695688 0.695688
1277.613770 0.000000 2681.336670 0.000000 0.991740 0.000000 -0.128266 0.650290 0.650290 0.650290
1265.638428 0.000000 2695.854248 0.000000 0.997260 0.000000 -0.073971 0.559704 0.559704 0.559704
1279.956055 0.000000 2681.684082 0.000000 0.993378 0.000000 0.114894 0.632607 0.632607 0.632607
1283.094727 0.000000 2540.096680 0.000000 0.972054 0.000000 -0.234757 0.539830 0.539830 0.539830
1283.574219 0.000000 2538.736084 0.000000 0.965585 0.000000 0.260087 0.604917 0.604917 0.604917
1281.945557 0.000000 2558.100586 0.000000 0.988724 0.000000 0.149750 0.472644 0.472644 0.472644
1280.042236 0.000000 2575.228027 0.000000 0.992293 0.000000 -0.123914 0.596623 0.596623 0.596623
1282.422119 0.000000 2580.795166 0.000000 0.985390 0.000000 -0.170316 0.706849 0.706849 0.706849
1505.680054 0.000000 2541.140137 0.000000 0.993071 0.000000 0.117512 0.422681 0.422681 0.422681
1516.655396 0.000000 2537.237793 0.000000 0.994383 0.000000 -0.105837 0.517015 0.517015 0.517015
1529.099365 0.000000 2532.314697 0.000000 0.992816 0.000000 -0.119653 0.704758 0.704758 0.704758
1527.884033 0.000000 2531.361572 0.000000 0.967773 0.000000 0.251823 0.572563 0.572563 0.572563
1527.347290 0.000000 2541.363770 0.000000 0.982982 0.000000 0.183702 0.668932 0.668932 0.668932
1523.955811 0.000000 2530.747314 0.000000 0.997285 0.000000 0.073640 0.600811 0.600811 0.600811
1535.583862 0.000000 2537.607422 0.000000 0.990310 0.000000 -0.138873 0.705661 0.705661 0.705661
1527.819336 0.000000 2560.627686 0.000000 0.975810 0.000000 -0.218620 0.402960 0.402960 0.402960
1526.385376 0.000000 2545.705811 0.000000 0.984051 0.000000 0.177886 0.408162 0.408162 0.408162
1517.585205 0.000000 2552.229980 0.000000 0.989842 0.000000 -0.142171 0.412876 0.412876 0.412876
1500.979858 0.000000 2557.075928 0.000000 0.959029 0.000000 -0.283308 0.418988 0.418988 0.418988
1516.016724 0.000000 2543.545410 0.000000 0.974681 0.000000 0.223601 0.430670 0.430670 0.430670
1496.874268 0.000000 2559.812012 0.000000 0.975809 0.000000 0.218623 0.480968 0.480968 0.480968
1524.156128 0.000000 2560.165039 0.000000 0.999931 0.000000 0.011747 0.541876 0.541876 0.541876
1504.723877 0.000000 2564.213135 0.000000 0.993803 0.000000 -0.111157 0.663593 0.663593 0.663593
1510.730835 0.000000 2567.389893 0.000000 0.996020 0.000000 0.089128 0.629542 0.629542 0.629542
1292.526733 0.000000 2621.327148 0.000000 0.965073 0.000000 -0.261980 0.403587 0.403587 0.403587
1296.716919 0.000000 2630.379150 0.000000 0.972817 0.000000 -0.231577 0.403197 0.403197 0.403197
1286.474854 0.000000 2612.871826 0.000000 0.995604 0.000000 0.093659 0.398689 0.398689 0.398689
1311.373413 0.000000 2641.714355 0.000000 0.991476 0.000000 0.130290 0.403033 0.403033 0.403033
1304.887939 0.000000 2639.881348 0.000000 0.954419 0.000000 -0.298471 0.429216 0.429216 0.429216
1282.681274 0.000000 2620.499756 0.000000 0.971356 0.000000 -0.237628 0.454124 0.454124 0.454124
1280.049561 0.000000 2623.978760 0.000000 0.951888 0.000000 0.306447 0.653017 0.653017 0.653017
1311.081909 0.000000 2634.428955 0.000000 0.980736 0.000000 0.195337 0.556760 0.556760 0.556760
1321.763428 0.000000 2620.301758 0.000000 0.991291 0.000000 0.131693 0.624318 0.624318 0.624318
1307.859375 0.000000 2613.426514 0.000000 0.999843 0.000000 -0.017706 0.625055 0.625055 0.625055
1287.968628 0.000000 2639.234375 0.000000 0.989828 0.000000 -0.142267 0.567382 0.567382 0.567382
1280.016479 0.000000 2621.434570 0.000000 0.997802 0.000000 -0.066262 0.702625 0.702625 0.702625
1323.257568 0.000000 2621.093994 0.000000 0.975607 0.000000 0.219525 0.690176 0.690176 0.690176
1359.355225 0.000000 2644.503418 0.000000 0.991669 0.000000 0.128815 0.488587 0.488587 0.488587
1371.159668 0.000000 2652.409668 0.000000 0.958866 0.000000 0.283860 0.485406 0.485406 0.485406
1373.209717 0.000000 2654.242432 0.000000 0.968072 0.000000 -0.250674 0.528218 0.528218 0.528218
1301.008423 0.000000 2683.870605 0.000000 0.999577 0.000000 -0.029099 0.440677 0.440677 0.440677
1281.323608 0.000000 2660.822998 0.000000 0.998104 0.000000 -0.061545 0.514077 0.514077 0.514077
1286.753418 0.000000 2659.930420 0.000000 0.999565 0.000000 -0.029483 0.701129 0.701129 0.701129
1307.969971 0.000000 2655.747803 0.000000 0.966128 0.000000 -0.258063 0.678727 0.678727 0.678727
1285.292969 0.000000 2660.782959 0.000000 0.981997 0.000000 0.188896 0.516365 0.516365 0.516365
1286.916748 0.000000 2657.189453 0.000000 0.985134 0.000000 0.171785 0.551570 0.551570 0.551570
1319.998413 0.000000 2678.191406 0.000000 0.991069 0.000000 0.133353 0.566118 0.566118 0.566118
1363.253418 0.000000 2702.352295 0.000000 0.970115 0.000000 0.242644 0.403328 0.403328 0.403328
1375.732910 0.000000 2707.582520 0.000000 0.997411 0.000000 0.071913 0.468275 0.468275 0.468275
1357.130371 0.000000 2696.941895 0.000000 0.984457 0.000000 -0.175623 0.534448 0.534448 0.534448
1380.740723 0.000000 2679.867676 0.000000 0.954124 0.000000 -0.299413 0.529352 0.529352 0.529352
1392.335083 0.000000 2670.868896 0.000000 0.969774 0.000000 -0.244003 0.582042 0.582042 0.582042
1385.763428 0.000000 2676.786133 0.000000 0.994874 0.000000 -0.101120 0.534695 0.534695 0.534695
1387.191406 0.000000 2659.312988 0.000000 0.976927 0.000000 -0.213574 0.708369 0.708369 0.708369
1400.633789 0.000000 2670.162842 0.000000 0.979099 0.000000 -0.203384 0.654782 0.654782 0.654782
1445.805176 0.000000 2653.807861 0.000000 0.998461 0.000000 -0.055466 0.517884 0.517884 0.517884
1444.170776 0.000000 2652.677979 0.000000 0.985898 0.000000 -0.167347 0.520354 0.520354 0.520354
1505.947754 0.000000 2647.754883 0.000000 0.993668 0.000000 -0.112352 0.401490 0.401490 0.401490
1506.111450 0.000000 2629.896484 0.000000 0.973327 0.000000 -0.229423 0.404236 0.404236 0.404236
1499.159668 0.000000 2652.409668 0.000000 0.999561 0.000000 0.029624 0.472973 0.472973 0.472973
1483.583252 0.000000 2645.226074 0.000000 0.986498 0.000000 -0.163773 0.615651 0.615651 0.615651
1515.818848 0.000000 2635.783203 0.000000 0.985488 0.000000 -0.169746 0.552193 0.552193 0.552193
1498.372437 0.000000 2651.137939 0.000000 0.994283 0.000000 0.106772 0.644517 0.644517 0.644517
1496.507446 0.000000 2645.806396 0.000000 0.999604 0.000000 0.028124 0.543441 0.543441 0.543441
1482.277832 0.000000 2634.333008 0.000000 0.995001 0.000000 -0.099860 0.631546 0.631546 0.631546
1500.950317 0.000000 2646.145996 0.000000 0.995449 0.000000 -0.095297 0.651181 0.651181 0.651181
1498.823242 0.000000 2648.001465 0.000000 0.999998 0.000000 0.002024 0.593080 0.593080 0.593080
1501.200684 0.000000 2647.227051 0.000000 0.997390 0.000000 0.072208 0.645660 0.645660 0.645660
1496.939453 0.000000 2643.592285 0.000000 0.986084 0.000000 -0.166247 0.667477 0.667477 0.667477
1424.186279 0.000000 2673.916992 0.000000 0.999887 0.000000 0.015044 0.399793 0.399793 0.399793
1424.310547 0.000000 2702.361084 0.000000 0.985887 0.000000 0.167412 0.439353 0.439353 0.439353
1433.349731 0.000000 2674.716309 0.000000 0.980269 0.000000 -0.197668 0.463356 0.463356 0.463356
1416.131470 0.000000 2664.153320 0.000000 0.991394 0.000000 -0.130910 0.474018 0.474018 0.474018
1433.534424 0.000000 2664.327637 0.000000 0.980874 0.000000 0.194646 0.576070 0.576070 0.576070
1409.219482 0.000000 2662.784180 0.000000 0.994954 0.000000 0.100336 0.506679 0.506679 0.506679
1418.093018 0.000000 2674.552246 0.000000 0.956375 0.000000 -0.292142 0.577344 0.577344 0.577344
1447.516968 0.000000 2689.453857 0.000000 0.991556 0.000000 -0.129676 0.697975 0.697975 0.697975
1738.780396 0.000000 2407.127686 0.000000 0.998649 0.000000 -0.051971 0.427284 0.427284 0.427284
1735.204712 0.000000 2401.326416 0.000000 0.980990 0.000000 0.194058 0.599225 0.599225 0.599225
1733.505981 0.000000 2401.814209 0.000000 0.990888 0.000000 0.134692 0.628098 0.628098 0.628098
1712.063843 0.000000 2454.624023 0.000000 0.984964 0.000000 0.172761 0.478013 0.478013 0.478013
1725.256958 0.000000 2434.192871 0.000000 0.993733 0.000000 0.111778 0.695439 0.695439 0.695439
1714.304199 0.000000 2455.215820 0.000000 0.954829 0.000000 0.297156 0.521545 0.521545 0.521545
1722.750610 0.000000 2443.315430 0.000000 0.998760 0.000000 0.049781 0.540967 0.540967 0.540967
1724.196655 0.000000 2438.598145 0.000000 0.953021 0.000000 -0.302905 0.601773 0.601773 0.601773
1722.012329 0.000000 2439.157959 0.000000 0.965431 0.000000 -0.260660 0.624604 0.624604 0.624604
1536.517212 0.000000 2535.089600 0.000000 0.997984 0.000000 -0.063463 0.451092 0.451092 0.451092
1537.803467 0.000000 2537.638428 0.000000 0.997760 0.000000 -0.066895 0.702697 0.702697 0.702697
1536.126343 0.000000 2587.479736 0.000000 0.999189 0.000000 -0.040255 0.497883 0.497883 0.497883
1542.966064 0.000000 2589.666748 0.000000 0.981853 0.000000 0.189641 0.508617 0.508617 0.508617
1538.176270 0.000000 2579.730225 0.000000 0.999204 0.000000 -0.039905 0.503776 0.503776 0.503776
1538.732422 0.000000 2550.010498 0.000000 0.972462 0.000000 -0.233063 0.545779 0.545779 0.545779
1541.217285 0.000000 2589.945801 0.000000 0.967186 0.000000 -0.254069 0.710819 0.710819 0.710819
1548.863037 0.000000 2586.459229 0.000000 0.998247 0.000000 -0.059189 0.702246 0.702246 0.702246
1542.281982 0.000000 2587.851318 0.000000 0.999947 0.000000 0.010316 0.622233 0.622233 0.622233
1536.405884 0.000000 2551.572998 0.000000 0.957796 0.000000 0.287451 0.563913 0.563913 0.563913
1715.318481 0.000000 2518.953857 0.000000 0.951416 0.000000 -0.307907 0.433369 0.433369 0.433369
1715.609497 0.000000 2520.661621 0.000000 0.979057 0.000000 -0.203584 0.487329 0.487329 0.487329
1712.063843 0.000000 2511.108398 0.000000 0.964923 0.000000 -0.262532 0.496502 0.496502 0.496502
1712.565186 0.000000 2519.905518 0.000000 0.984716 0.000000 0.174166 0.561174 0.561174 0.561174
1714.425415 0.000000 2543.951172 0.000000 0.996912 0.000000 -0.078525 0.417848 0.417848 0.417848
1692.266602 0.000000 2579.164062 0.000000 0.961078 0.000000 -0.276276 0.482789 0.482789 0.482789
1691.558838 0.000000 2577.686279 0.000000 0.996355 0.000000 0.085303 0.516742 0.516742 0.516742
1709.193359 0.000000 2562.646729 0.000000 0.987912 0.000000 -0.155016 0.531984 0.531984 0.531984
1543.620728 0.000000 2604.510498 0.000000 0.989663 0.000000 0.143414 0.433931 0.433931 0.433931
1615.800049 0.000000 2641.344971 0.000000 0.974492 0.000000 0.224422 0.420995 0.420995 0.420995
1625.336426 0.000000 2636.279541 0.000000 1.000000 0.000000 -0.000140 0.459806 0.459806 0.459806
1615.453247 0.000000 2647.256348 0.000000 0.968802 0.000000 -0.247836 0.486218 0.486218 0.486218
1616.554199 0.000000 2651.056152 0.000000 0.992363 0.000000 -0.123353 0.578777 0.578777 0.578777
1598.420288 0.000000 2668.106445 0.000000 0.972157 0.000000 -0.234333 0.513871 0.513871 0.513871
1600.597412 0.000000 2675.232910 0.000000 0.991491 0.000000 -0.130172 0.418629 0.418629 0.418629
1374.608765 0.000000 2716.789551 0.000000 0.953243 0.000000 -0.302206 0.404185 0.404185 0.404185
1368.512573 0.000000 2718.982910 0.000000 0.982555 0.000000 0.185971 0.454529 0.454529 0.454529
1367.035400 0.000000 2721.687012 0.000000 0.999842 0.000000 0.017796 0.477112 0.477112 0.477112
1981.738403 0.000000 2795.983643 0.000000 0.966196 0.000000 -0.257808 0.403593 0.403593 0.403593
1973.633789 0.000000 2804.791504 0.000000 0.992509 0.000000 0.122173 0.398306 0.398306 0.398306
1969.031494 0.000000 2814.072998 0.000000 0.984582 0.000000 0.174926 0.414024 0.414024 0.414024
1965.193359 0.000000 2788.584229 0.000000 0.999617 0.000000 -0.027664 0.491731 0.491731 0.491731
2002.817383 0.000000 2798.178223 0.000000 0.989539 0.000000 -0.144268 0.401894 0.401894 0.401894
2030.671387 0.000000 2801.270996 0.000000 0.999771 0.000000 -0.021381 0.509280 0.509280 0.509280
1958.826294 0.000000 2830.954834 0.000000 0.981101 0.000000 -0.193496 0.493092 0.493092 0.493092
1967.546265 0.000000 2830.566162 0.000000 0.981114 0.000000 -0.193432 0.580664 0.580664 0.580664
1966.200195 0.000000 2825.328613 0.000000 0.978402 0.000000 0.206709 0.500519 0.500519 0.500519
2201.774658 0.000000 2252.589844 0.000000 0.998167 0.000000 -0.060525 0.445135 0.445135 0.445135
2227.609619 0.000000 2238.239746 0.000000 0.993948 0.000000 0.109850 0.483134 0.483134 0.483134
2194.536621 0.000000 2256.360352 0.000000 0.982756 0.000000 -0.184909 0.492918 0.492918 0.492918
2230.203613 0.000000 2243.221191 0.000000 0.989584 0.000000 0.143959 0.499921 0.499921 0.499921
2228.696045 0.000000 2238.994385 0.000000 0.979766 0.000000 0.200146 0.504523 0.504523 0.504523
2182.966064 0.000000 2250.760498 0.000000 0.989559 0.000000 -0.144130 0.519838 0.519838 0.519838
2172.013184 0.000000 2274.239746 0.000000 0.999779 0.000000 -0.021040 0.400289 0.400289 0.400289
2171.261963 0.000000 2281.510986 0.000000 0.967753 0.000000 0.251902 0.451405 0.451405 0.451405
2175.423340 0.000000 2262.850342 0.000000 0.993777 0.000000 0.111386 0.599715 0.599715 0.599715
2175.475098 0.000000 2264.142334 0.000000 0.966864 0.000000 -0.255292 0.634465 0.634465 0.634465
2173.902344 0.000000 2282.225342 0.000000 0.959738 0.000000 0.280898 0.585147 0.585147 0.585147
2171.427246 0.000000 2282.559814 0.000000 0.956816 0.000000 0.290696 0.590595 0.590595 0.590595
2212.759766 0.000000 2280.751221 0.000000 0.990178 0.000000 0.139815 0.398109 0.398109 0.398109
2184.859375 0.000000 2296.862061 0.000000 0.999977 0.000000 0.006738 0.436165 0.436165 0.436165
2226.861328 0.000000 2314.892578 0.000000 0.977888 0.000000 -0.209128 0.455610 0.455610 0.455610
2223.029785 0.000000 2273.618408 0.000000 0.999994 0.000000 0.003551 0.473463 0.473463 0.473463
2236.104248 0.000000 2313.028809 0.000000 0.975039 0.000000 -0.222033 0.465791 0.465791 0.465791
2216.459229 0.000000 2288.894531 0.000000 0.995215 0.000000 -0.097710 0.520788 0.520788 0.520788
2255.869873 0.000000 2296.197754 0.000000 0.984174 0.000000 -0.177202 0.402482 0.402482 0.402482
2244.166992 0.000000 2308.139648 0.000000 0.998823 0.000000 0.048504 0.415937 0.415937 0.415937
2250.112793 0.000000 2296.531738 0.000000 0.976763 0.000000 0.214323 0.535069 0.535069 0.535069
2223.029785 0.000000 2330.102783 0.000000 0.959225 0.000000 0.282644 0.456611 0.456611 0.456611
2231.696777 0.000000 2325.145264 0.000000 0.998587 0.000000 0.053138 0.519407 0.519407 0.519407
2229.144775 0.000000 2325.180420 0.000000 0.996445 0.000000 0.084247 0.544037 0.544037 0.544037
2220.463379 0.000000 2330.482910 0.000000 0.996529 0.000000 0.083242 0.696585 0.696585 0.696585
2229.110840 0.000000 2332.707031 0.000000 0.969891 0.000000 -0.243539 0.598039 0.598039 0.598039
2273.910400 0.000000 2358.182129 0.000000 0.989867 0.000000 -0.141999 0.401949 0.401949 0.401949
2282.601562 0.000000 2367.708008 0.000000 0.999981 0.000000 0.006149 0.510652 0.510652 0.510652
2247.386719 0.000000 2361.074951 0.000000 0.981342 0.000000 0.192271 0.498896 0.498896 0.498896
2283.551025 0.000000 2365.566650 0.000000 0.999533 0.000000 -0.030573 0.609723 0.609723 0.609723
2364.008301 0.000000 2471.105225 0.000000 0.992350 0.000000 0.123454 0.408969 0.408969 0.408969
2351.085449 0.000000 2467.656250 0.000000 0.995037 0.000000 0.099505 0.413220 0.413220 0.413220
2317.642090 0.000000 2450.479736 0.000000 0.998941 0.000000 -0.046017 0.452758 0.452758 0.452758
2329.045166 0.000000 2440.719971 0.000000 0.999999 0.000000 0.001340 0.493110 0.493110 0.493110
2336.342529 0.000000 2463.873535 0.000000 0.959433 0.000000 -0.281935 0.546980 0.546980 0.546980
2326.345947 0.000000 2472.093262 0.000000 0.983092 0.000000 0.183112 0.599549 0.599549 0.599549
2347.257568 0.000000 2451.640869 0.000000 0.973994 0.000000 0.226573 0.605945 0.605945 0.605945
2370.009277 0.000000 2449.876953 0.000000 0.968288 0.000000 0.249838 0.557258 0.557258 0.557258
2395.430908 0.000000 2469.462891 0.000000 0.998606 0.000000 0.052786 0.505743 0.505743 0.505743
2386.317627 0.000000 2464.070801 0.000000 0.998322 0.000000 0.057913 0.536869 0.536869 0.536869
2371.154541 0.000000 2449.580078 0.000000 0.999980 0.000000 0.006344 0.563563 0.563563 0.563563
2167.044922 0.000000 2750.338379 0.000000 0.985240 0.000000 0.171181 0.400501 0.400501 0.400501
2174.906006 0.000000 2773.544678 0.000000 0.989556 0.000000 0.144149 0.476633 0.476633 0.476633
2170.669922 0.000000 2823.472168 0.000000 0.989800 0.000000 -0.142464 0.496024 0.496024 0.496024
2172.293213 0.000000 2824.057129 0.000000 0.999752 0.000000 -0.022252 0.650737 0.650737 0.650737
2236.771729 0.000000 2748.334229 0.000000 0.980019 0.000000 0.198905 0.425272 0.425272 0.425272
2192.399414 0.000000 2738.970703 0.000000 0.986735 0.000000 0.162339 0.607893 0.607893 0.607893
2216.459229 0.000000 2740.769531 0.000000 0.963646 0.000000 0.267181 0.688703 0.688703 0.688703
2194.317627 0.000000 2746.492676 0.000000 0.954131 0.000000 -0.299390 0.670146 0.670146 0.670146
2215.486328 0.000000 2740.237061 0.000000 0.958083 0.000000 -0.286489 0.579198 0.579198 0.579198
2215.517090 0.000000 2745.938232 0.000000 0.983192 0.000000 -0.182574 0.640129 0.640129 0.640129
2193.990723 0.000000 2738.485840 0.000000 0.966762 0.000000 0.255679 0.605052 0.605052 0.605052
2250.234863 0.000000 2758.695801 0.000000 0.998936 0.000000 0.046117 0.412063 0.412063 0.412063
2244.166992 0.000000 2760.014648 0.000000 0.979775 0.000000 -0.200102 0.433596 0.433596 0.433596
2254.368652 0.000000 2767.103516 0.000000 0.987655 0.000000 0.156646 0.429832 0.429832 0.429832
2256.426025 0.000000 2761.953125 0.000000 0.998040 0.000000 -0.062584 0.453045 0.453045 0.453045
2244.298828 0.000000 2767.148438 0.000000 0.980191 0.000000 -0.198052 0.509099 0.509099 0.509099
2252.607910 0.000000 2748.185547 0.000000 0.989428 0.000000 0.145027 0.511536 0.511536 0.511536
2253.796875 0.000000 2750.262939 0.000000 0.998723 0.000000 -0.050527 0.702036 0.702036 0.702036
2247.959473 0.000000 2760.508789 0.000000 0.979202 0.000000 0.202889 0.692056 0.692056 0.692056
2244.561035 0.000000 2757.531494 0.000000 0.989685 0.000000 0.143257 0.694008 0.694008 0.694008
2247.807129 0.000000 2744.451660 0.000000 0.960541 0.000000 -0.278140 0.697580 0.697580 0.697580
2252.307373 0.000000 2752.010498 0.000000 0.999644 0.000000 0.026664 0.670632 0.670632 0.670632
2249.561035 0.000000 2762.395508 0.000000 0.958601 0.000000 0.284753 0.630897 0.630897 0.630897
2242.421143 0.000000 2754.966309 0.000000 0.999858 0.000000 -0.016869 0.583793 0.583793 0.583793
2221.386719 0.000000 2822.441406 0.000000 0.968067 0.000000 -0.250691 0.403378 0.403378 0.403378
2189.139648 0.000000 2811.279053 0.000000 0.992524 0.000000 -0.122050 0.418506 0.418506 0.418506
2184.987061 0.000000 2822.442383 0.000000 0.976861 0.000000 0.213874 0.461752 0.461752 0.461752
2184.627686 0.000000 2807.758789 0.000000 0.995958 0.000000 0.089823 0.464045 0.464045 0.464045
2194.010498 0.000000 2818.267334 0.000000 0.957416 0.000000 -0.288713 0.463032 0.463032 0.463032
2225.542480 0.000000 2789.163086 0.000000 0.998522 0.000000 -0.054354 0.488330 0.488330 0.488330
2189.322266 0.000000 2772.331055 0.000000 0.981163 0.000000 0.193182 0.481479 0.481479 0.481479
2224.063721 0.000000 2793.530273 0.000000 0.972261 0.000000 -0.233897 0.487934 0.487934 0.487934
2185.264160 0.000000 2812.327637 0.000000 0.996782 0.000000 -0.080165 0.522372 0.522372 0.522372
2181.108887 0.000000 2817.366943 0.000000 0.973078 0.000000 0.230477 0.542375 0.542375 0.542375
2199.398438 0.000000 2823.534668 0.000000 0.982938 0.000000 -0.183935 0.596337 0.596337 0.596337
2187.042725 0.000000 2808.766357 0.000000 0.996421 0.000000 0.084532 0.544030 0.544030 0.544030
2221.243652 0.000000 2776.596436 0.000000 0.965505 0.000000 0.260386 0.688998 0.688998 0.688998
2237.255859 0.000000 2788.824219 0.000000 0.978776 0.000000 0.204931 0.672008 0.672008 0.672008
2224.198730 0.000000 2791.406250 0.000000 0.994313 0.000000 -0.106501 0.609983 0.609983 0.609983
2223.739990 0.000000 2782.873047 0.000000 0.992493 0.000000 0.122302 0.566408 0.566408 0.566408
2235.312012 0.000000 2788.853516 0.000000 0.998575 0.000000 0.053372 0.644330 0.644330 0.644330
2240.090088 0.000000 2771.030029 0.000000 0.961628 0.000000 0.274355 0.396156 0.396156 0.396156
2246.935791 0.000000 2771.310303 0.000000 0.992449 0.000000 -0.122659 0.432348 0.432348 0.432348
2265.909180 0.000000 2784.820557 0.000000 0.981378 0.000000 0.192085 0.469896 0.469896 0.469896
2264.231445 0.000000 2769.412598 0.000000 0.978122 0.000000 0.208033 0.506281 0.506281 0.506281
2259.206299 0.000000 2776.566162 0.000000 0.995329 0.000000 0.096538 0.582645 0.582645 0.582645
2247.012451 0.000000 2768.825195 0.000000 0.993861 0.000000 0.110636 0.568658 0.568658 0.568658
2266.106201 0.000000 2788.435303 0.000000 0.997342 0.000000 0.072865 0.593039 0.593039 0.593039
2242.728271 0.000000 2767.756104 0.000000 0.996595 0.000000 -0.082456 0.611251 0.611251 0.611251
2256.073486 0.000000 2770.243896 0.000000 0.999723 0.000000 0.023536 0.676611 0.676611 0.676611
2160.663086 0.000000 2842.874756 0.000000 0.999595 0.000000 0.028444 0.480822 0.480822 0.480822
2151.388184 0.000000 2842.279541 0.000000 0.995687 0.000000 0.092781 0.499051 0.499051 0.499051
2173.240234 0.000000 2838.250000 0.000000 0.999694 0.000000 0.024720 0.475022 0.475022 0.475022
2165.096436 0.000000 2838.129150 0.000000 0.985452 0.000000 -0.169954 0.526370 0.526370 0.526370
2166.646973 0.000000 2842.707275 0.000000 0.994489 0.000000 0.104840 0.539648 0.539648 0.539648
2144.728027 0.000000 2835.427490 0.000000 0.999998 0.000000 -0.001931 0.700074 0.700074 0.700074
2171.256348 0.000000 2833.189209 0.000000 0.999945 0.000000 -0.010511 0.628759 0.628759 0.628759
2165.110840 0.000000 2841.066406 0.000000 0.993036 0.000000 -0.117811 0.590510 0.590510 0.590510
2174.448975 0.000000 2824.743652 0.000000 0.991968 0.000000 -0.126490 0.608589 0.608589 0.608589
2162.001709 0.000000 2831.474609 0.000000 0.985795 0.000000 0.167950 0.613519 0.613519 0.613519
2183.620850 0.000000 2830.447998 0.000000 0.998038 0.000000 0.062608 0.441113 0.441113 0.441113
2182.753418 0.000000 2829.383545 0.000000 0.999884 0.000000 0.015239 0.559418 0.559418 0.559418
2539.627197 0.000000 2818.917969 0.000000 0.992393 0.000000 0.123110 0.548916 0.548916 0.548916
2670.880859 0.000000 2931.238770 0.000000 0.956953 0.000000 0.290242 0.408391 0.408391 0.408391
2654.176025 0.000000 2931.861084 0.000000 0.995353 0.000000 -0.096293 0.512857 0.512857 0.512857
2682.511719 0.000000 2957.697510 0.000000 0.999992 0.000000 0.003977 0.399948 0.399948 0.399948
4287.509766 0.000000 2635.499756 0.000000 0.987786 0.000000 -0.155816 0.402172 0.402172 0.402172
4583.388184 0.000000 2559.857666 0.000000 0.967503 0.000000 -0.252861 0.472348 0.472348 0.472348
4575.834473 0.000000 2543.950439 0.000000 0.957707 0.000000 -0.287746 0.485019 0.485019 0.485019
4566.619629 0.000000 2575.318115 0.000000 0.999385 0.000000 0.035055 0.693787 0.693787 0.693787
4564.231934 0.000000 2565.584717 0.000000 0.998056 0.000000 0.062320 0.697493 0.697493 0.697493
4580.268066 0.000000 2564.422852 0.000000 0.993094 0.000000 -0.117318 0.598417 0.598417 0.598417
4585.763184 0.000000 2563.817383 0.000000 0.977191 0.000000 -0.212364 0.595149 0.595149 0.595149
4589.243652 0.000000 2550.658936 0.000000 0.968654 0.000000 0.248415 0.536160 0.536160 0.536160
4581.876953 0.000000 2565.614258 0.000000 0.973528 0.000000 -0.228567 0.601608 0.601608 0.601608
4571.464355 0.000000 2567.361328 0.000000 0.996653 0.000000 0.081746 0.696575 0.696575 0.696575
4579.494629 0.000000 2544.495361 0.000000 0.999961 0.000000 0.008772 0.626199 0.626199 0.626199
4571.759277 0.000000 2544.519043 0.000000 0.995498 0.000000 0.094786 0.641026 0.641026 0.641026
4523.248047 0.000000 2701.962646 0.000000 0.969873 0.000000 -0.243612 0.520066 0.520066 0.520066
4561.862305 0.000000 2691.093018 0.000000 0.997212 0.000000 0.074623 0.433107 0.433107 0.433107
4565.230957 0.000000 2693.278076 0.000000 0.999242 0.000000 0.038918 0.697549 0.697549 0.697549
4579.061035 0.000000 2710.082520 0.000000 0.999873 0.000000 0.015938 0.555484 0.555484 0.555484
4545.519531 0.000000 2702.309326 0.000000 0.996826 0.000000 -0.079615 0.605245 0.605245 0.605245
4566.176758 0.000000 2692.188477 0.000000 0.971350 0.000000 0.237653 0.661224 0.661224 0.661224
4569.064941 0.000000 2705.404297 0.000000 0.995936 0.000000 0.090062 0.666457 0.666457 0.666457
4568.413086 0.000000 2708.183838 0.000000 0.999905 0.000000 -0.013772 0.700530 0.700530 0.700530
4566.826172 0.000000 2705.314697 0.000000 0.995615 0.000000 -0.093542 0.637281 0.637281 0.637281
4572.664062 0.000000 2707.308350 0.000000 0.998193 0.000000 -0.060097 0.702354 0.702354 0.702354
4626.467285 0.000000 2586.013916 0.000000 0.999607 0.000000 -0.028036 0.619476 0.619476 0.619476
4634.165527 0.000000 2606.539062 0.000000 0.963505 0.000000 0.267689 0.399097 0.399097 0.399097
4667.964844 0.000000 2649.583008 0.000000 0.991859 0.000000 0.127339 0.453637 0.453637 0.453637
4628.179199 0.000000 2599.558350 0.000000 0.999157 0.000000 -0.041063 0.501833 0.501833 0.501833
4665.305176 0.000000 2649.478027 0.000000 0.996529 0.000000 -0.083243 0.703364 0.703364 0.703364
4702.288086 0.000000 2652.743652 0.000000 0.968007 0.000000 -0.250924 0.428448 0.428448 0.428448
4697.935547 0.000000 2638.683838 0.000000 0.992715 0.000000 0.120484 0.480980 0.480980 0.480980
4692.561035 0.000000 2649.046631 0.000000 0.994009 0.000000 0.109302 0.695540 0.695540 0.695540
4689.206543 0.000000 2635.612549 0.000000 0.995683 0.000000 -0.092823 0.548328 0.548328 0.548328
4696.507324 0.000000 2645.806396 0.000000 0.983067 0.000000 0.183248 0.691932 0.691932 0.691932
4695.733887 0.000000 2640.182373 0.000000 0.996008 0.000000 0.089264 0.619812 0.619812 0.619812
4692.942871 0.000000 2647.888428 0.000000 0.988368 0.000000 0.152081 0.615940 0.615940 0.615940
4697.314941 0.000000 2651.010986 0.000000 0.984009 0.000000 0.178119 0.692724 0.692724 0.692724
4695.599609 0.000000 2645.167969 0.000000 0.999803 0.000000 0.019838 0.699118 0.699118 0.699118
4688.999512 0.000000 2639.330322 0.000000 0.989940 0.000000 -0.141490 0.652713 0.652713 0.652713
4696.939453 0.000000 2643.592285 0.000000 0.963606 0.000000 -0.267328 0.710735 0.710735 0.710735
4690.954102 0.000000 2637.197021 0.000000 0.999654 0.000000 0.026305 0.698920 0.698920 0.698920
4692.845703 0.000000 2643.758789 0.000000 0.992614 0.000000 0.121314 0.695314 0.695314 0.695314
4693.486816 0.000000 2649.535400 0.000000 0.973134 0.000000 0.230239 0.690540 0.690540 0.690540
4653.537598 0.000000 2695.155273 0.000000 0.998428 0.000000 0.056042 0.425593 0.425593 0.425593
4644.830078 0.000000 2689.693359 0.000000 0.998189 0.000000 0.060151 0.443107 0.443107 0.443107
4666.353516 0.000000 2655.895996 0.000000 0.977370 0.000000 0.211539 0.596781 0.596781 0.596781
4612.370605 0.000000 2681.355225 0.000000 0.999629 0.000000 -0.027218 0.542807 0.542807 0.542807
4652.330078 0.000000 2673.530518 0.000000 0.997612 0.000000 0.069063 0.534655 0.534655 0.534655
4663.961426 0.000000 2656.458252 0.000000 0.979950 0.000000 -0.199241 0.646656 0.646656 0.646656
4663.569824 0.000000 2674.763916 0.000000 0.981662 0.000000 -0.190632 0.590549 0.590549 0.590549
4650.766602 0.000000 2683.812988 0.000000 0.996942 0.000000 -0.078149 0.638766 0.638766 0.638766
4700.431641 0.000000 2662.273438 0.000000 0.995342 0.000000 0.096402 0.398703 0.398703 0.398703
4697.598145 0.000000 2678.397217 0.000000 0.979301 0.000000 0.202411 0.421345 0.421345 0.421345
4696.230957 0.000000 2669.774414 0.000000 0.954942 0.000000 -0.296791 0.517259 0.517259 0.517259
4694.048340 0.000000 2677.878662 0.000000 0.999928 0.000000 -0.011983 0.644508 0.644508 0.644508
4673.312988 0.000000 2674.251221 0.000000 0.967806 0.000000 -0.251699 0.542236 0.542236 0.542236
4675.154785 0.000000 2675.517578 0.000000 0.964333 0.000000 0.264693 0.652603 0.652603 0.652603
4690.265625 0.000000 2657.474365 0.000000 0.967458 0.000000 -0.253031 0.711199 0.711199 0.711199
4675.739746 0.000000 2677.036377 0.000000 0.952135 0.000000 0.305678 0.654948 0.654948 0.654948
4694.463867 0.000000 2679.008301 0.000000 0.991179 0.000000 0.132534 0.610728 0.610728 0.610728
4692.484375 0.000000 2679.539062 0.000000 0.970062 0.000000 -0.242856 0.664137 0.664137 0.664137
5033.375000 0.000000 2595.839844 0.000000 0.999996 0.000000 -0.002946 0.655981 0.655981 0.655981
5107.759277 0.000000 2573.161621 0.000000 0.999948 0.000000 -0.010180 0.400136 0.400136 0.400136
4959.121582 0.000000 2629.541504 0.000000 0.965348 0.000000 -0.260966 0.650707 0.650707 0.650707
4961.533203 0.000000 2624.340576 0.000000 0.996594 0.000000 -0.082466 0.629027 0.629027 0.629027
4961.560059 0.000000 2627.287842 0.000000 0.992895 0.000000 0.118993 0.694966 0.694966 0.694966
4958.965820 0.000000 2627.770508 0.000000 0.992264 0.000000 0.124149 0.695215 0.695215 0.695215
5019.966309 0.000000 2607.894287 0.000000 0.980343 0.000000 0.197303 0.415618 0.415618 0.415618
5007.854980 0.000000 2604.811035 0.000000 0.963943 0.000000 0.266107 0.433815 0.433815 0.433815
5019.236816 0.000000 2615.768066 0.000000 0.994398 0.000000 -0.105698 0.592152 0.592152 0.592152
5065.386230 0.000000 2605.551758 0.000000 0.990315 0.000000 -0.138838 0.585143 0.585143 0.585143
5969.469238 0.000000 2164.144775 0.000000 0.982230 0.000000 0.187680 0.466111 0.466111 0.466111
5999.546387 0.000000 2152.753662 0.000000 0.967368 0.000000 -0.253374 0.510294 0.510294 0.510294
5967.028809 0.000000 2159.512207 0.000000 0.987455 0.000000 -0.157903 0.530066 0.530066 0.530066
5959.460938 0.000000 2167.349365 0.000000 0.968725 0.000000 -0.248137 0.648272 0.648272 0.648272
5993.064941 0.000000 2254.596191 0.000000 0.998141 0.000000 0.060955 0.399178 0.399178 0.399178
6012.112793 0.000000 2238.565674 0.000000 0.989017 0.000000 -0.147800 0.460471 0.460471 0.460471
6014.710938 0.000000 2241.116943 0.000000 0.995287 0.000000 -0.096972 0.684875 0.684875 0.684875
6014.015625 0.000000 2235.507080 0.000000 0.988373 0.000000 0.152050 0.590789 0.590789 0.590789
6071.062500 0.000000 2253.908203 0.000000 0.990727 0.000000 0.135865 0.398176 0.398176 0.398176
6019.099121 0.000000 2229.592285 0.000000 0.966526 0.000000 -0.256569 0.422560 0.422560 0.422560
6050.559570 0.000000 2236.096191 0.000000 0.957763 0.000000 0.287559 0.441141 0.441141 0.441141
6057.785156 0.000000 2236.973877 0.000000 0.974545 0.000000 -0.224194 0.549554 0.549554 0.549554
6046.526367 0.000000 2247.345947 0.000000 0.998634 0.000000 0.052257 0.546766 0.546766 0.546766
6133.101074 0.000000 2248.216064 0.000000 0.997860 0.000000 0.065380 0.415683 0.415683 0.415683
6127.816406 0.000000 2248.678955 0.000000 0.992460 0.000000 0.122571 0.539221 0.539221 0.539221
6127.731934 0.000000 2249.989502 0.000000 0.968056 0.000000 -0.250732 0.548211 0.548211 0.548211
6135.218262 0.000000 2255.027100 0.000000 0.982194 0.000000 0.187869 0.576257 0.576257 0.576257
6135.038086 0.000000 2250.890625 0.000000 0.999613 0.000000 0.027807 0.568882 0.568882 0.568882
5191.620605 0.000000 2491.541748 0.000000 0.978895 0.000000 0.204365 0.430989 0.430989 0.430989
5160.459473 0.000000 2571.316406 0.000000 0.999111 0.000000 -0.042153 0.492022 0.492022 0.492022
5865.963379 0.000000 2266.904297 0.000000 0.991189 0.000000 -0.132454 0.448327 0.448327 0.448327
5793.762207 0.000000 2394.241699 0.000000 0.989073 0.000000 0.147429 0.478510 0.478510 0.478510
5927.591309 0.000000 2301.210938 0.000000 0.999938 0.000000 0.011114 0.399848 0.399848 0.399848
5933.387695 0.000000 2292.163086 0.000000 0.999659 0.000000 -0.026114 0.487771 0.487771 0.487771
5926.464355 0.000000 2302.269043 0.000000 0.998303 0.000000 0.058229 0.490008 0.490008 0.490008
5935.984863 0.000000 2292.955322 0.000000 0.994162 0.000000 -0.107896 0.530899 0.530899 0.530899
5940.968750 0.000000 2291.122559 0.000000 0.983522 0.000000 -0.180789 0.665988 0.665988 0.665988
5930.301758 0.000000 2302.920654 0.000000 0.999990 0.000000 -0.004443 0.605031 0.605031 0.605031
5981.739258 0.000000 2280.838135 0.000000 0.964618 0.000000 0.263652 0.406872 0.406872 0.406872
6012.180664 0.000000 2293.477539 0.000000 0.988484 0.000000 0.151327 0.422151 0.422151 0.422151
5976.874512 0.000000 2277.390137 0.000000 0.970194 0.000000 0.242330 0.480490 0.480490 0.480490
6023.241211 0.000000 2293.904541 0.000000 0.952107 0.000000 0.305764 0.574871 0.574871 0.574871
6052.659668 0.000000 2295.472900 0.000000 0.999948 0.000000 -0.010215 0.683704 0.683704 0.683704
6089.278320 0.000000 2309.458496 0.000000 0.996294 0.000000 0.086013 0.398839 0.398839 0.398839
6099.991699 0.000000 2292.602539 0.000000 0.978696 0.000000 -0.205315 0.402819 0.402819 0.402819
6086.028809 0.000000 2282.304688 0.000000 0.981751 0.000000 0.190173 0.398289 0.398289 0.398289
6080.588379 0.000000 2311.677490 0.000000 0.997288 0.000000 -0.073605 0.429594 0.429594 0.429594
4503.491699 0.000000 2711.881592 0.000000 0.995622 0.000000 0.093469 0.398785 0.398785 0.398785
4497.288086 0.000000 2716.331299 0.000000 0.987285 0.000000 -0.158961 0.448781 0.448781 0.448781
4534.834961 0.000000 2748.924561 0.000000 0.963764 0.000000 -0.266757 0.576654 0.576654 0.576654
4532.601074 0.000000 2762.187500 0.000000 0.990965 0.000000 0.134123 0.573853 0.573853 0.573853
4536.930664 0.000000 2723.650146 0.000000 0.966043 0.000000 0.258381 0.591555 0.591555 0.591555
4535.950684 0.000000 2749.434082 0.000000 0.978995 0.000000 0.203885 0.564250 0.564250 0.564250
4530.230469 0.000000 2762.206299 0.000000 0.951903 0.000000 -0.306398 0.648209 0.648209 0.648209
4527.705078 0.000000 2742.533936 0.000000 0.976277 0.000000 -0.216524 0.575303 0.575303 0.575303
4536.213867 0.000000 2722.777100 0.000000 0.974495 0.000000 0.224410 0.592555 0.592555 0.592555
4495.758301 0.000000 2719.935059 0.000000 0.996989 0.000000 -0.077540 0.579527 0.579527 0.579527
4537.036621 0.000000 2724.776367 0.000000 0.999822 0.000000 0.018874 0.610226 0.610226 0.610226
4551.213379 0.000000 2749.449951 0.000000 0.997924 0.000000 0.064409 0.399115 0.399115 0.399115
4575.330566 0.000000 2743.671143 0.000000 0.999941 0.000000 -0.010852 0.403095 0.403095 0.403095
4552.722168 0.000000 2743.769043 0.000000 0.978045 0.000000 0.208394 0.419316 0.419316 0.419316
4593.909180 0.000000 2743.091309 0.000000 0.956093 0.000000 0.293062 0.419892 0.419892 0.419892
4579.093262 0.000000 2733.626221 0.000000 0.975175 0.000000 -0.221434 0.427977 0.427977 0.427977
4566.981445 0.000000 2739.474609 0.000000 0.973921 0.000000 -0.226889 0.432042 0.432042 0.432042
4552.859375 0.000000 2748.737061 0.000000 0.993788 0.000000 0.111288 0.430565 0.430565 0.430565
4593.135254 0.000000 2738.086914 0.000000 0.991743 0.000000 0.128244 0.463339 0.463339 0.463339
4556.955566 0.000000 2767.114014 0.000000 0.980955 0.000000 0.194234 0.674323 0.674323 0.674323
4587.818848 0.000000 2748.751953 0.000000 0.964422 0.000000 -0.264369 0.514533 0.514533 0.514533
4548.220703 0.000000 2728.604736 0.000000 0.960684 0.000000 0.277643 0.689060 0.689060 0.689060
4603.628418 0.000000 2754.925537 0.000000 0.967949 0.000000 -0.251149 0.690528 0.690528 0.690528
4596.467773 0.000000 2732.374756 0.000000 0.996794 0.000000 0.080008 0.674593 0.674593 0.674593
4595.413574 0.000000 2730.800537 0.000000 0.975924 0.000000 0.218110 0.556168 0.556168 0.556168
4573.817383 0.000000 2751.129395 0.000000 0.977806 0.000000 -0.209513 0.696988 0.696988 0.696988
4581.123047 0.000000 2750.411865 0.000000 0.957255 0.000000 -0.289245 0.565220 0.565220 0.565220
4583.639160 0.000000 2738.323242 0.000000 0.970597 0.000000 0.240709 0.609350 0.609350 0.609350
4606.710938 0.000000 2749.476318 0.000000 0.992465 0.000000 0.122530 0.593571 0.593571 0.593571
4580.268066 0.000000 2733.875977 0.000000 0.995503 0.000000 -0.094734 0.704037 0.704037 0.704037
4554.511230 0.000000 2729.940918 0.000000 0.968839 0.000000 0.247690 0.689743 0.689743 0.689743
4600.008301 0.000000 2753.499268 0.000000 0.975110 0.000000 0.221721 0.621468 0.621468 0.621468
4555.238281 0.000000 2717.391113 0.000000 0.981714 0.000000 -0.190364 0.624425 0.624425 0.624425
4605.255859 0.000000 2732.339844 0.000000 0.994771 0.000000 -0.102129 0.594030 0.594030 0.594030
4583.180176 0.000000 2741.674316 0.000000 0.979845 0.000000 0.199758 0.691934 0.691934 0.691934
4547.005859 0.000000 2762.208008 0.000000 0.983437 0.000000 -0.181248 0.707103 0.707103 0.707103
4581.876953 0.000000 2735.067383 0.000000 0.998972 0.000000 0.045332 0.697979 0.697979 0.697979
4572.949219 0.000000 2731.955078 0.000000 0.983691 0.000000 -0.179867 0.594230 0.594230 0.594230
4573.639160 0.000000 2714.725098 0.000000 0.989204 0.000000 0.146545 0.641263 0.641263 0.641263
4559.718262 0.000000 2711.703369 0.000000 0.981648 0.000000 0.190700 0.655203 0.655203 0.655203
4583.486328 0.000000 2740.237061 0.000000 0.995292 0.000000 0.096920 0.696107 0.696107 0.696107
4580.375977 0.000000 2748.514648 0.000000 0.963438 0.000000 0.267931 0.687912 0.687912 0.687912
4551.085449 0.000000 2765.336182 0.000000 0.990726 0.000000 -0.135872 0.705669 0.705669 0.705669
4560.839355 0.000000 2717.305908 0.000000 0.999127 0.000000 -0.041786 0.613989 0.613989 0.613989
4574.405762 0.000000 2749.489746 0.000000 0.999919 0.000000 0.012753 0.699493 0.699493 0.699493
4594.309082 0.000000 2747.062500 0.000000 0.988540 0.000000 -0.150957 0.706210 0.706210 0.706210
4588.519531 0.000000 2739.784424 0.000000 0.998120 0.000000 -0.061282 0.634284 0.634284 0.634284
4571.759277 0.000000 2713.972168 0.000000 0.989435 0.000000 -0.144977 0.706484 0.706484 0.706484
4561.165527 0.000000 2732.433350 0.000000 0.996642 0.000000 0.081877 0.696447 0.696447 0.696447
4557.866699 0.000000 2720.220215 0.000000 0.985388 0.000000 0.170323 0.692553 0.692553 0.692553
4528.943848 0.000000 2779.322754 0.000000 0.982916 0.000000 0.184056 0.433260 0.433260 0.433260
4524.311035 0.000000 2781.323486 0.000000 0.985470 0.000000 0.169851 0.474196 0.474196 0.474196
4528.795410 0.000000 2777.759277 0.000000 0.999890 0.000000 -0.014850 0.554290 0.554290 0.554290
4582.824707 0.000000 2772.972168 0.000000 0.955310 0.000000 -0.295607 0.404180 0.404180 0.404180
4575.005371 0.000000 2802.639160 0.000000 0.994192 0.000000 0.107622 0.413098 0.413098 0.413098
4575.750977 0.000000 2774.317383 0.000000 0.970789 0.000000 -0.239933 0.468115 0.468115 0.468115
4572.436523 0.000000 2784.337158 0.000000 0.951915 0.000000 0.306361 0.686206 0.686206 0.686206
4545.993652 0.000000 2791.184326 0.000000 0.997451 0.000000 -0.071355 0.488667 0.488667 0.488667
4554.576172 0.000000 2798.078125 0.000000 0.998214 0.000000 -0.059732 0.616494 0.616494 0.616494
4571.236816 0.000000 2785.221191 0.000000 0.999537 0.000000 -0.030441 0.701232 0.701232 0.701232
4546.058594 0.000000 2786.173828 0.000000 0.964071 0.000000 0.265643 0.560674 0.560674 0.560674
4551.754395 0.000000 2797.700684 0.000000 0.995193 0.000000 0.097936 0.602050 0.602050 0.602050
4554.112793 0.000000 2804.891113 0.000000 0.980549 0.000000 -0.196275 0.707768 0.707768 0.707768
4546.597656 0.000000 2781.199463 0.000000 0.953728 0.000000 0.300672 0.569284 0.569284 0.569284
4575.169922 0.000000 2780.971924 0.000000 0.971507 0.000000 0.237010 0.505643 0.505643 0.505643
4552.396484 0.000000 2806.515137 0.000000 0.999706 0.000000 0.024238 0.699032 0.699032 0.699032
4592.161133 0.000000 2807.083496 0.000000 0.992137 0.000000 0.125159 0.566333 0.566333 0.566333
4597.656738 0.000000 2790.377686 0.000000 0.986025 0.000000 -0.166596 0.548142 0.548142 0.548142
4548.470703 0.000000 2802.723389 0.000000 0.968668 0.000000 -0.248358 0.709650 0.709650 0.709650
4550.969727 0.000000 2800.058594 0.000000 0.999997 0.000000 -0.002623 0.700109 0.700109 0.700109
4574.669434 0.000000 2783.350830 0.000000 0.996086 0.000000 -0.088393 0.703728 0.703728 0.703728
4554.277832 0.000000 2803.786133 0.000000 0.999964 0.000000 0.008476 0.699670 0.699670 0.699670
4577.875488 0.000000 2802.497070 0.000000 0.996895 0.000000 -0.078741 0.646684 0.646684 0.646684
4579.812500 0.000000 2803.158447 0.000000 0.998602 0.000000 -0.052853 0.622198 0.622198 0.622198
4570.285645 0.000000 2773.539551 0.000000 0.968173 0.000000 -0.250282 0.582214 0.582214 0.582214
4577.256836 0.000000 2804.581299 0.000000 0.993647 0.000000 0.112546 0.695634 0.695634 0.695634
4552.698730 0.000000 2799.199219 0.000000 0.999189 0.000000 -0.040256 0.655269 0.655269 0.655269
4574.662598 0.000000 2778.794434 0.000000 0.993967 0.000000 0.109680 0.619184 0.619184 0.619184
4578.505859 0.000000 2783.165771 0.000000 0.981079 0.000000 0.193607 0.657026 0.657026 0.657026
4533.900391 0.000000 2875.593506 0.000000 0.979405 0.000000 -0.201907 0.537054 0.537054 0.537054
4556.904785 0.000000 2851.701172 0.000000 0.992835 0.000000 -0.119497 0.525229 0.525229 0.525229
4548.993652 0.000000 2848.401855 0.000000 0.985508 0.000000 0.169632 0.516800 0.516800 0.516800
4575.371094 0.000000 2879.280029 0.000000 0.961001 0.000000 -0.276544 0.550855 0.550855 0.550855
4555.444824 0.000000 2838.368164 0.000000 0.999085 0.000000 0.042773 0.627099 0.627099 0.627099
4600.491211 0.000000 2825.048340 0.000000 0.985228 0.000000 -0.171246 0.611895 0.611895 0.611895
4557.306641 0.000000 2905.254639 0.000000 0.955364 0.000000 -0.295431 0.441158 0.441158 0.441158
4576.387695 0.000000 2889.996582 0.000000 0.978910 0.000000 -0.204293 0.553050 0.553050 0.553050
4564.231934 0.000000 2904.490967 0.000000 0.999665 0.000000 0.025870 0.535668 0.535668 0.535668
4565.918945 0.000000 2901.608154 0.000000 0.977528 0.000000 0.210808 0.540939 0.540939 0.540939
4221.658691 0.000000 3141.956299 0.000000 0.985777 0.000000 0.168061 0.397808 0.397808 0.397808
4271.882812 0.000000 3055.179932 0.000000 0.975985 0.000000 0.217837 0.415300 0.415300 0.415300
4269.281250 0.000000 3055.275879 0.000000 0.968396 0.000000 -0.249416 0.710418 0.710418 0.710418
4260.187500 0.000000 3063.211914 0.000000 0.994834 0.000000 0.101513 0.689354 0.689354 0.689354
4288.712402 0.000000 3068.377197 0.000000 0.999839 0.000000 0.017966 0.416397 0.416397 0.416397
4299.583008 0.000000 3097.101074 0.000000 0.993656 0.000000 -0.112464 0.558698 0.558698 0.558698
4291.978516 0.000000 3066.374268 0.000000 0.980621 0.000000 0.195916 0.562533 0.562533 0.562533
4236.083496 0.000000 3152.154541 0.000000 0.968410 0.000000 -0.249363 0.403423 0.403423 0.403423
4239.870117 0.000000 3143.463379 0.000000 0.955230 0.000000 -0.295863 0.407201 0.407201 0.407201
4310.937012 0.000000 3121.067871 0.000000 0.966186 0.000000 0.257845 0.396588 0.396588 0.396588
4350.270020 0.000000 3111.072021 0.000000 0.985793 0.000000 -0.167967 0.402233 0.402233 0.402233
4301.317383 0.000000 3159.867920 0.000000 0.980112 0.000000 -0.198447 0.443500 0.443500 0.443500
4349.505859 0.000000 3114.717041 0.000000 0.988962 0.000000 0.148168 0.517283 0.517283 0.517283
4314.768555 0.000000 3121.572998 0.000000 0.996769 0.000000 -0.080325 0.640811 0.640811 0.640811
4315.859375 0.000000 3121.785889 0.000000 0.967741 0.000000 -0.251948 0.646392 0.646392 0.646392
4322.564453 0.000000 3132.620605 0.000000 0.985465 0.000000 -0.169880 0.681550 0.681550 0.681550
4588.330078 0.000000 2955.952393 0.000000 0.985346 0.000000 0.170570 0.582530 0.582530 0.582530
4599.424805 0.000000 3017.940918 0.000000 0.955263 0.000000 0.295758 0.519663 0.519663 0.519663
4601.619629 0.000000 3018.010742 0.000000 0.973570 0.000000 -0.228388 0.673651 0.673651 0.673651
4365.317383 0.000000 3159.867920 0.000000 0.955306 0.000000 0.295620 0.439077 0.439077 0.439077
4598.485352 0.000000 3132.054932 0.000000 0.981395 0.000000 -0.192001 0.461266 0.461266 0.461266
4589.249512 0.000000 3137.879395 0.000000 0.986791 0.000000 0.161997 0.487914 0.487914 0.487914
4599.433594 0.000000 3127.843750 0.000000 0.963561 0.000000 0.267488 0.481902 0.481902 0.481902
4596.467773 0.000000 3127.765381 0.000000 0.968579 0.000000 -0.248706 0.506199 0.506199 0.506199
4668.832520 0.000000 2743.571777 0.000000 0.970967 0.000000 -0.239212 0.403232 0.403232 0.403232
4653.814941 0.000000 2747.796143 0.000000 0.954113 0.000000 0.299448 0.417865 0.417865 0.417865
4612.993652 0.000000 2735.433105 0.000000 0.963243 0.000000 -0.268632 0.528634 0.528634 0.528634
4622.943359 0.000000 2751.844482 0.000000 0.998274 0.000000 0.058726 0.603194 0.603194 0.603194
4629.902344 0.000000 2756.736328 0.000000 0.996346 0.000000 0.085409 0.627714 0.627714 0.627714
4638.762207 0.000000 2733.418701 0.000000 0.956037 0.000000 0.293247 0.688219 0.688219 0.688219
4626.479492 0.000000 2757.893555 0.000000 0.986669 0.000000 -0.162738 0.623576 0.623576 0.623576
4608.369141 0.000000 2750.777100 0.000000 0.975017 0.000000 -0.222130 0.697464 0.697464 0.697464
4623.546387 0.000000 2749.131836 0.000000 0.997153 0.000000 -0.075401 0.702941 0.702941 0.702941
4656.086914 0.000000 2746.931641 0.000000 0.996686 0.000000 0.081350 0.555796 0.555796 0.555796
4630.239258 0.000000 2750.781006 0.000000 0.998389 0.000000 -0.056731 0.647937 0.647937 0.647937
4670.015625 0.000000 2743.866455 0.000000 0.955006 0.000000 0.296586 0.571310 0.571310 0.571310
4626.137207 0.000000 2754.208008 0.000000 0.998100 0.000000 -0.061612 0.606694 0.606694 0.606694
4641.559570 0.000000 2730.527588 0.000000 0.989985 0.000000 -0.141176 0.597112 0.597112 0.597112
4666.567871 0.000000 2736.060303 0.000000 0.979928 0.000000 -0.199353 0.707839 0.707839 0.707839
4683.735352 0.000000 2755.303223 0.000000 0.998296 0.000000 0.058355 0.482196 0.482196 0.482196
4682.690430 0.000000 2757.611816 0.000000 0.998373 0.000000 0.057018 0.697682 0.697682 0.697682
4642.735840 0.000000 2807.387451 0.000000 0.998324 0.000000 -0.057876 0.400769 0.400769 0.400769
4633.916992 0.000000 2812.500488 0.000000 0.999633 0.000000 -0.027083 0.400367 0.400367 0.400367
4635.673340 0.000000 2820.507812 0.000000 0.998726 0.000000 0.050457 0.411999 0.411999 0.411999
4612.166992 0.000000 2816.499023 0.000000 0.999997 0.000000 0.002454 0.422511 0.422511 0.422511
4658.490723 0.000000 2790.523926 0.000000 0.999999 0.000000 -0.001527 0.438260 0.438260 0.438260
4658.395020 0.000000 2797.750977 0.000000 0.989061 0.000000 0.147504 0.420269 0.420269 0.420269
4654.908691 0.000000 2779.043701 0.000000 0.975483 0.000000 0.220077 0.482869 0.482869 0.482869
4639.740723 0.000000 2812.702881 0.000000 0.990604 0.000000 0.136761 0.467067 0.467067 0.467067
4668.055664 0.000000 2773.651611 0.000000 0.989102 0.000000 0.147233 0.468811 0.468811 0.468811
4639.182129 0.000000 2815.233643 0.000000 0.998354 0.000000 -0.057351 0.567165 0.567165 0.567165
4641.152344 0.000000 2813.902344 0.000000 0.981608 0.000000 0.190909 0.587747 0.587747 0.587747
4632.231445 0.000000 2769.412598 0.000000 0.952156 0.000000 0.305614 0.504111 0.504111 0.504111
4635.970215 0.000000 2768.716553 0.000000 0.998547 0.000000 0.053890 0.507673 0.507673 0.507673
4658.304199 0.000000 2794.122070 0.000000 0.959743 0.000000 -0.280880 0.510895 0.510895 0.510895
4634.770996 0.000000 2777.334961 0.000000 0.998542 0.000000 -0.053989 0.657700 0.657700 0.657700
4655.705078 0.000000 2799.018311 0.000000 0.985486 0.000000 -0.169758 0.707170 0.707170 0.707170
4652.773926 0.000000 2803.657471 0.000000 0.999592 0.000000 0.028579 0.596247 0.596247 0.596247
4620.499512 0.000000 2807.117188 0.000000 0.984223 0.000000 0.176933 0.555305 0.555305 0.555305
4657.606934 0.000000 2798.541748 0.000000 0.999708 0.000000 0.024152 0.692239 0.692239 0.692239
4621.676758 0.000000 2804.728271 0.000000 0.960041 0.000000 -0.279861 0.625204 0.625204 0.625204
4654.371582 0.000000 2792.359131 0.000000 0.957925 0.000000 0.287019 0.646087 0.646087 0.646087
4641.586426 0.000000 2814.854492 0.000000 0.997926 0.000000 0.064369 0.614728 0.614728 0.614728
4710.792969 0.000000 2770.546387 0.000000 0.992912 0.000000 -0.118848 0.408581 0.408581 0.408581
4697.909180 0.000000 2784.820557 0.000000 0.961626 0.000000 -0.274365 0.498749 0.498749 0.498749
4701.209473 0.000000 2823.695557 0.000000 0.988610 0.000000 -0.150497 0.514030 0.514030 0.514030
4696.874512 0.000000 2785.749512 0.000000 0.967836 0.000000 0.251583 0.488002 0.488002 0.488002
4719.816406 0.000000 2813.522705 0.000000 0.972035 0.000000 -0.234838 0.619798 0.619798 0.619798
4685.527344 0.000000 2774.778076 0.000000 0.953743 0.000000 0.300622 0.527206 0.527206 0.527206
4714.279785 0.000000 2812.591064 0.000000 0.978087 0.000000 0.208197 0.691057 0.691057 0.691057
4821.894043 0.000000 2821.008301 0.000000 0.990847 0.000000 0.134986 0.494286 0.494286 0.494286
4854.904297 0.000000 2804.042725 0.000000 0.993705 0.000000 -0.112027 0.497381 0.497381 0.497381
4822.889648 0.000000 2816.996338 0.000000 0.981205 0.000000 -0.192967 0.481154 0.481154 0.481154
4862.147949 0.000000 2812.689209 0.000000 0.995780 0.000000 -0.091773 0.496967 0.496967 0.496967
4857.404785 0.000000 2805.378662 0.000000 0.970878 0.000000 -0.239574 0.587921 0.587921 0.587921
4859.452148 0.000000 2807.623779 0.000000 0.995936 0.000000 0.090068 0.600335 0.600335 0.600335
4615.143066 0.000000 2851.603271 0.000000 0.960448 0.000000 -0.278461 0.403931 0.403931 0.403931
4625.219727 0.000000 2835.677490 0.000000 0.988523 0.000000 -0.151069 0.414988 0.414988 0.414988
4660.916016 0.000000 2831.581787 0.000000 0.959358 0.000000 0.282193 0.441236 0.441236 0.441236
4616.280273 0.000000 2858.449707 0.000000 0.998813 0.000000 -0.048703 0.435101 0.435101 0.435101
4647.522949 0.000000 2828.216797 0.000000 0.999498 0.000000 0.031696 0.698643 0.698643 0.698643
4632.231445 0.000000 2825.896973 0.000000 0.990913 0.000000 0.134503 0.643597 0.643597 0.643597
4641.498047 0.000000 2872.433594 0.000000 0.974249 0.000000 0.225475 0.653987 0.653987 0.653987
4630.163574 0.000000 2827.184082 0.000000 0.955168 0.000000 0.296066 0.688155 0.688155 0.688155
4647.881348 0.000000 2824.281982 0.000000 0.998733 0.000000 0.050326 0.597582 0.597582 0.597582
4665.484375 0.000000 2865.234619 0.000000 0.997981 0.000000 0.063515 0.556245 0.556245 0.556245
4645.770020 0.000000 2829.221191 0.000000 0.952331 0.000000 0.305067 0.686483 0.686483 0.686483
4697.618652 0.000000 2875.895996 0.000000 0.992605 0.000000 -0.121392 0.418496 0.418496 0.418496
4675.455566 0.000000 2842.899902 0.000000 0.982482 0.000000 0.186359 0.529950 0.529950 0.529950
4682.112793 0.000000 2861.375488 0.000000 0.999770 0.000000 0.021470 0.580791 0.580791 0.580791
4702.526367 0.000000 2868.674072 0.000000 0.996350 0.000000 -0.085363 0.674571 0.674571 0.674571
4695.045898 0.000000 2825.852539 0.000000 0.963497 0.000000 -0.267721 0.614788 0.614788 0.614788
4629.272461 0.000000 2889.072754 0.000000 0.979336 0.000000 -0.202240 0.479346 0.479346 0.479346
4626.209473 0.000000 2891.606689 0.000000 0.963290 0.000000 0.268464 0.689693 0.689693 0.689693
4765.291016 0.000000 2866.561279 0.000000 0.996940 0.000000 0.078168 0.401831 0.401831 0.401831
4744.954590 0.000000 2847.936768 0.000000 0.971529 0.000000 0.236919 0.449747 0.449747 0.449747
4742.382324 0.000000 2861.218750 0.000000 0.996324 0.000000 0.085660 0.479713 0.479713 0.479713
4739.452637 0.000000 2864.191162 0.000000 0.996597 0.000000 0.082432 0.468079 0.468079 0.468079
4767.826172 0.000000 2875.794678 0.000000 0.986202 0.000000 0.165546 0.569136 0.569136 0.569136
4741.933594 0.000000 2865.055420 0.000000 0.997990 0.000000 0.063365 0.546495 0.546495 0.546495
4747.374512 0.000000 2856.249512 0.000000 0.996068 0.000000 0.088592 0.685949 0.685949 0.685949
4764.664062 0.000000 2876.761475 0.000000 0.997764 0.000000 -0.066840 0.604874 0.604874 0.604874
4773.085938 0.000000 2907.073975 0.000000 0.951667 0.000000 0.307132 0.509821 0.509821 0.509821
4777.922852 0.000000 2905.854980 0.000000 0.980929 0.000000 0.194365 0.498852 0.498852 0.498852
4773.123047 0.000000 2919.864990 0.000000 0.995470 0.000000 -0.095076 0.564189 0.564189 0.564189
4775.486328 0.000000 2909.690186 0.000000 0.995598 0.000000 0.093728 0.621619 0.621619 0.621619
4771.250488 0.000000 2918.129395 0.000000 0.997847 0.000000 -0.065584 0.642310 0.642310 0.642310
4764.338867 0.000000 2925.205078 0.000000 0.959331 0.000000 0.282284 0.587020 0.587020 0.587020
4769.751465 0.000000 2920.679688 0.000000 0.971978 0.000000 -0.235071 0.710015 0.710015 0.710015
4878.401855 0.000000 2809.430176 0.000000 0.998403 0.000000 -0.056493 0.400785 0.400785 0.400785
4874.618164 0.000000 2819.177734 0.000000 0.970486 0.000000 -0.241156 0.428291 0.428291 0.428291
4874.112793 0.000000 2804.891113 0.000000 0.997283 0.000000 -0.073667 0.541946 0.541946 0.541946
4865.519531 0.000000 2815.278076 0.000000 0.998067 0.000000 -0.062149 0.545613 0.545613 0.545613
4870.969727 0.000000 2800.058594 0.000000 0.957250 0.000000 -0.289262 0.563213 0.563213 0.563213
4868.508301 0.000000 2810.434814 0.000000 0.995136 0.000000 0.098515 0.559253 0.559253 0.559253
4868.485840 0.000000 2815.084717 0.000000 0.988020 0.000000 -0.154323 0.706011 0.706011 0.706011
4866.420898 0.000000 2811.450684 0.000000 0.998579 0.000000 -0.053291 0.702180 0.702180 0.702180
4866.473633 0.000000 2814.905029 0.000000 0.992398 0.000000 -0.123071 0.667968 0.667968 0.667968
4869.164062 0.000000 2813.161621 0.000000 0.991480 0.000000 0.130255 0.632114 0.632114 0.632114
4870.803223 0.000000 2820.812012 0.000000 0.997217 0.000000 0.074558 0.697059 0.697059 0.697059
4989.212891 0.000000 2793.126221 0.000000 0.955268 0.000000 0.295743 0.396102 0.396102 0.396102
4996.032715 0.000000 2799.345947 0.000000 0.971951 0.000000 -0.235182 0.403058 0.403058 0.403058
5006.650879 0.000000 2818.075195 0.000000 0.997138 0.000000 0.075603 0.398961 0.398961 0.398961
4994.575684 0.000000 2808.861328 0.000000 0.999123 0.000000 -0.041870 0.400583 0.400583 0.400583
4887.599609 0.000000 2878.773926 0.000000 0.990377 0.000000 0.138398 0.472861 0.472861 0.472861
4914.362305 0.000000 2858.916260 0.000000 0.951960 0.000000 0.306221 0.477268 0.477268 0.477268
4913.606934 0.000000 2855.026123 0.000000 0.987694 0.000000 0.156396 0.681502 0.681502 0.681502
4912.273926 0.000000 2853.494385 0.000000 0.996805 0.000000 0.079870 0.637621 0.637621 0.637621
4982.385254 0.000000 2828.127686 0.000000 0.999993 0.000000 -0.003746 0.414762 0.414762 0.414762
4928.517090 0.000000 2873.995850 0.000000 0.974192 0.000000 0.225721 0.428703 0.428703 0.428703
4931.597168 0.000000 2849.325439 0.000000 0.977460 0.000000 0.211121 0.459871 0.459871 0.459871
4960.813477 0.000000 2867.724609 0.000000 0.986571 0.000000 -0.163333 0.480580 0.480580 0.480580
4937.022461 0.000000 2867.285889 0.000000 0.995024 0.000000 -0.099638 0.493177 0.493177 0.493177
4931.574219 0.000000 2877.642334 0.000000 0.983010 0.000000 -0.183552 0.572434 0.572434 0.572434
4939.305176 0.000000 2831.541748 0.000000 0.970056 0.000000 0.242881 0.690353 0.690353 0.690353
4938.381348 0.000000 2825.616455 0.000000 0.996329 0.000000 -0.085608 0.684464 0.684464 0.684464
4950.346191 0.000000 2867.483887 0.000000 0.993838 0.000000 -0.110846 0.663582 0.663582 0.663582
4940.040527 0.000000 2842.991211 0.000000 0.969213 0.000000 -0.246224 0.614137 0.614137 0.614137
4949.995605 0.000000 2864.724609 0.000000 0.999982 0.000000 -0.005994 0.697284 0.697284 0.697284
4912.663086 0.000000 2899.359131 0.000000 0.989927 0.000000 0.141579 0.478624 0.478624 0.478624
4883.048340 0.000000 2891.004395 0.000000 0.996908 0.000000 -0.078574 0.622983 0.622983 0.622983
4931.050781 0.000000 2884.097412 0.000000 0.971940 0.000000 0.235228 0.453636 0.453636 0.453636
4936.070801 0.000000 2884.495850 0.000000 0.980504 0.000000 -0.196500 0.600681 0.600681 0.600681
4610.822754 0.000000 2971.155518 0.000000 0.960765 0.000000 -0.277365 0.403859 0.403859 0.403859
4624.485352 0.000000 2962.299805 0.000000 0.980529 0.000000 0.196376 0.467880 0.467880 0.467880
4639.902832 0.000000 2952.471191 0.000000 0.998050 0.000000 -0.062415 0.516066 0.516066 0.516066
4611.093750 0.000000 3023.741943 0.000000 1.000000 0.000000 0.000794 0.502925 0.502925 0.502925
4615.754395 0.000000 3023.638184 0.000000 0.984090 0.000000 0.177670 0.640230 0.640230 0.640230
4609.144043 0.000000 3019.126221 0.000000 0.964239 0.000000 -0.265035 0.701105 0.701105 0.701105
4745.278320 0.000000 2987.270996 0.000000 0.990846 0.000000 0.135000 0.398168 0.398168 0.398168
4779.596680 0.000000 2985.729004 0.000000 0.986843 0.000000 -0.161682 0.415146 0.415146 0.415146
4770.377441 0.000000 2980.914795 0.000000 0.989574 0.000000 -0.144022 0.488131 0.488131 0.488131
4841.650879 0.000000 2946.474121 0.000000 0.953046 0.000000 -0.302826 0.409303 0.409303 0.409303
4842.440430 0.000000 2953.396484 0.000000 0.951615 0.000000 0.307292 0.410049 0.410049 0.410049
4768.801270 0.000000 3021.987061 0.000000 0.999966 0.000000 -0.008246 0.410905 0.410905 0.410905
4760.887695 0.000000 3035.271973 0.000000 0.999315 0.000000 -0.037016 0.413293 0.413293 0.413293
4786.478027 0.000000 3035.547607 0.000000 0.996220 0.000000 -0.086863 0.500813 0.500813 0.500813
4790.834961 0.000000 3031.346436 0.000000 0.981455 0.000000 -0.191693 0.526865 0.526865 0.526865
4786.448730 0.000000 3036.896729 0.000000 0.955697 0.000000 -0.294353 0.637736 0.637736 0.637736
4779.276855 0.000000 3039.158447 0.000000 0.995504 0.000000 -0.094719 0.686772 0.686772 0.686772
4780.346191 0.000000 3041.311768 0.000000 0.960886 0.000000 0.276945 0.687495 0.687495 0.687495
4794.145020 0.000000 3038.815918 0.000000 0.999152 0.000000 -0.041171 0.633650 0.633650 0.633650
4779.550781 0.000000 3043.379150 0.000000 0.995048 0.000000 0.099394 0.565065 0.565065 0.565065
4793.571289 0.000000 3033.527588 0.000000 0.983625 0.000000 -0.180225 0.708076 0.708076 0.708076
4791.349609 0.000000 3034.141846 0.000000 0.997593 0.000000 -0.069339 0.702789 0.702789 0.702789
4778.766602 0.000000 3022.719238 0.000000 0.987741 0.000000 0.156100 0.693015 0.693015 0.693015
4779.449707 0.000000 3021.955322 0.000000 0.989885 0.000000 0.141870 0.645288 0.645288 0.645288
4780.519531 0.000000 3022.206299 0.000000 0.970420 0.000000 -0.241424 0.607986 0.607986 0.607986
4797.034180 0.000000 3038.689453 0.000000 0.998183 0.000000 -0.060254 0.702381 0.702381 0.702381
4804.602051 0.000000 2996.277588 0.000000 0.998080 0.000000 0.061930 0.409876 0.409876 0.409876
4802.269043 0.000000 3047.105713 0.000000 0.983923 0.000000 0.178594 0.410090 0.410090 0.410090
4839.778320 0.000000 3049.506836 0.000000 0.956443 0.000000 -0.291920 0.427112 0.427112 0.427112
4840.388184 0.000000 3043.673584 0.000000 0.999990 0.000000 0.004400 0.428362 0.428362 0.428362
4620.552734 0.000000 3076.350342 0.000000 0.972292 0.000000 0.233768 0.396925 0.396925 0.396925
4624.244141 0.000000 3079.354004 0.000000 0.962232 0.000000 0.272229 0.396242 0.396242 0.396242
4609.118652 0.000000 3094.886475 0.000000 0.999772 0.000000 0.021355 0.399705 0.399705 0.399705
4635.443848 0.000000 3082.421143 0.000000 0.958988 0.000000 0.283447 0.408496 0.408496 0.408496
4665.190430 0.000000 3092.263184 0.000000 0.997994 0.000000 -0.063305 0.411713 0.411713 0.411713
4627.524902 0.000000 3087.090088 0.000000 0.999922 0.000000 -0.012464 0.493389 0.493389 0.493389
4637.948242 0.000000 3091.276611 0.000000 0.986726 0.000000 -0.162395 0.685263 0.685263 0.685263
4653.556641 0.000000 3095.799561 0.000000 0.962638 0.000000 0.270793 0.560536 0.560536 0.560536
4650.544434 0.000000 3087.009277 0.000000 0.999143 0.000000 -0.041401 0.554950 0.554950 0.554950
4648.301758 0.000000 3090.473145 0.000000 0.997385 0.000000 -0.072265 0.514310 0.514310 0.514310
4636.231934 0.000000 3091.759033 0.000000 0.998192 0.000000 0.060098 0.677254 0.677254 0.677254
4653.887207 0.000000 3089.388184 0.000000 0.999715 0.000000 -0.023869 0.700922 0.700922 0.700922
4654.588379 0.000000 3093.937500 0.000000 0.961576 0.000000 0.274539 0.524003 0.524003 0.524003
4652.451660 0.000000 3093.768799 0.000000 0.973393 0.000000 -0.229141 0.709050 0.709050 0.709050
4650.301758 0.000000 3093.701904 0.000000 0.999929 0.000000 0.011947 0.690734 0.690734 0.690734
4666.917480 0.000000 3097.402832 0.000000 0.992315 0.000000 0.123736 0.694970 0.694970 0.694970
4626.234375 0.000000 3081.619385 0.000000 0.991447 0.000000 0.130510 0.539030 0.539030 0.539030
4642.942871 0.000000 3088.591064 0.000000 0.998926 0.000000 -0.046344 0.641689 0.641689 0.641689
4640.087402 0.000000 3090.275391 0.000000 0.995997 0.000000 -0.089381 0.703934 0.703934 0.703934
4665.305176 0.000000 3101.353027 0.000000 0.999557 0.000000 -0.029755 0.701233 0.701233 0.701233
4628.417969 0.000000 3080.251465 0.000000 0.972370 0.000000 -0.233445 0.611752 0.611752 0.611752
4712.389160 0.000000 3103.786621 0.000000 0.999744 0.000000 0.022606 0.424159 0.424159 0.424159
4693.101562 0.000000 3096.607178 0.000000 0.999996 0.000000 -0.002777 0.420631 0.420631 0.420631
4688.425781 0.000000 3100.859375 0.000000 0.999065 0.000000 -0.043230 0.458609 0.458609 0.458609
4687.354980 0.000000 3096.378418 0.000000 0.992244 0.000000 0.124309 0.477018 0.477018 0.477018
4711.243164 0.000000 3101.056641 0.000000 0.999340 0.000000 0.036332 0.511959 0.511959 0.511959
4718.797363 0.000000 3101.959473 0.000000 0.971300 0.000000 0.237858 0.503698 0.503698 0.503698
4614.073242 0.000000 3160.428223 0.000000 0.991195 0.000000 -0.132411 0.448326 0.448326 0.448326
4622.943359 0.000000 3147.235107 0.000000 0.995837 0.000000 -0.091148 0.514720 0.514720 0.514720
4667.012207 0.000000 3155.067383 0.000000 0.967365 0.000000 -0.253385 0.568286 0.568286 0.568286
4668.564941 0.000000 3157.010254 0.000000 0.997366 0.000000 0.072536 0.591100 0.591100 0.591100
4621.689453 0.000000 3157.461914 0.000000 0.998161 0.000000 -0.060613 0.695394 0.695394 0.695394
4712.015625 0.000000 3114.269287 0.000000 0.977328 0.000000 -0.211732 0.402812 0.402812 0.402812
4711.260742 0.000000 3128.244629 0.000000 0.975841 0.000000 0.218483 0.419157 0.419157 0.419157
4718.671387 0.000000 3140.177246 0.000000 0.991561 0.000000 -0.129638 0.491804 0.491804 0.491804
4672.126465 0.000000 3152.323486 0.000000 0.999488 0.000000 0.031999 0.533569 0.533569 0.533569
4726.683594 0.000000 3137.202393 0.000000 0.999926 0.000000 -0.012126 0.522820 0.522820 0.522820
4672.743652 0.000000 3157.561279 0.000000 0.996086 0.000000 0.088392 0.647070 0.647070 0.647070
4845.311035 0.000000 3084.506104 0.000000 0.953133 0.000000 0.302553 0.395964 0.395964 0.395964
4847.448242 0.000000 3074.663818 0.000000 0.983679 0.000000 -0.179933 0.411455 0.411455 0.411455
4845.585449 0.000000 3060.589355 0.000000 0.999659 0.000000 0.026125 0.410401 0.410401 0.410401
4919.044922 0.000000 2976.275879 0.000000 0.977112 0.000000 -0.212728 0.402997 0.402997 0.402997
4910.782227 0.000000 2979.251709 0.000000 0.961257 0.000000 -0.275653 0.408897 0.408897 0.408897
4910.671387 0.000000 2983.642090 0.000000 0.962482 0.000000 -0.271346 0.414814 0.414814 0.414814
4917.177734 0.000000 2947.708008 0.000000 0.955851 0.000000 -0.293852 0.429141 0.429141 0.429141
4922.750488 0.000000 2951.674805 0.000000 0.999837 0.000000 0.018051 0.539768 0.539768 0.539768
4924.967285 0.000000 2948.776855 0.000000 0.990030 0.000000 0.140854 0.631773 0.631773 0.631773
4922.104004 0.000000 2949.241699 0.000000 0.990124 0.000000 0.140193 0.593065 0.593065 0.593065
4991.976562 0.000000 2987.802979 0.000000 0.993018 0.000000 -0.117963 0.401624 0.401624 0.401624
4958.816895 0.000000 2951.625244 0.000000 0.960425 0.000000 -0.278539 0.408940 0.408940 0.408940
4951.348633 0.000000 2990.186035 0.000000 0.995968 0.000000 -0.089713 0.408158 0.408158 0.408158
4951.105957 0.000000 2958.424072 0.000000 0.982359 0.000000 0.187004 0.408026 0.408026 0.408026
4948.141113 0.000000 2991.119385 0.000000 0.978662 0.000000 -0.205474 0.419777 0.419777 0.419777
4950.383789 0.000000 2984.199219 0.000000 0.996637 0.000000 -0.081947 0.490849 0.490849 0.490849
4957.685059 0.000000 2971.942139 0.000000 0.967277 0.000000 -0.253722 0.558288 0.558288 0.558288
4954.203125 0.000000 2969.793457 0.000000 0.991254 0.000000 0.131970 0.527351 0.527351 0.527351
4900.682129 0.000000 3017.461182 0.000000 0.998706 0.000000 -0.050850 0.409563 0.409563 0.409563
4954.165527 0.000000 3058.414062 0.000000 0.956239 0.000000 -0.292586 0.421130 0.421130 0.421130
4954.165527 0.000000 3114.898438 0.000000 0.951268 0.000000 0.308366 0.404264 0.404264 0.404264
4934.953125 0.000000 3142.250977 0.000000 0.969112 0.000000 -0.246621 0.412448 0.412448 0.412448
5004.375000 0.000000 3104.823975 0.000000 0.995740 0.000000 0.092202 0.398732 0.398732 0.398732
4317.958984 0.000000 3173.325439 0.000000 0.969729 0.000000 -0.244183 0.403399 0.403399 0.403399
4318.652344 0.000000 3175.210449 0.000000 0.991512 0.000000 -0.130018 0.450263 0.450263 0.450263
4334.633301 0.000000 3167.840820 0.000000 0.983607 0.000000 0.180326 0.537825 0.537825 0.537825
4298.511230 0.000000 3181.815918 0.000000 0.993132 0.000000 -0.116999 0.620196 0.620196 0.620196
4333.104004 0.000000 3164.579590 0.000000 0.995833 0.000000 -0.091191 0.682688 0.682688 0.682688
4336.471680 0.000000 3187.926758 0.000000 0.982123 0.000000 -0.188238 0.594467 0.594467 0.594467
4375.935547 0.000000 3200.180176 0.000000 0.965271 0.000000 -0.261252 0.403695 0.403695 0.403695
4388.749023 0.000000 3172.494385 0.000000 0.961750 0.000000 0.273928 0.447155 0.447155 0.447155
4411.955078 0.000000 3194.180176 0.000000 0.994754 0.000000 -0.102295 0.457684 0.457684 0.457684
4409.187988 0.000000 3194.610352 0.000000 0.994860 0.000000 -0.101263 0.647421 0.647421 0.647421
4369.977051 0.000000 3192.594238 0.000000 0.986787 0.000000 0.162025 0.563427 0.563427 0.563427
4406.205566 0.000000 3198.338379 0.000000 0.982524 0.000000 0.186137 0.692016 0.692016 0.692016
4388.268066 0.000000 3185.750977 0.000000 0.991092 0.000000 0.133181 0.535085 0.535085 0.535085
4404.968750 0.000000 3194.872559 0.000000 0.967365 0.000000 -0.253387 0.582299 0.582299 0.582299
4410.650879 0.000000 3174.302979 0.000000 0.981467 0.000000 -0.191631 0.708003 0.708003 0.708003
4408.537109 0.000000 3173.567139 0.000000 0.989225 0.000000 -0.146401 0.706548 0.706548 0.706548
4393.550293 0.000000 3178.916504 0.000000 0.999696 0.000000 -0.024648 0.701036 0.701036 0.701036
4416.042480 0.000000 3196.556152 0.000000 0.999987 0.000000 0.005038 0.699797 0.699797 0.699797
4431.688965 0.000000 3213.101318 0.000000 0.954150 0.000000 0.299330 0.592246 0.592246 0.592246
4417.989746 0.000000 3196.202148 0.000000 0.999728 0.000000 0.023328 0.699060 0.699060 0.699060
4384.330078 0.000000 3273.906738 0.000000 0.979718 0.000000 0.200381 0.403953 0.403953 0.403953
4402.750488 0.000000 3260.162598 0.000000 0.982890 0.000000 0.184192 0.408068 0.408068 0.408068
4413.818848 0.000000 3220.974609 0.000000 0.975637 0.000000 -0.219391 0.505573 0.505573 0.505573
4400.896973 0.000000 3267.219971 0.000000 0.992271 0.000000 -0.124087 0.705066 0.705066 0.705066
4410.145020 0.000000 3264.753418 0.000000 0.993600 0.000000 -0.112957 0.704639 0.704639 0.704639
4406.610352 0.000000 3269.522705 0.000000 0.974067 0.000000 -0.226259 0.710171 0.710171 0.710171
4405.111816 0.000000 3268.401123 0.000000 0.960808 0.000000 0.277214 0.669335 0.669335 0.669335
4473.728516 0.000000 3245.004150 0.000000 0.999952 0.000000 -0.009845 0.465866 0.465866 0.465866
4473.198730 0.000000 3246.344727 0.000000 0.998649 0.000000 -0.051967 0.494187 0.494187 0.494187
4438.963379 0.000000 3242.082275 0.000000 0.968885 0.000000 -0.247512 0.710971 0.710971 0.710971
4442.731934 0.000000 3243.202393 0.000000 0.996150 0.000000 0.087661 0.696564 0.696564 0.696564
4455.297852 0.000000 3235.976318 0.000000 0.970366 0.000000 0.241641 0.597807 0.597807 0.597807
4436.064453 0.000000 3231.462891 0.000000 0.985283 0.000000 -0.170929 0.625818 0.625818 0.625818
4528.647949 0.000000 3260.085205 0.000000 0.976461 0.000000 0.215692 0.397123 0.397123 0.397123
4538.637207 0.000000 3246.542969 0.000000 0.985414 0.000000 0.170175 0.397678 0.397678 0.397678
4533.633789 0.000000 3256.666504 0.000000 0.978110 0.000000 0.208091 0.397080 0.397080 0.397080
4494.033691 0.000000 3225.500244 0.000000 0.999999 0.000000 0.001740 0.412719 0.412719 0.412719
4507.504395 0.000000 3233.587646 0.000000 0.989252 0.000000 0.146224 0.439711 0.439711 0.439711
4510.021484 0.000000 3227.876221 0.000000 0.952963 0.000000 -0.303088 0.439289 0.439289 0.439289
4492.062012 0.000000 3240.914795 0.000000 0.999935 0.000000 0.011381 0.453723 0.453723 0.453723
4496.004883 0.000000 3237.077148 0.000000 0.997314 0.000000 -0.073244 0.445349 0.445349 0.445349
4499.343262 0.000000 3271.210449 0.000000 0.996989 0.000000 -0.077540 0.457247 0.457247 0.457247
4494.469238 0.000000 3238.267822 0.000000 0.981227 0.000000 -0.192858 0.459295 0.459295 0.459295
4498.010742 0.000000 3270.142334 0.000000 0.984234 0.000000 -0.176869 0.459009 0.459009 0.459009
4542.913574 0.000000 3265.647949 0.000000 0.974554 0.000000 -0.224153 0.493716 0.493716 0.493716
4500.708984 0.000000 3263.174805 0.000000 0.990220 0.000000 -0.139518 0.640733 0.640733 0.640733
4495.028809 0.000000 3232.715332 0.000000 0.996471 0.000000 -0.083937 0.492861 0.492861 0.492861
4528.056641 0.000000 3270.816162 0.000000 0.999341 0.000000 -0.036300 0.584322 0.584322 0.584322
4526.797363 0.000000 3271.412598 0.000000 0.983415 0.000000 -0.181368 0.582328 0.582328 0.582328
4499.737305 0.000000 3226.091064 0.000000 0.958081 0.000000 0.286498 0.607921 0.607921 0.607921
4528.896973 0.000000 3267.219971 0.000000 0.996659 0.000000 0.081670 0.563579 0.563579 0.563579
4529.121094 0.000000 3271.517578 0.000000 0.995281 0.000000 -0.097036 0.585980 0.585980 0.585980
4538.264648 0.000000 3270.247314 0.000000 0.955306 0.000000 -0.295617 0.690178 0.690178 0.690178
4531.326660 0.000000 3267.125000 0.000000 0.990096 0.000000 -0.140393 0.541557 0.541557 0.541557
4537.239746 0.000000 3262.938721 0.000000 0.952481 0.000000 -0.304599 0.575674 0.575674 0.575674
4539.484375 0.000000 3260.805664 0.000000 0.986935 0.000000 0.161117 0.615662 0.615662 0.615662
4525.710938 0.000000 3270.808594 0.000000 0.998111 0.000000 -0.061429 0.541655 0.541655 0.541655
4533.900391 0.000000 3270.984131 0.000000 0.998060 0.000000 -0.062263 0.561380 0.561380 0.561380
4531.609375 0.000000 3249.775635 0.000000 0.994015 0.000000 0.109244 0.695447 0.695447 0.695447
4527.705078 0.000000 3250.893311 0.000000 0.969085 0.000000 0.246728 0.662812 0.662812 0.662812
4529.310547 0.000000 3249.079102 0.000000 0.955766 0.000000 -0.294127 0.711635 0.711635 0.711635
4531.368652 0.000000 3271.095215 0.000000 0.994921 0.000000 -0.100655 0.588057 0.588057 0.588057
4528.564941 0.000000 3254.202393 0.000000 0.997016 0.000000 0.077200 0.653282 0.653282 0.653282
4541.398438 0.000000 3262.422363 0.000000 0.957321 0.000000 0.289027 0.619300 0.619300 0.619300
4530.290039 0.000000 3273.375488 0.000000 0.991403 0.000000 0.130840 0.556485 0.556485 0.556485
4529.606934 0.000000 3250.416748 0.000000 0.998071 0.000000 -0.062076 0.675723 0.675723 0.675723
4503.045898 0.000000 3221.243164 0.000000 0.953983 0.000000 -0.299860 0.625833 0.625833 0.625833
4538.459473 0.000000 3261.133545 0.000000 0.987812 0.000000 0.155652 0.615830 0.615830 0.615830
4528.273926 0.000000 3248.885010 0.000000 0.959716 0.000000 0.280972 0.688901 0.688901 0.688901
4541.388184 0.000000 3259.424316 0.000000 0.994059 0.000000 0.108846 0.630860 0.630860 0.630860
4504.379395 0.000000 3226.317383 0.000000 0.990743 0.000000 0.135751 0.682267 0.682267 0.682267
4545.042969 0.000000 3252.110352 0.000000 0.993554 0.000000 0.113358 0.405224 0.405224 0.405224
4555.039062 0.000000 3235.865723 0.000000 0.970256 0.000000 -0.242081 0.456196 0.456196 0.456196
4556.917480 0.000000 3237.806396 0.000000 0.994012 0.000000 0.109269 0.477309 0.477309 0.477309
4544.926758 0.000000 3273.302979 0.000000 0.993233 0.000000 -0.116135 0.704495 0.704495 0.704495
4547.094727 0.000000 3274.393555 0.000000 0.983426 0.000000 -0.181309 0.707344 0.707344 0.707344
4557.796875 0.000000 3258.622314 0.000000 0.997507 0.000000 -0.070563 0.524129 0.524129 0.524129
4547.574219 0.000000 3273.032959 0.000000 0.999125 0.000000 0.041826 0.597825 0.597825 0.597825
4557.130371 0.000000 3261.785645 0.000000 0.985673 0.000000 -0.168669 0.683499 0.683499 0.683499
4548.470703 0.000000 3254.598389 0.000000 0.989397 0.000000 -0.145235 0.705642 0.705642 0.705642
4559.853516 0.000000 3234.346680 0.000000 0.997747 0.000000 0.067092 0.697114 0.697114 0.697114
4552.362793 0.000000 3275.394287 0.000000 0.970384 0.000000 -0.241567 0.710404 0.710404 0.710404
4556.104980 0.000000 3262.508057 0.000000 0.954636 0.000000 0.297775 0.636178 0.636178 0.636178
4550.709961 0.000000 3275.739258 0.000000 0.988656 0.000000 0.150200 0.693545 0.693545 0.693545
4556.307617 0.000000 3260.369873 0.000000 0.983962 0.000000 -0.178378 0.683851 0.683851 0.683851
4553.062988 0.000000 3261.589355 0.000000 0.994685 0.000000 0.102961 0.652412 0.652412 0.652412
4564.371094 0.000000 3255.849854 0.000000 0.980778 0.000000 -0.195129 0.624572 0.624572 0.624572
4556.740234 0.000000 3232.164307 0.000000 0.999800 0.000000 -0.019985 0.623161 0.623161 0.623161
4399.546387 0.000000 3282.441162 0.000000 0.998231 0.000000 -0.059451 0.555398 0.555398 0.555398
4392.923828 0.000000 3282.791748 0.000000 0.954141 0.000000 -0.299358 0.583571 0.583571 0.583571
4409.471191 0.000000 3292.433105 0.000000 1.000000 0.000000 -0.000827 0.653949 0.653949 0.653949
4430.650879 0.000000 3326.434570 0.000000 0.987429 0.000000 -0.158064 0.402180 0.402180 0.402180
4445.264648 0.000000 3322.875000 0.000000 0.985288 0.000000 -0.170905 0.472789 0.472789 0.472789
4436.196289 0.000000 3324.855957 0.000000 0.999944 0.000000 -0.010546 0.491388 0.491388 0.491388
4460.655273 0.000000 3328.019043 0.000000 0.988447 0.000000 -0.151567 0.706515 0.706515 0.706515
4458.913086 0.000000 3330.093994 0.000000 0.971135 0.000000 0.238528 0.501758 0.501758 0.501758
4446.022949 0.000000 3319.506592 0.000000 0.989189 0.000000 0.146647 0.694084 0.694084 0.694084
4446.985352 0.000000 3325.137695 0.000000 0.980381 0.000000 0.197113 0.516179 0.516179 0.516179
4465.121094 0.000000 3328.001953 0.000000 0.961768 0.000000 -0.273865 0.570831 0.570831 0.570831
4460.614746 0.000000 3325.350342 0.000000 0.989620 0.000000 -0.143709 0.705683 0.705683 0.705683
4464.248535 0.000000 3329.899170 0.000000 0.999436 0.000000 0.033580 0.562865 0.562865 0.562865
4463.731934 0.000000 3323.192627 0.000000 0.999975 0.000000 -0.007122 0.565870 0.565870 0.565870
4446.526367 0.000000 3320.549072 0.000000 0.971260 0.000000 -0.238019 0.709870 0.709870 0.709870
4434.479492 0.000000 3322.737305 0.000000 0.979079 0.000000 0.203480 0.691209 0.691209 0.691209
4433.980469 0.000000 3315.349365 0.000000 0.982747 0.000000 0.184953 0.692409 0.692409 0.692409
4442.614258 0.000000 3319.737305 0.000000 0.975969 0.000000 -0.217909 0.708580 0.708580 0.708580
4428.104980 0.000000 3318.992432 0.000000 0.984232 0.000000 -0.176880 0.707924 0.707924 0.707924
4444.939453 0.000000 3319.706543 0.000000 0.997553 0.000000 -0.069919 0.703118 0.703118 0.703118
4419.692383 0.000000 3309.394775 0.000000 0.970542 0.000000 0.240934 0.689178 0.689178 0.689178
4426.479980 0.000000 3304.243408 0.000000 0.999964 0.000000 0.008437 0.699631 0.699631 0.699631
4430.294922 0.000000 3322.602051 0.000000 0.999070 0.000000 0.043111 0.698101 0.698101 0.698101
4418.037109 0.000000 3306.320312 0.000000 0.998757 0.000000 -0.049838 0.647711 0.647711 0.647711
4434.467285 0.000000 3320.310791 0.000000 0.976816 0.000000 0.214081 0.690838 0.690838 0.690838
4431.305664 0.000000 3318.276123 0.000000 0.972863 0.000000 -0.231382 0.710405 0.710405 0.710405
4422.455566 0.000000 3307.168213 0.000000 0.986099 0.000000 -0.166156 0.707424 0.707424 0.707424
4427.251465 0.000000 3321.024658 0.000000 0.962523 0.000000 -0.271201 0.710799 0.710799 0.710799
4463.447754 0.000000 3345.263916 0.000000 0.964418 0.000000 -0.264382 0.403714 0.403714 0.403714
4464.943848 0.000000 3344.166504 0.000000 0.995726 0.000000 0.092352 0.436718 0.436718 0.436718
4469.097168 0.000000 3334.363525 0.000000 0.996672 0.000000 0.081516 0.431045 0.431045 0.431045
4459.903809 0.000000 3332.685547 0.000000 0.999983 0.000000 0.005800 0.522419 0.522419 0.522419
4456.114258 0.000000 3335.133545 0.000000 0.994828 0.000000 0.101569 0.574730 0.574730 0.574730
4527.145508 0.000000 3294.241699 0.000000 0.968879 0.000000 -0.247536 0.403335 0.403335 0.403335
4515.200195 0.000000 3288.890625 0.000000 0.965027 0.000000 0.262150 0.396345 0.396345 0.396345
4537.460938 0.000000 3276.197021 0.000000 0.984343 0.000000 0.176263 0.397523 0.397523 0.397523
4526.782227 0.000000 3318.157959 0.000000 0.975836 0.000000 -0.218505 0.403058 0.403058 0.403058
4536.246582 0.000000 3278.950684 0.000000 0.983172 0.000000 0.182680 0.421657 0.421657 0.421657
4517.372070 0.000000 3280.158203 0.000000 0.992961 0.000000 -0.118445 0.440184 0.440184 0.440184
4534.280273 0.000000 3322.673096 0.000000 0.998265 0.000000 0.058887 0.472422 0.472422 0.472422
4489.352539 0.000000 3277.703369 0.000000 0.998815 0.000000 0.048663 0.478477 0.478477 0.478477
4511.069336 0.000000 3285.476807 0.000000 0.981371 0.000000 0.192124 0.498900 0.498900 0.498900
4514.454102 0.000000 3317.114990 0.000000 0.964757 0.000000 0.263143 0.641185 0.641185 0.641185
4515.804199 0.000000 3319.395264 0.000000 0.991452 0.000000 -0.130472 0.644410 0.644410 0.644410
4522.544434 0.000000 3312.946777 0.000000 0.983556 0.000000 0.180606 0.591902 0.591902 0.591902
4528.056641 0.000000 3327.300537 0.000000 0.977830 0.000000 0.209403 0.527474 0.527474 0.527474
4526.200195 0.000000 3277.203613 0.000000 0.967645 0.000000 0.252316 0.501456 0.501456 0.501456
4535.424805 0.000000 3300.362793 0.000000 0.956815 0.000000 -0.290697 0.533158 0.533158 0.533158
4515.546875 0.000000 3329.053955 0.000000 0.997840 0.000000 -0.065692 0.614701 0.614701 0.614701
4523.013184 0.000000 3277.303955 0.000000 0.984784 0.000000 0.173781 0.632641 0.632641 0.632641
4514.886719 0.000000 3318.766846 0.000000 0.994088 0.000000 0.108580 0.636692 0.636692 0.636692
4533.817871 0.000000 3277.144287 0.000000 0.960619 0.000000 -0.277869 0.631170 0.631170 0.631170
4567.836426 0.000000 3326.706543 0.000000 0.966421 0.000000 0.256963 0.396509 0.396509 0.396509
4564.094727 0.000000 3291.494629 0.000000 0.999746 0.000000 0.022520 0.399693 0.399693 0.399693
4582.385742 0.000000 3292.938721 0.000000 0.978409 0.000000 -0.206677 0.402900 0.402900 0.402900
4600.630371 0.000000 3329.548828 0.000000 0.966413 0.000000 -0.256995 0.408620 0.408620 0.408620
4596.393066 0.000000 3298.487305 0.000000 0.999958 0.000000 0.009196 0.422407 0.422407 0.422407
4560.278320 0.000000 3289.649414 0.000000 0.995557 0.000000 0.094161 0.419148 0.419148 0.419148
4604.473145 0.000000 3303.077881 0.000000 0.999401 0.000000 -0.034600 0.442734 0.442734 0.442734
4563.881836 0.000000 3314.631348 0.000000 0.999618 0.000000 0.027655 0.433867 0.433867 0.433867
4575.972656 0.000000 3300.474609 0.000000 0.980831 0.000000 -0.194862 0.447412 0.447412 0.447412
4578.937988 0.000000 3306.598877 0.000000 0.971765 0.000000 0.235950 0.486401 0.486401 0.486401
4581.085938 0.000000 3302.464600 0.000000 0.999290 0.000000 0.037680 0.492376 0.492376 0.492376
4581.886230 0.000000 3322.265381 0.000000 0.990793 0.000000 0.135384 0.589327 0.589327 0.589327
4556.955566 0.000000 3331.957764 0.000000 0.985900 0.000000 0.167337 0.501363 0.501363 0.501363
4557.344238 0.000000 3290.383545 0.000000 0.989342 0.000000 -0.145610 0.565484 0.565484 0.565484
4570.203125 0.000000 3308.699707 0.000000 0.995155 0.000000 -0.098316 0.703829 0.703829 0.703829
4572.046387 0.000000 3309.407959 0.000000 0.963522 0.000000 -0.267630 0.626829 0.626829 0.626829
4570.672852 0.000000 3314.369141 0.000000 0.966437 0.000000 0.256905 0.593515 0.593515 0.593515
4584.275879 0.000000 3324.866455 0.000000 0.992819 0.000000 0.119630 0.620817 0.620817 0.620817
4551.012695 0.000000 3277.184570 0.000000 0.979153 0.000000 0.203125 0.691600 0.691600 0.691600
4572.341797 0.000000 3325.757812 0.000000 0.977132 0.000000 -0.212635 0.571209 0.571209 0.571209
4573.834473 0.000000 3308.829590 0.000000 0.985509 0.000000 -0.169625 0.623787 0.623787 0.623787
4533.566895 0.000000 3345.040283 0.000000 0.960224 0.000000 -0.279232 0.403858 0.403858 0.403858
4532.078125 0.000000 3349.248779 0.000000 0.985722 0.000000 0.168378 0.441276 0.441276 0.441276
4599.893555 0.000000 3376.083008 0.000000 0.983499 0.000000 -0.180914 0.429318 0.429318 0.429318
4581.294434 0.000000 3377.534180 0.000000 0.993473 0.000000 -0.114069 0.430235 0.430235 0.430235
4604.312988 0.000000 3356.333008 0.000000 0.988530 0.000000 0.151022 0.451276 0.451276 0.451276
4571.529297 0.000000 3363.264160 0.000000 0.995623 0.000000 0.093455 0.471770 0.471770 0.471770
4647.522949 0.000000 3167.123047 0.000000 0.959946 0.000000 -0.280184 0.506877 0.506877 0.506877
4647.708496 0.000000 3169.119629 0.000000 0.997726 0.000000 0.067402 0.606840 0.606840 0.606840
4666.012207 0.000000 3173.454834 0.000000 0.968662 0.000000 -0.248383 0.576158 0.576158 0.576158
4672.371582 0.000000 3168.209717 0.000000 0.998791 0.000000 0.049162 0.427655 0.427655 0.427655
4688.905273 0.000000 3273.508789 0.000000 0.963323 0.000000 -0.268346 0.424739 0.424739 0.424739
4706.110840 0.000000 3274.391602 0.000000 0.991027 0.000000 -0.133659 0.694152 0.694152 0.694152
4796.180664 0.000000 3197.227539 0.000000 0.997740 0.000000 -0.067200 0.431462 0.431462 0.431462
4795.964844 0.000000 3214.426758 0.000000 0.953971 0.000000 0.299899 0.442844 0.442844 0.442844
4789.385254 0.000000 3193.732178 0.000000 0.987348 0.000000 -0.158568 0.460664 0.460664 0.460664
4787.609375 0.000000 3198.474121 0.000000 0.996878 0.000000 0.078953 0.473994 0.473994 0.473994
4782.671387 0.000000 3196.661621 0.000000 0.963063 0.000000 -0.269276 0.508641 0.508641 0.508641
4794.116699 0.000000 3212.441162 0.000000 0.998815 0.000000 -0.048660 0.618132 0.618132 0.618132
4796.439453 0.000000 3212.177979 0.000000 0.998563 0.000000 0.053581 0.583825 0.583825 0.583825
4791.038086 0.000000 3211.125000 0.000000 0.997517 0.000000 0.070424 0.667145 0.667145 0.667145
4786.699707 0.000000 3194.177979 0.000000 0.974335 0.000000 -0.225103 0.708987 0.708987 0.708987
4785.606934 0.000000 3193.932373 0.000000 0.996176 0.000000 0.087370 0.696522 0.696522 0.696522
4830.060547 0.000000 3211.279785 0.000000 0.985018 0.000000 -0.172452 0.402285 0.402285 0.402285
4832.544434 0.000000 3210.456543 0.000000 0.965314 0.000000 -0.261091 0.403653 0.403653 0.403653
4831.328613 0.000000 3213.446777 0.000000 0.961457 0.000000 -0.274956 0.403853 0.403853 0.403853
4815.325195 0.000000 3198.133545 0.000000 0.954940 0.000000 -0.296798 0.445180 0.445180 0.445180
4848.891113 0.000000 3191.499023 0.000000 0.993144 0.000000 -0.116896 0.432255 0.432255 0.432255
4850.861328 0.000000 3218.642578 0.000000 0.999468 0.000000 0.032617 0.449439 0.449439 0.449439
4813.681641 0.000000 3208.793945 0.000000 0.999836 0.000000 -0.018133 0.467981 0.467981 0.467981
4827.322754 0.000000 3187.594971 0.000000 0.952320 0.000000 0.305101 0.469620 0.469620 0.469620
4813.763672 0.000000 3217.763184 0.000000 0.999624 0.000000 0.027409 0.606061 0.606061 0.606061
4809.022461 0.000000 3206.192139 0.000000 0.999751 0.000000 0.022316 0.559239 0.559239 0.559239
4820.958984 0.000000 3188.794678 0.000000 0.955242 0.000000 -0.295825 0.621681 0.621681 0.621681
4812.955566 0.000000 3218.989014 0.000000 0.979367 0.000000 -0.202090 0.709050 0.709050 0.709050
4838.464355 0.000000 3206.019043 0.000000 0.969927 0.000000 -0.243395 0.598035 0.598035 0.598035
4809.264160 0.000000 3207.718262 0.000000 0.999891 0.000000 -0.014762 0.560177 0.560177 0.560177
4820.231934 0.000000 3186.912842 0.000000 0.967168 0.000000 0.254139 0.637665 0.637665 0.637665
4836.740723 0.000000 3188.227051 0.000000 0.980518 0.000000 0.196428 0.692191 0.692191 0.692191
4816.554199 0.000000 3215.899902 0.000000 0.977118 0.000000 -0.212696 0.697108 0.697108 0.697108
4814.050293 0.000000 3195.278076 0.000000 0.998262 0.000000 0.058935 0.683145 0.683145 0.683145
4826.378418 0.000000 3213.798828 0.000000 0.988772 0.000000 0.149430 0.590864 0.590864 0.590864
4841.081055 0.000000 3190.642334 0.000000 0.978084 0.000000 0.208212 0.691056 0.691056 0.691056
4837.876953 0.000000 3186.942383 0.000000 0.994137 0.000000 0.108124 0.601753 0.601753 0.601753
4824.817383 0.000000 3196.158691 0.000000 0.986103 0.000000 0.166137 0.692897 0.692897 0.692897
4812.296875 0.000000 3216.710693 0.000000 0.972211 0.000000 0.234106 0.599953 0.599953 0.599953
4820.834473 0.000000 3186.021973 0.000000 0.958726 0.000000 -0.284331 0.655519 0.655519 0.655519
4837.641602 0.000000 3190.407471 0.000000 0.998713 0.000000 -0.050725 0.702111 0.702111 0.702111
4838.730957 0.000000 3188.718018 0.000000 0.992438 0.000000 -0.122745 0.705484 0.705484 0.705484
4817.884277 0.000000 3217.350098 0.000000 0.964011 0.000000 -0.265863 0.628781 0.628781 0.628781
4836.296387 0.000000 3190.110107 0.000000 0.985192 0.000000 -0.171453 0.707167 0.707167 0.707167
4792.346680 0.000000 3241.810303 0.000000 0.985378 0.000000 0.170385 0.397640 0.397640 0.397640
4799.416504 0.000000 3226.834473 0.000000 0.978342 0.000000 0.206994 0.456082 0.456082 0.456082
4796.104492 0.000000 3273.263184 0.000000 0.993677 0.000000 0.112275 0.453904 0.453904 0.453904
4790.086914 0.000000 3264.208496 0.000000 0.964819 0.000000 -0.262915 0.710810 0.710810 0.710810
4792.008301 0.000000 3261.858643 0.000000 0.999202 0.000000 0.039950 0.539248 0.539248 0.539248
4779.103516 0.000000 3254.882324 0.000000 0.988547 0.000000 -0.150911 0.705758 0.705758 0.705758
4797.034180 0.000000 3264.626953 0.000000 0.978726 0.000000 0.205169 0.690936 0.690936 0.690936
4859.100586 0.000000 3229.702148 0.000000 0.987408 0.000000 -0.158195 0.402134 0.402134 0.402134
4821.101562 0.000000 3266.060303 0.000000 0.997340 0.000000 0.072887 0.417522 0.417522 0.417522
4859.502441 0.000000 3231.606689 0.000000 0.999560 0.000000 -0.029662 0.430864 0.430864 0.430864
4855.822754 0.000000 3250.902588 0.000000 1.000000 0.000000 -0.000510 0.465696 0.465696 0.465696
4819.350098 0.000000 3221.963135 0.000000 0.979763 0.000000 -0.200163 0.465389 0.465389 0.465389
4809.880371 0.000000 3253.127930 0.000000 0.970292 0.000000 0.241935 0.467009 0.467009 0.467009
4821.353516 0.000000 3255.499268 0.000000 0.988798 0.000000 -0.149260 0.643034 0.643034 0.643034
4855.777832 0.000000 3248.544434 0.000000 0.989639 0.000000 -0.143581 0.644836 0.644836 0.644836
4855.696777 0.000000 3228.895264 0.000000 0.982157 0.000000 0.188065 0.547294 0.547294 0.547294
4847.484375 0.000000 3239.068359 0.000000 0.966595 0.000000 -0.256310 0.710645 0.710645 0.710645
4853.408691 0.000000 3248.022949 0.000000 0.952510 0.000000 -0.304506 0.662260 0.662260 0.662260
4804.220703 0.000000 3236.964111 0.000000 0.991691 0.000000 -0.128643 0.535336 0.535336 0.535336
4852.887695 0.000000 3243.196533 0.000000 0.994942 0.000000 0.100454 0.695657 0.695657 0.695657
4855.424805 0.000000 3243.878418 0.000000 0.989234 0.000000 0.146342 0.693776 0.693776 0.693776
4844.898438 0.000000 3275.470215 0.000000 0.958125 0.000000 0.286350 0.602193 0.602193 0.602193
4808.415527 0.000000 3246.681641 0.000000 0.956542 0.000000 -0.291594 0.661810 0.661810 0.661810
4854.395020 0.000000 3229.672607 0.000000 0.981273 0.000000 0.192620 0.547180 0.547180 0.547180
4841.821777 0.000000 3234.066406 0.000000 0.968648 0.000000 -0.248439 0.711166 0.711166 0.711166
4854.646973 0.000000 3238.097900 0.000000 0.990759 0.000000 -0.135637 0.705623 0.705623 0.705623
4860.871582 0.000000 3248.804199 0.000000 0.999422 0.000000 0.033987 0.517877 0.517877 0.517877
4845.710938 0.000000 3270.808594 0.000000 0.999262 0.000000 -0.038422 0.627661 0.627661 0.627661
4841.849121 0.000000 3230.281494 0.000000 0.959864 0.000000 -0.280466 0.591075 0.591075 0.591075
4853.900391 0.000000 3270.984131 0.000000 0.983551 0.000000 -0.180630 0.576337 0.576337 0.576337
4851.089355 0.000000 3248.606201 0.000000 0.999976 0.000000 0.006989 0.608618 0.608618 0.608618
4857.471191 0.000000 3235.948730 0.000000 0.965420 0.000000 0.260701 0.629788 0.629788 0.629788
4852.617188 0.000000 3272.966309 0.000000 0.958621 0.000000 -0.284685 0.579148 0.579148 0.579148
4845.140625 0.000000 3239.221924 0.000000 0.994907 0.000000 -0.100799 0.688974 0.688974 0.688974
4823.105469 0.000000 3263.792725 0.000000 0.996273 0.000000 -0.086262 0.567912 0.567912 0.567912
4849.734375 0.000000 3237.718506 0.000000 0.960842 0.000000 -0.277096 0.710746 0.710746 0.710746
4848.795410 0.000000 3229.634277 0.000000 0.998528 0.000000 0.054235 0.566240 0.566240 0.566240
4850.290039 0.000000 3273.375488 0.000000 0.992172 0.000000 0.124880 0.647793 0.647793 0.647793
4843.242188 0.000000 3236.665771 0.000000 0.981486 0.000000 0.191536 0.692270 0.692270 0.692270
4861.255859 0.000000 3240.699219 0.000000 0.985079 0.000000 0.172104 0.692292 0.692292 0.692292
4824.817383 0.000000 3252.643066 0.000000 0.995869 0.000000 -0.090807 0.703734 0.703734 0.703734
4851.716797 0.000000 3221.861572 0.000000 0.995717 0.000000 0.092450 0.590539 0.590539 0.590539
4826.685059 0.000000 3249.207031 0.000000 0.999849 0.000000 0.017387 0.641594 0.641594 0.641594
4848.471680 0.000000 3244.411133 0.000000 0.968407 0.000000 -0.249374 0.710351 0.710351 0.710351
4861.902344 0.000000 3242.459717 0.000000 0.951069 0.000000 0.308978 0.686523 0.686523 0.686523
4863.124512 0.000000 3243.322754 0.000000 0.999610 0.000000 -0.027914 0.701222 0.701222 0.701222
4849.976074 0.000000 3234.687988 0.000000 0.995129 0.000000 -0.098579 0.703770 0.703770 0.703770
4813.181641 0.000000 3221.425293 0.000000 0.988832 0.000000 -0.149032 0.706026 0.706026 0.706026
4853.292480 0.000000 3249.176025 0.000000 0.965860 0.000000 -0.259064 0.660683 0.660683 0.660683
4846.371582 0.000000 3244.234131 0.000000 0.996054 0.000000 0.088754 0.682056 0.682056 0.682056
4820.371094 0.000000 3255.849854 0.000000 0.974162 0.000000 0.225851 0.630939 0.630939 0.630939
4847.897461 0.000000 3231.294922 0.000000 0.995929 0.000000 -0.090138 0.621360 0.621360 0.621360
4826.823242 0.000000 3269.329590 0.000000 0.969081 0.000000 -0.246745 0.622167 0.622167 0.622167
4856.766113 0.000000 3239.011475 0.000000 0.986513 0.000000 0.163685 0.693046 0.693046 0.693046
4857.661133 0.000000 3237.341309 0.000000 0.999998 0.000000 0.002108 0.696980 0.696980 0.696980
4863.578613 0.000000 3245.391846 0.000000 0.968183 0.000000 -0.250245 0.710343 0.710343 0.710343
4839.188477 0.000000 3232.722412 0.000000 0.996900 0.000000 -0.078674 0.670384 0.670384 0.670384
4860.393066 0.000000 3244.384766 0.000000 0.991463 0.000000 -0.130385 0.705518 0.705518 0.705518
4823.335449 0.000000 3255.103760 0.000000 0.969995 0.000000 0.243125 0.613112 0.613112 0.613112
4845.173340 0.000000 3243.503662 0.000000 0.998061 0.000000 -0.062248 0.624456 0.624456 0.624456
4848.511719 0.000000 3232.124512 0.000000 0.979294 0.000000 -0.202443 0.707909 0.707909 0.707909
4862.353027 0.000000 3247.073486 0.000000 0.998626 0.000000 0.052398 0.626799 0.626799 0.626799
4621.642090 0.000000 3297.745361 0.000000 0.991368 0.000000 -0.131106 0.456216 0.456216 0.456216
4655.221680 0.000000 3316.795898 0.000000 0.998237 0.000000 -0.059355 0.702512 0.702512 0.702512
4649.922852 0.000000 3301.245605 0.000000 0.971836 0.000000 -0.235660 0.710602 0.710602 0.710602
4658.362305 0.000000 3310.791260 0.000000 0.969513 0.000000 -0.245042 0.709994 0.709994 0.709994
4654.744141 0.000000 3301.747314 0.000000 0.965727 0.000000 0.259561 0.541645 0.541645 0.541645
4658.572266 0.000000 3300.808350 0.000000 0.956601 0.000000 0.291401 0.571456 0.571456 0.571456
4660.695801 0.000000 3312.197510 0.000000 0.992118 0.000000 -0.125308 0.672013 0.672013 0.672013
4647.319336 0.000000 3300.806396 0.000000 0.954148 0.000000 0.299334 0.686453 0.686453 0.686453
4647.743652 0.000000 3311.834229 0.000000 0.988895 0.000000 0.148618 0.693796 0.693796 0.693796
4657.044434 0.000000 3325.174072 0.000000 0.959787 0.000000 0.280728 0.489312 0.489312 0.489312
4644.687500 0.000000 3326.664062 0.000000 0.993884 0.000000 -0.110430 0.704544 0.704544 0.704544
4666.406250 0.000000 3315.174072 0.000000 0.997607 0.000000 0.069137 0.697370 0.697370 0.697370
4656.177246 0.000000 3314.135742 0.000000 0.999866 0.000000 0.016390 0.699270 0.699270 0.699270
4662.683594 0.000000 3306.655518 0.000000 0.993637 0.000000 -0.112633 0.582449 0.582449 0.582449
4663.950684 0.000000 3314.277832 0.000000 0.996670 0.000000 -0.081545 0.703524 0.703524 0.703524
4656.161133 0.000000 3315.442871 0.000000 0.990067 0.000000 0.140595 0.693714 0.693714 0.693714
4666.650879 0.000000 3287.271729 0.000000 0.953627 0.000000 -0.300991 0.711915 0.711915 0.711915
4657.310547 0.000000 3305.563477 0.000000 0.956173 0.000000 0.292803 0.688238 0.688238 0.688238
4647.071777 0.000000 3325.811768 0.000000 0.997373 0.000000 0.072436 0.696871 0.696871 0.696871
4651.277832 0.000000 3289.106445 0.000000 0.982759 0.000000 0.184893 0.560893 0.560893 0.560893
4650.127930 0.000000 3323.547119 0.000000 0.987738 0.000000 0.156120 0.693507 0.693507 0.693507
4659.578125 0.000000 3299.331055 0.000000 0.996895 0.000000 -0.078745 0.571665 0.571665 0.571665
4625.980469 0.000000 3315.349365 0.000000 0.994521 0.000000 0.104539 0.662066 0.662066 0.662066
4649.081055 0.000000 3303.611084 0.000000 0.965225 0.000000 -0.261422 0.632654 0.632654 0.632654
4667.256348 0.000000 3285.064209 0.000000 0.999945 0.000000 -0.010515 0.558107 0.558107 0.558107
4663.309570 0.000000 3284.339355 0.000000 0.982350 0.000000 -0.187051 0.648250 0.648250 0.648250
4659.127441 0.000000 3325.135254 0.000000 0.994155 0.000000 -0.107962 0.704197 0.704197 0.704197
4658.433594 0.000000 3313.852295 0.000000 0.999992 0.000000 -0.004056 0.700158 0.700158 0.700158
4658.101562 0.000000 3309.038574 0.000000 0.992568 0.000000 0.121692 0.695033 0.695033 0.695033
4666.872070 0.000000 3304.224609 0.000000 0.997554 0.000000 -0.069906 0.620745 0.620745 0.620745
4666.459473 0.000000 3317.617920 0.000000 0.983133 0.000000 -0.182891 0.693992 0.693992 0.693992
4662.952148 0.000000 3320.049805 0.000000 0.984101 0.000000 -0.177611 0.604120 0.604120 0.604120
4656.273926 0.000000 3305.369385 0.000000 0.986188 0.000000 -0.165630 0.706586 0.706586 0.706586
4668.967285 0.000000 3287.683105 0.000000 0.989876 0.000000 -0.141934 0.589196 0.589196 0.589196
4644.659668 0.000000 3312.191650 0.000000 0.995200 0.000000 0.097858 0.619548 0.619548 0.619548
4723.456055 0.000000 3326.382080 0.000000 0.982111 0.000000 -0.188303 0.402440 0.402440 0.402440
4675.505371 0.000000 3319.520020 0.000000 0.992646 0.000000 0.121057 0.398412 0.398412 0.398412
4726.158691 0.000000 3308.153564 0.000000 0.994287 0.000000 0.106743 0.398505 0.398505 0.398505
4692.821777 0.000000 3307.204834 0.000000 0.988257 0.000000 -0.152801 0.424912 0.424912 0.424912
4726.302246 0.000000 3290.381104 0.000000 0.967668 0.000000 0.252229 0.416693 0.416693 0.416693
4672.588379 0.000000 3328.396240 0.000000 0.997969 0.000000 -0.063704 0.425500 0.425500 0.425500
4717.674805 0.000000 3289.097168 0.000000 0.987153 0.000000 -0.159776 0.460686 0.460686 0.460686
4688.310547 0.000000 3323.689209 0.000000 0.992024 0.000000 -0.126050 0.448218 0.448218 0.448218
4734.038574 0.000000 3300.076904 0.000000 0.956997 0.000000 -0.290097 0.457059 0.457059 0.457059
4725.385254 0.000000 3306.700928 0.000000 0.980600 0.000000 -0.196019 0.459352 0.459352 0.459352
4683.049316 0.000000 3325.974609 0.000000 0.999589 0.000000 -0.028652 0.460315 0.460315 0.460315
4705.478516 0.000000 3306.115234 0.000000 0.991925 0.000000 0.126826 0.467252 0.467252 0.467252
4687.354980 0.000000 3322.315918 0.000000 0.978250 0.000000 -0.207431 0.481436 0.481436 0.481436
4696.325195 0.000000 3325.234131 0.000000 0.954187 0.000000 -0.299212 0.487252 0.487252 0.487252
4679.500488 0.000000 3295.390137 0.000000 0.999997 0.000000 0.002303 0.502893 0.502893 0.502893
4707.429199 0.000000 3326.264648 0.000000 0.959140 0.000000 -0.282932 0.498929 0.498929 0.498929
4704.052246 0.000000 3276.115967 0.000000 0.956064 0.000000 0.293158 0.672547 0.672547 0.672547
4711.243164 0.000000 3326.994141 0.000000 0.999993 0.000000 0.003783 0.532265 0.532265 0.532265
4702.425293 0.000000 3282.978027 0.000000 0.998881 0.000000 0.047293 0.505860 0.505860 0.505860
4701.510254 0.000000 3290.156738 0.000000 0.988545 0.000000 0.150926 0.492018 0.492018 0.492018
4731.590332 0.000000 3279.246338 0.000000 0.963562 0.000000 0.267484 0.662057 0.662057 0.662057
4733.505859 0.000000 3284.170166 0.000000 0.959547 0.000000 0.281548 0.684425 0.684425 0.684425
4712.301758 0.000000 3316.410645 0.000000 0.984433 0.000000 -0.175761 0.653856 0.653856 0.653856
4730.116699 0.000000 3325.409912 0.000000 0.992588 0.000000 -0.121527 0.549027 0.549027 0.549027
4732.125488 0.000000 3286.988281 0.000000 0.977435 0.000000 -0.211237 0.619078 0.619078 0.619078
4686.511719 0.000000 3286.728271 0.000000 0.952887 0.000000 -0.303326 0.713464 0.713464 0.713464
4700.046387 0.000000 3309.407959 0.000000 0.962173 0.000000 0.272438 0.688258 0.688258 0.688258
4687.939941 0.000000 3330.791748 0.000000 0.999996 0.000000 -0.002946 0.540266 0.540266 0.540266
4729.471191 0.000000 3292.433105 0.000000 0.996202 0.000000 -0.087070 0.609412 0.609412 0.609412
4735.312988 0.000000 3317.368652 0.000000 0.988993 0.000000 -0.147961 0.706618 0.706618 0.706618
4691.206055 0.000000 3284.925537 0.000000 0.998018 0.000000 -0.062924 0.559426 0.559426 0.559426
4711.071777 0.000000 3325.811768 0.000000 0.999828 0.000000 0.018558 0.699205 0.699205 0.699205
4732.196777 0.000000 3285.863770 0.000000 0.999401 0.000000 0.034613 0.693803 0.693803 0.693803
4734.400879 0.000000 3315.644531 0.000000 0.980952 0.000000 -0.194251 0.708712 0.708712 0.708712
4728.073242 0.000000 3315.532471 0.000000 0.992591 0.000000 0.121504 0.667290 0.667290 0.667290
4712.466309 0.000000 3309.631104 0.000000 0.986525 0.000000 -0.163613 0.581846 0.581846 0.581846
4722.122070 0.000000 3293.146729 0.000000 0.994001 0.000000 -0.109374 0.616006 0.616006 0.616006
4689.124023 0.000000 3296.095215 0.000000 0.998449 0.000000 -0.055672 0.598641 0.598641 0.598641
4713.344238 0.000000 3325.521729 0.000000 0.990398 0.000000 0.138243 0.676371 0.676371 0.676371
4731.028320 0.000000 3281.497559 0.000000 0.962630 0.000000 0.270818 0.579696 0.579696 0.579696
4684.187012 0.000000 3296.366211 0.000000 0.961160 0.000000 0.275991 0.687710 0.687710 0.687710
4687.467773 0.000000 3294.470459 0.000000 0.974724 0.000000 -0.223412 0.649454 0.649454 0.649454
4732.731934 0.000000 3314.218994 0.000000 0.989736 0.000000 0.142905 0.693986 0.693986 0.693986
4698.429199 0.000000 3310.581543 0.000000 0.997938 0.000000 0.064190 0.677107 0.677107 0.677107
4685.781738 0.000000 3296.624023 0.000000 0.977700 0.000000 -0.210009 0.709299 0.709299 0.709299
4692.380859 0.000000 3297.896973 0.000000 0.972299 0.000000 -0.233741 0.605758 0.605758 0.605758
4696.379395 0.000000 3282.801758 0.000000 0.995648 0.000000 -0.093193 0.603662 0.603662 0.603662
4693.386719 0.000000 3331.919434 0.000000 0.963734 0.000000 0.266863 0.689071 0.689071 0.689071
4690.747559 0.000000 3328.571045 0.000000 0.972503 0.000000 0.232891 0.642219 0.642219 0.642219
4659.213867 0.000000 3378.835449 0.000000 0.999768 0.000000 0.021562 0.399716 0.399716 0.399716
4665.460938 0.000000 3332.681396 0.000000 0.985512 0.000000 -0.169608 0.402340 0.402340 0.402340
4611.913086 0.000000 3343.514648 0.000000 0.957009 0.000000 -0.290059 0.404070 0.404070 0.404070
4651.596680 0.000000 3381.119629 0.000000 0.960469 0.000000 0.278386 0.402794 0.402794 0.402794
4655.882812 0.000000 3337.601807 0.000000 0.978233 0.000000 -0.207508 0.429742 0.429742 0.429742
4637.096680 0.000000 3332.974365 0.000000 0.974374 0.000000 0.224932 0.422920 0.422920 0.422920
4619.084961 0.000000 3342.956787 0.000000 0.994186 0.000000 -0.107676 0.424211 0.424211 0.424211
4616.404785 0.000000 3353.006104 0.000000 0.998714 0.000000 -0.050703 0.441035 0.441035 0.441035
4633.336426 0.000000 3370.576416 0.000000 0.957006 0.000000 0.290069 0.458393 0.458393 0.458393
4627.343262 0.000000 3384.179199 0.000000 0.959860 0.000000 0.280479 0.454729 0.454729 0.454729
4622.057129 0.000000 3384.414062 0.000000 0.985758 0.000000 0.168173 0.464540 0.464540 0.464540
4645.604004 0.000000 3355.162109 0.000000 0.961822 0.000000 0.273675 0.483697 0.483697 0.483697
4655.960449 0.000000 3375.529785 0.000000 0.997057 0.000000 0.076666 0.481838 0.481838 0.481838
4640.052246 0.000000 3332.600342 0.000000 0.995574 0.000000 0.093983 0.676035 0.676035 0.676035
4647.522949 0.000000 3336.576172 0.000000 0.982775 0.000000 -0.184806 0.536651 0.536651 0.536651
4668.926270 0.000000 3336.421143 0.000000 0.997524 0.000000 -0.070323 0.502442 0.502442 0.502442
4655.249023 0.000000 3355.315430 0.000000 0.986677 0.000000 -0.162690 0.665363 0.665363 0.665363
4644.154785 0.000000 3340.280518 0.000000 0.998787 0.000000 -0.049243 0.539397 0.539397 0.539397
4652.345703 0.000000 3343.294678 0.000000 0.968225 0.000000 -0.250081 0.542197 0.542197 0.542197
4648.923828 0.000000 3339.276123 0.000000 0.994780 0.000000 -0.102043 0.704037 0.704037 0.704037
4654.601562 0.000000 3339.680664 0.000000 0.995577 0.000000 -0.093953 0.645204 0.645204 0.645204
4656.334961 0.000000 3348.681396 0.000000 0.999965 0.000000 0.008317 0.699678 0.699678 0.699678
4642.136719 0.000000 3360.701904 0.000000 0.957136 0.000000 -0.289639 0.561216 0.561216 0.561216
4623.586426 0.000000 3358.447510 0.000000 0.964306 0.000000 -0.264789 0.682992 0.682992 0.682992
4655.663086 0.000000 3349.661377 0.000000 0.951113 0.000000 -0.308842 0.559705 0.559705 0.559705
4657.734375 0.000000 3350.687256 0.000000 0.999905 0.000000 -0.013791 0.700529 0.700529 0.700529
4670.358398 0.000000 3339.449951 0.000000 0.980043 0.000000 0.198785 0.614496 0.614496 0.614496
4622.206543 0.000000 3344.504639 0.000000 0.999332 0.000000 -0.036548 0.602031 0.602031 0.602031
4674.356934 0.000000 3337.476318 0.000000 0.999779 0.000000 0.021047 0.399715 0.399715 0.399715
4682.072266 0.000000 3388.750244 0.000000 0.954559 0.000000 -0.298023 0.404125 0.404125 0.404125
4728.346680 0.000000 3354.779053 0.000000 0.999481 0.000000 -0.032200 0.400447 0.400447 0.400447
4690.128418 0.000000 3353.339844 0.000000 0.985111 0.000000 -0.171920 0.402390 0.402390 0.402390
4676.602051 0.000000 3335.183838 0.000000 0.993241 0.000000 -0.116068 0.408541 0.408541 0.408541
4713.650879 0.000000 3341.864746 0.000000 0.954153 0.000000 0.299318 0.400554 0.400554 0.400554
4697.618652 0.000000 3384.255371 0.000000 0.980637 0.000000 -0.195835 0.411690 0.411690 0.411690
4702.716309 0.000000 3378.816162 0.000000 0.993692 0.000000 -0.112146 0.430204 0.430204 0.430204
4722.216309 0.000000 3377.123047 0.000000 0.976529 0.000000 -0.215384 0.419930 0.419930 0.419930
4687.824707 0.000000 3356.024902 0.000000 0.970908 0.000000 -0.239451 0.450172 0.450172 0.450172
4707.804199 0.000000 3375.879639 0.000000 0.988713 0.000000 0.149821 0.600530 0.600530 0.600530
4687.223145 0.000000 3360.924561 0.000000 0.997441 0.000000 0.071495 0.507296 0.507296 0.507296
4718.797363 0.000000 3384.381348 0.000000 0.976705 0.000000 -0.214588 0.708939 0.708939 0.708939
4721.743164 0.000000 3372.223877 0.000000 0.999912 0.000000 -0.013257 0.700572 0.700572 0.700572
4720.177246 0.000000 3370.620117 0.000000 0.989966 0.000000 0.141308 0.694487 0.694487 0.694487
4689.011230 0.000000 3333.915283 0.000000 0.982522 0.000000 0.186147 0.531888 0.531888 0.531888
4674.732422 0.000000 3340.791748 0.000000 0.988465 0.000000 0.151446 0.594677 0.594677 0.594677
4733.190430 0.000000 3388.000244 0.000000 0.963298 0.000000 -0.268432 0.536636 0.536636 0.536636
4717.871094 0.000000 3382.461426 0.000000 0.997748 0.000000 -0.067067 0.522080 0.522080 0.522080
4715.627441 0.000000 3383.761719 0.000000 0.999167 0.000000 -0.040802 0.598218 0.598218 0.598218
4706.360840 0.000000 3377.951416 0.000000 0.987300 0.000000 0.158865 0.679480 0.679480 0.679480
4714.410156 0.000000 3373.614014 0.000000 0.972996 0.000000 -0.230823 0.709688 0.709688 0.709688
4723.368652 0.000000 3384.063965 0.000000 0.997765 0.000000 0.066817 0.538609 0.538609 0.538609
4714.652344 0.000000 3372.230713 0.000000 0.964848 0.000000 0.262810 0.688939 0.688939 0.688939
4706.886719 0.000000 3375.251221 0.000000 0.999244 0.000000 -0.038878 0.606032 0.606032 0.606032
4712.788086 0.000000 3371.965576 0.000000 0.997396 0.000000 0.072121 0.606701 0.606701 0.606701
4718.767090 0.000000 3372.390869 0.000000 0.992289 0.000000 0.123947 0.694593 0.694593 0.694593
4750.604980 0.000000 3323.670654 0.000000 0.995065 0.000000 -0.099221 0.401350 0.401350 0.401350
4799.510742 0.000000 3300.830566 0.000000 0.954810 0.000000 0.297217 0.396736 0.396736 0.396736
4763.739258 0.000000 3319.717041 0.000000 0.986617 0.000000 0.163057 0.420026 0.420026 0.420026
4764.720215 0.000000 3316.602783 0.000000 0.990387 0.000000 -0.138322 0.420730 0.420730 0.420730
4772.099609 0.000000 3314.411621 0.000000 0.997168 0.000000 0.075204 0.440902 0.440902 0.440902
4796.473145 0.000000 3303.077881 0.000000 0.997325 0.000000 -0.073097 0.447317 0.447317 0.447317
4760.204102 0.000000 3320.621338 0.000000 0.960443 0.000000 0.278477 0.439377 0.439377 0.439377
4790.609375 0.000000 3303.942383 0.000000 0.980105 0.000000 0.198480 0.467840 0.467840 0.467840
4749.681641 0.000000 3321.762695 0.000000 0.986269 0.000000 0.165145 0.483975 0.483975 0.483975
4779.008789 0.000000 3302.643311 0.000000 0.960450 0.000000 0.278453 0.510479 0.510479 0.510479
4793.187988 0.000000 3307.579102 0.000000 0.996790 0.000000 -0.080057 0.587490 0.587490 0.587490
4799.314453 0.000000 3304.006592 0.000000 0.968846 0.000000 -0.247665 0.670324 0.670324 0.670324
4738.009277 0.000000 3297.142578 0.000000 0.990801 0.000000 -0.135327 0.698188 0.698188 0.698188
4779.818848 0.000000 3313.595703 0.000000 0.999309 0.000000 0.037181 0.698343 0.698343 0.698343
4798.147949 0.000000 3321.048584 0.000000 0.977761 0.000000 -0.209724 0.543218 0.543218 0.543218
4792.862793 0.000000 3310.216553 0.000000 0.999379 0.000000 0.035240 0.642970 0.642970 0.642970
4762.914551 0.000000 3327.797607 0.000000 0.991187 0.000000 -0.132469 0.632569 0.632569 0.632569
4767.443848 0.000000 3314.205078 0.000000 0.981537 0.000000 -0.191271 0.540784 0.540784 0.540784
4797.505859 0.000000 3284.170166 0.000000 0.989653 0.000000 0.143479 0.497991 0.497991 0.497991
4776.166504 0.000000 3288.699951 0.000000 0.997902 0.000000 0.064747 0.680984 0.680984 0.680984
4738.176270 0.000000 3314.027100 0.000000 0.982167 0.000000 0.188010 0.578183 0.578183 0.578183
4780.134277 0.000000 3311.074951 0.000000 0.971177 0.000000 -0.238360 0.709695 0.709695 0.709695
4788.887695 0.000000 3299.680908 0.000000 0.954610 0.000000 0.297859 0.552153 0.552153 0.552153
4741.044922 0.000000 3306.970459 0.000000 0.980946 0.000000 -0.194280 0.644497 0.644497 0.644497
4761.770020 0.000000 3315.261475 0.000000 0.970419 0.000000 0.241426 0.547869 0.547869 0.547869
4782.633301 0.000000 3280.809570 0.000000 0.990657 0.000000 0.136377 0.693904 0.693904 0.693904
4741.292969 0.000000 3282.111084 0.000000 0.999921 0.000000 0.012558 0.522268 0.522268 0.522268
4779.627441 0.000000 3327.277344 0.000000 0.970508 0.000000 -0.241071 0.541979 0.541979 0.541979
4760.179688 0.000000 3316.701904 0.000000 0.985479 0.000000 0.169796 0.561289 0.561289 0.561289
4776.053711 0.000000 3328.447998 0.000000 0.973617 0.000000 0.228187 0.634702 0.634702 0.634702
4777.785156 0.000000 3310.177002 0.000000 0.996820 0.000000 0.079691 0.696821 0.696821 0.696821
4777.447266 0.000000 3292.999023 0.000000 0.966411 0.000000 -0.257003 0.710970 0.710970 0.710970
4783.663086 0.000000 3293.177002 0.000000 0.952171 0.000000 -0.305566 0.646165 0.646165 0.646165
4770.942871 0.000000 3314.528564 0.000000 0.996394 0.000000 0.084847 0.696623 0.696623 0.696623
4775.150391 0.000000 3329.472900 0.000000 0.996621 0.000000 0.082138 0.544089 0.544089 0.544089
4780.773926 0.000000 3312.016846 0.000000 0.968851 0.000000 0.247646 0.688848 0.688848 0.688848
4785.195312 0.000000 3276.456787 0.000000 0.999054 0.000000 -0.043477 0.661283 0.661283 0.661283
4779.242188 0.000000 3293.150146 0.000000 0.993944 0.000000 -0.109888 0.704878 0.704878 0.704878
4776.466309 0.000000 3309.631104 0.000000 0.976900 0.000000 0.213696 0.679366 0.679366 0.679366
4777.729980 0.000000 3282.065674 0.000000 0.989892 0.000000 0.141821 0.691710 0.691710 0.691710
4780.436035 0.000000 3317.249512 0.000000 0.963985 0.000000 -0.265957 0.606709 0.606709 0.606709
4764.341797 0.000000 3325.757812 0.000000 0.987471 0.000000 -0.157801 0.706494 0.706494 0.706494
4779.132812 0.000000 3291.460693 0.000000 0.999947 0.000000 -0.010300 0.700401 0.700401 0.700401
4780.463379 0.000000 3290.717285 0.000000 0.965801 0.000000 0.259286 0.662356 0.662356 0.662356
4769.256836 0.000000 3312.940674 0.000000 0.955390 0.000000 -0.295347 0.713361 0.713361 0.713361
4784.425781 0.000000 3297.613525 0.000000 0.978360 0.000000 0.206908 0.666170 0.666170 0.666170
4783.757812 0.000000 3278.859131 0.000000 0.985563 0.000000 -0.169310 0.707582 0.707582 0.707582
4777.507324 0.000000 3295.213623 0.000000 0.998646 0.000000 -0.052018 0.702019 0.702019 0.702019
4779.281250 0.000000 3287.708252 0.000000 0.973428 0.000000 -0.228991 0.617619 0.617619 0.617619
4745.796387 0.000000 3308.587891 0.000000 0.998517 0.000000 -0.054437 0.663627 0.663627 0.663627
4775.517090 0.000000 3310.781982 0.000000 0.979541 0.000000 -0.201244 0.616779 0.616779 0.616779
4845.434082 0.000000 3305.822998 0.000000 0.990825 0.000000 -0.135151 0.401760 0.401760 0.401760
4817.219727 0.000000 3287.552490 0.000000 0.994303 0.000000 0.106587 0.417009 0.417009 0.417009
4816.278320 0.000000 3289.649414 0.000000 0.966008 0.000000 -0.258513 0.438538 0.438538 0.438538
4808.404785 0.000000 3296.521729 0.000000 0.990888 0.000000 0.134692 0.437962 0.437962 0.437962
4835.030762 0.000000 3299.988037 0.000000 0.975131 0.000000 -0.221630 0.499642 0.499642 0.499642
4840.074707 0.000000 3308.426758 0.000000 0.984866 0.000000 -0.173315 0.504597 0.504597 0.504597
4800.126465 0.000000 3321.776611 0.000000 0.966470 0.000000 -0.256780 0.550362 0.550362 0.550362
4801.498535 0.000000 3304.070557 0.000000 0.997575 0.000000 0.069599 0.600928 0.600928 0.600928
4855.696777 0.000000 3285.379639 0.000000 0.997889 0.000000 0.064945 0.491825 0.491825 0.491825
4846.200195 0.000000 3277.203613 0.000000 0.982933 0.000000 -0.183962 0.510784 0.510784 0.510784
4853.096680 0.000000 3290.004150 0.000000 0.979379 0.000000 -0.202033 0.690708 0.690708 0.690708
4810.865723 0.000000 3291.184570 0.000000 0.969127 0.000000 0.246563 0.538128 0.538128 0.538128
4816.554199 0.000000 3328.868652 0.000000 0.996967 0.000000 0.077830 0.548090 0.548090 0.548090
4849.734375 0.000000 3294.202881 0.000000 0.976599 0.000000 -0.215069 0.708845 0.708845 0.708845
4854.497559 0.000000 3289.257568 0.000000 0.953894 0.000000 0.300143 0.590312 0.590312 0.590312
4839.180176 0.000000 3306.518066 0.000000 0.999274 0.000000 -0.038102 0.678811 0.678811 0.678811
4842.742676 0.000000 3300.283447 0.000000 0.959464 0.000000 0.281832 0.687842 0.687842 0.687842
4807.968750 0.000000 3317.046875 0.000000 0.982131 0.000000 0.188199 0.597469 0.597469 0.597469
4808.323730 0.000000 3294.618164 0.000000 0.970838 0.000000 0.239738 0.603623 0.603623 0.603623
4814.414551 0.000000 3325.371826 0.000000 0.968853 0.000000 0.247637 0.688870 0.688870 0.688870
4849.437988 0.000000 3292.268555 0.000000 0.995834 0.000000 0.091181 0.596412 0.596412 0.596412
4850.345703 0.000000 3289.209473 0.000000 0.999661 0.000000 -0.026049 0.701008 0.701008 0.701008
4800.148438 0.000000 3305.617676 0.000000 0.981774 0.000000 0.190050 0.597415 0.597415 0.597415
4853.577637 0.000000 3291.125732 0.000000 0.965848 0.000000 -0.259110 0.692835 0.692835 0.692835
4815.688965 0.000000 3326.070068 0.000000 0.964423 0.000000 0.264366 0.688101 0.688101 0.688101
4842.766602 0.000000 3305.141113 0.000000 0.997072 0.000000 0.076469 0.598781 0.598781 0.598781
4846.372070 0.000000 3297.106934 0.000000 0.962314 0.000000 -0.271942 0.711864 0.711864 0.711864
4841.240234 0.000000 3306.610352 0.000000 0.999862 0.000000 -0.016619 0.654478 0.654478 0.654478
4811.251465 0.000000 3321.024658 0.000000 0.995099 0.000000 0.098881 0.673917 0.673917 0.673917
4762.987305 0.000000 3332.666992 0.000000 0.967124 0.000000 0.254307 0.396572 0.396572 0.396572
4762.245605 0.000000 3351.090088 0.000000 0.954582 0.000000 -0.297948 0.407232 0.407232 0.407232
4761.598145 0.000000 3356.209717 0.000000 0.998403 0.000000 -0.056491 0.423420 0.423420 0.423420
4741.809082 0.000000 3388.061279 0.000000 0.999962 0.000000 0.008754 0.465526 0.465526 0.465526
4790.908203 0.000000 3344.452148 0.000000 0.995232 0.000000 0.097533 0.487271 0.487271 0.487271
4761.172852 0.000000 3369.092773 0.000000 0.986408 0.000000 0.164316 0.693611 0.693611 0.693611
4775.339844 0.000000 3334.160645 0.000000 0.954988 0.000000 -0.296646 0.713422 0.713422 0.713422
4780.345703 0.000000 3343.294678 0.000000 0.999561 0.000000 0.029638 0.698785 0.698785 0.698785
4790.395020 0.000000 3342.641357 0.000000 0.972288 0.000000 -0.233786 0.527828 0.527828 0.527828
4779.903809 0.000000 3332.685547 0.000000 0.982367 0.000000 0.186960 0.692046 0.692046 0.692046
4782.633301 0.000000 3337.293945 0.000000 0.975842 0.000000 -0.218479 0.709546 0.709546 0.709546
4745.798340 0.000000 3337.951660 0.000000 0.999404 0.000000 0.034510 0.562841 0.562841 0.562841
4757.918945 0.000000 3353.483154 0.000000 0.983437 0.000000 -0.181248 0.706912 0.706912 0.706912
4777.447266 0.000000 3349.483398 0.000000 0.999855 0.000000 -0.017018 0.619143 0.619143 0.619143
4774.709473 0.000000 3343.385742 0.000000 0.999615 0.000000 -0.027737 0.562471 0.562471 0.562471
4781.243652 0.000000 3341.440186 0.000000 0.988079 0.000000 0.153945 0.693274 0.693274 0.693274
4753.250000 0.000000 3345.259033 0.000000 0.982612 0.000000 -0.185672 0.707278 0.707278 0.707278
4774.425293 0.000000 3336.389404 0.000000 0.994959 0.000000 -0.100286 0.704310 0.704310 0.704310
4780.757812 0.000000 3342.358887 0.000000 0.995126 0.000000 -0.098608 0.704048 0.704048 0.704048
4751.814453 0.000000 3340.191162 0.000000 0.996096 0.000000 -0.088271 0.609447 0.609447 0.609447
4756.484375 0.000000 3357.351562 0.000000 0.953644 0.000000 0.300936 0.617005 0.617005 0.617005
4756.064453 0.000000 3344.431641 0.000000 0.993690 0.000000 -0.112160 0.653721 0.653721 0.653721
4843.060059 0.000000 3366.711670 0.000000 0.999870 0.000000 0.016106 0.420342 0.420342 0.420342
4827.528320 0.000000 3367.117432 0.000000 0.995928 0.000000 0.090148 0.419209 0.419209 0.419209
4815.736328 0.000000 3363.339355 0.000000 0.973653 0.000000 -0.228035 0.453954 0.453954 0.453954
4831.967773 0.000000 3350.777832 0.000000 0.997780 0.000000 -0.066602 0.455085 0.455085 0.455085
4863.927246 0.000000 3347.323486 0.000000 0.999641 0.000000 0.026796 0.516079 0.516079 0.516079
4862.841797 0.000000 3387.110352 0.000000 0.981310 0.000000 -0.192433 0.658406 0.658406 0.658406
4829.685059 0.000000 3367.332764 0.000000 0.987490 0.000000 0.157684 0.505444 0.505444 0.505444
4862.281738 0.000000 3385.645752 0.000000 0.977039 0.000000 0.213061 0.690938 0.690938 0.690938
4859.012207 0.000000 3381.004883 0.000000 0.999986 0.000000 -0.005380 0.614867 0.614867 0.614867
4862.141113 0.000000 3379.446289 0.000000 0.977837 0.000000 0.209369 0.610318 0.610318 0.610318
4860.564941 0.000000 3382.947754 0.000000 0.996688 0.000000 0.081321 0.696571 0.696571 0.696571
4881.432129 0.000000 3218.255859 0.000000 0.990623 0.000000 0.136626 0.693892 0.693892 0.693892
4892.664062 0.000000 3215.667725 0.000000 0.968269 0.000000 0.249909 0.637808 0.637808 0.637808
4885.486816 0.000000 3214.379150 0.000000 0.973494 0.000000 -0.228714 0.709920 0.709920 0.709920
4870.382324 0.000000 3256.609375 0.000000 0.998300 0.000000 -0.058292 0.476595 0.476595 0.476595
4884.179199 0.000000 3220.886475 0.000000 0.997799 0.000000 -0.066316 0.702957 0.702957 0.702957
4864.049316 0.000000 3245.306885 0.000000 0.996905 0.000000 -0.078618 0.703129 0.703129 0.703129
4866.058594 0.000000 3238.048828 0.000000 0.953093 0.000000 0.302676 0.686297 0.686297 0.686297
4870.510254 0.000000 3236.209717 0.000000 0.959716 0.000000 -0.280973 0.711622 0.711622 0.711622
4869.575684 0.000000 3240.958008 0.000000 0.960514 0.000000 0.278233 0.687583 0.687583 0.687583
4886.163574 0.000000 3222.574707 0.000000 0.992309 0.000000 0.123787 0.585774 0.585774 0.585774
4869.319336 0.000000 3239.577881 0.000000 0.998683 0.000000 -0.051304 0.702283 0.702283 0.702283
4880.913574 0.000000 3223.392334 0.000000 0.991024 0.000000 -0.133681 0.705975 0.705975 0.705975
4887.045898 0.000000 3221.243164 0.000000 0.983018 0.000000 0.183512 0.691824 0.691824 0.691824
4871.241211 0.000000 3254.138916 0.000000 0.999844 0.000000 -0.017637 0.642728 0.642728 0.642728
4880.839355 0.000000 3225.665283 0.000000 0.985980 0.000000 0.166863 0.625142 0.625142 0.625142
4868.727051 0.000000 3283.344727 0.000000 0.971933 0.000000 0.235256 0.521086 0.521086 0.521086
4879.939941 0.000000 3330.791748 0.000000 0.999988 0.000000 -0.004861 0.524619 0.524619 0.524619
4969.967773 0.000000 3305.911621 0.000000 0.963023 0.000000 0.269418 0.396322 0.396322 0.396322
4938.072266 0.000000 3332.265869 0.000000 0.967262 0.000000 0.253779 0.396515 0.396515 0.396515
4973.836426 0.000000 3328.726562 0.000000 0.997660 0.000000 0.068371 0.417591 0.417591 0.417591
4958.924805 0.000000 3315.398682 0.000000 0.996244 0.000000 -0.086590 0.449518 0.449518 0.449518
4989.976074 0.000000 3316.779541 0.000000 0.998355 0.000000 0.057338 0.470498 0.470498 0.470498
4991.883789 0.000000 3314.833252 0.000000 0.998345 0.000000 -0.057516 0.478549 0.478549 0.478549
4974.236328 0.000000 3331.950195 0.000000 0.984514 0.000000 0.175305 0.508933 0.508933 0.508933
4932.298828 0.000000 3331.992188 0.000000 0.999931 0.000000 0.011721 0.481146 0.481146 0.481146
4967.743652 0.000000 3311.834229 0.000000 0.959052 0.000000 -0.283231 0.506942 0.506942 0.506942
4986.406250 0.000000 3315.174072 0.000000 0.995986 0.000000 0.089509 0.553643 0.553643 0.553643
4957.817383 0.000000 3315.973145 0.000000 0.988398 0.000000 0.151887 0.507508 0.507508 0.507508
4991.246094 0.000000 3312.103271 0.000000 0.999459 0.000000 -0.032895 0.544909 0.544909 0.544909
4989.764648 0.000000 3313.749756 0.000000 0.959564 0.000000 -0.281490 0.581068 0.581068 0.581068
4896.544434 0.000000 3379.909668 0.000000 0.970663 0.000000 0.240446 0.396617 0.396617 0.396617
4907.060059 0.000000 3366.711670 0.000000 0.989547 0.000000 -0.144208 0.418842 0.418842 0.418842
4882.979980 0.000000 3372.592041 0.000000 0.999157 0.000000 0.041046 0.418005 0.418005 0.418005
4906.638672 0.000000 3383.010742 0.000000 0.993734 0.000000 -0.111775 0.430199 0.430199 0.430199
4885.229004 0.000000 3346.670410 0.000000 0.980586 0.000000 0.196089 0.465952 0.465952 0.465952
4902.060059 0.000000 3353.402344 0.000000 0.991974 0.000000 -0.126439 0.509550 0.509550 0.509550
4874.112793 0.000000 3369.734863 0.000000 0.993465 0.000000 0.114139 0.519990 0.519990 0.519990
4902.524902 0.000000 3379.931641 0.000000 0.953305 0.000000 0.302010 0.569246 0.569246 0.569246
4865.803711 0.000000 3384.904053 0.000000 0.999949 0.000000 -0.010096 0.700432 0.700432 0.700432
4904.134277 0.000000 3377.168701 0.000000 0.953913 0.000000 0.300083 0.687457 0.687457 0.687457
4875.890137 0.000000 3383.311035 0.000000 0.997684 0.000000 0.068018 0.626311 0.626311 0.626311
4888.507324 0.000000 3380.103271 0.000000 0.998490 0.000000 0.054938 0.675489 0.675489 0.675489
4903.595215 0.000000 3375.676025 0.000000 0.994597 0.000000 0.103812 0.551340 0.551340 0.551340
4876.862793 0.000000 3377.240479 0.000000 0.981988 0.000000 -0.188946 0.656293 0.656293 0.656293
4867.149902 0.000000 3378.371338 0.000000 0.986599 0.000000 -0.163166 0.607678 0.607678 0.607678
4924.159668 0.000000 3350.214355 0.000000 0.992383 0.000000 0.123190 0.622646 0.622646 0.622646
4909.039062 0.000000 3370.001465 0.000000 0.989506 0.000000 -0.144491 0.706462 0.706462 0.706462
4870.282227 0.000000 3378.632568 0.000000 0.998084 0.000000 0.061875 0.573845 0.573845 0.573845
4911.144043 0.000000 3370.302734 0.000000 0.990232 0.000000 -0.139432 0.706234 0.706234 0.706234
4893.641113 0.000000 3378.333984 0.000000 0.972155 0.000000 -0.234337 0.585776 0.585776 0.585776
4878.414551 0.000000 3381.856201 0.000000 0.971550 0.000000 0.236835 0.689867 0.689867 0.689867
4874.690430 0.000000 3378.939941 0.000000 0.953360 0.000000 0.301837 0.634133 0.634133 0.634133
4869.068848 0.000000 3386.204346 0.000000 0.970815 0.000000 0.239828 0.599781 0.599781 0.599781
4882.137207 0.000000 3375.536133 0.000000 0.971997 0.000000 -0.234992 0.599794 0.599794 0.599794
4882.467285 0.000000 3376.795166 0.000000 0.987211 0.000000 0.159417 0.693439 0.693439 0.693439
4886.826172 0.000000 3383.127197 0.000000 0.968259 0.000000 0.249949 0.630144 0.630144 0.630144
4881.626953 0.000000 3377.558838 0.000000 0.998264 0.000000 -0.058900 0.702410 0.702410 0.702410
4969.650879 0.000000 3341.864746 0.000000 0.995785 0.000000 0.091722 0.405538 0.405538 0.405538
4963.217285 0.000000 3343.416748 0.000000 0.981454 0.000000 0.191698 0.429261 0.429261 0.429261
4939.039062 0.000000 3348.834473 0.000000 0.992227 0.000000 -0.124441 0.462031 0.462031 0.462031
4946.338867 0.000000 3340.611328 0.000000 0.975993 0.000000 0.217802 0.480985 0.480985 0.480985
4941.299805 0.000000 3344.044678 0.000000 0.988994 0.000000 0.147957 0.476559 0.476559 0.476559
4953.831543 0.000000 3339.721680 0.000000 0.995903 0.000000 0.090424 0.696258 0.696258 0.696258
4944.122070 0.000000 3343.511963 0.000000 0.952516 0.000000 -0.304490 0.561602 0.561602 0.561602
4955.824219 0.000000 3345.439697 0.000000 0.991791 0.000000 -0.127871 0.549181 0.549181 0.549181
4928.361816 0.000000 3354.214111 0.000000 0.999947 0.000000 -0.010262 0.562026 0.562026 0.562026
4962.086426 0.000000 3339.476074 0.000000 0.960563 0.000000 0.278063 0.564170 0.564170 0.564170
4928.125977 0.000000 3352.000000 0.000000 0.962060 0.000000 0.272837 0.669498 0.669498 0.669498
4936.323730 0.000000 3351.102539 0.000000 0.989395 0.000000 0.145247 0.569679 0.569679 0.569679
4953.039551 0.000000 3341.205566 0.000000 0.984461 0.000000 0.175603 0.692643 0.692643 0.692643
4958.662598 0.000000 3343.638184 0.000000 0.974195 0.000000 -0.225708 0.673556 0.673556 0.673556
4995.505371 0.000000 3319.520020 0.000000 0.954445 0.000000 0.298388 0.396051 0.396051 0.396051
4992.926758 0.000000 3329.787354 0.000000 0.997633 0.000000 0.068769 0.515157 0.515157 0.515157
4992.098633 0.000000 3312.156250 0.000000 0.963312 0.000000 0.268385 0.524150 0.524150 0.524150
4997.108887 0.000000 3325.726318 0.000000 0.998925 0.000000 0.046363 0.560584 0.560584 0.560584
4998.969727 0.000000 3308.417969 0.000000 0.998107 0.000000 -0.061493 0.571213 0.571213 0.571213
4652.194824 0.000000 3401.139893 0.000000 0.961769 0.000000 -0.273862 0.403740 0.403740 0.403740
4655.645996 0.000000 3396.760498 0.000000 0.987810 0.000000 0.155665 0.412376 0.412376 0.412376
4661.177734 0.000000 3399.583008 0.000000 0.999759 0.000000 0.021950 0.430043 0.430043 0.430043
4658.999023 0.000000 3396.405273 0.000000 0.999834 0.000000 -0.018222 0.450313 0.450313 0.450313
4697.935547 0.000000 3429.465088 0.000000 0.998310 0.000000 -0.058111 0.456905 0.456905 0.456905
4689.267090 0.000000 3419.696289 0.000000 0.968637 0.000000 -0.248482 0.464286 0.464286 0.464286
4702.191406 0.000000 3391.276611 0.000000 0.992018 0.000000 0.126096 0.473096 0.473096 0.473096
4697.534668 0.000000 3398.624512 0.000000 0.991159 0.000000 0.132677 0.517631 0.517631 0.517631
4726.252441 0.000000 3391.617188 0.000000 0.991676 0.000000 0.128760 0.695058 0.695058 0.695058
4684.904785 0.000000 3416.544922 0.000000 0.954838 0.000000 0.297127 0.510051 0.510051 0.510051
4707.658203 0.000000 3429.617920 0.000000 0.998859 0.000000 0.047759 0.513665 0.513665 0.513665
4723.326660 0.000000 3436.578125 0.000000 0.983698 0.000000 -0.179827 0.526594 0.526594 0.526594
4732.552246 0.000000 3390.371826 0.000000 0.967023 0.000000 0.254690 0.689829 0.689829 0.689829
4730.572266 0.000000 3389.098389 0.000000 0.968699 0.000000 -0.248240 0.644264 0.644264 0.644264
4721.862305 0.000000 3390.264404 0.000000 0.993885 0.000000 -0.110423 0.655644 0.655644 0.655644
4719.757812 0.000000 3391.827881 0.000000 0.981243 0.000000 -0.192773 0.660414 0.660414 0.660414
4759.935547 0.000000 3426.117676 0.000000 0.995106 0.000000 0.098814 0.398631 0.398631 0.398631
4741.351074 0.000000 3427.188477 0.000000 0.999991 0.000000 0.004200 0.436206 0.436206 0.436206
4761.336426 0.000000 3427.060791 0.000000 0.999040 0.000000 0.043817 0.449247 0.449247 0.449247
4753.288086 0.000000 3394.143799 0.000000 0.952555 0.000000 0.304368 0.442764 0.442764 0.442764
4753.011230 0.000000 3390.399658 0.000000 0.983958 0.000000 0.178403 0.562995 0.562995 0.562995
4748.654785 0.000000 3392.766846 0.000000 0.955998 0.000000 -0.293373 0.680011 0.680011 0.680011
4746.381348 0.000000 3390.460205 0.000000 0.986126 0.000000 -0.166001 0.681410 0.681410 0.681410
4857.678223 0.000000 3404.184082 0.000000 0.996746 0.000000 0.080604 0.419355 0.419355 0.419355
4856.379395 0.000000 3403.443359 0.000000 0.963914 0.000000 0.266215 0.460768 0.460768 0.460768
4847.286621 0.000000 3390.835938 0.000000 0.974818 0.000000 -0.223002 0.481740 0.481740 0.481740
4897.739258 0.000000 3391.586426 0.000000 0.963364 0.000000 0.268199 0.481888 0.481888 0.481888
5421.140625 0.000000 2843.831299 0.000000 0.951949 0.000000 0.306258 0.534721 0.534721 0.534721
5416.688965 0.000000 2905.103516 0.000000 0.970341 0.000000 0.241739 0.424579 0.424579 0.424579
5415.382324 0.000000 2914.321533 0.000000 0.999972 0.000000 0.007420 0.469470 0.469470 0.469470
5403.133789 0.000000 2884.233398 0.000000 0.999302 0.000000 0.037357 0.478694 0.478694 0.478694
5408.240234 0.000000 2894.673096 0.000000 0.988627 0.000000 -0.150389 0.506097 0.506097 0.506097
5409.739258 0.000000 2883.227051 0.000000 0.965952 0.000000 -0.258720 0.594468 0.594468 0.594468
5403.970215 0.000000 2881.685303 0.000000 0.964482 0.000000 -0.264150 0.542538 0.542538 0.542538
5418.279785 0.000000 2925.559814 0.000000 0.962696 0.000000 -0.270584 0.558719 0.558719 0.558719
5407.890137 0.000000 2926.944336 0.000000 0.999402 0.000000 0.034579 0.529598 0.529598 0.529598
5432.008301 0.000000 2922.952393 0.000000 0.999934 0.000000 -0.011472 0.550281 0.550281 0.550281
5437.764648 0.000000 2918.359131 0.000000 0.990325 0.000000 -0.138770 0.674472 0.674472 0.674472
5435.452148 0.000000 2920.592529 0.000000 0.987275 0.000000 0.159023 0.693860 0.693860 0.693860
5436.731934 0.000000 2918.828369 0.000000 0.976977 0.000000 -0.213343 0.677120 0.677120 0.677120
5416.788086 0.000000 2920.090576 0.000000 0.971037 0.000000 0.238928 0.578684 0.578684 0.578684
5437.388184 0.000000 2920.518066 0.000000 0.959433 0.000000 -0.281937 0.673553 0.673553 0.673553
5403.759277 0.000000 2883.425293 0.000000 0.980115 0.000000 0.198433 0.647236 0.647236 0.647236
5440.525879 0.000000 2918.006104 0.000000 0.999225 0.000000 -0.039364 0.434950 0.434950 0.434950
5375.314453 0.000000 3134.553467 0.000000 0.995036 0.000000 0.099514 0.557283 0.557283 0.557283
5374.477051 0.000000 3132.046875 0.000000 0.951394 0.000000 0.307976 0.569079 0.569079 0.569079
5372.205566 0.000000 3136.637939 0.000000 0.991754 0.000000 0.128160 0.694655 0.694655 0.694655
5372.182617 0.000000 3132.649902 0.000000 0.991084 0.000000 0.133238 0.686230 0.686230 0.686230
5372.959961 0.000000 3137.894775 0.000000 0.996152 0.000000 0.087639 0.696350 0.696350 0.696350
5403.678223 0.000000 2942.201660 0.000000 0.962875 0.000000 -0.269949 0.403781 0.403781 0.403781
5419.659668 0.000000 2973.367188 0.000000 0.987757 0.000000 0.155998 0.397826 0.397826 0.397826
5439.927246 0.000000 2951.932861 0.000000 0.981130 0.000000 -0.193350 0.532872 0.532872 0.532872
5437.039062 0.000000 2955.528564 0.000000 0.992322 0.000000 -0.123684 0.578786 0.578786 0.578786
5417.785156 0.000000 2971.270752 0.000000 0.962759 0.000000 -0.270360 0.542689 0.542689 0.542689
5440.213379 0.000000 2949.289062 0.000000 0.993021 0.000000 -0.117937 0.645985 0.645985 0.645985
5417.676758 0.000000 3011.738770 0.000000 0.999876 0.000000 -0.015766 0.400213 0.400213 0.400213
5435.262207 0.000000 3015.807861 0.000000 0.966323 0.000000 0.257334 0.443600 0.443600 0.443600
5430.205566 0.000000 3028.885254 0.000000 0.995037 0.000000 0.099501 0.510589 0.510589 0.510589
5542.002930 0.000000 2938.849121 0.000000 0.951369 0.000000 -0.308053 0.497455 0.497455 0.497455
5408.330078 0.000000 3104.453613 0.000000 0.999898 0.000000 -0.014257 0.405106 0.405106 0.405106
5417.650879 0.000000 3059.442871 0.000000 0.999749 0.000000 0.022421 0.400665 0.400665 0.400665
5421.465820 0.000000 3094.452148 0.000000 0.958953 0.000000 -0.283564 0.422984 0.422984 0.422984
5423.250488 0.000000 3079.137207 0.000000 0.997461 0.000000 -0.071207 0.429556 0.429556 0.429556
5403.159668 0.000000 3104.284668 0.000000 0.985602 0.000000 -0.169082 0.478707 0.478707 0.478707
5418.783691 0.000000 3082.962402 0.000000 0.990977 0.000000 0.134035 0.655231 0.655231 0.655231
5415.743652 0.000000 3085.896729 0.000000 0.993351 0.000000 0.115126 0.642300 0.642300 0.642300
5412.740723 0.000000 3075.258301 0.000000 0.997390 0.000000 -0.072206 0.624762 0.624762 0.624762
5417.785156 0.000000 3084.239502 0.000000 0.968174 0.000000 0.250280 0.591794 0.591794 0.591794
5478.893555 0.000000 3069.603516 0.000000 0.981148 0.000000 0.193257 0.397495 0.397495 0.397495
5445.572266 0.000000 3097.087158 0.000000 0.998423 0.000000 -0.056147 0.415543 0.415543 0.415543
5448.404785 0.000000 3070.584229 0.000000 0.990434 0.000000 0.137986 0.443735 0.443735 0.443735
5458.834473 0.000000 3076.745605 0.000000 0.998958 0.000000 -0.045648 0.482256 0.482256 0.482256
5463.724609 0.000000 3077.285645 0.000000 0.988022 0.000000 0.154316 0.612003 0.612003 0.612003
5462.048340 0.000000 3073.269287 0.000000 0.999994 0.000000 -0.003565 0.571662 0.571662 0.571662
5445.108887 0.000000 3099.788818 0.000000 0.995376 0.000000 0.096053 0.625435 0.625435 0.625435
5445.217285 0.000000 3098.305176 0.000000 0.953965 0.000000 0.299918 0.618945 0.618945 0.618945
5448.949219 0.000000 3099.091309 0.000000 0.959428 0.000000 -0.281953 0.675567 0.675567 0.675567
5462.463867 0.000000 3074.398926 0.000000 0.985235 0.000000 0.171207 0.613419 0.613419 0.613419
5401.916992 0.000000 3151.406738 0.000000 0.983600 0.000000 -0.180361 0.402436 0.402436 0.402436
5407.328613 0.000000 3156.962402 0.000000 0.991444 0.000000 -0.130535 0.402822 0.402822 0.402822
5426.516602 0.000000 3122.672119 0.000000 0.970499 0.000000 0.241107 0.434239 0.434239 0.434239
5380.189941 0.000000 3151.803955 0.000000 0.999995 0.000000 0.003185 0.424460 0.424460 0.424460
5410.087402 0.000000 3131.695801 0.000000 0.987631 0.000000 -0.156799 0.442800 0.442800 0.442800
5421.531250 0.000000 3125.033691 0.000000 0.981153 0.000000 0.193234 0.446658 0.446658 0.446658
5419.175293 0.000000 3124.937988 0.000000 0.983434 0.000000 0.181265 0.466231 0.466231 0.466231
5413.604004 0.000000 3129.224609 0.000000 0.990733 0.000000 -0.135821 0.476090 0.476090 0.476090
5385.525391 0.000000 3128.688477 0.000000 0.980628 0.000000 -0.195881 0.708045 0.708045 0.708045
5390.755859 0.000000 3116.088623 0.000000 0.970036 0.000000 -0.242960 0.512065 0.512065 0.512065
5376.098633 0.000000 3142.703125 0.000000 0.999140 0.000000 0.041464 0.548983 0.548983 0.548983
5376.042480 0.000000 3140.071777 0.000000 0.992229 0.000000 -0.124427 0.705428 0.705428 0.705428
5381.044922 0.000000 3137.517334 0.000000 0.971920 0.000000 -0.235313 0.519880 0.519880 0.519880
5395.857422 0.000000 3159.337402 0.000000 0.995244 0.000000 -0.097409 0.609716 0.609716 0.609716
5424.334961 0.000000 3122.743896 0.000000 0.951783 0.000000 -0.306773 0.615980 0.615980 0.615980
5378.773438 0.000000 3112.682129 0.000000 0.993099 0.000000 -0.117275 0.704540 0.704540 0.704540
5390.695801 0.000000 3113.526611 0.000000 0.997194 0.000000 -0.074857 0.703084 0.703084 0.703084
5427.308594 0.000000 3121.815674 0.000000 0.954773 0.000000 -0.297336 0.547362 0.547362 0.547362
5386.092773 0.000000 3126.427246 0.000000 0.964505 0.000000 -0.264064 0.590611 0.590611 0.590611
5379.005859 0.000000 3157.598633 0.000000 0.988284 0.000000 0.152626 0.675847 0.675847 0.675847
5401.950684 0.000000 3108.621094 0.000000 0.998160 0.000000 0.060643 0.659690 0.659690 0.659690
5376.405762 0.000000 3116.416748 0.000000 0.992598 0.000000 0.121450 0.695330 0.695330 0.695330
5387.732910 0.000000 3128.952148 0.000000 0.990741 0.000000 0.135762 0.694336 0.694336 0.694336
5385.207520 0.000000 3131.382812 0.000000 0.999674 0.000000 0.025546 0.698944 0.698944 0.698944
5387.538086 0.000000 3129.985596 0.000000 0.981696 0.000000 -0.190455 0.707970 0.707970 0.707970
5392.839355 0.000000 3112.696533 0.000000 0.999946 0.000000 -0.010414 0.640531 0.640531 0.640531
5389.781738 0.000000 3127.170898 0.000000 0.988031 0.000000 0.154257 0.658400 0.658400 0.658400
5425.560547 0.000000 3120.790527 0.000000 0.963101 0.000000 0.269142 0.610379 0.610379 0.610379
5384.681152 0.000000 3128.027344 0.000000 0.985124 0.000000 -0.171848 0.707047 0.707047 0.707047
5463.105957 0.000000 3127.877197 0.000000 0.995091 0.000000 -0.098965 0.404347 0.404347 0.404347
5467.673340 0.000000 3159.414062 0.000000 0.989422 0.000000 -0.145067 0.412919 0.412919 0.412919
5466.529785 0.000000 3162.047363 0.000000 0.999546 0.000000 0.030114 0.429913 0.429913 0.429913
5459.343262 0.000000 3158.241699 0.000000 0.976972 0.000000 0.213369 0.455966 0.455966 0.455966
5448.616211 0.000000 3123.884277 0.000000 0.978824 0.000000 0.204704 0.639328 0.639328 0.639328
5454.057129 0.000000 3141.302979 0.000000 0.988569 0.000000 0.150769 0.694128 0.694128 0.694128
5457.977051 0.000000 3136.109863 0.000000 0.989619 0.000000 -0.143718 0.705469 0.705469 0.705469
5454.689941 0.000000 3142.984863 0.000000 0.984894 0.000000 0.173156 0.595980 0.595980 0.595980
5457.357910 0.000000 3140.056396 0.000000 0.982530 0.000000 -0.186102 0.706092 0.706092 0.706092
5450.511230 0.000000 3125.331543 0.000000 0.999608 0.000000 -0.027999 0.688281 0.688281 0.688281
5454.050293 0.000000 3138.793701 0.000000 0.970388 0.000000 0.241550 0.690151 0.690151 0.690151
5447.536621 0.000000 3120.881836 0.000000 0.988394 0.000000 0.151912 0.694030 0.694030 0.694030
5456.272461 0.000000 3141.196045 0.000000 0.999748 0.000000 -0.022448 0.699868 0.699868 0.699868
5454.202637 0.000000 3120.344727 0.000000 0.984198 0.000000 -0.177071 0.665859 0.665859 0.665859
5556.706543 0.000000 3162.956055 0.000000 0.954981 0.000000 -0.296667 0.407213 0.407213 0.407213
5950.477051 0.000000 2849.625000 0.000000 0.953185 0.000000 -0.302388 0.545480 0.545480 0.545480
5951.578613 0.000000 2850.001221 0.000000 0.999523 0.000000 0.030890 0.698809 0.698809 0.698809
5950.353027 0.000000 2851.682861 0.000000 0.998594 0.000000 -0.053018 0.702044 0.702044 0.702044
5953.498535 0.000000 2852.195557 0.000000 0.999027 0.000000 0.044105 0.562595 0.562595 0.562595
5892.679688 0.000000 2933.318115 0.000000 0.962100 0.000000 -0.272698 0.436780 0.436780 0.436780
5928.166504 0.000000 2893.309326 0.000000 0.999999 0.000000 -0.001383 0.536307 0.536307 0.536307
5993.676758 0.000000 2898.770020 0.000000 0.998508 0.000000 -0.054613 0.400742 0.400742 0.400742
5990.060059 0.000000 2901.527344 0.000000 0.972788 0.000000 -0.231695 0.495864 0.495864 0.495864
6110.176270 0.000000 2931.861084 0.000000 0.999983 0.000000 0.005893 0.516537 0.516537 0.516537
5906.397949 0.000000 3072.291504 0.000000 0.999988 0.000000 -0.004959 0.505006 0.505006 0.505006
5964.067383 0.000000 3050.243408 0.000000 0.976318 0.000000 0.216342 0.563917 0.563917 0.563917
5414.824707 0.000000 3168.362793 0.000000 0.997821 0.000000 0.065981 0.399093 0.399093 0.399093
5381.597656 0.000000 3176.592529 0.000000 0.997841 0.000000 -0.065668 0.478704 0.478704 0.478704
5381.475098 0.000000 3171.401123 0.000000 0.985295 0.000000 0.170862 0.611499 0.611499 0.611499
5382.753418 0.000000 3168.289795 0.000000 0.995278 0.000000 0.097065 0.578741 0.578741 0.578741
5384.904785 0.000000 3169.404785 0.000000 0.999925 0.000000 0.012219 0.663305 0.663305 0.663305
5404.834961 0.000000 3171.800781 0.000000 0.984132 0.000000 0.177436 0.692674 0.692674 0.692674
5389.527344 0.000000 3170.168701 0.000000 0.975828 0.000000 0.218540 0.621570 0.621570 0.621570
5386.865723 0.000000 3178.215820 0.000000 0.997056 0.000000 0.076677 0.526680 0.526680 0.526680
5392.053223 0.000000 3168.485352 0.000000 0.976541 0.000000 -0.215330 0.651185 0.651185 0.651185
5390.695801 0.000000 3170.010986 0.000000 0.969670 0.000000 -0.244419 0.630109 0.630109 0.630109
5408.901855 0.000000 3170.008789 0.000000 0.974357 0.000000 0.225007 0.690997 0.690997 0.690997
5385.386230 0.000000 3170.395508 0.000000 0.982176 0.000000 -0.187966 0.707865 0.707865 0.707865
5396.295898 0.000000 3171.854980 0.000000 0.999010 0.000000 0.044485 0.698017 0.698017 0.698017
5382.427246 0.000000 3173.682861 0.000000 0.999561 0.000000 0.029620 0.698846 0.698846 0.698846
5391.058105 0.000000 3168.851318 0.000000 0.977807 0.000000 0.209508 0.575659 0.575659 0.575659
5388.269531 0.000000 3170.982666 0.000000 0.992289 0.000000 -0.123943 0.632301 0.632301 0.632301
5388.740234 0.000000 3175.679932 0.000000 0.985141 0.000000 -0.171748 0.706787 0.706787 0.706787
5481.967773 0.000000 3192.942871 0.000000 0.998421 0.000000 -0.056165 0.400752 0.400752 0.400752
5476.952637 0.000000 3203.601807 0.000000 0.990269 0.000000 0.139168 0.402905 0.402905 0.402905
5467.120117 0.000000 3165.073730 0.000000 0.960429 0.000000 -0.278525 0.434881 0.434881 0.434881
5467.322754 0.000000 3187.594971 0.000000 0.968409 0.000000 -0.249366 0.480262 0.480262 0.480262
5468.436523 0.000000 3179.727783 0.000000 0.974035 0.000000 -0.226400 0.531649 0.531649 0.531649
5461.353516 0.000000 3199.014893 0.000000 0.996704 0.000000 -0.081127 0.575675 0.575675 0.575675
5469.685059 0.000000 3197.879639 0.000000 0.999719 0.000000 0.023693 0.516147 0.516147 0.516147
5454.623047 0.000000 3167.836426 0.000000 0.959035 0.000000 0.283288 0.613755 0.613755 0.613755
5464.136230 0.000000 3183.539307 0.000000 0.986877 0.000000 0.161475 0.598254 0.598254 0.598254
5462.709473 0.000000 3183.087158 0.000000 0.961795 0.000000 0.273770 0.688199 0.688199 0.688199
5469.995605 0.000000 3187.691162 0.000000 0.979364 0.000000 0.202104 0.560441 0.560441 0.560441
5466.770996 0.000000 3172.725586 0.000000 0.983406 0.000000 -0.181420 0.578349 0.578349 0.578349
5472.590820 0.000000 3190.265869 0.000000 0.965564 0.000000 -0.260166 0.710487 0.710487 0.710487
5470.069336 0.000000 3176.253174 0.000000 0.991291 0.000000 -0.131691 0.705528 0.705528 0.705528
5462.742676 0.000000 3189.753174 0.000000 0.961815 0.000000 0.273700 0.615973 0.615973 0.615973
5472.682129 0.000000 3180.539307 0.000000 0.990760 0.000000 0.135629 0.676466 0.676466 0.676466
5475.967285 0.000000 3197.399170 0.000000 0.998326 0.000000 0.057845 0.589562 0.589562 0.589562
5453.181641 0.000000 3164.940918 0.000000 0.990392 0.000000 0.138291 0.565988 0.565988 0.565988
5460.371094 0.000000 3199.365479 0.000000 0.999127 0.000000 0.041785 0.572425 0.572425 0.572425
5472.311035 0.000000 3195.890869 0.000000 0.998503 0.000000 -0.054704 0.683346 0.683346 0.683346
5398.782715 0.000000 3226.912842 0.000000 0.992806 0.000000 0.119733 0.398364 0.398364 0.398364
5438.390625 0.000000 3275.369873 0.000000 0.998909 0.000000 0.046689 0.402279 0.402279 0.402279
5491.863281 0.000000 3243.982178 0.000000 0.959954 0.000000 -0.280158 0.403771 0.403771 0.403771
5447.437500 0.000000 3274.653076 0.000000 0.988154 0.000000 -0.153465 0.402085 0.402085 0.402085
5444.384766 0.000000 3270.382080 0.000000 0.995364 0.000000 -0.096179 0.401327 0.401327 0.401327
5498.270996 0.000000 3227.943115 0.000000 0.981347 0.000000 -0.192243 0.433468 0.433468 0.433468
5499.523926 0.000000 3233.068604 0.000000 0.994828 0.000000 -0.101572 0.477417 0.477417 0.477417
5561.404785 0.000000 3200.769287 0.000000 0.991337 0.000000 -0.131339 0.584938 0.584938 0.584938
5510.330566 0.000000 3231.706299 0.000000 0.990135 0.000000 0.140113 0.398161 0.398161 0.398161
5521.722656 0.000000 3271.786621 0.000000 0.966450 0.000000 0.256854 0.396472 0.396472 0.396472
5476.276367 0.000000 3309.340576 0.000000 0.963864 0.000000 -0.266395 0.403501 0.403501 0.403501
5454.220703 0.000000 3293.174561 0.000000 0.966149 0.000000 -0.257984 0.403401 0.403401 0.403401
5478.824707 0.000000 3281.331543 0.000000 0.998254 0.000000 -0.059066 0.400811 0.400811 0.400811
5485.942871 0.000000 3298.034668 0.000000 0.985639 0.000000 -0.168868 0.402364 0.402364 0.402364
5459.236816 0.000000 3287.416748 0.000000 0.999945 0.000000 0.010461 0.424347 0.424347 0.424347
5529.661133 0.000000 3279.159912 0.000000 0.993344 0.000000 -0.115185 0.401551 0.401551 0.401551
5513.604492 0.000000 3303.548096 0.000000 0.985697 0.000000 -0.168530 0.402283 0.402283 0.402283
5531.528320 0.000000 3310.633057 0.000000 0.999979 0.000000 0.006407 0.434210 0.434210 0.434210
5558.302246 0.000000 3290.381104 0.000000 0.998296 0.000000 0.058353 0.417743 0.417743 0.417743
5563.502441 0.000000 3288.091064 0.000000 0.986539 0.000000 0.163528 0.441358 0.441358 0.441358
5549.431152 0.000000 3280.145508 0.000000 0.994803 0.000000 0.101819 0.448247 0.448247 0.448247
5562.270996 0.000000 3284.427490 0.000000 0.969756 0.000000 0.244075 0.443833 0.443833 0.443833
5530.057129 0.000000 3311.556885 0.000000 0.984577 0.000000 0.174950 0.431473 0.431473 0.431473
5558.904297 0.000000 3312.402100 0.000000 0.983880 0.000000 0.178831 0.483701 0.483701 0.483701
5553.244629 0.000000 3313.145996 0.000000 0.981961 0.000000 0.189082 0.502831 0.502831 0.502831
5596.928223 0.000000 3293.973877 0.000000 0.988189 0.000000 -0.153241 0.403144 0.403144 0.403144
5589.422363 0.000000 3300.448730 0.000000 0.979747 0.000000 -0.200242 0.421683 0.421683 0.421683
5571.095703 0.000000 3291.543945 0.000000 0.972885 0.000000 -0.231290 0.436094 0.436094 0.436094
5579.461426 0.000000 3303.688232 0.000000 0.991974 0.000000 -0.126446 0.452179 0.452179 0.452179
5618.861328 0.000000 3331.611328 0.000000 0.999983 0.000000 0.005910 0.455778 0.455778 0.455778
5570.875977 0.000000 3308.680420 0.000000 0.975009 0.000000 -0.222167 0.503639 0.503639 0.503639
5591.724609 0.000000 3303.223145 0.000000 0.979545 0.000000 -0.201227 0.708303 0.708303 0.708303
5572.993652 0.000000 3300.276855 0.000000 0.995217 0.000000 0.097685 0.518414 0.518414 0.518414
5569.515137 0.000000 3305.278809 0.000000 0.996295 0.000000 0.086006 0.528414 0.528414 0.528414
5571.798340 0.000000 3304.699951 0.000000 0.999092 0.000000 0.042597 0.525505 0.525505 0.525505
5560.550781 0.000000 3365.437256 0.000000 0.977417 0.000000 -0.211322 0.402743 0.402743 0.402743
5540.759766 0.000000 3353.954346 0.000000 0.992500 0.000000 -0.122246 0.401658 0.401658 0.401658
5542.337891 0.000000 3346.314209 0.000000 0.963142 0.000000 -0.268993 0.403685 0.403685 0.403685
5537.412109 0.000000 3347.535156 0.000000 0.993803 0.000000 -0.111157 0.401541 0.401541 0.401541
5531.678223 0.000000 3337.592285 0.000000 0.978695 0.000000 -0.205320 0.402870 0.402870 0.402870
5537.365723 0.000000 3342.752930 0.000000 0.999853 0.000000 0.017164 0.404656 0.404656 0.404656
5614.782227 0.000000 3374.642334 0.000000 0.963081 0.000000 0.269212 0.397147 0.397147 0.397147
5624.710938 0.000000 3356.409668 0.000000 0.999999 0.000000 -0.001210 0.442177 0.442177 0.442177
5571.820801 0.000000 3402.867920 0.000000 0.972141 0.000000 0.234399 0.396810 0.396810 0.396810
5694.994629 0.000000 3323.717529 0.000000 0.999270 0.000000 -0.038196 0.405448 0.405448 0.405448
5759.825195 0.000000 3289.346436 0.000000 0.980748 0.000000 0.195279 0.421458 0.421458 0.421458
5752.379395 0.000000 3290.474609 0.000000 0.962513 0.000000 -0.271235 0.476694 0.476694 0.476694
5756.518066 0.000000 3289.416504 0.000000 0.984500 0.000000 -0.175387 0.614009 0.614009 0.614009
5712.399414 0.000000 3360.298828 0.000000 0.993591 0.000000 -0.113036 0.531017 0.531017 0.531017
5700.561035 0.000000 3378.859619 0.000000 0.996343 0.000000 0.085441 0.579057 0.579057 0.579057
5700.485840 0.000000 3379.928467 0.000000 0.972480 0.000000 0.232985 0.575007 0.575007 0.575007
5698.473633 0.000000 3379.748779 0.000000 0.999123 0.000000 0.041883 0.698386 0.698386 0.698386
5774.835449 0.000000 3305.734375 0.000000 0.965846 0.000000 -0.259116 0.478456 0.478456 0.478456
5774.689941 0.000000 3312.437988 0.000000 0.999607 0.000000 -0.028029 0.584097 0.584097 0.584097
5823.312988 0.000000 3317.368652 0.000000 0.985907 0.000000 0.167295 0.543946 0.543946 0.543946
5773.676758 0.000000 3313.087646 0.000000 0.976710 0.000000 0.214564 0.652448 0.652448 0.652448
5824.588379 0.000000 3328.396240 0.000000 0.974691 0.000000 0.223554 0.438399 0.438399 0.438399
5860.749023 0.000000 3285.463135 0.000000 0.988989 0.000000 0.147987 0.437739 0.437739 0.437739
5833.912598 0.000000 3305.195801 0.000000 0.955662 0.000000 -0.294465 0.491161 0.491161 0.491161
5862.074219 0.000000 3285.940430 0.000000 0.954130 0.000000 0.299393 0.641840 0.641840 0.641840
5828.370605 0.000000 3302.683350 0.000000 0.960742 0.000000 0.277444 0.535441 0.535441 0.535441
5884.166992 0.000000 3322.675049 0.000000 0.977291 0.000000 0.211902 0.538984 0.538984 0.538984
5826.034668 0.000000 3302.179443 0.000000 0.972825 0.000000 0.231542 0.544273 0.544273 0.544273
5813.881348 0.000000 3374.737793 0.000000 0.954998 0.000000 0.296612 0.582776 0.582776 0.582776
5809.666504 0.000000 3352.948730 0.000000 0.956882 0.000000 -0.290476 0.712593 0.712593 0.712593
5851.966309 0.000000 3342.191162 0.000000 0.992426 0.000000 -0.122843 0.420494 0.420494 0.420494
5880.710938 0.000000 3356.409668 0.000000 0.995805 0.000000 -0.091503 0.467359 0.467359 0.467359
5881.773926 0.000000 3354.366943 0.000000 0.999087 0.000000 0.042731 0.484455 0.484455 0.484455
5932.222168 0.000000 3309.479492 0.000000 0.998225 0.000000 0.059549 0.595367 0.595367 0.595367
5911.843750 0.000000 3314.433838 0.000000 0.966150 0.000000 0.257982 0.516711 0.516711 0.516711
5888.860352 0.000000 3331.935303 0.000000 0.999066 0.000000 0.043207 0.529399 0.529399 0.529399
5911.105469 0.000000 3320.277100 0.000000 0.997746 0.000000 0.067103 0.697137 0.697137 0.697137
5925.454590 0.000000 3305.277588 0.000000 0.970972 0.000000 -0.239195 0.686071 0.686071 0.686071
5911.599609 0.000000 3322.980469 0.000000 0.996900 0.000000 -0.078674 0.703172 0.703172 0.703172
5931.103516 0.000000 3311.366699 0.000000 0.980589 0.000000 0.196073 0.692257 0.692257 0.692257
6012.727539 0.000000 3278.588135 0.000000 0.998778 0.000000 0.049419 0.412014 0.412014 0.412014
5927.517090 0.000000 3367.266357 0.000000 0.994285 0.000000 -0.106756 0.621865 0.621865 0.621865
6043.595215 0.000000 3383.101807 0.000000 0.999859 0.000000 -0.016798 0.400224 0.400224 0.400224
6030.686523 0.000000 3347.169678 0.000000 0.999617 0.000000 -0.027658 0.400381 0.400381 0.400381
6030.755859 0.000000 3342.026123 0.000000 0.995365 0.000000 0.096166 0.582655 0.582655 0.582655
6039.285645 0.000000 3372.288574 0.000000 0.986943 0.000000 -0.161073 0.663316 0.663316 0.663316
6031.546387 0.000000 3370.459961 0.000000 0.972286 0.000000 -0.233794 0.611762 0.611762 0.611762
6031.914062 0.000000 3372.702148 0.000000 0.968436 0.000000 0.249261 0.690183 0.690183 0.690183
6038.239258 0.000000 3372.109131 0.000000 0.987067 0.000000 -0.160308 0.663290 0.663290 0.663290
6038.463867 0.000000 3356.820801 0.000000 0.998263 0.000000 0.058911 0.697739 0.697739 0.697739
5694.383301 0.000000 3410.229004 0.000000 0.996023 0.000000 0.089099 0.473801 0.473801 0.473801
5669.960449 0.000000 3428.931152 0.000000 0.996966 0.000000 -0.077844 0.559802 0.559802 0.559802
5697.993652 0.000000 3412.512451 0.000000 0.961905 0.000000 -0.273386 0.578839 0.578839 0.578839
5698.009277 0.000000 3410.111328 0.000000 0.964388 0.000000 -0.264493 0.578597 0.578597 0.578597
5699.149902 0.000000 3434.855713 0.000000 0.999387 0.000000 -0.035022 0.625588 0.625588 0.625588
5696.361816 0.000000 3410.698486 0.000000 0.968483 0.000000 -0.249081 0.709854 0.709854 0.709854
5701.505859 0.000000 3418.532959 0.000000 0.977118 0.000000 0.212696 0.621756 0.621756 0.621756
5703.460938 0.000000 3410.005615 0.000000 0.998180 0.000000 0.060311 0.589493 0.589493 0.589493
5687.038086 0.000000 3493.546875 0.000000 0.990207 0.000000 0.139604 0.579519 0.579519 0.579519
5684.413574 0.000000 3495.104980 0.000000 0.992671 0.000000 0.120845 0.695205 0.695205 0.695205
5685.111816 0.000000 3494.338623 0.000000 0.998516 0.000000 -0.054466 0.702157 0.702157 0.702157
5705.795410 0.000000 3445.571289 0.000000 0.997029 0.000000 -0.077028 0.401063 0.401063 0.401063
5716.179199 0.000000 3446.823975 0.000000 0.977613 0.000000 -0.210410 0.533270 0.533270 0.533270
5710.057129 0.000000 3480.209229 0.000000 0.970945 0.000000 0.239302 0.569067 0.569067 0.569067
5703.807129 0.000000 3478.748535 0.000000 0.973857 0.000000 0.227161 0.689788 0.689788 0.689788
5707.444824 0.000000 3459.696289 0.000000 0.999027 0.000000 0.044109 0.652445 0.652445 0.652445
5821.145996 0.000000 3430.741699 0.000000 0.963073 0.000000 -0.269240 0.516642 0.516642 0.516642
5814.205566 0.000000 3424.275879 0.000000 0.952307 0.000000 -0.305142 0.713141 0.713141 0.713141
5786.372559 0.000000 3441.919189 0.000000 0.993915 0.000000 0.110153 0.599751 0.599751 0.599751
5822.710938 0.000000 3427.288818 0.000000 0.959397 0.000000 0.282059 0.688582 0.688582 0.688582
5785.314941 0.000000 3441.792236 0.000000 0.985842 0.000000 0.167678 0.692875 0.692875 0.692875
5862.581055 0.000000 3424.187012 0.000000 0.998733 0.000000 0.050328 0.399316 0.399316 0.399316
5871.350098 0.000000 3443.805664 0.000000 0.998388 0.000000 0.056759 0.433396 0.433396 0.433396
5858.581543 0.000000 3408.242188 0.000000 0.999680 0.000000 -0.025295 0.495612 0.495612 0.495612
5861.085938 0.000000 3415.433350 0.000000 0.983864 0.000000 0.178917 0.547524 0.547524 0.547524
5845.230957 0.000000 3427.574951 0.000000 0.963298 0.000000 -0.268434 0.608789 0.608789 0.608789
5863.871094 0.000000 3409.498047 0.000000 0.996928 0.000000 0.078320 0.696664 0.696664 0.696664
5843.222656 0.000000 3430.895508 0.000000 0.988716 0.000000 -0.149805 0.706478 0.706478 0.706478
5846.176758 0.000000 3426.485352 0.000000 0.999992 0.000000 -0.003934 0.700173 0.700173 0.700173
5839.586426 0.000000 3414.931885 0.000000 0.976819 0.000000 0.214066 0.544712 0.544712 0.544712
5842.479492 0.000000 3435.706055 0.000000 0.984656 0.000000 -0.174506 0.552311 0.552311 0.552311
5841.980469 0.000000 3428.318115 0.000000 0.998012 0.000000 0.063018 0.645963 0.645963 0.645963
5838.050293 0.000000 3421.215576 0.000000 0.960687 0.000000 0.277634 0.537353 0.537353 0.537353
5872.327148 0.000000 3444.365479 0.000000 0.997834 0.000000 0.065779 0.673153 0.673153 0.673153
5863.180176 0.000000 3419.486816 0.000000 0.960917 0.000000 0.276836 0.688627 0.688627 0.688627
5844.037109 0.000000 3428.811279 0.000000 0.999838 0.000000 0.018001 0.696382 0.696382 0.696382
5860.052246 0.000000 3428.505615 0.000000 0.999810 0.000000 0.019491 0.699230 0.699230 0.699230
5864.529297 0.000000 3406.933105 0.000000 0.963041 0.000000 0.269354 0.614199 0.614199 0.614199
5860.699219 0.000000 3430.577393 0.000000 0.999666 0.000000 0.025835 0.627627 0.627627 0.627627
5861.641602 0.000000 3416.344971 0.000000 0.987005 0.000000 -0.160689 0.641415 0.641415 0.641415
5867.132812 0.000000 3404.429443 0.000000 0.998613 0.000000 0.052643 0.661915 0.661915 0.661915
5850.147949 0.000000 3413.607910 0.000000 0.985067 0.000000 0.172174 0.693226 0.693226 0.693226
5863.486328 0.000000 3418.049561 0.000000 0.964249 0.000000 0.264999 0.689126 0.689126 0.689126
5864.319824 0.000000 3410.610596 0.000000 0.988074 0.000000 0.153978 0.635217 0.635217 0.635217
5842.467285 0.000000 3433.279541 0.000000 0.964981 0.000000 0.262319 0.688914 0.688914 0.688914
5778.979980 0.000000 3485.560791 0.000000 0.988061 0.000000 0.154065 0.418225 0.418225 0.418225
5773.317383 0.000000 3498.774170 0.000000 0.985918 0.000000 0.167230 0.449051 0.449051 0.449051
5778.929199 0.000000 3451.020996 0.000000 0.963918 0.000000 -0.266198 0.454631 0.454631 0.454631
5783.285645 0.000000 3485.257324 0.000000 0.987832 0.000000 -0.155524 0.585600 0.585600 0.585600
5768.362793 0.000000 3501.331787 0.000000 0.999552 0.000000 -0.029918 0.607738 0.607738 0.607738
5806.525879 0.000000 3473.275146 0.000000 0.978674 0.000000 0.205417 0.541072 0.541072 0.541072
5778.265625 0.000000 3448.255615 0.000000 0.955901 0.000000 0.293689 0.550350 0.550350 0.550350
5783.045898 0.000000 3447.180664 0.000000 0.998791 0.000000 -0.049163 0.651628 0.651628 0.651628
5840.583984 0.000000 3483.903076 0.000000 0.965016 0.000000 -0.262190 0.458551 0.458551 0.458551
5863.382324 0.000000 3479.165283 0.000000 0.983104 0.000000 -0.183049 0.471032 0.471032 0.471032
5835.735352 0.000000 3489.600098 0.000000 0.992303 0.000000 0.123834 0.490631 0.490631 0.490631
5861.802246 0.000000 3463.823730 0.000000 0.997636 0.000000 0.068725 0.478091 0.478091 0.478091
5869.193359 0.000000 3466.396729 0.000000 0.997920 0.000000 0.064471 0.647864 0.647864 0.647864
5864.166504 0.000000 3458.153076 0.000000 0.996205 0.000000 -0.087043 0.703831 0.703831 0.703831
5869.442383 0.000000 3457.309814 0.000000 0.977450 0.000000 0.211168 0.669858 0.669858 0.669858
5861.123047 0.000000 3484.708740 0.000000 0.972815 0.000000 0.231584 0.634589 0.634589 0.634589
5866.844238 0.000000 3454.446777 0.000000 0.991557 0.000000 -0.129669 0.523478 0.523478 0.523478
5877.096680 0.000000 3459.457275 0.000000 0.999717 0.000000 -0.023778 0.699918 0.699918 0.699918
5872.162598 0.000000 3459.410156 0.000000 0.965241 0.000000 -0.261360 0.660762 0.660762 0.660762
5852.615723 0.000000 3480.033447 0.000000 0.998144 0.000000 -0.060896 0.604702 0.604702 0.604702
5860.699219 0.000000 3487.061768 0.000000 0.996118 0.000000 -0.088027 0.703712 0.703712 0.703712
5875.812988 0.000000 3459.765869 0.000000 0.981191 0.000000 0.193042 0.691547 0.691547 0.691547
5867.132812 0.000000 3460.913818 0.000000 0.980796 0.000000 0.195034 0.574130 0.574130 0.574130
5865.046387 0.000000 3445.871582 0.000000 0.975823 0.000000 0.218562 0.691644 0.691644 0.691644
5863.188477 0.000000 3458.659912 0.000000 0.952076 0.000000 0.305861 0.686528 0.686528 0.686528
5862.235352 0.000000 3483.031494 0.000000 0.998192 0.000000 -0.060105 0.702391 0.702391 0.702391
5842.137207 0.000000 3488.504883 0.000000 0.992766 0.000000 -0.120065 0.697615 0.697615 0.697615
5842.467285 0.000000 3489.763916 0.000000 0.997496 0.000000 -0.070730 0.695771 0.695771 0.695771
5834.929199 0.000000 3484.699951 0.000000 0.997965 0.000000 0.063759 0.638141 0.638141 0.638141
5701.809082 0.000000 3557.514404 0.000000 0.999874 0.000000 -0.015893 0.475791 0.475791 0.475791
5705.022461 0.000000 3545.098389 0.000000 0.965493 0.000000 0.260428 0.543543 0.543543 0.543543
5708.904785 0.000000 3529.513672 0.000000 0.997952 0.000000 0.063967 0.499651 0.499651 0.499651
5709.344238 0.000000 3516.321045 0.000000 0.982273 0.000000 0.187455 0.555034 0.555034 0.555034
5738.279785 0.000000 3546.887939 0.000000 0.976517 0.000000 -0.215441 0.708273 0.708273 0.708273
5704.362793 0.000000 3557.816162 0.000000 0.991613 0.000000 0.129246 0.694994 0.694994 0.694994
5708.518066 0.000000 3530.621582 0.000000 0.995496 0.000000 -0.094799 0.703932 0.703932 0.703932
5738.127930 0.000000 3549.484619 0.000000 0.978244 0.000000 -0.207458 0.708053 0.708053 0.708053
5696.369141 0.000000 3541.558350 0.000000 0.974207 0.000000 -0.225657 0.663542 0.663542 0.663542
5691.529785 0.000000 3559.162598 0.000000 0.997597 0.000000 0.069287 0.419529 0.419529 0.419529
5701.597168 0.000000 3585.402344 0.000000 0.967415 0.000000 0.253196 0.574443 0.574443 0.574443
5700.601562 0.000000 3559.839111 0.000000 0.997475 0.000000 0.071023 0.593092 0.593092 0.593092
5706.479980 0.000000 3586.665283 0.000000 0.983513 0.000000 -0.180836 0.608196 0.608196 0.608196
5701.937500 0.000000 3559.015625 0.000000 0.974463 0.000000 -0.224549 0.601491 0.601491 0.601491
5698.728516 0.000000 3558.537354 0.000000 0.999772 0.000000 0.021339 0.621896 0.621896 0.621896
5706.381348 0.000000 3559.913330 0.000000 0.989968 0.000000 0.141291 0.604654 0.604654 0.604654
5706.822754 0.000000 3558.525635 0.000000 0.983547 0.000000 -0.180654 0.614166 0.614166 0.614166
5807.350098 0.000000 3556.774414 0.000000 0.965706 0.000000 0.259640 0.424288 0.424288 0.424288
5804.208984 0.000000 3556.117920 0.000000 0.953784 0.000000 -0.300492 0.573553 0.573553 0.573553
5804.345703 0.000000 3512.747803 0.000000 0.999892 0.000000 -0.014699 0.700624 0.700624 0.700624
5772.748535 0.000000 3507.726562 0.000000 0.999458 0.000000 0.032926 0.688003 0.688003 0.688003
5772.654785 0.000000 3505.735596 0.000000 0.970606 0.000000 -0.240674 0.710301 0.710301 0.710301
5803.281250 0.000000 3513.645752 0.000000 0.988532 0.000000 -0.151009 0.607322 0.607322 0.607322
5781.314941 0.000000 3518.548096 0.000000 0.975156 0.000000 -0.221517 0.709759 0.709759 0.709759
5780.220215 0.000000 3521.992188 0.000000 0.998568 0.000000 0.053500 0.697956 0.697956 0.697956
5778.751953 0.000000 3516.095703 0.000000 0.983246 0.000000 0.182286 0.692424 0.692424 0.692424
5781.468262 0.000000 3520.089355 0.000000 0.982166 0.000000 0.188018 0.692778 0.692778 0.692778
5864.653320 0.000000 3547.673828 0.000000 0.977545 0.000000 -0.210729 0.475531 0.475531 0.475531
5887.423340 0.000000 3505.506592 0.000000 0.951141 0.000000 -0.308758 0.640223 0.640223 0.640223
5871.546387 0.000000 3508.378662 0.000000 0.980690 0.000000 -0.195567 0.707808 0.707808 0.707808
5830.218750 0.000000 3521.105225 0.000000 0.996684 0.000000 -0.081368 0.510562 0.510562 0.510562
5860.191406 0.000000 3513.736084 0.000000 0.953472 0.000000 -0.301481 0.712818 0.712818 0.712818
5864.398438 0.000000 3510.897705 0.000000 0.989726 0.000000 0.142977 0.694296 0.694296 0.694296
5884.561035 0.000000 3521.535156 0.000000 0.989281 0.000000 0.146024 0.575469 0.575469 0.575469
5860.187500 0.000000 3515.086914 0.000000 0.998118 0.000000 -0.061324 0.702547 0.702547 0.702547
5946.590332 0.000000 3488.101318 0.000000 0.951563 0.000000 0.307455 0.500239 0.500239 0.500239
5949.145996 0.000000 3487.226074 0.000000 0.988260 0.000000 0.152784 0.534618 0.534618 0.534618
5947.628418 0.000000 3489.222412 0.000000 0.951938 0.000000 -0.306290 0.513461 0.513461 0.513461
5951.312988 0.000000 3486.821777 0.000000 0.969985 0.000000 0.243164 0.690277 0.690277 0.690277
5902.047363 0.000000 3472.744141 0.000000 0.976083 0.000000 -0.217400 0.653254 0.653254 0.653254
5896.949219 0.000000 3494.481934 0.000000 0.971404 0.000000 0.237431 0.592172 0.592172 0.592172
5946.567871 0.000000 3470.357178 0.000000 0.990121 0.000000 -0.140214 0.601053 0.601053 0.601053
5899.251465 0.000000 3490.477783 0.000000 0.994310 0.000000 -0.106525 0.639674 0.639674 0.639674
5905.165527 0.000000 3466.730225 0.000000 0.999995 0.000000 -0.003267 0.700144 0.700144 0.700144
6005.097168 0.000000 3447.332275 0.000000 0.962381 0.000000 0.271703 0.443346 0.443346 0.443346
6004.887695 0.000000 3469.134033 0.000000 0.992368 0.000000 0.123314 0.525610 0.525610 0.525610
6004.968750 0.000000 3477.294434 0.000000 0.995641 0.000000 0.093273 0.676061 0.676061 0.676061
6002.000000 0.000000 3448.854736 0.000000 0.976100 0.000000 0.217322 0.588914 0.588914 0.588914
6004.250488 0.000000 3455.447510 0.000000 0.992166 0.000000 -0.124926 0.691843 0.691843 0.691843
6013.902344 0.000000 3468.397217 0.000000 0.978773 0.000000 0.204948 0.589271 0.589271 0.589271
6011.427246 0.000000 3468.731689 0.000000 0.996410 0.000000 -0.084659 0.660711 0.660711 0.660711
5956.652344 0.000000 3482.822021 0.000000 0.977729 0.000000 -0.209873 0.707008 0.707008 0.707008
6012.182617 0.000000 3471.556152 0.000000 0.999587 0.000000 -0.028737 0.670612 0.670612 0.670612
6012.393066 0.000000 3470.322266 0.000000 0.985562 0.000000 -0.169316 0.675552 0.675552 0.675552
6010.567871 0.000000 3470.357178 0.000000 0.995292 0.000000 0.096919 0.696098 0.696098 0.696098
6078.419434 0.000000 3431.209717 0.000000 0.982922 0.000000 -0.184025 0.402440 0.402440 0.402440
6077.125000 0.000000 3441.541748 0.000000 0.990975 0.000000 0.134043 0.398161 0.398161 0.398161
6075.739258 0.000000 3393.569092 0.000000 0.964027 0.000000 -0.265805 0.408750 0.408750 0.408750
6069.007812 0.000000 3430.212891 0.000000 0.991093 0.000000 -0.133169 0.430539 0.430539 0.430539
6074.353516 0.000000 3390.192871 0.000000 0.955221 0.000000 0.295893 0.688608 0.688608 0.688608
6062.722168 0.000000 3436.874023 0.000000 0.998863 0.000000 -0.047670 0.509841 0.509841 0.509841
6074.116699 0.000000 3438.378662 0.000000 0.999841 0.000000 -0.017833 0.700748 0.700748 0.700748
6069.270996 0.000000 3392.362549 0.000000 0.999818 0.000000 -0.019067 0.700803 0.700803 0.700803
6073.404785 0.000000 3426.706787 0.000000 0.963571 0.000000 -0.267451 0.697173 0.697173 0.697173
6072.005371 0.000000 3395.169678 0.000000 0.990640 0.000000 0.136498 0.691912 0.691912 0.691912
6070.206543 0.000000 3396.478271 0.000000 0.992807 0.000000 0.119722 0.694977 0.694977 0.694977
6072.008301 0.000000 3431.311768 0.000000 0.995686 0.000000 -0.092788 0.583888 0.583888 0.583888
6073.571289 0.000000 3428.918213 0.000000 0.965015 0.000000 0.262194 0.602936 0.602936 0.602936
6058.742676 0.000000 3413.252197 0.000000 0.983702 0.000000 0.179805 0.605436 0.605436 0.605436
6060.319336 0.000000 3413.862793 0.000000 0.955502 0.000000 -0.294985 0.627692 0.627692 0.627692
6076.959961 0.000000 3420.316650 0.000000 0.988069 0.000000 0.154009 0.693542 0.693542 0.693542
6060.519531 0.000000 3417.596924 0.000000 0.998620 0.000000 -0.052524 0.702016 0.702016 0.702016
6072.491211 0.000000 3389.892090 0.000000 0.991767 0.000000 -0.128057 0.640364 0.640364 0.640364
6118.707031 0.000000 3397.619873 0.000000 0.991794 0.000000 -0.127844 0.464070 0.464070 0.464070
6117.886230 0.000000 3435.234131 0.000000 0.998729 0.000000 0.050395 0.697815 0.697815 0.697815
6110.684082 0.000000 3431.322998 0.000000 0.990793 0.000000 -0.135388 0.696203 0.696203 0.696203
6118.074219 0.000000 3398.909180 0.000000 0.995083 0.000000 -0.099045 0.677033 0.677033 0.677033
6103.285645 0.000000 3428.772949 0.000000 0.981515 0.000000 -0.191383 0.506967 0.506967 0.506967
6113.498047 0.000000 3437.277344 0.000000 0.965078 0.000000 0.261964 0.688999 0.688999 0.688999
6111.890137 0.000000 3435.303711 0.000000 0.973959 0.000000 -0.226725 0.625551 0.625551 0.625551
6119.071777 0.000000 3438.780518 0.000000 0.996912 0.000000 0.078524 0.629877 0.629877 0.629877
6119.708496 0.000000 3395.057129 0.000000 0.998350 0.000000 0.057428 0.614937 0.614937 0.614937
6115.980469 0.000000 3436.855957 0.000000 0.999968 0.000000 0.007944 0.699680 0.699680 0.699680
6119.595215 0.000000 3432.160400 0.000000 0.999708 0.000000 -0.024152 0.568273 0.568273 0.568273
6116.323242 0.000000 3399.563232 0.000000 0.996183 0.000000 0.087292 0.543963 0.543963 0.543963
6106.378418 0.000000 3439.736328 0.000000 0.954750 0.000000 -0.297411 0.711584 0.711584 0.711584
6112.087402 0.000000 3429.181641 0.000000 0.983977 0.000000 0.178296 0.539808 0.539808 0.539808
6117.261230 0.000000 3438.444092 0.000000 0.999114 0.000000 0.042095 0.698142 0.698142 0.698142
6118.214844 0.000000 3401.692383 0.000000 0.960333 0.000000 -0.278857 0.685522 0.685522 0.685522
6108.939453 0.000000 3432.675293 0.000000 0.998257 0.000000 0.059020 0.697430 0.697430 0.697430
6122.590820 0.000000 3392.471436 0.000000 0.988598 0.000000 0.150577 0.577281 0.577281 0.577281
6106.823242 0.000000 3438.782715 0.000000 0.998996 0.000000 -0.044789 0.701719 0.701719 0.701719
6113.586426 0.000000 3436.182617 0.000000 0.993094 0.000000 0.117319 0.695119 0.695119 0.695119
6108.338867 0.000000 3433.564453 0.000000 0.987607 0.000000 0.156946 0.693142 0.693142 0.693142
6117.770020 0.000000 3394.064941 0.000000 0.985487 0.000000 -0.169748 0.689517 0.689517 0.689517
6118.218750 0.000000 3438.059814 0.000000 0.982252 0.000000 0.187563 0.626410 0.626410 0.626410
6025.022461 0.000000 3488.614014 0.000000 0.988611 0.000000 -0.150495 0.593405 0.593405 0.593405
6078.281738 0.000000 3498.614502 0.000000 0.999946 0.000000 -0.010414 0.546330 0.546330 0.546330
6017.312988 0.000000 3465.032471 0.000000 0.982757 0.000000 -0.184900 0.572470 0.572470 0.572470
6078.572266 0.000000 3496.064697 0.000000 0.991296 0.000000 -0.131654 0.705538 0.705538 0.705538
6056.134277 0.000000 3490.137451 0.000000 0.999482 0.000000 0.032177 0.641115 0.641115 0.641115
6036.545898 0.000000 3477.707275 0.000000 0.970250 0.000000 0.242104 0.690620 0.690620 0.690620
6040.998535 0.000000 3476.303711 0.000000 0.977644 0.000000 -0.210269 0.707024 0.707024 0.707024
6079.583984 0.000000 3497.841797 0.000000 0.988138 0.000000 -0.153571 0.706467 0.706467 0.706467
6092.773926 0.000000 3479.730957 0.000000 0.999904 0.000000 0.013850 0.434090 0.434090 0.434090
6132.156250 0.000000 3463.915039 0.000000 0.998806 0.000000 -0.048849 0.594509 0.594509 0.594509
6086.510254 0.000000 3462.147217 0.000000 0.963663 0.000000 0.267120 0.688163 0.688163 0.688163
6094.057129 0.000000 3480.209229 0.000000 0.954029 0.000000 0.299713 0.588415 0.588415 0.588415
6082.597656 0.000000 3459.011963 0.000000 0.961275 0.000000 -0.275592 0.550831 0.550831 0.550831
6093.796875 0.000000 3484.559814 0.000000 0.961115 0.000000 -0.276147 0.512793 0.512793 0.512793
6134.646973 0.000000 3464.035400 0.000000 0.972366 0.000000 0.233461 0.590368 0.590368 0.590368
6097.206543 0.000000 3482.878174 0.000000 0.999592 0.000000 -0.028555 0.701238 0.701238 0.701238
6123.191406 0.000000 3450.094238 0.000000 0.999732 0.000000 0.023171 0.699016 0.699016 0.699016
6096.272461 0.000000 3480.102295 0.000000 0.978954 0.000000 0.204082 0.691290 0.691290 0.691290
5923.217285 0.000000 3512.869873 0.000000 0.994062 0.000000 -0.108813 0.430151 0.430151 0.430151
5919.169922 0.000000 3515.268799 0.000000 0.987941 0.000000 0.154828 0.627457 0.627457 0.627457
5926.709473 0.000000 3512.838867 0.000000 0.962955 0.000000 0.269662 0.562483 0.562483 0.562483
5921.511719 0.000000 3511.090820 0.000000 0.997621 0.000000 0.068933 0.583404 0.583404 0.583404
5888.125977 0.000000 3521.453125 0.000000 0.984443 0.000000 0.175704 0.621001 0.621001 0.621001
5910.742676 0.000000 3528.659424 0.000000 0.999994 0.000000 -0.003509 0.689345 0.689345 0.689345
5932.127930 0.000000 3585.957031 0.000000 0.990890 0.000000 0.134676 0.398152 0.398152 0.398152
5939.413574 0.000000 3578.066162 0.000000 0.981692 0.000000 0.190476 0.595474 0.595474 0.595474
5937.734375 0.000000 3576.624756 0.000000 0.999889 0.000000 -0.014892 0.593555 0.593555 0.593555
5934.371582 0.000000 3583.140381 0.000000 0.998576 0.000000 -0.053349 0.702117 0.702117 0.702117
5937.666504 0.000000 3578.886230 0.000000 0.999852 0.000000 0.017191 0.699240 0.699240 0.699240
5934.372070 0.000000 3579.528809 0.000000 0.976305 0.000000 -0.216398 0.708805 0.708805 0.708805
5993.785156 0.000000 3592.598877 0.000000 0.974438 0.000000 0.224656 0.557922 0.557922 0.557922
5987.812500 0.000000 3593.939697 0.000000 0.967825 0.000000 0.251623 0.576406 0.576406 0.576406
5995.103516 0.000000 3593.788574 0.000000 0.999800 0.000000 -0.019994 0.634947 0.634947 0.634947
5991.517090 0.000000 3593.203857 0.000000 0.995685 0.000000 0.092799 0.611925 0.611925 0.611925
6031.590332 0.000000 3554.127686 0.000000 0.996184 0.000000 0.087275 0.421203 0.421203 0.421203
6029.317383 0.000000 3555.258545 0.000000 0.997505 0.000000 -0.070595 0.439395 0.439395 0.439395
6025.525391 0.000000 3524.079102 0.000000 0.954436 0.000000 0.298414 0.685668 0.685668 0.685668
6061.887207 0.000000 3541.263184 0.000000 0.997146 0.000000 -0.075492 0.530156 0.530156 0.530156
6020.561035 0.000000 3548.312744 0.000000 0.999825 0.000000 0.018701 0.678741 0.678741 0.678741
6026.056641 0.000000 3525.678467 0.000000 0.992695 0.000000 0.120652 0.695287 0.695287 0.695287
6085.572266 0.000000 3548.962158 0.000000 0.999645 0.000000 0.026648 0.424096 0.424096 0.424096
6101.452637 0.000000 3524.014160 0.000000 0.988207 0.000000 -0.153125 0.446700 0.446700 0.446700
6093.735352 0.000000 3517.699463 0.000000 0.982295 0.000000 -0.187341 0.483032 0.483032 0.483032
6088.409180 0.000000 3516.850830 0.000000 0.999936 0.000000 -0.011271 0.564014 0.564014 0.564014
6087.959473 0.000000 3551.290039 0.000000 0.982909 0.000000 0.184093 0.589872 0.589872 0.589872
6083.510254 0.000000 3509.305420 0.000000 0.996554 0.000000 0.082941 0.584966 0.584966 0.584966
6100.220215 0.000000 3521.992188 0.000000 0.959446 0.000000 -0.281891 0.712510 0.712510 0.712510
6018.335449 0.000000 3589.745605 0.000000 0.985941 0.000000 0.167094 0.452930 0.452930 0.452930
6018.875977 0.000000 3591.102295 0.000000 0.973322 0.000000 -0.229445 0.593636 0.593636 0.593636
6042.199707 0.000000 3586.663086 0.000000 0.999990 0.000000 0.004548 0.628290 0.628290 0.628290
6088.954590 0.000000 3582.233643 0.000000 0.999940 0.000000 0.010997 0.463526 0.463526 0.463526
6114.757812 0.000000 3563.977539 0.000000 0.973192 0.000000 0.229995 0.582781 0.582781 0.582781
6084.370605 0.000000 3585.105225 0.000000 0.953425 0.000000 -0.301632 0.535424 0.535424 0.535424
6120.398438 0.000000 3567.382080 0.000000 0.999186 0.000000 0.040350 0.507962 0.507962 0.507962
6116.343262 0.000000 3565.056885 0.000000 0.966040 0.000000 0.258391 0.689769 0.689769 0.689769
6112.901855 0.000000 3565.399414 0.000000 0.985499 0.000000 -0.169683 0.609859 0.609859 0.609859
6114.086426 0.000000 3565.413574 0.000000 0.954755 0.000000 -0.297393 0.577487 0.577487 0.577487
6093.138672 0.000000 3590.053955 0.000000 0.978886 0.000000 -0.204408 0.662809 0.662809 0.662809
6092.066406 0.000000 3588.781006 0.000000 0.996245 0.000000 -0.086580 0.703356 0.703356 0.703356
6150.251953 0.000000 2242.031006 0.000000 0.999882 0.000000 -0.015362 0.672108 0.672108 0.672108
6170.672852 0.000000 2241.166016 0.000000 0.999410 0.000000 -0.034355 0.621634 0.621634 0.621634
6151.968750 0.000000 2243.843750 0.000000 0.991088 0.000000 0.133211 0.666876 0.666876 0.666876
6171.906250 0.000000 2241.304932 0.000000 0.959157 0.000000 0.282874 0.611857 0.611857 0.611857
6365.948242 0.000000 2187.526611 0.000000 0.996643 0.000000 -0.081876 0.703359 0.703359 0.703359
6363.430664 0.000000 2187.041016 0.000000 0.951962 0.000000 -0.306216 0.713869 0.713869 0.713869
6390.205566 0.000000 2181.619629 0.000000 0.983711 0.000000 -0.179757 0.530568 0.530568 0.530568
6365.817383 0.000000 2186.285645 0.000000 0.958264 0.000000 0.285883 0.688119 0.688119 0.688119
6375.639160 0.000000 2173.479492 0.000000 0.995088 0.000000 0.098996 0.662259 0.662259 0.662259
6364.429199 0.000000 2185.749756 0.000000 0.994966 0.000000 -0.100214 0.703816 0.703816 0.703816
6377.763184 0.000000 2168.426758 0.000000 0.991701 0.000000 -0.128564 0.688007 0.688007 0.688007
6367.222656 0.000000 2200.240723 0.000000 0.986231 0.000000 -0.165373 0.706765 0.706765 0.706765
6384.086914 0.000000 2182.087891 0.000000 0.997676 0.000000 -0.068141 0.569416 0.569416 0.569416
6365.641113 0.000000 2192.162109 0.000000 0.982960 0.000000 0.183821 0.692375 0.692375 0.692375
6386.433594 0.000000 2184.164795 0.000000 0.998133 0.000000 -0.061078 0.702654 0.702654 0.702654
6364.341797 0.000000 2196.070312 0.000000 0.999660 0.000000 0.026058 0.655005 0.655005 0.655005
6364.235840 0.000000 2189.083252 0.000000 0.974240 0.000000 -0.225512 0.599520 0.599520 0.599520
6365.200684 0.000000 2195.352051 0.000000 0.996980 0.000000 0.077659 0.672731 0.672731 0.672731
6387.848633 0.000000 2183.081543 0.000000 0.999998 0.000000 0.002219 0.699903 0.699903 0.699903
6365.189453 0.000000 2183.325928 0.000000 0.952039 0.000000 0.305976 0.686387 0.686387 0.686387
6374.267090 0.000000 2168.217773 0.000000 0.998713 0.000000 -0.050719 0.702235 0.702235 0.702235
6366.024414 0.000000 2199.908447 0.000000 0.966027 0.000000 0.258443 0.688990 0.688990 0.688990
6325.188965 0.000000 2257.303467 0.000000 0.970975 0.000000 0.239180 0.438131 0.438131 0.438131
6330.116699 0.000000 2252.206787 0.000000 0.956962 0.000000 0.290214 0.632621 0.632621 0.632621
6334.141113 0.000000 2249.758789 0.000000 0.971460 0.000000 -0.237204 0.591856 0.591856 0.591856
6332.731934 0.000000 2241.015869 0.000000 0.967107 0.000000 -0.254371 0.640453 0.640453 0.640453
6375.591309 0.000000 2244.726562 0.000000 0.993203 0.000000 -0.116391 0.401608 0.401608 0.401608
6378.219238 0.000000 2249.105225 0.000000 0.987520 0.000000 0.157491 0.406523 0.406523 0.406523
6350.389648 0.000000 2240.675049 0.000000 0.988445 0.000000 0.151580 0.439621 0.439621 0.439621
6393.864746 0.000000 2231.481934 0.000000 0.984483 0.000000 -0.175482 0.451048 0.451048 0.451048
6378.712402 0.000000 2224.109131 0.000000 0.974498 0.000000 0.224396 0.469275 0.469275 0.469275
6381.249512 0.000000 2234.129395 0.000000 0.985128 0.000000 -0.171820 0.506551 0.506551 0.506551
6385.824707 0.000000 2213.375977 0.000000 0.999048 0.000000 0.043619 0.492256 0.492256 0.492256
6361.534668 0.000000 2212.452637 0.000000 0.985253 0.000000 0.171105 0.497410 0.497410 0.497410
6349.763672 0.000000 2257.528809 0.000000 0.955245 0.000000 0.295815 0.586621 0.586621 0.586621
6381.556641 0.000000 2248.533936 0.000000 0.973919 0.000000 0.226896 0.502011 0.502011 0.502011
6388.601074 0.000000 2253.828125 0.000000 0.956434 0.000000 -0.291947 0.712995 0.712995 0.712995
6382.644531 0.000000 2247.886963 0.000000 0.954558 0.000000 -0.298027 0.647927 0.647927 0.647927
6389.144531 0.000000 2212.211670 0.000000 0.998995 0.000000 -0.044820 0.701755 0.701755 0.701755
6383.663086 0.000000 2219.973877 0.000000 0.998710 0.000000 -0.050779 0.689116 0.689116 0.689116
6388.250488 0.000000 2212.791260 0.000000 0.992340 0.000000 -0.123540 0.704848 0.704848 0.704848
6388.330566 0.000000 2236.751465 0.000000 0.995065 0.000000 0.099223 0.636995 0.636995 0.636995
6420.314941 0.000000 2173.311768 0.000000 0.968834 0.000000 -0.247712 0.496195 0.496195 0.496195
6404.220703 0.000000 2163.760986 0.000000 0.999561 0.000000 0.029627 0.698806 0.698806 0.698806
6422.189453 0.000000 2175.409424 0.000000 0.976002 0.000000 -0.217760 0.695296 0.695296 0.695296
6422.463867 0.000000 2170.648926 0.000000 0.960994 0.000000 -0.276570 0.687451 0.687451 0.687451
6318.294922 0.000000 2274.817871 0.000000 0.999981 0.000000 0.006162 0.692908 0.692908 0.692908
6321.758301 0.000000 2271.626465 0.000000 0.997128 0.000000 -0.075732 0.703153 0.703153 0.703153
6319.897461 0.000000 2271.060547 0.000000 0.999794 0.000000 0.020314 0.694338 0.694338 0.694338
6320.511719 0.000000 2271.890137 0.000000 0.975791 0.000000 0.218707 0.690829 0.690829 0.690829
6340.635742 0.000000 2271.777832 0.000000 0.991747 0.000000 -0.128209 0.464077 0.464077 0.464077
6341.431641 0.000000 2270.151611 0.000000 0.972008 0.000000 0.234949 0.457500 0.457500 0.457500
6193.044434 0.000000 2873.299072 0.000000 0.990428 0.000000 -0.138030 0.593055 0.593055 0.593055
6173.291016 0.000000 2923.045654 0.000000 0.999243 0.000000 -0.038906 0.411355 0.411355 0.411355
6183.465820 0.000000 2890.588867 0.000000 0.989294 0.000000 -0.145935 0.414911 0.414911 0.414911
6189.674805 0.000000 2893.706543 0.000000 0.993160 0.000000 0.116760 0.461605 0.461605 0.461605
6215.241211 0.000000 2915.232666 0.000000 0.963603 0.000000 0.267336 0.597035 0.597035 0.597035
6263.867676 0.000000 3323.325439 0.000000 0.984151 0.000000 -0.177334 0.413399 0.413399 0.413399
6246.074219 0.000000 3285.940430 0.000000 0.967709 0.000000 -0.252071 0.710844 0.710844 0.710844
6262.847168 0.000000 3318.955566 0.000000 0.977264 0.000000 0.212025 0.544764 0.544764 0.544764
6246.214844 0.000000 3288.723633 0.000000 0.995035 0.000000 0.099523 0.572841 0.572841 0.572841
6165.555664 0.000000 3336.663086 0.000000 0.997334 0.000000 0.072971 0.454598 0.454598 0.454598
6166.733398 0.000000 3341.349121 0.000000 0.990784 0.000000 -0.135452 0.478063 0.478063 0.478063
6171.759277 0.000000 3335.300293 0.000000 0.978895 0.000000 -0.204363 0.644827 0.644827 0.644827
6519.107910 0.000000 3208.326416 0.000000 0.982497 0.000000 0.186277 0.397577 0.397577 0.397577
6400.049316 0.000000 3245.306885 0.000000 0.999920 0.000000 0.012677 0.494840 0.494840 0.494840
6529.219727 0.000000 3227.627930 0.000000 0.998820 0.000000 0.048560 0.531230 0.531230 0.531230
6536.070801 0.000000 3223.402100 0.000000 0.962638 0.000000 -0.270790 0.687237 0.687237 0.687237
6532.471191 0.000000 3223.253418 0.000000 0.987915 0.000000 0.154995 0.606181 0.606181 0.606181
6571.257324 0.000000 3298.906494 0.000000 0.997540 0.000000 -0.070101 0.601024 0.601024 0.601024
6583.349609 0.000000 3373.048096 0.000000 0.999976 0.000000 -0.006867 0.638455 0.638455 0.638455
6581.139160 0.000000 3372.573242 0.000000 0.996263 0.000000 -0.086372 0.703416 0.703416 0.703416
6191.448242 0.000000 3470.054443 0.000000 0.957451 0.000000 0.288595 0.410341 0.410341 0.410341
6189.587891 0.000000 3453.319092 0.000000 0.956226 0.000000 -0.292629 0.435115 0.435115 0.435115
6160.004883 0.000000 3463.014648 0.000000 0.984255 0.000000 0.176754 0.450821 0.450821 0.450821
6191.029785 0.000000 3459.790283 0.000000 0.991302 0.000000 -0.131604 0.476010 0.476010 0.476010
6165.918945 0.000000 3457.054199 0.000000 0.991615 0.000000 -0.129228 0.462117 0.462117 0.462117
6150.510254 0.000000 3462.147217 0.000000 0.956957 0.000000 0.290230 0.686878 0.686878 0.686878
6191.249023 0.000000 3468.284180 0.000000 0.998327 0.000000 0.057826 0.683186 0.683186 0.683186
6166.709473 0.000000 3465.509033 0.000000 0.989692 0.000000 -0.143211 0.706354 0.706354 0.706354
6170.370605 0.000000 3468.136719 0.000000 0.999969 0.000000 -0.007812 0.700347 0.700347 0.700347
6185.849121 0.000000 3456.218994 0.000000 0.989504 0.000000 0.144508 0.693854 0.693854 0.693854
6175.121582 0.000000 3476.807129 0.000000 0.981652 0.000000 0.190684 0.691869 0.691869 0.691869
6171.859375 0.000000 3460.692139 0.000000 0.959408 0.000000 0.282021 0.567891 0.567891 0.567891
6172.225586 0.000000 3473.176758 0.000000 0.986093 0.000000 0.166193 0.692676 0.692676 0.692676
6152.323730 0.000000 3464.071289 0.000000 0.965755 0.000000 -0.259456 0.612532 0.612532 0.612532
6168.183105 0.000000 3467.234375 0.000000 0.983513 0.000000 -0.180839 0.708040 0.708040 0.708040
6151.536621 0.000000 3459.788086 0.000000 0.983429 0.000000 0.181293 0.692242 0.692242 0.692242
6190.294922 0.000000 3460.989746 0.000000 0.999185 0.000000 0.040374 0.698412 0.698412 0.698412
6164.853027 0.000000 3466.463379 0.000000 0.990058 0.000000 -0.140660 0.678513 0.678513 0.678513
6376.388184 0.000000 3439.064209 0.000000 0.995086 0.000000 0.099012 0.428815 0.428815 0.428815
6383.816406 0.000000 3434.850830 0.000000 0.998396 0.000000 0.056612 0.493946 0.493946 0.493946
6387.748047 0.000000 3430.517822 0.000000 0.998353 0.000000 -0.057373 0.575046 0.575046 0.575046
6386.448730 0.000000 3432.287354 0.000000 0.967040 0.000000 -0.254625 0.556310 0.556310 0.556310
6362.614258 0.000000 3432.706055 0.000000 0.998811 0.000000 -0.048758 0.701858 0.701858 0.701858
6388.629395 0.000000 3431.262695 0.000000 0.960821 0.000000 0.277170 0.642613 0.642613 0.642613
6193.352051 0.000000 3555.165039 0.000000 0.999499 0.000000 0.031642 0.514017 0.514017 0.514017
6266.093750 0.000000 3532.468018 0.000000 0.960971 0.000000 0.276649 0.475949 0.475949 0.475949
6269.613770 0.000000 3528.602295 0.000000 0.998775 0.000000 -0.049481 0.529561 0.529561 0.529561
6264.792480 0.000000 3520.300781 0.000000 0.999998 0.000000 0.001885 0.630333 0.630333 0.630333
6268.205566 0.000000 3532.028564 0.000000 0.987539 0.000000 -0.157376 0.587637 0.587637 0.587637
6265.683594 0.000000 3521.940430 0.000000 0.959774 0.000000 -0.280772 0.639305 0.639305 0.639305
6157.796875 0.000000 3597.528564 0.000000 0.982245 0.000000 -0.187604 0.510863 0.510863 0.510863
6205.982422 0.000000 3570.040527 0.000000 0.973349 0.000000 0.229330 0.542404 0.542404 0.542404
6192.795410 0.000000 3568.540527 0.000000 0.999971 0.000000 -0.007564 0.620819 0.620819 0.620819
6162.137207 0.000000 3601.473633 0.000000 0.956276 0.000000 -0.292466 0.711852 0.711852 0.711852
6190.654785 0.000000 3568.543213 0.000000 0.987486 0.000000 -0.157708 0.601556 0.601556 0.601556
6276.957520 0.000000 3541.878418 0.000000 0.986704 0.000000 0.162529 0.397840 0.397840 0.397840
6274.875977 0.000000 3534.617920 0.000000 0.999801 0.000000 -0.019964 0.654590 0.654590 0.654590
6274.058594 0.000000 3520.470703 0.000000 0.952077 0.000000 0.305858 0.557675 0.557675 0.557675
6275.455566 0.000000 3520.712402 0.000000 0.997737 0.000000 0.067232 0.563952 0.563952 0.563952
6277.597168 0.000000 3528.917969 0.000000 0.961903 0.000000 -0.273392 0.522739 0.522739 0.522739
6275.154785 0.000000 3522.783203 0.000000 0.983315 0.000000 0.181912 0.692919 0.692919 0.692919
6392.862793 0.000000 3592.638428 0.000000 0.999177 0.000000 -0.040564 0.564765 0.564765 0.564765
6369.152344 0.000000 3604.683594 0.000000 0.999722 0.000000 0.023581 0.641393 0.641393 0.641393
6376.703613 0.000000 3613.384033 0.000000 0.998787 0.000000 0.049230 0.509726 0.509726 0.509726
6373.123047 0.000000 3597.677490 0.000000 0.966736 0.000000 0.255774 0.530214 0.530214 0.530214
6369.586426 0.000000 3605.635742 0.000000 0.979453 0.000000 0.201671 0.635581 0.635581 0.635581
6463.927246 0.000000 3460.292236 0.000000 0.996597 0.000000 -0.082434 0.654708 0.654708 0.654708
6484.231934 0.000000 3469.334717 0.000000 0.993488 0.000000 -0.113934 0.550820 0.550820 0.550820
6465.343750 0.000000 3458.860352 0.000000 0.963719 0.000000 -0.266918 0.578663 0.578663 0.578663
6584.427734 0.000000 3440.933594 0.000000 0.993657 0.000000 -0.112456 0.459840 0.459840 0.459840
6587.590332 0.000000 3392.215088 0.000000 0.993430 0.000000 -0.114437 0.582498 0.582498 0.582498
6587.503906 0.000000 3390.967773 0.000000 0.991487 0.000000 -0.130209 0.557163 0.557163 0.557163
6591.565430 0.000000 3431.584717 0.000000 0.962783 0.000000 0.270276 0.667684 0.667684 0.667684
6599.500488 0.000000 3408.358887 0.000000 0.999998 0.000000 0.001847 0.514666 0.514666 0.514666
6601.402832 0.000000 3409.700684 0.000000 0.964426 0.000000 -0.264352 0.672924 0.672924 0.672924
6580.695801 0.000000 3481.650635 0.000000 0.952963 0.000000 0.303088 0.490754 0.490754 0.490754
6583.669922 0.000000 3479.211426 0.000000 0.954385 0.000000 0.298579 0.657110 0.657110 0.657110
6604.607910 0.000000 3482.482422 0.000000 0.999959 0.000000 -0.009102 0.493321 0.493321 0.493321
6600.616211 0.000000 3462.790527 0.000000 0.999407 0.000000 0.034424 0.664496 0.664496 0.664496
6600.904785 0.000000 3451.826660 0.000000 0.989058 0.000000 0.147528 0.693622 0.693622 0.693622
6597.529297 0.000000 3449.036865 0.000000 0.999889 0.000000 -0.014924 0.540550 0.540550 0.540550
6605.796875 0.000000 3484.559814 0.000000 0.995477 0.000000 0.095000 0.543776 0.543776 0.543776
6601.798340 0.000000 3450.920410 0.000000 0.999923 0.000000 0.012394 0.699466 0.699466 0.699466
6602.929199 0.000000 3484.699951 0.000000 0.998759 0.000000 -0.049804 0.702059 0.702059 0.702059
6453.860840 0.000000 3606.582031 0.000000 0.999512 0.000000 -0.031250 0.400420 0.400420 0.400420
6445.470215 0.000000 3586.742676 0.000000 0.957799 0.000000 0.287439 0.477652 0.477652 0.477652
6401.950684 0.000000 3598.489990 0.000000 0.999489 0.000000 0.031962 0.555084 0.555084 0.555084
6460.166992 0.000000 3605.096924 0.000000 0.987599 0.000000 0.156997 0.544200 0.544200 0.544200
6458.917480 0.000000 3605.762207 0.000000 0.953306 0.000000 0.302005 0.540568 0.540568 0.540568
6455.038086 0.000000 3606.515625 0.000000 0.999485 0.000000 -0.032073 0.562581 0.562581 0.562581
6622.530273 0.000000 3525.491211 0.000000 0.992538 0.000000 0.121936 0.398425 0.398425 0.398425
6641.666504 0.000000 3522.401855 0.000000 0.987487 0.000000 0.157700 0.650554 0.650554 0.650554
6582.302246 0.000000 3572.802979 0.000000 0.999464 0.000000 -0.032729 0.438772 0.438772 0.438772
6608.583984 0.000000 3596.871826 0.000000 0.995797 0.000000 0.091585 0.456218 0.456218 0.456218
6637.249512 0.000000 3589.754395 0.000000 0.953815 0.000000 -0.300394 0.513330 0.513330 0.513330
6634.783691 0.000000 3591.321777 0.000000 0.965986 0.000000 0.258594 0.688824 0.688824 0.688824
6595.455566 0.000000 3577.196777 0.000000 0.984584 0.000000 -0.174910 0.526483 0.526483 0.526483
6777.099121 0.000000 3266.611572 0.000000 0.959958 0.000000 0.280145 0.602385 0.602385 0.602385
6775.218262 0.000000 3271.745850 0.000000 0.993260 0.000000 0.115908 0.595701 0.595701 0.595701
6777.305176 0.000000 3270.806152 0.000000 0.998144 0.000000 0.060892 0.591428 0.591428 0.591428
6778.353516 0.000000 3277.224121 0.000000 0.963224 0.000000 0.268700 0.533739 0.533739 0.533739
6784.523438 0.000000 3277.749756 0.000000 0.987221 0.000000 0.159359 0.460826 0.460826 0.460826
6788.601562 0.000000 3277.417236 0.000000 0.982042 0.000000 -0.188665 0.546691 0.546691 0.546691
6787.610840 0.000000 3278.075439 0.000000 0.976706 0.000000 0.214581 0.577444 0.577444 0.577444
6661.862793 0.000000 3594.380615 0.000000 0.999999 0.000000 -0.001559 0.583376 0.583376 0.583376
6660.652344 0.000000 3595.790771 0.000000 0.993847 0.000000 -0.110762 0.586356 0.586356 0.586356
6665.671875 0.000000 3596.597900 0.000000 0.996806 0.000000 -0.079864 0.684256 0.684256 0.684256
"}
object={
	name="pine_sparse_generator_3_3"
	clamp_to_water_level=no
	render_under_water=no
	generated_content=yes
	layer="semidynamic_high"
	pdxmesh="tree_fir_004_mesh"
	count=1899
	transform="1272.732300 0.000000 2533.869629 0.000000 0.729769 0.000000 -0.683694 0.729930 0.729930 0.729930
1271.533936 0.000000 2539.268066 0.000000 0.764297 0.000000 -0.644864 0.592044 0.592044 0.592044
1274.406006 0.000000 2580.877197 0.000000 0.795043 0.000000 -0.606553 0.609356 0.609356 0.609356
1276.732056 0.000000 2579.922119 0.000000 0.940782 0.000000 -0.339012 0.600824 0.600824 0.600824
1276.832642 0.000000 2575.134766 0.000000 0.671610 0.000000 -0.740905 0.654417 0.654417 0.654417
1279.365845 0.000000 2608.246582 0.000000 0.905787 0.000000 -0.423733 0.520186 0.520186 0.520186
1279.124756 0.000000 2621.994629 0.000000 0.910334 0.000000 -0.413874 0.716629 0.716629 0.716629
1279.554077 0.000000 2606.609131 0.000000 0.919763 0.000000 -0.392474 0.717515 0.717515 0.717515
1273.187744 0.000000 2686.250977 0.000000 0.782607 0.000000 -0.622517 0.506705 0.506705 0.506705
1266.433838 0.000000 2692.524170 0.000000 0.931366 0.000000 -0.364084 0.629908 0.629908 0.629908
1279.578735 0.000000 2680.548096 0.000000 0.626576 0.000000 -0.779360 0.664736 0.664736 0.664736
1301.893921 0.000000 2595.070801 0.000000 0.795429 0.000000 -0.606047 0.489868 0.489868 0.489868
1280.328247 0.000000 2590.265137 0.000000 0.649655 0.000000 -0.760229 0.733432 0.733432 0.733432
1299.857178 0.000000 2594.493652 0.000000 0.913857 0.000000 -0.406036 0.542022 0.542022 0.542022
1281.519653 0.000000 2589.340576 0.000000 0.723800 0.000000 -0.690010 0.599900 0.599900 0.599900
1284.465332 0.000000 2580.586426 0.000000 0.825812 0.000000 -0.563946 0.628509 0.628509 0.628509
1528.630249 0.000000 2538.767578 0.000000 0.614241 0.000000 -0.789119 0.419979 0.419979 0.419979
1530.116699 0.000000 2534.628662 0.000000 0.917399 0.000000 -0.397969 0.715987 0.715987 0.715987
1523.326782 0.000000 2532.828125 0.000000 0.734754 0.000000 -0.678334 0.616142 0.616142 0.616142
1534.572266 0.000000 2535.830322 0.000000 0.909952 0.000000 -0.414713 0.676389 0.676389 0.676389
1458.789429 0.000000 2553.884277 0.000000 0.753536 0.000000 -0.657406 0.409277 0.409277 0.409277
1513.676880 0.000000 2559.863770 0.000000 0.914881 0.000000 -0.403723 0.405603 0.405603 0.405603
1530.270874 0.000000 2550.130615 0.000000 0.926624 0.000000 -0.375990 0.446571 0.446571 0.446571
1491.935547 0.000000 2551.555420 0.000000 0.758984 0.000000 -0.651109 0.449872 0.449872 0.449872
1506.376221 0.000000 2558.239502 0.000000 0.823786 0.000000 -0.566901 0.464441 0.464441 0.464441
1511.789673 0.000000 2555.734375 0.000000 0.805737 0.000000 -0.592273 0.493637 0.493637 0.493637
1493.272583 0.000000 2550.166504 0.000000 0.639962 0.000000 -0.768406 0.496246 0.496246 0.496246
1511.319580 0.000000 2566.509521 0.000000 0.694424 0.000000 -0.719566 0.657649 0.657649 0.657649
1533.505859 0.000000 2549.873291 0.000000 0.908100 0.000000 -0.418753 0.513997 0.513997 0.513997
1523.413452 0.000000 2561.347412 0.000000 0.693326 0.000000 -0.720624 0.573897 0.573897 0.573897
1532.552124 0.000000 2543.106201 0.000000 0.673895 0.000000 -0.738827 0.735231 0.735231 0.735231
1508.323120 0.000000 2552.297607 0.000000 0.915156 0.000000 -0.403101 0.564221 0.564221 0.564221
1522.121826 0.000000 2558.849854 0.000000 0.946794 0.000000 -0.321841 0.712942 0.712942 0.712942
1503.730103 0.000000 2561.984375 0.000000 0.754083 0.000000 -0.656780 0.730304 0.730304 0.730304
1507.832275 0.000000 2563.516357 0.000000 0.867822 0.000000 -0.496875 0.706303 0.706303 0.706303
1321.129028 0.000000 2619.146973 0.000000 0.783119 0.000000 -0.621871 0.409349 0.409349 0.409349
1296.905273 0.000000 2652.180664 0.000000 0.743558 0.000000 -0.668671 0.439986 0.439986 0.439986
1309.510254 0.000000 2612.344238 0.000000 0.948801 0.000000 -0.315876 0.712946 0.712946 0.712946
1290.112915 0.000000 2635.437988 0.000000 0.599403 0.000000 -0.800447 0.704166 0.704166 0.704166
1282.176270 0.000000 2636.214600 0.000000 0.950827 0.000000 -0.309724 0.692729 0.692729 0.692729
1286.988892 0.000000 2639.741455 0.000000 0.823654 0.000000 -0.567092 0.579170 0.579170 0.579170
1311.370972 0.000000 2653.342529 0.000000 0.588175 0.000000 -0.808734 0.543625 0.543625 0.543625
1307.631348 0.000000 2654.131348 0.000000 0.870964 0.000000 -0.491347 0.687554 0.687554 0.687554
1291.572388 0.000000 2623.860107 0.000000 0.918647 0.000000 -0.395080 0.564004 0.564004 0.564004
1284.465332 0.000000 2637.070801 0.000000 0.673366 0.000000 -0.739309 0.580851 0.580851 0.580851
1281.302734 0.000000 2602.834473 0.000000 0.843017 0.000000 -0.537887 0.633760 0.633760 0.633760
1355.941895 0.000000 2640.085205 0.000000 0.896320 0.000000 -0.443408 0.406102 0.406102 0.406102
1319.319580 0.000000 2679.478271 0.000000 0.822228 0.000000 -0.569159 0.585408 0.585408 0.585408
1297.011353 0.000000 2656.102783 0.000000 0.904111 0.000000 -0.427298 0.548647 0.548647 0.548647
1310.868286 0.000000 2675.507812 0.000000 0.869051 0.000000 -0.494723 0.570852 0.570852 0.570852
1296.913574 0.000000 2658.548584 0.000000 0.903796 0.000000 -0.427963 0.609616 0.609616 0.609616
1298.082397 0.000000 2654.827881 0.000000 0.810547 0.000000 -0.585674 0.598310 0.598310 0.598310
1365.503174 0.000000 2703.084717 0.000000 0.879794 0.000000 -0.475356 0.406555 0.406555 0.406555
1401.677979 0.000000 2669.887207 0.000000 0.809527 0.000000 -0.587083 0.430174 0.430174 0.430174
1373.614136 0.000000 2686.493652 0.000000 0.882139 0.000000 -0.470989 0.456405 0.456405 0.456405
1388.208862 0.000000 2708.852295 0.000000 0.667894 0.000000 -0.744256 0.524655 0.524655 0.524655
1358.365845 0.000000 2697.762939 0.000000 0.710287 0.000000 -0.703912 0.550411 0.550411 0.550411
1386.590820 0.000000 2658.174561 0.000000 0.858190 0.000000 -0.513333 0.720961 0.720961 0.720961
1407.554077 0.000000 2663.093506 0.000000 0.733460 0.000000 -0.679733 0.708326 0.708326 0.708326
1481.807861 0.000000 2639.448486 0.000000 0.854862 0.000000 -0.518855 0.432980 0.432980 0.432980
1507.506348 0.000000 2630.151367 0.000000 0.887556 0.000000 -0.460699 0.508891 0.508891 0.508891
1498.769531 0.000000 2646.954590 0.000000 0.592297 0.000000 -0.805720 0.541410 0.541410 0.541410
1522.362427 0.000000 2632.978760 0.000000 0.803401 0.000000 -0.595438 0.650368 0.650368 0.650368
1496.350952 0.000000 2650.411621 0.000000 0.792235 0.000000 -0.610216 0.655101 0.655101 0.655101
1514.544434 0.000000 2635.134277 0.000000 0.754401 0.000000 -0.656413 0.565478 0.565478 0.565478
1499.430908 0.000000 2638.916016 0.000000 0.713237 0.000000 -0.700923 0.546158 0.546158 0.546158
1512.188599 0.000000 2635.624268 0.000000 0.682064 0.000000 -0.731293 0.582643 0.582643 0.582643
1497.886475 0.000000 2640.353760 0.000000 0.882820 0.000000 -0.469712 0.720166 0.720166 0.720166
1495.599365 0.000000 2645.167969 0.000000 0.773770 0.000000 -0.633467 0.660207 0.660207 0.660207
1483.251221 0.000000 2643.212158 0.000000 0.732725 0.000000 -0.680525 0.645466 0.645466 0.645466
1423.590576 0.000000 2706.862061 0.000000 0.890255 0.000000 -0.455462 0.421756 0.421756 0.421756
1450.442139 0.000000 2682.816406 0.000000 0.762304 0.000000 -0.647219 0.460047 0.460047 0.460047
1432.631836 0.000000 2665.378418 0.000000 0.905411 0.000000 -0.424535 0.593241 0.593241 0.593241
1453.243774 0.000000 2663.627686 0.000000 0.804939 0.000000 -0.593358 0.555274 0.555274 0.555274
1416.099243 0.000000 2690.155273 0.000000 0.838305 0.000000 -0.545201 0.664959 0.664959 0.664959
1412.465332 0.000000 2693.555176 0.000000 0.842295 0.000000 -0.539018 0.625566 0.625566 0.625566
1421.781738 0.000000 2675.295898 0.000000 0.643481 0.000000 -0.765462 0.609178 0.609178 0.609178
1721.190552 0.000000 2414.450684 0.000000 0.628914 0.000000 -0.777475 0.419709 0.419709 0.419709
1722.145264 0.000000 2417.487793 0.000000 0.909700 0.000000 -0.415265 0.564552 0.564552 0.564552
1736.954834 0.000000 2396.061768 0.000000 0.680907 0.000000 -0.732370 0.480686 0.480686 0.480686
1733.854248 0.000000 2407.096924 0.000000 0.884502 0.000000 -0.466536 0.529342 0.529342 0.529342
1730.875854 0.000000 2404.930420 0.000000 0.613255 0.000000 -0.789885 0.530351 0.530351 0.530351
1735.754639 0.000000 2402.310059 0.000000 0.861183 0.000000 -0.508294 0.532438 0.532438 0.532438
1731.798340 0.000000 2400.949951 0.000000 0.820125 0.000000 -0.572185 0.540282 0.540282 0.540282
1735.807129 0.000000 2405.545410 0.000000 0.721324 0.000000 -0.692598 0.583322 0.583322 0.583322
1715.609497 0.000000 2464.177246 0.000000 0.927491 0.000000 -0.373846 0.478718 0.478718 0.478718
1725.982178 0.000000 2440.353027 0.000000 0.885421 0.000000 -0.464789 0.539464 0.539464 0.539464
1722.291870 0.000000 2438.173340 0.000000 0.677309 0.000000 -0.735699 0.641549 0.641549 0.641549
1536.039917 0.000000 2538.471436 0.000000 0.710213 0.000000 -0.703987 0.631794 0.631794 0.631794
1550.604980 0.000000 2589.373779 0.000000 0.760973 0.000000 -0.648784 0.409659 0.409659 0.409659
1546.234985 0.000000 2589.242676 0.000000 0.764469 0.000000 -0.644661 0.441533 0.441533 0.441533
1718.816772 0.000000 2486.563232 0.000000 0.836841 0.000000 -0.547446 0.407492 0.407492 0.407492
1720.639160 0.000000 2490.284912 0.000000 0.780884 0.000000 -0.624677 0.409231 0.409231 0.409231
1710.671387 0.000000 2518.849121 0.000000 0.742734 0.000000 -0.669586 0.518279 0.518279 0.518279
1714.362427 0.000000 2520.010010 0.000000 0.790638 0.000000 -0.612284 0.496175 0.496175 0.496175
1711.249023 0.000000 2508.049805 0.000000 0.769011 0.000000 -0.639235 0.618829 0.618829 0.618829
1675.263184 0.000000 2578.359131 0.000000 0.805561 0.000000 -0.592512 0.418047 0.418047 0.418047
1686.911865 0.000000 2582.786377 0.000000 0.950328 0.000000 -0.311251 0.427424 0.427424 0.427424
1678.389893 0.000000 2579.581299 0.000000 0.742175 0.000000 -0.670206 0.444126 0.444126 0.444126
1563.131470 0.000000 2614.402344 0.000000 0.877648 0.000000 -0.479305 0.406564 0.406564 0.406564
1636.276123 0.000000 2631.528076 0.000000 0.843605 0.000000 -0.536964 0.407387 0.407387 0.407387
1633.316040 0.000000 2630.974365 0.000000 0.703211 0.000000 -0.710982 0.571469 0.571469 0.571469
1617.432129 0.000000 2653.412109 0.000000 0.597956 0.000000 -0.801529 0.593872 0.593872 0.593872
1579.060303 0.000000 2688.899170 0.000000 0.816255 0.000000 -0.577691 0.419817 0.419817 0.419817
1599.351807 0.000000 2676.459473 0.000000 0.912867 0.000000 -0.408257 0.627291 0.627291 0.627291
1606.935791 0.000000 2658.341553 0.000000 0.932828 0.000000 -0.360323 0.426220 0.426220 0.426220
1611.583984 0.000000 2658.323242 0.000000 0.864237 0.000000 -0.503085 0.503781 0.503781 0.503781
1601.149170 0.000000 2678.914795 0.000000 0.733503 0.000000 -0.679687 0.637070 0.637070 0.637070
1600.016479 0.000000 2677.918945 0.000000 0.595482 0.000000 -0.803368 0.602400 0.602400 0.602400
1674.256470 0.000000 2602.511963 0.000000 0.612663 0.000000 -0.790344 0.465665 0.465665 0.465665
1391.105347 0.000000 2714.811279 0.000000 0.783980 0.000000 -0.620786 0.471759 0.471759 0.471759
1976.742188 0.000000 2797.628174 0.000000 0.890824 0.000000 -0.454348 0.407614 0.407614 0.407614
1956.682007 0.000000 2791.523682 0.000000 0.750529 0.000000 -0.660838 0.419324 0.419324 0.419324
1975.432007 0.000000 2816.818115 0.000000 0.915128 0.000000 -0.403163 0.439005 0.439005 0.439005
1978.250000 0.000000 2801.226318 0.000000 0.610438 0.000000 -0.792064 0.461553 0.461553 0.461553
2033.909058 0.000000 2799.575684 0.000000 0.923760 0.000000 -0.382972 0.446696 0.446696 0.446696
2022.014160 0.000000 2798.562988 0.000000 0.749224 0.000000 -0.662317 0.497441 0.497441 0.497441
2030.269653 0.000000 2803.035889 0.000000 0.903319 0.000000 -0.428969 0.508161 0.508161 0.508161
1962.257812 0.000000 2826.481201 0.000000 0.840542 0.000000 -0.541746 0.433399 0.433399 0.433399
1961.963501 0.000000 2831.748047 0.000000 0.599471 0.000000 -0.800397 0.457624 0.457624 0.457624
1966.601562 0.000000 2831.321289 0.000000 0.892000 0.000000 -0.452035 0.587957 0.587957 0.587957
2188.919922 0.000000 2252.926270 0.000000 0.895848 0.000000 -0.444361 0.437715 0.437715 0.437715
2188.307373 0.000000 2243.651123 0.000000 0.917607 0.000000 -0.397488 0.570144 0.570144 0.570144
2188.499268 0.000000 2242.273438 0.000000 0.682550 0.000000 -0.730839 0.580535 0.580535 0.580535
2168.742188 0.000000 2289.268799 0.000000 0.818697 0.000000 -0.574226 0.415685 0.415685 0.415685
2174.383301 0.000000 2280.541504 0.000000 0.946826 0.000000 -0.321745 0.457634 0.457634 0.457634
2167.338623 0.000000 2291.899170 0.000000 0.773046 0.000000 -0.634350 0.519367 0.519367 0.519367
2171.404541 0.000000 2283.618896 0.000000 0.889444 0.000000 -0.457045 0.612578 0.612578 0.612578
2199.371094 0.000000 2302.388916 0.000000 0.920127 0.000000 -0.391621 0.405324 0.405324 0.405324
2196.984863 0.000000 2296.572998 0.000000 0.693789 0.000000 -0.720178 0.411081 0.411081 0.411081
2216.198975 0.000000 2290.220947 0.000000 0.735332 0.000000 -0.677707 0.427860 0.427860 0.427860
2188.080078 0.000000 2290.663818 0.000000 0.918064 0.000000 -0.396433 0.442912 0.442912 0.442912
2177.598389 0.000000 2262.940674 0.000000 0.949828 0.000000 -0.312772 0.483518 0.483518 0.483518
2208.813721 0.000000 2302.880859 0.000000 0.717445 0.000000 -0.696615 0.510768 0.510768 0.510768
2197.323242 0.000000 2300.596924 0.000000 0.701274 0.000000 -0.712892 0.544464 0.544464 0.544464
2224.335205 0.000000 2275.478271 0.000000 0.700284 0.000000 -0.713864 0.680528 0.680528 0.680528
2224.162842 0.000000 2273.238281 0.000000 0.831131 0.000000 -0.556077 0.541889 0.541889 0.541889
2238.140869 0.000000 2306.243164 0.000000 0.595126 0.000000 -0.803632 0.702219 0.702219 0.702219
2226.833740 0.000000 2324.439697 0.000000 0.746144 0.000000 -0.665785 0.555416 0.555416 0.555416
2219.132568 0.000000 2331.226318 0.000000 0.622872 0.000000 -0.782324 0.735247 0.735247 0.735247
2230.707520 0.000000 2331.143066 0.000000 0.761254 0.000000 -0.648454 0.728236 0.728236 0.728236
2277.294678 0.000000 2360.815430 0.000000 0.631621 0.000000 -0.775278 0.444500 0.444500 0.444500
2266.692139 0.000000 2328.310303 0.000000 0.809829 0.000000 -0.586666 0.501697 0.501697 0.501697
2269.510254 0.000000 2329.922363 0.000000 0.845287 0.000000 -0.534312 0.535161 0.535161 0.535161
2270.394531 0.000000 2390.390137 0.000000 0.811612 0.000000 -0.584197 0.477074 0.477074 0.477074
2271.902832 0.000000 2387.627441 0.000000 0.756899 0.000000 -0.653532 0.519895 0.519895 0.519895
2314.235840 0.000000 2416.028076 0.000000 0.907185 0.000000 -0.420732 0.406028 0.406028 0.406028
2365.658936 0.000000 2464.143799 0.000000 0.709319 0.000000 -0.704888 0.410155 0.410155 0.410155
2316.062012 0.000000 2450.133545 0.000000 0.873583 0.000000 -0.486675 0.460764 0.460764 0.460764
2351.221436 0.000000 2469.530273 0.000000 0.903329 0.000000 -0.428949 0.493995 0.493995 0.493995
2328.446533 0.000000 2472.167236 0.000000 0.937356 0.000000 -0.348373 0.562754 0.562754 0.562754
2388.841797 0.000000 2463.394287 0.000000 0.800515 0.000000 -0.599313 0.493807 0.493807 0.493807
2400.813721 0.000000 2472.333984 0.000000 0.946794 0.000000 -0.321842 0.517825 0.517825 0.517825
2396.834961 0.000000 2493.988281 0.000000 0.793571 0.000000 -0.608477 0.533068 0.533068 0.533068
2402.086426 0.000000 2492.210449 0.000000 0.701161 0.000000 -0.713003 0.581970 0.581970 0.581970
2171.344238 0.000000 2747.886963 0.000000 0.783970 0.000000 -0.620799 0.543717 0.543717 0.543717
2172.104248 0.000000 2821.388184 0.000000 0.677409 0.000000 -0.735606 0.501517 0.501517 0.501517
2172.055420 0.000000 2773.651611 0.000000 0.787755 0.000000 -0.615988 0.500373 0.500373 0.500373
2181.729492 0.000000 2753.278809 0.000000 0.871780 0.000000 -0.489897 0.412225 0.412225 0.412225
2212.682129 0.000000 2735.039307 0.000000 0.826693 0.000000 -0.562653 0.423615 0.423615 0.423615
2187.557373 0.000000 2751.197754 0.000000 0.937928 0.000000 -0.346830 0.436025 0.436025 0.436025
2208.594482 0.000000 2730.888428 0.000000 0.644946 0.000000 -0.764228 0.460803 0.460803 0.460803
2185.880371 0.000000 2744.768555 0.000000 0.639302 0.000000 -0.768956 0.471307 0.471307 0.471307
2219.575684 0.000000 2741.980225 0.000000 0.643206 0.000000 -0.765693 0.485763 0.485763 0.485763
2183.807129 0.000000 2744.451660 0.000000 0.718601 0.000000 -0.695422 0.598016 0.598016 0.598016
2186.277832 0.000000 2747.301758 0.000000 0.939700 0.000000 -0.342000 0.713969 0.713969 0.713969
2210.564209 0.000000 2737.229980 0.000000 0.925984 0.000000 -0.377562 0.715020 0.715020 0.715020
2242.822754 0.000000 2745.218018 0.000000 0.789685 0.000000 -0.613512 0.409069 0.409069 0.409069
2246.164062 0.000000 2739.819824 0.000000 0.809711 0.000000 -0.586829 0.487364 0.487364 0.487364
2246.966064 0.000000 2759.119873 0.000000 0.902726 0.000000 -0.430216 0.717798 0.717798 0.717798
2249.122314 0.000000 2758.311523 0.000000 0.942452 0.000000 -0.334343 0.712928 0.712928 0.712928
2249.391357 0.000000 2745.813477 0.000000 0.623683 0.000000 -0.781677 0.735128 0.735128 0.735128
2248.099121 0.000000 2746.639648 0.000000 0.835266 0.000000 -0.549845 0.710653 0.710653 0.710653
2249.744141 0.000000 2763.400879 0.000000 0.867335 0.000000 -0.497725 0.656974 0.656974 0.656974
2203.698975 0.000000 2814.233643 0.000000 0.942282 0.000000 -0.334821 0.407784 0.407784 0.407784
2238.582031 0.000000 2782.601562 0.000000 0.723169 0.000000 -0.690671 0.410545 0.410545 0.410545
2191.854980 0.000000 2774.264160 0.000000 0.895187 0.000000 -0.445691 0.453898 0.453898 0.453898
2192.584229 0.000000 2806.090576 0.000000 0.624103 0.000000 -0.781342 0.457105 0.457105 0.457105
2183.583496 0.000000 2819.987793 0.000000 0.790296 0.000000 -0.612725 0.698902 0.698902 0.698902
2222.404297 0.000000 2779.977051 0.000000 0.934595 0.000000 -0.355713 0.715380 0.715380 0.715380
2223.897461 0.000000 2779.419922 0.000000 0.825969 0.000000 -0.563715 0.725327 0.725327 0.725327
2191.058105 0.000000 2773.460693 0.000000 0.786923 0.000000 -0.617052 0.636682 0.636682 0.636682
2252.526855 0.000000 2790.780273 0.000000 0.754368 0.000000 -0.656452 0.409726 0.409726 0.409726
2271.632568 0.000000 2778.403076 0.000000 0.932834 0.000000 -0.360306 0.440269 0.440269 0.440269
2263.674072 0.000000 2773.690430 0.000000 0.795072 0.000000 -0.606514 0.481679 0.481679 0.481679
2263.035400 0.000000 2778.171387 0.000000 0.674503 0.000000 -0.738272 0.505749 0.505749 0.505749
2253.299561 0.000000 2779.200928 0.000000 0.637992 0.000000 -0.770043 0.496295 0.496295 0.496295
2254.755859 0.000000 2777.182373 0.000000 0.742877 0.000000 -0.669428 0.570052 0.570052 0.570052
2259.389160 0.000000 2780.317139 0.000000 0.634673 0.000000 -0.772781 0.715351 0.715351 0.715351
2269.493652 0.000000 2775.092285 0.000000 0.621997 0.000000 -0.783020 0.639509 0.639509 0.639509
2258.752197 0.000000 2781.798828 0.000000 0.942836 0.000000 -0.333257 0.695650 0.695650 0.695650
2170.353271 0.000000 2825.349121 0.000000 0.633312 0.000000 -0.773897 0.567494 0.567494 0.567494
2143.169922 0.000000 2837.456299 0.000000 0.793836 0.000000 -0.608132 0.725304 0.725304 0.725304
2170.012207 0.000000 2834.548584 0.000000 0.946099 0.000000 -0.323879 0.576201 0.576201 0.576201
2170.291748 0.000000 2833.563965 0.000000 0.949456 0.000000 -0.313899 0.638375 0.638375 0.638375
2169.307861 0.000000 2832.865234 0.000000 0.945075 0.000000 -0.326854 0.636782 0.636782 0.636782
2178.356934 0.000000 2829.116943 0.000000 0.906012 0.000000 -0.423251 0.405914 0.405914 0.405914
2210.937256 0.000000 2826.003418 0.000000 0.671001 0.000000 -0.741456 0.460217 0.460217 0.460217
2213.606445 0.000000 2827.138184 0.000000 0.895443 0.000000 -0.445177 0.593861 0.593861 0.593861
2613.861084 0.000000 2928.769531 0.000000 0.752366 0.000000 -0.658745 0.409731 0.409731 0.409731
2646.077637 0.000000 2897.877686 0.000000 0.908216 0.000000 -0.418502 0.405929 0.405929 0.405929
2659.061035 0.000000 2936.020020 0.000000 0.647932 0.000000 -0.761698 0.527303 0.527303 0.527303
2653.958740 0.000000 2947.387939 0.000000 0.792874 0.000000 -0.609385 0.409030 0.409030 0.409030
2667.072021 0.000000 2947.766113 0.000000 0.635500 0.000000 -0.772101 0.458936 0.458936 0.458936
2666.439941 0.000000 2949.411377 0.000000 0.922286 0.000000 -0.386507 0.474944 0.474944 0.474944
4277.385254 0.000000 2628.888428 0.000000 0.604612 0.000000 -0.796520 0.470004 0.470004 0.470004
4256.789062 0.000000 2707.885742 0.000000 0.762211 0.000000 -0.647329 0.644107 0.644107 0.644107
4252.341797 0.000000 2704.429688 0.000000 0.675819 0.000000 -0.737068 0.639506 0.639506 0.639506
4566.628418 0.000000 2571.823975 0.000000 0.769250 0.000000 -0.638948 0.409344 0.409344 0.409344
4563.236816 0.000000 2553.119873 0.000000 0.848062 0.000000 -0.529896 0.427091 0.427091 0.427091
4579.093262 0.000000 2564.173096 0.000000 0.726952 0.000000 -0.686688 0.434207 0.434207 0.434207
4589.641602 0.000000 2558.153809 0.000000 0.805330 0.000000 -0.592827 0.475223 0.475223 0.475223
4576.240234 0.000000 2555.766846 0.000000 0.651244 0.000000 -0.758868 0.483490 0.483490 0.483490
4567.035156 0.000000 2552.233887 0.000000 0.790706 0.000000 -0.612196 0.526998 0.526998 0.526998
4569.036621 0.000000 2566.731689 0.000000 0.631204 0.000000 -0.775616 0.540317 0.540317 0.540317
4575.786621 0.000000 2575.518311 0.000000 0.761057 0.000000 -0.648686 0.579732 0.579732 0.579732
4566.048340 0.000000 2564.909912 0.000000 0.667125 0.000000 -0.744946 0.724406 0.724406 0.724406
4588.345703 0.000000 2552.513428 0.000000 0.720100 0.000000 -0.693870 0.732297 0.732297 0.732297
4589.442383 0.000000 2553.559814 0.000000 0.691007 0.000000 -0.722848 0.734027 0.734027 0.734027
4573.995605 0.000000 2566.363037 0.000000 0.640223 0.000000 -0.768189 0.736053 0.736053 0.736053
4578.136719 0.000000 2569.920654 0.000000 0.944919 0.000000 -0.327305 0.610561 0.610561 0.610561
4565.918945 0.000000 2562.701904 0.000000 0.831770 0.000000 -0.555120 0.726226 0.726226 0.726226
4573.463379 0.000000 2567.872803 0.000000 0.918867 0.000000 -0.394567 0.716693 0.716693 0.716693
4587.277832 0.000000 2554.809570 0.000000 0.839281 0.000000 -0.543698 0.642211 0.642211 0.642211
4587.242188 0.000000 2558.853271 0.000000 0.644622 0.000000 -0.764502 0.733003 0.733003 0.733003
4564.417969 0.000000 2571.892090 0.000000 0.646159 0.000000 -0.763203 0.706312 0.706312 0.706312
4579.282715 0.000000 2546.333252 0.000000 0.818339 0.000000 -0.574736 0.725199 0.725199 0.725199
4584.319824 0.000000 2563.344971 0.000000 0.621885 0.000000 -0.783109 0.614162 0.614162 0.614162
4555.374512 0.000000 2573.827637 0.000000 0.881451 0.000000 -0.472276 0.649892 0.649892 0.649892
4501.235840 0.000000 2618.142334 0.000000 0.756899 0.000000 -0.653532 0.409815 0.409815 0.409815
4489.912598 0.000000 2627.383301 0.000000 0.823454 0.000000 -0.567384 0.495091 0.495091 0.495091
4502.048340 0.000000 2621.394287 0.000000 0.602898 0.000000 -0.797818 0.536921 0.536921 0.536921
4505.505859 0.000000 2708.537354 0.000000 0.626154 0.000000 -0.779699 0.411653 0.411653 0.411653
4522.351562 0.000000 2703.854004 0.000000 0.835483 0.000000 -0.549517 0.515104 0.515104 0.515104
4566.025391 0.000000 2697.059570 0.000000 0.870134 0.000000 -0.492816 0.466973 0.466973 0.466973
4563.524902 0.000000 2691.699463 0.000000 0.637451 0.000000 -0.770491 0.519243 0.519243 0.519243
4558.943359 0.000000 2695.360107 0.000000 0.604181 0.000000 -0.796847 0.549476 0.549476 0.549476
4568.507324 0.000000 2702.290771 0.000000 0.767652 0.000000 -0.640867 0.679290 0.679290 0.679290
4561.980469 0.000000 2694.021240 0.000000 0.919877 0.000000 -0.392207 0.567974 0.567974 0.567974
4569.549805 0.000000 2709.652588 0.000000 0.842542 0.000000 -0.538631 0.721869 0.721869 0.721869
4569.314941 0.000000 2707.495361 0.000000 0.871912 0.000000 -0.489662 0.654624 0.654624 0.654624
4660.147949 0.000000 2596.958984 0.000000 0.651694 0.000000 -0.758482 0.610986 0.610986 0.610986
4639.371094 0.000000 2596.858154 0.000000 0.657496 0.000000 -0.753458 0.543729 0.543729 0.543729
4637.200684 0.000000 2590.742676 0.000000 0.917410 0.000000 -0.397943 0.637112 0.637112 0.637112
4652.051758 0.000000 2630.375488 0.000000 0.682218 0.000000 -0.731149 0.411423 0.411423 0.411423
4648.389160 0.000000 2651.911621 0.000000 0.893670 0.000000 -0.448725 0.419626 0.419626 0.419626
4655.250488 0.000000 2627.262207 0.000000 0.656429 0.000000 -0.754388 0.439848 0.439848 0.439848
4669.810547 0.000000 2631.934814 0.000000 0.864396 0.000000 -0.502811 0.469208 0.469208 0.469208
4648.728027 0.000000 2641.094971 0.000000 0.916770 0.000000 -0.399416 0.501433 0.501433 0.501433
4623.028809 0.000000 2611.387207 0.000000 0.617015 0.000000 -0.786951 0.582719 0.582719 0.582719
4667.539551 0.000000 2650.815918 0.000000 0.935422 0.000000 -0.353533 0.713735 0.713735 0.713735
4665.653809 0.000000 2651.121826 0.000000 0.726783 0.000000 -0.686867 0.706575 0.706575 0.706575
4698.769531 0.000000 2646.954590 0.000000 0.936042 0.000000 -0.351889 0.613334 0.613334 0.613334
4686.689941 0.000000 2634.625488 0.000000 0.944345 0.000000 -0.328957 0.548152 0.548152 0.548152
4698.372559 0.000000 2651.137939 0.000000 0.934871 0.000000 -0.354988 0.714428 0.714428 0.714428
4689.052246 0.000000 2641.085693 0.000000 0.804206 0.000000 -0.594351 0.654472 0.654472 0.654472
4699.313477 0.000000 2645.914795 0.000000 0.798605 0.000000 -0.601856 0.574078 0.574078 0.574078
4696.413086 0.000000 2651.699463 0.000000 0.729469 0.000000 -0.684014 0.730606 0.730606 0.730606
4695.105469 0.000000 2642.464600 0.000000 0.729798 0.000000 -0.683663 0.733480 0.733480 0.733480
4698.614258 0.000000 2641.924805 0.000000 0.819716 0.000000 -0.572770 0.688842 0.688842 0.688842
4694.794922 0.000000 2652.160645 0.000000 0.699319 0.000000 -0.714810 0.707980 0.707980 0.707980
4693.386719 0.000000 2654.106934 0.000000 0.908736 0.000000 -0.417372 0.719187 0.719187 0.719187
4700.115234 0.000000 2652.109375 0.000000 0.938040 0.000000 -0.346528 0.702246 0.702246 0.702246
4662.998047 0.000000 2672.067871 0.000000 0.910046 0.000000 -0.414508 0.485602 0.485602 0.485602
4651.575684 0.000000 2685.495850 0.000000 0.902174 0.000000 -0.431373 0.518342 0.518342 0.518342
4663.433594 0.000000 2675.968750 0.000000 0.724531 0.000000 -0.689242 0.606129 0.606129 0.606129
4615.767090 0.000000 2680.768311 0.000000 0.770208 0.000000 -0.637792 0.581441 0.581441 0.581441
4656.198730 0.000000 2678.437500 0.000000 0.902730 0.000000 -0.430207 0.718070 0.718070 0.718070
4666.572266 0.000000 2654.801514 0.000000 0.946329 0.000000 -0.323204 0.612453 0.612453 0.612453
4686.222168 0.000000 2677.916504 0.000000 0.816605 0.000000 -0.577197 0.476917 0.476917 0.476917
4685.021484 0.000000 2687.394531 0.000000 0.833924 0.000000 -0.551879 0.460049 0.460049 0.460049
4692.179199 0.000000 2656.042725 0.000000 0.745640 0.000000 -0.666349 0.728931 0.728931 0.728931
4677.575684 0.000000 2676.114258 0.000000 0.892541 0.000000 -0.450966 0.669579 0.669579 0.669579
4695.342773 0.000000 2679.506104 0.000000 0.946327 0.000000 -0.323211 0.624555 0.624555 0.624555
4694.342773 0.000000 2654.911133 0.000000 0.601877 0.000000 -0.798589 0.735319 0.735319 0.735319
4690.082520 0.000000 2654.827881 0.000000 0.872619 0.000000 -0.488402 0.638172 0.638172 0.638172
4697.039551 0.000000 2663.393066 0.000000 0.933983 0.000000 -0.357319 0.714751 0.714751 0.714751
4701.897949 0.000000 2655.791016 0.000000 0.594678 0.000000 -0.803964 0.735417 0.735417 0.735417
4680.681152 0.000000 2676.152344 0.000000 0.782304 0.000000 -0.622897 0.688931 0.688931 0.688931
5035.627441 0.000000 2592.980469 0.000000 0.723120 0.000000 -0.690723 0.568689 0.568689 0.568689
5032.232910 0.000000 2592.865234 0.000000 0.825821 0.000000 -0.563932 0.647090 0.647090 0.647090
5107.318359 0.000000 2575.438232 0.000000 0.948706 0.000000 -0.316160 0.437509 0.437509 0.437509
4976.161133 0.000000 2637.630371 0.000000 0.665994 0.000000 -0.745957 0.610462 0.610462 0.610462
5017.304688 0.000000 2599.274902 0.000000 0.626095 0.000000 -0.779747 0.438394 0.438394 0.438394
5025.519531 0.000000 2606.142334 0.000000 0.890218 0.000000 -0.455535 0.454085 0.454085 0.454085
4995.050781 0.000000 2601.675537 0.000000 0.854916 0.000000 -0.518766 0.473607 0.473607 0.473607
5019.133789 0.000000 2601.811523 0.000000 0.798040 0.000000 -0.602605 0.481588 0.481588 0.481588
4997.529297 0.000000 2601.771240 0.000000 0.891648 0.000000 -0.452730 0.539154 0.539154 0.539154
4996.601562 0.000000 2599.604736 0.000000 0.710663 0.000000 -0.703533 0.587885 0.587885 0.587885
4997.937500 0.000000 2598.781250 0.000000 0.884359 0.000000 -0.466808 0.580243 0.580243 0.580243
5064.070801 0.000000 2602.073975 0.000000 0.710638 0.000000 -0.703557 0.562881 0.562881 0.562881
5971.007324 0.000000 2164.484619 0.000000 0.919495 0.000000 -0.393102 0.405285 0.405285 0.405285
5968.790527 0.000000 2154.561523 0.000000 0.927107 0.000000 -0.374796 0.454592 0.454592 0.454592
5969.185059 0.000000 2160.912354 0.000000 0.848070 0.000000 -0.529885 0.718051 0.718051 0.718051
6012.832520 0.000000 2235.212402 0.000000 0.809488 0.000000 -0.587136 0.408460 0.408460 0.408460
6005.492676 0.000000 2258.419922 0.000000 0.782749 0.000000 -0.622337 0.597485 0.597485 0.597485
6016.514160 0.000000 2218.971436 0.000000 0.744399 0.000000 -0.667735 0.409602 0.409602 0.409602
6018.627930 0.000000 2231.597900 0.000000 0.624989 0.000000 -0.780634 0.425989 0.425989 0.425989
6031.354980 0.000000 2249.112793 0.000000 0.638653 0.000000 -0.769495 0.477556 0.477556 0.477556
6055.517090 0.000000 2237.578857 0.000000 0.914449 0.000000 -0.404701 0.663793 0.663793 0.663793
6143.586426 0.000000 2256.325195 0.000000 0.894269 0.000000 -0.447529 0.406024 0.406024 0.406024
6093.139648 0.000000 2246.435303 0.000000 0.822722 0.000000 -0.568443 0.435933 0.435933 0.435933
6131.318359 0.000000 2236.531982 0.000000 0.674236 0.000000 -0.738516 0.439475 0.439475 0.439475
6088.076660 0.000000 2246.944092 0.000000 0.944737 0.000000 -0.327828 0.441713 0.441713 0.441713
6133.449707 0.000000 2252.782227 0.000000 0.696661 0.000000 -0.717401 0.443115 0.443115 0.443115
6138.406250 0.000000 2241.970947 0.000000 0.860912 0.000000 -0.508754 0.520214 0.520214 0.520214
6127.887207 0.000000 2252.680420 0.000000 0.824269 0.000000 -0.566199 0.724824 0.724824 0.724824
6126.873535 0.000000 2251.991943 0.000000 0.883180 0.000000 -0.469033 0.719495 0.719495 0.719495
6089.122070 0.000000 2249.952148 0.000000 0.886095 0.000000 -0.463505 0.655717 0.655717 0.655717
5794.937012 0.000000 2374.128418 0.000000 0.863986 0.000000 -0.503515 0.450952 0.450952 0.450952
5794.757812 0.000000 2377.805664 0.000000 0.912591 0.000000 -0.408874 0.533997 0.533997 0.533997
5931.277832 0.000000 2272.387695 0.000000 0.943098 0.000000 -0.332516 0.568379 0.568379 0.568379
6012.832520 0.000000 2291.696777 0.000000 0.845714 0.000000 -0.533636 0.407589 0.407589 0.407589
5988.916016 0.000000 2287.437500 0.000000 0.929969 0.000000 -0.367638 0.418312 0.418312 0.418312
5977.909180 0.000000 2276.461182 0.000000 0.907536 0.000000 -0.419975 0.493801 0.493801 0.493801
5979.790527 0.000000 2278.128418 0.000000 0.626791 0.000000 -0.779188 0.529980 0.529980 0.529980
6059.659668 0.000000 2295.554688 0.000000 0.927246 0.000000 -0.374453 0.406379 0.406379 0.406379
6035.253418 0.000000 2306.961670 0.000000 0.622451 0.000000 -0.782659 0.421898 0.421898 0.421898
6023.546875 0.000000 2290.679932 0.000000 0.876458 0.000000 -0.481479 0.462688 0.462688 0.462688
6049.478516 0.000000 2289.396484 0.000000 0.631231 0.000000 -0.775595 0.490215 0.490215 0.490215
6055.189453 0.000000 2297.333740 0.000000 0.912332 0.000000 -0.409451 0.627330 0.627330 0.627330
6054.235352 0.000000 2296.859619 0.000000 0.610008 0.000000 -0.792395 0.642080 0.642080 0.642080
6086.997070 0.000000 2299.631836 0.000000 0.804842 0.000000 -0.593490 0.428256 0.428256 0.428256
6136.710938 0.000000 2283.206543 0.000000 0.646443 0.000000 -0.762962 0.452478 0.452478 0.452478
6094.755859 0.000000 2268.822998 0.000000 0.619403 0.000000 -0.785073 0.505101 0.505101 0.505101
6094.511719 0.000000 2270.009521 0.000000 0.855157 0.000000 -0.518370 0.715477 0.715477 0.715477
4350.390625 0.000000 2767.010498 0.000000 0.736542 0.000000 -0.676392 0.415527 0.415527 0.415527
4359.959473 0.000000 2760.508789 0.000000 0.671548 0.000000 -0.740961 0.572545 0.572545 0.572545
4480.042480 0.000000 2711.257324 0.000000 0.899874 0.000000 -0.436150 0.406084 0.406084 0.406084
4522.375488 0.000000 2742.793213 0.000000 0.838389 0.000000 -0.545072 0.455837 0.455837 0.455837
4531.649902 0.000000 2763.871582 0.000000 0.840131 0.000000 -0.542384 0.656596 0.656596 0.656596
4542.841797 0.000000 2765.782227 0.000000 0.612664 0.000000 -0.790343 0.724909 0.724909 0.724909
4531.368652 0.000000 2762.735840 0.000000 0.918276 0.000000 -0.395940 0.651273 0.651273 0.651273
4534.227051 0.000000 2765.418213 0.000000 0.806543 0.000000 -0.591176 0.664715 0.664715 0.664715
4577.491699 0.000000 2717.145264 0.000000 0.743609 0.000000 -0.668615 0.410019 0.410019 0.410019
4552.173828 0.000000 2733.516357 0.000000 0.593839 0.000000 -0.804584 0.412885 0.412885 0.412885
4577.049316 0.000000 2712.500244 0.000000 0.675732 0.000000 -0.737147 0.416757 0.416757 0.416757
4589.836426 0.000000 2763.882812 0.000000 0.844143 0.000000 -0.536118 0.427202 0.427202 0.427202
4563.236816 0.000000 2722.572998 0.000000 0.834202 0.000000 -0.551459 0.419350 0.419350 0.419350
4596.072754 0.000000 2759.753174 0.000000 0.879641 0.000000 -0.475639 0.452444 0.452444 0.452444
4557.340332 0.000000 2751.476807 0.000000 0.865458 0.000000 -0.500981 0.450903 0.450903 0.450903
4555.316406 0.000000 2712.166992 0.000000 0.799912 0.000000 -0.600117 0.467200 0.467200 0.467200
4606.383301 0.000000 2732.416504 0.000000 0.906691 0.000000 -0.421795 0.469595 0.469595 0.469595
4547.051758 0.000000 2761.102539 0.000000 0.826049 0.000000 -0.563598 0.462331 0.462331 0.462331
4585.922852 0.000000 2736.401855 0.000000 0.640661 0.000000 -0.767824 0.736871 0.736871 0.736871
4571.236816 0.000000 2728.736816 0.000000 0.890798 0.000000 -0.454400 0.559527 0.559527 0.559527
4558.755859 0.000000 2720.697998 0.000000 0.810800 0.000000 -0.585323 0.528325 0.528325 0.528325
4559.028809 0.000000 2724.355957 0.000000 0.941346 0.000000 -0.337442 0.714346 0.714346 0.714346
4571.430664 0.000000 2751.884766 0.000000 0.724981 0.000000 -0.688769 0.587352 0.587352 0.587352
4548.993652 0.000000 2735.433105 0.000000 0.892174 0.000000 -0.451691 0.606288 0.606288 0.606288
4547.574219 0.000000 2764.673584 0.000000 0.929762 0.000000 -0.368161 0.697001 0.697001 0.697001
4595.083008 0.000000 2743.664307 0.000000 0.602566 0.000000 -0.798069 0.739404 0.739404 0.739404
4594.304199 0.000000 2737.637695 0.000000 0.911822 0.000000 -0.410586 0.686430 0.686430 0.686430
4599.424805 0.000000 2735.519043 0.000000 0.822188 0.000000 -0.569216 0.542252 0.542252 0.542252
4579.658203 0.000000 2751.805420 0.000000 0.921080 0.000000 -0.389372 0.616529 0.616529 0.616529
4545.312988 0.000000 2730.735596 0.000000 0.836271 0.000000 -0.548317 0.541677 0.541677 0.541677
4605.613770 0.000000 2737.821045 0.000000 0.937569 0.000000 -0.347798 0.702296 0.702296 0.702296
4578.421875 0.000000 2747.741943 0.000000 0.841332 0.000000 -0.540518 0.633854 0.633854 0.633854
4576.813965 0.000000 2749.104736 0.000000 0.845355 0.000000 -0.534205 0.725114 0.725114 0.725114
4595.089355 0.000000 2740.246826 0.000000 0.714256 0.000000 -0.699885 0.600270 0.600270 0.600270
4607.312988 0.000000 2752.524902 0.000000 0.856453 0.000000 -0.516224 0.579667 0.579667 0.579667
4573.463379 0.000000 2737.325928 0.000000 0.948014 0.000000 -0.318227 0.713838 0.713838 0.713838
4579.792969 0.000000 2712.226562 0.000000 0.808470 0.000000 -0.588537 0.567482 0.567482 0.567482
4558.695801 0.000000 2718.135986 0.000000 0.689474 0.000000 -0.724311 0.735461 0.735461 0.735461
4559.586426 0.000000 2737.119385 0.000000 0.673737 0.000000 -0.738971 0.622772 0.622772 0.622772
4572.237305 0.000000 2715.225342 0.000000 0.940918 0.000000 -0.338635 0.657390 0.657390 0.657390
4595.578125 0.000000 2734.487305 0.000000 0.918024 0.000000 -0.396524 0.718170 0.718170 0.718170
4568.484375 0.000000 2711.261230 0.000000 0.927129 0.000000 -0.374742 0.715439 0.715439 0.715439
4585.761719 0.000000 2750.239258 0.000000 0.752471 0.000000 -0.658625 0.727329 0.727329 0.727329
4599.038086 0.000000 2759.250000 0.000000 0.628692 0.000000 -0.777655 0.696484 0.696484 0.696484
4548.465332 0.000000 2750.039551 0.000000 0.937390 0.000000 -0.348281 0.597060 0.597060 0.597060
4592.198730 0.000000 2734.921875 0.000000 0.724460 0.000000 -0.689316 0.601960 0.601960 0.601960
4596.629395 0.000000 2753.450195 0.000000 0.769192 0.000000 -0.639018 0.660437 0.660437 0.660437
4568.446289 0.000000 2754.589111 0.000000 0.816628 0.000000 -0.577164 0.724891 0.724891 0.724891
4572.225586 0.000000 2738.879883 0.000000 0.739599 0.000000 -0.673048 0.632626 0.632626 0.632626
4581.960449 0.000000 2751.118652 0.000000 0.703650 0.000000 -0.710547 0.577709 0.577709 0.577709
4559.758301 0.000000 2719.935059 0.000000 0.937333 0.000000 -0.348435 0.715580 0.715580 0.715580
4556.654785 0.000000 2714.954346 0.000000 0.766762 0.000000 -0.641932 0.728382 0.728382 0.728382
4579.812500 0.000000 2746.674072 0.000000 0.940262 0.000000 -0.340452 0.627123 0.627123 0.627123
4583.189453 0.000000 2749.208740 0.000000 0.647303 0.000000 -0.762233 0.732945 0.732945 0.732945
4601.357910 0.000000 2755.709473 0.000000 0.749397 0.000000 -0.662121 0.646793 0.646793 0.646793
4574.140625 0.000000 2746.916260 0.000000 0.730292 0.000000 -0.683135 0.727434 0.727434 0.727434
4559.814453 0.000000 2718.863037 0.000000 0.661336 0.000000 -0.750090 0.737132 0.737132 0.737132
4584.891602 0.000000 2736.685547 0.000000 0.748598 0.000000 -0.663024 0.730528 0.730528 0.730528
4585.507324 0.000000 2730.369873 0.000000 0.895264 0.000000 -0.445537 0.717996 0.717996 0.717996
4544.040039 0.000000 2764.408936 0.000000 0.635584 0.000000 -0.772031 0.677079 0.677079 0.677079
4577.751465 0.000000 2751.226562 0.000000 0.681974 0.000000 -0.731377 0.645563 0.645563 0.645563
4583.420898 0.000000 2742.753662 0.000000 0.816710 0.000000 -0.577048 0.724079 0.724079 0.724079
4570.199707 0.000000 2739.397461 0.000000 0.607083 0.000000 -0.794638 0.640071 0.640071 0.640071
4582.267090 0.000000 2733.061523 0.000000 0.908072 0.000000 -0.418814 0.719258 0.719258 0.719258
4527.029785 0.000000 2781.977783 0.000000 0.937182 0.000000 -0.348841 0.458133 0.458133 0.458133
4526.654785 0.000000 2777.761963 0.000000 0.795894 0.000000 -0.605436 0.690247 0.690247 0.690247
4589.537598 0.000000 2808.124023 0.000000 0.838789 0.000000 -0.544457 0.429384 0.429384 0.429384
4544.523438 0.000000 2769.390381 0.000000 0.884040 0.000000 -0.467412 0.458360 0.458360 0.458360
4596.078125 0.000000 2784.405029 0.000000 0.782731 0.000000 -0.622360 0.453354 0.453354 0.453354
4557.021484 0.000000 2800.363281 0.000000 0.775331 0.000000 -0.631556 0.482270 0.482270 0.482270
4582.014160 0.000000 2798.562988 0.000000 0.827522 0.000000 -0.561433 0.496994 0.496994 0.496994
4584.459473 0.000000 2797.253906 0.000000 0.888243 0.000000 -0.459375 0.720352 0.720352 0.720352
4583.319336 0.000000 2792.447021 0.000000 0.623891 0.000000 -0.781511 0.739742 0.739742 0.739742
4547.455566 0.000000 2786.415527 0.000000 0.894851 0.000000 -0.446366 0.579647 0.579647 0.579647
4575.443848 0.000000 2805.845703 0.000000 0.638180 0.000000 -0.769887 0.736930 0.736930 0.736930
4593.743164 0.000000 2807.380127 0.000000 0.841277 0.000000 -0.540604 0.584512 0.584512 0.584512
4585.821777 0.000000 2782.191406 0.000000 0.711920 0.000000 -0.702261 0.554516 0.554516 0.554516
4572.834961 0.000000 2776.410156 0.000000 0.699296 0.000000 -0.714832 0.730201 0.730201 0.730201
4552.099121 0.000000 2803.124023 0.000000 0.778220 0.000000 -0.627992 0.728181 0.728181 0.728181
4556.067383 0.000000 2767.821533 0.000000 0.786480 0.000000 -0.617616 0.705380 0.705380 0.705380
4572.025391 0.000000 2774.105225 0.000000 0.709070 0.000000 -0.705138 0.734192 0.734192 0.734192
4584.529297 0.000000 2785.604980 0.000000 0.707613 0.000000 -0.706601 0.711780 0.711780 0.711780
4551.241211 0.000000 2802.263916 0.000000 0.806237 0.000000 -0.591593 0.621237 0.621237 0.621237
4554.381348 0.000000 2769.132080 0.000000 0.720806 0.000000 -0.693137 0.620895 0.620895 0.620895
4582.730957 0.000000 2793.327393 0.000000 0.777992 0.000000 -0.628274 0.730095 0.730095 0.730095
4585.507324 0.000000 2786.854248 0.000000 0.726830 0.000000 -0.686817 0.626911 0.626911 0.626911
4553.796387 0.000000 2800.228516 0.000000 0.659526 0.000000 -0.751682 0.661254 0.661254 0.661254
4555.374512 0.000000 2799.765137 0.000000 0.773402 0.000000 -0.633916 0.635253 0.635253 0.635253
4587.449707 0.000000 2796.017822 0.000000 0.857580 0.000000 -0.514351 0.647312 0.647312 0.647312
4524.127930 0.000000 2851.660156 0.000000 0.721903 0.000000 -0.691995 0.410418 0.410418 0.410418
4539.526855 0.000000 2856.985840 0.000000 0.850831 0.000000 -0.525439 0.530841 0.530841 0.530841
4526.525879 0.000000 2851.947021 0.000000 0.904116 0.000000 -0.427287 0.558791 0.558791 0.558791
4560.186523 0.000000 2843.370117 0.000000 0.805583 0.000000 -0.592482 0.408644 0.408644 0.408644
4596.657715 0.000000 2824.254883 0.000000 0.759335 0.000000 -0.650700 0.412991 0.412991 0.412991
4561.469238 0.000000 2841.957275 0.000000 0.785383 0.000000 -0.619011 0.498395 0.498395 0.498395
4557.344238 0.000000 2838.508545 0.000000 0.863052 0.000000 -0.505116 0.569110 0.569110 0.569110
4565.918945 0.000000 2845.123779 0.000000 0.837837 0.000000 -0.545920 0.558003 0.558003 0.558003
4554.865723 0.000000 2839.309570 0.000000 0.714326 0.000000 -0.699813 0.652571 0.652571 0.652571
4596.906250 0.000000 2830.471191 0.000000 0.644027 0.000000 -0.765003 0.594439 0.594439 0.594439
4599.173828 0.000000 2827.266357 0.000000 0.932501 0.000000 -0.361166 0.716402 0.716402 0.716402
4577.365723 0.000000 2890.877930 0.000000 0.600415 0.000000 -0.799689 0.422303 0.422303 0.422303
4565.468262 0.000000 2898.761230 0.000000 0.929687 0.000000 -0.368349 0.715262 0.715262 0.715262
4588.935547 0.000000 2902.555664 0.000000 0.892370 0.000000 -0.451305 0.632801 0.632801 0.632801
4259.200195 0.000000 3062.953125 0.000000 0.895656 0.000000 -0.444748 0.406306 0.406306 0.406306
4260.749023 0.000000 3059.525635 0.000000 0.653988 0.000000 -0.756505 0.446105 0.446105 0.446105
4274.132324 0.000000 3069.577393 0.000000 0.916379 0.000000 -0.400312 0.459094 0.459094 0.459094
4266.439941 0.000000 3062.380127 0.000000 0.801126 0.000000 -0.598495 0.467165 0.467165 0.467165
4277.577148 0.000000 3069.102295 0.000000 0.786335 0.000000 -0.617800 0.727233 0.727233 0.727233
4267.281250 0.000000 3061.770752 0.000000 0.950018 0.000000 -0.312196 0.630254 0.630254 0.630254
4321.632324 0.000000 3103.965576 0.000000 0.909090 0.000000 -0.416600 0.503835 0.503835 0.503835
4323.061035 0.000000 3105.473145 0.000000 0.629544 0.000000 -0.776965 0.567611 0.567611 0.567611
4293.292969 0.000000 3056.173584 0.000000 0.598205 0.000000 -0.801343 0.625571 0.625571 0.625571
4288.649414 0.000000 3065.071289 0.000000 0.738204 0.000000 -0.674577 0.705973 0.705973 0.705973
4240.512207 0.000000 3142.385986 0.000000 0.830774 0.000000 -0.556610 0.595294 0.595294 0.595294
4310.020996 0.000000 3107.960693 0.000000 0.790914 0.000000 -0.611927 0.477706 0.477706 0.477706
4348.926270 0.000000 3110.483643 0.000000 0.694015 0.000000 -0.719960 0.530133 0.530133 0.530133
4308.179199 0.000000 3107.917725 0.000000 0.839726 0.000000 -0.543011 0.498602 0.498602 0.498602
4603.815430 0.000000 2955.907227 0.000000 0.815703 0.000000 -0.578470 0.417795 0.417795 0.417795
4604.871582 0.000000 3022.866699 0.000000 0.641677 0.000000 -0.766975 0.586115 0.586115 0.586115
4605.613770 0.000000 3020.242920 0.000000 0.685352 0.000000 -0.728212 0.561644 0.561644 0.561644
4604.182617 0.000000 3019.681152 0.000000 0.647080 0.000000 -0.762422 0.609049 0.609049 0.609049
4357.431641 0.000000 3117.417236 0.000000 0.777722 0.000000 -0.628609 0.504805 0.504805 0.504805
4593.394043 0.000000 3131.970459 0.000000 0.827377 0.000000 -0.561646 0.408219 0.408219 0.408219
4590.269531 0.000000 3141.942139 0.000000 0.835129 0.000000 -0.550053 0.529438 0.529438 0.529438
4591.705078 0.000000 3137.924561 0.000000 0.767351 0.000000 -0.641227 0.631376 0.631376 0.631376
4610.681152 0.000000 2733.468506 0.000000 0.709791 0.000000 -0.704412 0.457247 0.457247 0.457247
4653.531250 0.000000 2729.643066 0.000000 0.947763 0.000000 -0.318975 0.473617 0.473617 0.473617
4617.923828 0.000000 2728.844482 0.000000 0.692772 0.000000 -0.721157 0.505251 0.505251 0.505251
4652.311035 0.000000 2724.839111 0.000000 0.926467 0.000000 -0.376375 0.506976 0.506976 0.506976
4639.813965 0.000000 2734.288330 0.000000 0.808268 0.000000 -0.588815 0.725086 0.725086 0.725086
4628.708984 0.000000 2754.815430 0.000000 0.791382 0.000000 -0.611321 0.726839 0.726839 0.726839
4631.843750 0.000000 2749.590088 0.000000 0.769965 0.000000 -0.638086 0.693786 0.693786 0.693786
4640.863281 0.000000 2732.074707 0.000000 0.613789 0.000000 -0.789470 0.737688 0.737688 0.737688
4614.988770 0.000000 2752.710205 0.000000 0.818010 0.000000 -0.575204 0.725222 0.725222 0.725222
4669.613770 0.000000 2737.821045 0.000000 0.925307 0.000000 -0.379220 0.569643 0.569643 0.569643
4608.489258 0.000000 2742.672119 0.000000 0.942075 0.000000 -0.335403 0.572486 0.572486 0.572486
4630.176758 0.000000 2748.672852 0.000000 0.949690 0.000000 -0.313193 0.680738 0.680738 0.680738
4612.508301 0.000000 2753.950439 0.000000 0.828191 0.000000 -0.560445 0.725784 0.725784 0.725784
4647.854004 0.000000 2722.298584 0.000000 0.614046 0.000000 -0.789270 0.707780 0.707780 0.707780
4654.890137 0.000000 2747.504883 0.000000 0.856383 0.000000 -0.516342 0.686503 0.686503 0.686503
4615.968750 0.000000 2752.203125 0.000000 0.754366 0.000000 -0.656454 0.729472 0.729472 0.729472
4610.037109 0.000000 2741.476562 0.000000 0.707026 0.000000 -0.707188 0.733975 0.733975 0.733975
4644.187500 0.000000 2724.305664 0.000000 0.683556 0.000000 -0.729898 0.664439 0.664439 0.664439
4626.467285 0.000000 2755.467041 0.000000 0.588005 0.000000 -0.808857 0.632293 0.632293 0.632293
4626.954102 0.000000 2750.165771 0.000000 0.834556 0.000000 -0.550923 0.725288 0.725288 0.725288
4629.995605 0.000000 2751.755859 0.000000 0.663355 0.000000 -0.748305 0.736940 0.736940 0.736940
4635.698730 0.000000 2814.233643 0.000000 0.924684 0.000000 -0.380735 0.405383 0.405383 0.405383
4612.189941 0.000000 2812.897705 0.000000 0.870751 0.000000 -0.491724 0.444645 0.444645 0.444645
4671.462891 0.000000 2768.084229 0.000000 0.942161 0.000000 -0.335160 0.467911 0.467911 0.467911
4629.209473 0.000000 2774.596680 0.000000 0.699367 0.000000 -0.714763 0.469884 0.469884 0.469884
4633.534668 0.000000 2777.296387 0.000000 0.646501 0.000000 -0.762913 0.558700 0.558700 0.558700
4643.804199 0.000000 2811.035889 0.000000 0.752875 0.000000 -0.658163 0.499394 0.499394 0.499394
4658.572266 0.000000 2792.448975 0.000000 0.880023 0.000000 -0.474932 0.509223 0.509223 0.509223
4647.319336 0.000000 2792.447021 0.000000 0.792290 0.000000 -0.610145 0.506387 0.506387 0.506387
4652.222168 0.000000 2801.120117 0.000000 0.663963 0.000000 -0.747765 0.736314 0.736314 0.736314
4652.134277 0.000000 2802.715576 0.000000 0.720766 0.000000 -0.693178 0.618807 0.618807 0.618807
4615.959473 0.000000 2816.993164 0.000000 0.800275 0.000000 -0.599633 0.569884 0.569884 0.569884
4657.121094 0.000000 2819.642578 0.000000 0.789124 0.000000 -0.614234 0.682302 0.682302 0.682302
4655.984863 0.000000 2801.314697 0.000000 0.810360 0.000000 -0.585932 0.625168 0.625168 0.625168
4643.590332 0.000000 2813.622559 0.000000 0.589518 0.000000 -0.807755 0.583591 0.583591 0.583591
4644.268066 0.000000 2790.360352 0.000000 0.679824 0.000000 -0.733376 0.635139 0.635139 0.635139
4633.831543 0.000000 2774.877930 0.000000 0.929223 0.000000 -0.369519 0.553218 0.553218 0.553218
4654.525879 0.000000 2795.462646 0.000000 0.669316 0.000000 -0.742978 0.733956 0.733956 0.733956
4656.795410 0.000000 2777.759277 0.000000 0.640932 0.000000 -0.767598 0.653570 0.653570 0.653570
4626.265625 0.000000 2770.443115 0.000000 0.917212 0.000000 -0.398400 0.637128 0.637128 0.637128
4654.206055 0.000000 2796.682129 0.000000 0.887257 0.000000 -0.461275 0.713027 0.713027 0.713027
4654.654785 0.000000 2777.761963 0.000000 0.876641 0.000000 -0.481145 0.719694 0.719694 0.719694
4705.641602 0.000000 2785.812988 0.000000 0.679756 0.000000 -0.733439 0.411429 0.411429 0.411429
4699.673340 0.000000 2820.507812 0.000000 0.613757 0.000000 -0.789495 0.419988 0.419988 0.419988
4694.619629 0.000000 2801.255615 0.000000 0.848972 0.000000 -0.528437 0.625198 0.625198 0.625198
4682.359863 0.000000 2775.551758 0.000000 0.867720 0.000000 -0.497053 0.628223 0.628223 0.628223
4718.644531 0.000000 2812.730713 0.000000 0.842105 0.000000 -0.539313 0.629693 0.629693 0.629693
4718.588379 0.000000 2811.515625 0.000000 0.690876 0.000000 -0.722974 0.732905 0.732905 0.732905
4714.301758 0.000000 2811.280029 0.000000 0.861899 0.000000 -0.507080 0.647047 0.647047 0.647047
4715.446289 0.000000 2809.345947 0.000000 0.654399 0.000000 -0.756150 0.585687 0.585687 0.585687
4718.890137 0.000000 2803.989258 0.000000 0.900755 0.000000 -0.434328 0.561012 0.561012 0.561012
4696.817383 0.000000 2800.768066 0.000000 0.808182 0.000000 -0.588933 0.627345 0.627345 0.627345
4673.144043 0.000000 2793.188721 0.000000 0.734230 0.000000 -0.678901 0.693582 0.693582 0.693582
4718.767090 0.000000 2807.547119 0.000000 0.930376 0.000000 -0.366606 0.676632 0.676632 0.676632
4859.964844 0.000000 2819.036133 0.000000 0.667709 0.000000 -0.744423 0.481013 0.481013 0.481013
4861.367188 0.000000 2818.870117 0.000000 0.941468 0.000000 -0.337103 0.512140 0.512140 0.512140
4862.281738 0.000000 2820.802002 0.000000 0.844715 0.000000 -0.535216 0.547460 0.547460 0.547460
4861.145996 0.000000 2809.413574 0.000000 0.911088 0.000000 -0.412212 0.621320 0.621320 0.621320
4862.572266 0.000000 2818.252197 0.000000 0.854271 0.000000 -0.519828 0.547038 0.547038 0.547038
4863.312988 0.000000 2809.009277 0.000000 0.745844 0.000000 -0.666121 0.729811 0.729811 0.729811
4861.388184 0.000000 2807.549316 0.000000 0.708234 0.000000 -0.705978 0.726521 0.726521 0.726521
4614.028809 0.000000 2847.148438 0.000000 0.827930 0.000000 -0.560831 0.417483 0.417483 0.417483
4629.609863 0.000000 2856.867676 0.000000 0.763613 0.000000 -0.645674 0.462065 0.462065 0.462065
4623.354980 0.000000 2870.440918 0.000000 0.753030 0.000000 -0.657987 0.497328 0.497328 0.497328
4612.846680 0.000000 2839.125977 0.000000 0.883618 0.000000 -0.468208 0.494858 0.494858 0.494858
4609.657715 0.000000 2824.722412 0.000000 0.936344 0.000000 -0.351085 0.480272 0.480272 0.480272
4640.052246 0.000000 2824.240967 0.000000 0.949813 0.000000 -0.312817 0.606093 0.606093 0.606093
4641.739258 0.000000 2826.742676 0.000000 0.692329 0.000000 -0.721582 0.557245 0.557245 0.557245
4644.154785 0.000000 2831.921143 0.000000 0.619062 0.000000 -0.785342 0.694782 0.694782 0.694782
4615.959473 0.000000 2873.477539 0.000000 0.780665 0.000000 -0.624950 0.558284 0.558284 0.558284
4665.239746 0.000000 2867.548096 0.000000 0.746527 0.000000 -0.665355 0.680378 0.680378 0.680378
4667.484375 0.000000 2865.415039 0.000000 0.801602 0.000000 -0.597858 0.586330 0.586330 0.586330
4632.484375 0.000000 2824.229980 0.000000 0.945406 0.000000 -0.325896 0.658969 0.658969 0.658969
4664.008301 0.000000 2866.468018 0.000000 0.590380 0.000000 -0.807125 0.687488 0.687488 0.687488
4630.342773 0.000000 2824.364258 0.000000 0.813075 0.000000 -0.582158 0.602319 0.602319 0.602319
4634.454102 0.000000 2825.232910 0.000000 0.949621 0.000000 -0.313400 0.684786 0.684786 0.684786
4646.425293 0.000000 2828.030029 0.000000 0.898977 0.000000 -0.437996 0.719411 0.719411 0.719411
4685.642090 0.000000 2845.870361 0.000000 0.769598 0.000000 -0.638528 0.472167 0.472167 0.472167
4684.607910 0.000000 2861.154297 0.000000 0.806222 0.000000 -0.591614 0.528494 0.528494 0.528494
4674.009277 0.000000 2845.267578 0.000000 0.659076 0.000000 -0.752077 0.556218 0.556218 0.556218
4676.788086 0.000000 2846.719482 0.000000 0.866423 0.000000 -0.499311 0.515907 0.515907 0.515907
4703.182129 0.000000 2871.718018 0.000000 0.876832 0.000000 -0.480796 0.701516 0.701516 0.701516
4687.853516 0.000000 2838.956055 0.000000 0.848069 0.000000 -0.529886 0.567784 0.567784 0.567784
4703.890137 0.000000 2870.459961 0.000000 0.714083 0.000000 -0.700061 0.711446 0.711446 0.711446
4694.342773 0.000000 2824.364258 0.000000 0.943444 0.000000 -0.331532 0.616744 0.616744 0.616744
4698.378418 0.000000 2874.892578 0.000000 0.772971 0.000000 -0.634441 0.564777 0.564777 0.564777
4672.361816 0.000000 2845.854736 0.000000 0.780525 0.000000 -0.625124 0.664026 0.664026 0.664026
4701.200684 0.000000 2873.164551 0.000000 0.762646 0.000000 -0.646816 0.642003 0.642003 0.642003
4624.790527 0.000000 2888.858398 0.000000 0.835000 0.000000 -0.550250 0.460015 0.460015 0.460015
4620.040527 0.000000 2899.475586 0.000000 0.727371 0.000000 -0.686245 0.662458 0.662458 0.662458
4755.640625 0.000000 2849.530518 0.000000 0.609025 0.000000 -0.793151 0.412669 0.412669 0.412669
4738.627930 0.000000 2852.926025 0.000000 0.886278 0.000000 -0.463154 0.407753 0.407753 0.407753
4739.385254 0.000000 2862.653320 0.000000 0.843631 0.000000 -0.536923 0.431279 0.431279 0.431279
4747.147461 0.000000 2862.384277 0.000000 0.784010 0.000000 -0.620749 0.479962 0.479962 0.479962
4766.176270 0.000000 2875.376709 0.000000 0.880682 0.000000 -0.473709 0.586566 0.586566 0.586566
4743.204590 0.000000 2853.201416 0.000000 0.792181 0.000000 -0.610286 0.597073 0.597073 0.597073
4765.641113 0.000000 2869.974609 0.000000 0.921353 0.000000 -0.388727 0.565856 0.565856 0.565856
4749.676758 0.000000 2861.212646 0.000000 0.863937 0.000000 -0.503599 0.579289 0.579289 0.579289
4747.583496 0.000000 2850.805176 0.000000 0.792490 0.000000 -0.609885 0.644707 0.644707 0.644707
4849.031738 0.000000 2870.557373 0.000000 0.903397 0.000000 -0.428805 0.409227 0.409227 0.409227
4850.216309 0.000000 2868.763672 0.000000 0.948554 0.000000 -0.316616 0.417509 0.417509 0.417509
4836.560547 0.000000 2838.274414 0.000000 0.938738 0.000000 -0.344633 0.446015 0.446015 0.446015
4854.280273 0.000000 2870.798096 0.000000 0.690941 0.000000 -0.722911 0.478365 0.478365 0.478365
4850.249023 0.000000 2873.898682 0.000000 0.639435 0.000000 -0.768845 0.542171 0.542171 0.542171
4853.111816 0.000000 2873.010498 0.000000 0.885924 0.000000 -0.463831 0.606672 0.606672 0.606672
4778.301758 0.000000 2924.248779 0.000000 0.665324 0.000000 -0.746554 0.587410 0.587410 0.587410
4763.859375 0.000000 2895.848389 0.000000 0.948184 0.000000 -0.317721 0.572007 0.572007 0.572007
4766.405762 0.000000 2918.942871 0.000000 0.764279 0.000000 -0.644886 0.712929 0.712929 0.712929
4882.230469 0.000000 2805.770020 0.000000 0.636461 0.000000 -0.771309 0.411744 0.411744 0.411744
4869.832520 0.000000 2799.600098 0.000000 0.942118 0.000000 -0.335283 0.445851 0.445851 0.445851
4871.386719 0.000000 2812.949951 0.000000 0.863727 0.000000 -0.503961 0.503802 0.503802 0.503802
4869.068848 0.000000 2821.360596 0.000000 0.886859 0.000000 -0.462040 0.721152 0.721152 0.721152
4872.403320 0.000000 2818.481934 0.000000 0.913233 0.000000 -0.407438 0.663892 0.663892 0.663892
4869.709473 0.000000 2820.563965 0.000000 0.792377 0.000000 -0.610032 0.728894 0.728894 0.728894
4936.362793 0.000000 2823.519287 0.000000 0.637296 0.000000 -0.770619 0.734825 0.734825 0.734825
4864.126465 0.000000 2869.901611 0.000000 0.947808 0.000000 -0.318843 0.590157 0.590157 0.590157
4900.740723 0.000000 2849.320801 0.000000 0.886765 0.000000 -0.462221 0.573996 0.573996 0.573996
4865.519531 0.000000 2871.762451 0.000000 0.782238 0.000000 -0.622980 0.560288 0.560288 0.560288
4915.089355 0.000000 2853.215576 0.000000 0.918807 0.000000 -0.394707 0.578170 0.578170 0.578170
4913.310547 0.000000 2853.688477 0.000000 0.755119 0.000000 -0.655588 0.663222 0.663222 0.663222
4951.836426 0.000000 2874.831543 0.000000 0.706469 0.000000 -0.707744 0.410561 0.410561 0.410561
4984.246582 0.000000 2827.075684 0.000000 0.858117 0.000000 -0.513455 0.422745 0.422745 0.422745
4952.332520 0.000000 2859.423096 0.000000 0.759167 0.000000 -0.650896 0.439613 0.439613 0.439613
4940.773926 0.000000 2858.402832 0.000000 0.891680 0.000000 -0.452666 0.447966 0.447966 0.447966
4934.073242 0.000000 2878.006348 0.000000 0.788115 0.000000 -0.615528 0.447071 0.447071 0.447071
4929.626465 0.000000 2879.135986 0.000000 0.737623 0.000000 -0.675213 0.524643 0.524643 0.524643
4937.798340 0.000000 2829.592285 0.000000 0.892853 0.000000 -0.450347 0.718287 0.718287 0.718287
4931.798340 0.000000 2852.824951 0.000000 0.930334 0.000000 -0.366713 0.537001 0.537001 0.537001
4940.215332 0.000000 2835.075195 0.000000 0.895836 0.000000 -0.444384 0.719434 0.719434 0.719434
4940.748535 0.000000 2829.914062 0.000000 0.656425 0.000000 -0.754391 0.648719 0.648719 0.648719
4937.386230 0.000000 2831.489258 0.000000 0.912867 0.000000 -0.408257 0.619160 0.619160 0.619160
4938.814941 0.000000 2833.582031 0.000000 0.654214 0.000000 -0.756310 0.650919 0.650919 0.650919
4945.990723 0.000000 2851.454590 0.000000 0.946763 0.000000 -0.321932 0.714606 0.714606 0.714606
4946.954102 0.000000 2863.134521 0.000000 0.766235 0.000000 -0.642561 0.730610 0.730610 0.730610
4945.626953 0.000000 2869.199463 0.000000 0.879269 0.000000 -0.476325 0.678744 0.678744 0.678744
4942.206543 0.000000 2836.145264 0.000000 0.849154 0.000000 -0.528145 0.724796 0.724796 0.724796
4945.165527 0.000000 2845.402100 0.000000 0.665585 0.000000 -0.746322 0.737545 0.737545 0.737545
4873.795410 0.000000 2880.727539 0.000000 0.760071 0.000000 -0.649840 0.409784 0.409784 0.409784
4927.169434 0.000000 2897.580811 0.000000 0.723669 0.000000 -0.690147 0.465153 0.465153 0.465153
4940.067383 0.000000 2880.790283 0.000000 0.627949 0.000000 -0.778255 0.738342 0.738342 0.738342
4940.654785 0.000000 2884.407471 0.000000 0.699000 0.000000 -0.715122 0.619684 0.619684 0.619684
4629.235840 0.000000 2957.048584 0.000000 0.832208 0.000000 -0.554464 0.408041 0.408041 0.408041
4616.309570 0.000000 2965.980713 0.000000 0.783165 0.000000 -0.621814 0.451295 0.451295 0.451295
4616.404785 0.000000 2957.615479 0.000000 0.821665 0.000000 -0.569971 0.468588 0.468588 0.468588
4637.938965 0.000000 2953.720947 0.000000 0.864586 0.000000 -0.502485 0.475296 0.475296 0.475296
4608.421387 0.000000 2980.710693 0.000000 0.775957 0.000000 -0.630786 0.511035 0.511035 0.511035
4609.354492 0.000000 2978.903564 0.000000 0.851937 0.000000 -0.523644 0.616815 0.616815 0.616815
4609.354492 0.000000 3035.387939 0.000000 0.856560 0.000000 -0.516047 0.569427 0.569427 0.569427
4742.507812 0.000000 2989.278564 0.000000 0.877759 0.000000 -0.479102 0.406761 0.406761 0.406761
4776.388184 0.000000 2987.189209 0.000000 0.893664 0.000000 -0.448737 0.441832 0.441832 0.441832
4770.559570 0.000000 2970.393066 0.000000 0.923221 0.000000 -0.384268 0.484973 0.484973 0.484973
4770.837891 0.000000 2985.278809 0.000000 0.949601 0.000000 -0.313461 0.471506 0.471506 0.471506
4774.535645 0.000000 3023.179932 0.000000 0.921533 0.000000 -0.388299 0.405217 0.405217 0.405217
4774.824707 0.000000 2998.909668 0.000000 0.712617 0.000000 -0.701553 0.410716 0.410716 0.410716
4754.498535 0.000000 2997.489990 0.000000 0.640731 0.000000 -0.767765 0.412107 0.412107 0.412107
4772.952637 0.000000 3034.148682 0.000000 0.875398 0.000000 -0.483403 0.407054 0.407054 0.407054
4762.165527 0.000000 3001.929688 0.000000 0.672103 0.000000 -0.740458 0.425074 0.425074 0.425074
4797.145996 0.000000 3035.351074 0.000000 0.909463 0.000000 -0.415784 0.717011 0.717011 0.717011
4795.452148 0.000000 3033.561279 0.000000 0.610370 0.000000 -0.792116 0.740743 0.740743 0.740743
4797.388184 0.000000 3033.486816 0.000000 0.722477 0.000000 -0.691395 0.729885 0.729885 0.729885
4786.986816 0.000000 3038.864502 0.000000 0.847395 0.000000 -0.530963 0.633514 0.633514 0.633514
4808.667480 0.000000 2998.451172 0.000000 0.741607 0.000000 -0.670834 0.409913 0.409913 0.409913
4627.362793 0.000000 3078.144043 0.000000 0.629971 0.000000 -0.776618 0.412300 0.412300 0.412300
4650.219238 0.000000 3096.370850 0.000000 0.939475 0.000000 -0.342617 0.415913 0.415913 0.415913
4658.394043 0.000000 3102.278076 0.000000 0.856902 0.000000 -0.515479 0.422780 0.422780 0.422780
4668.027344 0.000000 3095.038574 0.000000 0.756325 0.000000 -0.654196 0.468422 0.468422 0.468422
4655.221680 0.000000 3090.858398 0.000000 0.617990 0.000000 -0.786186 0.576377 0.576377 0.576377
4638.684082 0.000000 3092.416748 0.000000 0.762591 0.000000 -0.646881 0.725599 0.725599 0.725599
4660.601074 0.000000 3101.093750 0.000000 0.823135 0.000000 -0.567846 0.558638 0.558638 0.558638
4651.584473 0.000000 3089.231201 0.000000 0.943646 0.000000 -0.330956 0.703662 0.703662 0.703662
4668.439453 0.000000 3099.209229 0.000000 0.879432 0.000000 -0.476025 0.674628 0.674628 0.674628
4643.658203 0.000000 3090.711670 0.000000 0.674035 0.000000 -0.738699 0.715582 0.715582 0.715582
4639.082031 0.000000 3086.303955 0.000000 0.829840 0.000000 -0.558001 0.599455 0.599455 0.599455
4641.799316 0.000000 3089.042236 0.000000 0.745081 0.000000 -0.666974 0.730241 0.730241 0.730241
4666.145020 0.000000 3095.300293 0.000000 0.600736 0.000000 -0.799447 0.589562 0.589562 0.589562
4663.916992 0.000000 3100.322754 0.000000 0.679578 0.000000 -0.733603 0.639353 0.639353 0.639353
4629.500000 0.000000 3080.340088 0.000000 0.891570 0.000000 -0.452884 0.618565 0.618565 0.618565
4652.436035 0.000000 3091.312012 0.000000 0.796809 0.000000 -0.604231 0.726645 0.726645 0.726645
4629.654297 0.000000 3084.069092 0.000000 0.682981 0.000000 -0.730436 0.734134 0.734134 0.734134
4641.256836 0.000000 3087.003174 0.000000 0.814335 0.000000 -0.580396 0.598134 0.598134 0.598134
4638.405762 0.000000 3088.395996 0.000000 0.941436 0.000000 -0.337193 0.714455 0.714455 0.714455
4662.121094 0.000000 3099.197021 0.000000 0.772449 0.000000 -0.635077 0.645698 0.645698 0.645698
4691.443848 0.000000 3100.075928 0.000000 0.609076 0.000000 -0.793112 0.412805 0.412805 0.412805
4715.601562 0.000000 3103.056396 0.000000 0.827104 0.000000 -0.562048 0.408255 0.408255 0.408255
4697.618652 0.000000 3101.833496 0.000000 0.843318 0.000000 -0.537414 0.423165 0.423165 0.423165
4694.383789 0.000000 3097.167969 0.000000 0.605021 0.000000 -0.796209 0.522196 0.522196 0.522196
4719.887207 0.000000 3099.946045 0.000000 0.763904 0.000000 -0.645330 0.556846 0.556846 0.556846
4617.744141 0.000000 3158.791504 0.000000 0.891517 0.000000 -0.452986 0.600213 0.600213 0.600213
4680.908691 0.000000 3152.540527 0.000000 0.793786 0.000000 -0.608198 0.408618 0.408618 0.408618
4725.519043 0.000000 3133.266113 0.000000 0.845731 0.000000 -0.533610 0.407701 0.407701 0.407701
4711.104492 0.000000 3118.534180 0.000000 0.873101 0.000000 -0.487540 0.436466 0.436466 0.436466
4696.512695 0.000000 3114.373535 0.000000 0.877248 0.000000 -0.480038 0.444428 0.444428 0.444428
4689.965332 0.000000 3147.265869 0.000000 0.926202 0.000000 -0.377028 0.618167 0.618167 0.618167
4837.372070 0.000000 3054.220703 0.000000 0.633724 0.000000 -0.773559 0.463126 0.463126 0.463126
4887.348633 0.000000 2990.186035 0.000000 0.876830 0.000000 -0.480800 0.410055 0.410055 0.410055
4909.465820 0.000000 2981.483398 0.000000 0.698788 0.000000 -0.715329 0.424532 0.424532 0.424532
4921.206055 0.000000 2946.813965 0.000000 0.821697 0.000000 -0.569925 0.458383 0.458383 0.458383
4927.927246 0.000000 2951.932861 0.000000 0.947340 0.000000 -0.320230 0.551955 0.551955 0.551955
4981.005371 0.000000 2989.382812 0.000000 0.906722 0.000000 -0.421729 0.415155 0.415155 0.415155
4984.630371 0.000000 2990.642578 0.000000 0.738145 0.000000 -0.674642 0.423694 0.423694 0.423694
4951.885254 0.000000 2962.967529 0.000000 0.817122 0.000000 -0.576465 0.421830 0.421830 0.421830
4955.203125 0.000000 2976.505127 0.000000 0.666148 0.000000 -0.745819 0.423129 0.423129 0.423129
4987.305664 0.000000 2986.966553 0.000000 0.841384 0.000000 -0.540437 0.419158 0.419158 0.419158
4983.867676 0.000000 2984.419189 0.000000 0.914378 0.000000 -0.404862 0.414886 0.414886 0.414886
4953.598145 0.000000 2960.819092 0.000000 0.733350 0.000000 -0.679851 0.423799 0.423799 0.423799
4974.245605 0.000000 2957.110107 0.000000 0.618553 0.000000 -0.785743 0.428182 0.428182 0.428182
4953.774414 0.000000 2986.886719 0.000000 0.920760 0.000000 -0.390130 0.442800 0.442800 0.442800
4958.924805 0.000000 2976.492432 0.000000 0.909083 0.000000 -0.416616 0.451336 0.451336 0.451336
4953.742188 0.000000 2966.238770 0.000000 0.841597 0.000000 -0.540106 0.480177 0.480177 0.480177
4948.196289 0.000000 2985.949707 0.000000 0.616491 0.000000 -0.787362 0.515620 0.515620 0.515620
4955.559082 0.000000 2973.076904 0.000000 0.839253 0.000000 -0.543742 0.541552 0.541552 0.541552
4956.615723 0.000000 2971.674072 0.000000 0.796723 0.000000 -0.604344 0.567968 0.567968 0.567968
4900.759766 0.000000 3015.048096 0.000000 0.833621 0.000000 -0.552337 0.407976 0.407976 0.407976
4898.111328 0.000000 3025.287109 0.000000 0.722193 0.000000 -0.691691 0.410641 0.410641 0.410641
4900.916016 0.000000 3021.734375 0.000000 0.772444 0.000000 -0.635083 0.422920 0.422920 0.422920
5000.237305 0.000000 2985.214111 0.000000 0.697183 0.000000 -0.716894 0.420449 0.420449 0.420449
4973.943359 0.000000 3052.511230 0.000000 0.726539 0.000000 -0.687125 0.409834 0.409834 0.409834
4955.966309 0.000000 3059.769287 0.000000 0.656962 0.000000 -0.753924 0.429504 0.429504 0.429504
4931.385254 0.000000 3145.075195 0.000000 0.897545 0.000000 -0.440923 0.415465 0.415465 0.415465
4299.039062 0.000000 3179.381348 0.000000 0.647624 0.000000 -0.761960 0.471116 0.471116 0.471116
4342.908203 0.000000 3174.999023 0.000000 0.698442 0.000000 -0.715667 0.530000 0.530000 0.530000
4342.395020 0.000000 3173.188232 0.000000 0.939154 0.000000 -0.343496 0.714860 0.714860 0.714860
4328.923828 0.000000 3169.822998 0.000000 0.738379 0.000000 -0.674386 0.557764 0.557764 0.557764
4307.508789 0.000000 3179.517090 0.000000 0.908038 0.000000 -0.418889 0.645966 0.645966 0.645966
4297.402832 0.000000 3183.763184 0.000000 0.847620 0.000000 -0.530604 0.621162 0.621162 0.621162
4379.877441 0.000000 3174.615967 0.000000 0.783011 0.000000 -0.622008 0.439022 0.439022 0.439022
4388.830078 0.000000 3198.052734 0.000000 0.832264 0.000000 -0.554380 0.462138 0.462138 0.462138
4408.379395 0.000000 3177.505859 0.000000 0.921757 0.000000 -0.387768 0.472955 0.472955 0.472955
4392.166504 0.000000 3175.731201 0.000000 0.826415 0.000000 -0.563061 0.723151 0.723151 0.723151
4406.683594 0.000000 3193.686768 0.000000 0.776099 0.000000 -0.630611 0.591555 0.591555 0.591555
4366.689941 0.000000 3199.469238 0.000000 0.744020 0.000000 -0.668157 0.640778 0.640778 0.640778
4413.398438 0.000000 3205.937988 0.000000 0.744590 0.000000 -0.667523 0.613646 0.613646 0.613646
4376.817383 0.000000 3196.158691 0.000000 0.915778 0.000000 -0.401686 0.623012 0.623012 0.623012
4396.467773 0.000000 3171.130371 0.000000 0.835303 0.000000 -0.549790 0.595074 0.595074 0.595074
4410.104004 0.000000 3175.179199 0.000000 0.663302 0.000000 -0.748352 0.735096 0.735096 0.735096
4410.291992 0.000000 3172.470215 0.000000 0.793211 0.000000 -0.608947 0.671674 0.671674 0.671674
4417.515137 0.000000 3192.310059 0.000000 0.608345 0.000000 -0.793673 0.582996 0.582996 0.582996
4413.512207 0.000000 3219.635498 0.000000 0.902813 0.000000 -0.430034 0.405727 0.405727 0.405727
4385.049316 0.000000 3220.859619 0.000000 0.752643 0.000000 -0.658429 0.423373 0.423373 0.423373
4405.881348 0.000000 3261.769043 0.000000 0.726216 0.000000 -0.687467 0.595638 0.595638 0.595638
4398.722168 0.000000 3267.420898 0.000000 0.909198 0.000000 -0.416364 0.719137 0.719137 0.719137
4399.731934 0.000000 3266.708252 0.000000 0.693603 0.000000 -0.720358 0.735843 0.735843 0.735843
4392.134277 0.000000 3264.199951 0.000000 0.934279 0.000000 -0.356542 0.700609 0.700609 0.700609
4391.150391 0.000000 3272.988525 0.000000 0.878992 0.000000 -0.476836 0.720370 0.720370 0.720370
4407.916992 0.000000 3269.775879 0.000000 0.838649 0.000000 -0.544673 0.725668 0.725668 0.725668
4404.024414 0.000000 3259.929199 0.000000 0.885738 0.000000 -0.464185 0.718812 0.718812 0.718812
4389.249023 0.000000 3273.814941 0.000000 0.791231 0.000000 -0.611517 0.626103 0.626103 0.626103
4405.139160 0.000000 3259.604492 0.000000 0.857574 0.000000 -0.514361 0.721055 0.721055 0.721055
4413.034180 0.000000 3264.626953 0.000000 0.899303 0.000000 -0.437326 0.718272 0.718272 0.718272
4467.759277 0.000000 3250.974121 0.000000 0.744387 0.000000 -0.667748 0.409857 0.409857 0.409857
4427.377441 0.000000 3239.152832 0.000000 0.672364 0.000000 -0.740221 0.466395 0.466395 0.466395
4443.236816 0.000000 3237.096191 0.000000 0.906663 0.000000 -0.421856 0.718151 0.718151 0.718151
4447.786621 0.000000 3253.330811 0.000000 0.676530 0.000000 -0.736415 0.520246 0.520246 0.520246
4429.344238 0.000000 3233.899170 0.000000 0.906282 0.000000 -0.422673 0.670567 0.670567 0.670567
4443.442383 0.000000 3228.032227 0.000000 0.711912 0.000000 -0.702268 0.539968 0.539968 0.539968
4432.268066 0.000000 3231.887451 0.000000 0.938404 0.000000 -0.345540 0.572763 0.572763 0.572763
4446.762207 0.000000 3241.778076 0.000000 0.922889 0.000000 -0.385067 0.715266 0.715266 0.715266
4434.209473 0.000000 3230.512939 0.000000 0.756955 0.000000 -0.653467 0.700771 0.700771 0.700771
4445.720703 0.000000 3242.192627 0.000000 0.678328 0.000000 -0.734759 0.706903 0.706903 0.706903
4444.949219 0.000000 3240.314453 0.000000 0.922164 0.000000 -0.386798 0.671280 0.671280 0.671280
4494.604980 0.000000 3267.186279 0.000000 0.815205 0.000000 -0.579173 0.408451 0.408451 0.408451
4496.905273 0.000000 3273.508789 0.000000 0.920333 0.000000 -0.391136 0.428738 0.428738 0.428738
4520.388184 0.000000 3269.611084 0.000000 0.740126 0.000000 -0.672468 0.442121 0.442121 0.442121
4494.777344 0.000000 3239.861572 0.000000 0.598570 0.000000 -0.801071 0.472219 0.472219 0.472219
4488.564453 0.000000 3271.340332 0.000000 0.752049 0.000000 -0.659107 0.454152 0.454152 0.454152
4492.289551 0.000000 3233.056641 0.000000 0.881171 0.000000 -0.472799 0.484815 0.484815 0.484815
4534.238281 0.000000 3275.971436 0.000000 0.674035 0.000000 -0.738699 0.514077 0.514077 0.514077
4489.676758 0.000000 3234.285889 0.000000 0.589352 0.000000 -0.807876 0.482854 0.482854 0.482854
4522.601562 0.000000 3271.458008 0.000000 0.800040 0.000000 -0.599947 0.499974 0.499974 0.499974
4524.208984 0.000000 3273.696045 0.000000 0.636254 0.000000 -0.771479 0.611542 0.611542 0.611542
4504.351074 0.000000 3271.739746 0.000000 0.942785 0.000000 -0.333401 0.504019 0.504019 0.504019
4542.841797 0.000000 3274.141602 0.000000 0.867859 0.000000 -0.496811 0.564785 0.564785 0.564785
4522.913086 0.000000 3273.609619 0.000000 0.801710 0.000000 -0.597713 0.555402 0.555402 0.555402
4542.281738 0.000000 3272.677002 0.000000 0.830208 0.000000 -0.557453 0.533730 0.533730 0.533730
4539.628418 0.000000 3263.284912 0.000000 0.826255 0.000000 -0.563296 0.622297 0.622297 0.622297
4535.338379 0.000000 3252.133545 0.000000 0.687084 0.000000 -0.726578 0.526181 0.526181 0.526181
4540.166992 0.000000 3266.190674 0.000000 0.690390 0.000000 -0.723438 0.542726 0.542726 0.542726
4530.230469 0.000000 3270.565674 0.000000 0.799543 0.000000 -0.600609 0.602945 0.602945 0.602945
4491.890137 0.000000 3270.342285 0.000000 0.683329 0.000000 -0.730110 0.731111 0.731111 0.731111
4535.883789 0.000000 3265.658447 0.000000 0.918087 0.000000 -0.396378 0.643157 0.643157 0.643157
4535.218262 0.000000 3271.745850 0.000000 0.941195 0.000000 -0.337865 0.554419 0.554419 0.554419
4543.644043 0.000000 3275.629883 0.000000 0.944220 0.000000 -0.329316 0.560238 0.560238 0.560238
4541.255859 0.000000 3240.699219 0.000000 0.875848 0.000000 -0.482587 0.611359 0.611359 0.611359
4537.305176 0.000000 3270.806152 0.000000 0.719925 0.000000 -0.694052 0.656513 0.656513 0.656513
4498.778809 0.000000 3226.628662 0.000000 0.594117 0.000000 -0.804379 0.644797 0.644797 0.644797
4532.598145 0.000000 3245.674561 0.000000 0.614195 0.000000 -0.789154 0.675856 0.675856 0.675856
4526.329102 0.000000 3273.847168 0.000000 0.948682 0.000000 -0.316231 0.622318 0.622318 0.622318
4503.759277 0.000000 3228.028320 0.000000 0.858904 0.000000 -0.512136 0.723913 0.723913 0.723913
4534.227051 0.000000 3273.777588 0.000000 0.950605 0.000000 -0.310404 0.678616 0.678616 0.678616
4530.077148 0.000000 3248.385010 0.000000 0.738423 0.000000 -0.674338 0.730781 0.730781 0.730781
4530.309082 0.000000 3255.421875 0.000000 0.767055 0.000000 -0.641581 0.643876 0.643876 0.643876
4502.826172 0.000000 3270.158447 0.000000 0.842323 0.000000 -0.538973 0.656466 0.656466 0.656466
4502.670898 0.000000 3225.908447 0.000000 0.780718 0.000000 -0.624883 0.728310 0.728310 0.728310
4563.991699 0.000000 3252.836914 0.000000 0.871173 0.000000 -0.490976 0.406944 0.406944 0.406944
4544.043457 0.000000 3243.860352 0.000000 0.608513 0.000000 -0.793544 0.482417 0.482417 0.482417
4554.331055 0.000000 3264.945801 0.000000 0.922885 0.000000 -0.385076 0.487005 0.487005 0.487005
4547.621094 0.000000 3256.697266 0.000000 0.862100 0.000000 -0.506739 0.721591 0.721591 0.721591
4544.126465 0.000000 3265.292236 0.000000 0.861940 0.000000 -0.507010 0.610107 0.610107 0.610107
4545.950684 0.000000 3259.583740 0.000000 0.634504 0.000000 -0.772920 0.735895 0.735895 0.735895
4563.389160 0.000000 3232.192139 0.000000 0.833218 0.000000 -0.552945 0.574625 0.574625 0.574625
4555.042480 0.000000 3260.641357 0.000000 0.777328 0.000000 -0.629095 0.730320 0.730320 0.730320
4553.561035 0.000000 3270.754883 0.000000 0.609926 0.000000 -0.792459 0.678159 0.678159 0.678159
4544.352051 0.000000 3257.995117 0.000000 0.867120 0.000000 -0.498100 0.650828 0.650828 0.650828
4548.652344 0.000000 3256.884521 0.000000 0.709376 0.000000 -0.704831 0.733148 0.733148 0.733148
4551.085449 0.000000 3273.695557 0.000000 0.686328 0.000000 -0.727292 0.731452 0.731452 0.731452
4549.068848 0.000000 3273.235596 0.000000 0.606817 0.000000 -0.794842 0.735644 0.735644 0.735644
4552.754883 0.000000 3273.322021 0.000000 0.723977 0.000000 -0.689824 0.731130 0.731130 0.731130
4554.929199 0.000000 3258.762451 0.000000 0.609720 0.000000 -0.792617 0.737581 0.737581 0.737581
4558.202637 0.000000 3233.313477 0.000000 0.836969 0.000000 -0.547251 0.725148 0.725148 0.725148
4573.189453 0.000000 3256.529053 0.000000 0.797280 0.000000 -0.603610 0.654838 0.654838 0.654838
4550.803223 0.000000 3272.687012 0.000000 0.811899 0.000000 -0.583798 0.724077 0.724077 0.724077
4553.671875 0.000000 3257.691650 0.000000 0.727330 0.000000 -0.686288 0.733442 0.733442 0.733442
4414.038574 0.000000 3300.076904 0.000000 0.588459 0.000000 -0.808527 0.484962 0.484962 0.484962
4405.096680 0.000000 3290.004150 0.000000 0.708833 0.000000 -0.705376 0.579610 0.579610 0.579610
4399.663086 0.000000 3293.177002 0.000000 0.826399 0.000000 -0.563085 0.552340 0.552340 0.552340
4403.308594 0.000000 3291.268799 0.000000 0.674979 0.000000 -0.737837 0.662705 0.662705 0.662705
4403.716797 0.000000 3278.345947 0.000000 0.801828 0.000000 -0.597555 0.644231 0.644231 0.644231
4396.467773 0.000000 3284.099121 0.000000 0.903213 0.000000 -0.429193 0.607620 0.607620 0.607620
4403.812988 0.000000 3290.312744 0.000000 0.833104 0.000000 -0.553117 0.654941 0.654941 0.654941
4396.463379 0.000000 3290.717285 0.000000 0.660558 0.000000 -0.750775 0.623277 0.623277 0.623277
4414.015625 0.000000 3308.710205 0.000000 0.900730 0.000000 -0.434380 0.718690 0.718690 0.718690
4414.514160 0.000000 3306.704590 0.000000 0.947292 0.000000 -0.320370 0.713878 0.713878 0.713878
4412.182617 0.000000 3302.103027 0.000000 0.925593 0.000000 -0.378520 0.654728 0.654728 0.654728
4412.959961 0.000000 3307.347900 0.000000 0.794621 0.000000 -0.607105 0.728276 0.728276 0.728276
4461.470215 0.000000 3323.378174 0.000000 0.668713 0.000000 -0.743521 0.501748 0.501748 0.501748
4439.062012 0.000000 3292.215332 0.000000 0.882860 0.000000 -0.469636 0.523321 0.523321 0.523321
4462.236328 0.000000 3331.950195 0.000000 0.802443 0.000000 -0.596729 0.491695 0.491695 0.491695
4417.280273 0.000000 3309.943115 0.000000 0.848048 0.000000 -0.529919 0.608810 0.608810 0.608810
4417.993652 0.000000 3299.543701 0.000000 0.713153 0.000000 -0.701008 0.527476 0.527476 0.527476
4426.576172 0.000000 3306.437500 0.000000 0.859872 0.000000 -0.510511 0.722753 0.722753 0.722753
4460.208984 0.000000 3330.180420 0.000000 0.665254 0.000000 -0.746617 0.562295 0.562295 0.562295
4464.927734 0.000000 3321.109619 0.000000 0.794626 0.000000 -0.607099 0.549500 0.549500 0.549500
4447.182129 0.000000 3323.593018 0.000000 0.887412 0.000000 -0.460977 0.719383 0.719383 0.719383
4458.351562 0.000000 3325.182129 0.000000 0.783365 0.000000 -0.621562 0.601600 0.601600 0.601600
4423.754395 0.000000 3306.060059 0.000000 0.948526 0.000000 -0.316699 0.714332 0.714332 0.714332
4462.722168 0.000000 3323.905273 0.000000 0.777639 0.000000 -0.628711 0.583210 0.583210 0.583210
4463.887207 0.000000 3325.883545 0.000000 0.847364 0.000000 -0.531013 0.697428 0.697428 0.697428
4421.044922 0.000000 3306.970459 0.000000 0.907225 0.000000 -0.420646 0.717830 0.717830 0.717830
4461.710938 0.000000 3327.292969 0.000000 0.904680 0.000000 -0.426092 0.719038 0.719038 0.719038
4417.515137 0.000000 3305.278809 0.000000 0.741245 0.000000 -0.671235 0.686931 0.686931 0.686931
4416.489258 0.000000 3307.515869 0.000000 0.835084 0.000000 -0.550122 0.702380 0.702380 0.702380
4459.550781 0.000000 3325.801025 0.000000 0.878530 0.000000 -0.477687 0.596896 0.596896 0.596896
4461.231445 0.000000 3329.676758 0.000000 0.593899 0.000000 -0.804540 0.740029 0.740029 0.740029
4430.414551 0.000000 3325.371826 0.000000 0.648982 0.000000 -0.760804 0.623714 0.623714 0.623714
4418.932617 0.000000 3300.254883 0.000000 0.910913 0.000000 -0.412599 0.584765 0.584765 0.584765
4444.338867 0.000000 3320.595703 0.000000 0.793902 0.000000 -0.608046 0.728327 0.728327 0.728327
4427.583496 0.000000 3302.680176 0.000000 0.601336 0.000000 -0.798996 0.735264 0.735264 0.735264
4533.633789 0.000000 3313.150879 0.000000 0.932467 0.000000 -0.361254 0.408184 0.408184 0.408184
4499.894531 0.000000 3283.865479 0.000000 0.919481 0.000000 -0.393135 0.406663 0.406663 0.406663
4543.510742 0.000000 3300.830566 0.000000 0.835579 0.000000 -0.549370 0.408073 0.408073 0.408073
4525.747070 0.000000 3324.785400 0.000000 0.693378 0.000000 -0.720574 0.434942 0.434942 0.434942
4527.448242 0.000000 3300.601318 0.000000 0.852163 0.000000 -0.523276 0.426973 0.426973 0.426973
4540.312988 0.000000 3299.848633 0.000000 0.693574 0.000000 -0.720385 0.461760 0.461760 0.461760
4535.122559 0.000000 3281.236572 0.000000 0.668372 0.000000 -0.743827 0.503835 0.503835 0.503835
4533.096191 0.000000 3301.162109 0.000000 0.885966 0.000000 -0.463750 0.504903 0.504903 0.504903
4540.926270 0.000000 3279.936768 0.000000 0.767982 0.000000 -0.640471 0.662582 0.662582 0.662582
4511.902832 0.000000 3291.377441 0.000000 0.658253 0.000000 -0.752797 0.579268 0.579268 0.579268
4541.818848 0.000000 3277.458984 0.000000 0.624948 0.000000 -0.780666 0.605619 0.605619 0.605619
4539.590332 0.000000 3279.246338 0.000000 0.635875 0.000000 -0.771792 0.734898 0.734898 0.734898
4526.722168 0.000000 3323.905273 0.000000 0.661352 0.000000 -0.750076 0.577070 0.577070 0.577070
4523.903809 0.000000 3276.201172 0.000000 0.707805 0.000000 -0.706408 0.663358 0.663358 0.663358
4526.873535 0.000000 3325.195068 0.000000 0.846269 0.000000 -0.532757 0.687173 0.687173 0.687173
4521.855957 0.000000 3277.109375 0.000000 0.724739 0.000000 -0.689023 0.549931 0.549931 0.549931
4492.067383 0.000000 3276.180908 0.000000 0.690928 0.000000 -0.722924 0.586512 0.586512 0.586512
4529.364258 0.000000 3278.383057 0.000000 0.851394 0.000000 -0.524527 0.575820 0.575820 0.575820
4487.536621 0.000000 3290.334961 0.000000 0.708092 0.000000 -0.706120 0.648651 0.648651 0.648651
4548.032715 0.000000 3307.705322 0.000000 0.739939 0.000000 -0.672674 0.409505 0.409505 0.409505
4587.095215 0.000000 3290.412354 0.000000 0.932842 0.000000 -0.360286 0.406164 0.406164 0.406164
4550.475098 0.000000 3290.684326 0.000000 0.671911 0.000000 -0.740632 0.423015 0.423015 0.423015
4593.262695 0.000000 3330.654785 0.000000 0.615748 0.000000 -0.787943 0.426164 0.426164 0.426164
4544.712402 0.000000 3294.314697 0.000000 0.892571 0.000000 -0.450907 0.411593 0.411593 0.411593
4578.508301 0.000000 3322.659424 0.000000 0.694541 0.000000 -0.719453 0.434917 0.434917 0.434917
4592.914551 0.000000 3293.277344 0.000000 0.879040 0.000000 -0.476748 0.428181 0.428181 0.428181
4550.936035 0.000000 3279.669678 0.000000 0.884607 0.000000 -0.466338 0.438107 0.438107 0.438107
4574.609375 0.000000 3301.756348 0.000000 0.717601 0.000000 -0.696454 0.457059 0.457059 0.457059
4597.188965 0.000000 3330.506592 0.000000 0.741045 0.000000 -0.671456 0.450317 0.450317 0.450317
4560.004883 0.000000 3293.561523 0.000000 0.924861 0.000000 -0.380306 0.460730 0.460730 0.460730
4561.817871 0.000000 3295.254883 0.000000 0.906055 0.000000 -0.423160 0.465584 0.465584 0.465584
4558.035156 0.000000 3302.093506 0.000000 0.639196 0.000000 -0.769044 0.510852 0.510852 0.510852
4606.321777 0.000000 3294.426025 0.000000 0.838224 0.000000 -0.545326 0.474176 0.474176 0.474176
4557.763672 0.000000 3330.731934 0.000000 0.843242 0.000000 -0.537534 0.516848 0.516848 0.516848
4553.525391 0.000000 3298.141602 0.000000 0.700791 0.000000 -0.713366 0.590335 0.590335 0.590335
4602.873047 0.000000 3291.842529 0.000000 0.786082 0.000000 -0.618123 0.589064 0.589064 0.589064
4550.218750 0.000000 3295.167725 0.000000 0.858952 0.000000 -0.512056 0.522335 0.522335 0.522335
4548.601562 0.000000 3277.417236 0.000000 0.619906 0.000000 -0.784676 0.736972 0.736972 0.736972
4559.853516 0.000000 3290.831055 0.000000 0.917818 0.000000 -0.397002 0.715482 0.715482 0.715482
4559.586426 0.000000 3301.963135 0.000000 0.750720 0.000000 -0.660620 0.713690 0.713690 0.713690
4606.282715 0.000000 3292.214600 0.000000 0.782722 0.000000 -0.622371 0.641040 0.641040 0.641040
4570.905273 0.000000 3309.666992 0.000000 0.717826 0.000000 -0.696223 0.729945 0.729945 0.729945
4549.937500 0.000000 3276.593750 0.000000 0.849541 0.000000 -0.527523 0.722772 0.722772 0.722772
4546.728516 0.000000 3276.115479 0.000000 0.946355 0.000000 -0.323130 0.713915 0.713915 0.713915
4602.104004 0.000000 3288.147949 0.000000 0.802030 0.000000 -0.597284 0.708621 0.708621 0.708621
4596.316895 0.000000 3361.704102 0.000000 0.923224 0.000000 -0.384262 0.416568 0.416568 0.416568
4589.684570 0.000000 3375.488770 0.000000 0.949413 0.000000 -0.314032 0.509619 0.509619 0.509619
4639.453613 0.000000 3179.855225 0.000000 0.942875 0.000000 -0.333148 0.404341 0.404341 0.404341
4646.709473 0.000000 3173.932617 0.000000 0.838437 0.000000 -0.544999 0.557976 0.557976 0.557976
4636.025391 0.000000 3169.495850 0.000000 0.729623 0.000000 -0.683850 0.708529 0.708529 0.708529
4675.510254 0.000000 3170.399170 0.000000 0.902023 0.000000 -0.431687 0.565002 0.565002 0.565002
4693.502930 0.000000 3267.928467 0.000000 0.684456 0.000000 -0.729055 0.410810 0.410810 0.410810
4697.752441 0.000000 3275.986572 0.000000 0.594479 0.000000 -0.804111 0.535053 0.535053 0.535053
4799.374512 0.000000 3203.220459 0.000000 0.942650 0.000000 -0.333782 0.423785 0.423785 0.423785
4782.245605 0.000000 3183.047607 0.000000 0.912834 0.000000 -0.408330 0.422989 0.422989 0.422989
4785.135254 0.000000 3189.961914 0.000000 0.625207 0.000000 -0.780459 0.502868 0.502868 0.502868
4784.063965 0.000000 3188.920898 0.000000 0.662824 0.000000 -0.748775 0.501903 0.501903 0.501903
4794.264648 0.000000 3213.762939 0.000000 0.882941 0.000000 -0.469483 0.631376 0.631376 0.631376
4783.705078 0.000000 3194.408936 0.000000 0.649690 0.000000 -0.760199 0.621582 0.621582 0.621582
4784.564941 0.000000 3197.718018 0.000000 0.758042 0.000000 -0.652205 0.677700 0.677700 0.677700
4796.731934 0.000000 3201.250244 0.000000 0.659030 0.000000 -0.752116 0.621231 0.621231 0.621231
4782.206055 0.000000 3192.072754 0.000000 0.758726 0.000000 -0.651410 0.617204 0.617204 0.617204
4822.604004 0.000000 3201.654541 0.000000 0.869015 0.000000 -0.494785 0.424447 0.424447 0.424447
4800.525879 0.000000 3200.427979 0.000000 0.824684 0.000000 -0.565594 0.452177 0.452177 0.452177
4818.536621 0.000000 3216.594727 0.000000 0.674461 0.000000 -0.738311 0.501596 0.501596 0.501596
4829.067383 0.000000 3186.637939 0.000000 0.755781 0.000000 -0.654825 0.478718 0.478718 0.478718
4822.696289 0.000000 3199.439697 0.000000 0.893062 0.000000 -0.449933 0.486352 0.486352 0.486352
4811.583008 0.000000 3210.069824 0.000000 0.847574 0.000000 -0.530677 0.553474 0.553474 0.553474
4807.386719 0.000000 3208.340576 0.000000 0.928945 0.000000 -0.370219 0.522966 0.522966 0.522966
4825.172852 0.000000 3199.639648 0.000000 0.917223 0.000000 -0.398374 0.716792 0.716792 0.716792
4832.342773 0.000000 3198.170410 0.000000 0.770232 0.000000 -0.637763 0.560746 0.560746 0.560746
4829.685059 0.000000 3197.879639 0.000000 0.637816 0.000000 -0.770189 0.738486 0.738486 0.738486
4814.057129 0.000000 3197.787354 0.000000 0.624439 0.000000 -0.781074 0.620401 0.620401 0.620401
4806.966309 0.000000 3210.994873 0.000000 0.851348 0.000000 -0.524601 0.514486 0.514486 0.514486
4830.521973 0.000000 3196.570801 0.000000 0.836823 0.000000 -0.547474 0.723236 0.723236 0.723236
4817.977051 0.000000 3192.594238 0.000000 0.920532 0.000000 -0.390668 0.515370 0.515370 0.515370
4836.170898 0.000000 3217.521729 0.000000 0.831647 0.000000 -0.555305 0.539819 0.539819 0.539819
4827.792969 0.000000 3192.565674 0.000000 0.852115 0.000000 -0.523354 0.614752 0.614752 0.614752
4839.639160 0.000000 3190.198242 0.000000 0.614653 0.000000 -0.788797 0.740501 0.740501 0.740501
4819.857422 0.000000 3215.821777 0.000000 0.748006 0.000000 -0.663692 0.615584 0.615584 0.615584
4834.136719 0.000000 3191.248779 0.000000 0.845666 0.000000 -0.533712 0.613045 0.613045 0.613045
4831.121582 0.000000 3194.385254 0.000000 0.845640 0.000000 -0.533753 0.639788 0.639788 0.639788
4839.595215 0.000000 3206.222900 0.000000 0.635831 0.000000 -0.771828 0.615771 0.615771 0.615771
4820.942871 0.000000 3212.732178 0.000000 0.921815 0.000000 -0.387630 0.715548 0.715548 0.715548
4826.905273 0.000000 3196.698242 0.000000 0.731794 0.000000 -0.681526 0.733219 0.733219 0.733219
4840.232910 0.000000 3214.193359 0.000000 0.793148 0.000000 -0.609029 0.615653 0.615653 0.615653
4795.815430 0.000000 3238.329102 0.000000 0.757080 0.000000 -0.653322 0.421225 0.421225 0.421225
4796.439453 0.000000 3268.662354 0.000000 0.671500 0.000000 -0.741005 0.724187 0.724187 0.724187
4794.264648 0.000000 3270.247314 0.000000 0.712484 0.000000 -0.701688 0.581563 0.581563 0.581563
4793.239746 0.000000 3262.938721 0.000000 0.923927 0.000000 -0.382568 0.709779 0.709779 0.709779
4795.484375 0.000000 3260.805664 0.000000 0.800536 0.000000 -0.599285 0.565750 0.565750 0.565750
4796.166992 0.000000 3266.190674 0.000000 0.614357 0.000000 -0.789028 0.738691 0.738691 0.738691
4794.917480 0.000000 3266.855957 0.000000 0.648549 0.000000 -0.761173 0.552359 0.552359 0.552359
4791.883789 0.000000 3265.658447 0.000000 0.819160 0.000000 -0.573565 0.724820 0.724820 0.724820
4797.398438 0.000000 3262.422363 0.000000 0.822431 0.000000 -0.568864 0.723424 0.723424 0.723424
4792.073242 0.000000 3259.048096 0.000000 0.890389 0.000000 -0.455200 0.624765 0.624765 0.624765
4793.960449 0.000000 3265.837158 0.000000 0.613859 0.000000 -0.789416 0.739513 0.739513 0.739513
4802.026855 0.000000 3268.235596 0.000000 0.852212 0.000000 -0.523197 0.412778 0.412778 0.412778
4861.252441 0.000000 3230.035645 0.000000 0.772888 0.000000 -0.634542 0.429045 0.429045 0.429045
4807.620605 0.000000 3225.838623 0.000000 0.810558 0.000000 -0.585658 0.456670 0.456670 0.456670
4818.461914 0.000000 3236.189941 0.000000 0.859793 0.000000 -0.510642 0.471403 0.471403 0.471403
4846.421387 0.000000 3228.656494 0.000000 0.763452 0.000000 -0.645864 0.476447 0.476447 0.476447
4806.595703 0.000000 3245.608398 0.000000 0.674644 0.000000 -0.738143 0.507824 0.507824 0.507824
4820.196289 0.000000 3268.371582 0.000000 0.630024 0.000000 -0.776576 0.509004 0.509004 0.509004
4800.421387 0.000000 3263.132568 0.000000 0.867460 0.000000 -0.497506 0.515863 0.515863 0.515863
4852.156250 0.000000 3237.977539 0.000000 0.864935 0.000000 -0.501884 0.720995 0.720995 0.720995
4863.314453 0.000000 3247.522217 0.000000 0.913143 0.000000 -0.407640 0.641507 0.641507 0.641507
4846.953613 0.000000 3273.009033 0.000000 0.639993 0.000000 -0.768381 0.649380 0.649380 0.649380
4855.129883 0.000000 3246.202637 0.000000 0.661393 0.000000 -0.750039 0.734312 0.734312 0.734312
4820.561035 0.000000 3270.374756 0.000000 0.929837 0.000000 -0.367971 0.575399 0.575399 0.575399
4845.193359 0.000000 3240.459229 0.000000 0.821613 0.000000 -0.570045 0.686654 0.686654 0.686654
4852.601074 0.000000 3270.546875 0.000000 0.879858 0.000000 -0.475236 0.584571 0.584571 0.584571
4804.081543 0.000000 3239.579102 0.000000 0.703264 0.000000 -0.710929 0.638372 0.638372 0.638372
4829.685059 0.000000 3254.364014 0.000000 0.835834 0.000000 -0.548982 0.723714 0.723714 0.723714
4831.443848 0.000000 3257.720703 0.000000 0.859675 0.000000 -0.510841 0.671866 0.671866 0.671866
4810.359863 0.000000 3227.426758 0.000000 0.828538 0.000000 -0.559933 0.550199 0.550199 0.550199
4852.467773 0.000000 3240.734131 0.000000 0.745533 0.000000 -0.666469 0.730786 0.730786 0.730786
4826.203125 0.000000 3252.215332 0.000000 0.792315 0.000000 -0.610112 0.728325 0.728325 0.728325
4845.442383 0.000000 3231.372314 0.000000 0.699760 0.000000 -0.714378 0.577846 0.577846 0.577846
4844.330078 0.000000 3238.374268 0.000000 0.945302 0.000000 -0.326197 0.697403 0.697403 0.697403
4801.519531 0.000000 3267.153076 0.000000 0.665672 0.000000 -0.746245 0.646235 0.646235 0.646235
4828.046387 0.000000 3252.923584 0.000000 0.820875 0.000000 -0.571107 0.655634 0.655634 0.655634
4848.162598 0.000000 3233.472656 0.000000 0.725048 0.000000 -0.688698 0.729473 0.729473 0.729473
4861.613770 0.000000 3246.180420 0.000000 0.602005 0.000000 -0.798492 0.714723 0.714723 0.714723
4853.144531 0.000000 3228.930420 0.000000 0.790554 0.000000 -0.612393 0.726952 0.726952 0.726952
4850.230469 0.000000 3270.565674 0.000000 0.914029 0.000000 -0.405648 0.637371 0.637371 0.637371
4841.763184 0.000000 3241.629883 0.000000 0.680615 0.000000 -0.732642 0.721609 0.721609 0.721609
4824.507324 0.000000 3267.134521 0.000000 0.864170 0.000000 -0.503200 0.720181 0.720181 0.720181
4851.578125 0.000000 3242.846680 0.000000 0.865601 0.000000 -0.500735 0.722271 0.722271 0.722271
4863.956055 0.000000 3246.527832 0.000000 0.625250 0.000000 -0.780424 0.656315 0.656315 0.656315
4826.905273 0.000000 3253.182617 0.000000 0.931653 0.000000 -0.363350 0.716052 0.716052 0.716052
4845.231445 0.000000 3273.192383 0.000000 0.589299 0.000000 -0.807915 0.715293 0.715293 0.715293
4860.159668 0.000000 3237.245605 0.000000 0.834199 0.000000 -0.551463 0.724958 0.724958 0.724958
4848.198730 0.000000 3243.281250 0.000000 0.613922 0.000000 -0.789366 0.738635 0.738635 0.738635
4838.214844 0.000000 3232.239258 0.000000 0.897902 0.000000 -0.440196 0.683488 0.683488 0.683488
4824.446289 0.000000 3262.948486 0.000000 0.916491 0.000000 -0.400055 0.631086 0.631086 0.631086
4828.615723 0.000000 3254.095947 0.000000 0.814725 0.000000 -0.579847 0.725240 0.725240 0.725240
4849.437988 0.000000 3235.784180 0.000000 0.939683 0.000000 -0.342047 0.713330 0.713330 0.713330
4853.988770 0.000000 3230.848633 0.000000 0.775302 0.000000 -0.631591 0.729807 0.729807 0.729807
4810.479980 0.000000 3247.759033 0.000000 0.905151 0.000000 -0.425091 0.674739 0.674739 0.674739
4858.830078 0.000000 3237.863770 0.000000 0.941675 0.000000 -0.336523 0.714185 0.714185 0.714185
4817.124023 0.000000 3239.610840 0.000000 0.713387 0.000000 -0.700771 0.711482 0.711482 0.711482
4855.381348 0.000000 3233.636230 0.000000 0.654307 0.000000 -0.756229 0.733194 0.733194 0.733194
4843.132812 0.000000 3234.976318 0.000000 0.789809 0.000000 -0.613353 0.727867 0.727867 0.727867
4849.758301 0.000000 3231.860840 0.000000 0.758163 0.000000 -0.652065 0.709083 0.709083 0.709083
4851.945312 0.000000 3226.446045 0.000000 0.778920 0.000000 -0.627123 0.684947 0.684947 0.684947
4816.073730 0.000000 3222.118896 0.000000 0.712843 0.000000 -0.701324 0.731105 0.731105 0.731105
4859.427246 0.000000 3242.794189 0.000000 0.709765 0.000000 -0.704439 0.730120 0.730120 0.730120
4853.577637 0.000000 3234.641357 0.000000 0.705006 0.000000 -0.709201 0.732928 0.732928 0.732928
4811.583496 0.000000 3246.195801 0.000000 0.739339 0.000000 -0.673334 0.684931 0.684931 0.684931
4802.473633 0.000000 3266.780029 0.000000 0.905800 0.000000 -0.423706 0.680811 0.680811 0.680811
4849.560547 0.000000 3233.759277 0.000000 0.857637 0.000000 -0.514255 0.720955 0.720955 0.720955
4810.822754 0.000000 3219.619385 0.000000 0.637465 0.000000 -0.770479 0.651595 0.651595 0.651595
4863.352051 0.000000 3241.303223 0.000000 0.914457 0.000000 -0.404682 0.718530 0.718530 0.718530
4841.550293 0.000000 3235.400879 0.000000 0.902763 0.000000 -0.430139 0.719776 0.719776 0.719776
4654.693848 0.000000 3308.152344 0.000000 0.800795 0.000000 -0.598939 0.408946 0.408946 0.408946
4616.237305 0.000000 3324.120361 0.000000 0.641936 0.000000 -0.766758 0.415335 0.415335 0.415335
4648.284180 0.000000 3314.560303 0.000000 0.896825 0.000000 -0.442386 0.437680 0.437680 0.437680
4623.590332 0.000000 3328.190186 0.000000 0.751358 0.000000 -0.659894 0.429549 0.429549 0.429549
4620.970703 0.000000 3323.079590 0.000000 0.920744 0.000000 -0.390167 0.446825 0.446825 0.446825
4646.707031 0.000000 3284.651123 0.000000 0.788451 0.000000 -0.615098 0.477779 0.477779 0.477779
4646.060059 0.000000 3296.917969 0.000000 0.910236 0.000000 -0.414091 0.503779 0.503779 0.503779
4608.049316 0.000000 3301.791260 0.000000 0.823535 0.000000 -0.567265 0.501224 0.501224 0.501224
4671.365723 0.000000 3286.059082 0.000000 0.739894 0.000000 -0.672723 0.501841 0.501841 0.501841
4652.208984 0.000000 3330.180420 0.000000 0.634220 0.000000 -0.773153 0.734751 0.734751 0.734751
4663.696777 0.000000 3285.379639 0.000000 0.679123 0.000000 -0.734024 0.668849 0.668849 0.668849
4623.223145 0.000000 3304.440186 0.000000 0.623132 0.000000 -0.782116 0.542642 0.542642 0.542642
4658.249023 0.000000 3325.773682 0.000000 0.931554 0.000000 -0.363602 0.714437 0.714437 0.714437
4659.083008 0.000000 3308.508057 0.000000 0.768580 0.000000 -0.639753 0.728266 0.728266 0.728266
4625.357910 0.000000 3309.509521 0.000000 0.791450 0.000000 -0.611234 0.671770 0.671770 0.671770
4663.424805 0.000000 3300.362793 0.000000 0.938962 0.000000 -0.344020 0.715252 0.715252 0.715252
4652.898438 0.000000 3331.954590 0.000000 0.670757 0.000000 -0.741677 0.732855 0.732855 0.732855
4647.639160 0.000000 3303.166992 0.000000 0.761552 0.000000 -0.648103 0.621239 0.621239 0.621239
4649.341797 0.000000 3304.743652 0.000000 0.946429 0.000000 -0.322911 0.670988 0.670988 0.670988
4665.239746 0.000000 3319.423096 0.000000 0.797624 0.000000 -0.603155 0.725288 0.725288 0.725288
4652.416992 0.000000 3321.097168 0.000000 0.731463 0.000000 -0.681881 0.730290 0.730290 0.730290
4644.740723 0.000000 3301.195801 0.000000 0.872378 0.000000 -0.488831 0.722627 0.722627 0.722627
4654.588379 0.000000 3319.875000 0.000000 0.738207 0.000000 -0.674575 0.728595 0.728595 0.728595
4664.005371 0.000000 3282.200928 0.000000 0.922341 0.000000 -0.386377 0.600216 0.600216 0.600216
4659.609375 0.000000 3306.260010 0.000000 0.931728 0.000000 -0.363157 0.714451 0.714451 0.714451
4659.089355 0.000000 3305.090576 0.000000 0.639071 0.000000 -0.769148 0.736038 0.736038 0.736038
4667.344238 0.000000 3312.730713 0.000000 0.912261 0.000000 -0.409610 0.717000 0.717000 0.717000
4650.279785 0.000000 3320.950439 0.000000 0.948647 0.000000 -0.316337 0.714006 0.714006 0.714006
4662.847168 0.000000 3318.955566 0.000000 0.745274 0.000000 -0.666759 0.732270 0.732270 0.732270
4656.564941 0.000000 3310.686768 0.000000 0.637898 0.000000 -0.770121 0.664271 0.664271 0.664271
4665.571289 0.000000 3315.949463 0.000000 0.693774 0.000000 -0.720193 0.734638 0.734638 0.734638
4656.086914 0.000000 3311.775391 0.000000 0.720481 0.000000 -0.693475 0.660681 0.660681 0.660681
4671.475098 0.000000 3280.861084 0.000000 0.874810 0.000000 -0.484466 0.609375 0.609375 0.609375
4658.699707 0.000000 3307.146729 0.000000 0.929050 0.000000 -0.369954 0.714735 0.714735 0.714735
4663.349609 0.000000 3316.563721 0.000000 0.633890 0.000000 -0.773423 0.730296 0.730296 0.730296
4659.336914 0.000000 3298.205322 0.000000 0.862671 0.000000 -0.505766 0.583445 0.583445 0.583445
4665.506836 0.000000 3283.666504 0.000000 0.757470 0.000000 -0.652870 0.608941 0.608941 0.608941
4649.171875 0.000000 3299.570312 0.000000 0.666074 0.000000 -0.745886 0.736928 0.736928 0.736928
4644.375977 0.000000 3313.358398 0.000000 0.925836 0.000000 -0.377926 0.634415 0.634415 0.634415
4667.046387 0.000000 3310.277588 0.000000 0.652817 0.000000 -0.757516 0.736650 0.736650 0.736650
4670.514160 0.000000 3306.704590 0.000000 0.664387 0.000000 -0.747389 0.652611 0.652611 0.652611
4648.891602 0.000000 3301.529297 0.000000 0.709115 0.000000 -0.705093 0.734873 0.734873 0.734873
4646.730957 0.000000 3301.686768 0.000000 0.592321 0.000000 -0.805702 0.741750 0.741750 0.741750
4650.766602 0.000000 3305.141113 0.000000 0.793752 0.000000 -0.608241 0.640494 0.640494 0.640494
4679.408691 0.000000 3293.931152 0.000000 0.838203 0.000000 -0.545358 0.407978 0.407978 0.407978
4677.809082 0.000000 3331.576904 0.000000 0.741143 0.000000 -0.671347 0.481181 0.481181 0.481181
4708.309082 0.000000 3305.479736 0.000000 0.882196 0.000000 -0.470883 0.527418 0.527418 0.527418
4682.666016 0.000000 3318.455322 0.000000 0.747605 0.000000 -0.664144 0.524325 0.524325 0.524325
4698.769531 0.000000 3324.767090 0.000000 0.895739 0.000000 -0.444580 0.618295 0.618295 0.618295
4675.094727 0.000000 3330.877930 0.000000 0.838257 0.000000 -0.545275 0.720809 0.720809 0.720809
4726.834961 0.000000 3313.768311 0.000000 0.786231 0.000000 -0.617933 0.611829 0.611829 0.611829
4696.631836 0.000000 3286.706543 0.000000 0.722864 0.000000 -0.690990 0.679452 0.679452 0.679452
4703.786621 0.000000 3309.815186 0.000000 0.602426 0.000000 -0.798175 0.648727 0.648727 0.648727
4702.176270 0.000000 3327.251709 0.000000 0.932745 0.000000 -0.360538 0.563077 0.563077 0.563077
4733.256836 0.000000 3281.458496 0.000000 0.801103 0.000000 -0.598526 0.723263 0.723263 0.723263
4717.193359 0.000000 3296.943604 0.000000 0.839915 0.000000 -0.542718 0.545619 0.545619 0.545619
4711.743652 0.000000 3311.834229 0.000000 0.778672 0.000000 -0.627431 0.560426 0.560426 0.560426
4708.687500 0.000000 3326.664062 0.000000 0.861318 0.000000 -0.508067 0.558975 0.558975 0.558975
4673.219727 0.000000 3284.112305 0.000000 0.714858 0.000000 -0.699269 0.623230 0.623230 0.623230
4730.406250 0.000000 3315.174072 0.000000 0.712354 0.000000 -0.701821 0.734532 0.734532 0.734532
4702.521973 0.000000 3309.539551 0.000000 0.883457 0.000000 -0.468513 0.635433 0.635433 0.635433
4696.231445 0.000000 3277.771973 0.000000 0.876974 0.000000 -0.480539 0.531729 0.531729 0.531729
4726.205566 0.000000 3311.307129 0.000000 0.822120 0.000000 -0.569314 0.645227 0.645227 0.645227
4703.169922 0.000000 3289.331299 0.000000 0.865955 0.000000 -0.500122 0.530190 0.530190 0.530190
4734.710938 0.000000 3314.320068 0.000000 0.915212 0.000000 -0.402973 0.718483 0.718483 0.718483
4677.217285 0.000000 3324.242676 0.000000 0.885579 0.000000 -0.464489 0.555732 0.555732 0.555732
4713.785156 0.000000 3310.177002 0.000000 0.672957 0.000000 -0.739681 0.713517 0.713517 0.713517
4729.538086 0.000000 3299.044189 0.000000 0.873120 0.000000 -0.487506 0.652493 0.652493 0.652493
4675.510254 0.000000 3283.367920 0.000000 0.670186 0.000000 -0.742194 0.732812 0.732812 0.732812
4726.847168 0.000000 3318.955566 0.000000 0.672082 0.000000 -0.740476 0.553722 0.553722 0.553722
4689.255371 0.000000 3286.382080 0.000000 0.941867 0.000000 -0.335985 0.675507 0.675507 0.675507
4705.743164 0.000000 3276.332275 0.000000 0.674521 0.000000 -0.738256 0.713440 0.713440 0.713440
4696.507324 0.000000 3323.618896 0.000000 0.940605 0.000000 -0.339503 0.560505 0.560505 0.560505
4697.831543 0.000000 3283.237305 0.000000 0.810653 0.000000 -0.585528 0.618953 0.618953 0.618953
4688.913574 0.000000 3279.876709 0.000000 0.597163 0.000000 -0.802120 0.644683 0.644683 0.644683
4680.070801 0.000000 3279.886475 0.000000 0.747159 0.000000 -0.664645 0.582347 0.582347 0.582347
4729.571289 0.000000 3315.949463 0.000000 0.939731 0.000000 -0.341915 0.683826 0.683826 0.683826
4702.228516 0.000000 3276.105469 0.000000 0.734200 0.000000 -0.678933 0.733258 0.733258 0.733258
4691.400879 0.000000 3332.066895 0.000000 0.662754 0.000000 -0.748837 0.644246 0.644246 0.644246
4672.405762 0.000000 3285.869873 0.000000 0.950984 0.000000 -0.309239 0.610014 0.610014 0.610014
4681.561035 0.000000 3327.239258 0.000000 0.884960 0.000000 -0.465668 0.713213 0.713213 0.713213
4724.906250 0.000000 3282.346191 0.000000 0.944979 0.000000 -0.327130 0.612573 0.612573 0.612573
4711.715332 0.000000 3323.600586 0.000000 0.713298 0.000000 -0.700861 0.627478 0.627478 0.627478
4715.191406 0.000000 3280.641113 0.000000 0.676231 0.000000 -0.736690 0.603790 0.603790 0.603790
4725.110840 0.000000 3292.941406 0.000000 0.609098 0.000000 -0.793095 0.735212 0.735212 0.735212
4729.619629 0.000000 3300.432617 0.000000 0.876894 0.000000 -0.480684 0.621525 0.621525 0.621525
4727.173828 0.000000 3279.141357 0.000000 0.900338 0.000000 -0.435191 0.595595 0.595595 0.595595
4733.388184 0.000000 3315.908691 0.000000 0.922491 0.000000 -0.386020 0.716622 0.716622 0.716622
4732.967285 0.000000 3287.683105 0.000000 0.702738 0.000000 -0.711449 0.636297 0.636297 0.636297
4729.661133 0.000000 3293.825684 0.000000 0.802631 0.000000 -0.596475 0.625551 0.625551 0.625551
4700.799316 0.000000 3308.613525 0.000000 0.748510 0.000000 -0.663123 0.730851 0.730851 0.730851
4705.751465 0.000000 3316.070312 0.000000 0.781901 0.000000 -0.623402 0.643158 0.643158 0.643158
4711.420898 0.000000 3307.597412 0.000000 0.663367 0.000000 -0.748294 0.675876 0.675876 0.675876
4730.567871 0.000000 3300.904053 0.000000 0.610868 0.000000 -0.791732 0.712188 0.712188 0.712188
4692.853027 0.000000 3297.010254 0.000000 0.616604 0.000000 -0.787273 0.624909 0.624909 0.624909
4693.486816 0.000000 3327.347900 0.000000 0.916659 0.000000 -0.399670 0.716311 0.716311 0.716311
4654.671387 0.000000 3379.032715 0.000000 0.687714 0.000000 -0.725982 0.424759 0.424759 0.424759
4650.638672 0.000000 3383.010742 0.000000 0.834085 0.000000 -0.551637 0.419354 0.419354 0.419354
4646.819824 0.000000 3384.829834 0.000000 0.889624 0.000000 -0.456695 0.425815 0.425815 0.425815
4651.311523 0.000000 3357.725830 0.000000 0.694109 0.000000 -0.719869 0.434926 0.434926 0.434926
4624.425781 0.000000 3383.281250 0.000000 0.762234 0.000000 -0.647301 0.484706 0.484706 0.484706
4655.392090 0.000000 3353.858398 0.000000 0.749930 0.000000 -0.661517 0.493297 0.493297 0.493297
4652.188965 0.000000 3337.599365 0.000000 0.777810 0.000000 -0.628499 0.482197 0.482197 0.482197
4655.546387 0.000000 3338.925537 0.000000 0.611800 0.000000 -0.791013 0.671706 0.671706 0.671706
4610.009277 0.000000 3353.626953 0.000000 0.616782 0.000000 -0.787134 0.540727 0.540727 0.540727
4623.028809 0.000000 3345.684082 0.000000 0.668860 0.000000 -0.743388 0.625062 0.625062 0.625062
4669.256836 0.000000 3337.942871 0.000000 0.737876 0.000000 -0.674936 0.516362 0.516362 0.516362
4623.223145 0.000000 3360.924561 0.000000 0.613146 0.000000 -0.789970 0.572323 0.572323 0.572323
4652.992676 0.000000 3355.478760 0.000000 0.896289 0.000000 -0.443471 0.593810 0.593810 0.593810
4612.220703 0.000000 3349.932861 0.000000 0.831741 0.000000 -0.555164 0.558269 0.558269 0.558269
4656.162598 0.000000 3346.441406 0.000000 0.796676 0.000000 -0.604406 0.706862 0.706862 0.706862
4618.511230 0.000000 3351.269043 0.000000 0.926779 0.000000 -0.375606 0.616096 0.616096 0.616096
4644.323242 0.000000 3343.078857 0.000000 0.916001 0.000000 -0.401175 0.639254 0.639254 0.639254
4657.437988 0.000000 3348.752930 0.000000 0.825663 0.000000 -0.564164 0.723203 0.723203 0.723203
4649.729980 0.000000 3338.550049 0.000000 0.809696 0.000000 -0.586850 0.724770 0.724770 0.724770
4620.187012 0.000000 3352.850586 0.000000 0.706274 0.000000 -0.707938 0.602664 0.602664 0.602664
4644.187500 0.000000 3345.633789 0.000000 0.925489 0.000000 -0.378775 0.662860 0.662860 0.662860
4655.757812 0.000000 3335.343506 0.000000 0.731759 0.000000 -0.681564 0.639237 0.639237 0.639237
4668.518066 0.000000 3345.900879 0.000000 0.594757 0.000000 -0.803906 0.693701 0.693701 0.693701
4654.654785 0.000000 3342.605713 0.000000 0.774837 0.000000 -0.632161 0.726371 0.726371 0.726371
4729.190430 0.000000 3374.685059 0.000000 0.898988 0.000000 -0.437974 0.423481 0.423481 0.423481
4725.101074 0.000000 3377.903564 0.000000 0.634757 0.000000 -0.772712 0.444436 0.444436 0.444436
4698.529785 0.000000 3387.984863 0.000000 0.869314 0.000000 -0.494260 0.428487 0.428487 0.428487
4690.442383 0.000000 3347.594727 0.000000 0.755101 0.000000 -0.655609 0.464344 0.464344 0.464344
4676.635742 0.000000 3344.980957 0.000000 0.696711 0.000000 -0.717352 0.482358 0.482358 0.482358
4690.834473 0.000000 3359.167480 0.000000 0.720371 0.000000 -0.693589 0.494135 0.494135 0.494135
4693.272461 0.000000 3340.947754 0.000000 0.889691 0.000000 -0.456564 0.474341 0.474341 0.474341
4673.598145 0.000000 3336.143799 0.000000 0.653404 0.000000 -0.757009 0.487592 0.487592 0.487592
4674.875977 0.000000 3365.164795 0.000000 0.876449 0.000000 -0.481494 0.495154 0.495154 0.495154
4677.475098 0.000000 3340.854248 0.000000 0.859653 0.000000 -0.510879 0.522306 0.522306 0.522306
4706.454102 0.000000 3373.599365 0.000000 0.696667 0.000000 -0.717395 0.507217 0.507217 0.507217
4723.649902 0.000000 3385.199707 0.000000 0.950061 0.000000 -0.312065 0.547729 0.547729 0.547729
4718.049316 0.000000 3370.491699 0.000000 0.839210 0.000000 -0.543808 0.723211 0.723211 0.723211
4692.179199 0.000000 3333.855225 0.000000 0.646113 0.000000 -0.763242 0.735584 0.735584 0.735584
4718.953613 0.000000 3385.977783 0.000000 0.604698 0.000000 -0.796455 0.738082 0.738082 0.738082
4673.993652 0.000000 3356.028076 0.000000 0.711564 0.000000 -0.702622 0.539980 0.539980 0.539980
4686.623047 0.000000 3337.289551 0.000000 0.661758 0.000000 -0.749717 0.612719 0.612719 0.612719
4691.737305 0.000000 3339.059814 0.000000 0.608261 0.000000 -0.793737 0.543064 0.543064 0.543064
4715.584473 0.000000 3371.653076 0.000000 0.816420 0.000000 -0.577459 0.724206 0.724206 0.724206
4717.494141 0.000000 3374.218506 0.000000 0.714274 0.000000 -0.699866 0.644189 0.644189 0.644189
4673.515137 0.000000 3361.763184 0.000000 0.704386 0.000000 -0.709817 0.571428 0.571428 0.571428
4715.446289 0.000000 3374.189697 0.000000 0.722308 0.000000 -0.691571 0.633375 0.633375 0.633375
4689.255371 0.000000 3342.866455 0.000000 0.944074 0.000000 -0.329734 0.548172 0.548172 0.548172
4672.213379 0.000000 3344.679688 0.000000 0.893390 0.000000 -0.449283 0.606213 0.606213 0.606213
4707.980469 0.000000 3380.371582 0.000000 0.929917 0.000000 -0.367770 0.561250 0.561250 0.561250
4713.761719 0.000000 3371.567383 0.000000 0.885978 0.000000 -0.463727 0.623006 0.623006 0.623006
4709.261230 0.000000 3381.959717 0.000000 0.907779 0.000000 -0.419449 0.660251 0.660251 0.660251
4725.492676 0.000000 3388.107422 0.000000 0.753023 0.000000 -0.657994 0.602891 0.602891 0.602891
4724.629395 0.000000 3374.778320 0.000000 0.627457 0.000000 -0.778651 0.700791 0.700791 0.700791
4719.144043 0.000000 3370.302734 0.000000 0.706551 0.000000 -0.707662 0.731738 0.731738 0.731738
4727.349609 0.000000 3373.048096 0.000000 0.931551 0.000000 -0.363611 0.589424 0.589424 0.589424
4711.715332 0.000000 3380.084961 0.000000 0.798918 0.000000 -0.601440 0.656827 0.656827 0.656827
4695.045898 0.000000 3334.211914 0.000000 0.886074 0.000000 -0.463543 0.718278 0.718278 0.718278
4794.637207 0.000000 3303.027344 0.000000 0.783225 0.000000 -0.621739 0.409112 0.409112 0.409112
4744.627441 0.000000 3316.118164 0.000000 0.605017 0.000000 -0.796213 0.472078 0.472078 0.472078
4799.025879 0.000000 3325.458984 0.000000 0.649271 0.000000 -0.760557 0.475230 0.475230 0.475230
4774.707031 0.000000 3284.651123 0.000000 0.749101 0.000000 -0.662456 0.476845 0.476845 0.476845
4782.421387 0.000000 3285.140869 0.000000 0.843987 0.000000 -0.536363 0.482133 0.482133 0.482133
4792.732422 0.000000 3324.650879 0.000000 0.860519 0.000000 -0.509419 0.599938 0.599938 0.599938
4775.743652 0.000000 3311.834229 0.000000 0.933500 0.000000 -0.358576 0.621633 0.621633 0.621633
4778.913086 0.000000 3330.093994 0.000000 0.607077 0.000000 -0.794643 0.736514 0.736514 0.736514
4759.285645 0.000000 3315.804199 0.000000 0.712863 0.000000 -0.701303 0.560724 0.560724 0.560724
4738.857910 0.000000 3318.437256 0.000000 0.646921 0.000000 -0.762557 0.734707 0.734707 0.734707
4793.099121 0.000000 3323.095947 0.000000 0.615383 0.000000 -0.788229 0.542862 0.542862 0.542862
4779.276855 0.000000 3321.580322 0.000000 0.615338 0.000000 -0.788263 0.542864 0.542864 0.542864
4777.821777 0.000000 3290.550781 0.000000 0.794206 0.000000 -0.607649 0.726764 0.726764 0.726764
4779.365234 0.000000 3319.081543 0.000000 0.912726 0.000000 -0.408571 0.529942 0.529942 0.529942
4777.849121 0.000000 3286.765869 0.000000 0.950655 0.000000 -0.310252 0.593937 0.593937 0.593937
4775.513672 0.000000 3330.735840 0.000000 0.705258 0.000000 -0.708951 0.730503 0.730503 0.730503
4769.799316 0.000000 3314.979736 0.000000 0.832046 0.000000 -0.554707 0.726204 0.726204 0.726204
4744.362793 0.000000 3331.878662 0.000000 0.821313 0.000000 -0.570477 0.653541 0.653541 0.653541
4782.356934 0.000000 3293.390869 0.000000 0.753877 0.000000 -0.657015 0.659106 0.659106 0.659106
4779.277832 0.000000 3289.106445 0.000000 0.949870 0.000000 -0.312647 0.680718 0.680718 0.680718
4787.578125 0.000000 3299.331055 0.000000 0.922536 0.000000 -0.385911 0.709914 0.709914 0.709914
4770.956543 0.000000 3297.323975 0.000000 0.937939 0.000000 -0.346799 0.715751 0.715751 0.715751
4780.563965 0.000000 3315.813477 0.000000 0.791393 0.000000 -0.611308 0.727931 0.727931 0.727931
4790.610352 0.000000 3326.007080 0.000000 0.842055 0.000000 -0.539392 0.672988 0.672988 0.672988
4745.391113 0.000000 3310.657227 0.000000 0.745324 0.000000 -0.666703 0.728631 0.728631 0.728631
4778.690430 0.000000 3332.136963 0.000000 0.918160 0.000000 -0.396210 0.717229 0.717229 0.717229
4762.378418 0.000000 3326.767578 0.000000 0.754467 0.000000 -0.656338 0.650728 0.650728 0.650728
4768.087402 0.000000 3316.212891 0.000000 0.789582 0.000000 -0.613645 0.727710 0.727710 0.727710
4781.039062 0.000000 3313.517090 0.000000 0.928057 0.000000 -0.372438 0.717007 0.717007 0.717007
4768.724121 0.000000 3298.510010 0.000000 0.648309 0.000000 -0.761377 0.738567 0.738567 0.738567
4741.862793 0.000000 3311.958740 0.000000 0.912807 0.000000 -0.408391 0.680229 0.680229 0.680229
4787.716797 0.000000 3278.345947 0.000000 0.801847 0.000000 -0.597530 0.724622 0.724622 0.724622
4741.937500 0.000000 3276.593750 0.000000 0.903857 0.000000 -0.427834 0.685054 0.685054 0.685054
4736.352051 0.000000 3314.479492 0.000000 0.853827 0.000000 -0.520556 0.722676 0.722676 0.722676
4743.241211 0.000000 3310.623291 0.000000 0.910585 0.000000 -0.413323 0.717611 0.717611 0.717611
4779.191406 0.000000 3280.641113 0.000000 0.940411 0.000000 -0.340041 0.708073 0.708073 0.708073
4744.698730 0.000000 3307.558594 0.000000 0.880067 0.000000 -0.474850 0.643841 0.643841 0.643841
4785.666504 0.000000 3296.464355 0.000000 0.816172 0.000000 -0.577809 0.695283 0.695283 0.695283
4774.235352 0.000000 3313.578369 0.000000 0.651870 0.000000 -0.758331 0.621500 0.621500 0.621500
4778.282715 0.000000 3289.599609 0.000000 0.779921 0.000000 -0.625878 0.693235 0.693235 0.693235
4746.929199 0.000000 3315.246826 0.000000 0.677692 0.000000 -0.735346 0.735518 0.735518 0.735518
4863.586426 0.000000 3329.528320 0.000000 0.734167 0.000000 -0.678968 0.409689 0.409689 0.409689
4812.552734 0.000000 3302.287842 0.000000 0.641118 0.000000 -0.767443 0.411401 0.411401 0.411401
4830.725586 0.000000 3279.686279 0.000000 0.947244 0.000000 -0.320514 0.425573 0.425573 0.425573
4837.106445 0.000000 3288.691650 0.000000 0.945591 0.000000 -0.325358 0.477752 0.477752 0.477752
4809.676758 0.000000 3290.770264 0.000000 0.606044 0.000000 -0.795431 0.488731 0.488731 0.488731
4807.500488 0.000000 3295.390137 0.000000 0.935876 0.000000 -0.352330 0.494372 0.494372 0.494372
4847.484375 0.000000 3295.552734 0.000000 0.920627 0.000000 -0.390443 0.640923 0.640923 0.640923
4847.249023 0.000000 3298.831055 0.000000 0.853914 0.000000 -0.520414 0.724295 0.724295 0.724295
4851.413574 0.000000 3295.644287 0.000000 0.745497 0.000000 -0.666509 0.728175 0.728175 0.728175
4800.489258 0.000000 3307.515869 0.000000 0.608794 0.000000 -0.793329 0.725090 0.725090 0.725090
4851.578125 0.000000 3299.331055 0.000000 0.610021 0.000000 -0.792385 0.561907 0.561907 0.561907
4801.670898 0.000000 3326.014404 0.000000 0.920043 0.000000 -0.391818 0.586191 0.586191 0.586191
4811.572266 0.000000 3301.672607 0.000000 0.740154 0.000000 -0.672437 0.559775 0.559775 0.559775
4850.122070 0.000000 3293.146729 0.000000 0.752350 0.000000 -0.658764 0.690547 0.690547 0.690547
4810.690430 0.000000 3322.455566 0.000000 0.871595 0.000000 -0.490227 0.720370 0.720370 0.720370
4844.319336 0.000000 3300.894043 0.000000 0.673399 0.000000 -0.739279 0.737004 0.737004 0.737004
4814.294922 0.000000 3322.602051 0.000000 0.838756 0.000000 -0.544508 0.723345 0.723345 0.723345
4810.944824 0.000000 3324.368408 0.000000 0.591413 0.000000 -0.806369 0.736554 0.736554 0.736554
4759.191895 0.000000 3378.468750 0.000000 0.668611 0.000000 -0.743612 0.411345 0.411345 0.411345
4756.314941 0.000000 3359.483643 0.000000 0.801818 0.000000 -0.597569 0.534822 0.534822 0.534822
4760.631836 0.000000 3343.190918 0.000000 0.690949 0.000000 -0.722904 0.576066 0.576066 0.576066
4748.183105 0.000000 3342.233398 0.000000 0.688556 0.000000 -0.725184 0.517825 0.517825 0.517825
4785.067871 0.000000 3337.107178 0.000000 0.591814 0.000000 -0.806075 0.608864 0.608864 0.608864
4780.736816 0.000000 3335.400146 0.000000 0.906795 0.000000 -0.421571 0.719013 0.719013 0.719013
4753.255371 0.000000 3342.866455 0.000000 0.777114 0.000000 -0.629359 0.676704 0.676704 0.676704
4744.362793 0.000000 3388.363037 0.000000 0.949263 0.000000 -0.314483 0.581981 0.581981 0.581981
4762.672852 0.000000 3370.853516 0.000000 0.844487 0.000000 -0.535576 0.561804 0.561804 0.561804
4758.963379 0.000000 3355.051025 0.000000 0.661802 0.000000 -0.749679 0.682288 0.682288 0.682288
4754.209473 0.000000 3343.481689 0.000000 0.712776 0.000000 -0.701392 0.696767 0.696767 0.696767
4783.740234 0.000000 3347.716797 0.000000 0.801313 0.000000 -0.598245 0.677462 0.677462 0.677462
4777.729980 0.000000 3338.550049 0.000000 0.710399 0.000000 -0.703799 0.587895 0.587895 0.587895
4754.778809 0.000000 3339.597412 0.000000 0.857805 0.000000 -0.513975 0.585742 0.585742 0.585742
4785.364258 0.000000 3334.867432 0.000000 0.732178 0.000000 -0.681113 0.632950 0.632950 0.632950
4779.303711 0.000000 3335.138428 0.000000 0.780090 0.000000 -0.625667 0.729947 0.729947 0.729947
4779.132812 0.000000 3347.945068 0.000000 0.911802 0.000000 -0.410631 0.718857 0.718857 0.718857
4777.046387 0.000000 3332.902832 0.000000 0.864148 0.000000 -0.503238 0.723500 0.723500 0.723500
4779.281250 0.000000 3344.192627 0.000000 0.845718 0.000000 -0.533630 0.723264 0.723264 0.723264
4754.751953 0.000000 3346.642578 0.000000 0.866150 0.000000 -0.499785 0.609871 0.609871 0.609871
4748.269531 0.000000 3340.435791 0.000000 0.913943 0.000000 -0.405843 0.696443 0.696443 0.696443
4782.654785 0.000000 3342.605713 0.000000 0.896969 0.000000 -0.442093 0.716321 0.716321 0.716321
4777.550293 0.000000 3348.369629 0.000000 0.802606 0.000000 -0.596509 0.637975 0.637975 0.637975
4861.738281 0.000000 3360.827393 0.000000 0.940644 0.000000 -0.339395 0.404755 0.404755 0.404755
4845.836426 0.000000 3385.210938 0.000000 0.941605 0.000000 -0.336719 0.423832 0.423832 0.423832
4835.595703 0.000000 3352.689941 0.000000 0.879995 0.000000 -0.474984 0.458508 0.458508 0.458508
4862.095703 0.000000 3364.124268 0.000000 0.679357 0.000000 -0.733808 0.495239 0.495239 0.495239
4819.301758 0.000000 3352.146973 0.000000 0.642616 0.000000 -0.766189 0.519103 0.519103 0.519103
4810.576172 0.000000 3362.921875 0.000000 0.922985 0.000000 -0.384836 0.541488 0.541488 0.541488
4856.732422 0.000000 3381.135254 0.000000 0.711434 0.000000 -0.702753 0.525454 0.525454 0.525454
4827.430664 0.000000 3373.212891 0.000000 0.815768 0.000000 -0.578379 0.534295 0.534295 0.534295
4858.264648 0.000000 3383.216064 0.000000 0.651666 0.000000 -0.758506 0.703933 0.703933 0.703933
4802.034668 0.000000 3358.663818 0.000000 0.936412 0.000000 -0.350901 0.536614 0.536614 0.536614
4857.653809 0.000000 3385.418701 0.000000 0.891160 0.000000 -0.453689 0.557474 0.557474 0.557474
4863.583984 0.000000 3384.873047 0.000000 0.764904 0.000000 -0.644144 0.729539 0.729539 0.729539
4893.034668 0.000000 3216.608887 0.000000 0.832715 0.000000 -0.553702 0.496811 0.496811 0.496811
4888.351074 0.000000 3215.255371 0.000000 0.765096 0.000000 -0.643916 0.731116 0.731116 0.731116
4882.134277 0.000000 3219.525146 0.000000 0.900368 0.000000 -0.435130 0.720062 0.720062 0.720062
4891.313477 0.000000 3210.758545 0.000000 0.872871 0.000000 -0.487951 0.595171 0.595171 0.595171
4889.064941 0.000000 3213.763672 0.000000 0.821777 0.000000 -0.569809 0.725958 0.725958 0.725958
4888.413086 0.000000 3216.543213 0.000000 0.843468 0.000000 -0.537179 0.725271 0.725271 0.725271
4883.400879 0.000000 3219.098145 0.000000 0.712028 0.000000 -0.702151 0.734689 0.734689 0.734689
4889.314941 0.000000 3215.854736 0.000000 0.773496 0.000000 -0.633802 0.730531 0.730531 0.730531
4890.823242 0.000000 3212.845215 0.000000 0.773655 0.000000 -0.633607 0.729500 0.729500 0.729500
4886.794922 0.000000 3217.004395 0.000000 0.914894 0.000000 -0.403694 0.718518 0.718518 0.718518
4883.158691 0.000000 3217.456055 0.000000 0.783495 0.000000 -0.621398 0.729354 0.729354 0.729354
4866.627930 0.000000 3248.316650 0.000000 0.613203 0.000000 -0.789926 0.419998 0.419998 0.419998
4869.351074 0.000000 3257.735352 0.000000 0.844939 0.000000 -0.534862 0.445464 0.445464 0.445464
4873.676758 0.000000 3234.285889 0.000000 0.855612 0.000000 -0.517617 0.502084 0.502084 0.502084
4869.854492 0.000000 3254.362549 0.000000 0.810609 0.000000 -0.585588 0.516020 0.516020 0.516020
4868.081543 0.000000 3239.579102 0.000000 0.689423 0.000000 -0.724359 0.736030 0.736030 0.736030
4878.623047 0.000000 3224.320801 0.000000 0.735743 0.000000 -0.677261 0.666252 0.666252 0.666252
4868.993652 0.000000 3243.792480 0.000000 0.605709 0.000000 -0.795686 0.735537 0.735537 0.735537
4865.950684 0.000000 3259.583740 0.000000 0.839169 0.000000 -0.543871 0.543603 0.543603 0.543603
4881.011230 0.000000 3220.946533 0.000000 0.871650 0.000000 -0.490129 0.722827 0.722827 0.722827
4865.312988 0.000000 3239.094971 0.000000 0.762648 0.000000 -0.646813 0.731346 0.731346 0.731346
4865.148926 0.000000 3243.758545 0.000000 0.738050 0.000000 -0.674746 0.732163 0.732163 0.732163
4879.058105 0.000000 3225.335693 0.000000 0.931729 0.000000 -0.363155 0.654193 0.654193 0.654193
4911.868652 0.000000 3324.504639 0.000000 0.804245 0.000000 -0.594298 0.408389 0.408389 0.408389
4868.588867 0.000000 3285.731201 0.000000 0.885087 0.000000 -0.465426 0.531347 0.531347 0.531347
4869.475098 0.000000 3284.369873 0.000000 0.806062 0.000000 -0.591831 0.534664 0.534664 0.534664
4869.292969 0.000000 3282.111084 0.000000 0.857447 0.000000 -0.514572 0.538725 0.538725 0.538725
4940.457520 0.000000 3327.869629 0.000000 0.867648 0.000000 -0.497179 0.407041 0.407041 0.407041
4956.944336 0.000000 3311.961182 0.000000 0.891432 0.000000 -0.453155 0.415664 0.415664 0.415664
4985.190430 0.000000 3318.200684 0.000000 0.677196 0.000000 -0.735803 0.418789 0.418789 0.418789
4979.561035 0.000000 3302.355713 0.000000 0.702670 0.000000 -0.711516 0.434742 0.434742 0.434742
4987.262207 0.000000 3298.229736 0.000000 0.796889 0.000000 -0.604126 0.455014 0.455014 0.455014
4956.266602 0.000000 3313.460938 0.000000 0.755654 0.000000 -0.654971 0.470496 0.470496 0.470496
4982.848633 0.000000 3298.606445 0.000000 0.658992 0.000000 -0.752150 0.518655 0.518655 0.518655
4950.889648 0.000000 3325.355713 0.000000 0.935351 0.000000 -0.353722 0.484346 0.484346 0.484346
4966.014160 0.000000 3306.922363 0.000000 0.626043 0.000000 -0.779788 0.496592 0.496592 0.496592
4962.937988 0.000000 3306.598877 0.000000 0.695306 0.000000 -0.718714 0.534252 0.534252 0.534252
4979.649902 0.000000 3328.715332 0.000000 0.924006 0.000000 -0.382378 0.509127 0.509127 0.509127
4983.533691 0.000000 3330.049316 0.000000 0.778557 0.000000 -0.627573 0.601809 0.601809 0.601809
4985.653809 0.000000 3328.934326 0.000000 0.842880 0.000000 -0.538102 0.586487 0.586487 0.586487
4920.473633 0.000000 3340.708984 0.000000 0.909941 0.000000 -0.414739 0.405894 0.405894 0.405894
4923.529785 0.000000 3333.225098 0.000000 0.659755 0.000000 -0.751481 0.441846 0.441846 0.441846
4886.911621 0.000000 3373.567627 0.000000 0.788117 0.000000 -0.615526 0.426633 0.426633 0.426633
4867.050781 0.000000 3335.972412 0.000000 0.665111 0.000000 -0.746745 0.458281 0.458281 0.458281
4926.038574 0.000000 3356.561279 0.000000 0.645125 0.000000 -0.764077 0.473250 0.473250 0.473250
4889.909180 0.000000 3349.664307 0.000000 0.950843 0.000000 -0.309673 0.487464 0.487464 0.487464
4882.338867 0.000000 3340.611328 0.000000 0.922322 0.000000 -0.386422 0.507200 0.507200 0.507200
4925.294434 0.000000 3348.093506 0.000000 0.862060 0.000000 -0.506806 0.483519 0.483519 0.483519
4865.945801 0.000000 3348.881836 0.000000 0.757780 0.000000 -0.652510 0.503368 0.503368 0.503368
4888.230957 0.000000 3347.586914 0.000000 0.778957 0.000000 -0.627078 0.529469 0.529469 0.529469
4911.221680 0.000000 3373.280273 0.000000 0.780529 0.000000 -0.625119 0.730093 0.730093 0.730093
4889.534668 0.000000 3342.140137 0.000000 0.620295 0.000000 -0.784369 0.521792 0.521792 0.521792
4867.094727 0.000000 3387.362305 0.000000 0.868882 0.000000 -0.495018 0.658927 0.658927 0.658927
4871.386719 0.000000 3377.793701 0.000000 0.945174 0.000000 -0.326568 0.505879 0.505879 0.505879
4909.556641 0.000000 3378.221436 0.000000 0.939843 0.000000 -0.341608 0.574672 0.574672 0.574672
4897.632324 0.000000 3386.387451 0.000000 0.765356 0.000000 -0.643608 0.542323 0.542323 0.542323
4884.561035 0.000000 3383.343506 0.000000 0.632969 0.000000 -0.774177 0.723948 0.723948 0.723948
4916.695801 0.000000 3368.681885 0.000000 0.872781 0.000000 -0.488112 0.701819 0.701819 0.701819
4913.743164 0.000000 3372.223877 0.000000 0.752267 0.000000 -0.658859 0.730357 0.730357 0.730357
4914.448730 0.000000 3375.802979 0.000000 0.886252 0.000000 -0.463203 0.525196 0.525196 0.525196
4910.644531 0.000000 3377.574463 0.000000 0.788257 0.000000 -0.615347 0.699020 0.699020 0.699020
4891.313477 0.000000 3380.211670 0.000000 0.836169 0.000000 -0.548472 0.590921 0.590921 0.590921
4869.351562 0.000000 3384.211182 0.000000 0.757611 0.000000 -0.652707 0.727963 0.727963 0.727963
4912.827148 0.000000 3376.416016 0.000000 0.664647 0.000000 -0.747157 0.558134 0.558134 0.558134
4867.040527 0.000000 3380.623779 0.000000 0.930781 0.000000 -0.365577 0.715174 0.715174 0.715174
4912.564941 0.000000 3367.171143 0.000000 0.779131 0.000000 -0.626861 0.725989 0.725989 0.725989
4884.942871 0.000000 3382.185303 0.000000 0.762667 0.000000 -0.646792 0.717210 0.717210 0.717210
4867.005859 0.000000 3383.536133 0.000000 0.690910 0.000000 -0.722941 0.735656 0.735656 0.735656
4888.446289 0.000000 3375.917236 0.000000 0.821149 0.000000 -0.570714 0.616369 0.616369 0.616369
4878.090820 0.000000 3376.612061 0.000000 0.616319 0.000000 -0.787496 0.735178 0.735178 0.735178
4888.939453 0.000000 3377.889160 0.000000 0.624820 0.000000 -0.780769 0.737576 0.737576 0.737576
4879.688965 0.000000 3382.554443 0.000000 0.676990 0.000000 -0.735992 0.692165 0.692165 0.692165
4880.360840 0.000000 3379.122803 0.000000 0.764207 0.000000 -0.644970 0.731238 0.731238 0.731238
4872.403320 0.000000 3383.325684 0.000000 0.868944 0.000000 -0.494911 0.663031 0.663031 0.663031
4910.767090 0.000000 3372.390869 0.000000 0.816611 0.000000 -0.577188 0.727419 0.727419 0.727419
4963.200195 0.000000 3345.375000 0.000000 0.658246 0.000000 -0.752803 0.411575 0.411575 0.411575
4940.289551 0.000000 3346.025391 0.000000 0.793379 0.000000 -0.608728 0.475583 0.475583 0.475583
4955.442383 0.000000 3341.000977 0.000000 0.703332 0.000000 -0.710861 0.734823 0.734823 0.734823
4959.169922 0.000000 3345.815674 0.000000 0.765975 0.000000 -0.642871 0.523725 0.523725 0.523725
4972.736816 0.000000 3335.400146 0.000000 0.843196 0.000000 -0.537606 0.574162 0.574162 0.574162
4952.312988 0.000000 3336.007080 0.000000 0.803266 0.000000 -0.595620 0.633800 0.633800 0.633800
4956.237305 0.000000 3336.553467 0.000000 0.605077 0.000000 -0.796167 0.737902 0.737902 0.737902
4960.901855 0.000000 3339.461914 0.000000 0.877932 0.000000 -0.478786 0.709656 0.709656 0.709656
4977.195312 0.000000 3332.941162 0.000000 0.936577 0.000000 -0.350463 0.599144 0.599144 0.599144
4979.501953 0.000000 3332.645020 0.000000 0.811673 0.000000 -0.584112 0.592070 0.592070 0.592070
4970.590820 0.000000 3335.987061 0.000000 0.891429 0.000000 -0.453160 0.587991 0.587991 0.587991
4928.016602 0.000000 3355.731445 0.000000 0.676467 0.000000 -0.736473 0.582837 0.582837 0.582837
4955.200684 0.000000 3343.208252 0.000000 0.835833 0.000000 -0.548984 0.722750 0.722750 0.722750
4959.684570 0.000000 3336.713379 0.000000 0.613812 0.000000 -0.789452 0.734665 0.734665 0.734665
4977.862305 0.000000 3333.780029 0.000000 0.759491 0.000000 -0.650518 0.608855 0.608855 0.608855
4971.303711 0.000000 3335.138428 0.000000 0.907982 0.000000 -0.419008 0.586982 0.586982 0.586982
4957.639160 0.000000 3336.053223 0.000000 0.892463 0.000000 -0.451121 0.719262 0.719262 0.719262
4935.536621 0.000000 3346.819336 0.000000 0.850178 0.000000 -0.526495 0.635412 0.635412 0.635412
4993.843750 0.000000 3322.473389 0.000000 0.852865 0.000000 -0.522132 0.457410 0.457410 0.457410
4998.164062 0.000000 3304.663574 0.000000 0.831311 0.000000 -0.555807 0.484607 0.484607 0.484607
4999.959473 0.000000 3325.352539 0.000000 0.649922 0.000000 -0.760001 0.556502 0.556502 0.556502
4996.470703 0.000000 3311.082764 0.000000 0.736205 0.000000 -0.676759 0.559915 0.559915 0.559915
4995.040527 0.000000 3324.139404 0.000000 0.913874 0.000000 -0.405999 0.546070 0.546070 0.546070
4671.927246 0.000000 3403.807861 0.000000 0.669646 0.000000 -0.742681 0.553798 0.553798 0.553798
4697.916992 0.000000 3433.828613 0.000000 0.760061 0.000000 -0.649852 0.409643 0.409643 0.409643
4684.526855 0.000000 3412.108398 0.000000 0.933810 0.000000 -0.357771 0.404951 0.404951 0.404951
4693.555664 0.000000 3393.147461 0.000000 0.945454 0.000000 -0.325754 0.453699 0.453699 0.453699
4694.014160 0.000000 3394.596680 0.000000 0.931882 0.000000 -0.362761 0.484531 0.484531 0.484531
4735.423340 0.000000 3392.537842 0.000000 0.841578 0.000000 -0.540136 0.644141 0.644141 0.644141
4733.818848 0.000000 3390.427734 0.000000 0.889755 0.000000 -0.456438 0.718720 0.718720 0.718720
4734.025391 0.000000 3392.190674 0.000000 0.832510 0.000000 -0.554009 0.644654 0.644654 0.644654
4689.185059 0.000000 3403.568604 0.000000 0.942886 0.000000 -0.333117 0.510041 0.510041 0.510041
4730.353516 0.000000 3390.192871 0.000000 0.873898 0.000000 -0.486109 0.719517 0.719517 0.719517
4729.375000 0.000000 3392.320312 0.000000 0.864653 0.000000 -0.502369 0.573118 0.573118 0.573118
4716.451660 0.000000 3432.675049 0.000000 0.627262 0.000000 -0.778809 0.540429 0.540429 0.540429
4727.961426 0.000000 3390.755127 0.000000 0.935113 0.000000 -0.354350 0.713863 0.713863 0.713863
4735.475098 0.000000 3393.829834 0.000000 0.697758 0.000000 -0.716334 0.651199 0.651199 0.651199
4728.491211 0.000000 3389.892090 0.000000 0.684398 0.000000 -0.729109 0.683375 0.683375 0.683375
4746.235840 0.000000 3432.746826 0.000000 0.805514 0.000000 -0.592577 0.411938 0.411938 0.411938
4744.993164 0.000000 3392.189209 0.000000 0.719234 0.000000 -0.694768 0.469389 0.469389 0.469389
4762.283691 0.000000 3435.608398 0.000000 0.602580 0.000000 -0.798058 0.513887 0.513887 0.513887
4761.770020 0.000000 3428.230225 0.000000 0.702639 0.000000 -0.711547 0.542341 0.542341 0.542341
4749.181641 0.000000 3390.878418 0.000000 0.635425 0.000000 -0.772163 0.717444 0.717444 0.717444
4842.135254 0.000000 3393.562012 0.000000 0.932340 0.000000 -0.361584 0.476461 0.476461 0.476461
4844.736816 0.000000 3391.884521 0.000000 0.815195 0.000000 -0.579187 0.532264 0.532264 0.532264
4854.497559 0.000000 3402.226318 0.000000 0.877192 0.000000 -0.480140 0.574513 0.574513 0.574513
4895.969727 0.000000 3390.189453 0.000000 0.932126 0.000000 -0.362133 0.658212 0.658212 0.658212
5404.161133 0.000000 2872.830811 0.000000 0.721152 0.000000 -0.692777 0.434336 0.434336 0.434336
5416.687988 0.000000 2846.719482 0.000000 0.725543 0.000000 -0.688177 0.456867 0.456867 0.456867
5404.899902 0.000000 2875.767334 0.000000 0.755599 0.000000 -0.655034 0.458169 0.458169 0.458169
5420.330078 0.000000 2842.983643 0.000000 0.756736 0.000000 -0.653721 0.559178 0.559178 0.559178
5405.048828 0.000000 2825.861328 0.000000 0.643451 0.000000 -0.765488 0.565079 0.565079 0.565079
5434.305176 0.000000 2924.684570 0.000000 0.806691 0.000000 -0.590973 0.408398 0.408398 0.408398
5433.814453 0.000000 2899.545654 0.000000 0.872667 0.000000 -0.488315 0.432431 0.432431 0.432431
5418.375488 0.000000 2912.246338 0.000000 0.725646 0.000000 -0.688068 0.454805 0.454805 0.454805
5416.469727 0.000000 2899.968262 0.000000 0.594045 0.000000 -0.804432 0.468150 0.468150 0.468150
5419.248047 0.000000 2927.900146 0.000000 0.619942 0.000000 -0.784648 0.523892 0.523892 0.523892
5431.433594 0.000000 2901.906250 0.000000 0.647884 0.000000 -0.761739 0.529392 0.529392 0.529392
5438.710938 0.000000 2918.929443 0.000000 0.613048 0.000000 -0.790046 0.555517 0.555517 0.555517
5435.484375 0.000000 2921.899414 0.000000 0.930768 0.000000 -0.365611 0.714390 0.714390 0.714390
5416.275879 0.000000 2929.475830 0.000000 0.718452 0.000000 -0.695576 0.581345 0.581345 0.581345
5433.036621 0.000000 2894.229492 0.000000 0.598216 0.000000 -0.801335 0.595974 0.595974 0.595974
5443.621094 0.000000 2917.791016 0.000000 0.683109 0.000000 -0.730316 0.517980 0.517980 0.517980
5374.948242 0.000000 3108.794678 0.000000 0.785800 0.000000 -0.618480 0.409256 0.409256 0.409256
5366.205566 0.000000 3141.854004 0.000000 0.625569 0.000000 -0.780169 0.677504 0.677504 0.677504
5375.246094 0.000000 3142.650146 0.000000 0.619656 0.000000 -0.784873 0.737931 0.737931 0.737931
5373.613770 0.000000 3133.211670 0.000000 0.848038 0.000000 -0.529936 0.711849 0.711849 0.711849
5369.725098 0.000000 3139.143311 0.000000 0.601628 0.000000 -0.798777 0.739050 0.739050 0.739050
5418.375488 0.000000 2968.730713 0.000000 0.922450 0.000000 -0.386116 0.440718 0.440718 0.440718
5406.191406 0.000000 2939.401611 0.000000 0.878718 0.000000 -0.477341 0.476798 0.476798 0.476798
5437.613770 0.000000 2963.758545 0.000000 0.915856 0.000000 -0.401507 0.560127 0.560127 0.560127
5438.282715 0.000000 2953.308350 0.000000 0.774166 0.000000 -0.632982 0.593708 0.593708 0.593708
5442.500488 0.000000 2956.931641 0.000000 0.921871 0.000000 -0.387498 0.405126 0.405126 0.405126
5443.837402 0.000000 2960.749512 0.000000 0.886097 0.000000 -0.463501 0.406353 0.406353 0.406353
5441.343750 0.000000 2950.500977 0.000000 0.907642 0.000000 -0.419744 0.578881 0.578881 0.578881
5429.860840 0.000000 3041.738281 0.000000 0.816875 0.000000 -0.576815 0.408319 0.408319 0.408319
5412.550293 0.000000 3024.465820 0.000000 0.598500 0.000000 -0.801123 0.412990 0.412990 0.412990
5432.862793 0.000000 3027.794678 0.000000 0.908875 0.000000 -0.417068 0.572716 0.572716 0.572716
5433.725098 0.000000 3026.174561 0.000000 0.940399 0.000000 -0.340074 0.570597 0.570597 0.570597
5468.380371 0.000000 3048.522217 0.000000 0.647567 0.000000 -0.762008 0.411897 0.411897 0.411897
5404.431641 0.000000 3057.664062 0.000000 0.911598 0.000000 -0.411083 0.405648 0.405648 0.405648
5390.604980 0.000000 3097.733154 0.000000 0.901944 0.000000 -0.431853 0.406109 0.406109 0.406109
5414.824707 0.000000 3055.394043 0.000000 0.780369 0.000000 -0.625319 0.409242 0.409242 0.409242
5419.095215 0.000000 3064.474854 0.000000 0.799203 0.000000 -0.601061 0.408951 0.408951 0.408951
5416.675293 0.000000 3097.196533 0.000000 0.662230 0.000000 -0.749301 0.508158 0.508158 0.508158
5412.268066 0.000000 3072.782227 0.000000 0.751406 0.000000 -0.659841 0.557300 0.557300 0.557300
5413.641602 0.000000 3077.438721 0.000000 0.753094 0.000000 -0.657913 0.590421 0.590421 0.590421
5420.578125 0.000000 3080.543701 0.000000 0.743927 0.000000 -0.668261 0.613674 0.613674 0.613674
5411.812500 0.000000 3085.580322 0.000000 0.886491 0.000000 -0.462745 0.667974 0.667974 0.667974
5461.502930 0.000000 3098.475342 0.000000 0.606476 0.000000 -0.795102 0.412162 0.412162 0.412162
5460.832520 0.000000 3062.735840 0.000000 0.645576 0.000000 -0.763696 0.411889 0.411889 0.411889
5460.984863 0.000000 3087.354248 0.000000 0.859385 0.000000 -0.511329 0.407316 0.407316 0.407316
5462.077637 0.000000 3067.330811 0.000000 0.703536 0.000000 -0.710659 0.410853 0.410853 0.410853
5456.382324 0.000000 3105.972656 0.000000 0.853226 0.000000 -0.521542 0.407671 0.407671 0.407671
5459.576660 0.000000 3085.607910 0.000000 0.927044 0.000000 -0.374952 0.418428 0.418428 0.418428
5452.080078 0.000000 3081.445068 0.000000 0.663864 0.000000 -0.747853 0.435561 0.435561 0.435561
5446.218750 0.000000 3069.230225 0.000000 0.774710 0.000000 -0.632317 0.628957 0.628957 0.628957
5463.342773 0.000000 3074.896729 0.000000 0.861589 0.000000 -0.507606 0.634744 0.634744 0.634744
5464.429199 0.000000 3074.089844 0.000000 0.667485 0.000000 -0.744623 0.732294 0.732294 0.732294
5443.040527 0.000000 3098.201904 0.000000 0.868089 0.000000 -0.496409 0.593388 0.593388 0.593388
5385.641113 0.000000 3159.828369 0.000000 0.871937 0.000000 -0.489618 0.406642 0.406642 0.406642
5418.288574 0.000000 3129.788330 0.000000 0.608711 0.000000 -0.793392 0.412217 0.412217 0.412217
5428.463867 0.000000 3121.722412 0.000000 0.859209 0.000000 -0.511625 0.407214 0.407214 0.407214
5406.608887 0.000000 3112.180176 0.000000 0.687566 0.000000 -0.726122 0.411078 0.411078 0.411078
5395.253418 0.000000 3154.227295 0.000000 0.781605 0.000000 -0.623774 0.412495 0.412495 0.412495
5399.416992 0.000000 3154.573486 0.000000 0.933444 0.000000 -0.358722 0.422182 0.422182 0.422182
5389.317383 0.000000 3159.867920 0.000000 0.899919 0.000000 -0.436057 0.461796 0.461796 0.461796
5393.288086 0.000000 3111.721924 0.000000 0.869780 0.000000 -0.493439 0.479167 0.479167 0.479167
5395.737305 0.000000 3113.122314 0.000000 0.664389 0.000000 -0.747387 0.551874 0.551874 0.551874
5380.993652 0.000000 3130.823730 0.000000 0.792803 0.000000 -0.609478 0.727546 0.727546 0.727546
5386.359863 0.000000 3114.458008 0.000000 0.639029 0.000000 -0.769182 0.737420 0.737420 0.737420
5400.231445 0.000000 3108.318848 0.000000 0.618565 0.000000 -0.785734 0.692677 0.692677 0.692677
5380.370605 0.000000 3133.230225 0.000000 0.678460 0.000000 -0.734637 0.599517 0.599517 0.599517
5378.857910 0.000000 3148.984131 0.000000 0.891277 0.000000 -0.453459 0.718177 0.718177 0.718177
5398.163574 0.000000 3109.605957 0.000000 0.943742 0.000000 -0.330682 0.584448 0.584448 0.584448
5395.222656 0.000000 3148.473633 0.000000 0.787028 0.000000 -0.616917 0.653291 0.653291 0.653291
5377.312988 0.000000 3126.126221 0.000000 0.637028 0.000000 -0.770841 0.739223 0.739223 0.739223
5392.554199 0.000000 3159.415527 0.000000 0.819334 0.000000 -0.573317 0.649514 0.649514 0.649514
5388.215332 0.000000 3117.497070 0.000000 0.937935 0.000000 -0.346812 0.714793 0.714793 0.714793
5423.663086 0.000000 3123.723877 0.000000 0.928365 0.000000 -0.371669 0.630155 0.630155 0.630155
5379.978516 0.000000 3122.858643 0.000000 0.904735 0.000000 -0.425975 0.719610 0.719610 0.719610
5400.484375 0.000000 3106.651855 0.000000 0.801486 0.000000 -0.598013 0.571895 0.571895 0.571895
5379.154785 0.000000 3127.392578 0.000000 0.760777 0.000000 -0.649013 0.731475 0.731475 0.731475
5376.125977 0.000000 3126.062500 0.000000 0.709181 0.000000 -0.705027 0.734869 0.734869 0.734869
5391.758301 0.000000 3115.325684 0.000000 0.770066 0.000000 -0.637964 0.727627 0.727627 0.727627
5386.056641 0.000000 3130.287842 0.000000 0.766468 0.000000 -0.642282 0.698158 0.698158 0.698158
5399.045898 0.000000 3108.274414 0.000000 0.934138 0.000000 -0.356912 0.585191 0.585191 0.585191
5422.294922 0.000000 3122.083496 0.000000 0.606341 0.000000 -0.795205 0.646457 0.646457 0.646457
5388.187012 0.000000 3126.913086 0.000000 0.929752 0.000000 -0.368186 0.676690 0.676690 0.676690
5395.158691 0.000000 3160.971680 0.000000 0.765020 0.000000 -0.644006 0.730999 0.730999 0.730999
5377.302734 0.000000 3111.193848 0.000000 0.653988 0.000000 -0.756505 0.734635 0.734635 0.734635
5387.088379 0.000000 3119.238770 0.000000 0.591354 0.000000 -0.806412 0.700247 0.700247 0.700247
5447.914551 0.000000 3108.477539 0.000000 0.845531 0.000000 -0.533927 0.407312 0.407312 0.407312
5450.564941 0.000000 3109.189453 0.000000 0.934539 0.000000 -0.355860 0.404996 0.404996 0.404996
5461.422363 0.000000 3130.995605 0.000000 0.950608 0.000000 -0.310393 0.421411 0.421411 0.421411
5461.101562 0.000000 3153.091553 0.000000 0.672022 0.000000 -0.740531 0.441587 0.441587 0.441587
5459.524902 0.000000 3143.574463 0.000000 0.883941 0.000000 -0.467598 0.474568 0.474568 0.474568
5462.889648 0.000000 3155.902588 0.000000 0.729276 0.000000 -0.684220 0.531118 0.531118 0.531118
5455.028809 0.000000 3119.746582 0.000000 0.875879 0.000000 -0.482530 0.558264 0.558264 0.558264
5455.467773 0.000000 3125.017334 0.000000 0.648086 0.000000 -0.761567 0.649056 0.649056 0.649056
5452.040527 0.000000 3125.413086 0.000000 0.787357 0.000000 -0.616497 0.725482 0.725482 0.725482
5451.088379 0.000000 3119.238770 0.000000 0.704333 0.000000 -0.709870 0.611102 0.611102 0.611102
5531.673340 0.000000 3102.929688 0.000000 0.887568 0.000000 -0.460678 0.425883 0.425883 0.425883
5528.351074 0.000000 3102.286621 0.000000 0.847610 0.000000 -0.530620 0.543242 0.543242 0.543242
5975.838867 0.000000 2855.242432 0.000000 0.719488 0.000000 -0.694505 0.521063 0.521063 0.521063
5926.707031 0.000000 2889.260498 0.000000 0.769422 0.000000 -0.638741 0.484498 0.484498 0.484498
5919.371094 0.000000 2935.764404 0.000000 0.861254 0.000000 -0.508175 0.606046 0.606046 0.606046
5902.558105 0.000000 2933.575928 0.000000 0.747161 0.000000 -0.664643 0.611456 0.611456 0.611456
5964.955566 0.000000 3049.535889 0.000000 0.926909 0.000000 -0.375285 0.498889 0.498889 0.498889
5966.943359 0.000000 3034.266357 0.000000 0.672172 0.000000 -0.740395 0.545372 0.545372 0.545372
5895.143066 0.000000 3077.540771 0.000000 0.744512 0.000000 -0.667609 0.410183 0.410183 0.410183
5891.385254 0.000000 3088.590820 0.000000 0.660460 0.000000 -0.750861 0.419114 0.419114 0.419114
5374.270020 0.000000 3167.556396 0.000000 0.877848 0.000000 -0.478939 0.406584 0.406584 0.406584
5379.505371 0.000000 3206.551270 0.000000 0.857665 0.000000 -0.514210 0.407038 0.407038 0.407038
5423.663086 0.000000 3173.136963 0.000000 0.646806 0.000000 -0.762654 0.411477 0.411477 0.411477
5392.716797 0.000000 3195.222900 0.000000 0.801552 0.000000 -0.597925 0.408800 0.408800 0.408800
5381.850586 0.000000 3180.903320 0.000000 0.766285 0.000000 -0.642501 0.494873 0.494873 0.494873
5388.183105 0.000000 3172.780273 0.000000 0.930239 0.000000 -0.366953 0.623924 0.623924 0.623924
5389.344238 0.000000 3177.414795 0.000000 0.724210 0.000000 -0.689579 0.556179 0.556179 0.556179
5393.185059 0.000000 3177.631104 0.000000 0.783533 0.000000 -0.621350 0.514901 0.514901 0.514901
5394.263672 0.000000 3175.211426 0.000000 0.749379 0.000000 -0.662141 0.728329 0.728329 0.728329
5393.255371 0.000000 3173.413330 0.000000 0.829426 0.000000 -0.558617 0.564527 0.564527 0.564527
5395.206055 0.000000 3171.956787 0.000000 0.940761 0.000000 -0.339071 0.714690 0.714690 0.714690
5392.122070 0.000000 3174.058838 0.000000 0.920531 0.000000 -0.390668 0.640931 0.640931 0.640931
5388.654785 0.000000 3166.829346 0.000000 0.608737 0.000000 -0.793372 0.735390 0.735390 0.735390
5394.778809 0.000000 3170.144287 0.000000 0.941109 0.000000 -0.338103 0.714647 0.714647 0.714647
5383.502930 0.000000 3170.398438 0.000000 0.840259 0.000000 -0.542185 0.716528 0.716528 0.716528
5391.814453 0.000000 3170.738037 0.000000 0.653182 0.000000 -0.757201 0.648851 0.648851 0.648851
5387.088379 0.000000 3175.723145 0.000000 0.921788 0.000000 -0.387694 0.683518 0.683518 0.683518
5392.719727 0.000000 3170.207031 0.000000 0.913882 0.000000 -0.405980 0.716255 0.716255 0.716255
5481.676758 0.000000 3181.191895 0.000000 0.855095 0.000000 -0.518471 0.407348 0.407348 0.407348
5479.299805 0.000000 3209.504395 0.000000 0.923096 0.000000 -0.384570 0.405460 0.405460 0.405460
5460.984863 0.000000 3200.322998 0.000000 0.702645 0.000000 -0.711540 0.410871 0.410871 0.410871
5476.144531 0.000000 3212.086426 0.000000 0.885235 0.000000 -0.465145 0.407785 0.407785 0.407785
5465.598145 0.000000 3186.756592 0.000000 0.933011 0.000000 -0.359848 0.426212 0.426212 0.426212
5464.512695 0.000000 3170.857910 0.000000 0.803382 0.000000 -0.595464 0.448703 0.448703 0.448703
5469.379395 0.000000 3174.600342 0.000000 0.816977 0.000000 -0.576671 0.723900 0.723900 0.723900
5473.315918 0.000000 3195.818115 0.000000 0.731548 0.000000 -0.681790 0.708427 0.708427 0.708427
5466.370605 0.000000 3185.714844 0.000000 0.713917 0.000000 -0.700231 0.544058 0.544058 0.544058
5464.864258 0.000000 3189.678955 0.000000 0.924081 0.000000 -0.382196 0.543442 0.543442 0.543442
5470.669434 0.000000 3178.741455 0.000000 0.901059 0.000000 -0.433697 0.636284 0.636284 0.636284
5462.963379 0.000000 3185.597900 0.000000 0.694353 0.000000 -0.719634 0.655550 0.655550 0.655550
5469.720703 0.000000 3185.708252 0.000000 0.871973 0.000000 -0.489554 0.666935 0.666935 0.666935
5467.200684 0.000000 3173.755127 0.000000 0.906439 0.000000 -0.422336 0.585048 0.585048 0.585048
5468.514160 0.000000 3176.921875 0.000000 0.680989 0.000000 -0.732294 0.734176 0.734176 0.734176
5475.876465 0.000000 3191.631104 0.000000 0.644969 0.000000 -0.764209 0.710616 0.710616 0.710616
5410.900879 0.000000 3219.674072 0.000000 0.665213 0.000000 -0.746653 0.410860 0.410860 0.410860
5396.994629 0.000000 3222.162109 0.000000 0.778345 0.000000 -0.627837 0.409252 0.409252 0.409252
5425.394043 0.000000 3244.939209 0.000000 0.886913 0.000000 -0.461936 0.406593 0.406593 0.406593
5430.158691 0.000000 3251.669189 0.000000 0.880529 0.000000 -0.473992 0.406830 0.406830 0.406830
5436.034180 0.000000 3267.432617 0.000000 0.849101 0.000000 -0.528231 0.425032 0.425032 0.425032
5483.095215 0.000000 3233.927979 0.000000 0.936787 0.000000 -0.349901 0.404980 0.404980 0.404980
5442.269043 0.000000 3273.043213 0.000000 0.789010 0.000000 -0.614381 0.409250 0.409250 0.409250
5442.026855 0.000000 3268.235596 0.000000 0.751355 0.000000 -0.659898 0.425450 0.425450 0.425450
5474.934570 0.000000 3223.178467 0.000000 0.907186 0.000000 -0.420730 0.421180 0.421180 0.421180
5493.177734 0.000000 3230.129883 0.000000 0.923746 0.000000 -0.383005 0.430612 0.430612 0.430612
5499.993164 0.000000 3236.153076 0.000000 0.708910 0.000000 -0.705299 0.471713 0.471713 0.471713
5497.206055 0.000000 3229.235840 0.000000 0.789821 0.000000 -0.613337 0.457255 0.457255 0.457255
5501.240234 0.000000 3233.640625 0.000000 0.910502 0.000000 -0.413504 0.475486 0.475486 0.475486
5533.237305 0.000000 3253.131592 0.000000 0.619150 0.000000 -0.785273 0.411950 0.411950 0.411950
5527.836426 0.000000 3270.222168 0.000000 0.592571 0.000000 -0.805519 0.412579 0.412579 0.412579
5507.820801 0.000000 3233.414795 0.000000 0.906803 0.000000 -0.421555 0.405910 0.405910 0.405910
5556.706543 0.000000 3275.924805 0.000000 0.796479 0.000000 -0.604667 0.409046 0.409046 0.409046
5509.141602 0.000000 3245.115723 0.000000 0.943562 0.000000 -0.331196 0.411732 0.411732 0.411732
5536.607910 0.000000 3258.699951 0.000000 0.693414 0.000000 -0.720540 0.418468 0.418468 0.418468
5534.716309 0.000000 3265.847412 0.000000 0.690686 0.000000 -0.723154 0.428817 0.428817 0.428817
5512.722168 0.000000 3252.128418 0.000000 0.775115 0.000000 -0.631820 0.424902 0.424902 0.424902
5525.101562 0.000000 3266.060303 0.000000 0.862572 0.000000 -0.505934 0.426666 0.426666 0.426666
5482.835938 0.000000 3282.100098 0.000000 0.940865 0.000000 -0.338781 0.404659 0.404659 0.404659
5460.994629 0.000000 3278.646484 0.000000 0.868930 0.000000 -0.494935 0.407006 0.407006 0.407006
5470.608887 0.000000 3281.633301 0.000000 0.805614 0.000000 -0.592441 0.408580 0.408580 0.408580
5478.337891 0.000000 3289.829834 0.000000 0.746336 0.000000 -0.665569 0.409891 0.409891 0.409891
5463.068359 0.000000 3280.604980 0.000000 0.773741 0.000000 -0.633503 0.409523 0.409523 0.409523
5468.979980 0.000000 3291.372803 0.000000 0.941423 0.000000 -0.337228 0.429850 0.429850 0.429850
5496.708984 0.000000 3296.537354 0.000000 0.778865 0.000000 -0.627192 0.441173 0.441173 0.441173
5562.305176 0.000000 3320.075195 0.000000 0.921527 0.000000 -0.388314 0.405297 0.405297 0.405297
5549.143066 0.000000 3276.395996 0.000000 0.875691 0.000000 -0.482872 0.424241 0.424241 0.424241
5554.709961 0.000000 3290.183594 0.000000 0.899016 0.000000 -0.437917 0.421464 0.421464 0.421464
5552.943848 0.000000 3287.682129 0.000000 0.634746 0.000000 -0.772720 0.458952 0.458952 0.458952
5556.916016 0.000000 3283.456787 0.000000 0.591963 0.000000 -0.805965 0.474449 0.474449 0.474449
5546.135254 0.000000 3280.593262 0.000000 0.794257 0.000000 -0.607581 0.469413 0.469413 0.469413
5536.131348 0.000000 3281.213135 0.000000 0.874809 0.000000 -0.484468 0.481006 0.481006 0.481006
5537.760254 0.000000 3280.501953 0.000000 0.723253 0.000000 -0.690583 0.485793 0.485793 0.485793
5610.281250 0.000000 3318.305420 0.000000 0.913295 0.000000 -0.407299 0.424985 0.424985 0.424985
5595.528320 0.000000 3310.633057 0.000000 0.903906 0.000000 -0.427731 0.433388 0.433388 0.433388
5574.267578 0.000000 3300.533691 0.000000 0.826139 0.000000 -0.563466 0.511361 0.511361 0.511361
5571.093750 0.000000 3306.163818 0.000000 0.838119 0.000000 -0.545487 0.523182 0.523182 0.523182
5609.922852 0.000000 3301.245605 0.000000 0.876750 0.000000 -0.480946 0.509365 0.509365 0.509365
5569.280273 0.000000 3309.943115 0.000000 0.852605 0.000000 -0.522556 0.520558 0.520558 0.520558
5608.696289 0.000000 3286.341309 0.000000 0.843228 0.000000 -0.537556 0.625515 0.625515 0.625515
5572.370605 0.000000 3302.683350 0.000000 0.950209 0.000000 -0.311613 0.535664 0.535664 0.535664
5568.042480 0.000000 3309.524902 0.000000 0.825733 0.000000 -0.564061 0.521613 0.521613 0.521613
5534.961914 0.000000 3333.539551 0.000000 0.659661 0.000000 -0.751564 0.411592 0.411592 0.411592
5553.314941 0.000000 3375.276367 0.000000 0.810906 0.000000 -0.585176 0.409772 0.409772 0.409772
5621.633789 0.000000 3369.635254 0.000000 0.625262 0.000000 -0.780415 0.412383 0.412383 0.412383
5631.814453 0.000000 3351.022705 0.000000 0.885989 0.000000 -0.463707 0.406693 0.406693 0.406693
5624.708984 0.000000 3353.021729 0.000000 0.609287 0.000000 -0.792949 0.463658 0.463658 0.463658
5625.814453 0.000000 3351.420654 0.000000 0.933320 0.000000 -0.359046 0.446270 0.446270 0.446270
5627.429199 0.000000 3357.890625 0.000000 0.615674 0.000000 -0.788001 0.451052 0.451052 0.451052
5620.916016 0.000000 3339.941162 0.000000 0.743790 0.000000 -0.668413 0.460527 0.460527 0.460527
5576.614258 0.000000 3402.591309 0.000000 0.886366 0.000000 -0.462985 0.406586 0.406586 0.406586
5826.311035 0.000000 3256.220459 0.000000 0.618164 0.000000 -0.786049 0.415769 0.415769 0.415769
5691.539551 0.000000 3385.112793 0.000000 0.847394 0.000000 -0.530964 0.602683 0.602683 0.602683
5719.724609 0.000000 3359.707520 0.000000 0.648041 0.000000 -0.761605 0.527300 0.527300 0.527300
5698.420898 0.000000 3376.294434 0.000000 0.760906 0.000000 -0.648862 0.729368 0.729368 0.729368
5735.517090 0.000000 3367.266357 0.000000 0.730486 0.000000 -0.682928 0.607976 0.607976 0.607976
5823.644043 0.000000 3332.114258 0.000000 0.936493 0.000000 -0.350688 0.595111 0.595111 0.595111
5775.546387 0.000000 3313.975586 0.000000 0.814311 0.000000 -0.580429 0.600198 0.600198 0.600198
5865.650879 0.000000 3285.380371 0.000000 0.791896 0.000000 -0.610656 0.412259 0.412259 0.412259
5863.104492 0.000000 3287.987305 0.000000 0.855793 0.000000 -0.517319 0.441068 0.441068 0.441068
5882.116699 0.000000 3325.409912 0.000000 0.870927 0.000000 -0.491413 0.552390 0.552390 0.552390
5865.821777 0.000000 3290.550781 0.000000 0.736708 0.000000 -0.676212 0.559898 0.559898 0.559898
5882.917480 0.000000 3323.340332 0.000000 0.718014 0.000000 -0.696029 0.731011 0.731011 0.731011
5883.012207 0.000000 3324.520508 0.000000 0.894293 0.000000 -0.447481 0.551208 0.551208 0.551208
5831.085449 0.000000 3330.179932 0.000000 0.947807 0.000000 -0.318846 0.598214 0.598214 0.598214
5810.572266 0.000000 3357.292725 0.000000 0.744162 0.000000 -0.667999 0.628253 0.628253 0.628253
5811.748047 0.000000 3374.033447 0.000000 0.785879 0.000000 -0.618380 0.618062 0.618062 0.618062
5808.177246 0.000000 3370.620117 0.000000 0.949527 0.000000 -0.313685 0.640385 0.640385 0.640385
5821.552246 0.000000 3341.891357 0.000000 0.636966 0.000000 -0.770892 0.594680 0.594680 0.594680
5812.629395 0.000000 3374.778320 0.000000 0.692352 0.000000 -0.721560 0.613661 0.613661 0.613661
5813.292480 0.000000 3362.144775 0.000000 0.836591 0.000000 -0.547827 0.667127 0.667127 0.667127
5823.554199 0.000000 3340.906006 0.000000 0.946631 0.000000 -0.322319 0.714023 0.714023 0.714023
5882.511719 0.000000 3353.088135 0.000000 0.737176 0.000000 -0.675701 0.409632 0.409632 0.409632
5828.948730 0.000000 3332.693115 0.000000 0.648206 0.000000 -0.761465 0.411756 0.411756 0.411756
5846.733398 0.000000 3341.349121 0.000000 0.657728 0.000000 -0.753256 0.506197 0.506197 0.506197
5884.182617 0.000000 3358.587402 0.000000 0.721926 0.000000 -0.691970 0.666905 0.666905 0.666905
6014.675293 0.000000 3271.360596 0.000000 0.897838 0.000000 -0.440326 0.465921 0.465921 0.465921
6026.166504 0.000000 3226.123047 0.000000 0.785617 0.000000 -0.618713 0.418526 0.418526 0.418526
5910.176758 0.000000 3313.516602 0.000000 0.627660 0.000000 -0.778488 0.580272 0.580272 0.580272
6015.163574 0.000000 3308.768311 0.000000 0.638396 0.000000 -0.769708 0.423666 0.423666 0.423666
6013.818848 0.000000 3277.458984 0.000000 0.613366 0.000000 -0.789799 0.686520 0.686520 0.686520
5888.042480 0.000000 3332.585449 0.000000 0.845413 0.000000 -0.534114 0.407709 0.407709 0.407709
5927.743652 0.000000 3368.318604 0.000000 0.670526 0.000000 -0.741886 0.734255 0.734255 0.734255
5928.301758 0.000000 3372.895020 0.000000 0.896749 0.000000 -0.442539 0.642708 0.642708 0.642708
5892.508301 0.000000 3375.278564 0.000000 0.740502 0.000000 -0.672055 0.653473 0.653473 0.653473
5925.645508 0.000000 3368.357910 0.000000 0.711519 0.000000 -0.702667 0.686307 0.686307 0.686307
5924.659668 0.000000 3368.676025 0.000000 0.841785 0.000000 -0.539812 0.679200 0.679200 0.679200
6030.511719 0.000000 3343.212646 0.000000 0.818371 0.000000 -0.574690 0.602068 0.602068 0.602068
6039.342773 0.000000 3357.318604 0.000000 0.893978 0.000000 -0.448111 0.717824 0.717824 0.717824
6039.733887 0.000000 3374.479248 0.000000 0.904561 0.000000 -0.426345 0.717049 0.717049 0.717049
6039.105469 0.000000 3376.761475 0.000000 0.775039 0.000000 -0.631914 0.676814 0.676814 0.676814
6038.826172 0.000000 3383.127197 0.000000 0.655094 0.000000 -0.755547 0.642445 0.642445 0.642445
6113.412109 0.000000 3347.535156 0.000000 0.653598 0.000000 -0.756842 0.411873 0.411873 0.411873
6136.096680 0.000000 3360.222168 0.000000 0.629721 0.000000 -0.776822 0.415559 0.415559 0.415559
6121.550293 0.000000 3348.369629 0.000000 0.935504 0.000000 -0.353316 0.633606 0.633606 0.633606
5695.958008 0.000000 3409.961426 0.000000 0.896876 0.000000 -0.442281 0.405879 0.405879 0.405879
5661.817383 0.000000 3428.941895 0.000000 0.717365 0.000000 -0.696697 0.558491 0.558491 0.558491
5669.123047 0.000000 3428.224365 0.000000 0.713973 0.000000 -0.700173 0.577341 0.577341 0.577341
5709.763672 0.000000 3443.700684 0.000000 0.949449 0.000000 -0.313921 0.509617 0.509617 0.509617
5696.126465 0.000000 3434.745361 0.000000 0.821762 0.000000 -0.569830 0.579255 0.579255 0.579255
5703.583496 0.000000 3441.315918 0.000000 0.588976 0.000000 -0.808150 0.581498 0.581498 0.581498
5696.016602 0.000000 3412.215820 0.000000 0.948903 0.000000 -0.315567 0.579998 0.579998 0.579998
5685.900391 0.000000 3496.921631 0.000000 0.938103 0.000000 -0.346355 0.671835 0.671835 0.671835
5686.086914 0.000000 3490.145996 0.000000 0.874829 0.000000 -0.484432 0.574638 0.574638 0.574638
5686.610352 0.000000 3495.460205 0.000000 0.663621 0.000000 -0.748069 0.566530 0.566530 0.566530
5689.357910 0.000000 3490.006348 0.000000 0.783675 0.000000 -0.621171 0.601586 0.601586 0.601586
5701.044922 0.000000 3476.423584 0.000000 0.879313 0.000000 -0.476245 0.721296 0.721296 0.721296
5700.693359 0.000000 3478.187256 0.000000 0.800836 0.000000 -0.598883 0.726090 0.726090 0.726090
5706.277832 0.000000 3481.598633 0.000000 0.826104 0.000000 -0.563518 0.725056 0.725056 0.725056
5701.747070 0.000000 3478.517822 0.000000 0.626916 0.000000 -0.779087 0.736292 0.736292 0.736292
5707.088379 0.000000 3458.145020 0.000000 0.918610 0.000000 -0.395166 0.667518 0.667518 0.667518
5708.740234 0.000000 3458.101807 0.000000 0.938444 0.000000 -0.345432 0.698147 0.698147 0.698147
5812.072754 0.000000 3437.565674 0.000000 0.704369 0.000000 -0.709834 0.457375 0.457375 0.457375
5810.362305 0.000000 3423.760010 0.000000 0.641930 0.000000 -0.766764 0.630304 0.630304 0.630304
5818.353516 0.000000 3390.192871 0.000000 0.745396 0.000000 -0.666622 0.567884 0.567884 0.567884
5817.671875 0.000000 3443.933838 0.000000 0.900010 0.000000 -0.435870 0.626164 0.626164 0.626164
5819.503906 0.000000 3390.967773 0.000000 0.628027 0.000000 -0.778191 0.571857 0.571857 0.571857
5823.246094 0.000000 3425.072021 0.000000 0.702074 0.000000 -0.712104 0.611190 0.611190 0.611190
5823.312988 0.000000 3430.337402 0.000000 0.710562 0.000000 -0.703635 0.732599 0.732599 0.732599
5787.631348 0.000000 3444.912598 0.000000 0.711228 0.000000 -0.702962 0.731266 0.731266 0.731266
5785.064941 0.000000 3439.701172 0.000000 0.742721 0.000000 -0.669601 0.730259 0.730259 0.730259
5815.038086 0.000000 3437.062500 0.000000 0.798897 0.000000 -0.601468 0.698399 0.698399 0.698399
5820.292969 0.000000 3445.385254 0.000000 0.771603 0.000000 -0.636105 0.662400 0.662400 0.662400
5823.565430 0.000000 3431.584717 0.000000 0.835885 0.000000 -0.548905 0.724269 0.724269 0.724269
5847.955566 0.000000 3422.853027 0.000000 0.798603 0.000000 -0.601859 0.489768 0.489768 0.489768
5864.459473 0.000000 3418.582031 0.000000 0.872020 0.000000 -0.489470 0.681312 0.681312 0.681312
5849.172852 0.000000 3425.577148 0.000000 0.792557 0.000000 -0.609798 0.727907 0.727907 0.727907
5845.323242 0.000000 3430.284424 0.000000 0.834427 0.000000 -0.551118 0.722238 0.722238 0.722238
5859.658203 0.000000 3429.617920 0.000000 0.812227 0.000000 -0.583342 0.559093 0.559093 0.559093
5838.943359 0.000000 3429.656982 0.000000 0.657835 0.000000 -0.753162 0.583474 0.583474 0.583474
5841.052246 0.000000 3431.866943 0.000000 0.715333 0.000000 -0.698784 0.673512 0.673512 0.673512
5845.902344 0.000000 3434.548828 0.000000 0.822090 0.000000 -0.569358 0.723923 0.723923 0.723923
5854.762207 0.000000 3411.231201 0.000000 0.688435 0.000000 -0.725298 0.597059 0.597059 0.597059
5860.740723 0.000000 3414.164551 0.000000 0.876105 0.000000 -0.482120 0.564370 0.564370 0.564370
5865.763184 0.000000 3411.083008 0.000000 0.727060 0.000000 -0.686574 0.664568 0.664568 0.664568
5856.724121 0.000000 3411.478760 0.000000 0.764309 0.000000 -0.644851 0.728169 0.728169 0.728169
5864.466309 0.000000 3422.599854 0.000000 0.890838 0.000000 -0.454321 0.719657 0.719657 0.719657
5846.239258 0.000000 3428.593506 0.000000 0.904881 0.000000 -0.425664 0.703362 0.703362 0.703362
5850.731934 0.000000 3412.655518 0.000000 0.882971 0.000000 -0.469427 0.719128 0.719128 0.719128
5840.999512 0.000000 3430.111572 0.000000 0.931476 0.000000 -0.363803 0.660298 0.660298 0.660298
5842.137207 0.000000 3432.020508 0.000000 0.875973 0.000000 -0.482360 0.721023 0.721023 0.721023
5847.335449 0.000000 3424.556885 0.000000 0.923308 0.000000 -0.384061 0.716258 0.716258 0.716258
5863.420898 0.000000 3420.566162 0.000000 0.946625 0.000000 -0.322336 0.713737 0.713737 0.713737
5823.273438 0.000000 3456.937988 0.000000 0.921864 0.000000 -0.387514 0.416620 0.416620 0.416620
5787.133789 0.000000 3449.077148 0.000000 0.637620 0.000000 -0.770351 0.494222 0.494222 0.494222
5823.365723 0.000000 3455.512207 0.000000 0.950572 0.000000 -0.310505 0.565780 0.565780 0.565780
5784.231445 0.000000 3447.225098 0.000000 0.949763 0.000000 -0.312969 0.692852 0.692852 0.692852
5820.552246 0.000000 3446.856201 0.000000 0.938312 0.000000 -0.345791 0.599006 0.599006 0.599006
5784.312988 0.000000 3448.975830 0.000000 0.648809 0.000000 -0.760952 0.668047 0.668047 0.668047
5785.950684 0.000000 3447.527344 0.000000 0.673426 0.000000 -0.739255 0.711376 0.711376 0.711376
5874.425293 0.000000 3447.701172 0.000000 0.932775 0.000000 -0.360460 0.432242 0.432242 0.432242
5835.147461 0.000000 3483.712402 0.000000 0.641924 0.000000 -0.766768 0.485794 0.485794 0.485794
5855.786621 0.000000 3479.268311 0.000000 0.712926 0.000000 -0.701239 0.733409 0.733409 0.733409
5872.351074 0.000000 3454.455811 0.000000 0.878876 0.000000 -0.477051 0.629588 0.629588 0.629588
5871.249023 0.000000 3468.284180 0.000000 0.791934 0.000000 -0.610607 0.545482 0.545482 0.545482
5854.521973 0.000000 3478.992676 0.000000 0.848936 0.000000 -0.528495 0.723938 0.723938 0.723938
5868.345703 0.000000 3456.263428 0.000000 0.836475 0.000000 -0.548005 0.698148 0.698148 0.698148
5865.855957 0.000000 3446.562500 0.000000 0.897389 0.000000 -0.441241 0.717609 0.717609 0.717609
5861.960449 0.000000 3485.415527 0.000000 0.898078 0.000000 -0.439837 0.656905 0.656905 0.656905
5873.364258 0.000000 3447.836182 0.000000 0.942661 0.000000 -0.333751 0.715164 0.715164 0.715164
5867.303711 0.000000 3448.107178 0.000000 0.917899 0.000000 -0.396814 0.580256 0.580256 0.580256
5863.189453 0.000000 3483.505615 0.000000 0.826159 0.000000 -0.563437 0.723796 0.723796 0.723796
5863.297852 0.000000 3461.913818 0.000000 0.624529 0.000000 -0.781002 0.700922 0.700922 0.700922
5867.281250 0.000000 3457.161377 0.000000 0.664206 0.000000 -0.747550 0.734750 0.734750 0.734750
5872.511719 0.000000 3458.062012 0.000000 0.653135 0.000000 -0.757242 0.680556 0.680556 0.680556
5647.104980 0.000000 3504.933838 0.000000 0.874551 0.000000 -0.484933 0.511492 0.511492 0.511492
5660.025391 0.000000 3508.402100 0.000000 0.934001 0.000000 -0.357270 0.713855 0.713855 0.713855
5741.465820 0.000000 3546.327148 0.000000 0.948632 0.000000 -0.316381 0.421505 0.421505 0.421505
5702.562500 0.000000 3545.453369 0.000000 0.808712 0.000000 -0.588205 0.468984 0.468984 0.468984
5699.094727 0.000000 3556.815430 0.000000 0.947048 0.000000 -0.321093 0.664861 0.664861 0.664861
5707.572266 0.000000 3527.610107 0.000000 0.726475 0.000000 -0.687193 0.618572 0.618572 0.618572
5696.352051 0.000000 3540.416992 0.000000 0.702759 0.000000 -0.711428 0.682517 0.682517 0.682517
5711.467773 0.000000 3520.407959 0.000000 0.686135 0.000000 -0.727475 0.729798 0.729798 0.729798
5683.583984 0.000000 3563.091553 0.000000 0.919759 0.000000 -0.392483 0.531573 0.531573 0.531573
5689.375000 0.000000 3561.773438 0.000000 0.611324 0.000000 -0.791381 0.642030 0.642030 0.642030
5685.817871 0.000000 3559.566162 0.000000 0.922440 0.000000 -0.386140 0.687528 0.687528 0.687528
5709.642090 0.000000 3580.167236 0.000000 0.773420 0.000000 -0.633894 0.476165 0.476165 0.476165
5697.375488 0.000000 3560.907715 0.000000 0.677765 0.000000 -0.735278 0.572337 0.572337 0.572337
5709.181641 0.000000 3560.331543 0.000000 0.927493 0.000000 -0.373840 0.715802 0.715802 0.715802
5806.880859 0.000000 3552.566895 0.000000 0.613999 0.000000 -0.789307 0.419984 0.419984 0.419984
5772.617676 0.000000 3518.678467 0.000000 0.907716 0.000000 -0.419585 0.455425 0.455425 0.455425
5773.344238 0.000000 3516.321045 0.000000 0.613743 0.000000 -0.789506 0.563897 0.563897 0.563897
5804.330078 0.000000 3520.796143 0.000000 0.651974 0.000000 -0.758241 0.533450 0.533450 0.533450
5775.853516 0.000000 3516.768555 0.000000 0.886602 0.000000 -0.462533 0.719832 0.719832 0.719832
5801.061035 0.000000 3506.547119 0.000000 0.892305 0.000000 -0.451433 0.720299 0.720299 0.720299
5839.824707 0.000000 3525.478027 0.000000 0.933116 0.000000 -0.359575 0.448288 0.448288 0.448288
5862.826172 0.000000 3508.767334 0.000000 0.694255 0.000000 -0.719729 0.511434 0.511434 0.511434
5858.377441 0.000000 3545.758545 0.000000 0.829049 0.000000 -0.559176 0.496941 0.496941 0.496941
5859.804199 0.000000 3545.332764 0.000000 0.694256 0.000000 -0.719728 0.501063 0.501063 0.501063
5830.510254 0.000000 3518.631592 0.000000 0.810318 0.000000 -0.585990 0.594194 0.594194 0.594194
5870.601562 0.000000 3509.133789 0.000000 0.600283 0.000000 -0.799788 0.736772 0.736772 0.736772
5862.709473 0.000000 3512.838867 0.000000 0.848928 0.000000 -0.528509 0.563648 0.563648 0.563648
5863.854004 0.000000 3513.079834 0.000000 0.753780 0.000000 -0.657127 0.567574 0.567574 0.567574
5872.417969 0.000000 3508.989014 0.000000 0.950585 0.000000 -0.310464 0.714040 0.714040 0.714040
5805.104004 0.000000 3559.970215 0.000000 0.765695 0.000000 -0.643204 0.641859 0.641859 0.641859
5918.684082 0.000000 3487.807373 0.000000 0.640501 0.000000 -0.767957 0.600868 0.600868 0.600868
5905.124023 0.000000 3465.548340 0.000000 0.867503 0.000000 -0.497432 0.706327 0.706327 0.706327
5898.690430 0.000000 3491.908691 0.000000 0.649535 0.000000 -0.760331 0.663787 0.663787 0.663787
5946.872070 0.000000 3473.677734 0.000000 0.757729 0.000000 -0.652569 0.644318 0.644318 0.644318
5949.902344 0.000000 3468.397217 0.000000 0.860900 0.000000 -0.508774 0.618367 0.618367 0.618367
5903.467773 0.000000 3463.923584 0.000000 0.817705 0.000000 -0.575638 0.726048 0.726048 0.726048
5948.182617 0.000000 3471.556152 0.000000 0.869974 0.000000 -0.493098 0.693795 0.693795 0.693795
5948.393066 0.000000 3470.322266 0.000000 0.686572 0.000000 -0.727062 0.704387 0.704387 0.704387
5954.822754 0.000000 3479.514893 0.000000 0.676894 0.000000 -0.736080 0.411483 0.411483 0.411483
6003.914062 0.000000 3451.335205 0.000000 0.921007 0.000000 -0.389547 0.405594 0.405594 0.405594
6002.999023 0.000000 3452.889648 0.000000 0.820477 0.000000 -0.571680 0.440070 0.440070 0.440070
5952.126465 0.000000 3491.229736 0.000000 0.884074 0.000000 -0.467348 0.559882 0.559882 0.559882
6007.129883 0.000000 3472.140137 0.000000 0.890435 0.000000 -0.455111 0.718538 0.718538 0.718538
6006.206543 0.000000 3452.962646 0.000000 0.628340 0.000000 -0.777939 0.651958 0.651958 0.651958
5957.862793 0.000000 3481.411865 0.000000 0.825452 0.000000 -0.564472 0.725890 0.725890 0.725890
6005.988770 0.000000 3456.786133 0.000000 0.824003 0.000000 -0.566585 0.725896 0.725896 0.725896
6008.785645 0.000000 3474.071045 0.000000 0.903566 0.000000 -0.428450 0.699385 0.699385 0.699385
6005.292480 0.000000 3475.113525 0.000000 0.941648 0.000000 -0.336600 0.681602 0.681602 0.681602
6009.850098 0.000000 3473.136475 0.000000 0.639964 0.000000 -0.768405 0.738440 0.738440 0.738440
6070.252441 0.000000 3391.617188 0.000000 0.869493 0.000000 -0.493945 0.721623 0.721623 0.721623
6073.981445 0.000000 3394.689941 0.000000 0.617404 0.000000 -0.786646 0.731090 0.731090 0.731090
6074.264648 0.000000 3439.700439 0.000000 0.763909 0.000000 -0.645324 0.729420 0.729420 0.729420
6062.644531 0.000000 3434.058838 0.000000 0.824369 0.000000 -0.566053 0.678200 0.678200 0.678200
6071.719727 0.000000 3393.092285 0.000000 0.746768 0.000000 -0.665084 0.728292 0.728292 0.728292
6076.871582 0.000000 3418.257324 0.000000 0.767113 0.000000 -0.641512 0.625149 0.625149 0.625149
6075.012207 0.000000 3437.489258 0.000000 0.668112 0.000000 -0.744060 0.717993 0.717993 0.717993
6071.961426 0.000000 3390.755127 0.000000 0.660836 0.000000 -0.750531 0.735529 0.735529 0.735529
6077.388184 0.000000 3428.877441 0.000000 0.785560 0.000000 -0.618785 0.728683 0.728683 0.728683
6109.948242 0.000000 3430.182861 0.000000 0.760838 0.000000 -0.648942 0.729557 0.729557 0.729557
6113.152344 0.000000 3435.230469 0.000000 0.886849 0.000000 -0.462060 0.721195 0.721195 0.721195
6115.590332 0.000000 3434.950684 0.000000 0.714144 0.000000 -0.699999 0.734554 0.734554 0.734554
6122.690430 0.000000 3445.105713 0.000000 0.791510 0.000000 -0.611156 0.584699 0.584699 0.584699
6119.854004 0.000000 3400.111084 0.000000 0.785995 0.000000 -0.618233 0.699150 0.699150 0.699150
6121.061035 0.000000 3393.578369 0.000000 0.619049 0.000000 -0.785353 0.654442 0.654442 0.654442
6119.911621 0.000000 3393.985107 0.000000 0.910345 0.000000 -0.413850 0.717560 0.717560 0.717560
6034.834473 0.000000 3472.136230 0.000000 0.639176 0.000000 -0.769061 0.492102 0.492102 0.492102
6077.367188 0.000000 3496.682617 0.000000 0.905134 0.000000 -0.425126 0.497957 0.497957 0.497957
6076.439453 0.000000 3494.599854 0.000000 0.861720 0.000000 -0.507384 0.548743 0.548743 0.548743
6054.706543 0.000000 3490.883057 0.000000 0.819990 0.000000 -0.572377 0.610238 0.610238 0.610238
6016.125977 0.000000 3464.968750 0.000000 0.882256 0.000000 -0.470771 0.580359 0.580359 0.580359
6142.095703 0.000000 3477.093018 0.000000 0.661157 0.000000 -0.750248 0.510268 0.510268 0.510268
6143.974609 0.000000 3477.078369 0.000000 0.926316 0.000000 -0.376749 0.500937 0.500937 0.500937
6083.093750 0.000000 3475.616943 0.000000 0.797924 0.000000 -0.602758 0.516466 0.516466 0.516466
6080.926758 0.000000 3499.240479 0.000000 0.770376 0.000000 -0.637589 0.498864 0.498864 0.498864
6082.009277 0.000000 3466.595703 0.000000 0.749734 0.000000 -0.661739 0.730898 0.730898 0.730898
6087.754395 0.000000 3475.513184 0.000000 0.926330 0.000000 -0.376712 0.513033 0.513033 0.513033
6084.993652 0.000000 3469.729980 0.000000 0.850446 0.000000 -0.526063 0.722557 0.722557 0.722557
6094.943359 0.000000 3486.141357 0.000000 0.886937 0.000000 -0.461891 0.720263 0.720263 0.720263
6096.512207 0.000000 3481.292236 0.000000 0.896871 0.000000 -0.442293 0.719416 0.719416 0.719416
6081.121582 0.000000 3462.655273 0.000000 0.902753 0.000000 -0.430159 0.717057 0.717057 0.717057
6083.154785 0.000000 3466.298828 0.000000 0.815263 0.000000 -0.579091 0.726390 0.726390 0.726390
6097.980469 0.000000 3484.802490 0.000000 0.673402 0.000000 -0.739277 0.681766 0.681766 0.681766
6125.104004 0.000000 3447.001465 0.000000 0.879433 0.000000 -0.476022 0.721892 0.721892 0.721892
6124.467773 0.000000 3453.552246 0.000000 0.872629 0.000000 -0.488384 0.693603 0.693603 0.693603
6123.303711 0.000000 3448.107178 0.000000 0.795635 0.000000 -0.605777 0.728431 0.728431 0.728431
6087.085449 0.000000 3499.633057 0.000000 0.647599 0.000000 -0.761982 0.651187 0.651187 0.651187
6080.030273 0.000000 3462.936035 0.000000 0.658308 0.000000 -0.752749 0.732691 0.732691 0.732691
5888.936035 0.000000 3524.640869 0.000000 0.600098 0.000000 -0.799927 0.412546 0.412546 0.412546
5910.404297 0.000000 3527.646484 0.000000 0.725446 0.000000 -0.688279 0.485734 0.485734 0.485734
5889.312988 0.000000 3521.516846 0.000000 0.881794 0.000000 -0.471635 0.641680 0.641680 0.641680
5909.042969 0.000000 3529.935059 0.000000 0.667063 0.000000 -0.745001 0.732463 0.732463 0.732463
5907.206055 0.000000 3510.863037 0.000000 0.640512 0.000000 -0.767948 0.584054 0.584054 0.584054
5927.854004 0.000000 3513.079834 0.000000 0.787599 0.000000 -0.616188 0.586932 0.586932 0.586932
5926.214844 0.000000 3514.661133 0.000000 0.777018 0.000000 -0.629479 0.595659 0.595659 0.595659
5918.069336 0.000000 3515.159424 0.000000 0.741125 0.000000 -0.671367 0.655535 0.655535 0.655535
6014.147949 0.000000 3546.986084 0.000000 0.878802 0.000000 -0.477187 0.719212 0.719212 0.719212
5939.336914 0.000000 3580.627197 0.000000 0.660384 0.000000 -0.750928 0.733624 0.733624 0.733624
5935.847168 0.000000 3586.637451 0.000000 0.650348 0.000000 -0.759637 0.736336 0.736336 0.736336
5996.134277 0.000000 3593.496826 0.000000 0.831710 0.000000 -0.555211 0.698457 0.698457 0.698457
5992.466309 0.000000 3592.052979 0.000000 0.728306 0.000000 -0.685252 0.583063 0.583063 0.583063
5987.967285 0.000000 3592.789795 0.000000 0.900818 0.000000 -0.434197 0.595565 0.595565 0.595565
6022.562500 0.000000 3545.453369 0.000000 0.943353 0.000000 -0.331790 0.455813 0.455813 0.455813
6062.867676 0.000000 3532.490967 0.000000 0.723023 0.000000 -0.690824 0.500262 0.500262 0.500262
6028.289551 0.000000 3515.478516 0.000000 0.825749 0.000000 -0.564038 0.497056 0.497056 0.497056
6027.761719 0.000000 3526.440918 0.000000 0.934858 0.000000 -0.355021 0.504490 0.504490 0.504490
6058.544434 0.000000 3538.884277 0.000000 0.589550 0.000000 -0.807732 0.575154 0.575154 0.575154
6026.511230 0.000000 3520.722168 0.000000 0.684556 0.000000 -0.728961 0.733545 0.733545 0.733545
6029.689453 0.000000 3552.852539 0.000000 0.639561 0.000000 -0.768741 0.737697 0.737697 0.737697
6023.460938 0.000000 3522.974365 0.000000 0.671609 0.000000 -0.740906 0.654418 0.654418 0.654418
6018.473633 0.000000 3549.201904 0.000000 0.883114 0.000000 -0.469158 0.676415 0.676415 0.676415
6083.510742 0.000000 3548.959229 0.000000 0.884628 0.000000 -0.466297 0.406516 0.406516 0.406516
6088.161133 0.000000 3514.152588 0.000000 0.789188 0.000000 -0.614152 0.479807 0.479807 0.479807
6125.556641 0.000000 3547.674561 0.000000 0.670646 0.000000 -0.741778 0.512091 0.512091 0.512091
6126.797363 0.000000 3553.834473 0.000000 0.778636 0.000000 -0.627476 0.655797 0.655797 0.655797
6086.966309 0.000000 3549.901123 0.000000 0.900976 0.000000 -0.433870 0.546789 0.546789 0.546789
6102.709473 0.000000 3521.993408 0.000000 0.843927 0.000000 -0.536457 0.724491 0.724491 0.724491
6106.203125 0.000000 3534.637207 0.000000 0.664233 0.000000 -0.747526 0.545614 0.545614 0.545614
6039.724609 0.000000 3585.645020 0.000000 0.906899 0.000000 -0.421348 0.522154 0.522154 0.522154
6043.792969 0.000000 3587.956299 0.000000 0.867904 0.000000 -0.496733 0.644620 0.644620 0.644620
6021.747070 0.000000 3591.486572 0.000000 0.778767 0.000000 -0.627313 0.599728 0.599728 0.599728
6019.692383 0.000000 3591.816650 0.000000 0.720954 0.000000 -0.692983 0.608358 0.608358 0.608358
6118.826172 0.000000 3565.251709 0.000000 0.756844 0.000000 -0.653596 0.517833 0.517833 0.517833
6084.993652 0.000000 3582.698730 0.000000 0.757591 0.000000 -0.652730 0.557077 0.557077 0.557077
6088.415527 0.000000 3585.587891 0.000000 0.657424 0.000000 -0.753521 0.579296 0.579296 0.579296
6162.979980 0.000000 2242.904541 0.000000 0.816824 0.000000 -0.576887 0.429983 0.429983 0.429983
6146.875977 0.000000 2235.477295 0.000000 0.718856 0.000000 -0.695159 0.504518 0.504518 0.504518
6149.044922 0.000000 2233.767334 0.000000 0.937976 0.000000 -0.346700 0.540540 0.540540 0.540540
6150.988770 0.000000 2244.350830 0.000000 0.721441 0.000000 -0.692475 0.729074 0.729074 0.729074
6395.993164 0.000000 2162.949951 0.000000 0.733565 0.000000 -0.679619 0.479326 0.479326 0.479326
6371.500488 0.000000 2173.990723 0.000000 0.766832 0.000000 -0.641848 0.480462 0.480462 0.480462
6383.960449 0.000000 2189.357910 0.000000 0.698637 0.000000 -0.715476 0.496799 0.496799 0.496799
6377.922852 0.000000 2171.558105 0.000000 0.921454 0.000000 -0.388486 0.717432 0.717432 0.717432
6398.420410 0.000000 2159.747070 0.000000 0.648588 0.000000 -0.761139 0.523112 0.523112 0.523112
6366.176270 0.000000 2197.564209 0.000000 0.858784 0.000000 -0.512338 0.559095 0.559095 0.559095
6365.685059 0.000000 2181.160889 0.000000 0.786789 0.000000 -0.617222 0.728656 0.728656 0.728656
6389.881348 0.000000 2188.565918 0.000000 0.599489 0.000000 -0.800383 0.736000 0.736000 0.736000
6367.082031 0.000000 2182.553955 0.000000 0.947001 0.000000 -0.321230 0.687099 0.687099 0.687099
6367.371094 0.000000 2201.467529 0.000000 0.823540 0.000000 -0.567259 0.724560 0.724560 0.724560
6397.613770 0.000000 2172.977295 0.000000 0.839921 0.000000 -0.542709 0.594846 0.594846 0.594846
6388.589844 0.000000 2189.824951 0.000000 0.682107 0.000000 -0.731253 0.731819 0.731819 0.731819
6360.507324 0.000000 2193.931396 0.000000 0.771454 0.000000 -0.636285 0.730493 0.730493 0.730493
6362.614258 0.000000 2190.049805 0.000000 0.670978 0.000000 -0.741477 0.736493 0.736493 0.736493
6360.446289 0.000000 2189.745361 0.000000 0.849215 0.000000 -0.528047 0.724742 0.724742 0.724742
6387.956055 0.000000 2191.841064 0.000000 0.948440 0.000000 -0.316955 0.658658 0.658658 0.658658
6388.024414 0.000000 2186.726074 0.000000 0.873689 0.000000 -0.486485 0.648354 0.648354 0.648354
6364.950195 0.000000 2194.270996 0.000000 0.640140 0.000000 -0.768258 0.706591 0.706591 0.706591
6377.171875 0.000000 2169.882812 0.000000 0.903056 0.000000 -0.429523 0.699428 0.699428 0.699428
6393.619629 0.000000 2170.745117 0.000000 0.794770 0.000000 -0.606910 0.648742 0.648742 0.648742
6376.891602 0.000000 2171.841797 0.000000 0.777771 0.000000 -0.628547 0.729695 0.729695 0.729695
6394.567871 0.000000 2171.216553 0.000000 0.759152 0.000000 -0.650913 0.730595 0.730595 0.730595
6372.296387 0.000000 2173.391357 0.000000 0.948756 0.000000 -0.316009 0.712699 0.712699 0.712699
6322.861328 0.000000 2258.408203 0.000000 0.774618 0.000000 -0.632429 0.457669 0.457669 0.457669
6328.427734 0.000000 2254.761719 0.000000 0.843001 0.000000 -0.537911 0.488283 0.488283 0.488283
6370.932617 0.000000 2256.967529 0.000000 0.863623 0.000000 -0.504137 0.406912 0.406912 0.406912
6383.663086 0.000000 2212.902588 0.000000 0.687999 0.000000 -0.725712 0.410786 0.410786 0.410786
6377.656250 0.000000 2243.000488 0.000000 0.906305 0.000000 -0.422625 0.405839 0.405839 0.405839
6342.475098 0.000000 2217.481201 0.000000 0.697539 0.000000 -0.716547 0.422500 0.422500 0.422500
6339.385254 0.000000 2241.325195 0.000000 0.857505 0.000000 -0.514475 0.426817 0.426817 0.426817
6337.843750 0.000000 2249.270264 0.000000 0.802843 0.000000 -0.596191 0.442591 0.442591 0.442591
6346.663574 0.000000 2257.475586 0.000000 0.947889 0.000000 -0.318600 0.443557 0.443557 0.443557
6369.152344 0.000000 2249.058594 0.000000 0.841975 0.000000 -0.539516 0.531208 0.531208 0.531208
6380.330078 0.000000 2221.655518 0.000000 0.948105 0.000000 -0.317957 0.713317 0.713317 0.713317
6396.871582 0.000000 2232.085449 0.000000 0.820209 0.000000 -0.572064 0.645330 0.645330 0.645330
6353.206543 0.000000 2240.221924 0.000000 0.793097 0.000000 -0.609095 0.694573 0.694573 0.694573
6380.346191 0.000000 2250.530518 0.000000 0.855925 0.000000 -0.517100 0.553096 0.553096 0.553096
6354.209473 0.000000 2213.794189 0.000000 0.719106 0.000000 -0.694901 0.669136 0.669136 0.669136
6388.413574 0.000000 2252.448730 0.000000 0.693202 0.000000 -0.720743 0.735305 0.735305 0.735305
6394.872070 0.000000 2231.021484 0.000000 0.850090 0.000000 -0.526637 0.586131 0.586131 0.586131
6396.393066 0.000000 2227.666016 0.000000 0.904703 0.000000 -0.426043 0.695201 0.695201 0.695201
6424.998535 0.000000 2177.163086 0.000000 0.846136 0.000000 -0.532968 0.627413 0.627413 0.627413
6423.987793 0.000000 2175.044678 0.000000 0.628786 0.000000 -0.777579 0.719886 0.719886 0.719886
6422.742676 0.000000 2173.034424 0.000000 0.697266 0.000000 -0.716812 0.590463 0.590463 0.590463
6425.272461 0.000000 2181.159424 0.000000 0.770918 0.000000 -0.636935 0.726970 0.726970 0.726970
6307.765137 0.000000 2285.222168 0.000000 0.879242 0.000000 -0.476375 0.406446 0.406446 0.406446
6327.961426 0.000000 2261.067627 0.000000 0.783361 0.000000 -0.621567 0.726608 0.726608 0.726608
6325.817871 0.000000 2260.425537 0.000000 0.741152 0.000000 -0.671338 0.668085 0.668085 0.668085
6371.792969 0.000000 2260.351562 0.000000 0.943132 0.000000 -0.332417 0.548239 0.548239 0.548239
6385.364258 0.000000 2261.664307 0.000000 0.694054 0.000000 -0.719923 0.731040 0.731040 0.731040
6171.203125 0.000000 2920.020752 0.000000 0.840117 0.000000 -0.542405 0.423253 0.423253 0.423253
6215.662109 0.000000 2917.428467 0.000000 0.908204 0.000000 -0.418527 0.552473 0.552473 0.552473
6216.099121 0.000000 2916.092773 0.000000 0.928702 0.000000 -0.370826 0.607846 0.607846 0.607846
6229.843750 0.000000 3326.378418 0.000000 0.755691 0.000000 -0.654928 0.437647 0.437647 0.437647
6265.007324 0.000000 3321.754395 0.000000 0.742588 0.000000 -0.669749 0.448224 0.448224 0.448224
6245.374023 0.000000 3282.060303 0.000000 0.780637 0.000000 -0.624985 0.480061 0.480061 0.480061
6234.283691 0.000000 3322.639648 0.000000 0.795661 0.000000 -0.605742 0.496014 0.496014 0.496014
6262.086914 0.000000 3320.692871 0.000000 0.737023 0.000000 -0.675867 0.662004 0.662004 0.662004
6247.708496 0.000000 3282.088379 0.000000 0.864104 0.000000 -0.503314 0.626387 0.626387 0.626387
6162.929199 0.000000 3338.052246 0.000000 0.805090 0.000000 -0.593153 0.475230 0.475230 0.475230
6172.025391 0.000000 3338.948975 0.000000 0.767961 0.000000 -0.640496 0.677186 0.677186 0.677186
6400.936035 0.000000 3242.218994 0.000000 0.639703 0.000000 -0.768623 0.411819 0.411819 0.411819
6533.529297 0.000000 3223.099365 0.000000 0.950030 0.000000 -0.312158 0.620176 0.620176 0.620176
6535.012695 0.000000 3220.700195 0.000000 0.940722 0.000000 -0.339178 0.600829 0.600829 0.600829
6476.617676 0.000000 3292.740967 0.000000 0.915281 0.000000 -0.402816 0.465188 0.465188 0.465188
6566.469727 0.000000 3302.687744 0.000000 0.753825 0.000000 -0.657075 0.409880 0.409880 0.409880
6567.319336 0.000000 3300.806396 0.000000 0.762700 0.000000 -0.646753 0.561028 0.561028 0.561028
6582.847168 0.000000 3375.439941 0.000000 0.669357 0.000000 -0.742941 0.562163 0.562163 0.562163
6149.431641 0.000000 3456.323486 0.000000 0.945428 0.000000 -0.325830 0.495823 0.495823 0.495823
6168.631836 0.000000 3456.159668 0.000000 0.681341 0.000000 -0.731966 0.616181 0.616181 0.616181
6189.193359 0.000000 3466.396729 0.000000 0.794554 0.000000 -0.607194 0.728851 0.728851 0.728851
6191.484375 0.000000 3465.005859 0.000000 0.823125 0.000000 -0.567860 0.726437 0.726437 0.726437
6150.218750 0.000000 3464.620850 0.000000 0.936693 0.000000 -0.350153 0.714441 0.714441 0.714441
6168.136230 0.000000 3465.961182 0.000000 0.684242 0.000000 -0.729255 0.732563 0.732563 0.732563
6166.048340 0.000000 3468.659912 0.000000 0.755422 0.000000 -0.655238 0.604870 0.604870 0.604870
6173.720703 0.000000 3468.130127 0.000000 0.694418 0.000000 -0.719572 0.731582 0.731582 0.731582
6150.427246 0.000000 3456.104736 0.000000 0.743560 0.000000 -0.668669 0.699392 0.699392 0.699392
6164.380859 0.000000 3467.350098 0.000000 0.899698 0.000000 -0.436512 0.689480 0.689480 0.689480
6185.550293 0.000000 3461.338379 0.000000 0.932783 0.000000 -0.360439 0.714370 0.714370 0.714370
6389.633789 0.000000 3426.119629 0.000000 0.863093 0.000000 -0.505044 0.407296 0.407296 0.407296
6397.367188 0.000000 3440.198242 0.000000 0.850015 0.000000 -0.526758 0.623085 0.623085 0.623085
6397.818848 0.000000 3446.912109 0.000000 0.619713 0.000000 -0.784828 0.684123 0.684123 0.684123
6204.034180 0.000000 3549.854492 0.000000 0.840541 0.000000 -0.541748 0.437464 0.437464 0.437464
6175.972656 0.000000 3526.412109 0.000000 0.689479 0.000000 -0.724306 0.463923 0.463923 0.463923
6146.420898 0.000000 3545.747559 0.000000 0.882068 0.000000 -0.471122 0.580369 0.580369 0.580369
6271.487305 0.000000 3532.259033 0.000000 0.610423 0.000000 -0.792076 0.411731 0.411731 0.411731
6265.773926 0.000000 3523.820068 0.000000 0.930120 0.000000 -0.367257 0.486636 0.486636 0.486636
6243.429199 0.000000 3552.202148 0.000000 0.809497 0.000000 -0.587124 0.526320 0.526320 0.526320
6260.156250 0.000000 3520.399414 0.000000 0.815763 0.000000 -0.578387 0.550725 0.550725 0.550725
6263.433594 0.000000 3523.234375 0.000000 0.950847 0.000000 -0.309662 0.710915 0.710915 0.710915
6248.703613 0.000000 3556.899658 0.000000 0.738911 0.000000 -0.673803 0.547378 0.547378 0.547378
6244.170898 0.000000 3556.427979 0.000000 0.764979 0.000000 -0.644055 0.666905 0.666905 0.666905
6263.569824 0.000000 3522.029541 0.000000 0.843517 0.000000 -0.537103 0.720442 0.720442 0.720442
6258.122070 0.000000 3519.084229 0.000000 0.742046 0.000000 -0.670349 0.686890 0.686890 0.686890
6171.430664 0.000000 3599.150391 0.000000 0.641989 0.000000 -0.766714 0.647188 0.647188 0.647188
6189.104004 0.000000 3559.970215 0.000000 0.773741 0.000000 -0.633502 0.564748 0.564748 0.564748
6199.309570 0.000000 3566.761230 0.000000 0.695537 0.000000 -0.718491 0.657600 0.657600 0.657600
6294.619629 0.000000 3535.552490 0.000000 0.893359 0.000000 -0.449344 0.524856 0.524856 0.524856
6276.370605 0.000000 3528.620850 0.000000 0.939573 0.000000 -0.342350 0.524329 0.524329 0.524329
6275.692383 0.000000 3535.332275 0.000000 0.934435 0.000000 -0.356134 0.666108 0.666108 0.666108
6273.989746 0.000000 3535.108398 0.000000 0.615533 0.000000 -0.788111 0.714108 0.714108 0.714108
6396.832520 0.000000 3590.837402 0.000000 0.786506 0.000000 -0.617583 0.408941 0.408941 0.408941
6391.353516 0.000000 3565.659424 0.000000 0.735673 0.000000 -0.677337 0.485454 0.485454 0.485454
6374.464355 0.000000 3601.409668 0.000000 0.594252 0.000000 -0.804279 0.532961 0.532961 0.532961
6397.160156 0.000000 3592.924561 0.000000 0.796523 0.000000 -0.604608 0.692293 0.692293 0.692293
6401.670898 0.000000 3438.983154 0.000000 0.697375 0.000000 -0.716707 0.632325 0.632325 0.632325
6463.384277 0.000000 3461.311035 0.000000 0.923925 0.000000 -0.382573 0.665028 0.665028 0.665028
6471.460938 0.000000 3466.489990 0.000000 0.924800 0.000000 -0.380454 0.646675 0.646675 0.646675
6589.398438 0.000000 3431.875488 0.000000 0.688351 0.000000 -0.725378 0.578245 0.578245 0.578245
6603.377441 0.000000 3408.605957 0.000000 0.877604 0.000000 -0.479387 0.456567 0.456567 0.456567
6598.218750 0.000000 3408.136475 0.000000 0.701430 0.000000 -0.712738 0.531986 0.531986 0.531986
6588.926270 0.000000 3449.389893 0.000000 0.916649 0.000000 -0.399692 0.584392 0.584392 0.584392
6584.862793 0.000000 3479.669678 0.000000 0.929665 0.000000 -0.368407 0.577432 0.577432 0.577432
6582.683594 0.000000 3476.108643 0.000000 0.879008 0.000000 -0.476807 0.543847 0.543847 0.543847
6580.024414 0.000000 3485.866699 0.000000 0.901123 0.000000 -0.433564 0.617939 0.617939 0.617939
6595.498047 0.000000 3446.304443 0.000000 0.927856 0.000000 -0.372939 0.490781 0.490781 0.490781
6598.753418 0.000000 3450.711670 0.000000 0.933421 0.000000 -0.358782 0.715936 0.715936 0.715936
6594.773438 0.000000 3451.588379 0.000000 0.737058 0.000000 -0.675829 0.727057 0.727057 0.727057
6599.351074 0.000000 3484.797852 0.000000 0.592534 0.000000 -0.805545 0.621536 0.621536 0.621536
6607.914062 0.000000 3485.670898 0.000000 0.786806 0.000000 -0.617200 0.620092 0.620092 0.620092
6599.536621 0.000000 3459.788086 0.000000 0.833021 0.000000 -0.553241 0.725715 0.725715 0.725715
6607.305664 0.000000 3487.729248 0.000000 0.943404 0.000000 -0.331645 0.612711 0.612711 0.612711
6459.964844 0.000000 3609.817383 0.000000 0.911079 0.000000 -0.412232 0.449239 0.449239 0.449239
6401.280273 0.000000 3592.364990 0.000000 0.946133 0.000000 -0.323777 0.560094 0.560094 0.560094
6461.367188 0.000000 3609.651367 0.000000 0.725050 0.000000 -0.688697 0.508476 0.508476 0.508476
6400.369141 0.000000 3598.042725 0.000000 0.619710 0.000000 -0.784831 0.578425 0.578425 0.578425
6527.927246 0.000000 3573.260986 0.000000 0.753333 0.000000 -0.657639 0.596643 0.596643 0.596643
6633.676758 0.000000 3520.098145 0.000000 0.886843 0.000000 -0.462072 0.406476 0.406476 0.406476
6655.163574 0.000000 3591.190186 0.000000 0.668120 0.000000 -0.744053 0.412783 0.412783 0.412783
6594.058594 0.000000 3576.955078 0.000000 0.889590 0.000000 -0.456759 0.533162 0.533162 0.533162
6635.729004 0.000000 3579.571045 0.000000 0.625566 0.000000 -0.780171 0.620361 0.620361 0.620361
6776.412109 0.000000 3274.655518 0.000000 0.695526 0.000000 -0.718501 0.484457 0.484457 0.484457
6775.533691 0.000000 3273.564941 0.000000 0.721323 0.000000 -0.692599 0.658545 0.658545 0.658545
6777.653809 0.000000 3272.449951 0.000000 0.928983 0.000000 -0.370122 0.581523 0.581523 0.581523
6774.227051 0.000000 3273.777588 0.000000 0.776273 0.000000 -0.630397 0.655916 0.655916 0.655916
6819.030762 0.000000 3243.503662 0.000000 0.893613 0.000000 -0.448838 0.492404 0.492404 0.492404
6793.022461 0.000000 3262.676514 0.000000 0.678782 0.000000 -0.734340 0.689968 0.689968 0.689968
6783.462891 0.000000 3276.443604 0.000000 0.728444 0.000000 -0.685106 0.479463 0.479463 0.479463
6779.503906 0.000000 3277.999023 0.000000 0.847073 0.000000 -0.531477 0.553496 0.553496 0.553496
6664.396484 0.000000 3597.296387 0.000000 0.651736 0.000000 -0.758446 0.712420 0.712420 0.712420
6663.351074 0.000000 3597.766602 0.000000 0.924584 0.000000 -0.380978 0.664971 0.664971 0.664971
"}
object={
	name="pine_sparse_generator_3_4"
	clamp_to_water_level=no
	render_under_water=no
	generated_content=yes
	layer="semidynamic_high"
	pdxmesh="tree_fir_005_mesh"
	count=1840
	transform="1271.916992 0.000000 2535.479004 0.000000 0.546008 0.000000 -0.837780 0.670045 0.670045 0.670045
1279.976562 0.000000 2592.412354 0.000000 0.353518 0.000000 -0.935428 0.416788 0.416788 0.416788
1275.628662 0.000000 2585.472412 0.000000 0.352532 0.000000 -0.935800 0.558203 0.558203 0.558203
1276.167114 0.000000 2588.378174 0.000000 0.008616 0.000000 -0.999963 0.605950 0.605950 0.605950
1277.398438 0.000000 2584.609863 0.000000 0.286457 0.000000 -0.958093 0.748775 0.748775 0.748775
1278.140869 0.000000 2588.665039 0.000000 0.252425 0.000000 -0.967616 0.708960 0.708960 0.708960
1277.902466 0.000000 2564.647217 0.000000 0.128140 0.000000 -0.991756 0.682211 0.682211 0.682211
1276.055420 0.000000 2604.198486 0.000000 0.027675 0.000000 -0.999617 0.530836 0.530836 0.530836
1278.476929 0.000000 2623.687500 0.000000 0.121688 0.000000 -0.992568 0.574585 0.574585 0.574585
1267.609497 0.000000 2690.114746 0.000000 0.236072 0.000000 -0.971736 0.494291 0.494291 0.494291
1276.182617 0.000000 2680.774902 0.000000 0.440416 0.000000 -0.897794 0.682578 0.682578 0.682578
1283.162231 0.000000 2537.364258 0.000000 0.151185 0.000000 -0.988505 0.508829 0.508829 0.508829
1280.712524 0.000000 2560.017822 0.000000 0.505042 0.000000 -0.863095 0.436498 0.436498 0.436498
1520.024048 0.000000 2537.847412 0.000000 0.049439 0.000000 -0.998777 0.420206 0.420206 0.420206
1532.439575 0.000000 2534.365479 0.000000 0.212982 0.000000 -0.977056 0.672866 0.672866 0.672866
1530.264893 0.000000 2535.950439 0.000000 0.581859 0.000000 -0.813290 0.737097 0.737097 0.737097
1532.293213 0.000000 2541.635254 0.000000 0.529668 0.000000 -0.848205 0.581177 0.581177 0.581177
1532.564941 0.000000 2535.682129 0.000000 0.246003 0.000000 -0.969269 0.671803 0.671803 0.671803
1535.273682 0.000000 2553.187988 0.000000 0.093470 0.000000 -0.995622 0.432448 0.432448 0.432448
1491.237061 0.000000 2553.119873 0.000000 0.584882 0.000000 -0.811119 0.426734 0.426734 0.426734
1476.035400 0.000000 2548.016602 0.000000 0.460488 0.000000 -0.887666 0.433085 0.433085 0.433085
1518.269653 0.000000 2577.098389 0.000000 0.045613 0.000000 -0.998959 0.550111 0.550111 0.550111
1506.956787 0.000000 2563.027100 0.000000 0.190839 0.000000 -0.981621 0.737762 0.737762 0.737762
1498.146973 0.000000 2557.926270 0.000000 0.247592 0.000000 -0.968864 0.665175 0.665175 0.665175
1294.220581 0.000000 2615.362061 0.000000 0.520422 0.000000 -0.853909 0.413389 0.413389 0.413389
1297.722656 0.000000 2650.458496 0.000000 0.044294 0.000000 -0.999019 0.420503 0.420503 0.420503
1297.436646 0.000000 2622.150391 0.000000 0.476358 0.000000 -0.879252 0.414805 0.414805 0.414805
1282.310791 0.000000 2634.892334 0.000000 0.368975 0.000000 -0.929439 0.416499 0.416499 0.416499
1284.756714 0.000000 2617.074463 0.000000 0.367910 0.000000 -0.929861 0.417775 0.417775 0.417775
1298.536621 0.000000 2651.750977 0.000000 0.292704 0.000000 -0.956203 0.491069 0.491069 0.491069
1289.923828 0.000000 2615.875732 0.000000 0.584966 0.000000 -0.811058 0.512237 0.512237 0.512237
1287.500366 0.000000 2617.577637 0.000000 0.356000 0.000000 -0.934486 0.502594 0.502594 0.502594
1311.443848 0.000000 2636.392578 0.000000 0.559780 0.000000 -0.828641 0.561268 0.561268 0.561268
1285.529175 0.000000 2601.771240 0.000000 0.272292 0.000000 -0.962215 0.756579 0.756579 0.756579
1284.601685 0.000000 2599.604736 0.000000 0.442383 0.000000 -0.896826 0.743746 0.743746 0.743746
1283.510132 0.000000 2605.555420 0.000000 0.130423 0.000000 -0.991458 0.565654 0.565654 0.565654
1283.610840 0.000000 2600.262939 0.000000 0.310487 0.000000 -0.950578 0.753518 0.753518 0.753518
1290.277832 0.000000 2634.333008 0.000000 0.547460 0.000000 -0.836832 0.706394 0.706394 0.706394
1281.149170 0.000000 2622.430420 0.000000 0.329397 0.000000 -0.944192 0.706193 0.706193 0.706193
1293.677002 0.000000 2635.275146 0.000000 0.107404 0.000000 -0.994215 0.729667 0.729667 0.729667
1290.928955 0.000000 2637.434326 0.000000 0.117846 0.000000 -0.993032 0.667027 0.667027 0.667027
1302.670776 0.000000 2604.580322 0.000000 0.312549 0.000000 -0.949901 0.737551 0.737551 0.737551
1324.935547 0.000000 2620.133789 0.000000 0.344764 0.000000 -0.938689 0.754208 0.754208 0.754208
1356.970947 0.000000 2645.267090 0.000000 0.376904 0.000000 -0.926252 0.480945 0.480945 0.480945
1295.104980 0.000000 2657.668213 0.000000 0.238344 0.000000 -0.971181 0.507109 0.507109 0.507109
1294.622803 0.000000 2659.477051 0.000000 0.259925 0.000000 -0.965629 0.601565 0.601565 0.601565
1312.863159 0.000000 2675.590332 0.000000 0.000457 0.000000 -1.000000 0.643874 0.643874 0.643874
1374.288208 0.000000 2709.228027 0.000000 0.307904 0.000000 -0.951417 0.456756 0.456756 0.456756
1357.340454 0.000000 2694.992432 0.000000 0.042054 0.000000 -0.999115 0.474116 0.474116 0.474116
1381.604126 0.000000 2677.349609 0.000000 0.148525 0.000000 -0.988909 0.506723 0.506723 0.506723
1390.671387 0.000000 2688.302246 0.000000 0.118273 0.000000 -0.992981 0.539816 0.539816 0.539816
1406.420288 0.000000 2668.106445 0.000000 0.348514 0.000000 -0.937304 0.539026 0.539026 0.539026
1397.096558 0.000000 2668.676025 0.000000 0.042913 0.000000 -0.999079 0.594049 0.594049 0.594049
1393.438110 0.000000 2670.940430 0.000000 0.574849 0.000000 -0.818260 0.600964 0.600964 0.600964
1379.216309 0.000000 2679.696045 0.000000 0.450233 0.000000 -0.892911 0.617678 0.617678 0.617678
1443.060913 0.000000 2653.598145 0.000000 0.567580 0.000000 -0.823318 0.563154 0.563154 0.563154
1443.546753 0.000000 2651.241455 0.000000 0.518187 0.000000 -0.855267 0.562432 0.562432 0.562432
1493.843506 0.000000 2648.565918 0.000000 0.117929 0.000000 -0.993022 0.453492 0.453492 0.453492
1493.101562 0.000000 2644.732178 0.000000 0.072004 0.000000 -0.997404 0.458527 0.458527 0.458527
1485.467041 0.000000 2646.927979 0.000000 0.399434 0.000000 -0.916762 0.491094 0.491094 0.491094
1485.796753 0.000000 2637.294189 0.000000 0.071455 0.000000 -0.997444 0.547361 0.547361 0.547361
1496.179932 0.000000 2638.889404 0.000000 0.493952 0.000000 -0.869489 0.548253 0.548253 0.548253
1497.064819 0.000000 2648.919922 0.000000 0.352680 0.000000 -0.935744 0.616295 0.616295 0.616295
1496.446533 0.000000 2641.620361 0.000000 0.144366 0.000000 -0.989524 0.758809 0.758809 0.758809
1485.677002 0.000000 2635.275146 0.000000 0.303497 0.000000 -0.952832 0.643777 0.643777 0.643777
1444.915894 0.000000 2682.828125 0.000000 0.466216 0.000000 -0.884671 0.437177 0.437177 0.437177
1417.807861 0.000000 2695.932861 0.000000 0.398243 0.000000 -0.917280 0.425712 0.425712 0.425712
1434.529663 0.000000 2710.172363 0.000000 0.064200 0.000000 -0.997937 0.445753 0.445753 0.445753
1415.434692 0.000000 2665.509277 0.000000 0.297021 0.000000 -0.954871 0.463313 0.463313 0.463313
1453.470337 0.000000 2682.992676 0.000000 0.138924 0.000000 -0.990303 0.489660 0.489660 0.489660
1427.525024 0.000000 2691.699463 0.000000 0.559644 0.000000 -0.828733 0.493986 0.493986 0.493986
1447.743774 0.000000 2690.506104 0.000000 0.499048 0.000000 -0.866574 0.522745 0.522745 0.522745
1439.081909 0.000000 2690.913330 0.000000 0.453937 0.000000 -0.891034 0.549276 0.549276 0.549276
1420.186890 0.000000 2675.038086 0.000000 0.326548 0.000000 -0.945181 0.619217 0.619217 0.619217
1724.473145 0.000000 2399.327881 0.000000 0.424728 0.000000 -0.905321 0.458921 0.458921 0.458921
1725.145874 0.000000 2414.022949 0.000000 0.306114 0.000000 -0.951995 0.628486 0.628486 0.628486
1723.628662 0.000000 2416.019287 0.000000 0.476978 0.000000 -0.878915 0.580571 0.580571 0.580571
1733.597046 0.000000 2399.230469 0.000000 0.415235 0.000000 -0.909714 0.520454 0.520454 0.520454
1736.415649 0.000000 2399.416016 0.000000 0.111831 0.000000 -0.993727 0.612065 0.612065 0.612065
1728.489380 0.000000 2403.765869 0.000000 0.510308 0.000000 -0.859992 0.558412 0.558412 0.558412
1735.767090 0.000000 2398.346436 0.000000 0.407819 0.000000 -0.913063 0.668595 0.668595 0.668595
1708.376709 0.000000 2475.095703 0.000000 0.359681 0.000000 -0.933075 0.416036 0.416036 0.416036
1715.318481 0.000000 2462.469482 0.000000 0.205909 0.000000 -0.978571 0.441418 0.441418 0.441418
1725.552002 0.000000 2438.141357 0.000000 0.026348 0.000000 -0.999653 0.636476 0.636476 0.636476
1723.256226 0.000000 2437.798584 0.000000 0.128265 0.000000 -0.991740 0.666706 0.666706 0.666706
1723.024536 0.000000 2436.455811 0.000000 0.099178 0.000000 -0.995070 0.667602 0.667602 0.667602
1729.598267 0.000000 2432.393799 0.000000 0.004912 0.000000 -0.999988 0.518208 0.518208 0.518208
1536.743896 0.000000 2536.233154 0.000000 0.437126 0.000000 -0.899400 0.745051 0.745051 0.745051
1541.961182 0.000000 2592.429688 0.000000 0.226118 0.000000 -0.974100 0.500913 0.500913 0.500913
1540.601685 0.000000 2543.120361 0.000000 0.073032 0.000000 -0.997330 0.597690 0.597690 0.597690
1538.773560 0.000000 2547.838379 0.000000 0.288375 0.000000 -0.957518 0.720867 0.720867 0.720867
1540.561035 0.000000 2588.078369 0.000000 0.263755 0.000000 -0.964590 0.754915 0.754915 0.754915
1547.042725 0.000000 2582.828857 0.000000 0.012944 0.000000 -0.999916 0.574973 0.574973 0.574973
1539.610840 0.000000 2543.778564 0.000000 0.237423 0.000000 -0.971406 0.744876 0.744876 0.744876
1536.352051 0.000000 2580.182617 0.000000 0.485410 0.000000 -0.874287 0.648690 0.648690 0.648690
1547.251221 0.000000 2586.727783 0.000000 0.065712 0.000000 -0.997839 0.653088 0.653088 0.653088
1709.814819 0.000000 2521.858643 0.000000 0.380535 0.000000 -0.924766 0.428096 0.428096 0.428096
1707.818848 0.000000 2522.814453 0.000000 0.304562 0.000000 -0.952492 0.529310 0.529310 0.529310
1712.927490 0.000000 2530.328369 0.000000 0.048110 0.000000 -0.998842 0.526058 0.526058 0.526058
1706.544434 0.000000 2522.165527 0.000000 0.444620 0.000000 -0.895719 0.526148 0.526148 0.526148
1714.448486 0.000000 2528.537354 0.000000 0.396913 0.000000 -0.917856 0.542161 0.542161 0.542161
1712.086670 0.000000 2520.994141 0.000000 0.113305 0.000000 -0.993560 0.594475 0.594475 0.594475
1711.339233 0.000000 2542.042969 0.000000 0.488053 0.000000 -0.872814 0.414780 0.414780 0.414780
1708.442261 0.000000 2548.309570 0.000000 0.202152 0.000000 -0.979354 0.475641 0.475641 0.475641
1562.696777 0.000000 2618.027344 0.000000 0.076033 0.000000 -0.997105 0.566918 0.566918 0.566918
1645.942993 0.000000 2620.222168 0.000000 0.204162 0.000000 -0.978937 0.419018 0.419018 0.419018
1612.970947 0.000000 2645.267090 0.000000 0.313322 0.000000 -0.949647 0.473647 0.473647 0.473647
1634.559692 0.000000 2631.486816 0.000000 0.491586 0.000000 -0.870829 0.495501 0.495501 0.495501
1649.542603 0.000000 2619.709961 0.000000 0.283423 0.000000 -0.958995 0.495518 0.495518 0.495518
1563.635498 0.000000 2677.815918 0.000000 0.307791 0.000000 -0.951454 0.417273 0.417273 0.417273
1565.958862 0.000000 2664.966064 0.000000 0.371632 0.000000 -0.928380 0.416459 0.416459 0.416459
1595.429321 0.000000 2680.078125 0.000000 0.093590 0.000000 -0.995611 0.462476 0.462476 0.462476
1581.387451 0.000000 2687.553711 0.000000 0.432432 0.000000 -0.901666 0.490421 0.490421 0.490421
1599.927368 0.000000 2669.510986 0.000000 0.454048 0.000000 -0.890977 0.532288 0.532288 0.532288
1600.042358 0.000000 2654.772949 0.000000 0.410262 0.000000 -0.911968 0.415535 0.415535 0.415535
1600.712524 0.000000 2672.986572 0.000000 0.366582 0.000000 -0.930386 0.430422 0.430422 0.430422
1612.241821 0.000000 2657.030518 0.000000 0.554412 0.000000 -0.832243 0.477353 0.477353 0.477353
1601.945557 0.000000 2671.069336 0.000000 0.559283 0.000000 -0.828977 0.491899 0.491899 0.491899
1677.612183 0.000000 2601.409912 0.000000 0.470958 0.000000 -0.882155 0.422446 0.422446 0.422446
1671.015381 0.000000 2606.503418 0.000000 0.033042 0.000000 -0.999454 0.539456 0.539456 0.539456
1375.825928 0.000000 2719.372314 0.000000 0.294813 0.000000 -0.955555 0.416444 0.416444 0.416444
1371.966187 0.000000 2720.863037 0.000000 0.536914 0.000000 -0.843637 0.427591 0.427591 0.427591
1365.209473 0.000000 2718.112305 0.000000 0.254116 0.000000 -0.967174 0.487530 0.487530 0.487530
1430.020996 0.000000 2712.570068 0.000000 0.503207 0.000000 -0.864166 0.497352 0.497352 0.497352
1435.969971 0.000000 2712.232178 0.000000 0.033030 0.000000 -0.999454 0.554764 0.554764 0.554764
1971.759033 0.000000 2799.099121 0.000000 0.557988 0.000000 -0.829849 0.413049 0.413049 0.413049
1973.861084 0.000000 2815.800781 0.000000 0.544907 0.000000 -0.838497 0.413457 0.413457 0.413457
1958.819946 0.000000 2819.986084 0.000000 0.143189 0.000000 -0.989695 0.442391 0.442391 0.442391
2023.382324 0.000000 2801.352783 0.000000 0.220413 0.000000 -0.975407 0.488159 0.488159 0.488159
1963.440918 0.000000 2831.907227 0.000000 0.415035 0.000000 -0.909805 0.492894 0.492894 0.492894
2198.444824 0.000000 2254.589355 0.000000 0.500541 0.000000 -0.865713 0.503729 0.503729 0.503729
2226.908447 0.000000 2241.656494 0.000000 0.344417 0.000000 -0.938817 0.487940 0.487940 0.487940
2174.025391 0.000000 2262.503174 0.000000 0.298737 0.000000 -0.954335 0.639571 0.639571 0.639571
2173.505859 0.000000 2267.451416 0.000000 0.220618 0.000000 -0.975360 0.591738 0.591738 0.591738
2211.619385 0.000000 2301.281982 0.000000 0.069471 0.000000 -0.997584 0.469336 0.469336 0.469336
2208.283936 0.000000 2301.563721 0.000000 0.575555 0.000000 -0.817763 0.478985 0.478985 0.478985
2228.241943 0.000000 2271.109863 0.000000 0.169687 0.000000 -0.985498 0.499850 0.499850 0.499850
2237.190430 0.000000 2314.797119 0.000000 0.438562 0.000000 -0.898701 0.560310 0.560310 0.560310
2186.277832 0.000000 2295.426758 0.000000 0.063287 0.000000 -0.997995 0.613353 0.613353 0.613353
2225.976074 0.000000 2274.453613 0.000000 0.001755 0.000000 -0.999998 0.706433 0.706433 0.706433
2251.263184 0.000000 2295.937256 0.000000 0.288809 0.000000 -0.957387 0.435874 0.435874 0.435874
2276.342041 0.000000 2315.043701 0.000000 0.108646 0.000000 -0.994080 0.430086 0.430086 0.430086
2244.679688 0.000000 2311.989990 0.000000 0.002310 0.000000 -0.999997 0.461815 0.461815 0.461815
2235.529785 0.000000 2316.506348 0.000000 0.216351 0.000000 -0.976316 0.441255 0.441255 0.441255
2234.650635 0.000000 2327.037354 0.000000 0.264177 0.000000 -0.964474 0.614482 0.614482 0.614482
2259.237061 0.000000 2327.182373 0.000000 0.285262 0.000000 -0.958449 0.431695 0.431695 0.431695
2298.669922 0.000000 2371.597168 0.000000 0.437355 0.000000 -0.899289 0.517833 0.517833 0.517833
2256.122070 0.000000 2326.793213 0.000000 0.172144 0.000000 -0.985072 0.579903 0.579903 0.579903
2286.782471 0.000000 2414.407959 0.000000 0.501467 0.000000 -0.865177 0.419856 0.419856 0.419856
2271.967773 0.000000 2390.543457 0.000000 0.381151 0.000000 -0.924513 0.487220 0.487220 0.487220
2307.050537 0.000000 2375.738037 0.000000 0.443208 0.000000 -0.896419 0.477538 0.477538 0.477538
2346.414795 0.000000 2448.446289 0.000000 0.125315 0.000000 -0.992117 0.476991 0.476991 0.476991
2329.935303 0.000000 2469.230713 0.000000 0.319849 0.000000 -0.947469 0.486287 0.486287 0.486287
2401.497803 0.000000 2477.042969 0.000000 0.020717 0.000000 -0.999785 0.665550 0.665550 0.665550
2402.360840 0.000000 2474.201416 0.000000 0.075235 0.000000 -0.997166 0.573503 0.573503 0.573503
2169.404541 0.000000 2748.894287 0.000000 0.267850 0.000000 -0.963461 0.712813 0.712813 0.712813
2171.502197 0.000000 2779.731689 0.000000 0.226934 0.000000 -0.973910 0.466658 0.466658 0.466658
2189.340576 0.000000 2751.476807 0.000000 0.210201 0.000000 -0.977658 0.452004 0.452004 0.452004
2184.280029 0.000000 2745.480957 0.000000 0.160823 0.000000 -0.986983 0.480663 0.480663 0.480663
2181.854248 0.000000 2746.003174 0.000000 0.164516 0.000000 -0.986374 0.536654 0.536654 0.536654
2197.902344 0.000000 2756.736328 0.000000 0.193742 0.000000 -0.981053 0.612059 0.612059 0.612059
2217.342041 0.000000 2739.899902 0.000000 0.089047 0.000000 -0.996027 0.687913 0.687913 0.687913
2180.693359 0.000000 2743.890381 0.000000 0.431177 0.000000 -0.902267 0.590401 0.590401 0.590401
2210.136719 0.000000 2739.373779 0.000000 0.471059 0.000000 -0.882102 0.572221 0.572221 0.572221
2217.080811 0.000000 2738.767334 0.000000 0.370037 0.000000 -0.929017 0.678577 0.678577 0.678577
2215.180420 0.000000 2741.674316 0.000000 0.294999 0.000000 -0.955498 0.604949 0.604949 0.604949
2181.747314 0.000000 2744.220947 0.000000 0.418244 0.000000 -0.908335 0.683382 0.683382 0.683382
2189.677002 0.000000 2748.243896 0.000000 0.121362 0.000000 -0.992608 0.755968 0.755968 0.755968
2211.216309 0.000000 2736.180420 0.000000 0.251777 0.000000 -0.967785 0.751067 0.751067 0.751067
2246.073242 0.000000 2765.037598 0.000000 0.005235 0.000000 -0.999986 0.468252 0.468252 0.468252
2258.536621 0.000000 2764.719727 0.000000 0.443703 0.000000 -0.896174 0.485967 0.485967 0.485967
2243.094727 0.000000 2766.034180 0.000000 0.499201 0.000000 -0.866486 0.639650 0.639650 0.639650
2247.386719 0.000000 2756.465576 0.000000 0.102837 0.000000 -0.994698 0.763998 0.763998 0.763998
2243.005859 0.000000 2762.208008 0.000000 0.429874 0.000000 -0.902889 0.614010 0.614010 0.614010
2247.583496 0.000000 2763.503418 0.000000 0.360082 0.000000 -0.932921 0.674571 0.674571 0.674571
2248.949219 0.000000 2760.185059 0.000000 0.301968 0.000000 -0.953318 0.750697 0.750697 0.750697
2238.970947 0.000000 2790.390381 0.000000 0.210668 0.000000 -0.977558 0.434960 0.434960 0.434960
2195.343506 0.000000 2819.335449 0.000000 0.000013 0.000000 -1.000000 0.485673 0.485673 0.485673
2176.369629 0.000000 2778.636230 0.000000 0.087080 0.000000 -0.996201 0.469039 0.469039 0.469039
2196.561035 0.000000 2818.499756 0.000000 0.275413 0.000000 -0.961326 0.631563 0.631563 0.631563
2190.622803 0.000000 2772.445801 0.000000 0.408122 0.000000 -0.912927 0.651291 0.651291 0.651291
2190.943359 0.000000 2808.328857 0.000000 0.507331 0.000000 -0.861751 0.556374 0.556374 0.556374
2218.844238 0.000000 2776.634277 0.000000 0.014494 0.000000 -0.999895 0.574937 0.574937 0.574937
2195.857178 0.000000 2820.431152 0.000000 0.300961 0.000000 -0.953637 0.548704 0.548704 0.548704
2224.335205 0.000000 2783.837646 0.000000 0.115775 0.000000 -0.993275 0.700383 0.700383 0.700383
2233.537842 0.000000 2790.684814 0.000000 0.558937 0.000000 -0.829210 0.548638 0.548638 0.548638
2181.351807 0.000000 2819.367432 0.000000 0.560777 0.000000 -0.827967 0.738441 0.738441 0.738441
2192.053223 0.000000 2773.094727 0.000000 0.299729 0.000000 -0.954024 0.587517 0.587517 0.587517
2186.690430 0.000000 2814.096191 0.000000 0.370070 0.000000 -0.929004 0.700340 0.700340 0.700340
2225.976074 0.000000 2782.812988 0.000000 0.577051 0.000000 -0.816708 0.683771 0.683771 0.683771
2198.795166 0.000000 2821.613770 0.000000 0.274722 0.000000 -0.961524 0.690593 0.690593 0.690593
2196.864502 0.000000 2820.901123 0.000000 0.417118 0.000000 -0.908852 0.745843 0.745843 0.745843
2197.128174 0.000000 2821.914795 0.000000 0.232396 0.000000 -0.972621 0.753710 0.753710 0.753710
2266.957520 0.000000 2774.361084 0.000000 0.574885 0.000000 -0.818234 0.451879 0.451879 0.451879
2269.055664 0.000000 2773.748047 0.000000 0.379666 0.000000 -0.925124 0.499982 0.499982 0.499982
2268.286133 0.000000 2789.419922 0.000000 0.001899 0.000000 -0.999998 0.540116 0.540116 0.540116
2257.011475 0.000000 2769.071533 0.000000 0.159633 0.000000 -0.987176 0.718888 0.718888 0.718888
2258.082275 0.000000 2767.796631 0.000000 0.506125 0.000000 -0.862460 0.690881 0.690881 0.690881
2252.654785 0.000000 2771.438721 0.000000 0.426135 0.000000 -0.904660 0.670121 0.670121 0.670121
2263.045898 0.000000 2769.368164 0.000000 0.313753 0.000000 -0.949505 0.639116 0.639116 0.639116
2260.296143 0.000000 2776.464355 0.000000 0.393098 0.000000 -0.919497 0.745675 0.745675 0.745675
2250.381348 0.000000 2769.132080 0.000000 0.234397 0.000000 -0.972141 0.729488 0.729488 0.729488
2254.206787 0.000000 2779.660889 0.000000 0.061965 0.000000 -0.998078 0.677646 0.677646 0.677646
2161.237305 0.000000 2837.425293 0.000000 0.218640 0.000000 -0.975806 0.462531 0.462531 0.462531
2165.071289 0.000000 2828.959961 0.000000 0.085675 0.000000 -0.996323 0.505773 0.505773 0.505773
2175.423340 0.000000 2827.694092 0.000000 0.209026 0.000000 -0.977910 0.605102 0.605102 0.605102
2141.379639 0.000000 2835.694092 0.000000 0.200130 0.000000 -0.979769 0.529410 0.529410 0.529410
2171.996826 0.000000 2831.487793 0.000000 0.554165 0.000000 -0.832407 0.525604 0.525604 0.525604
2162.592529 0.000000 2829.929932 0.000000 0.191069 0.000000 -0.981577 0.570745 0.570745 0.570745
2170.650635 0.000000 2835.396729 0.000000 0.541259 0.000000 -0.840856 0.593552 0.593552 0.593552
2168.214111 0.000000 2835.745850 0.000000 0.439069 0.000000 -0.898453 0.607302 0.607302 0.607302
2143.664551 0.000000 2835.937744 0.000000 0.581117 0.000000 -0.813820 0.724222 0.724222 0.724222
2663.591309 0.000000 2922.539062 0.000000 0.090984 0.000000 -0.995852 0.420318 0.420318 0.420318
2662.962158 0.000000 2924.883057 0.000000 0.388539 0.000000 -0.921432 0.432175 0.432175 0.432175
2661.805176 0.000000 2936.229736 0.000000 0.031236 0.000000 -0.999512 0.515511 0.515511 0.515511
2664.301758 0.000000 2921.020020 0.000000 0.585688 0.000000 -0.810536 0.543693 0.543693 0.543693
2658.110840 0.000000 2935.485352 0.000000 0.389259 0.000000 -0.921128 0.656238 0.656238 0.656238
2664.647949 0.000000 2938.514160 0.000000 0.135850 0.000000 -0.990729 0.431822 0.431822 0.431822
2654.425537 0.000000 2944.071777 0.000000 0.036696 0.000000 -0.999326 0.581003 0.581003 0.581003
2669.442383 0.000000 2948.950439 0.000000 0.082447 0.000000 -0.996595 0.553664 0.553664 0.553664
3989.008301 0.000000 2909.808105 0.000000 0.516874 0.000000 -0.856061 0.453007 0.453007 0.453007
4257.641602 0.000000 2616.359863 0.000000 0.450168 0.000000 -0.892944 0.415377 0.415377 0.415377
4577.680176 0.000000 2541.140137 0.000000 0.388553 0.000000 -0.921426 0.457465 0.457465 0.457465
4556.080078 0.000000 2573.085693 0.000000 0.454272 0.000000 -0.890863 0.454174 0.454174 0.454174
4571.877441 0.000000 2553.287842 0.000000 0.315076 0.000000 -0.949066 0.473615 0.473615 0.473615
4564.600586 0.000000 2552.818848 0.000000 0.381715 0.000000 -0.924280 0.506312 0.506312 0.506312
4578.757812 0.000000 2547.258789 0.000000 0.170468 0.000000 -0.985363 0.757597 0.757597 0.757597
4568.136230 0.000000 2562.211182 0.000000 0.267988 0.000000 -0.963422 0.549469 0.549469 0.549469
4574.521973 0.000000 2575.242676 0.000000 0.042313 0.000000 -0.999104 0.600672 0.600672 0.600672
4568.231445 0.000000 2543.475098 0.000000 0.216482 0.000000 -0.976287 0.611442 0.611442 0.611442
4583.871094 0.000000 2562.232422 0.000000 0.012677 0.000000 -0.999920 0.759088 0.759088 0.759088
4576.590820 0.000000 2568.937744 0.000000 0.079187 0.000000 -0.996860 0.730678 0.730678 0.730678
4584.529297 0.000000 2559.667480 0.000000 0.080327 0.000000 -0.996769 0.688194 0.688194 0.688194
4570.147949 0.000000 2566.342285 0.000000 0.050800 0.000000 -0.998709 0.763618 0.763618 0.763618
4578.564453 0.000000 2567.776855 0.000000 0.139841 0.000000 -0.990174 0.704018 0.704018 0.704018
4587.281250 0.000000 2553.411377 0.000000 0.023746 0.000000 -0.999718 0.761777 0.761777 0.761777
4575.611328 0.000000 2567.213379 0.000000 0.533817 0.000000 -0.845600 0.649131 0.649131 0.649131
4574.344238 0.000000 2568.455566 0.000000 0.363422 0.000000 -0.931625 0.683157 0.683157 0.683157
4575.795898 0.000000 2569.711182 0.000000 0.277086 0.000000 -0.960845 0.686126 0.686126 0.686126
4534.158691 0.000000 2686.825439 0.000000 0.402202 0.000000 -0.915551 0.416058 0.416058 0.416058
4490.618164 0.000000 2706.208984 0.000000 0.006362 0.000000 -0.999980 0.448800 0.448800 0.448800
4520.653320 0.000000 2700.408203 0.000000 0.460042 0.000000 -0.887897 0.481417 0.481417 0.481417
4562.979980 0.000000 2694.779541 0.000000 0.487381 0.000000 -0.873190 0.434717 0.434717 0.434717
4568.891602 0.000000 2701.120850 0.000000 0.424341 0.000000 -0.905503 0.461035 0.461035 0.461035
4560.024902 0.000000 2696.184326 0.000000 0.522436 0.000000 -0.852678 0.486423 0.486423 0.486423
4554.331055 0.000000 2700.102051 0.000000 0.158147 0.000000 -0.987416 0.480711 0.480711 0.480711
4594.478027 0.000000 2696.641357 0.000000 0.052935 0.000000 -0.998598 0.515085 0.515085 0.515085
4544.328125 0.000000 2703.233887 0.000000 0.002522 0.000000 -0.999997 0.648266 0.648266 0.648266
4563.857422 0.000000 2707.462402 0.000000 0.503888 0.000000 -0.863769 0.620262 0.620262 0.620262
4568.179688 0.000000 2695.373779 0.000000 0.263410 0.000000 -0.964684 0.680006 0.680006 0.680006
4564.942871 0.000000 2704.372803 0.000000 0.399420 0.000000 -0.916768 0.608470 0.608470 0.608470
4566.239258 0.000000 2694.296631 0.000000 0.379832 0.000000 -0.925056 0.747993 0.747993 0.747993
4631.599609 0.000000 2596.352051 0.000000 0.039580 0.000000 -0.999216 0.478481 0.478481 0.478481
4639.732910 0.000000 2594.613770 0.000000 0.573021 0.000000 -0.819541 0.493678 0.493678 0.493678
4632.351074 0.000000 2593.927246 0.000000 0.512883 0.000000 -0.858458 0.622104 0.622104 0.622104
4661.492676 0.000000 2597.326172 0.000000 0.410052 0.000000 -0.912062 0.618905 0.618905 0.618905
4636.341797 0.000000 2591.460938 0.000000 0.467561 0.000000 -0.883961 0.657897 0.657897 0.657897
4620.112305 0.000000 2613.187988 0.000000 0.115872 0.000000 -0.993264 0.419901 0.419901 0.419901
4627.337891 0.000000 2598.440186 0.000000 0.142916 0.000000 -0.989735 0.534949 0.534949 0.534949
4651.276855 0.000000 2643.767822 0.000000 0.331081 0.000000 -0.943602 0.571621 0.571621 0.571621
4663.883789 0.000000 2644.330322 0.000000 0.179689 0.000000 -0.983724 0.577542 0.577542 0.577542
4666.833496 0.000000 2617.690430 0.000000 0.582885 0.000000 -0.812555 0.619754 0.619754 0.619754
4690.634277 0.000000 2643.549805 0.000000 0.204232 0.000000 -0.978922 0.512088 0.512088 0.512088
4694.444824 0.000000 2649.979980 0.000000 0.296155 0.000000 -0.955140 0.508085 0.508085 0.508085
4696.351074 0.000000 2650.411621 0.000000 0.558584 0.000000 -0.829448 0.739742 0.739742 0.739742
4688.512207 0.000000 2634.026611 0.000000 0.301763 0.000000 -0.953383 0.576672 0.576672 0.576672
4699.631348 0.000000 2654.131348 0.000000 0.167118 0.000000 -0.985937 0.674329 0.674329 0.674329
4688.554199 0.000000 2651.056152 0.000000 0.576702 0.000000 -0.816955 0.609371 0.609371 0.609371
4689.980469 0.000000 2637.536865 0.000000 0.551858 0.000000 -0.833938 0.667684 0.667684 0.667684
4697.886230 0.000000 2640.353760 0.000000 0.201055 0.000000 -0.979580 0.753087 0.753087 0.753087
4694.346191 0.000000 2641.546387 0.000000 0.313231 0.000000 -0.949677 0.660889 0.660889 0.660889
4654.782227 0.000000 2696.829834 0.000000 0.544441 0.000000 -0.838799 0.417055 0.417055 0.417055
4660.657715 0.000000 2654.801758 0.000000 0.489499 0.000000 -0.872004 0.417966 0.417966 0.417966
4655.448242 0.000000 2679.273193 0.000000 0.400610 0.000000 -0.916249 0.436185 0.436185 0.436185
4658.490723 0.000000 2677.555176 0.000000 0.568371 0.000000 -0.822772 0.439512 0.439512 0.439512
4648.469727 0.000000 2674.030762 0.000000 0.292467 0.000000 -0.956276 0.497476 0.497476 0.497476
4653.684570 0.000000 2697.676270 0.000000 0.444630 0.000000 -0.895714 0.502850 0.502850 0.502850
4648.459473 0.000000 2684.285156 0.000000 0.563417 0.000000 -0.826173 0.590746 0.590746 0.590746
4653.193359 0.000000 2675.615479 0.000000 0.014123 0.000000 -0.999900 0.676911 0.676911 0.676911
4613.597168 0.000000 2681.652344 0.000000 0.292017 0.000000 -0.956413 0.572603 0.572603 0.572603
4655.249023 0.000000 2677.502930 0.000000 0.439071 0.000000 -0.898452 0.630903 0.630903 0.630903
4612.993652 0.000000 2678.948730 0.000000 0.535885 0.000000 -0.844291 0.542929 0.542929 0.542929
4659.578125 0.000000 2678.002930 0.000000 0.539311 0.000000 -0.842107 0.666023 0.666023 0.666023
4656.425781 0.000000 2676.285400 0.000000 0.200087 0.000000 -0.979778 0.755040 0.755040 0.755040
4663.173828 0.000000 2657.813232 0.000000 0.231258 0.000000 -0.972893 0.683268 0.683268 0.683268
4651.449707 0.000000 2683.049072 0.000000 0.532537 0.000000 -0.846407 0.668417 0.668417 0.668417
4696.204102 0.000000 2699.293213 0.000000 0.062855 0.000000 -0.998023 0.471604 0.471604 0.471604
4689.288086 0.000000 2659.846924 0.000000 0.374381 0.000000 -0.927275 0.470404 0.470404 0.470404
4694.020996 0.000000 2656.085693 0.000000 0.323605 0.000000 -0.946192 0.484087 0.484087 0.484087
4697.935547 0.000000 2695.168213 0.000000 0.182510 0.000000 -0.983204 0.480276 0.480276 0.480276
4690.397949 0.000000 2676.900879 0.000000 0.106892 0.000000 -0.994271 0.509693 0.509693 0.509693
4701.048828 0.000000 2656.408203 0.000000 0.236010 0.000000 -0.971750 0.580492 0.580492 0.580492
4697.886230 0.000000 2696.838135 0.000000 0.192060 0.000000 -0.981383 0.627413 0.627413 0.627413
4696.379395 0.000000 2661.473633 0.000000 0.273108 0.000000 -0.961983 0.749305 0.749305 0.749305
4994.269043 0.000000 2595.230713 0.000000 0.409881 0.000000 -0.912139 0.417134 0.417134 0.417134
5088.330078 0.000000 2596.094238 0.000000 0.275418 0.000000 -0.961324 0.418060 0.418060 0.418060
4959.330566 0.000000 2630.702393 0.000000 0.079489 0.000000 -0.996836 0.420848 0.420848 0.420848
4960.590820 0.000000 2625.422119 0.000000 0.561158 0.000000 -0.827709 0.656664 0.656664 0.656664
5010.929199 0.000000 2603.755371 0.000000 0.068676 0.000000 -0.997639 0.467194 0.467194 0.467194
5060.035156 0.000000 2604.500977 0.000000 0.308683 0.000000 -0.951165 0.437676 0.437676 0.437676
5968.122070 0.000000 2157.340088 0.000000 0.004333 0.000000 -0.999991 0.592806 0.592806 0.592806
6022.724121 0.000000 2236.398193 0.000000 0.047117 0.000000 -0.998889 0.420541 0.420541 0.420541
6033.493164 0.000000 2246.863525 0.000000 0.255592 0.000000 -0.966785 0.430030 0.430030 0.430030
6062.644531 0.000000 2247.886963 0.000000 0.169369 0.000000 -0.985553 0.553885 0.553885 0.553885
6062.588379 0.000000 2246.671875 0.000000 0.403415 0.000000 -0.915017 0.548403 0.548403 0.548403
6142.390625 0.000000 2258.651123 0.000000 0.138660 0.000000 -0.990340 0.419802 0.419802 0.419802
6088.237305 0.000000 2250.917236 0.000000 0.302668 0.000000 -0.953096 0.429311 0.429311 0.429311
6096.905273 0.000000 2256.790039 0.000000 0.260891 0.000000 -0.965368 0.455427 0.455427 0.455427
6099.343262 0.000000 2254.491699 0.000000 0.218936 0.000000 -0.975739 0.483903 0.483903 0.483903
6134.280273 0.000000 2249.469971 0.000000 0.044061 0.000000 -0.999029 0.515260 0.515260 0.515260
6130.290039 0.000000 2256.656738 0.000000 0.191304 0.000000 -0.981531 0.752871 0.752871 0.752871
5196.955566 0.000000 2484.692139 0.000000 0.138384 0.000000 -0.990379 0.550240 0.550240 0.550240
5182.905762 0.000000 2491.122803 0.000000 0.206586 0.000000 -0.978428 0.492705 0.492705 0.492705
5164.127930 0.000000 2569.238281 0.000000 0.190399 0.000000 -0.981707 0.419007 0.419007 0.419007
5144.535645 0.000000 2558.151855 0.000000 0.263925 0.000000 -0.964543 0.419317 0.419317 0.419317
5159.180176 0.000000 2572.221191 0.000000 0.415924 0.000000 -0.909399 0.605840 0.605840 0.605840
5161.240234 0.000000 2572.313477 0.000000 0.289925 0.000000 -0.957049 0.670375 0.670375 0.670375
5918.530273 0.000000 2282.834961 0.000000 0.343227 0.000000 -0.939253 0.415722 0.415722 0.415722
5942.158691 0.000000 2291.434814 0.000000 0.507533 0.000000 -0.861632 0.414519 0.414519 0.414519
5920.607910 0.000000 2298.465576 0.000000 0.340583 0.000000 -0.940215 0.426615 0.426615 0.426615
5930.439941 0.000000 2271.598877 0.000000 0.516776 0.000000 -0.856121 0.469761 0.469761 0.469761
5929.405762 0.000000 2297.227783 0.000000 0.539245 0.000000 -0.842149 0.648936 0.648936 0.648936
5931.365234 0.000000 2302.362793 0.000000 0.003630 0.000000 -0.999993 0.650461 0.650461 0.650461
5990.469727 0.000000 2285.968994 0.000000 0.518507 0.000000 -0.855073 0.414033 0.414033 0.414033
5960.614258 0.000000 2272.903809 0.000000 0.006075 0.000000 -0.999982 0.421720 0.421720 0.421720
5967.671387 0.000000 2260.904053 0.000000 0.094211 0.000000 -0.995552 0.420273 0.420273 0.420273
5999.448242 0.000000 2283.882568 0.000000 0.510488 0.000000 -0.859885 0.428050 0.428050 0.428050
5998.245605 0.000000 2279.297607 0.000000 0.011784 0.000000 -0.999931 0.453027 0.453027 0.453027
5979.236816 0.000000 2276.861816 0.000000 0.526230 0.000000 -0.850342 0.534739 0.534739 0.534739
6063.917480 0.000000 2296.156982 0.000000 0.392455 0.000000 -0.919771 0.415506 0.415506 0.415506
6035.443848 0.000000 2309.294678 0.000000 0.284793 0.000000 -0.958589 0.417603 0.417603 0.417603
6055.743652 0.000000 2295.115479 0.000000 0.155291 0.000000 -0.987869 0.541186 0.541186 0.541186
6083.510742 0.000000 2306.302979 0.000000 0.137331 0.000000 -0.990525 0.419319 0.419319 0.419319
6133.428223 0.000000 2277.216309 0.000000 0.236084 0.000000 -0.971733 0.418429 0.418429 0.418429
6135.129883 0.000000 2285.968262 0.000000 0.226851 0.000000 -0.973929 0.619879 0.619879 0.619879
4515.104004 0.000000 2719.791992 0.000000 0.203207 0.000000 -0.979136 0.418213 0.418213 0.418213
4541.367188 0.000000 2762.385742 0.000000 0.533081 0.000000 -0.846064 0.740538 0.740538 0.740538
4532.695801 0.000000 2747.353760 0.000000 0.215044 0.000000 -0.976604 0.653033 0.653033 0.653033
4532.147949 0.000000 2766.412109 0.000000 0.502230 0.000000 -0.864734 0.741258 0.741258 0.741258
4539.539551 0.000000 2763.784668 0.000000 0.474587 0.000000 -0.880209 0.742603 0.742603 0.742603
4534.205566 0.000000 2746.463379 0.000000 0.134124 0.000000 -0.990965 0.589574 0.589574 0.589574
4535.669922 0.000000 2744.914551 0.000000 0.022969 0.000000 -0.999736 0.579134 0.579134 0.579134
4494.695801 0.000000 2718.135986 0.000000 0.058333 0.000000 -0.998297 0.617897 0.617897 0.617897
4535.347168 0.000000 2767.301270 0.000000 0.027175 0.000000 -0.999631 0.730286 0.730286 0.730286
4534.497559 0.000000 2724.413818 0.000000 0.129407 0.000000 -0.991592 0.653413 0.653413 0.653413
4533.492676 0.000000 2766.779297 0.000000 0.106759 0.000000 -0.994285 0.757815 0.757815 0.757815
4567.838867 0.000000 2742.273682 0.000000 0.380078 0.000000 -0.924954 0.506347 0.506347 0.506347
4581.210449 0.000000 2743.331543 0.000000 0.511284 0.000000 -0.859412 0.539343 0.539343 0.539343
4544.926758 0.000000 2764.943604 0.000000 0.281561 0.000000 -0.959543 0.690358 0.690358 0.690358
4594.478027 0.000000 2753.125732 0.000000 0.112402 0.000000 -0.993663 0.720554 0.720554 0.720554
4546.009277 0.000000 2732.298828 0.000000 0.234587 0.000000 -0.972095 0.707386 0.707386 0.707386
4593.244629 0.000000 2748.302246 0.000000 0.561957 0.000000 -0.827166 0.740768 0.740768 0.740768
4546.058594 0.000000 2729.689453 0.000000 0.554882 0.000000 -0.831929 0.718954 0.718954 0.718954
4548.788086 0.000000 2733.750732 0.000000 0.582330 0.000000 -0.812953 0.598605 0.598605 0.598605
4597.408691 0.000000 2739.663574 0.000000 0.527745 0.000000 -0.849403 0.739461 0.739461 0.739461
4586.544434 0.000000 2748.103027 0.000000 0.340298 0.000000 -0.940318 0.534936 0.534936 0.534936
4575.443848 0.000000 2749.361328 0.000000 0.310584 0.000000 -0.950546 0.749895 0.749895 0.749895
4556.183105 0.000000 2720.905273 0.000000 0.185819 0.000000 -0.982584 0.751306 0.751306 0.751306
4595.748047 0.000000 2752.705322 0.000000 0.192726 0.000000 -0.981253 0.717713 0.717713 0.717713
4554.359863 0.000000 2719.067383 0.000000 0.436972 0.000000 -0.899475 0.744080 0.744080 0.744080
4568.231445 0.000000 2712.928223 0.000000 0.333562 0.000000 -0.942728 0.658057 0.658057 0.658057
4587.584473 0.000000 2750.324951 0.000000 0.452204 0.000000 -0.891915 0.643371 0.643371 0.643371
4597.881348 0.000000 2753.409668 0.000000 0.577996 0.000000 -0.816040 0.668806 0.668806 0.668806
4573.854004 0.000000 2740.442383 0.000000 0.036094 0.000000 -0.999348 0.559075 0.559075 0.559075
4580.740723 0.000000 2736.352051 0.000000 0.237725 0.000000 -0.971333 0.738218 0.738218 0.738218
4592.161133 0.000000 2750.599121 0.000000 0.203244 0.000000 -0.979128 0.760879 0.760879 0.760879
4575.082031 0.000000 2747.397705 0.000000 0.229479 0.000000 -0.973314 0.749620 0.749620 0.749620
4595.609375 0.000000 2741.416260 0.000000 0.468638 0.000000 -0.883390 0.608552 0.608552 0.608552
4559.853516 0.000000 2725.987305 0.000000 0.375528 0.000000 -0.926811 0.749425 0.749425 0.749425
4552.362793 0.000000 2767.034912 0.000000 0.364485 0.000000 -0.931209 0.718008 0.718008 0.718008
4585.447266 0.000000 2728.155273 0.000000 0.304333 0.000000 -0.952566 0.578763 0.578763 0.578763
4578.942871 0.000000 2749.684814 0.000000 0.025659 0.000000 -0.999671 0.768856 0.768856 0.768856
4544.743652 0.000000 2762.170654 0.000000 0.230980 0.000000 -0.972959 0.754470 0.754470 0.754470
4547.154785 0.000000 2732.001953 0.000000 0.390785 0.000000 -0.920482 0.701754 0.701754 0.701754
4554.277832 0.000000 2747.301758 0.000000 0.303905 0.000000 -0.952702 0.751718 0.751718 0.751718
4554.015137 0.000000 2721.452393 0.000000 0.390990 0.000000 -0.920395 0.746889 0.746889 0.746889
4570.454102 0.000000 2712.264160 0.000000 0.237278 0.000000 -0.971442 0.759324 0.759324 0.759324
4592.471680 0.000000 2736.051758 0.000000 0.010041 0.000000 -0.999950 0.751205 0.751205 0.751205
4554.814941 0.000000 2720.613281 0.000000 0.430960 0.000000 -0.902371 0.745130 0.745130 0.745130
4584.788086 0.000000 2750.637451 0.000000 0.221678 0.000000 -0.975120 0.751209 0.751209 0.751209
4559.058105 0.000000 2716.976318 0.000000 0.168225 0.000000 -0.985749 0.718584 0.718584 0.718584
4549.068848 0.000000 2764.876221 0.000000 0.065217 0.000000 -0.997871 0.760909 0.760909 0.760909
4584.319824 0.000000 2732.798096 0.000000 0.079542 0.000000 -0.996832 0.634981 0.634981 0.634981
4583.517090 0.000000 2745.938232 0.000000 0.100568 0.000000 -0.994930 0.760501 0.760501 0.760501
4575.611328 0.000000 2736.666504 0.000000 0.549451 0.000000 -0.835526 0.719190 0.719190 0.719190
4574.344238 0.000000 2737.908691 0.000000 0.580765 0.000000 -0.814071 0.717814 0.717814 0.717814
4556.269531 0.000000 2719.107666 0.000000 0.073423 0.000000 -0.997301 0.763062 0.763062 0.763062
4580.659668 0.000000 2747.347900 0.000000 0.009284 0.000000 -0.999957 0.769586 0.769586 0.769586
4591.847168 0.000000 2739.371826 0.000000 0.095642 0.000000 -0.995416 0.645571 0.645571 0.645571
4558.202637 0.000000 2724.954102 0.000000 0.012555 0.000000 -0.999921 0.764947 0.764947 0.764947
4572.289062 0.000000 2735.453613 0.000000 0.279467 0.000000 -0.960155 0.710194 0.710194 0.710194
4528.351074 0.000000 2776.643311 0.000000 0.278466 0.000000 -0.960446 0.585908 0.585908 0.585908
4524.345703 0.000000 2778.450928 0.000000 0.275984 0.000000 -0.961162 0.725732 0.725732 0.725732
4526.404297 0.000000 2779.977051 0.000000 0.065684 0.000000 -0.997841 0.759706 0.759706 0.759706
4558.213379 0.000000 2769.439209 0.000000 0.512819 0.000000 -0.858497 0.522414 0.522414 0.522414
4596.695801 0.000000 2803.838135 0.000000 0.019559 0.000000 -0.999809 0.528821 0.528821 0.528821
4570.696777 0.000000 2787.480469 0.000000 0.186315 0.000000 -0.982490 0.627575 0.627575 0.627575
4596.887695 0.000000 2791.321533 0.000000 0.443393 0.000000 -0.896328 0.570841 0.570841 0.570841
4583.639160 0.000000 2794.807617 0.000000 0.040700 0.000000 -0.999171 0.759897 0.759897 0.759897
4548.727051 0.000000 2774.985352 0.000000 0.515013 0.000000 -0.857183 0.566758 0.566758 0.566758
4576.728027 0.000000 2778.943115 0.000000 0.375987 0.000000 -0.926625 0.750130 0.750130 0.750130
4581.645508 0.000000 2803.514160 0.000000 0.284443 0.000000 -0.958693 0.577110 0.577110 0.577110
4551.807129 0.000000 2800.936035 0.000000 0.040710 0.000000 -0.999171 0.763506 0.763506 0.763506
4585.081055 0.000000 2795.251709 0.000000 0.468256 0.000000 -0.883593 0.744497 0.744497 0.744497
4582.214844 0.000000 2780.364258 0.000000 0.030251 0.000000 -0.999542 0.760979 0.760979 0.760979
4551.204590 0.000000 2796.717041 0.000000 0.284491 0.000000 -0.958679 0.642180 0.642180 0.642180
4581.641602 0.000000 2795.016846 0.000000 0.079181 0.000000 -0.996860 0.758387 0.758387 0.758387
4579.967285 0.000000 2802.008545 0.000000 0.348905 0.000000 -0.937158 0.657560 0.657560 0.657560
4573.493652 0.000000 2775.092285 0.000000 0.319617 0.000000 -0.947547 0.754414 0.754414 0.754414
4595.848633 0.000000 2804.409668 0.000000 0.301993 0.000000 -0.953310 0.624265 0.624265 0.624265
4574.405762 0.000000 2805.974121 0.000000 0.395469 0.000000 -0.918479 0.748931 0.748931 0.748931
4553.671875 0.000000 2805.816650 0.000000 0.542007 0.000000 -0.840374 0.744473 0.744473 0.744473
4528.063965 0.000000 2850.014648 0.000000 0.076446 0.000000 -0.997074 0.508117 0.508117 0.508117
4543.927246 0.000000 2838.964111 0.000000 0.312814 0.000000 -0.949814 0.580702 0.580702 0.580702
4547.820801 0.000000 2838.024170 0.000000 0.565101 0.000000 -0.825022 0.413274 0.413274 0.413274
4555.616211 0.000000 2853.559814 0.000000 0.520576 0.000000 -0.853815 0.414051 0.414051 0.414051
4562.128418 0.000000 2844.980469 0.000000 0.430771 0.000000 -0.902461 0.415566 0.415566 0.415566
4581.085938 0.000000 2850.589600 0.000000 0.212714 0.000000 -0.977114 0.602825 0.602825 0.602825
4581.641602 0.000000 2851.501221 0.000000 0.065782 0.000000 -0.997834 0.606677 0.606677 0.606677
4555.088379 0.000000 2836.816895 0.000000 0.571698 0.000000 -0.820464 0.692534 0.692534 0.692534
4556.740234 0.000000 2836.773682 0.000000 0.036006 0.000000 -0.999352 0.653963 0.653963 0.653963
4583.299805 0.000000 2927.082520 0.000000 0.433837 0.000000 -0.900991 0.415239 0.415239 0.415239
4574.021484 0.000000 2888.969971 0.000000 0.445467 0.000000 -0.895298 0.450131 0.450131 0.450131
4587.175293 0.000000 2899.000488 0.000000 0.326950 0.000000 -0.945042 0.509587 0.509587 0.509587
4587.729004 0.000000 2901.758545 0.000000 0.030648 0.000000 -0.999530 0.665249 0.665249 0.665249
4285.212891 0.000000 3075.548096 0.000000 0.477267 0.000000 -0.878759 0.413987 0.413987 0.413987
4285.524414 0.000000 3067.226074 0.000000 0.386163 0.000000 -0.922431 0.415421 0.415421 0.415421
4262.074219 0.000000 3060.002930 0.000000 0.325736 0.000000 -0.945461 0.530984 0.530984 0.530984
4267.242188 0.000000 3067.212646 0.000000 0.548386 0.000000 -0.836226 0.737730 0.737730 0.737730
4282.567871 0.000000 3074.966553 0.000000 0.414743 0.000000 -0.909939 0.742210 0.742210 0.742210
4295.015137 0.000000 3058.378418 0.000000 0.355662 0.000000 -0.934615 0.528178 0.528178 0.528178
4307.158691 0.000000 3104.487305 0.000000 0.192729 0.000000 -0.981252 0.644928 0.644928 0.644928
4309.127930 0.000000 3104.336670 0.000000 0.382588 0.000000 -0.923919 0.751372 0.751372 0.751372
4309.386719 0.000000 3105.981934 0.000000 0.216507 0.000000 -0.976281 0.758975 0.758975 0.758975
4239.325195 0.000000 3141.649170 0.000000 0.523936 0.000000 -0.851758 0.454964 0.454964 0.454964
4351.510742 0.000000 3131.377441 0.000000 0.406562 0.000000 -0.913623 0.419283 0.419283 0.419283
4327.260742 0.000000 3128.244629 0.000000 0.520931 0.000000 -0.853599 0.442479 0.442479 0.442479
4298.663574 0.000000 3161.225586 0.000000 0.123165 0.000000 -0.992386 0.457696 0.457696 0.457696
4323.030762 0.000000 3130.534912 0.000000 0.501145 0.000000 -0.865363 0.505822 0.505822 0.505822
4601.198730 0.000000 3020.407227 0.000000 0.411639 0.000000 -0.911347 0.507798 0.507798 0.507798
4607.314453 0.000000 3021.584717 0.000000 0.379789 0.000000 -0.925073 0.691279 0.691279 0.691279
4606.499512 0.000000 3023.060547 0.000000 0.444217 0.000000 -0.895919 0.742404 0.742404 0.742404
4607.956055 0.000000 3020.590332 0.000000 0.482812 0.000000 -0.875724 0.687474 0.687474 0.687474
4606.353027 0.000000 3021.135986 0.000000 0.039066 0.000000 -0.999237 0.702945 0.702945 0.702945
4355.913086 0.000000 3117.577148 0.000000 0.254716 0.000000 -0.967016 0.418163 0.418163 0.418163
4356.588867 0.000000 3116.278076 0.000000 0.514193 0.000000 -0.857675 0.511842 0.511842 0.511842
4591.350098 0.000000 3104.899414 0.000000 0.070018 0.000000 -0.997546 0.441370 0.441370 0.441370
4594.572266 0.000000 3131.355225 0.000000 0.321481 0.000000 -0.946916 0.533220 0.533220 0.533220
4591.984863 0.000000 3140.220947 0.000000 0.035724 0.000000 -0.999362 0.550328 0.550328 0.550328
4623.831543 0.000000 2715.421875 0.000000 0.402717 0.000000 -0.915325 0.415300 0.415300 0.415300
4625.360840 0.000000 2757.410400 0.000000 0.229196 0.000000 -0.973380 0.418193 0.418193 0.418193
4649.128906 0.000000 2732.115723 0.000000 0.205602 0.000000 -0.978636 0.422284 0.422284 0.422284
4618.416504 0.000000 2742.934082 0.000000 0.282243 0.000000 -0.959343 0.461444 0.461444 0.461444
4630.020996 0.000000 2712.570068 0.000000 0.179802 0.000000 -0.983703 0.482470 0.482470 0.482470
4645.604004 0.000000 2733.833984 0.000000 0.210157 0.000000 -0.977668 0.527041 0.527041 0.527041
4667.914062 0.000000 2739.572754 0.000000 0.077870 0.000000 -0.996964 0.505922 0.505922 0.505922
4611.621094 0.000000 2748.337891 0.000000 0.024188 0.000000 -0.999707 0.520006 0.520006 0.520006
4643.032227 0.000000 2728.886230 0.000000 0.327218 0.000000 -0.944949 0.673506 0.673506 0.673506
4629.230957 0.000000 2749.762451 0.000000 0.259116 0.000000 -0.965846 0.592909 0.592909 0.592909
4614.251953 0.000000 2750.390381 0.000000 0.535664 0.000000 -0.844431 0.545045 0.545045 0.545045
4629.323242 0.000000 2752.471924 0.000000 0.534639 0.000000 -0.845081 0.740112 0.740112 0.740112
4662.683594 0.000000 2741.811768 0.000000 0.168664 0.000000 -0.985674 0.685326 0.685326 0.685326
4621.796875 0.000000 2750.262939 0.000000 0.181106 0.000000 -0.983464 0.594932 0.594932 0.594932
4610.857910 0.000000 2753.593506 0.000000 0.299599 0.000000 -0.954065 0.548736 0.548736 0.548736
4609.950684 0.000000 2751.224365 0.000000 0.130411 0.000000 -0.991460 0.742240 0.742240 0.742240
4637.995605 0.000000 2735.816162 0.000000 0.019265 0.000000 -0.999814 0.572626 0.572626 0.572626
4627.222656 0.000000 2753.083008 0.000000 0.060998 0.000000 -0.998138 0.576032 0.576032 0.576032
4613.933594 0.000000 2752.086670 0.000000 0.155477 0.000000 -0.987840 0.761313 0.761313 0.761313
4612.561035 0.000000 2757.531494 0.000000 0.387120 0.000000 -0.922029 0.617440 0.617440 0.617440
4625.980469 0.000000 2750.505615 0.000000 0.492319 0.000000 -0.870415 0.659174 0.659174 0.659174
4640.724121 0.000000 2733.666260 0.000000 0.450910 0.000000 -0.892569 0.745684 0.745684 0.745684
4646.214844 0.000000 2723.879883 0.000000 0.352211 0.000000 -0.935920 0.718474 0.718474 0.718474
4628.037109 0.000000 2750.998779 0.000000 0.375463 0.000000 -0.926837 0.751811 0.751811 0.751811
4621.676758 0.000000 2748.243896 0.000000 0.533008 0.000000 -0.846111 0.600175 0.600175 0.600175
4624.073730 0.000000 2713.759521 0.000000 0.439059 0.000000 -0.898458 0.626608 0.626608 0.626608
4667.427246 0.000000 2734.434814 0.000000 0.185804 0.000000 -0.982587 0.656120 0.656120 0.656120
4647.188477 0.000000 2724.363037 0.000000 0.075944 0.000000 -0.997112 0.766351 0.766351 0.766351
4650.282715 0.000000 2724.755859 0.000000 0.067346 0.000000 -0.997730 0.759771 0.759771 0.759771
4639.024902 0.000000 2735.870361 0.000000 0.477022 0.000000 -0.878891 0.742775 0.742775 0.742775
4647.591309 0.000000 2809.570312 0.000000 0.493397 0.000000 -0.869804 0.414378 0.414378 0.414378
4648.284180 0.000000 2806.200928 0.000000 0.330153 0.000000 -0.943927 0.430997 0.430997 0.430997
4660.679199 0.000000 2787.423584 0.000000 0.472639 0.000000 -0.881256 0.434972 0.434972 0.434972
4638.725586 0.000000 2771.326904 0.000000 0.567211 0.000000 -0.823572 0.454116 0.454116 0.454116
4636.720215 0.000000 2808.243408 0.000000 0.580365 0.000000 -0.814356 0.441365 0.441365 0.441365
4618.618164 0.000000 2819.177734 0.000000 0.051295 0.000000 -0.998684 0.448102 0.448102 0.448102
4647.147461 0.000000 2804.637695 0.000000 0.371957 0.000000 -0.928250 0.445090 0.445090 0.445090
4616.309570 0.000000 2796.527588 0.000000 0.214063 0.000000 -0.976820 0.451941 0.451941 0.451941
4647.039551 0.000000 2807.895996 0.000000 0.373805 0.000000 -0.927507 0.455614 0.455614 0.455614
4620.062012 0.000000 2789.039795 0.000000 0.160041 0.000000 -0.987110 0.469947 0.469947 0.469947
4645.294434 0.000000 2812.690430 0.000000 0.437504 0.000000 -0.899216 0.450273 0.450273 0.450273
4656.891113 0.000000 2796.108398 0.000000 0.431750 0.000000 -0.901994 0.475653 0.475653 0.475653
4637.264648 0.000000 2814.515625 0.000000 0.358879 0.000000 -0.933384 0.491906 0.491906 0.491906
4614.251953 0.000000 2806.874756 0.000000 0.065203 0.000000 -0.997872 0.695375 0.695375 0.695375
4654.797363 0.000000 2819.537598 0.000000 0.119593 0.000000 -0.992823 0.572451 0.572451 0.572451
4642.360840 0.000000 2813.107666 0.000000 0.570207 0.000000 -0.821501 0.584190 0.584190 0.584190
4623.586426 0.000000 2793.603760 0.000000 0.415972 0.000000 -0.909377 0.748787 0.748787 0.748787
4656.198730 0.000000 2791.406250 0.000000 0.153872 0.000000 -0.988091 0.589079 0.589079 0.589079
4611.005859 0.000000 2818.692383 0.000000 0.196553 0.000000 -0.980493 0.590179 0.590179 0.590179
4645.876953 0.000000 2791.551758 0.000000 0.471733 0.000000 -0.881742 0.642719 0.642719 0.642719
4711.147461 0.000000 2804.637695 0.000000 0.275490 0.000000 -0.961304 0.448810 0.448810 0.448810
4719.221680 0.000000 2808.436523 0.000000 0.516077 0.000000 -0.856542 0.699090 0.699090 0.699090
4725.881348 0.000000 2809.894043 0.000000 0.128283 0.000000 -0.991738 0.543944 0.543944 0.543944
4697.752441 0.000000 2824.111572 0.000000 0.333249 0.000000 -0.942839 0.732350 0.732350 0.732350
4726.847168 0.000000 2810.596191 0.000000 0.146994 0.000000 -0.989137 0.576158 0.576158 0.576158
4714.127930 0.000000 2815.187744 0.000000 0.468963 0.000000 -0.883218 0.745221 0.745221 0.745221
4673.148926 0.000000 2791.883545 0.000000 0.168638 0.000000 -0.985678 0.636851 0.636851 0.636851
4716.436035 0.000000 2808.890137 0.000000 0.208717 0.000000 -0.977976 0.753973 0.753973 0.753973
4682.015137 0.000000 2777.936768 0.000000 0.469747 0.000000 -0.882801 0.627777 0.627777 0.627777
4672.016602 0.000000 2790.887695 0.000000 0.373883 0.000000 -0.927476 0.630782 0.630782 0.630782
4859.305664 0.000000 2817.513428 0.000000 0.178991 0.000000 -0.983851 0.420543 0.420543 0.420543
4863.025879 0.000000 2817.099609 0.000000 0.281966 0.000000 -0.959424 0.478477 0.478477 0.478477
4863.565430 0.000000 2810.256592 0.000000 0.112362 0.000000 -0.993667 0.693825 0.693825 0.693825
4616.667480 0.000000 2828.998047 0.000000 0.187992 0.000000 -0.982171 0.418696 0.418696 0.418696
4639.328613 0.000000 2874.540527 0.000000 0.073794 0.000000 -0.997274 0.420853 0.420853 0.420853
4647.167969 0.000000 2872.688721 0.000000 0.375629 0.000000 -0.926770 0.426069 0.426069 0.426069
4618.704590 0.000000 2846.961182 0.000000 0.533637 0.000000 -0.845714 0.448509 0.448509 0.448509
4627.350098 0.000000 2826.572510 0.000000 0.134430 0.000000 -0.990923 0.476832 0.476832 0.476832
4614.267578 0.000000 2848.658691 0.000000 0.458234 0.000000 -0.888831 0.500443 0.500443 0.500443
4647.339844 0.000000 2825.801270 0.000000 0.144354 0.000000 -0.989526 0.639750 0.639750 0.639750
4635.970215 0.000000 2825.200928 0.000000 0.542844 0.000000 -0.839833 0.708734 0.708734 0.708734
4644.202637 0.000000 2827.867432 0.000000 0.316078 0.000000 -0.948733 0.750211 0.750211 0.750211
4645.762695 0.000000 2868.096191 0.000000 0.130203 0.000000 -0.991487 0.640158 0.640158 0.640158
4644.343262 0.000000 2830.760010 0.000000 0.260026 0.000000 -0.965602 0.708690 0.708690 0.708690
4647.708496 0.000000 2830.213379 0.000000 0.221456 0.000000 -0.975170 0.747710 0.747710 0.747710
4633.950684 0.000000 2826.199219 0.000000 0.516408 0.000000 -0.856343 0.741685 0.741685 0.741685
4631.045898 0.000000 2825.852539 0.000000 0.055776 0.000000 -0.998443 0.626801 0.626801 0.626801
4643.494629 0.000000 2826.917236 0.000000 0.312390 0.000000 -0.949954 0.615292 0.615292 0.615292
4682.277832 0.000000 2860.270508 0.000000 0.118901 0.000000 -0.992906 0.620666 0.620666 0.620666
4698.454102 0.000000 2825.232910 0.000000 0.511890 0.000000 -0.859051 0.703561 0.703561 0.703561
4702.203125 0.000000 2871.377930 0.000000 0.018976 0.000000 -0.999820 0.739590 0.739590 0.739590
4616.404785 0.000000 2901.131104 0.000000 0.384999 0.000000 -0.922917 0.455417 0.455417 0.455417
4618.092773 0.000000 2900.489746 0.000000 0.551522 0.000000 -0.834161 0.586879 0.586879 0.586879
4740.189941 0.000000 2869.382080 0.000000 0.451815 0.000000 -0.892112 0.447917 0.447917 0.447917
4754.010742 0.000000 2874.751709 0.000000 0.431091 0.000000 -0.902308 0.494678 0.494678 0.494678
4754.536621 0.000000 2877.688477 0.000000 0.049144 0.000000 -0.998792 0.515160 0.515160 0.515160
4768.284180 0.000000 2866.407471 0.000000 0.497200 0.000000 -0.867636 0.503804 0.503804 0.503804
4769.498047 0.000000 2872.433594 0.000000 0.054794 0.000000 -0.998498 0.598152 0.598152 0.598152
4744.396484 0.000000 2862.999512 0.000000 0.428953 0.000000 -0.903327 0.552033 0.552033 0.552033
4750.047363 0.000000 2851.416016 0.000000 0.099694 0.000000 -0.995018 0.594819 0.594819 0.594819
4746.277832 0.000000 2860.270508 0.000000 0.269205 0.000000 -0.963083 0.616514 0.616514 0.616514
4860.008301 0.000000 2866.495850 0.000000 0.009607 0.000000 -0.999954 0.429381 0.429381 0.429381
4850.490723 0.000000 2847.008301 0.000000 0.519582 0.000000 -0.854421 0.452956 0.452956 0.452956
4852.393066 0.000000 2846.612305 0.000000 0.006956 0.000000 -0.999976 0.457420 0.457420 0.457420
4756.805176 0.000000 2880.770752 0.000000 0.124211 0.000000 -0.992256 0.420003 0.420003 0.420003
4775.167969 0.000000 2929.173096 0.000000 0.182948 0.000000 -0.983123 0.448176 0.448176 0.448176
4779.954590 0.000000 2904.409180 0.000000 0.513002 0.000000 -0.858388 0.474031 0.474031 0.474031
4764.834961 0.000000 2889.378906 0.000000 0.541685 0.000000 -0.840581 0.589298 0.589298 0.589298
4773.454590 0.000000 2909.886963 0.000000 0.410444 0.000000 -0.911886 0.674998 0.674998 0.674998
4772.531250 0.000000 2924.849121 0.000000 0.193185 0.000000 -0.981162 0.746570 0.746570 0.746570
4864.042480 0.000000 2801.165527 0.000000 0.083732 0.000000 -0.996488 0.571114 0.571114 0.571114
4869.747070 0.000000 2800.705322 0.000000 0.577271 0.000000 -0.816552 0.653929 0.653929 0.653929
4936.754883 0.000000 2821.447021 0.000000 0.536820 0.000000 -0.843697 0.634093 0.634093 0.634093
5013.101562 0.000000 2814.185303 0.000000 0.375383 0.000000 -0.926870 0.449252 0.449252 0.449252
4908.051758 0.000000 2856.312988 0.000000 0.263326 0.000000 -0.964707 0.418170 0.418170 0.418170
4901.463867 0.000000 2831.824219 0.000000 0.187883 0.000000 -0.982191 0.419042 0.419042 0.419042
4914.103516 0.000000 2872.551758 0.000000 0.044546 0.000000 -0.999007 0.431021 0.431021 0.431021
4883.343262 0.000000 2875.819824 0.000000 0.390961 0.000000 -0.920407 0.461644 0.461644 0.461644
4867.051758 0.000000 2874.071289 0.000000 0.207801 0.000000 -0.978171 0.477682 0.477682 0.477682
4911.392090 0.000000 2845.499023 0.000000 0.460704 0.000000 -0.887554 0.485619 0.485619 0.485619
4910.203125 0.000000 2847.740234 0.000000 0.089250 0.000000 -0.996009 0.481932 0.481932 0.481932
4910.671387 0.000000 2857.755371 0.000000 0.438594 0.000000 -0.898685 0.513567 0.513567 0.513567
4869.351562 0.000000 2875.851807 0.000000 0.254965 0.000000 -0.966950 0.575687 0.575687 0.575687
4981.566895 0.000000 2836.680908 0.000000 0.290133 0.000000 -0.956986 0.417399 0.417399 0.417399
4935.620605 0.000000 2830.447998 0.000000 0.327156 0.000000 -0.944970 0.458544 0.458544 0.458544
4985.206055 0.000000 2833.845215 0.000000 0.332673 0.000000 -0.943042 0.486041 0.486041 0.486041
4936.986816 0.000000 2878.926758 0.000000 0.158316 0.000000 -0.987388 0.504377 0.504377 0.504377
4936.131348 0.000000 2833.606445 0.000000 0.267112 0.000000 -0.963665 0.497973 0.497973 0.497973
4960.284180 0.000000 2866.407471 0.000000 0.467310 0.000000 -0.884094 0.498135 0.498135 0.498135
4932.298828 0.000000 2880.117188 0.000000 0.241463 0.000000 -0.970410 0.502758 0.502758 0.502758
4938.359863 0.000000 2832.036133 0.000000 0.365324 0.000000 -0.930880 0.661363 0.661363 0.661363
4949.654297 0.000000 2858.131592 0.000000 0.501573 0.000000 -0.865115 0.669569 0.669569 0.669569
4930.595215 0.000000 2851.854980 0.000000 0.329697 0.000000 -0.944087 0.616961 0.616961 0.616961
4946.751953 0.000000 2838.283203 0.000000 0.309633 0.000000 -0.950856 0.639241 0.639241 0.639241
4948.845703 0.000000 2869.696289 0.000000 0.258286 0.000000 -0.966069 0.688957 0.688957 0.688957
4938.822754 0.000000 2824.228760 0.000000 0.520933 0.000000 -0.853598 0.718260 0.718260 0.718260
4933.709473 0.000000 2877.048340 0.000000 0.549167 0.000000 -0.835713 0.627281 0.627281 0.627281
4914.132324 0.000000 2900.124268 0.000000 0.472824 0.000000 -0.881157 0.472740 0.472740 0.472740
4886.733398 0.000000 2889.474121 0.000000 0.026151 0.000000 -0.999658 0.537418 0.537418 0.537418
4886.014160 0.000000 2886.237305 0.000000 0.540583 0.000000 -0.841290 0.500715 0.500715 0.500715
4883.737305 0.000000 2887.184814 0.000000 0.227142 0.000000 -0.973862 0.548246 0.548246 0.548246
4930.944824 0.000000 2898.099121 0.000000 0.022803 0.000000 -0.999740 0.421565 0.421565 0.421565
4943.718262 0.000000 2881.156494 0.000000 0.432468 0.000000 -0.901649 0.672059 0.672059 0.672059
4614.164062 0.000000 2965.757324 0.000000 0.012814 0.000000 -0.999918 0.520232 0.520232 0.520232
4617.912598 0.000000 3022.773926 0.000000 0.021887 0.000000 -0.999760 0.515695 0.515695 0.515695
4609.498535 0.000000 3021.648682 0.000000 0.405492 0.000000 -0.914099 0.675171 0.675171 0.675171
4748.083496 0.000000 2982.701416 0.000000 0.406064 0.000000 -0.913845 0.415827 0.415827 0.415827
4773.817871 0.000000 2970.754395 0.000000 0.092772 0.000000 -0.995687 0.503473 0.503473 0.503473
4768.284180 0.000000 2979.376221 0.000000 0.022682 0.000000 -0.999743 0.509151 0.509151 0.509151
4773.886230 0.000000 2983.359131 0.000000 0.407555 0.000000 -0.913181 0.514253 0.514253 0.514253
4763.203125 0.000000 3032.989502 0.000000 0.081261 0.000000 -0.996693 0.432627 0.432627 0.432627
4772.916016 0.000000 3021.734375 0.000000 0.305789 0.000000 -0.952099 0.433491 0.433491 0.433491
4760.204102 0.000000 3038.199463 0.000000 0.031472 0.000000 -0.999505 0.461340 0.461340 0.461340
4794.406250 0.000000 3032.752197 0.000000 0.489005 0.000000 -0.872281 0.747230 0.747230 0.747230
4777.341797 0.000000 3022.321777 0.000000 0.142109 0.000000 -0.989851 0.598119 0.598119 0.598119
4791.950684 0.000000 3031.855957 0.000000 0.274614 0.000000 -0.961555 0.551469 0.551469 0.551469
4793.404785 0.000000 3031.316162 0.000000 0.586802 0.000000 -0.809730 0.711128 0.711128 0.711128
4788.629395 0.000000 3035.872070 0.000000 0.457499 0.000000 -0.889210 0.745474 0.745474 0.745474
4792.073242 0.000000 3033.110596 0.000000 0.515575 0.000000 -0.856844 0.745861 0.745861 0.745861
4831.328613 0.000000 3043.993652 0.000000 0.572779 0.000000 -0.819710 0.420723 0.420723 0.420723
4832.293457 0.000000 3042.679443 0.000000 0.188123 0.000000 -0.982146 0.469465 0.469465 0.469465
4837.577148 0.000000 3041.840332 0.000000 0.209437 0.000000 -0.977822 0.477653 0.477653 0.477653
4648.728027 0.000000 3092.969971 0.000000 0.355750 0.000000 -0.934581 0.515377 0.515377 0.515377
4649.033691 0.000000 3091.593018 0.000000 0.477534 0.000000 -0.878613 0.535957 0.535957 0.535957
4654.049316 0.000000 3088.069824 0.000000 0.468954 0.000000 -0.883223 0.540408 0.540408 0.540408
4658.249023 0.000000 3099.836182 0.000000 0.053587 0.000000 -0.998563 0.552121 0.552121 0.552121
4666.116699 0.000000 3099.472412 0.000000 0.121374 0.000000 -0.992607 0.764578 0.764578 0.764578
4666.264648 0.000000 3100.794189 0.000000 0.011501 0.000000 -0.999934 0.767580 0.767580 0.767580
4652.416992 0.000000 3095.159668 0.000000 0.137865 0.000000 -0.990451 0.604797 0.604797 0.604797
4668.166992 0.000000 3096.737549 0.000000 0.200098 0.000000 -0.979776 0.605340 0.605340 0.605340
4667.012207 0.000000 3098.583008 0.000000 0.054940 0.000000 -0.998490 0.767550 0.767550 0.767550
4650.410156 0.000000 3091.192139 0.000000 0.205064 0.000000 -0.978749 0.753525 0.753525 0.753525
4663.883789 0.000000 3096.205322 0.000000 0.360940 0.000000 -0.932589 0.566570 0.566570 0.566570
4628.545898 0.000000 3082.316650 0.000000 0.130061 0.000000 -0.991506 0.763181 0.763181 0.763181
4650.652344 0.000000 3089.808838 0.000000 0.331999 0.000000 -0.943280 0.736791 0.736791 0.736791
4665.960449 0.000000 3096.384033 0.000000 0.023993 0.000000 -0.999712 0.759199 0.759199 0.759199
4615.440918 0.000000 3157.047852 0.000000 0.103109 0.000000 -0.994670 0.455875 0.455875 0.455875
4629.230957 0.000000 3145.153076 0.000000 0.291105 0.000000 -0.956691 0.521031 0.521031 0.521031
4622.558105 0.000000 3159.513428 0.000000 0.444425 0.000000 -0.895816 0.645779 0.645779 0.645779
4625.965332 0.000000 3147.265869 0.000000 0.372267 0.000000 -0.928126 0.680673 0.680673 0.680673
4620.296875 0.000000 3160.226318 0.000000 0.479138 0.000000 -0.877740 0.584769 0.584769 0.584769
4690.127930 0.000000 3119.916748 0.000000 0.439822 0.000000 -0.898085 0.414257 0.414257 0.414257
4689.493164 0.000000 3150.613525 0.000000 0.434442 0.000000 -0.900700 0.420942 0.420942 0.420942
4712.688965 0.000000 3131.041016 0.000000 0.118091 0.000000 -0.993003 0.436360 0.436360 0.436360
4675.162109 0.000000 3158.692383 0.000000 0.002163 0.000000 -0.999998 0.498665 0.498665 0.498665
4711.789551 0.000000 3120.578125 0.000000 0.073283 0.000000 -0.997311 0.503843 0.503843 0.503843
4733.613770 0.000000 3133.211670 0.000000 0.305958 0.000000 -0.952045 0.555035 0.555035 0.555035
4673.670898 0.000000 3156.561279 0.000000 0.538846 0.000000 -0.842404 0.683161 0.683161 0.683161
4675.005859 0.000000 3157.598633 0.000000 0.018636 0.000000 -0.999826 0.603483 0.603483 0.603483
4730.872070 0.000000 3134.771484 0.000000 0.189516 0.000000 -0.981878 0.616545 0.616545 0.616545
4917.860840 0.000000 2985.253906 0.000000 0.314885 0.000000 -0.949130 0.416795 0.416795 0.416795
4925.251953 0.000000 2944.001953 0.000000 0.497847 0.000000 -0.867265 0.415744 0.415744 0.415744
4913.314941 0.000000 2979.885742 0.000000 0.485968 0.000000 -0.873977 0.420111 0.420111 0.420111
4891.443848 0.000000 2969.452393 0.000000 0.117162 0.000000 -0.993113 0.423556 0.423556 0.423556
4909.442383 0.000000 2948.950439 0.000000 0.286389 0.000000 -0.958114 0.542592 0.542592 0.542592
4969.563477 0.000000 2963.678467 0.000000 0.520231 0.000000 -0.854025 0.413085 0.413085 0.413085
4983.405273 0.000000 2972.040527 0.000000 0.545437 0.000000 -0.838152 0.427441 0.427441 0.427441
4986.561523 0.000000 2968.946777 0.000000 0.503628 0.000000 -0.863921 0.423993 0.423993 0.423993
4955.529297 0.000000 2967.873535 0.000000 0.507280 0.000000 -0.861781 0.505682 0.505682 0.505682
4956.046387 0.000000 2970.501709 0.000000 0.317753 0.000000 -0.948174 0.582730 0.582730 0.582730
4954.905273 0.000000 2970.760742 0.000000 0.180238 0.000000 -0.983623 0.590594 0.590594 0.590594
4896.801270 0.000000 3021.987061 0.000000 0.564364 0.000000 -0.825526 0.429184 0.429184 0.429184
4909.585449 0.000000 3004.104980 0.000000 0.552630 0.000000 -0.833427 0.427314 0.427314 0.427314
4930.575684 0.000000 3147.767578 0.000000 0.388934 0.000000 -0.921266 0.416200 0.416200 0.416200
4929.042969 0.000000 3139.141602 0.000000 0.253384 0.000000 -0.967366 0.427944 0.427944 0.427944
4297.400879 0.000000 3179.244141 0.000000 0.463732 0.000000 -0.885976 0.413969 0.413969 0.413969
4318.608887 0.000000 3168.664551 0.000000 0.587105 0.000000 -0.809510 0.412953 0.412953 0.412953
4331.311523 0.000000 3188.272705 0.000000 0.434709 0.000000 -0.900571 0.446118 0.446118 0.446118
4345.360352 0.000000 3174.381592 0.000000 0.569450 0.000000 -0.822026 0.451987 0.451987 0.451987
4315.504395 0.000000 3177.103271 0.000000 0.489065 0.000000 -0.872247 0.459822 0.459822 0.459822
4315.120117 0.000000 3165.073730 0.000000 0.345077 0.000000 -0.938574 0.466704 0.466704 0.466704
4334.203125 0.000000 3186.646484 0.000000 0.458463 0.000000 -0.888714 0.479342 0.479342 0.479342
4336.927734 0.000000 3208.140869 0.000000 0.053667 0.000000 -0.998559 0.571820 0.571820 0.571820
4327.339844 0.000000 3164.707520 0.000000 0.100052 0.000000 -0.994982 0.605785 0.605785 0.605785
4327.881348 0.000000 3163.188232 0.000000 0.148090 0.000000 -0.988974 0.622063 0.622063 0.622063
4314.770996 0.000000 3172.725586 0.000000 0.538991 0.000000 -0.842312 0.580901 0.580901 0.580901
4342.206543 0.000000 3170.540771 0.000000 0.483623 0.000000 -0.875276 0.740798 0.740798 0.740798
4316.025391 0.000000 3169.495850 0.000000 0.193771 0.000000 -0.981047 0.722111 0.722111 0.722111
4312.788574 0.000000 3177.237305 0.000000 0.342248 0.000000 -0.939610 0.616598 0.616598 0.616598
4395.440918 0.000000 3170.813477 0.000000 0.025451 0.000000 -0.999676 0.528700 0.528700 0.528700
4381.379395 0.000000 3174.600342 0.000000 0.186123 0.000000 -0.982526 0.753678 0.753678 0.753678
4406.834961 0.000000 3200.799561 0.000000 0.163756 0.000000 -0.986501 0.759843 0.759843 0.759843
4373.353516 0.000000 3199.014893 0.000000 0.321032 0.000000 -0.947068 0.678076 0.678076 0.678076
4410.873047 0.000000 3178.873779 0.000000 0.045452 0.000000 -0.998967 0.759177 0.759177 0.759177
4391.871094 0.000000 3183.560547 0.000000 0.455253 0.000000 -0.890362 0.628241 0.628241 0.628241
4410.750488 0.000000 3177.612305 0.000000 0.094746 0.000000 -0.995501 0.764482 0.764482 0.764482
4393.821777 0.000000 3177.582031 0.000000 0.449234 0.000000 -0.893414 0.748851 0.748851 0.748851
4404.589844 0.000000 3206.543701 0.000000 0.456344 0.000000 -0.889803 0.579017 0.579017 0.579017
4380.718750 0.000000 3173.625488 0.000000 0.106025 0.000000 -0.994363 0.640853 0.640853 0.640853
4390.214844 0.000000 3175.754883 0.000000 0.274048 0.000000 -0.961716 0.749380 0.749380 0.749380
4409.725098 0.000000 3195.627686 0.000000 0.171761 0.000000 -0.985139 0.689647 0.689647 0.689647
4404.024414 0.000000 3203.444824 0.000000 0.188787 0.000000 -0.982018 0.653831 0.653831 0.653831
4407.349609 0.000000 3203.594971 0.000000 0.023601 0.000000 -0.999721 0.669921 0.669921 0.669921
4410.012207 0.000000 3173.454834 0.000000 0.569304 0.000000 -0.822127 0.681950 0.681950 0.681950
4414.015625 0.000000 3195.741455 0.000000 0.520642 0.000000 -0.853775 0.668862 0.668862 0.668862
4375.335449 0.000000 3198.619385 0.000000 0.008543 0.000000 -0.999964 0.762248 0.762248 0.762248
4431.590332 0.000000 3215.221436 0.000000 0.490840 0.000000 -0.871250 0.438840 0.438840 0.438840
4417.639160 0.000000 3198.331299 0.000000 0.388556 0.000000 -0.921425 0.514669 0.514669 0.514669
4384.618164 0.000000 3222.975098 0.000000 0.576670 0.000000 -0.816977 0.412652 0.412652 0.412652
4402.908203 0.000000 3258.375244 0.000000 0.530250 0.000000 -0.847841 0.479963 0.479963 0.479963
4404.413574 0.000000 3269.167480 0.000000 0.059137 0.000000 -0.998250 0.733640 0.733640 0.733640
4393.375000 0.000000 3273.652344 0.000000 0.475473 0.000000 -0.879730 0.743973 0.743973 0.743973
4406.121094 0.000000 3268.650146 0.000000 0.476425 0.000000 -0.879215 0.747871 0.747871 0.747871
4469.994141 0.000000 3240.895508 0.000000 0.155369 0.000000 -0.987857 0.418579 0.418579 0.418579
4424.614258 0.000000 3233.138184 0.000000 0.240310 0.000000 -0.970696 0.418369 0.418369 0.418369
4429.487793 0.000000 3229.625977 0.000000 0.375568 0.000000 -0.926795 0.421863 0.421863 0.421863
4468.316895 0.000000 3248.735352 0.000000 0.570757 0.000000 -0.821119 0.433227 0.433227 0.433227
4471.822754 0.000000 3250.902588 0.000000 0.564730 0.000000 -0.825276 0.462510 0.462510 0.462510
4475.914062 0.000000 3247.932129 0.000000 0.034324 0.000000 -0.999411 0.535063 0.535063 0.535063
4473.187988 0.000000 3251.094727 0.000000 0.163970 0.000000 -0.986465 0.617243 0.617243 0.617243
4447.813965 0.000000 3242.647705 0.000000 0.349606 0.000000 -0.936897 0.605591 0.605591 0.605591
4442.696777 0.000000 3239.355469 0.000000 0.515715 0.000000 -0.856761 0.743696 0.743696 0.743696
4446.521973 0.000000 3253.055176 0.000000 0.298698 0.000000 -0.954348 0.529439 0.529439 0.529439
4471.338379 0.000000 3252.133545 0.000000 0.064424 0.000000 -0.997923 0.746930 0.746930 0.746930
4457.821777 0.000000 3234.066406 0.000000 0.080783 0.000000 -0.996732 0.760668 0.760668 0.760668
4440.429199 0.000000 3243.542969 0.000000 0.566777 0.000000 -0.823871 0.741370 0.741370 0.741370
4456.529297 0.000000 3237.479980 0.000000 0.069888 0.000000 -0.997555 0.761506 0.761506 0.761506
4473.844727 0.000000 3254.039062 0.000000 0.024472 0.000000 -0.999701 0.685524 0.685524 0.685524
4438.463867 0.000000 3243.852051 0.000000 0.055541 0.000000 -0.998456 0.766464 0.766464 0.766464
4538.631836 0.000000 3254.745850 0.000000 0.573382 0.000000 -0.819288 0.412992 0.412992 0.412992
4501.229004 0.000000 3233.701660 0.000000 0.523511 0.000000 -0.852019 0.478008 0.478008 0.478008
4495.446289 0.000000 3235.627441 0.000000 0.127480 0.000000 -0.991841 0.511453 0.511453 0.511453
4487.500488 0.000000 3238.905762 0.000000 0.297135 0.000000 -0.954835 0.508065 0.508065 0.508065
4541.145996 0.000000 3261.288574 0.000000 0.207595 0.000000 -0.978215 0.572517 0.572517 0.572517
4527.984863 0.000000 3253.189697 0.000000 0.041232 0.000000 -0.999150 0.671609 0.671609 0.671609
4529.639160 0.000000 3275.365967 0.000000 0.093443 0.000000 -0.995625 0.601563 0.601563 0.601563
4542.710938 0.000000 3257.835693 0.000000 0.317035 0.000000 -0.948414 0.636844 0.636844 0.636844
4536.311035 0.000000 3264.261475 0.000000 0.042819 0.000000 -0.999083 0.585251 0.585251 0.585251
4498.263672 0.000000 3231.695801 0.000000 0.520644 0.000000 -0.853774 0.549669 0.549669 0.549669
4530.113770 0.000000 3265.364746 0.000000 0.150547 0.000000 -0.988603 0.569537 0.569537 0.569537
4499.206055 0.000000 3228.441162 0.000000 0.027814 0.000000 -0.999613 0.645314 0.645314 0.645314
4504.312988 0.000000 3223.038330 0.000000 0.025404 0.000000 -0.999677 0.687730 0.687730 0.687730
4535.533691 0.000000 3273.564941 0.000000 0.501897 0.000000 -0.864927 0.703964 0.703964 0.703964
4526.525879 0.000000 3247.337646 0.000000 0.285223 0.000000 -0.958461 0.594387 0.594387 0.594387
4525.231445 0.000000 3273.192383 0.000000 0.080666 0.000000 -0.996741 0.628325 0.628325 0.628325
4533.292480 0.000000 3249.176025 0.000000 0.322817 0.000000 -0.946461 0.721777 0.721777 0.721777
4500.295898 0.000000 3228.339355 0.000000 0.497374 0.000000 -0.867536 0.743590 0.743590 0.743590
4527.327637 0.000000 3275.417480 0.000000 0.188514 0.000000 -0.982070 0.623134 0.623134 0.623134
4499.048340 0.000000 3229.910645 0.000000 0.277754 0.000000 -0.960652 0.638026 0.638026 0.638026
4541.034180 0.000000 3264.626953 0.000000 0.252051 0.000000 -0.967714 0.748741 0.748741 0.748741
4564.436035 0.000000 3261.881348 0.000000 0.453810 0.000000 -0.891099 0.415320 0.415320 0.415320
4556.919922 0.000000 3269.645020 0.000000 0.491556 0.000000 -0.870846 0.468167 0.468167 0.468167
4556.164062 0.000000 3255.118896 0.000000 0.244894 0.000000 -0.969550 0.550000 0.550000 0.550000
4546.875977 0.000000 3252.196045 0.000000 0.083892 0.000000 -0.996475 0.512308 0.512308 0.512308
4565.353516 0.000000 3255.499268 0.000000 0.279055 0.000000 -0.960275 0.657616 0.657616 0.657616
4544.098633 0.000000 3255.671875 0.000000 0.050580 0.000000 -0.998720 0.604867 0.604867 0.604867
4551.662109 0.000000 3256.334717 0.000000 0.377378 0.000000 -0.926059 0.751825 0.751825 0.751825
4545.354492 0.000000 3261.325439 0.000000 0.306583 0.000000 -0.951844 0.611125 0.611125 0.611125
4545.803711 0.000000 3271.935303 0.000000 0.502992 0.000000 -0.864291 0.560729 0.560729 0.560729
4555.890137 0.000000 3270.342285 0.000000 0.415539 0.000000 -0.909575 0.749506 0.749506 0.749506
4568.507324 0.000000 3267.134521 0.000000 0.101285 0.000000 -0.994857 0.658677 0.658677 0.658677
4544.369141 0.000000 3259.136475 0.000000 0.210758 0.000000 -0.977538 0.755195 0.755195 0.755195
4549.862793 0.000000 3255.474365 0.000000 0.409001 0.000000 -0.912534 0.744493 0.744493 0.744493
4557.676758 0.000000 3256.603271 0.000000 0.167277 0.000000 -0.985910 0.687583 0.687583 0.687583
4559.440918 0.000000 3270.645508 0.000000 0.368062 0.000000 -0.929801 0.646102 0.646102 0.646102
4553.744141 0.000000 3271.760254 0.000000 0.210672 0.000000 -0.977557 0.692767 0.692767 0.692767
4549.709473 0.000000 3272.438965 0.000000 0.046997 0.000000 -0.998895 0.759117 0.759117 0.759117
4395.071777 0.000000 3286.672363 0.000000 0.247102 0.000000 -0.968989 0.451401 0.451401 0.451401
4415.956055 0.000000 3303.012207 0.000000 0.349261 0.000000 -0.937026 0.620717 0.620717 0.620717
4412.159668 0.000000 3293.729980 0.000000 0.532309 0.000000 -0.846550 0.694141 0.694141 0.694141
4393.729980 0.000000 3282.065674 0.000000 0.082630 0.000000 -0.996580 0.615043 0.615043 0.615043
4399.897461 0.000000 3287.779297 0.000000 0.196885 0.000000 -0.980427 0.715350 0.715350 0.715350
4405.817871 0.000000 3277.144287 0.000000 0.459025 0.000000 -0.888423 0.662498 0.662498 0.662498
4408.633789 0.000000 3291.490967 0.000000 0.127436 0.000000 -0.991847 0.708889 0.708889 0.708889
4409.661133 0.000000 3293.825684 0.000000 0.126529 0.000000 -0.991963 0.702246 0.702246 0.702246
4398.654785 0.000000 3286.121338 0.000000 0.340894 0.000000 -0.940102 0.710148 0.710148 0.710148
4442.696777 0.000000 3295.839844 0.000000 0.558812 0.000000 -0.829294 0.536004 0.536004 0.536004
4464.056641 0.000000 3327.300537 0.000000 0.420594 0.000000 -0.907249 0.674640 0.674640 0.674640
4462.797363 0.000000 3327.896973 0.000000 0.485479 0.000000 -0.874248 0.745644 0.745644 0.745644
4449.498047 0.000000 3324.308594 0.000000 0.576486 0.000000 -0.817107 0.737355 0.737355 0.737355
4416.042480 0.000000 3309.524902 0.000000 0.462596 0.000000 -0.886569 0.623720 0.623720 0.623720
4430.943359 0.000000 3316.688232 0.000000 0.009978 0.000000 -0.999950 0.766964 0.766964 0.766964
4461.871094 0.000000 3325.977051 0.000000 0.415835 0.000000 -0.909440 0.745001 0.745001 0.745001
4444.231934 0.000000 3317.696533 0.000000 0.055217 0.000000 -0.998474 0.682314 0.682314 0.682314
4459.627441 0.000000 3327.277344 0.000000 0.383252 0.000000 -0.923644 0.747020 0.747020 0.747020
4447.890137 0.000000 3322.334961 0.000000 0.257514 0.000000 -0.966274 0.753012 0.753012 0.753012
4428.862793 0.000000 3320.756104 0.000000 0.101952 0.000000 -0.994789 0.765320 0.765320 0.765320
4467.956055 0.000000 3321.528564 0.000000 0.222430 0.000000 -0.974949 0.620003 0.620003 0.620003
4431.808594 0.000000 3320.265137 0.000000 0.337005 0.000000 -0.941503 0.754575 0.754575 0.754575
4430.090820 0.000000 3320.127686 0.000000 0.011683 0.000000 -0.999932 0.769343 0.769343 0.769343
4424.698730 0.000000 3307.558594 0.000000 0.104898 0.000000 -0.994483 0.765317 0.765317 0.765317
4432.360840 0.000000 3322.638428 0.000000 0.253990 0.000000 -0.967207 0.758326 0.758326 0.758326
4446.203125 0.000000 3323.252930 0.000000 0.446681 0.000000 -0.894693 0.744816 0.744816 0.744816
4458.590820 0.000000 3335.987061 0.000000 0.152488 0.000000 -0.988305 0.593481 0.593481 0.593481
4524.127930 0.000000 3303.535156 0.000000 0.164376 0.000000 -0.986398 0.419231 0.419231 0.419231
4498.128418 0.000000 3296.855469 0.000000 0.366932 0.000000 -0.930248 0.416529 0.416529 0.416529
4539.739258 0.000000 3280.600342 0.000000 0.436811 0.000000 -0.899553 0.422999 0.422999 0.422999
4537.678223 0.000000 3291.215332 0.000000 0.108519 0.000000 -0.994094 0.438643 0.438643 0.438643
4525.431152 0.000000 3280.145508 0.000000 0.458957 0.000000 -0.888459 0.451988 0.451988 0.451988
4522.442383 0.000000 3304.144531 0.000000 0.181953 0.000000 -0.983307 0.452462 0.452462 0.452462
4540.201172 0.000000 3296.684326 0.000000 0.198595 0.000000 -0.980082 0.469284 0.469284 0.469284
4514.559570 0.000000 3309.299316 0.000000 0.289635 0.000000 -0.957137 0.491128 0.491128 0.491128
4492.289551 0.000000 3289.541016 0.000000 0.002485 0.000000 -0.999997 0.494313 0.494313 0.494313
4534.848633 0.000000 3298.606445 0.000000 0.567000 0.000000 -0.823718 0.506388 0.506388 0.506388
4538.353516 0.000000 3277.224121 0.000000 0.215952 0.000000 -0.976404 0.567978 0.567978 0.567978
4524.736816 0.000000 3278.915771 0.000000 0.190180 0.000000 -0.981749 0.651591 0.651591 0.651591
4515.658203 0.000000 3316.649170 0.000000 0.343216 0.000000 -0.939257 0.690402 0.690402 0.690402
4527.731934 0.000000 3323.192627 0.000000 0.301642 0.000000 -0.953421 0.587467 0.587467 0.587467
4508.231934 0.000000 3317.696533 0.000000 0.308349 0.000000 -0.951273 0.663227 0.663227 0.663227
4510.669434 0.000000 3291.710205 0.000000 0.231138 0.000000 -0.972921 0.591466 0.591466 0.591466
4519.291504 0.000000 3315.099365 0.000000 0.577125 0.000000 -0.816656 0.732979 0.732979 0.732979
4490.381348 0.000000 3277.491455 0.000000 0.243755 0.000000 -0.969837 0.758332 0.758332 0.758332
4490.822754 0.000000 3276.103760 0.000000 0.253331 0.000000 -0.967380 0.757897 0.757897 0.757897
4564.569336 0.000000 3281.480225 0.000000 0.525557 0.000000 -0.850758 0.413056 0.413056 0.413056
4569.621582 0.000000 3323.968506 0.000000 0.475919 0.000000 -0.879489 0.413899 0.413899 0.413899
4566.937012 0.000000 3290.520996 0.000000 0.056104 0.000000 -0.998425 0.419739 0.419739 0.419739
4561.939453 0.000000 3317.889404 0.000000 0.216963 0.000000 -0.976180 0.418026 0.418026 0.418026
4591.447754 0.000000 3288.779541 0.000000 0.502379 0.000000 -0.864648 0.414341 0.414341 0.414341
4548.248535 0.000000 3297.393555 0.000000 0.387633 0.000000 -0.921814 0.434294 0.434294 0.434294
4591.135742 0.000000 3292.149902 0.000000 0.261610 0.000000 -0.965174 0.444789 0.444789 0.444789
4579.506348 0.000000 3307.963867 0.000000 0.376867 0.000000 -0.926267 0.514922 0.514922 0.514922
4587.248047 0.000000 3323.290771 0.000000 0.421226 0.000000 -0.906956 0.528815 0.528815 0.528815
4575.813965 0.000000 3299.132080 0.000000 0.530715 0.000000 -0.847550 0.519872 0.519872 0.519872
4571.559082 0.000000 3311.983154 0.000000 0.242151 0.000000 -0.970239 0.619450 0.619450 0.619450
4602.750488 0.000000 3290.581055 0.000000 0.334835 0.000000 -0.942277 0.603847 0.603847 0.603847
4580.202637 0.000000 3279.742432 0.000000 0.510346 0.000000 -0.859969 0.560529 0.560529 0.560529
4580.740723 0.000000 3301.195801 0.000000 0.213059 0.000000 -0.977039 0.644325 0.644325 0.644325
4580.268066 0.000000 3298.719727 0.000000 0.449640 0.000000 -0.893210 0.695208 0.695208 0.695208
4583.071777 0.000000 3325.811768 0.000000 0.281866 0.000000 -0.959454 0.749182 0.749182 0.749182
4576.724121 0.000000 3298.510010 0.000000 0.329373 0.000000 -0.944200 0.725916 0.725916 0.725916
4577.173340 0.000000 3300.490967 0.000000 0.467673 0.000000 -0.883902 0.694522 0.694522 0.694522
4581.876953 0.000000 3299.911133 0.000000 0.033393 0.000000 -0.999442 0.709857 0.709857 0.709857
4585.344238 0.000000 3325.521729 0.000000 0.434758 0.000000 -0.900547 0.659029 0.659029 0.659029
4532.463867 0.000000 3347.659912 0.000000 0.365900 0.000000 -0.930654 0.416126 0.416126 0.416126
4536.005371 0.000000 3338.685303 0.000000 0.511830 0.000000 -0.859087 0.575330 0.575330 0.575330
4559.831543 0.000000 3336.750000 0.000000 0.387676 0.000000 -0.921796 0.415458 0.415458 0.415458
4568.077637 0.000000 3341.974609 0.000000 0.361528 0.000000 -0.932361 0.416669 0.416669 0.416669
4596.393066 0.000000 3354.971680 0.000000 0.421274 0.000000 -0.906934 0.454771 0.454771 0.454771
4583.039551 0.000000 3372.739746 0.000000 0.301169 0.000000 -0.953571 0.469615 0.469615 0.469615
4560.583984 0.000000 3370.934326 0.000000 0.031952 0.000000 -0.999489 0.472127 0.472127 0.472127
4607.169434 0.000000 3349.455811 0.000000 0.494530 0.000000 -0.869161 0.487019 0.487019 0.487019
4604.201172 0.000000 3353.168701 0.000000 0.181198 0.000000 -0.983447 0.480300 0.480300 0.480300
4649.729980 0.000000 3169.096924 0.000000 0.443720 0.000000 -0.896165 0.626461 0.626461 0.626461
4674.773438 0.000000 3169.166504 0.000000 0.512146 0.000000 -0.858898 0.583813 0.583813 0.583813
4714.009766 0.000000 3274.546143 0.000000 0.412599 0.000000 -0.910913 0.414928 0.414928 0.414928
4690.134277 0.000000 3276.009521 0.000000 0.389689 0.000000 -0.920947 0.748173 0.748173 0.748173
4782.042969 0.000000 3168.979736 0.000000 0.575472 0.000000 -0.817821 0.412719 0.412719 0.412719
4783.249023 0.000000 3185.862305 0.000000 0.037342 0.000000 -0.999303 0.534999 0.534999 0.534999
4793.099121 0.000000 3210.127197 0.000000 0.386921 0.000000 -0.922113 0.589489 0.589489 0.589489
4797.764648 0.000000 3200.781006 0.000000 0.177781 0.000000 -0.984070 0.636588 0.636588 0.636588
4789.111816 0.000000 3211.916748 0.000000 0.480914 0.000000 -0.876768 0.741664 0.741664 0.741664
4831.888672 0.000000 3184.669189 0.000000 0.040236 0.000000 -0.999190 0.431084 0.431084 0.431084
4801.042969 0.000000 3195.625977 0.000000 0.566011 0.000000 -0.824398 0.416688 0.416688 0.416688
4824.422363 0.000000 3192.825195 0.000000 0.181064 0.000000 -0.983471 0.463165 0.463165 0.463165
4834.144043 0.000000 3214.114502 0.000000 0.380365 0.000000 -0.924836 0.478760 0.478760 0.478760
4843.575684 0.000000 3193.855225 0.000000 0.094285 0.000000 -0.995545 0.507773 0.507773 0.507773
4844.409668 0.000000 3189.153320 0.000000 0.237095 0.000000 -0.971486 0.504988 0.504988 0.504988
4837.886230 0.000000 3209.296631 0.000000 0.346266 0.000000 -0.938136 0.748925 0.748925 0.748925
4839.243164 0.000000 3214.025391 0.000000 0.287988 0.000000 -0.957634 0.583501 0.583501 0.583501
4820.561035 0.000000 3213.890381 0.000000 0.578788 0.000000 -0.815478 0.737244 0.737244 0.737244
4831.082031 0.000000 3199.272705 0.000000 0.528453 0.000000 -0.848962 0.604568 0.604568 0.604568
4838.706543 0.000000 3208.461182 0.000000 0.245457 0.000000 -0.969407 0.569430 0.569430 0.569430
4809.122070 0.000000 3210.186523 0.000000 0.497115 0.000000 -0.867685 0.558767 0.558767 0.558767
4837.454590 0.000000 3192.308838 0.000000 0.556838 0.000000 -0.830621 0.742569 0.742569 0.742569
4828.615723 0.000000 3197.611572 0.000000 0.276051 0.000000 -0.961143 0.756521 0.756521 0.756521
4839.486328 0.000000 3192.112061 0.000000 0.219741 0.000000 -0.975558 0.754822 0.754822 0.754822
4816.762695 0.000000 3214.829102 0.000000 0.497312 0.000000 -0.867572 0.727890 0.727890 0.727890
4815.688965 0.000000 3213.101318 0.000000 0.135488 0.000000 -0.990779 0.666483 0.666483 0.666483
4826.429199 0.000000 3197.612793 0.000000 0.060109 0.000000 -0.998192 0.766924 0.766924 0.766924
4828.799316 0.000000 3195.644775 0.000000 0.337031 0.000000 -0.941493 0.634068 0.634068 0.634068
4840.891602 0.000000 3188.560547 0.000000 0.345639 0.000000 -0.938367 0.753208 0.753208 0.753208
4822.826172 0.000000 3213.674072 0.000000 0.201453 0.000000 -0.979498 0.662235 0.662235 0.662235
4820.484375 0.000000 3187.898438 0.000000 0.176300 0.000000 -0.984336 0.691708 0.691708 0.691708
4788.072754 0.000000 3268.112549 0.000000 0.024060 0.000000 -0.999711 0.470099 0.470099 0.470099
4781.684570 0.000000 3262.520020 0.000000 0.490462 0.000000 -0.871463 0.508172 0.508172 0.508172
4779.818848 0.000000 3257.111328 0.000000 0.084964 0.000000 -0.996384 0.699184 0.699184 0.699184
4798.147949 0.000000 3264.564209 0.000000 0.474065 0.000000 -0.880490 0.742250 0.742250 0.742250
4778.544434 0.000000 3256.462402 0.000000 0.169325 0.000000 -0.985560 0.696367 0.696367 0.696367
4795.539551 0.000000 3272.144043 0.000000 0.455049 0.000000 -0.890466 0.742421 0.742421 0.742421
4799.565430 0.000000 3262.131592 0.000000 0.280679 0.000000 -0.959802 0.633584 0.633584 0.633584
4816.004883 0.000000 3237.077148 0.000000 0.183709 0.000000 -0.982981 0.478111 0.478111 0.478111
4826.062500 0.000000 3246.646973 0.000000 0.416651 0.000000 -0.909067 0.486514 0.486514 0.486514
4800.126465 0.000000 3265.292236 0.000000 0.389020 0.000000 -0.921229 0.538083 0.538083 0.538083
4862.420410 0.000000 3232.950195 0.000000 0.454881 0.000000 -0.890552 0.517435 0.517435 0.517435
4846.744141 0.000000 3245.262939 0.000000 0.276666 0.000000 -0.960966 0.732321 0.732321 0.732321
4863.927246 0.000000 3234.354736 0.000000 0.079823 0.000000 -0.996809 0.681533 0.681533 0.681533
4844.655273 0.000000 3271.534668 0.000000 0.095568 0.000000 -0.995423 0.672150 0.672150 0.672150
4839.743652 0.000000 3255.349854 0.000000 0.357589 0.000000 -0.933879 0.657277 0.657277 0.657277
4842.913086 0.000000 3273.609619 0.000000 0.538098 0.000000 -0.842882 0.704638 0.704638 0.704638
4805.575684 0.000000 3240.958008 0.000000 0.544949 0.000000 -0.838469 0.570143 0.570143 0.570143
4844.345703 0.000000 3230.325928 0.000000 0.328610 0.000000 -0.944466 0.588913 0.588913 0.588913
4829.854004 0.000000 3248.801758 0.000000 0.198837 0.000000 -0.980033 0.662316 0.662316 0.662316
4858.750488 0.000000 3234.096680 0.000000 0.015308 0.000000 -0.999883 0.579317 0.579317 0.579317
4805.044922 0.000000 3250.486084 0.000000 0.226566 0.000000 -0.973996 0.681223 0.681223 0.681223
4817.011230 0.000000 3220.946533 0.000000 0.332237 0.000000 -0.943196 0.747694 0.747694 0.747694
4851.583984 0.000000 3224.185303 0.000000 0.457340 0.000000 -0.889292 0.600340 0.600340 0.600340
4853.096680 0.000000 3233.519775 0.000000 0.525055 0.000000 -0.851068 0.744566 0.744566 0.744566
4813.527344 0.000000 3226.653076 0.000000 0.582984 0.000000 -0.812484 0.643087 0.643087 0.643087
4841.447266 0.000000 3236.514648 0.000000 0.399621 0.000000 -0.916680 0.751579 0.751579 0.751579
4846.356934 0.000000 3236.906494 0.000000 0.458821 0.000000 -0.888529 0.705671 0.705671 0.705671
4843.277832 0.000000 3232.622070 0.000000 0.127690 0.000000 -0.991814 0.756226 0.756226 0.756226
4826.586914 0.000000 3251.134766 0.000000 0.028454 0.000000 -0.999595 0.758489 0.758489 0.758489
4803.149902 0.000000 3265.402588 0.000000 0.081051 0.000000 -0.996710 0.641570 0.641570 0.641570
4818.265625 0.000000 3222.318115 0.000000 0.061466 0.000000 -0.998109 0.650996 0.650996 0.650996
4848.327148 0.000000 3274.912354 0.000000 0.329619 0.000000 -0.944114 0.599673 0.599673 0.599673
4812.067383 0.000000 3219.696533 0.000000 0.271696 0.000000 -0.962383 0.757625 0.757625 0.757625
4853.577148 0.000000 3238.555420 0.000000 0.036007 0.000000 -0.999352 0.760885 0.760885 0.760885
4840.529297 0.000000 3237.479980 0.000000 0.223472 0.000000 -0.974710 0.759839 0.759839 0.759839
4851.812988 0.000000 3233.828369 0.000000 0.149206 0.000000 -0.988806 0.763326 0.763326 0.763326
4846.404297 0.000000 3231.852051 0.000000 0.499898 0.000000 -0.866084 0.650331 0.650331 0.650331
4853.110840 0.000000 3236.457031 0.000000 0.013512 0.000000 -0.999909 0.762186 0.762186 0.762186
4809.207520 0.000000 3244.351562 0.000000 0.264519 0.000000 -0.964381 0.754199 0.754199 0.754199
4850.345703 0.000000 3232.725098 0.000000 0.058913 0.000000 -0.998263 0.767373 0.767373 0.767373
4848.425781 0.000000 3241.129150 0.000000 0.376183 0.000000 -0.926545 0.749914 0.749914 0.749914
4847.327637 0.000000 3275.417480 0.000000 0.498247 0.000000 -0.867035 0.665398 0.665398 0.665398
4828.799316 0.000000 3252.129150 0.000000 0.323460 0.000000 -0.946242 0.675813 0.675813 0.675813
4841.507324 0.000000 3238.729248 0.000000 0.093811 0.000000 -0.995590 0.761942 0.761942 0.761942
4840.319824 0.000000 3241.157471 0.000000 0.526434 0.000000 -0.850216 0.728796 0.728796 0.728796
4839.297852 0.000000 3235.976318 0.000000 0.342472 0.000000 -0.939528 0.721033 0.721033 0.721033
4860.182617 0.000000 3245.618652 0.000000 0.348332 0.000000 -0.937371 0.751278 0.751278 0.751278
4842.282715 0.000000 3233.115234 0.000000 0.090752 0.000000 -0.995874 0.757674 0.757674 0.757674
4839.517090 0.000000 3254.297607 0.000000 0.183093 0.000000 -0.983096 0.662804 0.662804 0.662804
4850.077148 0.000000 3248.385010 0.000000 0.134743 0.000000 -0.990881 0.651047 0.651047 0.651047
4846.372070 0.000000 3240.622559 0.000000 0.182354 0.000000 -0.983233 0.755403 0.755403 0.755403
4856.119629 0.000000 3246.007080 0.000000 0.176402 0.000000 -0.984318 0.754914 0.754914 0.754914
4857.683594 0.000000 3239.518555 0.000000 0.320019 0.000000 -0.947411 0.752655 0.752655 0.752655
4858.567871 0.000000 3244.419678 0.000000 0.147127 0.000000 -0.989118 0.757326 0.757326 0.757326
4829.834473 0.000000 3252.345215 0.000000 0.572721 0.000000 -0.819750 0.666881 0.666881 0.666881
4817.165527 0.000000 3240.792725 0.000000 0.504009 0.000000 -0.863699 0.741996 0.741996 0.741996
4855.814453 0.000000 3236.321289 0.000000 0.290339 0.000000 -0.956924 0.698826 0.698826 0.698826
4844.935547 0.000000 3241.461914 0.000000 0.506095 0.000000 -0.862478 0.701642 0.701642 0.701642
4621.139648 0.000000 3319.638428 0.000000 0.481663 0.000000 -0.876357 0.441096 0.441096 0.441096
4658.750488 0.000000 3316.646973 0.000000 0.425433 0.000000 -0.904990 0.444178 0.444178 0.444178
4623.799805 0.000000 3319.157471 0.000000 0.081041 0.000000 -0.996711 0.454082 0.454082 0.454082
4618.618164 0.000000 3327.537109 0.000000 0.301296 0.000000 -0.953531 0.444146 0.444146 0.444146
4647.243164 0.000000 3326.994141 0.000000 0.440408 0.000000 -0.897798 0.744319 0.744319 0.744319
4654.049316 0.000000 3314.007324 0.000000 0.027404 0.000000 -0.999624 0.760282 0.760282 0.760282
4648.459473 0.000000 3305.613281 0.000000 0.024655 0.000000 -0.999696 0.712396 0.712396 0.712396
4663.129883 0.000000 3302.687012 0.000000 0.279117 0.000000 -0.960257 0.534161 0.534161 0.534161
4652.992676 0.000000 3298.994385 0.000000 0.084022 0.000000 -0.996464 0.739471 0.739471 0.739471
4657.743164 0.000000 3315.739502 0.000000 0.569953 0.000000 -0.821677 0.742975 0.742975 0.742975
4659.326660 0.000000 3323.609375 0.000000 0.158722 0.000000 -0.987323 0.753771 0.753771 0.753771
4668.125488 0.000000 3286.988281 0.000000 0.550933 0.000000 -0.834550 0.612344 0.612344 0.612344
4644.268066 0.000000 3298.719727 0.000000 0.195361 0.000000 -0.980731 0.677836 0.677836 0.677836
4651.627441 0.000000 3327.277344 0.000000 0.558663 0.000000 -0.829395 0.712353 0.712353 0.712353
4649.785156 0.000000 3310.177002 0.000000 0.483106 0.000000 -0.875562 0.713353 0.713353 0.713353
4649.763184 0.000000 3298.114258 0.000000 0.254770 0.000000 -0.967002 0.757602 0.757602 0.757602
4662.206543 0.000000 3283.509521 0.000000 0.426479 0.000000 -0.904498 0.704755 0.704755 0.704755
4646.709473 0.000000 3286.901367 0.000000 0.270168 0.000000 -0.962813 0.566668 0.566668 0.566668
4649.492676 0.000000 3326.577637 0.000000 0.317847 0.000000 -0.948142 0.599996 0.599996 0.599996
4647.150391 0.000000 3329.472900 0.000000 0.066494 0.000000 -0.997787 0.758228 0.758228 0.758228
4664.008301 0.000000 3318.343018 0.000000 0.340049 0.000000 -0.940408 0.747801 0.747801 0.747801
4622.050293 0.000000 3308.246826 0.000000 0.005327 0.000000 -0.999986 0.588369 0.588369 0.588369
4663.779785 0.000000 3299.280029 0.000000 0.425085 0.000000 -0.905154 0.584153 0.584153 0.584153
4650.742676 0.000000 3300.283447 0.000000 0.205888 0.000000 -0.978576 0.755993 0.755993 0.755993
4645.876953 0.000000 3299.911133 0.000000 0.303029 0.000000 -0.952981 0.674313 0.674313 0.674313
4652.436035 0.000000 3317.249512 0.000000 0.439527 0.000000 -0.898229 0.652401 0.652401 0.652401
4667.452148 0.000000 3315.983154 0.000000 0.252276 0.000000 -0.967655 0.750012 0.750012 0.750012
4668.205566 0.000000 3306.091064 0.000000 0.586719 0.000000 -0.809790 0.739832 0.739832 0.739832
4624.762695 0.000000 3327.797852 0.000000 0.084211 0.000000 -0.996448 0.760138 0.760138 0.760138
4646.235352 0.000000 3313.578369 0.000000 0.359954 0.000000 -0.932970 0.751489 0.751489 0.751489
4659.848633 0.000000 3312.769043 0.000000 0.187971 0.000000 -0.982175 0.753846 0.753846 0.753846
4668.959961 0.000000 3307.347900 0.000000 0.229590 0.000000 -0.973287 0.756517 0.756517 0.756517
4658.309082 0.000000 3311.906250 0.000000 0.399055 0.000000 -0.916927 0.746841 0.746841 0.746841
4654.767090 0.000000 3315.906494 0.000000 0.306695 0.000000 -0.951808 0.749178 0.749178 0.749178
4668.832520 0.000000 3309.431641 0.000000 0.567138 0.000000 -0.823623 0.739914 0.739914 0.739914
4692.984863 0.000000 3313.291748 0.000000 0.217699 0.000000 -0.976016 0.418488 0.418488 0.418488
4689.493164 0.000000 3320.066650 0.000000 0.267895 0.000000 -0.963448 0.429843 0.429843 0.429843
4719.448242 0.000000 3300.601318 0.000000 0.028979 0.000000 -0.999580 0.431248 0.431248 0.431248
4706.967773 0.000000 3310.836426 0.000000 0.317107 0.000000 -0.948390 0.439657 0.439657 0.439657
4696.332520 0.000000 3311.298096 0.000000 0.146546 0.000000 -0.989204 0.455174 0.455174 0.455174
4676.679688 0.000000 3328.708740 0.000000 0.141302 0.000000 -0.989967 0.448836 0.448836 0.448836
4690.728027 0.000000 3310.251709 0.000000 0.487209 0.000000 -0.873285 0.487174 0.487174 0.487174
4677.850586 0.000000 3293.872070 0.000000 0.567902 0.000000 -0.823096 0.485426 0.485426 0.485426
4710.782227 0.000000 3304.103516 0.000000 0.055630 0.000000 -0.998451 0.512860 0.512860 0.512860
4692.600586 0.000000 3287.115723 0.000000 0.083109 0.000000 -0.996540 0.761223 0.761223 0.761223
4727.433594 0.000000 3297.296875 0.000000 0.465196 0.000000 -0.885208 0.604381 0.604381 0.604381
4681.022461 0.000000 3319.160889 0.000000 0.017392 0.000000 -0.999849 0.548540 0.548540 0.548540
4728.732422 0.000000 3324.650879 0.000000 0.036845 0.000000 -0.999321 0.530647 0.530647 0.530647
4699.559082 0.000000 3311.983154 0.000000 0.162593 0.000000 -0.986693 0.729904 0.729904 0.729904
4710.464355 0.000000 3318.987793 0.000000 0.026779 0.000000 -0.999641 0.537404 0.537404 0.537404
4698.696777 0.000000 3295.839844 0.000000 0.209616 0.000000 -0.977784 0.546480 0.546480 0.546480
4704.342773 0.000000 3311.139160 0.000000 0.470653 0.000000 -0.882318 0.546729 0.546729 0.546729
4701.685059 0.000000 3310.848389 0.000000 0.153139 0.000000 -0.988205 0.580369 0.580369 0.580369
4684.183105 0.000000 3285.749023 0.000000 0.250291 0.000000 -0.968171 0.757690 0.757690 0.757690
4731.996582 0.000000 3283.362793 0.000000 0.537262 0.000000 -0.843415 0.561903 0.561903 0.561903
4682.112793 0.000000 3313.250488 0.000000 0.405282 0.000000 -0.914192 0.541961 0.541961 0.541961
4680.904785 0.000000 3282.373535 0.000000 0.116427 0.000000 -0.993199 0.539856 0.539856 0.539856
4708.191406 0.000000 3287.798584 0.000000 0.580845 0.000000 -0.814014 0.539622 0.539622 0.539622
4703.826172 0.000000 3327.669678 0.000000 0.225021 0.000000 -0.974354 0.587279 0.587279 0.587279
4677.108887 0.000000 3325.726318 0.000000 0.258413 0.000000 -0.966035 0.575601 0.575601 0.575601
4694.163574 0.000000 3279.059082 0.000000 0.063023 0.000000 -0.998012 0.578176 0.578176 0.578176
4674.732422 0.000000 3284.307373 0.000000 0.051316 0.000000 -0.998682 0.761738 0.761738 0.761738
4726.646973 0.000000 3294.582275 0.000000 0.502984 0.000000 -0.864296 0.741406 0.741406 0.741406
4701.048828 0.000000 3277.736328 0.000000 0.496555 0.000000 -0.868005 0.624771 0.624771 0.624771
4729.375000 0.000000 3279.351562 0.000000 0.479938 0.000000 -0.877302 0.642444 0.642444 0.642444
4729.404785 0.000000 3313.738037 0.000000 0.418523 0.000000 -0.908206 0.744586 0.744586 0.744586
4723.609375 0.000000 3306.260010 0.000000 0.049307 0.000000 -0.998784 0.580700 0.580700 0.580700
4677.319336 0.000000 3296.062256 0.000000 0.564483 0.000000 -0.825445 0.561134 0.561134 0.561134
4699.824219 0.000000 3288.955322 0.000000 0.339231 0.000000 -0.940703 0.653528 0.653528 0.653528
4704.087402 0.000000 3316.212891 0.000000 0.008436 0.000000 -0.999964 0.670386 0.670386 0.670386
4687.758301 0.000000 3284.778809 0.000000 0.501950 0.000000 -0.864897 0.742640 0.742640 0.742640
4700.341797 0.000000 3325.757812 0.000000 0.009257 0.000000 -0.999957 0.628077 0.628077 0.628077
4728.785645 0.000000 3304.617920 0.000000 0.455752 0.000000 -0.890107 0.671232 0.671232 0.671232
4717.281250 0.000000 3281.213379 0.000000 0.097318 0.000000 -0.995253 0.649944 0.649944 0.649944
4730.459473 0.000000 3317.617920 0.000000 0.286515 0.000000 -0.958076 0.603014 0.603014 0.603014
4692.295898 0.000000 3284.823730 0.000000 0.326956 0.000000 -0.945039 0.643054 0.643054 0.643054
4701.200684 0.000000 3325.039551 0.000000 0.568522 0.000000 -0.822668 0.611763 0.611763 0.611763
4683.305176 0.000000 3283.416748 0.000000 0.181252 0.000000 -0.983437 0.693755 0.693755 0.693755
4692.864746 0.000000 3329.260498 0.000000 0.327280 0.000000 -0.944927 0.750600 0.750600 0.750600
4701.897949 0.000000 3277.119141 0.000000 0.163804 0.000000 -0.986493 0.634794 0.634794 0.634794
4693.127930 0.000000 3330.274170 0.000000 0.514430 0.000000 -0.857533 0.741689 0.741689 0.741689
4680.403320 0.000000 3326.841309 0.000000 0.135042 0.000000 -0.990840 0.748775 0.748775 0.748775
4692.064453 0.000000 3287.947266 0.000000 0.500048 0.000000 -0.865997 0.743096 0.743096 0.743096
4701.834473 0.000000 3308.829590 0.000000 0.246400 0.000000 -0.969168 0.756249 0.756249 0.756249
4612.483887 0.000000 3362.326904 0.000000 0.469375 0.000000 -0.882999 0.451798 0.451798 0.451798
4611.597168 0.000000 3357.684814 0.000000 0.410807 0.000000 -0.911722 0.492980 0.492980 0.492980
4646.707031 0.000000 3341.135498 0.000000 0.316870 0.000000 -0.948469 0.479960 0.479960 0.479960
4615.500488 0.000000 3351.874512 0.000000 0.339747 0.000000 -0.940517 0.498668 0.498668 0.498668
4627.616211 0.000000 3378.836914 0.000000 0.030592 0.000000 -0.999532 0.524235 0.524235 0.524235
4641.739258 0.000000 3335.102051 0.000000 0.209187 0.000000 -0.977876 0.675188 0.675188 0.675188
4637.379395 0.000000 3344.053467 0.000000 0.015136 0.000000 -0.999885 0.550779 0.550779 0.550779
4670.499512 0.000000 3361.966797 0.000000 0.567936 0.000000 -0.823073 0.590604 0.590604 0.590604
4644.191406 0.000000 3344.282959 0.000000 0.164637 0.000000 -0.986354 0.696525 0.696525 0.696525
4654.200195 0.000000 3333.687988 0.000000 0.186684 0.000000 -0.982420 0.603514 0.603514 0.603514
4652.736816 0.000000 3335.400146 0.000000 0.365088 0.000000 -0.930973 0.713615 0.713615 0.713615
4652.330078 0.000000 3351.343018 0.000000 0.147987 0.000000 -0.988989 0.615486 0.615486 0.615486
4622.047363 0.000000 3359.775391 0.000000 0.122704 0.000000 -0.992443 0.724653 0.724653 0.724653
4653.243652 0.000000 3341.440186 0.000000 0.506908 0.000000 -0.862000 0.577594 0.577594 0.577594
4620.040527 0.000000 3351.350586 0.000000 0.061687 0.000000 -0.998096 0.682109 0.682109 0.682109
4733.032715 0.000000 3354.766113 0.000000 0.511150 0.000000 -0.859492 0.413943 0.413943 0.413943
4709.366211 0.000000 3384.277832 0.000000 0.347593 0.000000 -0.937646 0.483630 0.483630 0.483630
4706.144043 0.000000 3383.567627 0.000000 0.317070 0.000000 -0.948402 0.482084 0.482084 0.482084
4692.029785 0.000000 3336.504883 0.000000 0.313383 0.000000 -0.949627 0.518417 0.518417 0.518417
4675.093750 0.000000 3362.648193 0.000000 0.545478 0.000000 -0.838125 0.515306 0.515306 0.515306
4719.221680 0.000000 3373.280273 0.000000 0.011594 0.000000 -0.999933 0.767848 0.767848 0.767848
4717.684570 0.000000 3375.488770 0.000000 0.229846 0.000000 -0.973227 0.661349 0.661349 0.661349
4672.049316 0.000000 3358.275635 0.000000 0.531871 0.000000 -0.846825 0.574755 0.574755 0.574755
4716.208984 0.000000 3386.664795 0.000000 0.017606 0.000000 -0.999845 0.768130 0.768130 0.768130
4673.498535 0.000000 3360.554932 0.000000 0.284000 0.000000 -0.958824 0.583603 0.583603 0.583603
4720.316895 0.000000 3374.309570 0.000000 0.137047 0.000000 -0.990565 0.679710 0.679710 0.679710
4695.398438 0.000000 3388.378418 0.000000 0.230315 0.000000 -0.973116 0.546015 0.546015 0.546015
4721.639160 0.000000 3388.334717 0.000000 0.526354 0.000000 -0.850266 0.740235 0.740235 0.740235
4694.163574 0.000000 3335.543457 0.000000 0.544057 0.000000 -0.839049 0.737753 0.737753 0.737753
4707.590332 0.000000 3378.466309 0.000000 0.309748 0.000000 -0.950819 0.676273 0.676273 0.676273
4720.248535 0.000000 3386.383545 0.000000 0.222146 0.000000 -0.975013 0.758605 0.758605 0.758605
4711.071777 0.000000 3382.296143 0.000000 0.011201 0.000000 -0.999937 0.746643 0.746643 0.746643
4686.695801 0.000000 3339.464111 0.000000 0.559193 0.000000 -0.829037 0.601469 0.601469 0.601469
4713.492676 0.000000 3383.062012 0.000000 0.400520 0.000000 -0.916288 0.697045 0.697045 0.697045
4684.748535 0.000000 3338.273438 0.000000 0.536962 0.000000 -0.843606 0.559797 0.559797 0.559797
4716.563965 0.000000 3372.297852 0.000000 0.359260 0.000000 -0.933237 0.753309 0.753309 0.753309
4721.638184 0.000000 3373.666748 0.000000 0.482043 0.000000 -0.876148 0.746092 0.746092 0.746092
4717.231445 0.000000 3386.161133 0.000000 0.090337 0.000000 -0.995911 0.764934 0.764934 0.764934
4717.039062 0.000000 3370.001465 0.000000 0.315331 0.000000 -0.948982 0.752209 0.752209 0.752209
4720.327148 0.000000 3387.881104 0.000000 0.010852 0.000000 -0.999941 0.767881 0.767881 0.767881
4687.758301 0.000000 3341.263184 0.000000 0.335703 0.000000 -0.941968 0.588724 0.588724 0.588724
4719.327637 0.000000 3388.386230 0.000000 0.201335 0.000000 -0.979522 0.757260 0.757260 0.757260
4678.427246 0.000000 3343.135986 0.000000 0.474978 0.000000 -0.879998 0.707197 0.707197 0.707197
4705.751465 0.000000 3372.554688 0.000000 0.179643 0.000000 -0.983732 0.627763 0.627763 0.627763
4757.934570 0.000000 3330.905762 0.000000 0.481801 0.000000 -0.876281 0.414399 0.414399 0.414399
4790.180664 0.000000 3299.943848 0.000000 0.469508 0.000000 -0.882928 0.422470 0.422470 0.422470
4736.712402 0.000000 3294.314697 0.000000 0.562473 0.000000 -0.826815 0.433379 0.433379 0.433379
4775.104492 0.000000 3287.987305 0.000000 0.368507 0.000000 -0.929625 0.438821 0.438821 0.438821
4749.340332 0.000000 3316.320557 0.000000 0.448636 0.000000 -0.893714 0.452175 0.452175 0.452175
4746.416504 0.000000 3307.777832 0.000000 0.229095 0.000000 -0.973404 0.479439 0.479439 0.479439
4781.531250 0.000000 3294.486816 0.000000 0.194584 0.000000 -0.980886 0.475775 0.475775 0.475775
4785.135254 0.000000 3302.930664 0.000000 0.240102 0.000000 -0.970748 0.492073 0.492073 0.492073
4793.993164 0.000000 3312.689697 0.000000 0.474879 0.000000 -0.880051 0.481115 0.481115 0.481115
4774.060059 0.000000 3296.917969 0.000000 0.367902 0.000000 -0.929865 0.512987 0.512987 0.512987
4773.805176 0.000000 3331.620361 0.000000 0.441441 0.000000 -0.897290 0.532589 0.532589 0.532589
4737.280273 0.000000 3309.943115 0.000000 0.264313 0.000000 -0.964437 0.528040 0.528040 0.528040
4790.252441 0.000000 3278.648438 0.000000 0.550784 0.000000 -0.834648 0.682690 0.682690 0.682690
4786.572266 0.000000 3300.808350 0.000000 0.238121 0.000000 -0.971235 0.678646 0.678646 0.678646
4780.222168 0.000000 3309.479492 0.000000 0.438726 0.000000 -0.898621 0.562436 0.562436 0.562436
4788.601074 0.000000 3327.031250 0.000000 0.478542 0.000000 -0.878065 0.548650 0.548650 0.548650
4767.182129 0.000000 3323.593018 0.000000 0.533354 0.000000 -0.845892 0.740966 0.740966 0.740966
4778.544434 0.000000 3312.946777 0.000000 0.197148 0.000000 -0.980374 0.761156 0.761156 0.761156
4778.351562 0.000000 3325.182129 0.000000 0.559086 0.000000 -0.829109 0.529685 0.529685 0.529685
4783.249023 0.000000 3298.831055 0.000000 0.296576 0.000000 -0.955009 0.568178 0.568178 0.568178
4779.584473 0.000000 3315.168701 0.000000 0.104285 0.000000 -0.994547 0.765344 0.765344 0.765344
4782.200195 0.000000 3277.203613 0.000000 0.489723 0.000000 -0.871878 0.744140 0.744140 0.744140
4777.405762 0.000000 3313.946533 0.000000 0.239593 0.000000 -0.970873 0.759218 0.759218 0.759218
4737.950684 0.000000 3316.068115 0.000000 0.257934 0.000000 -0.966163 0.726404 0.726404 0.726404
4786.592773 0.000000 3281.804932 0.000000 0.413817 0.000000 -0.910360 0.750288 0.750288 0.750288
4789.270996 0.000000 3279.393799 0.000000 0.308840 0.000000 -0.951114 0.755679 0.755679 0.755679
4740.727051 0.000000 3283.344727 0.000000 0.088525 0.000000 -0.996074 0.555710 0.555710 0.555710
4796.871582 0.000000 3305.288574 0.000000 0.195701 0.000000 -0.980664 0.719824 0.719824 0.719824
4782.601562 0.000000 3283.196289 0.000000 0.130505 0.000000 -0.991448 0.607182 0.607182 0.607182
4767.082031 0.000000 3312.241455 0.000000 0.037947 0.000000 -0.999280 0.580973 0.580973 0.580973
4791.218262 0.000000 3328.230225 0.000000 0.224024 0.000000 -0.974584 0.670314 0.670314 0.670314
4743.807129 0.000000 3309.295410 0.000000 0.363029 0.000000 -0.931778 0.747576 0.747576 0.747576
4736.369141 0.000000 3315.620850 0.000000 0.056986 0.000000 -0.998375 0.762697 0.762697 0.762697
4737.237793 0.000000 3312.415771 0.000000 0.412652 0.000000 -0.910889 0.748742 0.748742 0.748742
4784.198730 0.000000 3299.765625 0.000000 0.132586 0.000000 -0.991171 0.682068 0.682068 0.682068
4793.305176 0.000000 3327.290527 0.000000 0.389234 0.000000 -0.921139 0.643264 0.643264 0.643264
4793.725098 0.000000 3308.596436 0.000000 0.177461 0.000000 -0.984128 0.754506 0.754506 0.754506
4783.144043 0.000000 3313.818359 0.000000 0.338182 0.000000 -0.941081 0.738743 0.738743 0.738743
4738.422363 0.000000 3315.092041 0.000000 0.432347 0.000000 -0.901707 0.613935 0.613935 0.613935
4748.499512 0.000000 3315.476562 0.000000 0.188887 0.000000 -0.981999 0.700132 0.700132 0.700132
4785.364258 0.000000 3278.383057 0.000000 0.073666 0.000000 -0.997283 0.760043 0.760043 0.760043
4777.375000 0.000000 3330.136719 0.000000 0.445511 0.000000 -0.895276 0.748745 0.748745 0.748745
4738.420898 0.000000 3319.810059 0.000000 0.363376 0.000000 -0.931642 0.747980 0.747980 0.747980
4785.976074 0.000000 3291.172363 0.000000 0.223270 0.000000 -0.974757 0.606899 0.606899 0.606899
4786.345703 0.000000 3289.209473 0.000000 0.324940 0.000000 -0.945735 0.677944 0.677944 0.677944
4762.823242 0.000000 3325.813965 0.000000 0.539975 0.000000 -0.841681 0.633984 0.633984 0.633984
4765.200684 0.000000 3325.039551 0.000000 0.082872 0.000000 -0.996560 0.760972 0.760972 0.760972
4776.788086 0.000000 3315.481201 0.000000 0.328170 0.000000 -0.944619 0.680016 0.680016 0.680016
4791.173828 0.000000 3279.141357 0.000000 0.492671 0.000000 -0.870216 0.684946 0.684946 0.684946
4779.103516 0.000000 3311.366699 0.000000 0.560657 0.000000 -0.828048 0.743477 0.743477 0.743477
4789.304199 0.000000 3296.621582 0.000000 0.206413 0.000000 -0.978465 0.754066 0.754066 0.754066
4793.844727 0.000000 3310.523438 0.000000 0.430538 0.000000 -0.902572 0.680775 0.680775 0.680775
4767.611328 0.000000 3301.510254 0.000000 0.127538 0.000000 -0.991834 0.733408 0.733408 0.733408
4782.372070 0.000000 3297.106934 0.000000 0.491442 0.000000 -0.870911 0.740640 0.740640 0.740640
4766.203125 0.000000 3323.252930 0.000000 0.017597 0.000000 -0.999845 0.763108 0.763108 0.763108
4780.519531 0.000000 3304.628174 0.000000 0.510832 0.000000 -0.859681 0.718685 0.718685 0.718685
4777.550293 0.000000 3291.885254 0.000000 0.213664 0.000000 -0.976907 0.755548 0.755548 0.755548
4780.935547 0.000000 3297.946289 0.000000 0.504918 0.000000 -0.863167 0.740134 0.740134 0.740134
4818.283691 0.000000 3277.226562 0.000000 0.124861 0.000000 -0.992174 0.418839 0.418839 0.418839
4803.837402 0.000000 3299.655762 0.000000 0.548161 0.000000 -0.836373 0.413108 0.413108 0.413108
4848.746582 0.000000 3279.331299 0.000000 0.045220 0.000000 -0.998977 0.420567 0.420567 0.420567
4852.657715 0.000000 3276.129883 0.000000 0.471878 0.000000 -0.881664 0.415090 0.415090 0.415090
4841.262207 0.000000 3289.431396 0.000000 0.052443 0.000000 -0.998624 0.469622 0.469622 0.469622
4801.843750 0.000000 3322.473389 0.000000 0.485183 0.000000 -0.874413 0.470393 0.470393 0.470393
4840.687988 0.000000 3298.594482 0.000000 0.180610 0.000000 -0.983555 0.461033 0.461033 0.461033
4800.421387 0.000000 3319.616943 0.000000 0.199032 0.000000 -0.979993 0.546717 0.546717 0.546717
4837.085938 0.000000 3302.464600 0.000000 0.534190 0.000000 -0.845364 0.711246 0.711246 0.711246
4841.922852 0.000000 3301.245605 0.000000 0.387334 0.000000 -0.921940 0.617433 0.617433 0.617433
4801.323730 0.000000 3282.151123 0.000000 0.403330 0.000000 -0.915054 0.507976 0.507976 0.507976
4811.583008 0.000000 3323.038574 0.000000 0.112040 0.000000 -0.993704 0.757987 0.757987 0.757987
4809.264160 0.000000 3320.687012 0.000000 0.487470 0.000000 -0.873140 0.601574 0.601574 0.601574
4806.988770 0.000000 3317.553955 0.000000 0.169460 0.000000 -0.985537 0.643418 0.643418 0.643418
4812.862793 0.000000 3320.756104 0.000000 0.072840 0.000000 -0.997344 0.595497 0.595497 0.595497
4814.558105 0.000000 3328.966553 0.000000 0.073491 0.000000 -0.997296 0.584503 0.584503 0.584503
4809.062988 0.000000 3318.073730 0.000000 0.228426 0.000000 -0.973561 0.687764 0.687764 0.687764
4816.762695 0.000000 3327.797852 0.000000 0.332793 0.000000 -0.943000 0.750900 0.750900 0.750900
4815.440918 0.000000 3327.129883 0.000000 0.438342 0.000000 -0.898808 0.749682 0.749682 0.749682
4816.360840 0.000000 3322.638428 0.000000 0.448647 0.000000 -0.893709 0.742022 0.742022 0.742022
4839.297852 0.000000 3292.460693 0.000000 0.411373 0.000000 -0.911467 0.646868 0.646868 0.646868
4845.173340 0.000000 3299.988037 0.000000 0.544602 0.000000 -0.838695 0.742423 0.742423 0.742423
4839.420898 0.000000 3307.597412 0.000000 0.314661 0.000000 -0.949204 0.722084 0.722084 0.722084
4817.626953 0.000000 3321.074463 0.000000 0.532459 0.000000 -0.846456 0.644910 0.644910 0.644910
4843.257324 0.000000 3298.906494 0.000000 0.129811 0.000000 -0.991539 0.754758 0.754758 0.754758
4781.375000 0.000000 3357.499756 0.000000 0.175423 0.000000 -0.984493 0.418381 0.418381 0.418381
4763.698730 0.000000 3379.077393 0.000000 0.474245 0.000000 -0.880393 0.415053 0.415053 0.415053
4778.415039 0.000000 3352.196289 0.000000 0.345996 0.000000 -0.938236 0.470927 0.470927 0.470927
4758.025391 0.000000 3374.872070 0.000000 0.455539 0.000000 -0.890216 0.483616 0.483616 0.483616
4775.789551 0.000000 3346.515625 0.000000 0.520210 0.000000 -0.854038 0.515913 0.515913 0.515913
4785.824707 0.000000 3343.063477 0.000000 0.176209 0.000000 -0.984353 0.525595 0.525595 0.525595
4761.534668 0.000000 3342.140137 0.000000 0.013579 0.000000 -0.999908 0.594782 0.594782 0.594782
4775.522949 0.000000 3336.576172 0.000000 0.526031 0.000000 -0.850465 0.743627 0.743627 0.743627
4783.546387 0.000000 3338.925537 0.000000 0.171515 0.000000 -0.985181 0.757920 0.757920 0.757920
4758.619629 0.000000 3366.099365 0.000000 0.345374 0.000000 -0.938465 0.638148 0.638148 0.638148
4776.696289 0.000000 3342.825684 0.000000 0.104283 0.000000 -0.994548 0.603479 0.603479 0.603479
4776.398438 0.000000 3341.444580 0.000000 0.411266 0.000000 -0.911515 0.573833 0.573833 0.573833
4777.821777 0.000000 3347.035156 0.000000 0.010729 0.000000 -0.999942 0.759843 0.759843 0.759843
4778.844238 0.000000 3341.478027 0.000000 0.255532 0.000000 -0.966801 0.601683 0.601683 0.601683
4772.202637 0.000000 3336.226807 0.000000 0.344154 0.000000 -0.938913 0.616543 0.616543 0.616543
4776.923828 0.000000 3339.276123 0.000000 0.146873 0.000000 -0.989155 0.604561 0.604561 0.604561
4782.601562 0.000000 3339.680664 0.000000 0.157787 0.000000 -0.987473 0.758496 0.758496 0.758496
4751.853516 0.000000 3347.315430 0.000000 0.174510 0.000000 -0.984655 0.584201 0.584201 0.584201
4750.695801 0.000000 3339.464111 0.000000 0.190573 0.000000 -0.981673 0.751123 0.751123 0.751123
4752.122070 0.000000 3343.511963 0.000000 0.069905 0.000000 -0.997554 0.704150 0.704150 0.704150
4773.606445 0.000000 3335.497559 0.000000 0.120452 0.000000 -0.992719 0.669161 0.669161 0.669161
4779.013184 0.000000 3333.788330 0.000000 0.496325 0.000000 -0.868137 0.744467 0.744467 0.744467
4743.502930 0.000000 3339.851562 0.000000 0.015196 0.000000 -0.999885 0.619051 0.619051 0.619051
4761.272461 0.000000 3367.331299 0.000000 0.232219 0.000000 -0.972664 0.619729 0.619729 0.619729
4759.335449 0.000000 3368.072510 0.000000 0.225681 0.000000 -0.974201 0.755396 0.755396 0.755396
4756.220215 0.000000 3352.539062 0.000000 0.104119 0.000000 -0.994565 0.755613 0.755613 0.755613
4756.853027 0.000000 3353.494629 0.000000 0.259887 0.000000 -0.965639 0.749599 0.749599 0.749599
4849.031738 0.000000 3378.916748 0.000000 0.477839 0.000000 -0.878447 0.422334 0.422334 0.422334
4808.722168 0.000000 3365.097168 0.000000 0.505856 0.000000 -0.862618 0.438573 0.438573 0.438573
4847.882812 0.000000 3337.601807 0.000000 0.490388 0.000000 -0.871504 0.438848 0.438848 0.438848
4860.771484 0.000000 3369.662354 0.000000 0.370767 0.000000 -0.928726 0.457780 0.457780 0.457780
4836.830078 0.000000 3367.505859 0.000000 0.350850 0.000000 -0.936432 0.453900 0.453900 0.453900
4862.025391 0.000000 3335.706299 0.000000 0.015589 0.000000 -0.999878 0.535454 0.535454 0.535454
4817.185059 0.000000 3347.084229 0.000000 0.219472 0.000000 -0.975619 0.550581 0.550581 0.550581
4858.116699 0.000000 3381.894287 0.000000 0.273030 0.000000 -0.962006 0.653437 0.653437 0.653437
4859.539551 0.000000 3385.112793 0.000000 0.571854 0.000000 -0.820355 0.677579 0.677579 0.677579
4889.549805 0.000000 3218.011963 0.000000 0.400054 0.000000 -0.916491 0.751152 0.751152 0.751152
4884.864746 0.000000 3216.291748 0.000000 0.037393 0.000000 -0.999301 0.768199 0.768199 0.768199
4879.381836 0.000000 3218.691650 0.000000 0.050653 0.000000 -0.998716 0.767742 0.767742 0.767742
4881.884277 0.000000 3217.350098 0.000000 0.073228 0.000000 -0.997315 0.764509 0.764509 0.764509
4877.188965 0.000000 3227.864014 0.000000 0.544758 0.000000 -0.838594 0.465007 0.465007 0.465007
4873.923828 0.000000 3237.203857 0.000000 0.144281 0.000000 -0.989537 0.493869 0.493869 0.493869
4865.993652 0.000000 3243.059326 0.000000 0.121098 0.000000 -0.992640 0.762944 0.762944 0.762944
4865.498535 0.000000 3247.586182 0.000000 0.226123 0.000000 -0.974099 0.626447 0.626447 0.626447
4867.455566 0.000000 3238.290527 0.000000 0.188088 0.000000 -0.982152 0.761568 0.761568 0.761568
4888.231445 0.000000 3221.287598 0.000000 0.422606 0.000000 -0.906313 0.689722 0.689722 0.689722
4866.034668 0.000000 3245.695068 0.000000 0.493912 0.000000 -0.869512 0.719391 0.719391 0.719391
4876.748535 0.000000 3225.304688 0.000000 0.267251 0.000000 -0.963627 0.712835 0.712835 0.712835
4888.484375 0.000000 3219.620605 0.000000 0.513805 0.000000 -0.857907 0.745502 0.745502 0.745502
4864.649414 0.000000 3234.524414 0.000000 0.221812 0.000000 -0.975089 0.753205 0.753205 0.753205
4871.807129 0.000000 3252.811035 0.000000 0.110542 0.000000 -0.993872 0.579223 0.579223 0.579223
4864.361816 0.000000 3241.245361 0.000000 0.355992 0.000000 -0.934489 0.753569 0.753569 0.753569
4864.125977 0.000000 3239.031250 0.000000 0.436188 0.000000 -0.899855 0.749886 0.749886 0.749886
4882.082520 0.000000 3219.671631 0.000000 0.187548 0.000000 -0.982255 0.761592 0.761592 0.761592
4866.932617 0.000000 3243.770508 0.000000 0.215723 0.000000 -0.976455 0.757827 0.757827 0.757827
4864.030273 0.000000 3236.998535 0.000000 0.131147 0.000000 -0.991363 0.763761 0.763761 0.763761
4927.163574 0.000000 3308.768311 0.000000 0.336786 0.000000 -0.941581 0.426674 0.426674 0.426674
4917.188965 0.000000 3330.506592 0.000000 0.380833 0.000000 -0.924644 0.466055 0.466055 0.466055
4866.970703 0.000000 3285.541504 0.000000 0.161872 0.000000 -0.986812 0.487090 0.487090 0.487090
4871.502930 0.000000 3283.367188 0.000000 0.088091 0.000000 -0.996112 0.614897 0.614897 0.614897
4983.405273 0.000000 3310.946777 0.000000 0.194312 0.000000 -0.980940 0.428825 0.428825 0.428825
4960.607910 0.000000 3315.184326 0.000000 0.458211 0.000000 -0.888843 0.420562 0.420562 0.420562
4967.778320 0.000000 3331.928711 0.000000 0.350447 0.000000 -0.936583 0.437006 0.437006 0.437006
4958.190918 0.000000 3313.147705 0.000000 0.461737 0.000000 -0.887017 0.462441 0.462441 0.462441
4954.283691 0.000000 3322.639648 0.000000 0.223645 0.000000 -0.974671 0.533220 0.533220 0.533220
4987.539551 0.000000 3328.628418 0.000000 0.323182 0.000000 -0.946337 0.614984 0.614984 0.614984
4986.264648 0.000000 3326.731689 0.000000 0.351387 0.000000 -0.936230 0.541098 0.541098 0.541098
4956.231934 0.000000 3317.696533 0.000000 0.205528 0.000000 -0.978651 0.550898 0.550898 0.550898
4954.614258 0.000000 3319.737305 0.000000 0.556582 0.000000 -0.830792 0.586724 0.586724 0.586724
4925.512207 0.000000 3332.604248 0.000000 0.441609 0.000000 -0.897207 0.414343 0.414343 0.414343
4909.434082 0.000000 3362.307373 0.000000 0.469021 0.000000 -0.883187 0.414055 0.414055 0.414055
4877.487793 0.000000 3342.594727 0.000000 0.023404 0.000000 -0.999726 0.433477 0.433477 0.433477
4879.854980 0.000000 3339.107910 0.000000 0.476166 0.000000 -0.879355 0.460067 0.460067 0.460067
4923.262207 0.000000 3354.714111 0.000000 0.172299 0.000000 -0.985045 0.461172 0.461172 0.461172
4877.021484 0.000000 3365.207031 0.000000 0.002859 0.000000 -0.999996 0.505177 0.505177 0.505177
4890.692383 0.000000 3345.029053 0.000000 0.426866 0.000000 -0.904315 0.494766 0.494766 0.494766
4870.267578 0.000000 3357.018066 0.000000 0.367461 0.000000 -0.930039 0.498107 0.498107 0.498107
4891.790527 0.000000 3351.331543 0.000000 0.084081 0.000000 -0.996459 0.523153 0.523153 0.523153
4919.122559 0.000000 3337.720947 0.000000 0.121810 0.000000 -0.992553 0.526721 0.526721 0.526721
4890.769531 0.000000 3381.251465 0.000000 0.506989 0.000000 -0.861953 0.603109 0.603109 0.603109
4864.926758 0.000000 3386.271729 0.000000 0.282310 0.000000 -0.959323 0.712291 0.712291 0.712291
4875.583008 0.000000 3379.522949 0.000000 0.438444 0.000000 -0.898759 0.680489 0.680489 0.680489
4874.576172 0.000000 3362.921875 0.000000 0.173597 0.000000 -0.984817 0.553789 0.553789 0.553789
4912.927734 0.000000 3377.593994 0.000000 0.281253 0.000000 -0.959634 0.568555 0.568555 0.568555
4873.264160 0.000000 3377.171387 0.000000 0.579914 0.000000 -0.814677 0.560690 0.560690 0.560690
4912.316895 0.000000 3374.309570 0.000000 0.430371 0.000000 -0.902652 0.743287 0.743287 0.743287
4912.177246 0.000000 3370.620117 0.000000 0.432431 0.000000 -0.901667 0.747912 0.747912 0.747912
4919.338379 0.000000 3365.102295 0.000000 0.314900 0.000000 -0.949125 0.621721 0.621721 0.621721
4918.205566 0.000000 3367.791504 0.000000 0.446762 0.000000 -0.894653 0.656463 0.656463 0.656463
4907.365234 0.000000 3375.565918 0.000000 0.052308 0.000000 -0.998631 0.767270 0.767270 0.767270
4908.416992 0.000000 3377.581543 0.000000 0.257235 0.000000 -0.966349 0.751993 0.751993 0.751993
4912.161133 0.000000 3371.927246 0.000000 0.019929 0.000000 -0.999801 0.766131 0.766131 0.766131
4883.857422 0.000000 3385.274902 0.000000 0.446755 0.000000 -0.894656 0.564357 0.564357 0.564357
4910.588379 0.000000 3376.359375 0.000000 0.486490 0.000000 -0.873686 0.713216 0.713216 0.713216
4906.301758 0.000000 3376.123779 0.000000 0.394636 0.000000 -0.918838 0.747544 0.747544 0.747544
4906.279785 0.000000 3377.434814 0.000000 0.553577 0.000000 -0.832798 0.740159 0.740159 0.740159
4868.561035 0.000000 3378.859619 0.000000 0.170043 0.000000 -0.985437 0.612700 0.612700 0.612700
4907.446289 0.000000 3374.189697 0.000000 0.186945 0.000000 -0.982370 0.761257 0.761257 0.761257
4919.669922 0.000000 3366.242676 0.000000 0.061301 0.000000 -0.998119 0.668766 0.668766 0.668766
4880.554199 0.000000 3385.353027 0.000000 0.512427 0.000000 -0.858731 0.556237 0.556237 0.556237
4864.743652 0.000000 3383.498779 0.000000 0.181829 0.000000 -0.983330 0.761852 0.761852 0.761852
4865.670898 0.000000 3382.498779 0.000000 0.506118 0.000000 -0.862464 0.746351 0.746351 0.746351
4913.638184 0.000000 3373.666748 0.000000 0.450376 0.000000 -0.892839 0.746577 0.746577 0.746577
4887.105469 0.000000 3376.761475 0.000000 0.287696 0.000000 -0.957722 0.748614 0.748614 0.748614
4905.761719 0.000000 3371.567383 0.000000 0.174287 0.000000 -0.984695 0.599473 0.599473 0.599473
4919.966309 0.000000 3368.473877 0.000000 0.083493 0.000000 -0.996508 0.623835 0.623835 0.623835
4871.583496 0.000000 3384.831543 0.000000 0.442623 0.000000 -0.896708 0.693310 0.693310 0.693310
4873.561035 0.000000 3383.723633 0.000000 0.582398 0.000000 -0.812903 0.677156 0.677156 0.677156
4906.652344 0.000000 3372.230713 0.000000 0.171856 0.000000 -0.985122 0.761570 0.761570 0.761570
4879.808594 0.000000 3376.749512 0.000000 0.350731 0.000000 -0.936476 0.747038 0.747038 0.747038
4877.689453 0.000000 3383.399414 0.000000 0.291629 0.000000 -0.956532 0.663766 0.663766 0.663766
4872.949219 0.000000 3381.513184 0.000000 0.468768 0.000000 -0.883321 0.694480 0.694480 0.694480
4878.294922 0.000000 3379.086426 0.000000 0.143053 0.000000 -0.989715 0.762107 0.762107 0.762107
4874.944824 0.000000 3380.852783 0.000000 0.528618 0.000000 -0.848860 0.707179 0.707179 0.707179
4915.848633 0.000000 3369.253418 0.000000 0.251970 0.000000 -0.967735 0.753934 0.753934 0.753934
4866.473633 0.000000 3379.748779 0.000000 0.226265 0.000000 -0.974066 0.641743 0.641743 0.641743
4884.845703 0.000000 3378.055664 0.000000 0.285863 0.000000 -0.958271 0.756073 0.756073 0.756073
4869.709473 0.000000 3385.407715 0.000000 0.067821 0.000000 -0.997698 0.759096 0.759096 0.759096
4927.352051 0.000000 3354.271973 0.000000 0.283309 0.000000 -0.959029 0.635683 0.635683 0.635683
4934.028809 0.000000 3355.507812 0.000000 0.186361 0.000000 -0.982481 0.428943 0.428943 0.428943
4952.631836 0.000000 3343.190918 0.000000 0.074984 0.000000 -0.997185 0.721867 0.721867 0.721867
4962.757812 0.000000 3338.040039 0.000000 0.354541 0.000000 -0.935040 0.603296 0.603296 0.603296
4933.319336 0.000000 3352.546631 0.000000 0.270796 0.000000 -0.962637 0.607782 0.607782 0.607782
4929.121582 0.000000 3349.686523 0.000000 0.457588 0.000000 -0.889164 0.619593 0.619593 0.619593
4931.978516 0.000000 3348.796143 0.000000 0.492313 0.000000 -0.870418 0.734591 0.734591 0.734591
4961.511719 0.000000 3341.637695 0.000000 0.385812 0.000000 -0.922578 0.665015 0.665015 0.665015
4954.285645 0.000000 3338.383301 0.000000 0.479451 0.000000 -0.877569 0.746875 0.746875 0.746875
5004.080078 0.000000 3307.382568 0.000000 0.174305 0.000000 -0.984692 0.452586 0.452586 0.452586
4996.189941 0.000000 3321.257080 0.000000 0.312240 0.000000 -0.950003 0.448203 0.448203 0.448203
4993.280273 0.000000 3309.943115 0.000000 0.079567 0.000000 -0.996830 0.553728 0.553728 0.553728
4999.807129 0.000000 3309.295410 0.000000 0.468103 0.000000 -0.883674 0.597885 0.597885 0.597885
4669.524414 0.000000 3406.132324 0.000000 0.538853 0.000000 -0.842400 0.413104 0.413104 0.413104
4701.020508 0.000000 3401.892822 0.000000 0.168517 0.000000 -0.985699 0.418684 0.418684 0.418684
4699.739258 0.000000 3432.685791 0.000000 0.076658 0.000000 -0.997057 0.447707 0.447707 0.447707
4704.594727 0.000000 3408.700928 0.000000 0.482183 0.000000 -0.876070 0.470453 0.470453 0.470453
4680.364746 0.000000 3389.519287 0.000000 0.230523 0.000000 -0.973067 0.513707 0.513707 0.513707
4681.352539 0.000000 3390.672119 0.000000 0.179686 0.000000 -0.983724 0.514734 0.514734 0.514734
4703.834473 0.000000 3391.216064 0.000000 0.323695 0.000000 -0.946162 0.498990 0.498990 0.498990
4732.926270 0.000000 3392.905518 0.000000 0.319437 0.000000 -0.947608 0.602113 0.602113 0.602113
4678.753418 0.000000 3394.227295 0.000000 0.551119 0.000000 -0.834427 0.508867 0.508867 0.508867
4722.163574 0.000000 3436.038086 0.000000 0.207435 0.000000 -0.978249 0.553018 0.553018 0.553018
4725.270996 0.000000 3392.362549 0.000000 0.010724 0.000000 -0.999942 0.623602 0.623602 0.623602
4723.501953 0.000000 3389.129395 0.000000 0.304963 0.000000 -0.952364 0.693930 0.693930 0.693930
4742.215332 0.000000 3438.000244 0.000000 0.086570 0.000000 -0.996246 0.419193 0.419193 0.419193
4754.265625 0.000000 3391.771240 0.000000 0.166445 0.000000 -0.986051 0.608421 0.608421 0.608421
4867.498047 0.000000 3389.820068 0.000000 0.047327 0.000000 -0.998879 0.510849 0.510849 0.510849
4865.657715 0.000000 3389.566162 0.000000 0.365661 0.000000 -0.930748 0.500269 0.500269 0.500269
4893.048828 0.000000 3390.705078 0.000000 0.184831 0.000000 -0.982770 0.566550 0.566550 0.566550
4894.228516 0.000000 3389.074219 0.000000 0.108780 0.000000 -0.994066 0.747523 0.747523 0.747523
5397.235840 0.000000 2844.079834 0.000000 0.526200 0.000000 -0.850361 0.413909 0.413909 0.413909
5399.105957 0.000000 2845.455322 0.000000 0.578814 0.000000 -0.815460 0.414392 0.414392 0.414392
5426.709961 0.000000 2838.308594 0.000000 0.226421 0.000000 -0.974030 0.436845 0.436845 0.436845
5418.442383 0.000000 2852.269531 0.000000 0.129557 0.000000 -0.991572 0.476917 0.476917 0.476917
5423.392090 0.000000 2845.499023 0.000000 0.379516 0.000000 -0.925185 0.474541 0.474541 0.474541
5398.351074 0.000000 2842.959229 0.000000 0.458649 0.000000 -0.888618 0.494099 0.494099 0.494099
5419.175293 0.000000 2842.516113 0.000000 0.328470 0.000000 -0.944514 0.503157 0.503157 0.503157
5423.484375 0.000000 2843.677734 0.000000 0.149208 0.000000 -0.988806 0.655026 0.655026 0.655026
5403.631348 0.000000 2880.068848 0.000000 0.389934 0.000000 -0.920843 0.563693 0.563693 0.563693
5405.639160 0.000000 2827.693848 0.000000 0.144112 0.000000 -0.989561 0.672847 0.672847 0.672847
5419.257324 0.000000 2847.031494 0.000000 0.429755 0.000000 -0.902945 0.637652 0.637652 0.637652
5417.128906 0.000000 2901.568848 0.000000 0.470284 0.000000 -0.882515 0.414954 0.414954 0.414954
5407.373535 0.000000 2924.136230 0.000000 0.036972 0.000000 -0.999316 0.426841 0.426841 0.426841
5402.256836 0.000000 2885.427979 0.000000 0.061924 0.000000 -0.998081 0.508396 0.508396 0.508396
5411.429199 0.000000 2930.874023 0.000000 0.029152 0.000000 -0.999575 0.530806 0.530806 0.530806
5414.060059 0.000000 2901.527344 0.000000 0.000255 0.000000 -1.000000 0.527032 0.527032 0.527032
5415.319336 0.000000 2905.415771 0.000000 0.088949 0.000000 -0.996036 0.562249 0.562249 0.562249
5434.406250 0.000000 2919.783447 0.000000 0.303595 0.000000 -0.952801 0.606877 0.606877 0.606877
5419.365234 0.000000 2923.690918 0.000000 0.350884 0.000000 -0.936419 0.720713 0.720713 0.720713
5418.301758 0.000000 2924.248779 0.000000 0.580923 0.000000 -0.813959 0.575417 0.575417 0.575417
5419.446289 0.000000 2922.314697 0.000000 0.474924 0.000000 -0.880027 0.715846 0.715846 0.715846
5416.134277 0.000000 2925.293701 0.000000 0.070364 0.000000 -0.997521 0.569238 0.569238 0.569238
5407.684570 0.000000 2884.838379 0.000000 0.056473 0.000000 -0.998404 0.758881 0.758881 0.758881
5405.639160 0.000000 2884.178223 0.000000 0.432849 0.000000 -0.901466 0.601058 0.601058 0.601058
5407.628906 0.000000 2883.833984 0.000000 0.480275 0.000000 -0.877118 0.740664 0.740664 0.740664
5440.098633 0.000000 2916.765625 0.000000 0.379219 0.000000 -0.925307 0.553266 0.553266 0.553266
5369.187988 0.000000 3138.125977 0.000000 0.450351 0.000000 -0.892852 0.746578 0.746578 0.746578
5366.683594 0.000000 3137.202393 0.000000 0.066503 0.000000 -0.997786 0.764011 0.764011 0.764011
5371.539551 0.000000 3159.175293 0.000000 0.562806 0.000000 -0.826589 0.738515 0.738515 0.738515
5367.424805 0.000000 3130.909668 0.000000 0.541704 0.000000 -0.840569 0.602026 0.602026 0.602026
5372.871582 0.000000 3135.835449 0.000000 0.288664 0.000000 -0.957430 0.751255 0.751255 0.751255
5367.669922 0.000000 3140.305176 0.000000 0.519560 0.000000 -0.854434 0.681768 0.681768 0.681768
5375.956055 0.000000 3133.559082 0.000000 0.406916 0.000000 -0.913466 0.608251 0.608251 0.608251
5375.475098 0.000000 3111.407959 0.000000 0.514670 0.000000 -0.857388 0.626311 0.626311 0.626311
5368.785645 0.000000 3135.164795 0.000000 0.194880 0.000000 -0.980827 0.755014 0.755014 0.755014
5369.619629 0.000000 3130.979492 0.000000 0.535247 0.000000 -0.844696 0.691878 0.691878 0.691878
5374.015625 0.000000 3139.257080 0.000000 0.104169 0.000000 -0.994560 0.755996 0.755996 0.755996
5375.554199 0.000000 3114.968506 0.000000 0.538917 0.000000 -0.842359 0.661762 0.661762 0.661762
5367.580566 0.000000 3136.680420 0.000000 0.364335 0.000000 -0.931268 0.750974 0.750974 0.750974
5372.393066 0.000000 3131.416016 0.000000 0.301939 0.000000 -0.953327 0.754564 0.754564 0.754564
5371.404785 0.000000 3130.884521 0.000000 0.537780 0.000000 -0.843085 0.738299 0.738299 0.738299
5369.850098 0.000000 3134.230225 0.000000 0.231066 0.000000 -0.972938 0.753531 0.753531 0.753531
5422.908691 0.000000 2948.496826 0.000000 0.034459 0.000000 -0.999406 0.504579 0.504579 0.504579
5412.029297 0.000000 3012.224609 0.000000 0.572963 0.000000 -0.819581 0.413047 0.413047 0.413047
5416.567383 0.000000 3028.355225 0.000000 0.045462 0.000000 -0.998966 0.450344 0.450344 0.450344
5431.822754 0.000000 3024.965088 0.000000 0.252748 0.000000 -0.967532 0.491833 0.491833 0.491833
5433.001953 0.000000 3029.104004 0.000000 0.136996 0.000000 -0.990572 0.474638 0.474638 0.474638
5430.848633 0.000000 3016.184570 0.000000 0.512938 0.000000 -0.858425 0.520302 0.520302 0.520302
5431.338379 0.000000 3026.196045 0.000000 0.396723 0.000000 -0.917939 0.529381 0.529381 0.529381
5480.284180 0.000000 3032.138428 0.000000 0.280658 0.000000 -0.959808 0.429648 0.429648 0.429648
5405.958984 0.000000 3060.356689 0.000000 0.102095 0.000000 -0.994775 0.420164 0.420164 0.420164
5419.659668 0.000000 3086.335938 0.000000 0.387450 0.000000 -0.921891 0.416340 0.416340 0.416340
5423.436035 0.000000 3084.877686 0.000000 0.095748 0.000000 -0.995406 0.436695 0.436695 0.436695
5421.585449 0.000000 3060.589355 0.000000 0.459940 0.000000 -0.887950 0.424718 0.424718 0.424718
5406.288086 0.000000 3104.618652 0.000000 0.463923 0.000000 -0.885876 0.447700 0.447700 0.447700
5405.209473 0.000000 3106.117432 0.000000 0.358697 0.000000 -0.933454 0.525976 0.525976 0.525976
5426.362305 0.000000 3084.853760 0.000000 0.218853 0.000000 -0.975758 0.552757 0.552757 0.552757
5420.222168 0.000000 3083.541992 0.000000 0.096643 0.000000 -0.995319 0.654388 0.654388 0.654388
5414.524902 0.000000 3097.509766 0.000000 0.495051 0.000000 -0.868864 0.558822 0.558822 0.558822
5396.580078 0.000000 3097.753418 0.000000 0.501230 0.000000 -0.865314 0.605417 0.605417 0.605417
5400.507324 0.000000 3097.681396 0.000000 0.267321 0.000000 -0.963608 0.753510 0.753510 0.753510
5396.942871 0.000000 3099.763428 0.000000 0.416734 0.000000 -0.909028 0.623003 0.623003 0.623003
5413.645508 0.000000 3085.936035 0.000000 0.270676 0.000000 -0.962670 0.749287 0.749287 0.749287
5426.101562 0.000000 3083.101074 0.000000 0.001956 0.000000 -0.999998 0.623840 0.623840 0.623840
5465.661133 0.000000 3053.222412 0.000000 0.500603 0.000000 -0.865677 0.414213 0.414213 0.414213
5474.111328 0.000000 3081.771484 0.000000 0.458423 0.000000 -0.888734 0.415030 0.415030 0.415030
5468.928223 0.000000 3068.036377 0.000000 0.255311 0.000000 -0.966859 0.418089 0.418089 0.418089
5440.517090 0.000000 3099.933350 0.000000 0.453489 0.000000 -0.891262 0.464701 0.464701 0.464701
5454.835449 0.000000 3079.796875 0.000000 0.276212 0.000000 -0.961097 0.536374 0.536374 0.536374
5451.583008 0.000000 3097.101074 0.000000 0.160995 0.000000 -0.986955 0.577998 0.577998 0.577998
5457.977051 0.000000 3079.625488 0.000000 0.576702 0.000000 -0.816955 0.736676 0.736676 0.736676
5462.963379 0.000000 3072.629150 0.000000 0.538112 0.000000 -0.842873 0.597893 0.597893 0.597893
5460.417969 0.000000 3080.251465 0.000000 0.120662 0.000000 -0.992694 0.711348 0.711348 0.711348
5390.604980 0.000000 3154.217529 0.000000 0.421270 0.000000 -0.906935 0.415371 0.415371 0.415371
5397.843750 0.000000 3156.925293 0.000000 0.429492 0.000000 -0.903071 0.433605 0.433605 0.433605
5425.237305 0.000000 3119.847168 0.000000 0.098371 0.000000 -0.995150 0.496880 0.496880 0.496880
5420.147461 0.000000 3122.276123 0.000000 0.242864 0.000000 -0.970060 0.496302 0.496302 0.496302
5390.057129 0.000000 3158.476562 0.000000 0.380366 0.000000 -0.924836 0.472409 0.472409 0.472409
5381.961426 0.000000 3157.273438 0.000000 0.402930 0.000000 -0.915231 0.516479 0.516479 0.516479
5424.663086 0.000000 3125.296631 0.000000 0.130847 0.000000 -0.991403 0.513549 0.513549 0.513549
5396.063965 0.000000 3147.514893 0.000000 0.585490 0.000000 -0.810679 0.499663 0.499663 0.499663
5377.993652 0.000000 3130.090576 0.000000 0.290236 0.000000 -0.956955 0.740623 0.740623 0.740623
5422.744141 0.000000 3132.294189 0.000000 0.256710 0.000000 -0.966488 0.541111 0.541111 0.541111
5381.597168 0.000000 3133.527344 0.000000 0.512243 0.000000 -0.858841 0.605076 0.605076 0.605076
5377.219727 0.000000 3114.659180 0.000000 0.360305 0.000000 -0.932835 0.753574 0.753574 0.753574
5393.052246 0.000000 3149.445068 0.000000 0.236029 0.000000 -0.971746 0.552362 0.552362 0.552362
5378.732422 0.000000 3114.854248 0.000000 0.121348 0.000000 -0.992610 0.762806 0.762806 0.762806
5394.134277 0.000000 3163.040771 0.000000 0.547854 0.000000 -0.836574 0.739053 0.739053 0.739053
5424.162598 0.000000 3120.503906 0.000000 0.352419 0.000000 -0.935842 0.655275 0.655275 0.655275
5385.453613 0.000000 3119.311035 0.000000 0.355108 0.000000 -0.934825 0.729307 0.729307 0.729307
5400.312988 0.000000 3110.069580 0.000000 0.237752 0.000000 -0.971326 0.571782 0.571782 0.571782
5388.748535 0.000000 3112.335938 0.000000 0.584626 0.000000 -0.811303 0.587966 0.587966 0.587966
5376.649414 0.000000 3121.555664 0.000000 0.091212 0.000000 -0.995831 0.581880 0.581880 0.581880
5381.924316 0.000000 3122.280029 0.000000 0.502043 0.000000 -0.864843 0.633138 0.633138 0.633138
5395.400879 0.000000 3162.613770 0.000000 0.042143 0.000000 -0.999112 0.760241 0.760241 0.760241
5402.454102 0.000000 3107.654785 0.000000 0.471219 0.000000 -0.882016 0.623447 0.623447 0.623447
5378.420898 0.000000 3150.356934 0.000000 0.448865 0.000000 -0.893599 0.639183 0.639183 0.639183
5391.814453 0.000000 3114.253662 0.000000 0.128882 0.000000 -0.991660 0.757565 0.757565 0.757565
5376.030273 0.000000 3124.029785 0.000000 0.311611 0.000000 -0.950210 0.755878 0.755878 0.755878
5388.269531 0.000000 3114.498291 0.000000 0.060968 0.000000 -0.998140 0.767281 0.767281 0.767281
5398.670898 0.000000 3112.939697 0.000000 0.515710 0.000000 -0.856763 0.714171 0.714171 0.714171
5451.377441 0.000000 3126.184082 0.000000 0.519139 0.000000 -0.854690 0.463428 0.463428 0.463428
5458.338867 0.000000 3114.673828 0.000000 0.403294 0.000000 -0.915071 0.495253 0.495253 0.495253
5456.268066 0.000000 3118.918701 0.000000 0.381338 0.000000 -0.924436 0.548940 0.548940 0.548940
5456.512207 0.000000 3142.385986 0.000000 0.276860 0.000000 -0.960910 0.562191 0.562191 0.562191
5457.206543 0.000000 3143.971924 0.000000 0.497957 0.000000 -0.867202 0.556624 0.556624 0.556624
5450.865723 0.000000 3121.731445 0.000000 0.552448 0.000000 -0.833547 0.586850 0.586850 0.586850
5458.317871 0.000000 3141.883301 0.000000 0.051952 0.000000 -0.998650 0.609241 0.609241 0.609241
5449.391113 0.000000 3141.204102 0.000000 0.120331 0.000000 -0.992734 0.706906 0.706906 0.706906
5450.347656 0.000000 3146.710205 0.000000 0.529249 0.000000 -0.848467 0.619436 0.619436 0.619436
5526.444824 0.000000 3101.854980 0.000000 0.360653 0.000000 -0.932700 0.477015 0.477015 0.477015
5943.405273 0.000000 2859.071777 0.000000 0.553917 0.000000 -0.832572 0.418973 0.418973 0.418973
5920.330078 0.000000 2935.000488 0.000000 0.517990 0.000000 -0.855387 0.414297 0.414297 0.414297
5919.826172 0.000000 2932.279053 0.000000 0.162433 0.000000 -0.986720 0.575785 0.575785 0.575785
5965.763672 0.000000 3048.310059 0.000000 0.486777 0.000000 -0.873526 0.512477 0.512477 0.512477
5989.762695 0.000000 3037.549316 0.000000 0.044294 0.000000 -0.999019 0.587414 0.587414 0.587414
5914.122559 0.000000 3060.964600 0.000000 0.300284 0.000000 -0.953850 0.416306 0.416306 0.416306
5896.859375 0.000000 3087.643311 0.000000 0.461526 0.000000 -0.887127 0.458242 0.458242 0.458242
5965.612305 0.000000 3053.284912 0.000000 0.391146 0.000000 -0.920329 0.417421 0.417421 0.417421
5965.181641 0.000000 3051.972168 0.000000 0.360792 0.000000 -0.932646 0.600965 0.600965 0.600965
5380.948730 0.000000 3163.239990 0.000000 0.467090 0.000000 -0.884210 0.414625 0.414625 0.414625
5392.939453 0.000000 3179.053711 0.000000 0.296122 0.000000 -0.955150 0.417377 0.417377 0.417377
5392.244141 0.000000 3192.322754 0.000000 0.471644 0.000000 -0.881789 0.414663 0.414663 0.414663
5380.846680 0.000000 3178.032227 0.000000 0.545474 0.000000 -0.838128 0.488018 0.488018 0.488018
5387.761719 0.000000 3187.534668 0.000000 0.117194 0.000000 -0.993109 0.531154 0.531154 0.531154
5383.231934 0.000000 3176.364258 0.000000 0.427610 0.000000 -0.903964 0.524420 0.524420 0.524420
5401.534668 0.000000 3172.687012 0.000000 0.434476 0.000000 -0.900684 0.530630 0.530630 0.530630
5395.737305 0.000000 3169.606689 0.000000 0.218689 0.000000 -0.975795 0.756753 0.756753 0.756753
5386.359863 0.000000 3170.942383 0.000000 0.562454 0.000000 -0.826829 0.742019 0.742019 0.742019
5395.389160 0.000000 3175.707764 0.000000 0.476811 0.000000 -0.879006 0.742034 0.742034 0.742034
5380.727051 0.000000 3170.375977 0.000000 0.436408 0.000000 -0.899749 0.650352 0.650352 0.650352
5385.453613 0.000000 3175.795410 0.000000 0.232599 0.000000 -0.972573 0.569743 0.569743 0.569743
5388.215332 0.000000 3173.981445 0.000000 0.175527 0.000000 -0.984475 0.654232 0.654232 0.654232
5388.748535 0.000000 3168.820312 0.000000 0.245917 0.000000 -0.969291 0.735694 0.735694 0.735694
5394.209473 0.000000 3174.028564 0.000000 0.350081 0.000000 -0.936720 0.747489 0.747489 0.747489
5394.082520 0.000000 3163.187256 0.000000 0.167553 0.000000 -0.985863 0.755268 0.755268 0.755268
5391.758301 0.000000 3171.810059 0.000000 0.054166 0.000000 -0.998532 0.668985 0.668985 0.668985
5405.493652 0.000000 3170.482910 0.000000 0.385881 0.000000 -0.922548 0.748240 0.748240 0.748240
5387.305176 0.000000 3170.447998 0.000000 0.059239 0.000000 -0.998244 0.765245 0.765245 0.765245
5392.839355 0.000000 3169.180908 0.000000 0.552503 0.000000 -0.833511 0.676207 0.676207 0.676207
5400.379395 0.000000 3169.833008 0.000000 0.451153 0.000000 -0.892447 0.686505 0.686505 0.686505
5389.866699 0.000000 3172.095215 0.000000 0.406539 0.000000 -0.913634 0.647025 0.647025 0.647025
5475.104004 0.000000 3171.666992 0.000000 0.496403 0.000000 -0.868092 0.414121 0.414121 0.414121
5473.062500 0.000000 3215.198975 0.000000 0.153337 0.000000 -0.988174 0.419526 0.419526 0.419526
5468.928223 0.000000 3181.005127 0.000000 0.450945 0.000000 -0.892552 0.415255 0.415255 0.415255
5471.005371 0.000000 3198.029785 0.000000 0.123612 0.000000 -0.992331 0.425597 0.425597 0.425597
5474.508301 0.000000 3209.690674 0.000000 0.391603 0.000000 -0.920134 0.436334 0.436334 0.436334
5464.422363 0.000000 3192.825195 0.000000 0.411780 0.000000 -0.911283 0.448623 0.448623 0.448623
5467.877441 0.000000 3174.615967 0.000000 0.162931 0.000000 -0.986638 0.469898 0.469898 0.469898
5477.085938 0.000000 3189.495850 0.000000 0.571620 0.000000 -0.820518 0.624384 0.624384 0.624384
5471.813965 0.000000 3186.163330 0.000000 0.044507 0.000000 -0.999009 0.622687 0.622687 0.622687
5462.619629 0.000000 3196.646240 0.000000 0.335935 0.000000 -0.941885 0.673213 0.673213 0.673213
5465.172852 0.000000 3199.639648 0.000000 0.188088 0.000000 -0.982152 0.601295 0.601295 0.601295
5460.231934 0.000000 3186.912842 0.000000 0.562861 0.000000 -0.826552 0.580187 0.580187 0.580187
5470.762207 0.000000 3185.293701 0.000000 0.030197 0.000000 -0.999544 0.598775 0.598775 0.598775
5476.740723 0.000000 3188.227051 0.000000 0.464442 0.000000 -0.885604 0.627947 0.627947 0.627947
5471.664551 0.000000 3174.843994 0.000000 0.040703 0.000000 -0.999171 0.620579 0.620579 0.620579
5455.718262 0.000000 3163.578369 0.000000 0.003753 0.000000 -0.999993 0.731118 0.731118 0.731118
5417.385742 0.000000 3252.527588 0.000000 0.011500 0.000000 -0.999934 0.420165 0.420165 0.420165
5398.937012 0.000000 3234.036621 0.000000 0.143707 0.000000 -0.989620 0.418591 0.418591 0.418591
5410.735840 0.000000 3259.262451 0.000000 0.419515 0.000000 -0.907748 0.415056 0.415056 0.415056
5415.591309 0.000000 3261.445312 0.000000 0.110925 0.000000 -0.993829 0.420042 0.420042 0.420042
5475.991211 0.000000 3235.335938 0.000000 0.151484 0.000000 -0.988460 0.418560 0.418560 0.418560
5447.213379 0.000000 3257.809326 0.000000 0.158226 0.000000 -0.987403 0.419246 0.419246 0.419246
5442.575684 0.000000 3260.736328 0.000000 0.360661 0.000000 -0.932697 0.416682 0.416682 0.416682
5497.814453 0.000000 3238.451904 0.000000 0.303466 0.000000 -0.952842 0.454710 0.454710 0.454710
5477.372070 0.000000 3223.673828 0.000000 0.298469 0.000000 -0.954419 0.454795 0.454795 0.454795
5496.379395 0.000000 3233.990234 0.000000 0.144209 0.000000 -0.989547 0.493870 0.493870 0.493870
5559.173828 0.000000 3166.172607 0.000000 0.420688 0.000000 -0.907205 0.665989 0.665989 0.665989
5511.408691 0.000000 3237.446777 0.000000 0.395125 0.000000 -0.918627 0.415991 0.415991 0.415991
5531.673340 0.000000 3272.382812 0.000000 0.491052 0.000000 -0.871130 0.420028 0.420028 0.420028
5517.139648 0.000000 3263.154053 0.000000 0.001072 0.000000 -0.999999 0.438109 0.438109 0.438109
5526.604004 0.000000 3258.138916 0.000000 0.523988 0.000000 -0.851725 0.440335 0.440335 0.440335
5512.309570 0.000000 3248.402588 0.000000 0.214070 0.000000 -0.976818 0.449810 0.449810 0.449810
5523.070801 0.000000 3262.977295 0.000000 0.374746 0.000000 -0.927127 0.472514 0.472514 0.472514
5512.953125 0.000000 3245.540039 0.000000 0.063271 0.000000 -0.997996 0.462975 0.462975 0.462975
5494.381836 0.000000 3305.421387 0.000000 0.260485 0.000000 -0.965478 0.417232 0.417232 0.417232
5442.356934 0.000000 3280.991943 0.000000 0.585433 0.000000 -0.810721 0.412887 0.412887 0.412887
5440.042480 0.000000 3276.101074 0.000000 0.425314 0.000000 -0.905046 0.415423 0.415423 0.415423
5476.575195 0.000000 3278.482666 0.000000 0.186305 0.000000 -0.982492 0.418995 0.418995 0.418995
5455.671387 0.000000 3277.622803 0.000000 0.492619 0.000000 -0.870245 0.414443 0.414443 0.414443
5481.128906 0.000000 3296.959473 0.000000 0.481490 0.000000 -0.876452 0.414831 0.414831 0.414831
5502.970703 0.000000 3298.749756 0.000000 0.124912 0.000000 -0.992168 0.442673 0.442673 0.442673
5516.552734 0.000000 3302.287842 0.000000 0.566304 0.000000 -0.824197 0.412625 0.412625 0.412625
5510.424805 0.000000 3296.453857 0.000000 0.123310 0.000000 -0.992368 0.419076 0.419076 0.419076
5557.428223 0.000000 3293.935059 0.000000 0.309529 0.000000 -0.950890 0.417561 0.417561 0.417561
5531.678223 0.000000 3281.107910 0.000000 0.013796 0.000000 -0.999905 0.421535 0.421535 0.421535
5567.509766 0.000000 3313.312256 0.000000 0.345885 0.000000 -0.938277 0.416962 0.416962 0.416962
5531.203125 0.000000 3315.411377 0.000000 0.510733 0.000000 -0.859740 0.425959 0.425959 0.425959
5560.246582 0.000000 3278.950684 0.000000 0.103435 0.000000 -0.994636 0.436580 0.436580 0.436580
5533.096680 0.000000 3276.489990 0.000000 0.086407 0.000000 -0.996260 0.447555 0.447555 0.447555
5538.937012 0.000000 3277.878418 0.000000 0.038938 0.000000 -0.999242 0.472009 0.472009 0.472009
5540.990723 0.000000 3276.779297 0.000000 0.478679 0.000000 -0.877990 0.451627 0.451627 0.451627
5548.442383 0.000000 3282.606445 0.000000 0.569458 0.000000 -0.822020 0.470762 0.470762 0.470762
5567.169434 0.000000 3292.971436 0.000000 0.061728 0.000000 -0.998093 0.486740 0.486740 0.486740
5561.112305 0.000000 3282.684082 0.000000 0.377835 0.000000 -0.925873 0.468225 0.468225 0.468225
5546.059082 0.000000 3311.376709 0.000000 0.000055 0.000000 -1.000000 0.524852 0.524852 0.524852
5542.826172 0.000000 3282.829834 0.000000 0.487239 0.000000 -0.873268 0.497703 0.497703 0.497703
5566.095703 0.000000 3307.639893 0.000000 0.282804 0.000000 -0.959178 0.501941 0.501941 0.501941
5570.822754 0.000000 3310.061768 0.000000 0.069363 0.000000 -0.997591 0.420466 0.420466 0.420466
5571.913086 0.000000 3287.030273 0.000000 0.179316 0.000000 -0.983792 0.419371 0.419371 0.419371
5610.219238 0.000000 3322.308350 0.000000 0.513131 0.000000 -0.858310 0.434266 0.434266 0.434266
5592.332520 0.000000 3311.298096 0.000000 0.289619 0.000000 -0.957142 0.442217 0.442217 0.442217
5578.704590 0.000000 3298.836182 0.000000 0.073291 0.000000 -0.997311 0.458506 0.458506 0.458506
5581.306641 0.000000 3300.645264 0.000000 0.421122 0.000000 -0.907004 0.463202 0.463202 0.463202
5607.989746 0.000000 3301.997559 0.000000 0.564333 0.000000 -0.825547 0.458345 0.458345 0.458345
5598.394531 0.000000 3294.140137 0.000000 0.183860 0.000000 -0.982952 0.490983 0.490983 0.490983
5569.993652 0.000000 3299.543701 0.000000 0.085589 0.000000 -0.996330 0.536164 0.536164 0.536164
5609.849121 0.000000 3286.765869 0.000000 0.306483 0.000000 -0.951876 0.645861 0.645861 0.645861
5589.042969 0.000000 3303.997559 0.000000 0.039903 0.000000 -0.999204 0.664969 0.664969 0.664969
5606.709473 0.000000 3286.901367 0.000000 0.317269 0.000000 -0.948336 0.619485 0.619485 0.619485
5540.029297 0.000000 3351.130859 0.000000 0.101482 0.000000 -0.994837 0.419953 0.419953 0.419953
5543.591309 0.000000 3374.414062 0.000000 0.049601 0.000000 -0.998769 0.420735 0.420735 0.420735
5582.875488 0.000000 3377.340088 0.000000 0.426879 0.000000 -0.904309 0.414723 0.414723 0.414723
5580.457520 0.000000 3384.354004 0.000000 0.247061 0.000000 -0.969000 0.417679 0.417679 0.417679
5601.099609 0.000000 3366.527832 0.000000 0.140963 0.000000 -0.990015 0.419270 0.419270 0.419270
5629.738281 0.000000 3360.827393 0.000000 0.056678 0.000000 -0.998393 0.420941 0.420941 0.420941
5628.013184 0.000000 3347.442871 0.000000 0.007100 0.000000 -0.999975 0.421471 0.421471 0.421471
5617.687988 0.000000 3341.530762 0.000000 0.047083 0.000000 -0.998891 0.426696 0.426696 0.426696
5599.373535 0.000000 3376.011230 0.000000 0.559748 0.000000 -0.828663 0.420951 0.420951 0.420951
5617.424316 0.000000 3370.994629 0.000000 0.300340 0.000000 -0.953832 0.420895 0.420895 0.420895
5620.679199 0.000000 3352.267334 0.000000 0.259092 0.000000 -0.965852 0.451204 0.451204 0.451204
5620.393066 0.000000 3354.971680 0.000000 0.577181 0.000000 -0.816616 0.441426 0.441426 0.441426
5627.262207 0.000000 3354.714111 0.000000 0.243197 0.000000 -0.969977 0.468510 0.468510 0.468510
5593.336426 0.000000 3370.576416 0.000000 0.309144 0.000000 -0.951015 0.471598 0.471598 0.471598
5619.663574 0.000000 3333.746582 0.000000 0.511303 0.000000 -0.859401 0.480362 0.480362 0.480362
5583.671387 0.000000 3390.591553 0.000000 0.060313 0.000000 -0.998180 0.420740 0.420740 0.420740
5801.676758 0.000000 3237.676270 0.000000 0.378224 0.000000 -0.925714 0.416066 0.416066 0.416066
5796.560547 0.000000 3233.665039 0.000000 0.156519 0.000000 -0.987675 0.472153 0.472153 0.472153
5811.649902 0.000000 3272.230957 0.000000 0.498584 0.000000 -0.866841 0.514314 0.514314 0.514314
5750.302246 0.000000 3290.381104 0.000000 0.441323 0.000000 -0.897348 0.443902 0.443902 0.443902
5711.440918 0.000000 3327.129883 0.000000 0.223861 0.000000 -0.974621 0.635252 0.635252 0.635252
5711.688965 0.000000 3326.070068 0.000000 0.498596 0.000000 -0.866834 0.626841 0.626841 0.626841
5632.936035 0.000000 3355.187744 0.000000 0.574773 0.000000 -0.818313 0.413113 0.413113 0.413113
5692.104492 0.000000 3386.231934 0.000000 0.528998 0.000000 -0.848623 0.484183 0.484183 0.484183
5701.217285 0.000000 3380.727051 0.000000 0.352837 0.000000 -0.935685 0.627097 0.627097 0.627097
5822.841797 0.000000 3330.625977 0.000000 0.503070 0.000000 -0.864245 0.742587 0.742587 0.742587
5828.483887 0.000000 3305.842529 0.000000 0.164979 0.000000 -0.986297 0.452736 0.452736 0.452736
5871.029785 0.000000 3290.337158 0.000000 0.019879 0.000000 -0.999802 0.487488 0.487488 0.487488
5884.439453 0.000000 3325.146729 0.000000 0.104960 0.000000 -0.994476 0.762753 0.762753 0.762753
5886.572266 0.000000 3326.611572 0.000000 0.105940 0.000000 -0.994373 0.740908 0.740908 0.740908
5827.149902 0.000000 3321.886963 0.000000 0.444639 0.000000 -0.895710 0.613563 0.613563 0.613563
5833.796387 0.000000 3308.587891 0.000000 0.076710 0.000000 -0.997054 0.654980 0.654980 0.654980
5811.083008 0.000000 3364.992432 0.000000 0.079130 0.000000 -0.996864 0.547193 0.547193 0.547193
5808.161133 0.000000 3371.927246 0.000000 0.302177 0.000000 -0.953252 0.669973 0.669973 0.669973
5812.589844 0.000000 3375.996826 0.000000 0.004098 0.000000 -0.999992 0.634879 0.634879 0.634879
5801.447266 0.000000 3349.483398 0.000000 0.140228 0.000000 -0.990119 0.624476 0.624476 0.624476
5803.729004 0.000000 3353.633545 0.000000 0.523168 0.000000 -0.852229 0.739938 0.739938 0.739938
5881.728516 0.000000 3357.972900 0.000000 0.155574 0.000000 -0.987824 0.491507 0.491507 0.491507
5885.613770 0.000000 3359.149170 0.000000 0.549169 0.000000 -0.835711 0.674199 0.674199 0.674199
5832.070801 0.000000 3336.370850 0.000000 0.112489 0.000000 -0.993653 0.758988 0.758988 0.758988
5876.330566 0.000000 3366.438965 0.000000 0.257704 0.000000 -0.966224 0.638624 0.638624 0.638624
6006.683594 0.000000 3250.171143 0.000000 0.030313 0.000000 -0.999540 0.554824 0.554824 0.554824
6027.238281 0.000000 3225.750488 0.000000 0.315620 0.000000 -0.948886 0.630374 0.630374 0.630374
5911.285645 0.000000 3315.804199 0.000000 0.096474 0.000000 -0.995336 0.555531 0.555531 0.555531
5908.580078 0.000000 3323.690918 0.000000 0.115646 0.000000 -0.993290 0.736076 0.736076 0.736076
5927.189453 0.000000 3314.052490 0.000000 0.189224 0.000000 -0.981934 0.673625 0.673625 0.673625
5924.830078 0.000000 3367.505859 0.000000 0.089440 0.000000 -0.995992 0.473306 0.473306 0.473306
5892.465332 0.000000 3371.367676 0.000000 0.182650 0.000000 -0.983178 0.752603 0.752603 0.752603
6077.190430 0.000000 3388.000244 0.000000 0.294266 0.000000 -0.955724 0.747083 0.747083 0.747083
6121.821777 0.000000 3347.035156 0.000000 0.079966 0.000000 -0.996798 0.760050 0.760050 0.760050
6123.242188 0.000000 3349.634521 0.000000 0.340030 0.000000 -0.940415 0.651330 0.651330 0.651330
5695.124512 0.000000 3412.775879 0.000000 0.346904 0.000000 -0.937900 0.723054 0.723054 0.723054
5707.049316 0.000000 3438.943359 0.000000 0.165060 0.000000 -0.986284 0.484883 0.484883 0.484883
5700.561035 0.000000 3435.343994 0.000000 0.534537 0.000000 -0.845145 0.724137 0.724137 0.724137
5697.148926 0.000000 3413.211670 0.000000 0.116336 0.000000 -0.993210 0.609750 0.609750 0.609750
5699.739746 0.000000 3411.333252 0.000000 0.420734 0.000000 -0.907184 0.601410 0.601410 0.601410
5689.239746 0.000000 3488.876221 0.000000 0.032934 0.000000 -0.999458 0.703149 0.703149 0.703149
5688.311035 0.000000 3490.198975 0.000000 0.527498 0.000000 -0.849556 0.610979 0.610979 0.610979
5687.916992 0.000000 3495.713379 0.000000 0.560018 0.000000 -0.828480 0.569706 0.569706 0.569706
5684.629395 0.000000 3487.747070 0.000000 0.152574 0.000000 -0.988292 0.582564 0.582564 0.582564
5686.952148 0.000000 3489.502930 0.000000 0.481876 0.000000 -0.876239 0.661692 0.661692 0.661692
5711.870117 0.000000 3482.369629 0.000000 0.306630 0.000000 -0.951829 0.417478 0.417478 0.417478
5710.689941 0.000000 3481.891113 0.000000 0.310785 0.000000 -0.950480 0.608842 0.608842 0.608842
5705.391113 0.000000 3480.110352 0.000000 0.324682 0.000000 -0.945823 0.576088 0.576088 0.576088
5707.804688 0.000000 3480.040771 0.000000 0.232520 0.000000 -0.972592 0.755923 0.755923 0.755923
5810.798340 0.000000 3425.743652 0.000000 0.043960 0.000000 -0.999033 0.420736 0.420736 0.420736
5817.112305 0.000000 3395.652832 0.000000 0.095972 0.000000 -0.995384 0.473194 0.473194 0.473194
5814.362793 0.000000 3422.704346 0.000000 0.353611 0.000000 -0.935392 0.494136 0.494136 0.494136
5821.190430 0.000000 3444.484619 0.000000 0.526044 0.000000 -0.850457 0.672944 0.672944 0.672944
5820.552246 0.000000 3390.371826 0.000000 0.254017 0.000000 -0.967200 0.708904 0.708904 0.708904
5817.653809 0.000000 3441.903076 0.000000 0.228627 0.000000 -0.973514 0.749653 0.749653 0.749653
5814.610352 0.000000 3438.975830 0.000000 0.290367 0.000000 -0.956915 0.687865 0.687865 0.687865
5786.378418 0.000000 3439.736328 0.000000 0.452661 0.000000 -0.891683 0.591928 0.591928 0.591928
5815.966309 0.000000 3424.958252 0.000000 0.019378 0.000000 -0.999812 0.765747 0.765747 0.765747
5817.305176 0.000000 3440.259277 0.000000 0.235580 0.000000 -0.971855 0.749383 0.749383 0.749383
5820.731934 0.000000 3427.187744 0.000000 0.300543 0.000000 -0.953768 0.667844 0.667844 0.667844
5812.330566 0.000000 3422.923340 0.000000 0.525966 0.000000 -0.850506 0.634465 0.634465 0.634465
5814.121094 0.000000 3438.103271 0.000000 0.379072 0.000000 -0.925367 0.684781 0.684781 0.684781
5838.979980 0.000000 3413.902588 0.000000 0.216929 0.000000 -0.976187 0.418634 0.418634 0.418634
5867.765137 0.000000 3418.346680 0.000000 0.141859 0.000000 -0.989887 0.463822 0.463822 0.463822
5829.431641 0.000000 3399.839111 0.000000 0.298190 0.000000 -0.954506 0.484568 0.484568 0.484568
5855.813965 0.000000 3412.100830 0.000000 0.305007 0.000000 -0.952350 0.698309 0.698309 0.698309
5850.696777 0.000000 3408.808594 0.000000 0.017912 0.000000 -0.999840 0.557292 0.557292 0.557292
5853.995605 0.000000 3413.628662 0.000000 0.303515 0.000000 -0.952826 0.720304 0.720304 0.720304
5865.168457 0.000000 3420.619873 0.000000 0.404134 0.000000 -0.914700 0.747424 0.747424 0.747424
5841.206543 0.000000 3426.393799 0.000000 0.094339 0.000000 -0.995540 0.562126 0.562126 0.562126
5865.785156 0.000000 3423.145752 0.000000 0.217001 0.000000 -0.976171 0.756353 0.756353 0.756353
5863.595215 0.000000 3432.160400 0.000000 0.020519 0.000000 -0.999789 0.601227 0.601227 0.601227
5866.690430 0.000000 3445.105713 0.000000 0.578809 0.000000 -0.815463 0.670905 0.670905 0.670905
5839.546387 0.000000 3426.944336 0.000000 0.191878 0.000000 -0.981419 0.636180 0.636180 0.636180
5846.463867 0.000000 3413.305176 0.000000 0.515306 0.000000 -0.857006 0.741018 0.741018 0.741018
5865.240234 0.000000 3419.579102 0.000000 0.363155 0.000000 -0.931729 0.704956 0.704956 0.704956
5844.845703 0.000000 3434.540039 0.000000 0.438637 0.000000 -0.898664 0.744105 0.744105 0.744105
5845.995605 0.000000 3429.568359 0.000000 0.168967 0.000000 -0.985622 0.749722 0.749722 0.749722
5802.712402 0.000000 3466.765381 0.000000 0.311056 0.000000 -0.950391 0.482197 0.482197 0.482197
5820.055664 0.000000 3451.464111 0.000000 0.459396 0.000000 -0.888232 0.508870 0.508870 0.508870
5785.172852 0.000000 3482.061523 0.000000 0.302789 0.000000 -0.953058 0.643799 0.643799 0.643799
5790.176270 0.000000 3496.704834 0.000000 0.372947 0.000000 -0.927853 0.521396 0.521396 0.521396
5782.176758 0.000000 3482.969727 0.000000 0.015036 0.000000 -0.999887 0.762533 0.762533 0.762533
5873.394043 0.000000 3470.876709 0.000000 0.244451 0.000000 -0.969662 0.418178 0.418178 0.418178
5867.659668 0.000000 3481.726562 0.000000 0.338114 0.000000 -0.941105 0.424545 0.424545 0.424545
5857.315918 0.000000 3478.239990 0.000000 0.586721 0.000000 -0.809789 0.526867 0.526867 0.526867
5867.903809 0.000000 3445.654297 0.000000 0.318502 0.000000 -0.947922 0.680345 0.680345 0.680345
5872.795410 0.000000 3455.571777 0.000000 0.036506 0.000000 -0.999333 0.660620 0.660620 0.660620
5869.104004 0.000000 3447.001465 0.000000 0.166266 0.000000 -0.986081 0.586586 0.586586 0.586586
5873.195312 0.000000 3445.909912 0.000000 0.249475 0.000000 -0.968381 0.722301 0.722301 0.722301
5841.965332 0.000000 3486.172119 0.000000 0.369897 0.000000 -0.929073 0.637389 0.637389 0.637389
5862.214844 0.000000 3458.176758 0.000000 0.206968 0.000000 -0.978348 0.759043 0.759043 0.759043
5867.013184 0.000000 3446.757080 0.000000 0.452694 0.000000 -0.891666 0.749065 0.749065 0.749065
5848.817383 0.000000 3478.580566 0.000000 0.267925 0.000000 -0.963440 0.668903 0.668903 0.668903
5873.862305 0.000000 3446.748779 0.000000 0.392784 0.000000 -0.919631 0.752012 0.752012 0.752012
5840.999512 0.000000 3486.595947 0.000000 0.318318 0.000000 -0.947984 0.638977 0.638977 0.638977
5650.265625 0.000000 3504.739990 0.000000 0.262946 0.000000 -0.964811 0.655936 0.655936 0.655936
5707.256348 0.000000 3555.064697 0.000000 0.294615 0.000000 -0.955616 0.469733 0.469733 0.469733
5713.817871 0.000000 3521.192383 0.000000 0.430036 0.000000 -0.902812 0.473577 0.473577 0.473577
5722.769531 0.000000 3550.704590 0.000000 0.329906 0.000000 -0.944014 0.509526 0.509526 0.509526
5740.655273 0.000000 3553.956543 0.000000 0.401738 0.000000 -0.915755 0.559118 0.559118 0.559118
5741.710938 0.000000 3553.230469 0.000000 0.186943 0.000000 -0.982371 0.564330 0.564330 0.564330
5701.933594 0.000000 3542.867920 0.000000 0.504249 0.000000 -0.863558 0.620251 0.620251 0.620251
5702.988770 0.000000 3543.491455 0.000000 0.208177 0.000000 -0.978091 0.565996 0.565996 0.565996
5706.347656 0.000000 3542.100830 0.000000 0.574947 0.000000 -0.818190 0.613667 0.613667 0.613667
5731.712891 0.000000 3518.811768 0.000000 0.129177 0.000000 -0.991622 0.756545 0.756545 0.756545
5686.252441 0.000000 3561.070312 0.000000 0.505267 0.000000 -0.862963 0.537382 0.537382 0.537382
5696.712402 0.000000 3576.736572 0.000000 0.389490 0.000000 -0.921031 0.438474 0.438474 0.438474
5703.204590 0.000000 3587.498291 0.000000 0.092329 0.000000 -0.995729 0.758517 0.758517 0.758517
5696.016602 0.000000 3581.668945 0.000000 0.358360 0.000000 -0.933583 0.598879 0.598879 0.598879
5798.792969 0.000000 3504.843262 0.000000 0.395739 0.000000 -0.918363 0.432059 0.432059 0.432059
5771.084961 0.000000 3512.409912 0.000000 0.304180 0.000000 -0.952615 0.444100 0.444100 0.444100
5777.185059 0.000000 3516.537354 0.000000 0.349324 0.000000 -0.937002 0.750809 0.750809 0.750809
5801.191895 0.000000 3504.477295 0.000000 0.147917 0.000000 -0.989000 0.754063 0.754063 0.754063
5779.508789 0.000000 3518.423340 0.000000 0.554168 0.000000 -0.832405 0.741935 0.741935 0.741935
5803.132812 0.000000 3517.398193 0.000000 0.256180 0.000000 -0.966629 0.750890 0.750890 0.750890
5873.824707 0.000000 3512.516602 0.000000 0.415649 0.000000 -0.909525 0.528945 0.528945 0.528945
5886.025391 0.000000 3505.159424 0.000000 0.563925 0.000000 -0.825826 0.660824 0.660824 0.660824
5832.409180 0.000000 3516.850830 0.000000 0.021249 0.000000 -0.999774 0.748530 0.748530 0.748530
5874.833984 0.000000 3510.611572 0.000000 0.504686 0.000000 -0.863303 0.552208 0.552208 0.552208
5861.656250 0.000000 3510.731934 0.000000 0.560452 0.000000 -0.828187 0.646038 0.646038 0.646038
5835.088379 0.000000 3514.629395 0.000000 0.249343 0.000000 -0.968415 0.739989 0.739989 0.739989
5909.235840 0.000000 3465.407959 0.000000 0.216763 0.000000 -0.976224 0.418433 0.418433 0.418433
5895.386719 0.000000 3490.762451 0.000000 0.514808 0.000000 -0.857306 0.564644 0.564644 0.564644
5888.860352 0.000000 3501.388428 0.000000 0.214875 0.000000 -0.976642 0.646461 0.646461 0.646461
5925.960449 0.000000 3485.415527 0.000000 0.187976 0.000000 -0.982174 0.642874 0.642874 0.642874
5951.565430 0.000000 3488.069092 0.000000 0.537900 0.000000 -0.843009 0.612770 0.612770 0.612770
6014.038574 0.000000 3469.530029 0.000000 0.198774 0.000000 -0.980045 0.473560 0.473560 0.473560
6008.862793 0.000000 3479.669678 0.000000 0.317894 0.000000 -0.948126 0.574107 0.574107 0.574107
6007.338379 0.000000 3478.071045 0.000000 0.361322 0.000000 -0.932441 0.631165 0.631165 0.631165
6005.656738 0.000000 3468.190186 0.000000 0.158054 0.000000 -0.987431 0.560659 0.560659 0.560659
5956.465332 0.000000 3484.336426 0.000000 0.285743 0.000000 -0.958306 0.754848 0.754848 0.754848
6003.716797 0.000000 3447.799072 0.000000 0.443794 0.000000 -0.896129 0.742713 0.742713 0.742713
6004.906250 0.000000 3451.799316 0.000000 0.079206 0.000000 -0.996858 0.610729 0.610729 0.610729
6008.119629 0.000000 3471.944580 0.000000 0.048336 0.000000 -0.998831 0.700399 0.700399 0.700399
6065.314941 0.000000 3431.760742 0.000000 0.413544 0.000000 -0.910484 0.429668 0.429668 0.429668
6073.375000 0.000000 3392.320312 0.000000 0.427136 0.000000 -0.904188 0.743425 0.743425 0.743425
6062.588379 0.000000 3432.843750 0.000000 0.137126 0.000000 -0.990554 0.615779 0.615779 0.615779
6074.917480 0.000000 3436.309082 0.000000 0.144952 0.000000 -0.989439 0.739467 0.739467 0.739467
6068.589844 0.000000 3432.481201 0.000000 0.420315 0.000000 -0.907378 0.631497 0.631497 0.631497
6070.086914 0.000000 3433.661621 0.000000 0.052764 0.000000 -0.998607 0.759291 0.759291 0.759291
6064.827148 0.000000 3432.900391 0.000000 0.545740 0.000000 -0.837955 0.742278 0.742278 0.742278
6070.952148 0.000000 3433.018555 0.000000 0.226013 0.000000 -0.974124 0.752448 0.752448 0.752448
6076.205566 0.000000 3419.059814 0.000000 0.583490 0.000000 -0.812120 0.632455 0.632455 0.632455
6121.260742 0.000000 3433.284668 0.000000 0.230348 0.000000 -0.973108 0.417308 0.417308 0.417308
6098.230469 0.000000 3427.098145 0.000000 0.411718 0.000000 -0.911311 0.415284 0.415284 0.415284
6118.464355 0.000000 3431.956543 0.000000 0.216852 0.000000 -0.976204 0.637644 0.637644 0.637644
6116.687500 0.000000 3439.632812 0.000000 0.224098 0.000000 -0.974567 0.759340 0.759340 0.759340
6106.372559 0.000000 3441.919189 0.000000 0.264679 0.000000 -0.964337 0.599268 0.599268 0.599268
6115.658203 0.000000 3429.617920 0.000000 0.239722 0.000000 -0.970841 0.632605 0.632605 0.632605
6117.656250 0.000000 3397.763184 0.000000 0.366962 0.000000 -0.930236 0.611565 0.611565 0.611565
6114.961426 0.000000 3438.243652 0.000000 0.372494 0.000000 -0.928034 0.746237 0.746237 0.746237
6025.264160 0.000000 3490.140137 0.000000 0.316994 0.000000 -0.948427 0.550476 0.550476 0.550476
6023.570801 0.000000 3488.642822 0.000000 0.298081 0.000000 -0.954540 0.750860 0.750860 0.750860
6088.616211 0.000000 3462.790527 0.000000 0.337438 0.000000 -0.941348 0.530723 0.530723 0.530723
6094.689941 0.000000 3481.891113 0.000000 0.584357 0.000000 -0.811497 0.623941 0.623941 0.623941
6097.357910 0.000000 3478.962646 0.000000 0.034690 0.000000 -0.999398 0.552538 0.552538 0.552538
6123.903809 0.000000 3445.654297 0.000000 0.182512 0.000000 -0.983204 0.603624 0.603624 0.603624
6087.767090 0.000000 3471.549561 0.000000 0.370250 0.000000 -0.928932 0.750391 0.750391 0.750391
6080.125977 0.000000 3464.968750 0.000000 0.548418 0.000000 -0.836204 0.659273 0.659273 0.659273
6123.013184 0.000000 3446.757080 0.000000 0.150785 0.000000 -0.988567 0.760650 0.760650 0.760650
6136.792480 0.000000 3463.816406 0.000000 0.476415 0.000000 -0.879220 0.636130 0.636130 0.636130
6095.914062 0.000000 3485.670898 0.000000 0.107483 0.000000 -0.994207 0.762133 0.762133 0.762133
6125.281250 0.000000 3450.666504 0.000000 0.516426 0.000000 -0.856332 0.739259 0.739259 0.739259
6132.250488 0.000000 3455.447510 0.000000 0.492746 0.000000 -0.870173 0.616349 0.616349 0.616349
6133.110840 0.000000 3462.394531 0.000000 0.100501 0.000000 -0.994937 0.634391 0.634391 0.634391
6097.626953 0.000000 3490.527588 0.000000 0.502922 0.000000 -0.864332 0.675960 0.675960 0.675960
5921.853027 0.000000 3513.795898 0.000000 0.204460 0.000000 -0.978875 0.475601 0.475601 0.475601
5891.621094 0.000000 3539.119141 0.000000 0.556272 0.000000 -0.831000 0.633418 0.633418 0.633418
5890.176270 0.000000 3539.964600 0.000000 0.257158 0.000000 -0.966369 0.643005 0.643005 0.643005
5912.864258 0.000000 3528.585205 0.000000 0.300334 0.000000 -0.953834 0.628656 0.628656 0.628656
5892.470703 0.000000 3537.020264 0.000000 0.494333 0.000000 -0.869273 0.571577 0.571577 0.571577
6012.439453 0.000000 3551.084229 0.000000 0.466981 0.000000 -0.884267 0.745030 0.745030 0.745030
5934.206055 0.000000 3587.463379 0.000000 0.587316 0.000000 -0.809358 0.739718 0.739718 0.739718
5994.544434 0.000000 3595.368652 0.000000 0.348588 0.000000 -0.937276 0.642382 0.642382 0.642382
6016.926758 0.000000 3555.724854 0.000000 0.455021 0.000000 -0.890481 0.538630 0.538630 0.538630
6016.126465 0.000000 3547.714111 0.000000 0.520287 0.000000 -0.853992 0.581452 0.581452 0.581452
6029.344238 0.000000 3516.321045 0.000000 0.154930 0.000000 -0.987925 0.701286 0.701286 0.701286
6022.966309 0.000000 3549.901123 0.000000 0.032912 0.000000 -0.999458 0.574502 0.574502 0.574502
6059.584473 0.000000 3541.106201 0.000000 0.472544 0.000000 -0.881307 0.544560 0.544560 0.544560
6057.761719 0.000000 3541.020508 0.000000 0.571107 0.000000 -0.820876 0.577825 0.577825 0.577825
6020.485840 0.000000 3549.381592 0.000000 0.105318 0.000000 -0.994439 0.731978 0.731978 0.731978
6027.538086 0.000000 3525.376221 0.000000 0.369931 0.000000 -0.929059 0.746448 0.746448 0.746448
6024.681152 0.000000 3523.417969 0.000000 0.427898 0.000000 -0.903827 0.744773 0.744773 0.744773
6123.596680 0.000000 3550.572754 0.000000 0.039867 0.000000 -0.999205 0.421327 0.421327 0.421327
6087.699707 0.000000 3517.886230 0.000000 0.448478 0.000000 -0.893794 0.458484 0.458484 0.458484
6128.248535 0.000000 3555.836670 0.000000 0.549887 0.000000 -0.835239 0.540451 0.540451 0.540451
6124.346191 0.000000 3549.671143 0.000000 0.246995 0.000000 -0.969017 0.560746 0.560746 0.560746
6101.468262 0.000000 3520.089355 0.000000 0.551431 0.000000 -0.834220 0.743195 0.743195 0.743195
6020.693359 0.000000 3591.156006 0.000000 0.341537 0.000000 -0.939868 0.614458 0.614458 0.614458
6022.969727 0.000000 3590.839844 0.000000 0.155612 0.000000 -0.987818 0.750231 0.750231 0.750231
6025.391113 0.000000 3593.079102 0.000000 0.421870 0.000000 -0.906656 0.663788 0.663788 0.663788
6110.608887 0.000000 3564.055176 0.000000 0.386302 0.000000 -0.922373 0.416123 0.416123 0.416123
6112.131348 0.000000 3563.635010 0.000000 0.268624 0.000000 -0.963245 0.478721 0.478721 0.478721
6085.597168 0.000000 3585.402344 0.000000 0.434787 0.000000 -0.900533 0.554016 0.554016 0.554016
6112.387695 0.000000 3567.809082 0.000000 0.139530 0.000000 -0.990218 0.726282 0.726282 0.726282
6130.592773 0.000000 3564.226807 0.000000 0.321269 0.000000 -0.946988 0.621536 0.621536 0.621536
6371.590332 0.000000 2135.810059 0.000000 0.264803 0.000000 -0.964303 0.547388 0.547388 0.547388
6147.505371 0.000000 2246.316895 0.000000 0.335057 0.000000 -0.942198 0.416018 0.416018 0.416018
6151.213379 0.000000 2241.090576 0.000000 0.095500 0.000000 -0.995429 0.420034 0.420034 0.420034
6167.838867 0.000000 2233.914307 0.000000 0.277560 0.000000 -0.960708 0.512746 0.512746 0.512746
6171.430664 0.000000 2243.525391 0.000000 0.145895 0.000000 -0.989300 0.550072 0.550072 0.550072
6144.489258 0.000000 2234.312744 0.000000 0.139356 0.000000 -0.990242 0.697372 0.697372 0.697372
6148.508301 0.000000 2245.591064 0.000000 0.137402 0.000000 -0.990515 0.756345 0.756345 0.756345
6151.351074 0.000000 2242.141602 0.000000 0.529615 0.000000 -0.848238 0.707138 0.707138 0.707138
6353.288086 0.000000 2151.487549 0.000000 0.213950 0.000000 -0.976845 0.483994 0.483994 0.483994
6367.740723 0.000000 2191.374756 0.000000 0.200161 0.000000 -0.979763 0.518629 0.518629 0.518629
6362.769531 0.000000 2195.079590 0.000000 0.072220 0.000000 -0.997389 0.766779 0.766779 0.766779
6386.362305 0.000000 2181.103760 0.000000 0.309412 0.000000 -0.950928 0.641421 0.641421 0.641421
6399.927246 0.000000 2161.151611 0.000000 0.216083 0.000000 -0.976375 0.554983 0.554983 0.554983
6363.559082 0.000000 2182.295654 0.000000 0.273926 0.000000 -0.961751 0.752888 0.752888 0.752888
6375.319336 0.000000 2171.118896 0.000000 0.270207 0.000000 -0.962802 0.755993 0.755993 0.755993
6362.914551 0.000000 2198.110107 0.000000 0.263023 0.000000 -0.964789 0.708583 0.708583 0.708583
6384.827148 0.000000 2190.244141 0.000000 0.557121 0.000000 -0.830431 0.742383 0.742383 0.742383
6394.833496 0.000000 2165.815430 0.000000 0.442782 0.000000 -0.896629 0.624344 0.624344 0.624344
6378.742676 0.000000 2170.595947 0.000000 0.276429 0.000000 -0.961034 0.753120 0.753120 0.753120
6387.127441 0.000000 2195.447754 0.000000 0.325274 0.000000 -0.945620 0.604113 0.604113 0.604113
6375.998535 0.000000 2169.832031 0.000000 0.403357 0.000000 -0.915043 0.750892 0.750892 0.750892
6363.906250 0.000000 2184.820557 0.000000 0.191240 0.000000 -0.981543 0.761425 0.761425 0.761425
6362.823242 0.000000 2196.126465 0.000000 0.437916 0.000000 -0.899016 0.749312 0.749312 0.749312
6374.730957 0.000000 2171.999268 0.000000 0.432784 0.000000 -0.901497 0.748484 0.748484 0.748484
6391.580566 0.000000 2176.446045 0.000000 0.004073 0.000000 -0.999992 0.650448 0.650448 0.650448
6330.669922 0.000000 2258.628418 0.000000 0.536324 0.000000 -0.844012 0.532373 0.532373 0.532373
6334.710938 0.000000 2241.116943 0.000000 0.459330 0.000000 -0.888266 0.638839 0.638839 0.638839
6332.166992 0.000000 2249.471924 0.000000 0.224789 0.000000 -0.974407 0.754259 0.754259 0.754259
6325.492676 0.000000 2258.419922 0.000000 0.412208 0.000000 -0.911090 0.745859 0.745859 0.745859
6333.764648 0.000000 2240.546631 0.000000 0.067681 0.000000 -0.997707 0.679692 0.679692 0.679692
6342.330566 0.000000 2214.987549 0.000000 0.197420 0.000000 -0.980319 0.417949 0.417949 0.417949
6383.250488 0.000000 2231.871582 0.000000 0.055713 0.000000 -0.998447 0.463099 0.463099 0.463099
6396.473145 0.000000 2229.874756 0.000000 0.389613 0.000000 -0.920979 0.463781 0.463781 0.463781
6342.510254 0.000000 2219.490967 0.000000 0.457749 0.000000 -0.889082 0.555556 0.555556 0.555556
6360.631836 0.000000 2213.503418 0.000000 0.065010 0.000000 -0.997885 0.532242 0.532242 0.532242
6338.034668 0.000000 2228.976318 0.000000 0.487478 0.000000 -0.873135 0.640046 0.640046 0.640046
6382.356934 0.000000 2220.187744 0.000000 0.572824 0.000000 -0.819679 0.613739 0.613739 0.613739
6366.228516 0.000000 2202.902344 0.000000 0.467918 0.000000 -0.883772 0.593622 0.593622 0.593622
6391.916992 0.000000 2253.057129 0.000000 0.314579 0.000000 -0.949231 0.751586 0.751586 0.751586
6348.296875 0.000000 2256.476318 0.000000 0.089502 0.000000 -0.995987 0.636909 0.636909 0.636909
6354.778809 0.000000 2209.909912 0.000000 0.061151 0.000000 -0.998129 0.600192 0.600192 0.600192
6386.566406 0.000000 2212.480957 0.000000 0.190318 0.000000 -0.981722 0.752910 0.752910 0.752910
6396.205566 0.000000 2232.887939 0.000000 0.028996 0.000000 -0.999580 0.674216 0.674216 0.674216
6391.173828 0.000000 2205.938232 0.000000 0.152247 0.000000 -0.988343 0.681435 0.681435 0.681435
6389.817871 0.000000 2203.941162 0.000000 0.139435 0.000000 -0.990231 0.755014 0.755014 0.755014
6421.422363 0.000000 2170.761230 0.000000 0.281591 0.000000 -0.959534 0.446588 0.446588 0.446588
6406.510254 0.000000 2163.006592 0.000000 0.025595 0.000000 -0.999672 0.658720 0.658720 0.658720
6402.597656 0.000000 2159.871338 0.000000 0.427829 0.000000 -0.903860 0.722077 0.722077 0.722077
6423.342773 0.000000 2171.146729 0.000000 0.266536 0.000000 -0.963825 0.723879 0.723879 0.723879
6422.176758 0.000000 2183.829102 0.000000 0.118266 0.000000 -0.992982 0.724811 0.724811 0.724811
6403.978516 0.000000 2162.624268 0.000000 0.118608 0.000000 -0.992941 0.720336 0.720336 0.720336
6400.125977 0.000000 2165.828125 0.000000 0.202345 0.000000 -0.979314 0.660009 0.660009 0.660009
6420.037109 0.000000 2186.155029 0.000000 0.425945 0.000000 -0.904749 0.659330 0.659330 0.659330
6424.817383 0.000000 2179.439941 0.000000 0.252540 0.000000 -0.967586 0.750232 0.750232 0.750232
6330.511719 0.000000 2279.885010 0.000000 0.236017 0.000000 -0.971749 0.417366 0.417366 0.417366
6321.824707 0.000000 2269.860352 0.000000 0.157781 0.000000 -0.987474 0.502232 0.502232 0.502232
6382.200195 0.000000 2260.484863 0.000000 0.201619 0.000000 -0.979464 0.737359 0.737359 0.737359
6192.896973 0.000000 2871.829346 0.000000 0.289370 0.000000 -0.957217 0.723030 0.723030 0.723030
6225.862305 0.000000 2917.030518 0.000000 0.418810 0.000000 -0.908074 0.469572 0.469572 0.469572
6213.933594 0.000000 2921.539795 0.000000 0.153474 0.000000 -0.988153 0.604388 0.604388 0.604388
6261.013672 0.000000 3310.739990 0.000000 0.510813 0.000000 -0.859692 0.413639 0.413639 0.413639
6262.952148 0.000000 3320.049805 0.000000 0.483166 0.000000 -0.875529 0.672393 0.672393 0.672393
6173.493652 0.000000 3339.936035 0.000000 0.170104 0.000000 -0.985426 0.700771 0.700771 0.700771
6526.358398 0.000000 3226.481201 0.000000 0.130199 0.000000 -0.991488 0.726616 0.726616 0.726616
6536.362793 0.000000 3218.909912 0.000000 0.108624 0.000000 -0.994083 0.662882 0.662882 0.662882
6534.709961 0.000000 3219.254883 0.000000 0.566001 0.000000 -0.824405 0.677812 0.677812 0.677812
6529.451660 0.000000 3229.001709 0.000000 0.307575 0.000000 -0.951524 0.417276 0.417276 0.417276
6535.620605 0.000000 3225.838623 0.000000 0.176112 0.000000 -0.984370 0.471814 0.471814 0.471814
6530.773438 0.000000 3225.650879 0.000000 0.521808 0.000000 -0.853063 0.713916 0.713916 0.713916
6569.922852 0.000000 3301.245605 0.000000 0.395908 0.000000 -0.918290 0.604273 0.604273 0.604273
6586.264648 0.000000 3383.216064 0.000000 0.129958 0.000000 -0.991520 0.629158 0.629158 0.629158
6147.329590 0.000000 3480.975098 0.000000 0.479507 0.000000 -0.877538 0.512643 0.512643 0.512643
6171.236816 0.000000 3463.033691 0.000000 0.310271 0.000000 -0.950648 0.684995 0.684995 0.684995
6147.455566 0.000000 3464.228027 0.000000 0.227478 0.000000 -0.973783 0.751335 0.751335 0.751335
6184.166504 0.000000 3458.153076 0.000000 0.143764 0.000000 -0.989612 0.756715 0.756715 0.756715
6184.696289 0.000000 3455.794434 0.000000 0.577420 0.000000 -0.816447 0.737477 0.737477 0.737477
6188.330078 0.000000 3464.311768 0.000000 0.294771 0.000000 -0.955568 0.756333 0.756333 0.756333
6165.918945 0.000000 3466.451904 0.000000 0.362346 0.000000 -0.932043 0.715904 0.715904 0.715904
6173.463379 0.000000 3471.622803 0.000000 0.218388 0.000000 -0.975862 0.758773 0.758773 0.758773
6149.319336 0.000000 3465.515381 0.000000 0.213277 0.000000 -0.976992 0.760067 0.760067 0.760067
6168.429199 0.000000 3469.480469 0.000000 0.310549 0.000000 -0.950557 0.751432 0.751432 0.751432
6159.586426 0.000000 3471.416260 0.000000 0.219700 0.000000 -0.975567 0.587415 0.587415 0.587415
6145.121582 0.000000 3462.655273 0.000000 0.144793 0.000000 -0.989462 0.613379 0.613379 0.613379
6166.963379 0.000000 3468.019775 0.000000 0.485730 0.000000 -0.874109 0.614434 0.614434 0.614434
6171.464355 0.000000 3471.111328 0.000000 0.266582 0.000000 -0.963812 0.757861 0.757861 0.757861
6161.124023 0.000000 3465.548340 0.000000 0.136005 0.000000 -0.990708 0.724179 0.724179 0.724179
6170.731934 0.000000 3469.139893 0.000000 0.076235 0.000000 -0.997090 0.766469 0.766469 0.766469
6156.066406 0.000000 3475.812256 0.000000 0.204688 0.000000 -0.978827 0.657740 0.657740 0.657740
6187.281250 0.000000 3457.161377 0.000000 0.446062 0.000000 -0.895002 0.747265 0.747265 0.747265
6186.282715 0.000000 3459.052734 0.000000 0.552853 0.000000 -0.833279 0.742863 0.742863 0.742863
6175.795898 0.000000 3473.461182 0.000000 0.058384 0.000000 -0.998294 0.668855 0.668855 0.668855
6380.376953 0.000000 3435.330078 0.000000 0.022010 0.000000 -0.999758 0.420493 0.420493 0.420493
6389.789062 0.000000 3432.506348 0.000000 0.266235 0.000000 -0.963908 0.438348 0.438348 0.438348
6379.627441 0.000000 3440.246094 0.000000 0.569366 0.000000 -0.822084 0.567322 0.567322 0.567322
6396.292969 0.000000 3445.385254 0.000000 0.519941 0.000000 -0.854202 0.724766 0.724766 0.724766
6186.913086 0.000000 3556.031494 0.000000 0.049121 0.000000 -0.998793 0.629196 0.629196 0.629196
6192.248535 0.000000 3555.836670 0.000000 0.163054 0.000000 -0.986617 0.545351 0.545351 0.545351
6267.815430 0.000000 3520.750977 0.000000 0.532201 0.000000 -0.846618 0.438099 0.438099 0.438099
6270.854492 0.000000 3528.614746 0.000000 0.043769 0.000000 -0.999042 0.454676 0.454676 0.454676
6269.810547 0.000000 3535.684814 0.000000 0.091303 0.000000 -0.995823 0.468968 0.468968 0.468968
6262.646973 0.000000 3520.519775 0.000000 0.106982 0.000000 -0.994261 0.658505 0.658505 0.658505
6245.870117 0.000000 3554.959229 0.000000 0.020055 0.000000 -0.999799 0.762196 0.762196 0.762196
6264.766113 0.000000 3521.433350 0.000000 0.309236 0.000000 -0.950985 0.669741 0.669741 0.669741
6247.881348 0.000000 3558.578857 0.000000 0.492800 0.000000 -0.870142 0.725919 0.725919 0.725919
6274.009277 0.000000 3523.080078 0.000000 0.496949 0.000000 -0.867780 0.740672 0.740672 0.740672
6272.042480 0.000000 3535.462402 0.000000 0.554540 0.000000 -0.832157 0.716822 0.716822 0.716822
6358.444824 0.000000 3553.729980 0.000000 0.006357 0.000000 -0.999980 0.489900 0.489900 0.489900
6357.894043 0.000000 3555.305176 0.000000 0.583487 0.000000 -0.812122 0.512274 0.512274 0.512274
6373.294434 0.000000 3603.471680 0.000000 0.530106 0.000000 -0.847932 0.467396 0.467396 0.467396
6462.420410 0.000000 3458.887695 0.000000 0.149676 0.000000 -0.988735 0.725918 0.725918 0.725918
6471.500488 0.000000 3464.843262 0.000000 0.036650 0.000000 -0.999328 0.513230 0.513230 0.513230
6590.871094 0.000000 3432.572998 0.000000 0.174530 0.000000 -0.984652 0.512681 0.512681 0.512681
6589.818848 0.000000 3390.427734 0.000000 0.520516 0.000000 -0.853852 0.656021 0.656021 0.656021
6589.145996 0.000000 3430.741699 0.000000 0.408033 0.000000 -0.912967 0.586764 0.586764 0.586764
6589.190430 0.000000 3444.484619 0.000000 0.195280 0.000000 -0.980748 0.620759 0.620759 0.620759
6588.292969 0.000000 3445.385254 0.000000 0.153496 0.000000 -0.988149 0.621914 0.621914 0.621914
6586.572266 0.000000 3389.098389 0.000000 0.500448 0.000000 -0.865766 0.650311 0.650311 0.650311
6592.850586 0.000000 3429.627197 0.000000 0.363785 0.000000 -0.931483 0.462133 0.462133 0.462133
6582.834961 0.000000 3483.221436 0.000000 0.509748 0.000000 -0.860324 0.740913 0.740913 0.740913
6583.338379 0.000000 3478.071045 0.000000 0.085089 0.000000 -0.996373 0.719276 0.719276 0.719276
6582.205566 0.000000 3480.760254 0.000000 0.374772 0.000000 -0.927117 0.745623 0.745623 0.745623
6587.503906 0.000000 3447.452148 0.000000 0.196301 0.000000 -0.980544 0.570619 0.570619 0.570619
6585.725098 0.000000 3478.049561 0.000000 0.163964 0.000000 -0.986466 0.604113 0.604113 0.604113
6596.948730 0.000000 3445.661865 0.000000 0.482936 0.000000 -0.875656 0.414382 0.414382 0.414382
6609.033691 0.000000 3485.507812 0.000000 0.298802 0.000000 -0.954315 0.439951 0.439951 0.439951
6593.598145 0.000000 3449.112549 0.000000 0.440618 0.000000 -0.897694 0.515640 0.515640 0.515640
6598.251953 0.000000 3484.687256 0.000000 0.119442 0.000000 -0.992841 0.636059 0.636059 0.636059
6602.112793 0.000000 3482.703613 0.000000 0.323658 0.000000 -0.946174 0.567506 0.567506 0.567506
6600.409180 0.000000 3460.366455 0.000000 0.363902 0.000000 -0.931437 0.747329 0.747329 0.747329
6601.386230 0.000000 3452.817383 0.000000 0.264762 0.000000 -0.964314 0.755554 0.755554 0.755554
6598.427246 0.000000 3456.104736 0.000000 0.012291 0.000000 -0.999924 0.656888 0.656888 0.656888
6458.145020 0.000000 3603.659668 0.000000 0.585846 0.000000 -0.810422 0.636613 0.636613 0.636613
6446.371582 0.000000 3583.140381 0.000000 0.222818 0.000000 -0.974860 0.619992 0.619992 0.619992
6634.415039 0.000000 3521.649414 0.000000 0.476172 0.000000 -0.879352 0.464267 0.464267 0.464267
6637.193359 0.000000 3522.881104 0.000000 0.128704 0.000000 -0.991683 0.554805 0.554805 0.554805
6638.372070 0.000000 3523.044434 0.000000 0.311227 0.000000 -0.950335 0.746410 0.746410 0.746410
6539.039062 0.000000 3574.771973 0.000000 0.165144 0.000000 -0.986269 0.504245 0.504245 0.504245
6532.220703 0.000000 3575.870361 0.000000 0.185473 0.000000 -0.982649 0.612283 0.612283 0.612283
6611.881836 0.000000 3597.053223 0.000000 0.501262 0.000000 -0.865295 0.453303 0.453303 0.453303
6655.210449 0.000000 3593.117432 0.000000 0.209466 0.000000 -0.977816 0.479793 0.479793 0.479793
6774.280273 0.000000 3266.188721 0.000000 0.473969 0.000000 -0.880541 0.506433 0.506433 0.506433
6814.176270 0.000000 3214.282959 0.000000 0.266560 0.000000 -0.963818 0.517260 0.517260 0.517260
6810.122559 0.000000 3230.417725 0.000000 0.406743 0.000000 -0.913543 0.414839 0.414839 0.414839
6808.535645 0.000000 3235.964355 0.000000 0.553157 0.000000 -0.833077 0.413717 0.413717 0.413717
6807.935547 0.000000 3256.664551 0.000000 0.224808 0.000000 -0.974403 0.418656 0.418656 0.418656
6790.073242 0.000000 3273.396973 0.000000 0.088023 0.000000 -0.996118 0.475485 0.475485 0.475485
6793.264160 0.000000 3264.202637 0.000000 0.469584 0.000000 -0.882888 0.580779 0.580779 0.580779
6791.959473 0.000000 3268.868164 0.000000 0.401370 0.000000 -0.915916 0.586947 0.586947 0.586947
6789.351562 0.000000 3271.242432 0.000000 0.404488 0.000000 -0.914543 0.746097 0.746097 0.746097
6796.104980 0.000000 3262.508057 0.000000 0.579825 0.000000 -0.814741 0.666604 0.666604 0.666604
6776.246582 0.000000 3278.950684 0.000000 0.081791 0.000000 -0.996650 0.430479 0.430479 0.430479
6780.926270 0.000000 3279.936768 0.000000 0.238711 0.000000 -0.971091 0.595614 0.595614 0.595614
6781.818848 0.000000 3277.458984 0.000000 0.528069 0.000000 -0.849201 0.598204 0.598204 0.598204
6779.590332 0.000000 3279.246338 0.000000 0.280242 0.000000 -0.959929 0.562109 0.562109 0.562109
6657.280273 0.000000 3592.364990 0.000000 0.371333 0.000000 -0.928500 0.574884 0.574884 0.574884
6662.251953 0.000000 3597.656006 0.000000 0.516135 0.000000 -0.856507 0.686194 0.686194 0.686194
"}
