object={
	name="rainforest_sparse_generator_3_0"
	clamp_to_water_level=no
	render_under_water=no
	generated_content=yes
	layer="semidynamic_high"
	pdxmesh="tree_rainforest_001_mesh"
	count=2082
	transform="2425.007568 0.000000 1231.832397 0.000000 0.393835 0.000000 0.919181 0.206757 0.206757 0.206757
2418.861328 0.000000 1241.689331 0.000000 0.428090 0.000000 0.903736 0.212620 0.212620 0.212620
2420.695557 0.000000 1233.144043 0.000000 0.536517 0.000000 0.843889 0.220341 0.220341 0.220341
2420.601074 0.000000 1237.109497 0.000000 0.111293 0.000000 0.993788 0.225144 0.225144 0.225144
2416.896973 0.000000 1233.782349 0.000000 0.085439 0.000000 0.996343 0.224390 0.224390 0.224390
2418.113525 0.000000 1231.927246 0.000000 0.173450 0.000000 0.984843 0.248808 0.248808 0.248808
2434.875732 0.000000 1218.758667 0.000000 0.522205 0.000000 0.852820 0.232307 0.232307 0.232307
2436.370361 0.000000 1212.761475 0.000000 0.310856 0.000000 0.950457 0.268939 0.268939 0.268939
2434.857910 0.000000 1228.515381 0.000000 0.164952 0.000000 0.986302 0.228133 0.228133 0.228133
2432.042236 0.000000 1219.603027 0.000000 0.089835 0.000000 0.995957 0.271718 0.271718 0.271718
2432.368896 0.000000 1225.699097 0.000000 0.112552 0.000000 0.993646 0.262476 0.262476 0.262476
2458.165771 0.000000 1250.914062 0.000000 0.248991 0.000000 0.968506 0.200007 0.200007 0.200007
2444.183105 0.000000 1252.311523 0.000000 0.145193 0.000000 0.989403 0.235112 0.235112 0.235112
2255.453125 0.000000 1687.022095 0.000000 0.184206 0.000000 0.982888 0.216199 0.216199 0.216199
2192.382568 0.000000 1750.347656 0.000000 0.205686 0.000000 0.978618 0.194191 0.194191 0.194191
2197.917480 0.000000 1738.793457 0.000000 0.130124 0.000000 0.991498 0.203478 0.203478 0.203478
2243.913086 0.000000 1705.467773 0.000000 0.422212 0.000000 0.906497 0.193835 0.193835 0.193835
2270.816895 0.000000 1708.968994 0.000000 0.154743 0.000000 0.987955 0.197275 0.197275 0.197275
2256.278564 0.000000 1708.087036 0.000000 0.237680 0.000000 0.971343 0.207356 0.207356 0.207356
2256.004883 0.000000 1711.999023 0.000000 0.166107 0.000000 0.986108 0.206238 0.206238 0.206238
2242.597656 0.000000 1707.996216 0.000000 0.226432 0.000000 0.974027 0.250487 0.250487 0.250487
2270.762451 0.000000 1716.699829 0.000000 0.402227 0.000000 0.915540 0.277714 0.277714 0.277714
2281.342041 0.000000 1723.181152 0.000000 0.493966 0.000000 0.869481 0.281407 0.281407 0.281407
2269.720459 0.000000 1717.114502 0.000000 0.182196 0.000000 0.983262 0.274071 0.274071 0.274071
2178.199219 0.000000 1758.127930 0.000000 0.454977 0.000000 0.890503 0.198686 0.198686 0.198686
2179.154541 0.000000 1771.767578 0.000000 0.246083 0.000000 0.969249 0.254106 0.254106 0.254106
2177.149170 0.000000 1775.164795 0.000000 0.526652 0.000000 0.850081 0.280631 0.280631 0.280631
2327.416992 0.000000 1685.979614 0.000000 0.115835 0.000000 0.993269 0.197467 0.197467 0.197467
2335.181885 0.000000 1685.546021 0.000000 0.128581 0.000000 0.991699 0.274460 0.274460 0.274460
2324.580322 0.000000 1685.644043 0.000000 0.288114 0.000000 0.957596 0.232931 0.232931 0.232931
2320.554199 0.000000 1690.821777 0.000000 0.492201 0.000000 0.870482 0.280303 0.280303 0.280303
2328.413086 0.000000 1691.465088 0.000000 0.385489 0.000000 0.922713 0.266340 0.266340 0.266340
2323.400635 0.000000 1694.019897 0.000000 0.366666 0.000000 0.930353 0.278423 0.278423 0.278423
2320.913574 0.000000 1698.314209 0.000000 0.449163 0.000000 0.893450 0.241346 0.241346 0.241346
2322.082275 0.000000 1694.593506 0.000000 0.292217 0.000000 0.956352 0.277000 0.277000 0.277000
2407.260986 0.000000 1716.135254 0.000000 0.318313 0.000000 0.947986 0.204080 0.204080 0.204080
2413.531006 0.000000 1712.924316 0.000000 0.258947 0.000000 0.965892 0.208040 0.208040 0.208040
1758.816772 0.000000 1934.906494 0.000000 0.316609 0.000000 0.948556 0.198052 0.198052 0.198052
1774.245483 0.000000 1940.391235 0.000000 0.026165 0.000000 0.999658 0.196773 0.196773 0.196773
1772.329956 0.000000 1939.233643 0.000000 0.396255 0.000000 0.918141 0.251440 0.251440 0.251440
1824.608032 0.000000 1903.075073 0.000000 0.362839 0.000000 0.931852 0.198930 0.198930 0.198930
1822.716187 0.000000 1910.222412 0.000000 0.221438 0.000000 0.975175 0.196801 0.196801 0.196801
1821.264404 0.000000 1910.765625 0.000000 0.379230 0.000000 0.925302 0.214646 0.214646 0.214646
1840.317139 0.000000 1905.715698 0.000000 0.351210 0.000000 0.936297 0.228261 0.228261 0.228261
1840.177368 0.000000 1902.026367 0.000000 0.568420 0.000000 0.822738 0.270528 0.270528 0.270528
1840.161255 0.000000 1903.333496 0.000000 0.425498 0.000000 0.904959 0.267981 0.267981 0.267981
1834.301636 0.000000 1907.530151 0.000000 0.169767 0.000000 0.985484 0.274988 0.274988 0.274988
1835.446167 0.000000 1905.595947 0.000000 0.128537 0.000000 0.991705 0.273056 0.273056 0.273056
1821.641357 0.000000 1909.740356 0.000000 0.501758 0.000000 0.865008 0.268327 0.268327 0.268327
1836.435913 0.000000 1905.140137 0.000000 0.100154 0.000000 0.994972 0.271971 0.271971 0.271971
1879.293579 0.000000 1887.549194 0.000000 0.346791 0.000000 0.937943 0.191799 0.191799 0.191799
1879.105835 0.000000 1885.221069 0.000000 0.282427 0.000000 0.959289 0.194772 0.194772 0.194772
1869.306641 0.000000 1888.535889 0.000000 0.000269 0.000000 1.000000 0.210599 0.210599 0.210599
1917.367188 0.000000 1915.120117 0.000000 0.282014 0.000000 0.959410 0.220117 0.220117 0.220117
1917.190430 0.000000 1919.406494 0.000000 0.424431 0.000000 0.905460 0.278796 0.278796 0.278796
1919.644165 0.000000 1920.004883 0.000000 0.021071 0.000000 0.999778 0.271389 0.271389 0.271389
1955.060913 0.000000 1919.301270 0.000000 0.567042 0.000000 0.823689 0.281515 0.281515 0.281515
2034.216187 0.000000 1908.529175 0.000000 0.393651 0.000000 0.919260 0.203732 0.203732 0.203732
2047.025757 0.000000 1913.349487 0.000000 0.469399 0.000000 0.882986 0.212527 0.212527 0.212527
2034.477905 0.000000 1905.860107 0.000000 0.344404 0.000000 0.938822 0.223736 0.223736 0.223736
2038.847168 0.000000 1906.846313 0.000000 0.508781 0.000000 0.860896 0.246157 0.246157 0.246157
1907.413452 0.000000 1940.019287 0.000000 0.562349 0.000000 0.826900 0.282463 0.282463 0.282463
1897.341919 0.000000 1949.118652 0.000000 0.554892 0.000000 0.831923 0.281602 0.281602 0.281602
1909.656982 0.000000 1943.112183 0.000000 0.021217 0.000000 0.999775 0.246293 0.246293 0.246293
1897.168335 0.000000 1952.026123 0.000000 0.114040 0.000000 0.993476 0.233313 0.233313 0.233313
1862.424683 0.000000 1997.313232 0.000000 0.539882 0.000000 0.841741 0.193381 0.193381 0.193381
1867.147339 0.000000 2015.118774 0.000000 0.124066 0.000000 0.992274 0.209783 0.209783 0.209783
1877.209473 0.000000 1983.815430 0.000000 0.481462 0.000000 0.876467 0.211635 0.211635 0.211635
1883.133911 0.000000 1980.483276 0.000000 0.496926 0.000000 0.867793 0.223937 0.223937 0.223937
1867.761841 0.000000 2001.362793 0.000000 0.265022 0.000000 0.964243 0.214032 0.214032 0.214032
1870.050049 0.000000 2009.106201 0.000000 0.446513 0.000000 0.894777 0.246754 0.246754 0.246754
1955.792847 0.000000 1921.445312 0.000000 0.273641 0.000000 0.961832 0.275411 0.275411 0.275411
2023.089600 0.000000 1935.781860 0.000000 0.176626 0.000000 0.984278 0.210257 0.210257 0.210257
2036.467651 0.000000 1941.593506 0.000000 0.175478 0.000000 0.984483 0.227766 0.227766 0.227766
2037.881348 0.000000 1962.628418 0.000000 0.173910 0.000000 0.984762 0.274123 0.274123 0.274123
2041.471191 0.000000 1936.807983 0.000000 0.535967 0.000000 0.844239 0.282346 0.282346 0.282346
2038.087036 0.000000 1965.067871 0.000000 0.370349 0.000000 0.928893 0.265608 0.265608 0.265608
2023.708496 0.000000 1926.463501 0.000000 0.520553 0.000000 0.853829 0.248325 0.248325 0.248325
2023.854004 0.000000 1931.517212 0.000000 0.501764 0.000000 0.865005 0.280352 0.280352 0.280352
2036.629395 0.000000 1962.668945 0.000000 0.016933 0.000000 0.999857 0.271196 0.271196 0.271196
2039.349609 0.000000 1960.938721 0.000000 0.477820 0.000000 0.878458 0.280358 0.280358 0.280358
2042.385132 0.000000 1979.545166 0.000000 0.201801 0.000000 0.979427 0.190850 0.190850 0.190850
1848.346558 0.000000 2055.638428 0.000000 0.401202 0.000000 0.915990 0.191934 0.191934 0.191934
1853.505859 0.000000 2041.513916 0.000000 0.549327 0.000000 0.835607 0.282959 0.282959 0.282959
1844.887817 0.000000 2057.024658 0.000000 0.060718 0.000000 0.998155 0.242602 0.242602 0.242602
1852.196655 0.000000 2043.207397 0.000000 0.044608 0.000000 0.999005 0.234399 0.234399 0.234399
1843.336914 0.000000 2055.549072 0.000000 0.322201 0.000000 0.946671 0.263868 0.263868 0.263868
1972.463989 0.000000 2217.972412 0.000000 0.412190 0.000000 0.911098 0.192190 0.192190 0.192190
1977.360474 0.000000 2214.147217 0.000000 0.126853 0.000000 0.991922 0.199030 0.199030 0.199030
1974.302368 0.000000 2217.177979 0.000000 0.390528 0.000000 0.920591 0.208236 0.208236 0.208236
1981.038940 0.000000 2221.231689 0.000000 0.507659 0.000000 0.861558 0.230111 0.230111 0.230111
1947.442383 0.000000 2211.313477 0.000000 0.276593 0.000000 0.960987 0.240571 0.240571 0.240571
1946.770874 0.000000 2212.491211 0.000000 0.148754 0.000000 0.988874 0.268159 0.268159 0.268159
1995.929565 0.000000 2214.896484 0.000000 0.143846 0.000000 0.989600 0.190598 0.190598 0.190598
1991.408936 0.000000 2220.728027 0.000000 0.464932 0.000000 0.885347 0.192427 0.192427 0.192427
2019.217285 0.000000 2213.729248 0.000000 0.118156 0.000000 0.992995 0.199453 0.199453 0.199453
1991.699585 0.000000 2218.745605 0.000000 0.560069 0.000000 0.828446 0.206808 0.206808 0.206808
2032.395630 0.000000 2235.221680 0.000000 0.112813 0.000000 0.993616 0.217447 0.217447 0.217447
1992.409302 0.000000 2217.710205 0.000000 0.348368 0.000000 0.937358 0.237085 0.237085 0.237085
2000.268188 0.000000 2215.168701 0.000000 0.304379 0.000000 0.952551 0.238005 0.238005 0.238005
2035.609131 0.000000 2233.056885 0.000000 0.524461 0.000000 0.851435 0.280811 0.280811 0.280811
2035.089233 0.000000 2231.887451 0.000000 0.019788 0.000000 0.999804 0.251840 0.251840 0.251840
2154.673340 0.000000 1807.643921 0.000000 0.396402 0.000000 0.918077 0.192159 0.192159 0.192159
2170.631836 0.000000 1842.636475 0.000000 0.103480 0.000000 0.994632 0.189891 0.189891 0.189891
2175.814697 0.000000 1825.944702 0.000000 0.569933 0.000000 0.821691 0.194022 0.194022 0.194022
2158.601562 0.000000 1814.602539 0.000000 0.379828 0.000000 0.925057 0.251691 0.251691 0.251691
2152.114014 0.000000 1810.055420 0.000000 0.537639 0.000000 0.843175 0.267980 0.267980 0.267980
2166.497559 0.000000 1820.663940 0.000000 0.339517 0.000000 0.940600 0.240401 0.240401 0.240401
2155.013184 0.000000 1808.710205 0.000000 0.502007 0.000000 0.864864 0.255994 0.255994 0.255994
2176.233887 0.000000 1820.943237 0.000000 0.452222 0.000000 0.891906 0.214878 0.214878 0.214878
2179.978516 0.000000 1823.717896 0.000000 0.274464 0.000000 0.961598 0.275843 0.275843 0.275843
2067.253418 0.000000 1968.055420 0.000000 0.391732 0.000000 0.920080 0.197145 0.197145 0.197145
2056.237305 0.000000 1968.495361 0.000000 0.127349 0.000000 0.991858 0.198541 0.198541 0.198541
2068.441162 0.000000 1975.975342 0.000000 0.358945 0.000000 0.933359 0.214445 0.214445 0.214445
2081.760010 0.000000 1924.876831 0.000000 0.479633 0.000000 0.877469 0.221724 0.221724 0.221724
2083.061035 0.000000 1975.785645 0.000000 0.302517 0.000000 0.953144 0.276485 0.276485 0.276485
2079.370850 0.000000 1975.530029 0.000000 0.381618 0.000000 0.924320 0.250741 0.250741 0.250741
2048.489502 0.000000 1951.890747 0.000000 0.462840 0.000000 0.886442 0.279353 0.279353 0.279353
2083.792725 0.000000 1921.445312 0.000000 0.213941 0.000000 0.976847 0.273440 0.273440 0.273440
2049.121582 0.000000 1937.577271 0.000000 0.519345 0.000000 0.854565 0.281657 0.281657 0.281657
2051.040771 0.000000 1968.514282 0.000000 0.459194 0.000000 0.888336 0.279644 0.279644 0.279644
2074.378418 0.000000 1971.142578 0.000000 0.566150 0.000000 0.824302 0.283018 0.283018 0.283018
2051.692627 0.000000 1953.769775 0.000000 0.283810 0.000000 0.958881 0.277802 0.277802 0.277802
2069.209473 0.000000 1983.815430 0.000000 0.523057 0.000000 0.852297 0.216636 0.216636 0.216636
2069.918945 0.000000 1988.460571 0.000000 0.285441 0.000000 0.958396 0.219659 0.219659 0.219659
2084.154541 0.000000 1984.655518 0.000000 0.309234 0.000000 0.950986 0.254060 0.254060 0.254060
2094.200195 0.000000 1978.062866 0.000000 0.267537 0.000000 0.963548 0.275952 0.275952 0.275952
2087.870850 0.000000 1997.388672 0.000000 0.549283 0.000000 0.835636 0.245750 0.245750 0.245750
2102.395020 0.000000 1987.016357 0.000000 0.492639 0.000000 0.870234 0.240941 0.240941 0.240941
2092.329834 0.000000 1995.718018 0.000000 0.307023 0.000000 0.951702 0.270303 0.270303 0.270303
2057.453613 0.000000 1989.623413 0.000000 0.236105 0.000000 0.971727 0.236198 0.236198 0.236198
2078.228271 0.000000 1976.964722 0.000000 0.382144 0.000000 0.924103 0.277489 0.277489 0.277489
2086.214844 0.000000 1989.582886 0.000000 0.051474 0.000000 0.998674 0.257845 0.257845 0.257845
2090.590820 0.000000 1980.362061 0.000000 0.407728 0.000000 0.913103 0.258447 0.258447 0.258447
2101.576904 0.000000 1995.899170 0.000000 0.036828 0.000000 0.999322 0.270704 0.270704 0.270704
2100.316895 0.000000 2232.016602 0.000000 0.035507 0.000000 0.999369 0.201233 0.201233 0.201233
2059.557373 0.000000 2242.838379 0.000000 0.286491 0.000000 0.958083 0.208784 0.208784 0.208784
2056.859375 0.000000 2240.377686 0.000000 0.357660 0.000000 0.933852 0.202412 0.202412 0.202412
2103.130127 0.000000 2229.483887 0.000000 0.026083 0.000000 0.999660 0.226614 0.226614 0.226614
2110.499756 0.000000 2232.279297 0.000000 0.547715 0.000000 0.836665 0.225548 0.225548 0.225548
2125.872314 0.000000 2231.293213 0.000000 0.000343 0.000000 1.000000 0.193650 0.193650 0.193650
2162.516357 0.000000 2218.922119 0.000000 0.482148 0.000000 0.876090 0.201981 0.201981 0.201981
2143.972656 0.000000 2227.271484 0.000000 0.180668 0.000000 0.983544 0.207348 0.207348 0.207348
2172.201172 0.000000 2223.481201 0.000000 0.218665 0.000000 0.975800 0.211132 0.211132 0.211132
2121.880371 0.000000 2236.409180 0.000000 0.319894 0.000000 0.947453 0.220013 0.220013 0.220013
2181.575439 0.000000 2224.239258 0.000000 0.394919 0.000000 0.918716 0.275659 0.275659 0.275659
2186.093018 0.000000 2222.677246 0.000000 0.503426 0.000000 0.864039 0.257997 0.257997 0.257997
2177.149170 0.000000 2227.039795 0.000000 0.080344 0.000000 0.996767 0.273657 0.273657 0.273657
4524.436035 0.000000 718.968262 0.000000 0.290133 0.000000 0.956986 0.255704 0.255704 0.255704
4474.572266 0.000000 1299.176636 0.000000 0.433461 0.000000 0.901172 0.262759 0.262759 0.262759
4889.935547 0.000000 944.152649 0.000000 0.274576 0.000000 0.961565 0.220532 0.220532 0.220532
4891.631348 0.000000 959.599976 0.000000 0.577276 0.000000 0.816549 0.251200 0.251200 0.251200
4890.529785 0.000000 1015.641235 0.000000 0.012212 0.000000 0.999925 0.203468 0.203468 0.203468
4888.325195 0.000000 1009.374634 0.000000 0.501683 0.000000 0.865052 0.223487 0.223487 0.223487
4893.048828 0.000000 961.876831 0.000000 0.422828 0.000000 0.906210 0.270845 0.270845 0.270845
4880.485352 0.000000 1041.830933 0.000000 0.452960 0.000000 0.891531 0.221429 0.221429 0.221429
4878.047363 0.000000 1043.916016 0.000000 0.584699 0.000000 0.811250 0.275310 0.275310 0.275310
4878.050293 0.000000 1048.871826 0.000000 0.537707 0.000000 0.843132 0.267981 0.267981 0.267981
4590.525879 0.000000 1665.775146 0.000000 0.495871 0.000000 0.868396 0.262811 0.262811 0.262811
4578.956543 0.000000 1659.276978 0.000000 0.108111 0.000000 0.994139 0.273876 0.273876 0.273876
4576.724121 0.000000 1660.463257 0.000000 0.523220 0.000000 0.852198 0.280707 0.280707 0.280707
4382.924805 0.000000 1733.836060 0.000000 0.567617 0.000000 0.823293 0.215082 0.215082 0.215082
4631.191895 0.000000 1683.937500 0.000000 0.510371 0.000000 0.859955 0.192867 0.192867 0.192867
4622.401855 0.000000 1679.742676 0.000000 0.320794 0.000000 0.947149 0.197583 0.197583 0.197583
4616.237305 0.000000 1686.073486 0.000000 0.445872 0.000000 0.895097 0.199627 0.199627 0.199627
4634.057129 0.000000 1673.510010 0.000000 0.383189 0.000000 0.923670 0.208670 0.208670 0.208670
4669.145996 0.000000 1679.726074 0.000000 0.267328 0.000000 0.963605 0.275266 0.275266 0.275266
4661.881348 0.000000 1680.206543 0.000000 0.213164 0.000000 0.977016 0.275220 0.275220 0.275220
4666.116699 0.000000 1687.363037 0.000000 0.457527 0.000000 0.889196 0.280143 0.280143 0.280143
4643.658203 0.000000 1678.602173 0.000000 0.518770 0.000000 0.854914 0.230753 0.230753 0.230753
4633.770020 0.000000 1677.214600 0.000000 0.395327 0.000000 0.918540 0.261657 0.261657 0.261657
4625.052246 0.000000 1680.851440 0.000000 0.387090 0.000000 0.922042 0.278690 0.278690 0.278690
4629.902344 0.000000 1683.533325 0.000000 0.197642 0.000000 0.980274 0.267554 0.267554 0.267554
4670.710938 0.000000 1676.273315 0.000000 0.338522 0.000000 0.940959 0.235002 0.235002 0.235002
4666.917480 0.000000 1685.293457 0.000000 0.375319 0.000000 0.926896 0.278947 0.278947 0.278947
4667.012207 0.000000 1686.473633 0.000000 0.053466 0.000000 0.998570 0.272499 0.272499 0.272499
4634.672852 0.000000 1676.322266 0.000000 0.481683 0.000000 0.876346 0.247754 0.247754 0.247754
4626.479492 0.000000 1684.690308 0.000000 0.008607 0.000000 0.999963 0.247517 0.247517 0.247517
4663.883789 0.000000 1684.095947 0.000000 0.310225 0.000000 0.950663 0.276165 0.276165 0.276165
4625.980469 0.000000 1677.302612 0.000000 0.022928 0.000000 0.999737 0.272941 0.272941 0.272941
4662.610352 0.000000 1687.960083 0.000000 0.461241 0.000000 0.887275 0.279238 0.279238 0.279238
4669.398438 0.000000 1680.859741 0.000000 0.231001 0.000000 0.972953 0.274452 0.274452 0.274452
4663.916992 0.000000 1688.213501 0.000000 0.215304 0.000000 0.976547 0.274246 0.274246 0.274246
4633.886230 0.000000 1680.119263 0.000000 0.268477 0.000000 0.963286 0.251554 0.251554 0.251554
4623.546387 0.000000 1675.928711 0.000000 0.448999 0.000000 0.893532 0.279638 0.279638 0.279638
4668.564941 0.000000 1688.416504 0.000000 0.157252 0.000000 0.987558 0.246218 0.246218 0.246218
4686.875488 0.000000 1682.808960 0.000000 0.473965 0.000000 0.880544 0.192955 0.192955 0.192955
4718.782227 0.000000 1680.110962 0.000000 0.416688 0.000000 0.909049 0.194300 0.194300 0.194300
4708.952637 0.000000 1678.523804 0.000000 0.386235 0.000000 0.922400 0.198618 0.198618 0.198618
4719.448242 0.000000 1662.554443 0.000000 0.296318 0.000000 0.955089 0.197889 0.197889 0.197889
4717.814941 0.000000 1674.593018 0.000000 0.461340 0.000000 0.887224 0.197721 0.197721 0.197721
4679.260254 0.000000 1684.651367 0.000000 0.165758 0.000000 0.986166 0.203776 0.203776 0.203776
4712.675293 0.000000 1685.087158 0.000000 0.385083 0.000000 0.922882 0.223683 0.223683 0.223683
4714.913086 0.000000 1692.047119 0.000000 0.000539 0.000000 1.000000 0.249259 0.249259 0.249259
4718.797363 0.000000 1689.849976 0.000000 0.586019 0.000000 0.810297 0.255862 0.255862 0.255862
4722.163574 0.000000 1685.022461 0.000000 0.345992 0.000000 0.938237 0.226720 0.226720 0.226720
4721.121094 0.000000 1689.954956 0.000000 0.465027 0.000000 0.885296 0.240069 0.240069 0.240069
4719.731934 0.000000 1685.145630 0.000000 0.227520 0.000000 0.973773 0.246677 0.246677 0.246677
4717.710938 0.000000 1689.246094 0.000000 0.061236 0.000000 0.998123 0.234595 0.234595 0.234595
4677.933594 0.000000 1678.883545 0.000000 0.121784 0.000000 0.992557 0.272332 0.272332 0.272332
4673.519531 0.000000 1685.590698 0.000000 0.164577 0.000000 0.986364 0.275000 0.275000 0.275000
4678.988770 0.000000 1679.507080 0.000000 0.502375 0.000000 0.864650 0.261933 0.261933 0.261933
4712.053711 0.000000 1690.401123 0.000000 0.351871 0.000000 0.936048 0.278364 0.278364 0.278364
4711.595215 0.000000 1681.144775 0.000000 0.527669 0.000000 0.849450 0.257895 0.257895 0.257895
4717.231445 0.000000 1691.629761 0.000000 0.465580 0.000000 0.885006 0.249006 0.249006 0.249006
4678.709961 0.000000 1694.176758 0.000000 0.350567 0.000000 0.936538 0.261433 0.261433 0.261433
4681.561035 0.000000 1689.192383 0.000000 0.533049 0.000000 0.846085 0.264929 0.264929 0.264929
4653.434082 0.000000 1724.260498 0.000000 0.569973 0.000000 0.821664 0.193716 0.193716 0.193716
4659.863281 0.000000 1718.903931 0.000000 0.565653 0.000000 0.824643 0.193513 0.193513 0.193513
4652.051758 0.000000 1726.625610 0.000000 0.552667 0.000000 0.833402 0.194391 0.194391 0.194391
4646.962402 0.000000 1738.711182 0.000000 0.030133 0.000000 0.999546 0.193381 0.193381 0.193381
4632.512695 0.000000 1702.264160 0.000000 0.451917 0.000000 0.892060 0.211342 0.211342 0.211342
4665.864746 0.000000 1723.122437 0.000000 0.557861 0.000000 0.829935 0.208324 0.208324 0.208324
4634.957520 0.000000 1701.158081 0.000000 0.086267 0.000000 0.996272 0.204577 0.204577 0.204577
4608.016113 0.000000 1703.183838 0.000000 0.512936 0.000000 0.858427 0.211953 0.211953 0.211953
4665.144531 0.000000 1696.146484 0.000000 0.462259 0.000000 0.886745 0.221531 0.221531 0.221531
4669.294434 0.000000 1710.046631 0.000000 0.437963 0.000000 0.898993 0.221265 0.221265 0.221265
4670.025391 0.000000 1697.659302 0.000000 0.572145 0.000000 0.820153 0.232956 0.232956 0.232956
4665.981445 0.000000 1700.158813 0.000000 0.543264 0.000000 0.839562 0.280969 0.280969 0.280969
4647.871094 0.000000 1714.966797 0.000000 0.470930 0.000000 0.882171 0.279365 0.279365 0.279365
4639.169922 0.000000 1707.768921 0.000000 0.406654 0.000000 0.913582 0.260865 0.260865 0.260865
4658.592773 0.000000 1700.242432 0.000000 0.579052 0.000000 0.815290 0.263751 0.263751 0.263751
4613.292969 0.000000 1700.548706 0.000000 0.543863 0.000000 0.839174 0.233091 0.233091 0.233091
4663.569824 0.000000 1714.529419 0.000000 0.322723 0.000000 0.946493 0.248452 0.248452 0.248452
4670.358398 0.000000 1701.402954 0.000000 0.566938 0.000000 0.823760 0.281839 0.281839 0.281839
4656.086914 0.000000 1730.212769 0.000000 0.009399 0.000000 0.999956 0.258597 0.258597 0.258597
4671.475098 0.000000 1699.298462 0.000000 0.352707 0.000000 0.935734 0.277746 0.277746 0.277746
4639.979004 0.000000 1723.599243 0.000000 0.283426 0.000000 0.958994 0.275681 0.275681 0.275681
4615.012695 0.000000 1695.622070 0.000000 0.225075 0.000000 0.974341 0.249991 0.249991 0.249991
4647.998535 0.000000 1717.957031 0.000000 0.436550 0.000000 0.899680 0.267683 0.267683 0.267683
4695.293457 0.000000 1718.096069 0.000000 0.124832 0.000000 0.992178 0.190364 0.190364 0.190364
4707.666992 0.000000 1731.017456 0.000000 0.495074 0.000000 0.868851 0.192903 0.192903 0.192903
4703.330566 0.000000 1726.952393 0.000000 0.059419 0.000000 0.998233 0.191632 0.191632 0.191632
4703.888672 0.000000 1716.075562 0.000000 0.455087 0.000000 0.890447 0.196139 0.196139 0.196139
4700.979980 0.000000 1709.810425 0.000000 0.159058 0.000000 0.987269 0.199779 0.199779 0.199779
4708.830078 0.000000 1729.458984 0.000000 0.490660 0.000000 0.871351 0.212742 0.212742 0.212742
4699.790527 0.000000 1713.284790 0.000000 0.569098 0.000000 0.822270 0.221735 0.221735 0.221735
4673.945801 0.000000 1710.835083 0.000000 0.271863 0.000000 0.962336 0.218536 0.218536 0.218536
4707.506348 0.000000 1726.401367 0.000000 0.424677 0.000000 0.905345 0.228612 0.228612 0.228612
4697.534668 0.000000 1704.093262 0.000000 0.035556 0.000000 0.999368 0.221955 0.221955 0.221955
4696.631836 0.000000 1705.144165 0.000000 0.077532 0.000000 0.996990 0.222390 0.222390 0.222390
4678.218750 0.000000 1713.605347 0.000000 0.362339 0.000000 0.932046 0.277666 0.277666 0.277666
4706.554688 0.000000 1704.245361 0.000000 0.028704 0.000000 0.999588 0.239383 0.239383 0.239383
4677.575684 0.000000 1715.879761 0.000000 0.538774 0.000000 0.842450 0.258077 0.258077 0.258077
4715.903809 0.000000 1694.638672 0.000000 0.477528 0.000000 0.878617 0.232747 0.232747 0.232747
4703.121582 0.000000 1725.791504 0.000000 0.176683 0.000000 0.984268 0.237405 0.237405 0.237405
4708.343262 0.000000 1701.072632 0.000000 0.208826 0.000000 0.977953 0.275495 0.275495 0.275495
4672.213379 0.000000 1706.632935 0.000000 0.226634 0.000000 0.973980 0.238979 0.238979 0.238979
4700.237305 0.000000 1698.506592 0.000000 0.466980 0.000000 0.884268 0.281270 0.281270 0.281270
4708.323242 0.000000 1705.031982 0.000000 0.445623 0.000000 0.895221 0.278821 0.278821 0.278821
4677.924316 0.000000 1710.170654 0.000000 0.364514 0.000000 0.931198 0.277126 0.277126 0.277126
4700.225586 0.000000 1722.161133 0.000000 0.051063 0.000000 0.998695 0.241540 0.241540 0.241540
4703.979004 0.000000 1723.599243 0.000000 0.531284 0.000000 0.847194 0.278704 0.278704 0.278704
4707.665039 0.000000 1704.112183 0.000000 0.547820 0.000000 0.836596 0.246230 0.246230 0.246230
4844.147461 0.000000 1766.651001 0.000000 0.379317 0.000000 0.925267 0.209638 0.209638 0.209638
4851.583984 0.000000 1755.591553 0.000000 0.342031 0.000000 0.939689 0.238476 0.238476 0.238476
6759.591309 0.000000 719.648560 0.000000 0.156862 0.000000 0.987621 0.191345 0.191345 0.191345
6781.738281 0.000000 706.061646 0.000000 0.109174 0.000000 0.994023 0.189784 0.189784 0.189784
6726.997070 0.000000 718.069458 0.000000 0.397715 0.000000 0.917509 0.201748 0.201748 0.201748
6730.234863 0.000000 725.258423 0.000000 0.355008 0.000000 0.934863 0.199370 0.199370 0.199370
6741.008301 0.000000 706.917542 0.000000 0.458419 0.000000 0.888736 0.209888 0.209888 0.209888
6756.742188 0.000000 731.017700 0.000000 0.061172 0.000000 0.998127 0.204365 0.204365 0.204365
6735.354980 0.000000 724.034607 0.000000 0.124252 0.000000 0.992251 0.212220 0.212220 0.212220
6747.322754 0.000000 702.282471 0.000000 0.151500 0.000000 0.988457 0.217342 0.217342 0.217342
6728.396484 0.000000 716.593140 0.000000 0.149063 0.000000 0.988828 0.275146 0.275146 0.275146
6758.524902 0.000000 725.165894 0.000000 0.469289 0.000000 0.883045 0.254988 0.254988 0.254988
6768.334961 0.000000 693.915833 0.000000 0.180530 0.000000 0.983570 0.233609 0.233609 0.233609
6749.641113 0.000000 723.568481 0.000000 0.078872 0.000000 0.996885 0.249403 0.249403 0.249403
6762.673340 0.000000 734.440796 0.000000 0.530355 0.000000 0.847776 0.193155 0.193155 0.193155
6779.529785 0.000000 734.943848 0.000000 0.405999 0.000000 0.913873 0.201819 0.201819 0.201819
6742.292480 0.000000 765.717468 0.000000 0.326888 0.000000 0.945063 0.218104 0.218104 0.218104
6744.470703 0.000000 757.044861 0.000000 0.160502 0.000000 0.987036 0.217430 0.217430 0.217430
6749.379395 0.000000 745.772278 0.000000 0.528516 0.000000 0.848923 0.234403 0.234403 0.234403
6775.696777 0.000000 743.582703 0.000000 0.383033 0.000000 0.923735 0.227138 0.227138 0.227138
6764.736816 0.000000 737.118958 0.000000 0.272323 0.000000 0.962206 0.266405 0.266405 0.266405
6759.881348 0.000000 734.360107 0.000000 0.440360 0.000000 0.897821 0.235273 0.235273 0.235273
6760.114258 0.000000 736.852234 0.000000 0.085445 0.000000 0.996343 0.245742 0.245742 0.245742
6761.191895 0.000000 736.742920 0.000000 0.051297 0.000000 0.998683 0.245292 0.245292 0.245292
6747.464355 0.000000 759.861267 0.000000 0.172531 0.000000 0.985004 0.249270 0.249270 0.249270
6807.599609 0.000000 732.367676 0.000000 0.303839 0.000000 0.952723 0.212917 0.212917 0.212917
6845.587402 0.000000 725.710327 0.000000 0.234422 0.000000 0.972135 0.226958 0.226958 0.226958
6804.196289 0.000000 726.574829 0.000000 0.130356 0.000000 0.991467 0.216165 0.216165 0.216165
6810.769531 0.000000 726.485901 0.000000 0.493343 0.000000 0.869835 0.225407 0.225407 0.225407
6796.904785 0.000000 705.294922 0.000000 0.309141 0.000000 0.951016 0.224342 0.224342 0.224342
6805.902344 0.000000 723.298889 0.000000 0.343427 0.000000 0.939179 0.262765 0.262765 0.262765
6796.862793 0.000000 722.474854 0.000000 0.585741 0.000000 0.810499 0.282553 0.282553 0.282553
6838.610352 0.000000 727.725769 0.000000 0.250408 0.000000 0.968141 0.276364 0.276364 0.276364
6810.614258 0.000000 721.455994 0.000000 0.565516 0.000000 0.824737 0.266001 0.266001 0.266001
6839.218262 0.000000 729.949036 0.000000 0.426713 0.000000 0.904387 0.279901 0.279901 0.279901
6809.886230 0.000000 719.884888 0.000000 0.448128 0.000000 0.893969 0.278875 0.278875 0.278875
6804.037109 0.000000 717.561157 0.000000 0.109768 0.000000 0.993957 0.272101 0.272101 0.272101
6855.440918 0.000000 728.219604 0.000000 0.213926 0.000000 0.976850 0.205666 0.205666 0.205666
6879.732910 0.000000 730.629272 0.000000 0.258122 0.000000 0.966112 0.212485 0.212485 0.212485
6897.352051 0.000000 730.946167 0.000000 0.354611 0.000000 0.935014 0.231260 0.231260 0.231260
6896.248535 0.000000 731.617859 0.000000 0.433095 0.000000 0.901348 0.232199 0.232199 0.232199
6853.217285 0.000000 725.961548 0.000000 0.243586 0.000000 0.969879 0.241119 0.241119 0.241119
6852.561035 0.000000 724.094055 0.000000 0.308404 0.000000 0.951255 0.241949 0.241949 0.241949
6860.862793 0.000000 722.474854 0.000000 0.449624 0.000000 0.893218 0.265956 0.265956 0.265956
6814.945801 0.000000 762.760803 0.000000 0.071545 0.000000 0.997437 0.202503 0.202503 0.202503
6793.923828 0.000000 751.891296 0.000000 0.493221 0.000000 0.869904 0.216316 0.216316 0.216316
6817.739258 0.000000 736.820862 0.000000 0.390605 0.000000 0.920558 0.228217 0.228217 0.228217
6828.992676 0.000000 757.197632 0.000000 0.289451 0.000000 0.957193 0.230503 0.230503 0.230503
6881.491699 0.000000 740.192139 0.000000 0.533745 0.000000 0.845646 0.195260 0.195260 0.195260
6907.993164 0.000000 750.840454 0.000000 0.254177 0.000000 0.967158 0.207997 0.207997 0.207997
6902.998047 0.000000 751.599182 0.000000 0.360742 0.000000 0.932666 0.213964 0.213964 0.213964
6868.029785 0.000000 738.223633 0.000000 0.295348 0.000000 0.955390 0.214323 0.214323 0.214323
6902.395020 0.000000 744.360107 0.000000 0.070032 0.000000 0.997545 0.271339 0.271339 0.271339
6901.096680 0.000000 748.207214 0.000000 0.017197 0.000000 0.999852 0.233605 0.233605 0.233605
6878.228516 0.000000 734.308533 0.000000 0.360063 0.000000 0.932928 0.247510 0.247510 0.247510
6901.988770 0.000000 745.536133 0.000000 0.103346 0.000000 0.994645 0.272801 0.272801 0.272801
6718.281738 0.000000 843.848816 0.000000 0.042506 0.000000 0.999096 0.240963 0.240963 0.240963
6713.305176 0.000000 841.977966 0.000000 0.579776 0.000000 0.814776 0.255758 0.255758 0.255758
6772.463867 0.000000 805.863098 0.000000 0.379315 0.000000 0.925268 0.191946 0.191946 0.191946
6762.440430 0.000000 806.990234 0.000000 0.193992 0.000000 0.981003 0.204508 0.204508 0.204508
6724.166992 0.000000 839.545837 0.000000 0.546767 0.000000 0.837285 0.200518 0.200518 0.200518
6722.335449 0.000000 822.011292 0.000000 0.371084 0.000000 0.928599 0.216562 0.216562 0.216562
6759.388184 0.000000 808.842041 0.000000 0.449005 0.000000 0.893529 0.215853 0.215853 0.215853
6757.802246 0.000000 809.058105 0.000000 0.084788 0.000000 0.996399 0.215725 0.215725 0.215725
6721.626465 0.000000 845.698608 0.000000 0.217427 0.000000 0.976077 0.220925 0.220925 0.220925
6747.559082 0.000000 826.670593 0.000000 0.577802 0.000000 0.816177 0.232017 0.232017 0.232017
6759.881348 0.000000 790.844482 0.000000 0.284967 0.000000 0.958537 0.234844 0.234844 0.234844
6734.511719 0.000000 801.415649 0.000000 0.105621 0.000000 0.994406 0.244594 0.244594 0.244594
6697.785156 0.000000 881.348938 0.000000 0.525779 0.000000 0.850621 0.249402 0.249402 0.249402
6712.213867 0.000000 858.792786 0.000000 0.010757 0.000000 0.999942 0.247546 0.247546 0.247546
6706.699707 0.000000 878.318542 0.000000 0.192194 0.000000 0.981357 0.274930 0.274930 0.274930
6720.517090 0.000000 897.042664 0.000000 0.449711 0.000000 0.893174 0.209804 0.209804 0.209804
6758.464355 0.000000 890.159668 0.000000 0.287975 0.000000 0.957638 0.232929 0.232929 0.232929
6768.177246 0.000000 885.307556 0.000000 0.310996 0.000000 0.950411 0.233690 0.233690 0.233690
6742.709473 0.000000 867.227722 0.000000 0.098033 0.000000 0.995183 0.234555 0.234555 0.234555
6770.448730 0.000000 890.490479 0.000000 0.034274 0.000000 0.999412 0.273474 0.273474 0.273474
6723.610840 0.000000 849.247375 0.000000 0.359521 0.000000 0.933137 0.242128 0.242128 0.242128
6748.237305 0.000000 851.240906 0.000000 0.126869 0.000000 0.991919 0.274970 0.274970 0.274970
6728.323730 0.000000 865.790161 0.000000 0.559714 0.000000 0.828686 0.247914 0.247914 0.247914
6796.164062 0.000000 826.290894 0.000000 0.473592 0.000000 0.880744 0.223670 0.223670 0.223670
6786.597656 0.000000 804.246277 0.000000 0.506867 0.000000 0.862024 0.282137 0.282137 0.282137
6806.163574 0.000000 793.746521 0.000000 0.014933 0.000000 0.999888 0.226493 0.226493 0.226493
6784.213379 0.000000 802.882874 0.000000 0.303449 0.000000 0.952848 0.239941 0.239941 0.239941
6952.074707 0.000000 766.629822 0.000000 0.543525 0.000000 0.839393 0.219404 0.219404 0.219404
6975.314453 0.000000 762.209656 0.000000 0.128208 0.000000 0.991747 0.229648 0.229648 0.229648
6931.693848 0.000000 763.632629 0.000000 0.042834 0.000000 0.999082 0.218202 0.218202 0.218202
6922.511230 0.000000 752.987732 0.000000 0.483654 0.000000 0.875259 0.235326 0.235326 0.235326
6915.610840 0.000000 736.278625 0.000000 0.555451 0.000000 0.831549 0.236779 0.236779 0.236779
6936.183105 0.000000 755.984375 0.000000 0.342334 0.000000 0.939578 0.250181 0.250181 0.250181
7026.750488 0.000000 774.850159 0.000000 0.251166 0.000000 0.967944 0.198529 0.198529 0.198529
6997.917480 0.000000 778.559143 0.000000 0.438660 0.000000 0.898653 0.208687 0.208687 0.208687
7019.575684 0.000000 765.027100 0.000000 0.432948 0.000000 0.901419 0.220709 0.220709 0.220709
7002.769531 0.000000 782.970276 0.000000 0.077110 0.000000 0.997023 0.226215 0.226215 0.226215
6983.754395 0.000000 764.263184 0.000000 0.346417 0.000000 0.938080 0.270492 0.270492 0.270492
6977.515137 0.000000 763.481873 0.000000 0.321647 0.000000 0.946859 0.252792 0.252792 0.252792
7038.572266 0.000000 784.814636 0.000000 0.483391 0.000000 0.875404 0.263586 0.263586 0.263586
7017.761719 0.000000 773.286072 0.000000 0.448104 0.000000 0.893982 0.278874 0.278874 0.278874
7002.614258 0.000000 777.940369 0.000000 0.147153 0.000000 0.989114 0.242288 0.242288 0.242288
7045.729492 0.000000 776.325745 0.000000 0.569274 0.000000 0.822148 0.196600 0.196600 0.196600
7087.350098 0.000000 789.039917 0.000000 0.056505 0.000000 0.998402 0.199452 0.199452 0.199452
7042.657715 0.000000 779.059204 0.000000 0.569108 0.000000 0.822263 0.224282 0.224282 0.224282
7094.203613 0.000000 774.627319 0.000000 0.135739 0.000000 0.990745 0.221062 0.221062 0.221062
7066.283691 0.000000 780.842712 0.000000 0.316994 0.000000 0.948428 0.216517 0.216517 0.216517
7057.052246 0.000000 777.101440 0.000000 0.040453 0.000000 0.999181 0.270514 0.270514 0.270514
7097.239746 0.000000 777.626160 0.000000 0.333308 0.000000 0.942818 0.253928 0.253928 0.253928
7072.087402 0.000000 774.416138 0.000000 0.502184 0.000000 0.864761 0.249546 0.249546 0.249546
7095.038086 0.000000 782.296936 0.000000 0.141841 0.000000 0.989890 0.240319 0.240319 0.240319
7057.965332 0.000000 774.921997 0.000000 0.410383 0.000000 0.911913 0.278827 0.278827 0.278827
7043.005859 0.000000 785.254883 0.000000 0.470069 0.000000 0.882630 0.256479 0.256479 0.256479
7091.956055 0.000000 779.731812 0.000000 0.103423 0.000000 0.994637 0.271979 0.271979 0.271979
7155.914062 0.000000 740.085266 0.000000 0.514750 0.000000 0.857340 0.198179 0.198179 0.198179
7121.357910 0.000000 767.712524 0.000000 0.266451 0.000000 0.963848 0.230728 0.230728 0.230728
7155.583984 0.000000 738.872803 0.000000 0.129270 0.000000 0.991609 0.252446 0.252446 0.252446
7104.489258 0.000000 765.718933 0.000000 0.167263 0.000000 0.985912 0.275679 0.275679 0.275679
7141.645508 0.000000 770.076782 0.000000 0.176437 0.000000 0.984312 0.249797 0.249797 0.249797
6964.241699 0.000000 802.516052 0.000000 0.399270 0.000000 0.916833 0.225831 0.225831 0.225831
6982.997070 0.000000 831.038208 0.000000 0.190501 0.000000 0.981687 0.200526 0.200526 0.200526
7027.308594 0.000000 805.956360 0.000000 0.367646 0.000000 0.929966 0.260251 0.260251 0.260251
7036.166992 0.000000 893.846802 0.000000 0.362593 0.000000 0.931948 0.264517 0.264517 0.264517
7043.916016 0.000000 795.394287 0.000000 0.381197 0.000000 0.924494 0.224635 0.224635 0.224635
7074.932617 0.000000 901.342529 0.000000 0.313004 0.000000 0.949752 0.191777 0.191777 0.191777
7040.328125 0.000000 895.734009 0.000000 0.335048 0.000000 0.942201 0.225611 0.225611 0.225611
7126.696289 0.000000 883.580322 0.000000 0.565633 0.000000 0.824657 0.228814 0.228814 0.228814
7212.760254 0.000000 659.833252 0.000000 0.511069 0.000000 0.859540 0.193286 0.193286 0.193286
7293.294434 0.000000 636.843567 0.000000 0.125448 0.000000 0.992100 0.220474 0.220474 0.220474
7294.208984 0.000000 657.988831 0.000000 0.109023 0.000000 0.994039 0.224640 0.224640 0.224640
7290.353516 0.000000 622.458557 0.000000 0.414460 0.000000 0.910068 0.278205 0.278205 0.278205
7291.628418 0.000000 665.003662 0.000000 0.285670 0.000000 0.958328 0.245045 0.245045 0.245045
7286.683594 0.000000 651.889954 0.000000 0.445000 0.000000 0.895531 0.261970 0.261970 0.261970
7282.304199 0.000000 647.715881 0.000000 0.011771 0.000000 0.999931 0.250340 0.250340 0.250340
7287.719727 0.000000 625.357971 0.000000 0.152494 0.000000 0.988304 0.234240 0.234240 0.234240
7292.552246 0.000000 622.637390 0.000000 0.293683 0.000000 0.955903 0.256237 0.256237 0.256237
7349.633789 0.000000 601.901001 0.000000 0.502203 0.000000 0.864750 0.194994 0.194994 0.194994
7322.529785 0.000000 620.250610 0.000000 0.453824 0.000000 0.891091 0.201221 0.201221 0.201221
7336.653320 0.000000 610.486328 0.000000 0.525740 0.000000 0.850645 0.215648 0.215648 0.215648
7317.323242 0.000000 606.065613 0.000000 0.099043 0.000000 0.995083 0.271895 0.271895 0.271895
7350.683594 0.000000 595.405579 0.000000 0.068392 0.000000 0.997659 0.272826 0.272826 0.272826
7347.083008 0.000000 597.257935 0.000000 0.101601 0.000000 0.994825 0.273924 0.273924 0.273924
7338.279785 0.000000 609.700500 0.000000 0.233007 0.000000 0.972475 0.257724 0.257724 0.257724
7312.554199 0.000000 617.618652 0.000000 0.545254 0.000000 0.838271 0.245188 0.245188 0.245188
7335.595215 0.000000 607.941650 0.000000 0.220854 0.000000 0.975307 0.239870 0.239870 0.239870
7299.149902 0.000000 610.637024 0.000000 0.458793 0.000000 0.888543 0.279800 0.279800 0.279800
7299.005859 0.000000 615.801758 0.000000 0.110133 0.000000 0.993917 0.241344 0.241344 0.241344
7315.400879 0.000000 620.816772 0.000000 0.246741 0.000000 0.969082 0.246934 0.246934 0.246934
7410.216309 0.000000 609.388550 0.000000 0.115659 0.000000 0.993289 0.197958 0.197958 0.197958
7416.412109 0.000000 619.889832 0.000000 0.493533 0.000000 0.869727 0.214293 0.214293 0.214293
7423.246094 0.000000 600.853271 0.000000 0.229790 0.000000 0.973240 0.251011 0.251011 0.251011
7408.827148 0.000000 608.681641 0.000000 0.140026 0.000000 0.990148 0.268481 0.268481 0.268481
7361.148926 0.000000 588.992920 0.000000 0.326160 0.000000 0.945315 0.269672 0.269672 0.269672
7310.686523 0.000000 635.919617 0.000000 0.071951 0.000000 0.997408 0.190737 0.190737 0.190737
7311.228516 0.000000 648.340271 0.000000 0.123737 0.000000 0.992315 0.200480 0.200480 0.200480
7331.093262 0.000000 643.704224 0.000000 0.242101 0.000000 0.970251 0.201443 0.201443 0.201443
7326.924805 0.000000 660.632935 0.000000 0.322641 0.000000 0.946522 0.213097 0.213097 0.213097
7327.069336 0.000000 630.711243 0.000000 0.176054 0.000000 0.984381 0.221475 0.221475 0.221475
7322.769531 0.000000 670.001526 0.000000 0.426454 0.000000 0.904509 0.225140 0.225140 0.225140
7338.844238 0.000000 630.227966 0.000000 0.248527 0.000000 0.968625 0.275637 0.275637 0.275637
7330.421875 0.000000 657.820007 0.000000 0.336553 0.000000 0.941665 0.256392 0.256392 0.256392
7337.763184 0.000000 643.348633 0.000000 0.482220 0.000000 0.876050 0.235808 0.235808 0.235808
7308.215332 0.000000 632.184448 0.000000 0.015551 0.000000 0.999879 0.271004 0.271004 0.271004
7331.792969 0.000000 622.304688 0.000000 0.464546 0.000000 0.885549 0.245525 0.245525 0.245525
7330.942871 0.000000 659.763000 0.000000 0.134784 0.000000 0.990875 0.259087 0.259087 0.259087
7296.743652 0.000000 672.248840 0.000000 0.506071 0.000000 0.862492 0.250598 0.250598 0.250598
7333.606445 0.000000 624.247498 0.000000 0.439636 0.000000 0.898176 0.260416 0.260416 0.260416
7307.572266 0.000000 646.906982 0.000000 0.041757 0.000000 0.999128 0.263222 0.263222 0.263222
7322.905273 0.000000 654.901489 0.000000 0.580324 0.000000 0.814385 0.249740 0.249740 0.249740
7333.876953 0.000000 645.145508 0.000000 0.036972 0.000000 0.999316 0.239016 0.239016 0.239016
7386.709961 0.000000 658.368042 0.000000 0.561912 0.000000 0.827197 0.193604 0.193604 0.193604
7421.294434 0.000000 636.843567 0.000000 0.476914 0.000000 0.878950 0.225719 0.225719 0.225719
7392.868164 0.000000 637.699524 0.000000 0.396946 0.000000 0.917842 0.228786 0.228786 0.228786
7388.834961 0.000000 630.003906 0.000000 0.065813 0.000000 0.997832 0.228476 0.228476 0.228476
7445.843750 0.000000 615.128479 0.000000 0.228774 0.000000 0.973480 0.201334 0.201334 0.201334
7427.452637 0.000000 604.816284 0.000000 0.398610 0.000000 0.917120 0.231286 0.231286 0.231286
7450.769531 0.000000 613.517151 0.000000 0.488627 0.000000 0.872492 0.225856 0.225856 0.225856
7448.351074 0.000000 616.974121 0.000000 0.120533 0.000000 0.992709 0.223799 0.223799 0.223799
7486.281738 0.000000 617.911316 0.000000 0.191976 0.000000 0.981400 0.274257 0.274257 0.274257
7483.539551 0.000000 617.378418 0.000000 0.448214 0.000000 0.893927 0.273236 0.273236 0.273236
7443.222656 0.000000 606.676819 0.000000 0.075557 0.000000 0.997142 0.238550 0.238550 0.238550
7424.489258 0.000000 596.265808 0.000000 0.045466 0.000000 0.998966 0.252201 0.252201 0.252201
7451.631348 0.000000 620.693726 0.000000 0.121980 0.000000 0.992533 0.238646 0.238646 0.238646
7488.743652 0.000000 615.764465 0.000000 0.284039 0.000000 0.958813 0.242604 0.242604 0.242604
7489.670898 0.000000 614.764465 0.000000 0.058024 0.000000 0.998315 0.239747 0.239747 0.239747
7495.583496 0.000000 617.097046 0.000000 0.400628 0.000000 0.916241 0.278523 0.278523 0.278523
7476.365234 0.000000 660.594360 0.000000 0.364331 0.000000 0.931270 0.192225 0.192225 0.192225
7458.111328 0.000000 652.943298 0.000000 0.232854 0.000000 0.972512 0.190662 0.190662 0.190662
7439.590332 0.000000 673.424622 0.000000 0.526498 0.000000 0.850177 0.203921 0.203921 0.203921
7435.256348 0.000000 674.361450 0.000000 0.022710 0.000000 0.999742 0.213209 0.213209 0.213209
7448.030273 0.000000 634.633301 0.000000 0.084964 0.000000 0.996384 0.210888 0.210888 0.210888
7430.164062 0.000000 649.897888 0.000000 0.088450 0.000000 0.996081 0.212374 0.212374 0.212374
7461.604004 0.000000 643.912109 0.000000 0.303891 0.000000 0.952707 0.222808 0.222808 0.222808
7430.753418 0.000000 626.492798 0.000000 0.394395 0.000000 0.918941 0.238157 0.238157 0.238157
7434.359863 0.000000 629.145630 0.000000 0.148269 0.000000 0.988947 0.229873 0.229873 0.229873
7444.580078 0.000000 668.925293 0.000000 0.507277 0.000000 0.861783 0.280161 0.280161 0.280161
7433.122070 0.000000 668.389771 0.000000 0.427032 0.000000 0.904237 0.240061 0.240061 0.240061
7460.343262 0.000000 627.869507 0.000000 0.487583 0.000000 0.873077 0.276883 0.276883 0.276883
7451.824219 0.000000 634.189636 0.000000 0.075639 0.000000 0.997135 0.255884 0.255884 0.255884
7508.436035 0.000000 663.599976 0.000000 0.120772 0.000000 0.992680 0.194547 0.194547 0.194547
7507.343262 0.000000 672.929260 0.000000 0.371833 0.000000 0.928299 0.215571 0.215571 0.215571
7505.267090 0.000000 651.961914 0.000000 0.513718 0.000000 0.857959 0.214503 0.214503 0.214503
7497.352539 0.000000 622.937744 0.000000 0.405383 0.000000 0.914147 0.216911 0.216911 0.216911
7510.383789 0.000000 668.339966 0.000000 0.204008 0.000000 0.978969 0.230986 0.230986 0.230986
7490.597656 0.000000 634.793152 0.000000 0.229525 0.000000 0.973303 0.254821 0.254821 0.254821
7185.360840 0.000000 723.972839 0.000000 0.529076 0.000000 0.848575 0.193069 0.193069 0.193069
7187.576660 0.000000 713.264099 0.000000 0.004036 0.000000 0.999992 0.192700 0.192700 0.192700
7181.796875 0.000000 716.825317 0.000000 0.070784 0.000000 0.997492 0.238491 0.238491 0.238491
7171.574219 0.000000 731.236084 0.000000 0.439921 0.000000 0.898036 0.279410 0.279410 0.279410
7211.365234 0.000000 720.800354 0.000000 0.561800 0.000000 0.827273 0.274368 0.274368 0.274368
7173.933594 0.000000 718.649109 0.000000 0.037273 0.000000 0.999305 0.261316 0.261316 0.261316
7210.301758 0.000000 721.358276 0.000000 0.405760 0.000000 0.913980 0.271515 0.271515 0.271515
7201.799316 0.000000 716.698425 0.000000 0.075231 0.000000 0.997166 0.273230 0.273230 0.273230
7183.853516 0.000000 692.549805 0.000000 0.405557 0.000000 0.914070 0.252065 0.252065 0.252065
7168.860352 0.000000 733.653992 0.000000 0.140599 0.000000 0.990067 0.232665 0.232665 0.232665
7256.077637 0.000000 687.208984 0.000000 0.373749 0.000000 0.927530 0.197505 0.197505 0.197505
7254.733398 0.000000 686.583618 0.000000 0.328507 0.000000 0.944502 0.223565 0.223565 0.223565
7287.719727 0.000000 681.842346 0.000000 0.145471 0.000000 0.989362 0.231282 0.231282 0.231282
7285.270996 0.000000 681.112610 0.000000 0.378413 0.000000 0.925637 0.234997 0.234997 0.234997
7269.645508 0.000000 713.592407 0.000000 0.053182 0.000000 0.998585 0.258333 0.258333 0.258333
7244.104980 0.000000 720.711243 0.000000 0.437802 0.000000 0.899071 0.248604 0.248604 0.248604
7208.015625 0.000000 741.925476 0.000000 0.533413 0.000000 0.845855 0.193305 0.193305 0.193305
7196.834961 0.000000 742.972656 0.000000 0.508041 0.000000 0.861333 0.276293 0.276293 0.276293
7298.026855 0.000000 726.438721 0.000000 0.201869 0.000000 0.979413 0.195655 0.195655 0.195655
7301.933594 0.000000 718.649109 0.000000 0.019457 0.000000 0.999811 0.237862 0.237862 0.237862
7369.693359 0.000000 686.875244 0.000000 0.388304 0.000000 0.921532 0.210225 0.210225 0.210225
7415.848633 0.000000 677.875610 0.000000 0.516628 0.000000 0.856210 0.221130 0.221130 0.221130
7413.071289 0.000000 682.553772 0.000000 0.095366 0.000000 0.995442 0.211953 0.211953 0.211953
7392.813477 0.000000 721.318359 0.000000 0.471312 0.000000 0.881967 0.227661 0.227661 0.227661
7380.600586 0.000000 688.834473 0.000000 0.136264 0.000000 0.990673 0.221067 0.221067 0.221067
7384.231445 0.000000 679.490845 0.000000 0.412579 0.000000 0.910922 0.259985 0.259985 0.259985
7411.583984 0.000000 682.388428 0.000000 0.054406 0.000000 0.998519 0.262500 0.262500 0.262500
7378.263672 0.000000 689.899048 0.000000 0.179878 0.000000 0.983689 0.257882 0.257882 0.257882
7392.728027 0.000000 689.021240 0.000000 0.521048 0.000000 0.853527 0.257291 0.257291 0.257291
7410.000000 0.000000 681.120422 0.000000 0.548656 0.000000 0.836048 0.281092 0.281092 0.281092
7390.069336 0.000000 690.940674 0.000000 0.017520 0.000000 0.999847 0.246708 0.246708 0.246708
7207.778320 0.000000 846.616211 0.000000 0.546521 0.000000 0.837446 0.197945 0.197945 0.197945
7207.167969 0.000000 839.251221 0.000000 0.465561 0.000000 0.885016 0.204884 0.204884 0.204884
7228.771484 0.000000 827.865356 0.000000 0.451322 0.000000 0.892361 0.202724 0.202724 0.202724
7207.260742 0.000000 812.385254 0.000000 0.380017 0.000000 0.924979 0.204116 0.204116 0.204116
7209.936523 0.000000 843.877686 0.000000 0.180661 0.000000 0.983545 0.216653 0.216653 0.216653
7207.513672 0.000000 845.423340 0.000000 0.310938 0.000000 0.950430 0.231731 0.231731 0.231731
7207.071777 0.000000 840.499390 0.000000 0.486064 0.000000 0.873923 0.274902 0.274902 0.274902
7252.231934 0.000000 814.569092 0.000000 0.169813 0.000000 0.985476 0.231079 0.231079 0.231079
7186.579102 0.000000 902.454529 0.000000 0.209226 0.000000 0.977867 0.190833 0.190833 0.190833
7184.278320 0.000000 860.821411 0.000000 0.515385 0.000000 0.856959 0.201771 0.201771 0.201771
7202.554688 0.000000 856.979675 0.000000 0.006118 0.000000 0.999981 0.225450 0.225450 0.225450
7435.442871 0.000000 695.621094 0.000000 0.474431 0.000000 0.880293 0.192502 0.192502 0.192502
7448.535645 0.000000 694.167542 0.000000 0.496868 0.000000 0.867826 0.198024 0.198024 0.198024
7468.016602 0.000000 679.561096 0.000000 0.495670 0.000000 0.868511 0.207201 0.207201 0.207201
7515.678223 0.000000 682.826660 0.000000 0.240557 0.000000 0.970635 0.191453 0.191453 0.191453
7520.594727 0.000000 697.450928 0.000000 0.306323 0.000000 0.951928 0.208466 0.208466 0.208466
7515.133789 0.000000 681.342651 0.000000 0.119558 0.000000 0.992827 0.222344 0.222344 0.222344
7527.291504 0.000000 716.817993 0.000000 0.312491 0.000000 0.949921 0.241029 0.241029 0.241029
7481.001953 0.000000 769.728882 0.000000 0.260482 0.000000 0.965479 0.206070 0.206070 0.206070
7480.427734 0.000000 786.167847 0.000000 0.288583 0.000000 0.957455 0.210293 0.210293 0.210293
7479.347168 0.000000 790.348145 0.000000 0.313204 0.000000 0.949686 0.277210 0.277210 0.277210
7480.073242 0.000000 773.735535 0.000000 0.370383 0.000000 0.928879 0.247653 0.247653 0.247653
7535.250488 0.000000 763.277771 0.000000 0.351608 0.000000 0.936147 0.208379 0.208379 0.208379
7540.467773 0.000000 755.421570 0.000000 0.436791 0.000000 0.899563 0.235228 0.235228 0.235228
7558.988770 0.000000 775.757080 0.000000 0.520503 0.000000 0.853860 0.280455 0.280455 0.280455
7552.649414 0.000000 749.211975 0.000000 0.063400 0.000000 0.997988 0.245451 0.245451 0.245451
7477.929688 0.000000 806.851990 0.000000 0.004121 0.000000 0.999992 0.206782 0.206782 0.206782
7473.244629 0.000000 827.833557 0.000000 0.174808 0.000000 0.984603 0.227276 0.227276 0.227276
7550.841797 0.000000 901.797913 0.000000 0.340268 0.000000 0.940328 0.229615 0.229615 0.229615
7550.572266 0.000000 897.783386 0.000000 0.024914 0.000000 0.999690 0.235108 0.235108 0.235108
7545.653809 0.000000 900.106079 0.000000 0.155508 0.000000 0.987835 0.244772 0.244772 0.244772
7584.544434 0.000000 838.112793 0.000000 0.462489 0.000000 0.886625 0.192623 0.192623 0.192623
7577.598145 0.000000 814.412842 0.000000 0.523814 0.000000 0.851833 0.200310 0.200310 0.200310
7568.278320 0.000000 811.500549 0.000000 0.115582 0.000000 0.993298 0.216990 0.216990 0.216990
7582.684082 0.000000 833.041809 0.000000 0.069979 0.000000 0.997548 0.229475 0.229475 0.229475
7580.429199 0.000000 830.124695 0.000000 0.012778 0.000000 0.999918 0.268690 0.268690 0.268690
7563.238281 0.000000 796.922363 0.000000 0.541552 0.000000 0.840667 0.245134 0.245134 0.245134
7564.654785 0.000000 794.485657 0.000000 0.241851 0.000000 0.970313 0.242543 0.242543 0.242543
7585.365723 0.000000 857.440491 0.000000 0.073305 0.000000 0.997310 0.194684 0.194684 0.194684
7554.026855 0.000000 895.891846 0.000000 0.256716 0.000000 0.966487 0.196576 0.196576 0.196576
7578.692383 0.000000 859.716553 0.000000 0.316211 0.000000 0.948689 0.224911 0.224911 0.224911
7554.875977 0.000000 879.852356 0.000000 0.252021 0.000000 0.967722 0.223241 0.223241 0.223241
7580.834961 0.000000 855.941406 0.000000 0.576148 0.000000 0.817345 0.253190 0.253190 0.253190
7556.693359 0.000000 879.905945 0.000000 0.248197 0.000000 0.968710 0.276374 0.276374 0.276374
7562.511230 0.000000 865.956482 0.000000 0.287688 0.000000 0.957724 0.259022 0.259022 0.259022
7580.025391 0.000000 853.636475 0.000000 0.182486 0.000000 0.983208 0.264031 0.264031 0.264031
6591.586426 0.000000 1352.575195 0.000000 0.307907 0.000000 0.951416 0.191773 0.191773 0.191773
6566.962402 0.000000 1343.320557 0.000000 0.407126 0.000000 0.913372 0.198792 0.198792 0.198792
6565.762695 0.000000 1343.018066 0.000000 0.035817 0.000000 0.999358 0.269981 0.269981 0.269981
6621.392090 0.000000 1343.814087 0.000000 0.249723 0.000000 0.968317 0.191113 0.191113 0.191113
6625.478516 0.000000 1329.162109 0.000000 0.037966 0.000000 0.999279 0.205139 0.205139 0.205139
6600.986816 0.000000 1353.848633 0.000000 0.320172 0.000000 0.947360 0.211083 0.211083 0.211083
6635.575684 0.000000 1329.870850 0.000000 0.111264 0.000000 0.993791 0.218399 0.218399 0.218399
6622.022949 0.000000 1342.553467 0.000000 0.006374 0.000000 0.999980 0.255798 0.255798 0.255798
6628.170898 0.000000 1353.537231 0.000000 0.101353 0.000000 0.994851 0.271074 0.271074 0.271074
6631.513672 0.000000 1353.782715 0.000000 0.533469 0.000000 0.845819 0.247519 0.247519 0.247519
6620.429199 0.000000 1338.484009 0.000000 0.144591 0.000000 0.989492 0.266698 0.266698 0.266698
6622.526367 0.000000 1343.596069 0.000000 0.320275 0.000000 0.947325 0.260479 0.260479 0.260479
6631.150391 0.000000 1352.519775 0.000000 0.281738 0.000000 0.959491 0.244026 0.244026 0.244026
6617.549805 0.000000 1354.027588 0.000000 0.353760 0.000000 0.935336 0.251315 0.251315 0.251315
6715.523926 0.000000 917.209351 0.000000 0.573039 0.000000 0.819528 0.222292 0.222292 0.222292
6714.873047 0.000000 919.498901 0.000000 0.296829 0.000000 0.954931 0.224209 0.224209 0.224209
6708.887695 0.000000 927.337097 0.000000 0.019055 0.000000 0.999818 0.259202 0.259202 0.259202
6713.538086 0.000000 926.700500 0.000000 0.213365 0.000000 0.976973 0.239295 0.239295 0.239295
6719.312988 0.000000 945.024963 0.000000 0.177134 0.000000 0.984187 0.241716 0.241716 0.241716
6728.396484 0.000000 942.530640 0.000000 0.137402 0.000000 0.990515 0.254441 0.254441 0.254441
6695.388184 0.000000 978.295166 0.000000 0.461515 0.000000 0.887132 0.219007 0.219007 0.219007
6717.505859 0.000000 968.310791 0.000000 0.202693 0.000000 0.979242 0.233868 0.233868 0.233868
6715.256348 0.000000 969.204895 0.000000 0.546238 0.000000 0.837630 0.244199 0.244199 0.244199
6822.469727 0.000000 930.344055 0.000000 0.463960 0.000000 0.885856 0.192392 0.192392 0.192392
6819.093262 0.000000 926.126099 0.000000 0.081085 0.000000 0.996707 0.205020 0.205020 0.205020
6812.436523 0.000000 920.352844 0.000000 0.256127 0.000000 0.966643 0.232070 0.232070 0.232070
6873.618652 0.000000 955.427246 0.000000 0.210237 0.000000 0.977650 0.200190 0.200190 0.200190
6856.986816 0.000000 958.458069 0.000000 0.277901 0.000000 0.960610 0.214649 0.214649 0.214649
6827.722656 0.000000 1015.557617 0.000000 0.370912 0.000000 0.928668 0.204036 0.204036 0.204036
6828.416992 0.000000 1005.237915 0.000000 0.152943 0.000000 0.988235 0.270085 0.270085 0.270085
6827.550781 0.000000 1009.941650 0.000000 0.027476 0.000000 0.999622 0.246376 0.246376 0.246376
6862.623047 0.000000 964.945679 0.000000 0.010689 0.000000 0.999943 0.246152 0.246152 0.246152
6756.191406 0.000000 1028.423706 0.000000 0.476498 0.000000 0.879176 0.279566 0.279566 0.279566
6762.844238 0.000000 1025.618652 0.000000 0.462028 0.000000 0.886866 0.275432 0.275432 0.275432
6761.849121 0.000000 1027.390869 0.000000 0.221198 0.000000 0.975229 0.266055 0.266055 0.266055
6829.942871 0.000000 1038.659668 0.000000 0.509059 0.000000 0.860732 0.192753 0.192753 0.192753
6788.035156 0.000000 1022.938477 0.000000 0.221777 0.000000 0.975097 0.200283 0.200283 0.200283
6807.366211 0.000000 1019.371460 0.000000 0.044645 0.000000 0.999003 0.199358 0.199358 0.199358
6831.286621 0.000000 1018.492126 0.000000 0.502914 0.000000 0.864336 0.217432 0.217432 0.217432
6814.425293 0.000000 1023.603088 0.000000 0.245143 0.000000 0.969487 0.228050 0.228050 0.228050
6841.538086 0.000000 1039.669312 0.000000 0.011758 0.000000 0.999931 0.243375 0.243375 0.243375
6898.584961 0.000000 1044.613037 0.000000 0.127118 0.000000 0.991888 0.190631 0.190631 0.190631
6899.824219 0.000000 1061.053223 0.000000 0.453691 0.000000 0.891159 0.210348 0.210348 0.210348
6861.344238 0.000000 1031.008423 0.000000 0.285946 0.000000 0.958246 0.263293 0.263293 0.263293
6896.316895 0.000000 1058.450073 0.000000 0.280576 0.000000 0.959832 0.231866 0.231866 0.231866
6856.904785 0.000000 1022.998413 0.000000 0.362062 0.000000 0.932154 0.229373 0.229373 0.229373
6882.942871 0.000000 1055.153564 0.000000 0.068267 0.000000 0.997667 0.260408 0.260408 0.260408
6899.016113 0.000000 1094.054199 0.000000 0.216754 0.000000 0.976226 0.190648 0.190648 0.190648
6895.448242 0.000000 1097.710693 0.000000 0.435762 0.000000 0.900062 0.199540 0.199540 0.199540
6890.601562 0.000000 1125.051758 0.000000 0.049807 0.000000 0.998759 0.228774 0.228774 0.228774
6887.339844 0.000000 1074.785645 0.000000 0.008381 0.000000 0.999965 0.241933 0.241933 0.241933
6890.844238 0.000000 1082.103027 0.000000 0.459690 0.000000 0.888080 0.279122 0.279122 0.279122
6889.855957 0.000000 1074.218750 0.000000 0.281694 0.000000 0.959504 0.275454 0.275454 0.275454
6962.163574 0.000000 950.725647 0.000000 0.170907 0.000000 0.985287 0.231573 0.231573 0.231573
6951.778320 0.000000 1016.069336 0.000000 0.266977 0.000000 0.963703 0.196656 0.196656 0.196656
6952.389160 0.000000 1013.864746 0.000000 0.077628 0.000000 0.996982 0.202553 0.202553 0.202553
7059.693848 0.000000 933.085754 0.000000 0.556791 0.000000 0.830653 0.234271 0.234271 0.234271
7144.675293 0.000000 950.790283 0.000000 0.144993 0.000000 0.989433 0.219703 0.219703 0.219703
7159.777832 0.000000 932.685120 0.000000 0.414852 0.000000 0.909889 0.230984 0.230984 0.230984
7147.365234 0.000000 946.737854 0.000000 0.438048 0.000000 0.898951 0.274508 0.274508 0.274508
6924.919922 0.000000 1066.754517 0.000000 0.428495 0.000000 0.903544 0.206065 0.206065 0.206065
6954.415039 0.000000 1036.336914 0.000000 0.191658 0.000000 0.981462 0.211375 0.211375 0.211375
6958.203125 0.000000 1040.240112 0.000000 0.429782 0.000000 0.902932 0.212133 0.212133 0.212133
6935.838867 0.000000 1047.742432 0.000000 0.296680 0.000000 0.954977 0.217799 0.217799 0.217799
6938.769531 0.000000 1065.392090 0.000000 0.096173 0.000000 0.995365 0.219214 0.219214 0.219214
6943.813965 0.000000 1039.757202 0.000000 0.519807 0.000000 0.854284 0.226730 0.226730 0.226730
6936.351074 0.000000 1068.849121 0.000000 0.172446 0.000000 0.985019 0.221923 0.221923 0.221923
6960.162598 0.000000 1030.582031 0.000000 0.413281 0.000000 0.910604 0.254626 0.254626 0.254626
6920.362793 0.000000 1072.503784 0.000000 0.370443 0.000000 0.928855 0.266573 0.266573 0.266573
6945.743164 0.000000 1016.957153 0.000000 0.159982 0.000000 0.987120 0.258996 0.258996 0.258996
6936.413086 0.000000 1070.136963 0.000000 0.398988 0.000000 0.916956 0.237722 0.237722 0.237722
6943.979004 0.000000 1045.786743 0.000000 0.291333 0.000000 0.956622 0.246571 0.246571 0.246571
6986.780273 0.000000 1051.502563 0.000000 0.252614 0.000000 0.967567 0.206497 0.206497 0.206497
6919.015137 0.000000 1081.425171 0.000000 0.528607 0.000000 0.848867 0.229362 0.229362 0.229362
6918.916992 0.000000 1075.627075 0.000000 0.494602 0.000000 0.869119 0.279881 0.279881 0.279881
6921.386230 0.000000 1080.473633 0.000000 0.573753 0.000000 0.819028 0.265153 0.265153 0.265153
6997.609863 0.000000 1105.852173 0.000000 0.036604 0.000000 0.999330 0.202701 0.202701 0.202701
7030.403320 0.000000 1092.888916 0.000000 0.285864 0.000000 0.958270 0.214726 0.214726 0.214726
7023.249023 0.000000 1095.940430 0.000000 0.228963 0.000000 0.973435 0.276720 0.276720 0.276720
7030.395020 0.000000 1083.266357 0.000000 0.551836 0.000000 0.833952 0.243778 0.243778 0.243778
6995.222656 0.000000 1115.036133 0.000000 0.093909 0.000000 0.995581 0.274229 0.274229 0.274229
7032.213867 0.000000 1084.730347 0.000000 0.122652 0.000000 0.992450 0.272565 0.272565 0.272565
7024.198730 0.000000 1096.875000 0.000000 0.203192 0.000000 0.979139 0.263416 0.263416 0.263416
7067.635742 0.000000 1096.253540 0.000000 0.026922 0.000000 0.999638 0.189323 0.189323 0.189323
7089.542480 0.000000 1094.631836 0.000000 0.280554 0.000000 0.959838 0.223053 0.223053 0.223053
7091.413574 0.000000 1092.753662 0.000000 0.070501 0.000000 0.997512 0.271348 0.271348 0.271348
7131.304688 0.000000 1118.341797 0.000000 0.135430 0.000000 0.990787 0.218154 0.218154 0.218154
7154.163574 0.000000 1120.178711 0.000000 0.047471 0.000000 0.998873 0.239146 0.239146 0.239146
7164.166992 0.000000 1119.784302 0.000000 0.401893 0.000000 0.915687 0.279502 0.279502 0.279502
7156.413574 0.000000 1122.761108 0.000000 0.498184 0.000000 0.867071 0.281021 0.281021 0.281021
6688.449219 0.000000 1325.135986 0.000000 0.573456 0.000000 0.819237 0.193433 0.193433 0.193433
6663.143066 0.000000 1326.525146 0.000000 0.387862 0.000000 0.921718 0.193566 0.193566 0.193566
6657.354492 0.000000 1340.856689 0.000000 0.371843 0.000000 0.928295 0.230475 0.230475 0.230475
6658.034668 0.000000 1325.226318 0.000000 0.039382 0.000000 0.999224 0.229607 0.229607 0.229607
6693.876953 0.000000 1322.958008 0.000000 0.433448 0.000000 0.901179 0.280706 0.280706 0.280706
6845.032715 0.000000 1321.328735 0.000000 0.343026 0.000000 0.939326 0.191498 0.191498 0.191498
6850.597656 0.000000 1312.605591 0.000000 0.221685 0.000000 0.975118 0.232156 0.232156 0.232156
6975.210449 0.000000 1164.289307 0.000000 0.449350 0.000000 0.893356 0.210306 0.210306 0.210306
6936.864258 0.000000 1156.241455 0.000000 0.203723 0.000000 0.979029 0.255397 0.255397 0.255397
6951.639160 0.000000 1156.760620 0.000000 0.450007 0.000000 0.893025 0.233901 0.233901 0.233901
7033.460938 0.000000 1129.790771 0.000000 0.100147 0.000000 0.994973 0.190444 0.190444 0.190444
7021.143066 0.000000 1129.989868 0.000000 0.504759 0.000000 0.863260 0.199628 0.199628 0.199628
6998.981445 0.000000 1157.912109 0.000000 0.506154 0.000000 0.862443 0.208831 0.208831 0.208831
6987.761719 0.000000 1154.097168 0.000000 0.046757 0.000000 0.998906 0.214879 0.214879 0.214879
7037.294434 0.000000 1145.202881 0.000000 0.544848 0.000000 0.838535 0.220436 0.220436 0.220436
7034.750488 0.000000 1144.174927 0.000000 0.437950 0.000000 0.898999 0.248113 0.248113 0.248113
7015.708496 0.000000 1135.682251 0.000000 0.209221 0.000000 0.977868 0.233945 0.233945 0.233945
6976.369141 0.000000 1169.214722 0.000000 0.521846 0.000000 0.853039 0.242847 0.242847 0.242847
7082.835938 0.000000 1135.693726 0.000000 0.454201 0.000000 0.890899 0.192562 0.192562 0.192562
7098.504395 0.000000 1153.446411 0.000000 0.507384 0.000000 0.861720 0.192895 0.192895 0.192895
7099.529785 0.000000 1130.334473 0.000000 0.413888 0.000000 0.910328 0.204921 0.204921 0.204921
7064.422363 0.000000 1159.387695 0.000000 0.090482 0.000000 0.995898 0.202659 0.202659 0.202659
7083.440918 0.000000 1137.375854 0.000000 0.030861 0.000000 0.999524 0.222384 0.222384 0.222384
7077.123047 0.000000 1168.849487 0.000000 0.324062 0.000000 0.946036 0.241665 0.241665 0.241665
7100.871582 0.000000 1158.882324 0.000000 0.423567 0.000000 0.905865 0.230591 0.230591 0.230591
7079.071777 0.000000 1179.405640 0.000000 0.260592 0.000000 0.965449 0.252880 0.252880 0.252880
7101.255859 0.000000 1150.777466 0.000000 0.147414 0.000000 0.989075 0.252231 0.252231 0.252231
7145.656250 0.000000 1169.797241 0.000000 0.250028 0.000000 0.968239 0.191082 0.191082 0.191082
7113.278320 0.000000 1179.771118 0.000000 0.182804 0.000000 0.983149 0.190547 0.190547 0.190547
7142.385742 0.000000 1146.532471 0.000000 0.039838 0.000000 0.999206 0.191000 0.191000 0.191000
7147.659668 0.000000 1165.867188 0.000000 0.112732 0.000000 0.993625 0.191523 0.191523 0.191523
7143.465820 0.000000 1139.573242 0.000000 0.474547 0.000000 0.880230 0.200894 0.200894 0.200894
7110.966309 0.000000 1177.557495 0.000000 0.500062 0.000000 0.865990 0.231525 0.231525 0.231525
7145.405762 0.000000 1167.540405 0.000000 0.005332 0.000000 0.999986 0.231112 0.231112 0.231112
7149.442383 0.000000 1141.450317 0.000000 0.081561 0.000000 0.996668 0.225785 0.225785 0.225785
7143.708496 0.000000 1135.682251 0.000000 0.312172 0.000000 0.950025 0.256992 0.256992 0.256992
7130.586914 0.000000 1161.212891 0.000000 0.333784 0.000000 0.942650 0.241304 0.241304 0.241304
7063.366211 0.000000 1188.824585 0.000000 0.411928 0.000000 0.911216 0.206923 0.206923 0.206923
7100.473145 0.000000 1213.155884 0.000000 0.031736 0.000000 0.999496 0.206539 0.206539 0.206539
7061.209473 0.000000 1193.034180 0.000000 0.487735 0.000000 0.872992 0.216764 0.216764 0.216764
7067.792969 0.000000 1215.612671 0.000000 0.361455 0.000000 0.932389 0.229366 0.229366 0.229366
7081.168457 0.000000 1217.729248 0.000000 0.422067 0.000000 0.906565 0.241973 0.241973 0.241973
7064.312988 0.000000 1189.600952 0.000000 0.055760 0.000000 0.998444 0.239719 0.239719 0.239719
7075.792969 0.000000 1187.148438 0.000000 0.213270 0.000000 0.976993 0.260743 0.260743 0.260743
7065.950684 0.000000 1188.152344 0.000000 0.276408 0.000000 0.961040 0.242506 0.242506 0.242506
7131.203125 0.000000 1225.489624 0.000000 0.130280 0.000000 0.991477 0.195112 0.195112 0.195112
7120.905273 0.000000 1240.071289 0.000000 0.463216 0.000000 0.886245 0.204355 0.204355 0.204355
7134.652344 0.000000 1198.257202 0.000000 0.098357 0.000000 0.995151 0.200276 0.200276 0.200276
7132.266602 0.000000 1223.539062 0.000000 0.519375 0.000000 0.854547 0.213037 0.213037 0.213037
7140.813477 0.000000 1203.326050 0.000000 0.361358 0.000000 0.932427 0.209470 0.209470 0.209470
7142.060059 0.000000 1206.996094 0.000000 0.576784 0.000000 0.816897 0.229464 0.229464 0.229464
7157.270996 0.000000 1189.472046 0.000000 0.341688 0.000000 0.939813 0.271846 0.271846 0.271846
7123.857422 0.000000 1238.868774 0.000000 0.357221 0.000000 0.934020 0.243076 0.243076 0.243076
7162.650879 0.000000 1197.349854 0.000000 0.556954 0.000000 0.830543 0.281722 0.281722 0.281722
7160.213867 0.000000 1197.699097 0.000000 0.145186 0.000000 0.989404 0.246059 0.246059 0.246059
7155.956055 0.000000 1231.606812 0.000000 0.151018 0.000000 0.988531 0.269125 0.269125 0.269125
7114.479980 0.000000 1214.321533 0.000000 0.408609 0.000000 0.912709 0.260896 0.260896 0.260896
6933.502930 0.000000 1290.975464 0.000000 0.429313 0.000000 0.903156 0.192459 0.192459 0.192459
6913.843750 0.000000 1289.035889 0.000000 0.354560 0.000000 0.935033 0.204395 0.204395 0.204395
6921.062988 0.000000 1284.636230 0.000000 0.535686 0.000000 0.844417 0.266461 0.266461 0.266461
6962.709961 0.000000 1313.230469 0.000000 0.466553 0.000000 0.884493 0.201842 0.201842 0.201842
6964.080566 0.000000 1312.334106 0.000000 0.570340 0.000000 0.821409 0.209990 0.209990 0.209990
6391.044922 0.000000 1507.682129 0.000000 0.115460 0.000000 0.993312 0.195493 0.195493 0.195493
6394.250000 0.000000 1502.085693 0.000000 0.347674 0.000000 0.937616 0.210843 0.210843 0.210843
6378.375488 0.000000 1500.136963 0.000000 0.489931 0.000000 0.871761 0.207147 0.207147 0.207147
6393.198730 0.000000 1495.329224 0.000000 0.425203 0.000000 0.905098 0.220625 0.220625 0.220625
6376.301758 0.000000 1508.910522 0.000000 0.491170 0.000000 0.871064 0.229406 0.229406 0.229406
6397.982422 0.000000 1480.118652 0.000000 0.459588 0.000000 0.888132 0.242976 0.242976 0.242976
6375.595215 0.000000 1511.691650 0.000000 0.335068 0.000000 0.942194 0.243271 0.243271 0.243271
6391.966309 0.000000 1504.489502 0.000000 0.162226 0.000000 0.986754 0.257621 0.257621 0.257621
6318.236328 0.000000 1580.934570 0.000000 0.429710 0.000000 0.902967 0.220674 0.220674 0.220674
6359.935547 0.000000 1562.133301 0.000000 0.194544 0.000000 0.980894 0.191119 0.191119 0.191119
6362.245605 0.000000 1543.589966 0.000000 0.194654 0.000000 0.980872 0.194108 0.194108 0.194108
6362.057129 0.000000 1560.541260 0.000000 0.574641 0.000000 0.818405 0.207467 0.207467 0.207467
6378.415039 0.000000 1544.696289 0.000000 0.346652 0.000000 0.937994 0.206331 0.206331 0.206331
6340.140625 0.000000 1566.645996 0.000000 0.001473 0.000000 0.999999 0.213489 0.213489 0.213489
6350.057129 0.000000 1559.740479 0.000000 0.335019 0.000000 0.942212 0.254437 0.254437 0.254437
6397.613770 0.000000 1551.649292 0.000000 0.509735 0.000000 0.860332 0.257604 0.257604 0.257604
6362.672852 0.000000 1563.353516 0.000000 0.253002 0.000000 0.967466 0.238339 0.238339 0.238339
6375.180176 0.000000 1555.502441 0.000000 0.263219 0.000000 0.964736 0.261510 0.261510 0.261510
6366.069336 0.000000 1538.206299 0.000000 0.313136 0.000000 0.949708 0.253153 0.253153 0.253153
6453.449707 0.000000 1405.516479 0.000000 0.530357 0.000000 0.847774 0.206516 0.206516 0.206516
6457.653809 0.000000 1408.465454 0.000000 0.169316 0.000000 0.985562 0.273931 0.273931 0.273931
6457.305176 0.000000 1406.821777 0.000000 0.138187 0.000000 0.990406 0.273345 0.273345 0.273345
6482.728027 0.000000 1389.783081 0.000000 0.293317 0.000000 0.956015 0.219740 0.219740 0.219740
6470.382324 0.000000 1392.625000 0.000000 0.063254 0.000000 0.997997 0.214554 0.214554 0.214554
6477.796875 0.000000 1394.637817 0.000000 0.491851 0.000000 0.870679 0.243423 0.243423 0.243423
6466.857910 0.000000 1397.968506 0.000000 0.424119 0.000000 0.905606 0.279171 0.279171 0.279171
6495.826172 0.000000 1407.200806 0.000000 0.273082 0.000000 0.961991 0.244396 0.244396 0.244396
6469.933594 0.000000 1396.461670 0.000000 0.264564 0.000000 0.964368 0.244284 0.244284 0.244284
6524.552246 0.000000 1356.934204 0.000000 0.392803 0.000000 0.919622 0.274178 0.274178 0.274178
6515.308594 0.000000 1370.800049 0.000000 0.349623 0.000000 0.936891 0.277230 0.277230 0.277230
6468.465332 0.000000 1394.414673 0.000000 0.484141 0.000000 0.874990 0.280650 0.280650 0.280650
6421.208496 0.000000 1451.988647 0.000000 0.125654 0.000000 0.992074 0.190586 0.190586 0.190586
6424.204102 0.000000 1456.636841 0.000000 0.234124 0.000000 0.972207 0.208313 0.208313 0.208313
6422.025391 0.000000 1454.403442 0.000000 0.269913 0.000000 0.962885 0.221467 0.221467 0.221467
6423.285645 0.000000 1451.819824 0.000000 0.426321 0.000000 0.904572 0.238567 0.238567 0.238567
6423.843750 0.000000 1450.449585 0.000000 0.017867 0.000000 0.999840 0.233613 0.233613 0.233613
6405.351562 0.000000 1463.742432 0.000000 0.163852 0.000000 0.986485 0.267939 0.267939 0.267939
6410.347656 0.000000 1452.178955 0.000000 0.534908 0.000000 0.844910 0.253034 0.253034 0.253034
6403.005859 0.000000 1463.067383 0.000000 0.193080 0.000000 0.981183 0.274845 0.274845 0.274845
6490.074219 0.000000 1442.625854 0.000000 0.493225 0.000000 0.869902 0.193152 0.193152 0.193152
6472.237305 0.000000 1460.135986 0.000000 0.347689 0.000000 0.937610 0.197799 0.197799 0.197799
6497.478516 0.000000 1442.130859 0.000000 0.353214 0.000000 0.935543 0.220360 0.220360 0.220360
6496.608398 0.000000 1443.640625 0.000000 0.329186 0.000000 0.944265 0.220110 0.220110 0.220110
6495.750977 0.000000 1418.692383 0.000000 0.131826 0.000000 0.991273 0.220539 0.220539 0.220539
6505.205566 0.000000 1468.565674 0.000000 0.146372 0.000000 0.989230 0.222138 0.222138 0.222138
6470.382324 0.000000 1449.109375 0.000000 0.412995 0.000000 0.910733 0.216989 0.216989 0.216989
6494.425293 0.000000 1418.993774 0.000000 0.323886 0.000000 0.946096 0.222527 0.222527 0.222527
6504.703613 0.000000 1466.977905 0.000000 0.386919 0.000000 0.922114 0.233620 0.233620 0.233620
6494.521973 0.000000 1445.555176 0.000000 0.423293 0.000000 0.905993 0.228098 0.228098 0.228098
6493.463379 0.000000 1438.185425 0.000000 0.237208 0.000000 0.971459 0.267255 0.267255 0.267255
6498.086426 0.000000 1419.007446 0.000000 0.286748 0.000000 0.958006 0.257093 0.257093 0.257093
6554.122559 0.000000 1366.433350 0.000000 0.384018 0.000000 0.923326 0.192392 0.192392 0.192392
6535.620605 0.000000 1361.854248 0.000000 0.064155 0.000000 0.997940 0.209246 0.209246 0.209246
6530.773438 0.000000 1361.666382 0.000000 0.361508 0.000000 0.932369 0.263053 0.263053 0.263053
6619.970215 0.000000 1356.607178 0.000000 0.072900 0.000000 0.997339 0.262326 0.262326 0.262326
6616.484375 0.000000 1355.636108 0.000000 0.268729 0.000000 0.963216 0.250117 0.250117 0.250117
6611.253418 0.000000 1459.696045 0.000000 0.344419 0.000000 0.938816 0.195252 0.195252 0.195252
6624.813477 0.000000 1455.615234 0.000000 0.159404 0.000000 0.987213 0.230480 0.230480 0.230480
6654.208984 0.000000 1448.770020 0.000000 0.035273 0.000000 0.999378 0.222906 0.222906 0.222906
6621.948242 0.000000 1453.229736 0.000000 0.044325 0.000000 0.999017 0.231558 0.231558 0.231558
6625.152344 0.000000 1458.277222 0.000000 0.264770 0.000000 0.964312 0.254855 0.254855 0.254855
6627.061035 0.000000 1467.426270 0.000000 0.289083 0.000000 0.957304 0.272372 0.272372 0.272372
6627.590332 0.000000 1457.997681 0.000000 0.483634 0.000000 0.875270 0.279245 0.279245 0.279245
6612.580078 0.000000 1459.706543 0.000000 0.551990 0.000000 0.833851 0.262280 0.262280 0.262280
6627.980469 0.000000 1459.902954 0.000000 0.076885 0.000000 0.997040 0.258223 0.258223 0.258223
6621.641113 0.000000 1457.865356 0.000000 0.341663 0.000000 0.939823 0.257435 0.257435 0.257435
6429.422852 0.000000 1507.145630 0.000000 0.058677 0.000000 0.998277 0.189694 0.189694 0.189694
6434.937012 0.000000 1470.378418 0.000000 0.293278 0.000000 0.956027 0.211825 0.211825 0.211825
6432.284180 0.000000 1510.782471 0.000000 0.100196 0.000000 0.994968 0.220218 0.220218 0.220218
6431.750977 0.000000 1475.176758 0.000000 0.423627 0.000000 0.905837 0.225109 0.225109 0.225109
6430.191406 0.000000 1470.807739 0.000000 0.287103 0.000000 0.957900 0.225087 0.225087 0.225087
6426.256836 0.000000 1473.318726 0.000000 0.445877 0.000000 0.895094 0.224860 0.224860 0.224860
6401.280273 0.000000 1502.443115 0.000000 0.515263 0.000000 0.857032 0.235235 0.235235 0.235235
6424.136230 0.000000 1489.007935 0.000000 0.398293 0.000000 0.917258 0.252448 0.252448 0.252448
6428.834961 0.000000 1477.269531 0.000000 0.507374 0.000000 0.861726 0.238641 0.238641 0.238641
6402.034668 0.000000 1494.679443 0.000000 0.487623 0.000000 0.873054 0.235377 0.235377 0.235377
6425.831543 0.000000 1475.737183 0.000000 0.083741 0.000000 0.996488 0.273717 0.273717 0.273717
6431.373535 0.000000 1568.511230 0.000000 0.288828 0.000000 0.957381 0.194821 0.194821 0.194821
6424.351074 0.000000 1577.208496 0.000000 0.241062 0.000000 0.970510 0.220189 0.220189 0.220189
6436.687500 0.000000 1575.648315 0.000000 0.090457 0.000000 0.995900 0.235890 0.235890 0.235890
6433.152344 0.000000 1571.245972 0.000000 0.497983 0.000000 0.867187 0.235010 0.235010 0.235010
6440.301758 0.000000 1565.394897 0.000000 0.100432 0.000000 0.994944 0.272197 0.272197 0.272197
6444.614746 0.000000 1574.334717 0.000000 0.227135 0.000000 0.973863 0.248586 0.248586 0.248586
6443.365234 0.000000 1568.066040 0.000000 0.569932 0.000000 0.821692 0.271053 0.271053 0.271053
6428.231934 0.000000 1566.680908 0.000000 0.487802 0.000000 0.872955 0.279325 0.279325 0.279325
6445.710938 0.000000 1576.277344 0.000000 0.094712 0.000000 0.995505 0.261274 0.261274 0.261274
6443.627441 0.000000 1576.261597 0.000000 0.521185 0.000000 0.853444 0.233301 0.233301 0.233301
6446.588379 0.000000 1568.859375 0.000000 0.132456 0.000000 0.991189 0.272914 0.272914 0.272914
6442.301758 0.000000 1568.623901 0.000000 0.405685 0.000000 0.914013 0.268129 0.268129 0.268129
6437.762695 0.000000 1568.955566 0.000000 0.563025 0.000000 0.826440 0.281422 0.281422 0.281422
6436.531250 0.000000 1569.224121 0.000000 0.148107 0.000000 0.988971 0.272839 0.272839 0.272839
6444.436035 0.000000 1566.233887 0.000000 0.209701 0.000000 0.977766 0.274035 0.274035 0.274035
6587.211426 0.000000 1498.211914 0.000000 0.182624 0.000000 0.983183 0.190754 0.190754 0.190754
6619.528320 0.000000 1503.132935 0.000000 0.392683 0.000000 0.919674 0.199683 0.199683 0.199683
6622.945801 0.000000 1497.057617 0.000000 0.062674 0.000000 0.998034 0.200478 0.200478 0.200478
6604.970703 0.000000 1515.579590 0.000000 0.253211 0.000000 0.967411 0.211945 0.211945 0.211945
6623.972656 0.000000 1492.974731 0.000000 0.387064 0.000000 0.922053 0.209209 0.209209 0.209209
6604.241699 0.000000 1470.858521 0.000000 0.470836 0.000000 0.882221 0.219612 0.219612 0.219612
6610.425781 0.000000 1517.445923 0.000000 0.461722 0.000000 0.887025 0.226546 0.226546 0.226546
6609.469238 0.000000 1486.332153 0.000000 0.385154 0.000000 0.922852 0.215205 0.215205 0.215205
6615.838867 0.000000 1499.617432 0.000000 0.200757 0.000000 0.979641 0.225134 0.225134 0.225134
6624.754395 0.000000 1519.094727 0.000000 0.084771 0.000000 0.996400 0.228209 0.228209 0.228209
6630.002930 0.000000 1470.255371 0.000000 0.026657 0.000000 0.999645 0.228991 0.228991 0.228991
6624.052246 0.000000 1468.615967 0.000000 0.151483 0.000000 0.988460 0.226539 0.226539 0.226539
6606.623047 0.000000 1473.305054 0.000000 0.584604 0.000000 0.811319 0.239206 0.239206 0.239206
6635.584473 0.000000 1507.668701 0.000000 0.078759 0.000000 0.996894 0.261955 0.261955 0.261955
6632.301758 0.000000 1508.910522 0.000000 0.283326 0.000000 0.959024 0.242111 0.242111 0.242111
6595.574219 0.000000 1522.017334 0.000000 0.321161 0.000000 0.947024 0.274349 0.274349 0.274349
6633.405762 0.000000 1506.446655 0.000000 0.020065 0.000000 0.999799 0.255076 0.255076 0.255076
6618.372559 0.000000 1521.450562 0.000000 0.543978 0.000000 0.839099 0.249678 0.249678 0.249678
6621.854004 0.000000 1497.786133 0.000000 0.586939 0.000000 0.809631 0.265891 0.265891 0.265891
6635.903809 0.000000 1468.701172 0.000000 0.267441 0.000000 0.963574 0.275171 0.275171 0.275171
6637.887207 0.000000 1507.825684 0.000000 0.112399 0.000000 0.993663 0.274281 0.274281 0.274281
6618.770996 0.000000 1478.194458 0.000000 0.508402 0.000000 0.861120 0.276300 0.276300 0.276300
6603.890137 0.000000 1519.326782 0.000000 0.411052 0.000000 0.911612 0.254104 0.254104 0.254104
6632.114258 0.000000 1471.149170 0.000000 0.375029 0.000000 0.927013 0.255515 0.255515 0.255515
6592.743652 0.000000 1519.514526 0.000000 0.080107 0.000000 0.996786 0.233394 0.233394 0.233394
6629.645508 0.000000 1504.373657 0.000000 0.522862 0.000000 0.852417 0.281311 0.281311 0.281311
6610.265625 0.000000 1471.302368 0.000000 0.282960 0.000000 0.959132 0.277595 0.277595 0.277595
6624.724121 0.000000 1491.010132 0.000000 0.050222 0.000000 0.998738 0.273409 0.273409 0.273409
6654.400879 0.000000 1508.144409 0.000000 0.283993 0.000000 0.958826 0.267069 0.267069 0.267069
6616.817383 0.000000 1501.627319 0.000000 0.578777 0.000000 0.815486 0.273208 0.273208 0.273208
6627.665039 0.000000 1478.174683 0.000000 0.156921 0.000000 0.987611 0.263164 0.263164 0.263164
6586.750488 0.000000 1539.565552 0.000000 0.541889 0.000000 0.840450 0.282470 0.282470 0.282470
6589.982422 0.000000 1536.603027 0.000000 0.334122 0.000000 0.942530 0.276506 0.276506 0.276506
6633.128906 0.000000 1545.943848 0.000000 0.091060 0.000000 0.995845 0.193832 0.193832 0.193832
6648.471680 0.000000 1565.534180 0.000000 0.275090 0.000000 0.961418 0.206197 0.206197 0.206197
6654.913574 0.000000 1571.116699 0.000000 0.385574 0.000000 0.922677 0.213207 0.213207 0.213207
6621.938965 0.000000 1541.611572 0.000000 0.531188 0.000000 0.847254 0.225855 0.225855 0.225855
6620.436523 0.000000 1541.681030 0.000000 0.140718 0.000000 0.990050 0.221596 0.221596 0.221596
6270.390625 0.000000 1637.322998 0.000000 0.360101 0.000000 0.932913 0.192339 0.192339 0.192339
6306.177734 0.000000 1608.495605 0.000000 0.075614 0.000000 0.997137 0.198625 0.198625 0.198625
6276.189941 0.000000 1626.725830 0.000000 0.192575 0.000000 0.981282 0.207452 0.207452 0.207452
6326.998047 0.000000 1598.864746 0.000000 0.240381 0.000000 0.970679 0.207380 0.207380 0.207380
6319.392090 0.000000 1602.842651 0.000000 0.032299 0.000000 0.999478 0.219055 0.219055 0.219055
6332.055664 0.000000 1587.479858 0.000000 0.449381 0.000000 0.893340 0.229903 0.229903 0.229903
6310.014160 0.000000 1612.391113 0.000000 0.202083 0.000000 0.979368 0.216862 0.216862 0.216862
6333.256836 0.000000 1586.927246 0.000000 0.257171 0.000000 0.966366 0.227696 0.227696 0.227696
6301.685059 0.000000 1616.317139 0.000000 0.273991 0.000000 0.961732 0.230814 0.230814 0.230814
6302.521973 0.000000 1615.008301 0.000000 0.517272 0.000000 0.855821 0.252261 0.252261 0.252261
6330.750488 0.000000 1596.049927 0.000000 0.036064 0.000000 0.999349 0.272758 0.272758 0.272758
6295.843750 0.000000 1619.902710 0.000000 0.539235 0.000000 0.842155 0.253102 0.253102 0.253102
6302.868164 0.000000 1602.304688 0.000000 0.503835 0.000000 0.863800 0.248078 0.248078 0.248078
6312.923828 0.000000 1588.260620 0.000000 0.120247 0.000000 0.992744 0.251850 0.251850 0.251850
6277.217285 0.000000 1629.711548 0.000000 0.585935 0.000000 0.810358 0.254856 0.254856 0.254856
6272.743652 0.000000 1632.483276 0.000000 0.513581 0.000000 0.858041 0.244729 0.244729 0.244729
6321.734375 0.000000 1599.671631 0.000000 0.441121 0.000000 0.897448 0.241734 0.241734 0.241734
6301.720703 0.000000 1604.145752 0.000000 0.131187 0.000000 0.991358 0.274022 0.274022 0.274022
6383.722656 0.000000 1625.882202 0.000000 0.375255 0.000000 0.926922 0.192390 0.192390 0.192390
6396.008301 0.000000 1623.839722 0.000000 0.188799 0.000000 0.982016 0.196548 0.196548 0.196548
6347.084961 0.000000 1591.941162 0.000000 0.283857 0.000000 0.958867 0.200790 0.200790 0.200790
6387.824219 0.000000 1625.896973 0.000000 0.511512 0.000000 0.859276 0.216004 0.216004 0.216004
6351.104980 0.000000 1584.465088 0.000000 0.383950 0.000000 0.923354 0.218190 0.218190 0.218190
6337.219727 0.000000 1589.581055 0.000000 0.131398 0.000000 0.991330 0.246349 0.246349 0.246349
6397.613770 0.000000 1608.133667 0.000000 0.043027 0.000000 0.999074 0.228224 0.228224 0.228224
6375.039551 0.000000 1678.208496 0.000000 0.101786 0.000000 0.994806 0.206173 0.206173 0.206173
6398.499512 0.000000 1667.435425 0.000000 0.565759 0.000000 0.824571 0.231859 0.231859 0.231859
6390.395020 0.000000 1648.110107 0.000000 0.251091 0.000000 0.967964 0.275143 0.275143 0.275143
6354.134277 0.000000 1694.447021 0.000000 0.148840 0.000000 0.988861 0.268625 0.268625 0.268625
6373.762695 0.000000 1681.924316 0.000000 0.150042 0.000000 0.988680 0.254152 0.254152 0.254152
6385.734375 0.000000 1656.156006 0.000000 0.498121 0.000000 0.867108 0.254447 0.254447 0.254447
6387.501953 0.000000 1638.113770 0.000000 0.443162 0.000000 0.896442 0.260962 0.260962 0.260962
6421.502930 0.000000 1629.881714 0.000000 0.105595 0.000000 0.994409 0.190125 0.190125 0.190125
6425.706543 0.000000 1595.201904 0.000000 0.288054 0.000000 0.957614 0.192304 0.192304 0.192304
6421.235840 0.000000 1601.423584 0.000000 0.203964 0.000000 0.978978 0.191686 0.191686 0.191686
6413.612305 0.000000 1584.691162 0.000000 0.526602 0.000000 0.850112 0.197769 0.197769 0.197769
6423.105957 0.000000 1602.799194 0.000000 0.237499 0.000000 0.971388 0.198421 0.198421 0.198421
6439.039551 0.000000 1621.724121 0.000000 0.450029 0.000000 0.893014 0.212838 0.212838 0.212838
6429.325684 0.000000 1586.037476 0.000000 0.503781 0.000000 0.863831 0.208298 0.208298 0.208298
6430.022949 0.000000 1624.975342 0.000000 0.459078 0.000000 0.888396 0.228518 0.228518 0.228518
6424.231445 0.000000 1583.240845 0.000000 0.023297 0.000000 0.999729 0.273169 0.273169 0.273169
6443.584473 0.000000 1620.637451 0.000000 0.307794 0.000000 0.951453 0.264594 0.264594 0.264594
6413.796875 0.000000 1620.575317 0.000000 0.435375 0.000000 0.900249 0.278603 0.278603 0.278603
6427.970215 0.000000 1582.544678 0.000000 0.093411 0.000000 0.995628 0.242550 0.242550 0.242550
6435.061035 0.000000 1636.879395 0.000000 0.248037 0.000000 0.968751 0.240693 0.240693 0.240693
6428.472656 0.000000 1627.078735 0.000000 0.211912 0.000000 0.977289 0.267316 0.267316 0.267316
6400.489258 0.000000 1612.984497 0.000000 0.303649 0.000000 0.952784 0.270246 0.270246 0.270246
6411.042480 0.000000 1622.594360 0.000000 0.165991 0.000000 0.986127 0.262369 0.262369 0.262369
6435.546875 0.000000 1634.522583 0.000000 0.426168 0.000000 0.904644 0.278874 0.278874 0.278874
6412.215332 0.000000 1592.418823 0.000000 0.400639 0.000000 0.916236 0.265138 0.265138 0.265138
6418.479492 0.000000 1628.205933 0.000000 0.387902 0.000000 0.921701 0.269276 0.269276 0.269276
6430.725586 0.000000 1641.639404 0.000000 0.271795 0.000000 0.962355 0.201190 0.201190 0.201190
6414.511719 0.000000 1648.681274 0.000000 0.188061 0.000000 0.982157 0.267866 0.267866 0.267866
6412.215332 0.000000 1648.903198 0.000000 0.080247 0.000000 0.996775 0.274381 0.274381 0.274381
6401.148926 0.000000 1662.196045 0.000000 0.514371 0.000000 0.857568 0.245240 0.245240 0.245240
6667.557617 0.000000 1452.057129 0.000000 0.001805 0.000000 0.999998 0.203864 0.203864 0.203864
6696.388184 0.000000 1462.110962 0.000000 0.341819 0.000000 0.939766 0.206288 0.206288 0.206288
6664.859375 0.000000 1449.596436 0.000000 0.511010 0.000000 0.859575 0.205819 0.205819 0.205819
6672.583984 0.000000 1450.465454 0.000000 0.080893 0.000000 0.996723 0.208424 0.208424 0.208424
6696.728027 0.000000 1454.922974 0.000000 0.439226 0.000000 0.898377 0.221780 0.221780 0.221780
6718.147949 0.000000 1457.064087 0.000000 0.298307 0.000000 0.954470 0.238903 0.238903 0.238903
6709.408691 0.000000 1440.523071 0.000000 0.454483 0.000000 0.890755 0.225961 0.225961 0.225961
6677.323242 0.000000 1453.331177 0.000000 0.064540 0.000000 0.997915 0.271233 0.271233 0.271233
6662.966309 0.000000 1459.979370 0.000000 0.408820 0.000000 0.912615 0.249663 0.249663 0.249663
6686.521973 0.000000 1445.555176 0.000000 0.555188 0.000000 0.831725 0.241815 0.241815 0.241815
6693.123047 0.000000 1451.271362 0.000000 0.015353 0.000000 0.999882 0.234054 0.234054 0.234054
6677.902344 0.000000 1457.595825 0.000000 0.298274 0.000000 0.954480 0.277447 0.277447 0.277447
6716.871582 0.000000 1441.304199 0.000000 0.396447 0.000000 0.918058 0.253398 0.253398 0.253398
6660.693359 0.000000 1444.749756 0.000000 0.118841 0.000000 0.992913 0.235753 0.235753 0.235753
6689.799316 0.000000 1450.995361 0.000000 0.536171 0.000000 0.844109 0.258034 0.258034 0.258034
6691.546875 0.000000 1465.069458 0.000000 0.287050 0.000000 0.957916 0.243612 0.243612 0.243612
6678.176758 0.000000 1449.532349 0.000000 0.052003 0.000000 0.998647 0.230224 0.230224 0.230224
6676.580078 0.000000 1459.706543 0.000000 0.251994 0.000000 0.967729 0.277329 0.277329 0.277329
6695.071777 0.000000 1461.827515 0.000000 0.207108 0.000000 0.978318 0.275464 0.275464 0.275464
6665.122070 0.000000 1459.171021 0.000000 0.356332 0.000000 0.934359 0.273056 0.273056 0.273056
6690.942871 0.000000 1450.544189 0.000000 0.193925 0.000000 0.981016 0.274346 0.274346 0.274346
6714.833496 0.000000 1431.518555 0.000000 0.059281 0.000000 0.998241 0.271416 0.271416 0.271416
6711.779785 0.000000 1435.295532 0.000000 0.387980 0.000000 0.921668 0.246429 0.246429 0.246429
6693.261230 0.000000 1461.490967 0.000000 0.527430 0.000000 0.849598 0.280611 0.280611 0.280611
6657.237793 0.000000 1448.431396 0.000000 0.297632 0.000000 0.954681 0.273939 0.273939 0.273939
6662.282227 0.000000 1458.163818 0.000000 0.527113 0.000000 0.849795 0.251417 0.251417 0.251417
6716.564941 0.000000 1462.479004 0.000000 0.446667 0.000000 0.894700 0.279673 0.279673 0.279673
6744.891602 0.000000 1458.464478 0.000000 0.010613 0.000000 0.999944 0.204906 0.204906 0.204906
6739.616211 0.000000 1458.368042 0.000000 0.084575 0.000000 0.996417 0.229638 0.229638 0.229638
6721.950684 0.000000 1452.083862 0.000000 0.442359 0.000000 0.896838 0.259970 0.259970 0.259970
6721.354492 0.000000 1453.825439 0.000000 0.338918 0.000000 0.940816 0.258359 0.258359 0.258359
6721.312988 0.000000 1431.594971 0.000000 0.432385 0.000000 0.901689 0.274405 0.274405 0.274405
6720.743652 0.000000 1463.030151 0.000000 0.458310 0.000000 0.888793 0.245437 0.245437 0.245437
6817.947754 0.000000 1405.098511 0.000000 0.308681 0.000000 0.951166 0.191653 0.191653 0.191653
6816.607910 0.000000 1394.715698 0.000000 0.523787 0.000000 0.851849 0.197745 0.197745 0.197745
6827.407227 0.000000 1399.853027 0.000000 0.574924 0.000000 0.818207 0.204385 0.204385 0.204385
6817.987305 0.000000 1393.238647 0.000000 0.436905 0.000000 0.899507 0.202596 0.202596 0.202596
6820.830078 0.000000 1390.552734 0.000000 0.180019 0.000000 0.983663 0.206359 0.206359 0.206359
6892.760254 0.000000 1394.130127 0.000000 0.320933 0.000000 0.947102 0.191956 0.191956 0.191956
6833.424316 0.000000 1450.525879 0.000000 0.518988 0.000000 0.854782 0.201803 0.201803 0.201803
6826.219238 0.000000 1458.323975 0.000000 0.528401 0.000000 0.848995 0.201890 0.201890 0.201890
6826.544434 0.000000 1448.962402 0.000000 0.169089 0.000000 0.985601 0.274347 0.274347 0.274347
6832.316895 0.000000 1453.840698 0.000000 0.049100 0.000000 0.998794 0.273616 0.273616 0.273616
6832.827148 0.000000 1455.947266 0.000000 0.397431 0.000000 0.917632 0.269439 0.269439 0.269439
6867.935547 0.000000 1421.867798 0.000000 0.172129 0.000000 0.985074 0.214618 0.214618 0.214618
6868.029785 0.000000 1416.036133 0.000000 0.229065 0.000000 0.973411 0.220067 0.220067 0.220067
6866.338867 0.000000 1420.142578 0.000000 0.155991 0.000000 0.987758 0.214465 0.214465 0.214465
6865.977051 0.000000 1441.578613 0.000000 0.436698 0.000000 0.899608 0.244641 0.244641 0.244641
6876.718750 0.000000 1422.609863 0.000000 0.212346 0.000000 0.977195 0.242164 0.242164 0.242164
6862.050293 0.000000 1444.262451 0.000000 0.537868 0.000000 0.843029 0.276374 0.276374 0.276374
6709.994141 0.000000 1489.879883 0.000000 0.120006 0.000000 0.992773 0.190440 0.190440 0.190440
6710.255859 0.000000 1477.353760 0.000000 0.103011 0.000000 0.994680 0.193921 0.193921 0.193921
6718.854492 0.000000 1495.177124 0.000000 0.476570 0.000000 0.879137 0.206003 0.206003 0.206003
6715.429199 0.000000 1493.906372 0.000000 0.514944 0.000000 0.857224 0.214516 0.214516 0.214516
6696.687988 0.000000 1491.094360 0.000000 0.502166 0.000000 0.864771 0.212351 0.212351 0.212351
6698.059082 0.000000 1503.876709 0.000000 0.261959 0.000000 0.965079 0.216468 0.216468 0.216468
6678.292480 0.000000 1500.014282 0.000000 0.502783 0.000000 0.864413 0.231559 0.231559 0.231559
6681.036621 0.000000 1493.528687 0.000000 0.381626 0.000000 0.924317 0.234543 0.234543 0.234543
6703.221680 0.000000 1509.296021 0.000000 0.151532 0.000000 0.988452 0.228948 0.228948 0.228948
6701.684570 0.000000 1511.504517 0.000000 0.423298 0.000000 0.905991 0.222106 0.222106 0.222106
6682.696777 0.000000 1488.339844 0.000000 0.090950 0.000000 0.995855 0.232569 0.232569 0.232569
6682.370605 0.000000 1491.183472 0.000000 0.077139 0.000000 0.997020 0.273936 0.273936 0.273936
6687.082031 0.000000 1504.741455 0.000000 0.520967 0.000000 0.853577 0.232291 0.232291 0.232291
6716.196777 0.000000 1478.363647 0.000000 0.009481 0.000000 0.999955 0.269089 0.269089 0.269089
6702.890137 0.000000 1504.848511 0.000000 0.381876 0.000000 0.924213 0.278499 0.278499 0.278499
6703.144043 0.000000 1506.318359 0.000000 0.468885 0.000000 0.883259 0.273123 0.273123 0.273123
6691.712891 0.000000 1485.374146 0.000000 0.073353 0.000000 0.997306 0.271627 0.271627 0.271627
6742.020996 0.000000 1469.913818 0.000000 0.426762 0.000000 0.904364 0.216630 0.216630 0.216630
6744.325195 0.000000 1517.734009 0.000000 0.528946 0.000000 0.848656 0.222284 0.222284 0.222284
6754.393066 0.000000 1521.295410 0.000000 0.086255 0.000000 0.996273 0.216705 0.216705 0.216705
6740.708984 0.000000 1512.159180 0.000000 0.524384 0.000000 0.851482 0.227290 0.227290 0.227290
6732.904785 0.000000 1496.076172 0.000000 0.525435 0.000000 0.850834 0.228818 0.228818 0.228818
6723.610840 0.000000 1470.575562 0.000000 0.335608 0.000000 0.942002 0.257826 0.257826 0.257826
6756.531250 0.000000 1512.739746 0.000000 0.476899 0.000000 0.878958 0.267891 0.267891 0.267891
6721.343750 0.000000 1481.907104 0.000000 0.434529 0.000000 0.900658 0.257888 0.257888 0.257888
6683.131348 0.000000 1541.199341 0.000000 0.559136 0.000000 0.829076 0.193509 0.193509 0.193509
6696.015625 0.000000 1532.706665 0.000000 0.121138 0.000000 0.992636 0.190447 0.190447 0.190447
6667.616211 0.000000 1554.419312 0.000000 0.017498 0.000000 0.999847 0.189297 0.189297 0.189297
6691.093262 0.000000 1547.454224 0.000000 0.471155 0.000000 0.882050 0.208998 0.208998 0.208998
6686.762207 0.000000 1547.246704 0.000000 0.143117 0.000000 0.989706 0.273651 0.273651 0.273651
6676.942871 0.000000 1574.685303 0.000000 0.073397 0.000000 0.997303 0.235686 0.235686 0.235686
6658.422363 0.000000 1564.076416 0.000000 0.415387 0.000000 0.909645 0.244349 0.244349 0.244349
6745.661133 0.000000 1528.144287 0.000000 0.239174 0.000000 0.970977 0.190940 0.190940 0.190940
6781.738281 0.000000 1553.327271 0.000000 0.558018 0.000000 0.829829 0.193158 0.193158 0.193158
6747.739258 0.000000 1568.701538 0.000000 0.233341 0.000000 0.972395 0.204843 0.204843 0.204843
6740.841797 0.000000 1559.644287 0.000000 0.584795 0.000000 0.811181 0.220900 0.220900 0.220900
6774.904297 0.000000 1561.386353 0.000000 0.113111 0.000000 0.993582 0.215513 0.215513 0.215513
6727.231934 0.000000 1538.317383 0.000000 0.028469 0.000000 0.999595 0.220928 0.220928 0.220928
6746.696777 0.000000 1544.824219 0.000000 0.138170 0.000000 0.990409 0.222054 0.222054 0.222054
6760.166504 0.000000 1537.684204 0.000000 0.549673 0.000000 0.835380 0.243244 0.243244 0.243244
6753.315918 0.000000 1557.771118 0.000000 0.530212 0.000000 0.847865 0.238449 0.238449 0.238449
6756.191406 0.000000 1536.783081 0.000000 0.265725 0.000000 0.964049 0.235586 0.235586 0.235586
6773.881348 0.000000 1567.237793 0.000000 0.049328 0.000000 0.998783 0.256427 0.256427 0.256427
6755.658203 0.000000 1565.633423 0.000000 0.587421 0.000000 0.809281 0.233160 0.233160 0.233160
6775.950684 0.000000 1563.262085 0.000000 0.000108 0.000000 1.000000 0.243689 0.243689 0.243689
6766.601562 0.000000 1532.180664 0.000000 0.406763 0.000000 0.913534 0.278001 0.278001 0.278001
6746.770996 0.000000 1534.678833 0.000000 0.570580 0.000000 0.821242 0.255606 0.255606 0.255606
6760.114258 0.000000 1527.633545 0.000000 0.362826 0.000000 0.931857 0.249985 0.249985 0.249985
6768.795410 0.000000 1535.103149 0.000000 0.585704 0.000000 0.810525 0.281986 0.281986 0.281986
6757.645508 0.000000 1560.858032 0.000000 0.125290 0.000000 0.992120 0.236307 0.236307 0.236307
6775.349609 0.000000 1565.548096 0.000000 0.514838 0.000000 0.857287 0.272495 0.272495 0.272495
6827.071777 0.000000 1479.172241 0.000000 0.480742 0.000000 0.876862 0.205533 0.205533 0.205533
6816.240234 0.000000 1482.563599 0.000000 0.170171 0.000000 0.985415 0.222870 0.222870 0.222870
6822.060059 0.000000 1489.417969 0.000000 0.228027 0.000000 0.973655 0.225914 0.225914 0.225914
6815.169922 0.000000 1481.831421 0.000000 0.431608 0.000000 0.902061 0.260776 0.260776 0.260776
6817.743164 0.000000 1468.832153 0.000000 0.186208 0.000000 0.982510 0.260331 0.260331 0.260331
6818.086426 0.000000 1475.491821 0.000000 0.200359 0.000000 0.979723 0.255348 0.255348 0.255348
6814.069336 0.000000 1481.721924 0.000000 0.475803 0.000000 0.879552 0.261493 0.261493 0.261493
6867.935547 0.000000 1478.352173 0.000000 0.581911 0.000000 0.813252 0.211650 0.211650 0.211650
6869.229004 0.000000 1482.686035 0.000000 0.564668 0.000000 0.825318 0.210956 0.210956 0.210956
6868.575195 0.000000 1487.097778 0.000000 0.566378 0.000000 0.824146 0.221194 0.221194 0.221194
6878.394531 0.000000 1486.640015 0.000000 0.511387 0.000000 0.859351 0.216510 0.216510 0.216510
6902.238281 0.000000 1524.955811 0.000000 0.339720 0.000000 0.940527 0.228130 0.228130 0.228130
6786.944824 0.000000 1542.474121 0.000000 0.408268 0.000000 0.912862 0.197280 0.197280 0.197280
6894.042969 0.000000 1530.932739 0.000000 0.271633 0.000000 0.962401 0.191266 0.191266 0.191266
6898.425293 0.000000 1527.232544 0.000000 0.451382 0.000000 0.892331 0.203232 0.203232 0.203232
6848.523438 0.000000 1526.734131 0.000000 0.122395 0.000000 0.992481 0.210255 0.210255 0.210255
6880.131348 0.000000 1530.197510 0.000000 0.241909 0.000000 0.970299 0.214303 0.214303 0.214303
6848.649414 0.000000 1539.993164 0.000000 0.043367 0.000000 0.999059 0.250314 0.250314 0.250314
7033.864746 0.000000 1440.700562 0.000000 0.566804 0.000000 0.823853 0.209953 0.209953 0.209953
7040.894531 0.000000 1442.409546 0.000000 0.330193 0.000000 0.943914 0.191618 0.191618 0.191618
7043.798340 0.000000 1440.715454 0.000000 0.107741 0.000000 0.994179 0.251675 0.251675 0.251675
7129.916992 0.000000 1456.875610 0.000000 0.368031 0.000000 0.929814 0.191714 0.191714 0.191714
7133.291016 0.000000 1454.451904 0.000000 0.460023 0.000000 0.887907 0.196690 0.196690 0.196690
7126.911621 0.000000 1453.098999 0.000000 0.267297 0.000000 0.963614 0.205135 0.205135 0.205135
7117.317383 0.000000 1465.336670 0.000000 0.177792 0.000000 0.984068 0.207323 0.207323 0.207323
7123.070801 0.000000 1455.477173 0.000000 0.226952 0.000000 0.973906 0.203798 0.203798 0.203798
7156.080566 0.000000 1425.302856 0.000000 0.513103 0.000000 0.858327 0.211955 0.211955 0.211955
7153.135254 0.000000 1438.946289 0.000000 0.196581 0.000000 0.980488 0.214362 0.214362 0.214362
7118.035156 0.000000 1438.109009 0.000000 0.149400 0.000000 0.988777 0.216835 0.216835 0.216835
7125.894043 0.000000 1465.383179 0.000000 0.221524 0.000000 0.975155 0.217543 0.217543 0.217543
7126.696289 0.000000 1448.424072 0.000000 0.177174 0.000000 0.984180 0.221486 0.221486 0.221486
7128.874512 0.000000 1430.124512 0.000000 0.145057 0.000000 0.989423 0.228395 0.228395 0.228395
7138.454102 0.000000 1453.130615 0.000000 0.280507 0.000000 0.959852 0.220101 0.220101 0.220101
7128.351074 0.000000 1464.239746 0.000000 0.096013 0.000000 0.995380 0.220176 0.220176 0.220176
7123.693848 0.000000 1441.445068 0.000000 0.250538 0.000000 0.968107 0.223225 0.223225 0.223225
7162.873047 0.000000 1427.858276 0.000000 0.023928 0.000000 0.999714 0.223264 0.223264 0.223264
7127.285645 0.000000 1451.819824 0.000000 0.572996 0.000000 0.819558 0.231953 0.231953 0.231953
7126.709473 0.000000 1432.071411 0.000000 0.402163 0.000000 0.915568 0.259335 0.259335 0.259335
7144.301758 0.000000 1452.426147 0.000000 0.309158 0.000000 0.951011 0.236112 0.236112 0.236112
7124.231934 0.000000 1435.897217 0.000000 0.114037 0.000000 0.993476 0.273764 0.273764 0.273764
7154.304199 0.000000 1438.497192 0.000000 0.435117 0.000000 0.900374 0.279395 0.279395 0.279395
7139.061035 0.000000 1467.426270 0.000000 0.257731 0.000000 0.966217 0.237913 0.237913 0.237913
7129.770020 0.000000 1451.277100 0.000000 0.454951 0.000000 0.890517 0.231468 0.231468 0.231468
7140.740723 0.000000 1437.211548 0.000000 0.147377 0.000000 0.989080 0.251288 0.251288 0.251288
7155.089355 0.000000 1441.106201 0.000000 0.559446 0.000000 0.828867 0.281376 0.281376 0.281376
7125.918945 0.000000 1433.014404 0.000000 0.232735 0.000000 0.972540 0.248662 0.248662 0.248662
7122.234375 0.000000 1443.572632 0.000000 0.195396 0.000000 0.980724 0.248631 0.248631 0.248631
7159.569824 0.000000 1432.107544 0.000000 0.133735 0.000000 0.991017 0.247325 0.247325 0.247325
7121.432129 0.000000 1467.240234 0.000000 0.066064 0.000000 0.997815 0.233231 0.233231 0.233231
7128.817383 0.000000 1445.142944 0.000000 0.578335 0.000000 0.815799 0.282171 0.282171 0.282171
7157.577148 0.000000 1431.055420 0.000000 0.026188 0.000000 0.999657 0.271484 0.271484 0.271484
7002.245605 0.000000 1543.589966 0.000000 0.030533 0.000000 0.999534 0.191424 0.191424 0.191424
7016.284180 0.000000 1563.544678 0.000000 0.507553 0.000000 0.861621 0.201188 0.201188 0.201188
6999.062012 0.000000 1541.199829 0.000000 0.404921 0.000000 0.914352 0.220408 0.220408 0.220408
7095.794922 0.000000 1481.599976 0.000000 0.437796 0.000000 0.899074 0.197015 0.197015 0.197015
7086.203125 0.000000 1492.115112 0.000000 0.304445 0.000000 0.952530 0.221828 0.221828 0.221828
7102.420410 0.000000 1481.934448 0.000000 0.429228 0.000000 0.903196 0.231654 0.231654 0.231654
7085.193359 0.000000 1489.443481 0.000000 0.439132 0.000000 0.898423 0.241212 0.241212 0.241212
7084.992676 0.000000 1491.494507 0.000000 0.265594 0.000000 0.964085 0.226323 0.226323 0.226323
7095.569824 0.000000 1488.591919 0.000000 0.479056 0.000000 0.877784 0.241752 0.241752 0.241752
7098.833496 0.000000 1488.002930 0.000000 0.023550 0.000000 0.999723 0.270450 0.270450 0.270450
7147.690430 0.000000 1472.157715 0.000000 0.366330 0.000000 0.930485 0.195424 0.195424 0.195424
7140.682129 0.000000 1492.383057 0.000000 0.350271 0.000000 0.936648 0.198324 0.198324 0.198324
7111.699707 0.000000 1484.448608 0.000000 0.535930 0.000000 0.844262 0.212700 0.212700 0.212700
7140.990723 0.000000 1469.279297 0.000000 0.095701 0.000000 0.995410 0.204168 0.204168 0.204168
7138.375977 0.000000 1485.036499 0.000000 0.046030 0.000000 0.998940 0.202779 0.202779 0.202779
7130.256836 0.000000 1473.318726 0.000000 0.394484 0.000000 0.918903 0.217800 0.217800 0.217800
7109.854492 0.000000 1503.346924 0.000000 0.122934 0.000000 0.992415 0.216093 0.216093 0.216093
7108.081543 0.000000 1488.563599 0.000000 0.057332 0.000000 0.998355 0.223615 0.223615 0.223615
7143.339844 0.000000 1470.176270 0.000000 0.330978 0.000000 0.943638 0.251959 0.251959 0.251959
7105.219727 0.000000 1476.612305 0.000000 0.260150 0.000000 0.965568 0.276397 0.276397 0.276397
7106.732422 0.000000 1476.807373 0.000000 0.079774 0.000000 0.996813 0.246605 0.246605 0.246605
7109.292969 0.000000 1474.611206 0.000000 0.180393 0.000000 0.983595 0.268209 0.268209 0.268209
7145.849121 0.000000 1479.265869 0.000000 0.346783 0.000000 0.937946 0.241961 0.241961 0.241961
7142.709473 0.000000 1479.401489 0.000000 0.009941 0.000000 0.999951 0.252625 0.252625 0.252625
7116.748535 0.000000 1474.288940 0.000000 0.035668 0.000000 0.999364 0.270681 0.270681 0.270681
7107.978516 0.000000 1484.811646 0.000000 0.494667 0.000000 0.869083 0.242964 0.242964 0.242964
7143.854004 0.000000 1479.642212 0.000000 0.000631 0.000000 1.000000 0.252492 0.252492 0.252492
7109.924316 0.000000 1484.233154 0.000000 0.230813 0.000000 0.972998 0.237100 0.237100 0.237100
7122.265625 0.000000 1471.302368 0.000000 0.371859 0.000000 0.928289 0.277321 0.277321 0.277321
7145.191895 0.000000 1471.039795 0.000000 0.323334 0.000000 0.946285 0.254266 0.254266 0.254266
6709.566895 0.000000 1594.024780 0.000000 0.161845 0.000000 0.986816 0.190261 0.190261 0.190261
6685.055664 0.000000 1587.576294 0.000000 0.468395 0.000000 0.883519 0.218073 0.218073 0.218073
6704.177246 0.000000 1619.604492 0.000000 0.046126 0.000000 0.998936 0.230157 0.230157 0.230157
6712.930664 0.000000 1593.962646 0.000000 0.464542 0.000000 0.885551 0.248001 0.248001 0.248001
6717.255859 0.000000 1602.652466 0.000000 0.393133 0.000000 0.919481 0.278022 0.278022 0.278022
6716.561035 0.000000 1601.066406 0.000000 0.550182 0.000000 0.835045 0.255772 0.255772 0.255772
6755.689941 0.000000 1633.164185 0.000000 0.418292 0.000000 0.908313 0.192093 0.192093 0.192093
6747.966309 0.000000 1591.175659 0.000000 0.015904 0.000000 0.999874 0.200588 0.200588 0.200588
6757.886230 0.000000 1627.734253 0.000000 0.286371 0.000000 0.958119 0.222131 0.222131 0.222131
6762.913086 0.000000 1635.562744 0.000000 0.252259 0.000000 0.967660 0.246047 0.246047 0.246047
6756.170898 0.000000 1635.959106 0.000000 0.275138 0.000000 0.961405 0.277549 0.277549 0.277549
6725.044922 0.000000 1612.439209 0.000000 0.026564 0.000000 0.999647 0.242632 0.242632 0.242632
6777.404785 0.000000 1619.206665 0.000000 0.368277 0.000000 0.929716 0.259777 0.259777 0.259777
6726.988770 0.000000 1623.022705 0.000000 0.288675 0.000000 0.957427 0.262382 0.262382 0.262382
6759.513672 0.000000 1636.204590 0.000000 0.502058 0.000000 0.864834 0.260941 0.260941 0.260941
6758.706543 0.000000 1626.898682 0.000000 0.431700 0.000000 0.902017 0.279578 0.279578 0.279578
6760.114258 0.000000 1584.117920 0.000000 0.529141 0.000000 0.848534 0.249952 0.249952 0.249952
6750.526367 0.000000 1626.017944 0.000000 0.429644 0.000000 0.902998 0.259279 0.259279 0.259279
6759.595215 0.000000 1624.660400 0.000000 0.503292 0.000000 0.864117 0.254032 0.254032 0.254032
6727.968750 0.000000 1622.515747 0.000000 0.520777 0.000000 0.853693 0.266198 0.266198 0.266198
6727.204590 0.000000 1610.545166 0.000000 0.119804 0.000000 0.992798 0.265837 0.265837 0.265837
6767.882812 0.000000 1643.070557 0.000000 0.325219 0.000000 0.945639 0.203138 0.203138 0.203138
6767.105469 0.000000 1641.608276 0.000000 0.257367 0.000000 0.966314 0.207035 0.207035 0.207035
6749.938965 0.000000 1654.580322 0.000000 0.230725 0.000000 0.973019 0.213213 0.213213 0.213213
6752.724121 0.000000 1660.463257 0.000000 0.245165 0.000000 0.969481 0.245472 0.245472 0.245472
6738.082520 0.000000 1638.109131 0.000000 0.245267 0.000000 0.969456 0.247395 0.247395 0.247395
6786.269043 0.000000 1634.996338 0.000000 0.393561 0.000000 0.919299 0.200196 0.200196 0.200196
6784.042480 0.000000 1614.993652 0.000000 0.348354 0.000000 0.937363 0.251724 0.251724 0.251724
6880.330078 0.000000 1692.344360 0.000000 0.488944 0.000000 0.872315 0.197444 0.197444 0.197444
6871.885254 0.000000 1663.827026 0.000000 0.094175 0.000000 0.995556 0.197299 0.197299 0.197299
6904.246582 0.000000 1697.388184 0.000000 0.166276 0.000000 0.986079 0.201317 0.201317 0.201317
6895.250488 0.000000 1723.512085 0.000000 0.405635 0.000000 0.914035 0.201310 0.201310 0.201310
6902.252441 0.000000 1697.085815 0.000000 0.579164 0.000000 0.815211 0.237611 0.237611 0.237611
6905.981445 0.000000 1700.158813 0.000000 0.585190 0.000000 0.810896 0.258356 0.258356 0.258356
6896.896973 0.000000 1742.141724 0.000000 0.332216 0.000000 0.943203 0.233944 0.233944 0.233944
6888.301758 0.000000 1734.848022 0.000000 0.524592 0.000000 0.851354 0.277100 0.277100 0.277100
6891.365234 0.000000 1737.519165 0.000000 0.259489 0.000000 0.965746 0.259549 0.259549 0.259549
6904.005371 0.000000 1700.638550 0.000000 0.126371 0.000000 0.991983 0.251466 0.251466 0.251466
6891.446289 0.000000 1736.142822 0.000000 0.212604 0.000000 0.977138 0.258842 0.258842 0.258842
6902.206543 0.000000 1701.946899 0.000000 0.022239 0.000000 0.999753 0.270599 0.270599 0.270599
6887.291504 0.000000 1733.536743 0.000000 0.029478 0.000000 0.999565 0.255675 0.255675 0.255675
6900.906250 0.000000 1700.783691 0.000000 0.355382 0.000000 0.934721 0.279064 0.279064 0.279064
6810.122559 0.000000 1761.823975 0.000000 0.467628 0.000000 0.883925 0.193017 0.193017 0.193017
6848.254883 0.000000 1798.156494 0.000000 0.053466 0.000000 0.998570 0.190227 0.190227 0.190227
6910.419434 0.000000 1793.162964 0.000000 0.473866 0.000000 0.880597 0.192847 0.192847 0.192847
6876.838379 0.000000 1776.083008 0.000000 0.568479 0.000000 0.822698 0.195560 0.195560 0.195560
6878.021484 0.000000 1759.282593 0.000000 0.550476 0.000000 0.834851 0.211831 0.211831 0.211831
6880.594727 0.000000 1770.654053 0.000000 0.133019 0.000000 0.991113 0.205953 0.205953 0.205953
6898.592773 0.000000 1756.726807 0.000000 0.012194 0.000000 0.999926 0.271517 0.271517 0.271517
6889.763184 0.000000 1773.036133 0.000000 0.434951 0.000000 0.900454 0.277838 0.277838 0.277838
6881.511719 0.000000 1760.075073 0.000000 0.408297 0.000000 0.912849 0.245236 0.245236 0.245236
6876.225586 0.000000 1778.645508 0.000000 0.399564 0.000000 0.916705 0.245607 0.245607 0.245607
6933.422363 0.000000 1662.401733 0.000000 0.329804 0.000000 0.944049 0.203178 0.203178 0.203178
6948.749023 0.000000 1647.416382 0.000000 0.388964 0.000000 0.921253 0.204699 0.204699 0.204699
6920.404785 0.000000 1658.474731 0.000000 0.506337 0.000000 0.862336 0.209342 0.209342 0.209342
6930.442383 0.000000 1653.063477 0.000000 0.467098 0.000000 0.884206 0.215536 0.215536 0.215536
6952.469727 0.000000 1657.312134 0.000000 0.333232 0.000000 0.942845 0.212701 0.212701 0.212701
6934.404297 0.000000 1663.662231 0.000000 0.318908 0.000000 0.947786 0.221980 0.221980 0.221980
6923.583008 0.000000 1684.991699 0.000000 0.340171 0.000000 0.940363 0.225174 0.225174 0.225174
6962.448730 0.000000 1681.271729 0.000000 0.465219 0.000000 0.885196 0.272569 0.272569 0.272569
6941.854004 0.000000 1667.239258 0.000000 0.155962 0.000000 0.987763 0.235718 0.235718 0.235718
6972.166992 0.000000 1684.628052 0.000000 0.448498 0.000000 0.893784 0.243320 0.243320 0.243320
6940.419922 0.000000 1669.589722 0.000000 0.484272 0.000000 0.874918 0.280892 0.280892 0.280892
6933.042969 0.000000 1665.950806 0.000000 0.226909 0.000000 0.973916 0.274925 0.274925 0.274925
6946.421875 0.000000 1674.538818 0.000000 0.527334 0.000000 0.849658 0.244927 0.244927 0.244927
6956.346191 0.000000 1685.686768 0.000000 0.326758 0.000000 0.945108 0.256728 0.256728 0.256728
6943.121582 0.000000 1669.307129 0.000000 0.251821 0.000000 0.967774 0.260859 0.260859 0.260859
6949.762695 0.000000 1681.924316 0.000000 0.285850 0.000000 0.958274 0.276256 0.276256 0.276256
6970.145020 0.000000 1683.191040 0.000000 0.573010 0.000000 0.819548 0.269123 0.269123 0.269123
6926.047363 0.000000 1665.244141 0.000000 0.539070 0.000000 0.842261 0.255094 0.255094 0.255094
6944.724121 0.000000 1660.463257 0.000000 0.502961 0.000000 0.864309 0.281824 0.281824 0.281824
6969.305176 0.000000 1689.243652 0.000000 0.200751 0.000000 0.979642 0.252034 0.252034 0.252034
6933.500000 0.000000 1668.230591 0.000000 0.242574 0.000000 0.970133 0.268757 0.268757 0.268757
6948.531250 0.000000 1682.192871 0.000000 0.450421 0.000000 0.892816 0.270844 0.270844 0.270844
6949.960449 0.000000 1677.915649 0.000000 0.275919 0.000000 0.961181 0.274508 0.274508 0.274508
6920.237305 0.000000 1742.557861 0.000000 0.033431 0.000000 0.999441 0.195852 0.195852 0.195852
6936.641113 0.000000 1750.255737 0.000000 0.448611 0.000000 0.893727 0.203715 0.203715 0.203715
6922.234863 0.000000 1741.977173 0.000000 0.513567 0.000000 0.858049 0.204822 0.204822 0.204822
6943.967773 0.000000 1712.730957 0.000000 0.298024 0.000000 0.954558 0.219788 0.219788 0.219788
6961.393555 0.000000 1718.361816 0.000000 0.307068 0.000000 0.951688 0.219387 0.219387 0.219387
6966.848633 0.000000 1717.043945 0.000000 0.107117 0.000000 0.994246 0.215940 0.215940 0.215940
6963.413574 0.000000 1714.081787 0.000000 0.515064 0.000000 0.857152 0.229195 0.229195 0.229195
6954.844238 0.000000 1703.431152 0.000000 0.426594 0.000000 0.904443 0.279306 0.279306 0.279306
6958.633301 0.000000 1699.247070 0.000000 0.169785 0.000000 0.985481 0.273258 0.273258 0.273258
6958.601562 0.000000 1701.633789 0.000000 0.021825 0.000000 0.999762 0.270417 0.270417 0.270417
6965.656738 0.000000 1717.174683 0.000000 0.470752 0.000000 0.882266 0.280454 0.280454 0.280454
6963.089355 0.000000 1723.528076 0.000000 0.028596 0.000000 0.999591 0.239381 0.239381 0.239381
6926.695801 0.000000 1701.417236 0.000000 0.242770 0.000000 0.970084 0.276818 0.276818 0.276818
6928.122070 0.000000 1705.464966 0.000000 0.113763 0.000000 0.993508 0.246116 0.246116 0.246116
6939.824219 0.000000 1707.392822 0.000000 0.398944 0.000000 0.916975 0.251969 0.251969 0.251969
6957.243652 0.000000 1703.393311 0.000000 0.179266 0.000000 0.983801 0.273442 0.273442 0.273442
6967.309570 0.000000 1702.776733 0.000000 0.497975 0.000000 0.867191 0.280497 0.280497 0.280497
6935.371094 0.000000 1794.029541 0.000000 0.463546 0.000000 0.886073 0.192661 0.192661 0.192661
6946.454102 0.000000 1792.036865 0.000000 0.324571 0.000000 0.945861 0.231400 0.231400 0.231400
6935.843750 0.000000 1789.355835 0.000000 0.304884 0.000000 0.952390 0.235084 0.235084 0.235084
6937.770020 0.000000 1790.183350 0.000000 0.416938 0.000000 0.908935 0.239435 0.239435 0.239435
6937.886230 0.000000 1793.088013 0.000000 0.054735 0.000000 0.998501 0.273601 0.273601 0.273601
7172.679688 0.000000 1125.818115 0.000000 0.327771 0.000000 0.944757 0.201155 0.201155 0.201155
7169.843750 0.000000 1119.582764 0.000000 0.203925 0.000000 0.978987 0.210505 0.210505 0.210505
7175.260254 0.000000 1119.807617 0.000000 0.453125 0.000000 0.891447 0.206292 0.206292 0.206292
7230.281738 0.000000 1126.270630 0.000000 0.249217 0.000000 0.968448 0.276144 0.276144 0.276144
7169.519531 0.000000 1120.746948 0.000000 0.392135 0.000000 0.919908 0.257719 0.257719 0.257719
7219.956055 0.000000 1118.638062 0.000000 0.493760 0.000000 0.869598 0.273088 0.273088 0.273088
7284.887695 0.000000 1096.790161 0.000000 0.530019 0.000000 0.847986 0.261904 0.261904 0.261904
7351.777832 0.000000 1045.653809 0.000000 0.466048 0.000000 0.884759 0.237095 0.237095 0.237095
7339.095215 0.000000 1087.521729 0.000000 0.380135 0.000000 0.924931 0.194013 0.194013 0.194013
7329.853027 0.000000 1084.967896 0.000000 0.071131 0.000000 0.997467 0.214146 0.214146 0.214146
7329.315918 0.000000 1105.896118 0.000000 0.321050 0.000000 0.947062 0.245518 0.245518 0.245518
7342.722168 0.000000 1121.014771 0.000000 0.203080 0.000000 0.979162 0.257281 0.257281 0.257281
7316.231934 0.000000 1096.990967 0.000000 0.201639 0.000000 0.979460 0.243464 0.243464 0.243464
7343.887207 0.000000 1122.992798 0.000000 0.218478 0.000000 0.975842 0.234054 0.234054 0.234054
7342.633301 0.000000 1077.918945 0.000000 0.005483 0.000000 0.999985 0.228755 0.228755 0.228755
7324.419922 0.000000 1104.745972 0.000000 0.231691 0.000000 0.972789 0.264808 0.264808 0.264808
7339.550781 0.000000 1122.910400 0.000000 0.239431 0.000000 0.970913 0.274767 0.274767 0.274767
7335.150391 0.000000 1126.582275 0.000000 0.027643 0.000000 0.999618 0.234670 0.234670 0.234670
7327.979004 0.000000 1102.271118 0.000000 0.438339 0.000000 0.898810 0.262350 0.262350 0.262350
7420.727539 0.000000 1075.697632 0.000000 0.009831 0.000000 0.999952 0.196647 0.196647 0.196647
7410.750488 0.000000 1113.756348 0.000000 0.468230 0.000000 0.883606 0.199819 0.199819 0.199819
7388.266602 0.000000 1110.570312 0.000000 0.172400 0.000000 0.985027 0.215597 0.215597 0.215597
7391.813965 0.000000 1096.241577 0.000000 0.581770 0.000000 0.813353 0.224946 0.224946 0.224946
7381.323242 0.000000 1114.424927 0.000000 0.159821 0.000000 0.987146 0.243402 0.243402 0.243402
7411.748047 0.000000 1114.658447 0.000000 0.059971 0.000000 0.998200 0.247277 0.247277 0.247277
7404.345703 0.000000 1083.919678 0.000000 0.138754 0.000000 0.990327 0.247393 0.247393 0.247393
7405.442383 0.000000 1084.965942 0.000000 0.256679 0.000000 0.966497 0.237416 0.237416 0.237416
7397.123047 0.000000 1112.365112 0.000000 0.571356 0.000000 0.820702 0.283021 0.283021 0.283021
7365.292969 0.000000 1079.220581 0.000000 0.415680 0.000000 0.909511 0.249762 0.249762 0.249762
7417.375000 0.000000 1076.460815 0.000000 0.038206 0.000000 0.999270 0.266371 0.266371 0.266371
7391.121582 0.000000 1104.463379 0.000000 0.326055 0.000000 0.945351 0.277874 0.277874 0.277874
7380.942871 0.000000 1122.810303 0.000000 0.128391 0.000000 0.991724 0.244418 0.244418 0.244418
7409.734375 0.000000 1091.312256 0.000000 0.130183 0.000000 0.991490 0.274165 0.274165 0.274165
7384.446289 0.000000 1116.542358 0.000000 0.320049 0.000000 0.947401 0.276875 0.276875 0.276875
7407.740234 0.000000 1088.341675 0.000000 0.100406 0.000000 0.994946 0.271921 0.271921 0.271921
7397.960449 0.000000 1113.071899 0.000000 0.480449 0.000000 0.877023 0.281134 0.281134 0.281134
7410.122070 0.000000 1090.256104 0.000000 0.428990 0.000000 0.903309 0.278510 0.278510 0.278510
7454.288086 0.000000 958.212402 0.000000 0.480327 0.000000 0.877089 0.209087 0.209087 0.209087
7544.639160 0.000000 908.722351 0.000000 0.159594 0.000000 0.987183 0.190281 0.190281 0.190281
7551.374512 0.000000 943.845520 0.000000 0.226789 0.000000 0.973944 0.199330 0.199330 0.199330
7527.039551 0.000000 943.911621 0.000000 0.426552 0.000000 0.904463 0.205541 0.205541 0.205541
7488.517090 0.000000 953.527039 0.000000 0.056841 0.000000 0.998383 0.207242 0.207242 0.207242
7542.848633 0.000000 926.262634 0.000000 0.310680 0.000000 0.950515 0.215959 0.215959 0.215959
7518.176270 0.000000 954.907959 0.000000 0.069377 0.000000 0.997591 0.228516 0.228516 0.228516
7518.985352 0.000000 952.793884 0.000000 0.500597 0.000000 0.865680 0.268798 0.268798 0.268798
7543.424805 0.000000 928.019165 0.000000 0.357938 0.000000 0.933745 0.278119 0.278119 0.278119
7533.887207 0.000000 942.981995 0.000000 0.376334 0.000000 0.926484 0.277546 0.277546 0.277546
7548.552246 0.000000 905.059265 0.000000 0.182889 0.000000 0.983134 0.233636 0.233636 0.233636
7549.613770 0.000000 930.321167 0.000000 0.163667 0.000000 0.986516 0.253403 0.253403 0.253403
7545.538086 0.000000 926.700500 0.000000 0.277241 0.000000 0.960800 0.233290 0.233290 0.233290
7525.762695 0.000000 947.627441 0.000000 0.280397 0.000000 0.959884 0.276006 0.276006 0.276006
7529.492676 0.000000 954.233765 0.000000 0.575528 0.000000 0.817782 0.271158 0.271158 0.271158
7534.890137 0.000000 940.004822 0.000000 0.171935 0.000000 0.985108 0.243558 0.243558 0.243558
7524.531250 0.000000 947.895935 0.000000 0.543705 0.000000 0.839276 0.281426 0.281426 0.281426
7474.861328 0.000000 1015.751831 0.000000 0.188937 0.000000 0.981989 0.208895 0.208895 0.208895
7446.249023 0.000000 1016.601562 0.000000 0.505774 0.000000 0.862666 0.220501 0.220501 0.220501
7466.913086 0.000000 1014.234619 0.000000 0.166142 0.000000 0.986102 0.239668 0.239668 0.239668
7445.902344 0.000000 1005.720764 0.000000 0.580945 0.000000 0.813943 0.246728 0.246728 0.246728
7491.837402 0.000000 983.796448 0.000000 0.358204 0.000000 0.933643 0.191941 0.191941 0.191941
7507.362793 0.000000 988.222229 0.000000 0.537880 0.000000 0.843021 0.196325 0.196325 0.196325
7500.617676 0.000000 976.881714 0.000000 0.239709 0.000000 0.970845 0.205889 0.205889 0.205889
7505.977051 0.000000 989.703613 0.000000 0.116244 0.000000 0.993221 0.255542 0.255542 0.255542
7488.042480 0.000000 993.665588 0.000000 0.284939 0.000000 0.958546 0.227515 0.227515 0.227515
7492.693359 0.000000 992.874695 0.000000 0.540878 0.000000 0.841101 0.248130 0.248130 0.248130
7491.692383 0.000000 993.535400 0.000000 0.388307 0.000000 0.921530 0.279767 0.279767 0.279767
7571.737305 0.000000 910.231689 0.000000 0.074854 0.000000 0.997194 0.271767 0.271767 0.271767
7562.865723 0.000000 918.840820 0.000000 0.067627 0.000000 0.997711 0.229449 0.229449 0.229449
7441.493164 0.000000 1060.691528 0.000000 0.477858 0.000000 0.878437 0.200923 0.200923 0.200923
7454.521973 0.000000 1050.164551 0.000000 0.348130 0.000000 0.937446 0.241978 0.241978 0.241978
7478.395020 0.000000 1026.781982 0.000000 0.200391 0.000000 0.979716 0.261018 0.261018 0.261018
7480.930664 0.000000 1029.118896 0.000000 0.509170 0.000000 0.860666 0.263529 0.263529 0.263529
7425.519531 0.000000 1064.262573 0.000000 0.147523 0.000000 0.989059 0.265349 0.265349 0.265349
7484.552246 0.000000 1018.028015 0.000000 0.514821 0.000000 0.857297 0.243747 0.243747 0.243747
7467.013184 0.000000 1017.929016 0.000000 0.303493 0.000000 0.952834 0.269768 0.269768 0.269768
7452.615723 0.000000 1051.205444 0.000000 0.415019 0.000000 0.909813 0.254652 0.254652 0.254652
7222.385254 0.000000 1133.596558 0.000000 0.315718 0.000000 0.948853 0.198044 0.198044 0.198044
7186.930176 0.000000 1153.550171 0.000000 0.246897 0.000000 0.969042 0.212380 0.212380 0.212380
7169.280273 0.000000 1163.536865 0.000000 0.221699 0.000000 0.975115 0.222434 0.222434 0.222434
7175.754395 0.000000 1159.653809 0.000000 0.517886 0.000000 0.855450 0.275990 0.275990 0.275990
7172.470703 0.000000 1164.676636 0.000000 0.174968 0.000000 0.984574 0.249303 0.249303 0.249303
7191.342773 0.000000 1154.427979 0.000000 0.500594 0.000000 0.865682 0.275173 0.275173 0.275173
7183.586426 0.000000 1155.556763 0.000000 0.379497 0.000000 0.925193 0.272982 0.272982 0.272982
7179.572266 0.000000 1155.266357 0.000000 0.290597 0.000000 0.956845 0.238320 0.238320 0.238320
7213.104004 0.000000 1131.141968 0.000000 0.270756 0.000000 0.962648 0.252546 0.252546 0.252546
7175.807129 0.000000 1162.889160 0.000000 0.061526 0.000000 0.998105 0.272702 0.272702 0.272702
7171.005859 0.000000 1180.645508 0.000000 0.412587 0.000000 0.910918 0.275979 0.275979 0.275979
7173.747070 0.000000 1162.658447 0.000000 0.202457 0.000000 0.979291 0.273894 0.273894 0.273894
7200.607910 0.000000 1225.262573 0.000000 0.112836 0.000000 0.993614 0.193994 0.193994 0.193994
7170.199219 0.000000 1193.284180 0.000000 0.290648 0.000000 0.956830 0.197844 0.197844 0.197844
7174.936035 0.000000 1189.747681 0.000000 0.383302 0.000000 0.923623 0.200110 0.200110 0.200110
7179.461426 0.000000 1213.766357 0.000000 0.501115 0.000000 0.865381 0.210816 0.210816 0.210816
7203.804199 0.000000 1229.473267 0.000000 0.487176 0.000000 0.873304 0.232367 0.232367 0.232367
7174.218750 0.000000 1205.245972 0.000000 0.382892 0.000000 0.923793 0.236532 0.236532 0.236532
7177.453613 0.000000 1198.842163 0.000000 0.512583 0.000000 0.858638 0.241716 0.241716 0.241716
7345.324707 0.000000 1165.284790 0.000000 0.290139 0.000000 0.956984 0.205832 0.205832 0.205832
7356.312988 0.000000 1153.442383 0.000000 0.073956 0.000000 0.997261 0.210787 0.210787 0.210787
7350.904297 0.000000 1165.995728 0.000000 0.064013 0.000000 0.997949 0.215525 0.215525 0.215525
7344.896973 0.000000 1177.297974 0.000000 0.495804 0.000000 0.868435 0.279986 0.279986 0.279986
7342.722168 0.000000 1177.499146 0.000000 0.009308 0.000000 0.999957 0.264084 0.264084 0.264084
7342.890137 0.000000 1165.942261 0.000000 0.367430 0.000000 0.930051 0.263148 0.263148 0.263148
7347.956055 0.000000 1175.122437 0.000000 0.533243 0.000000 0.845962 0.261463 0.261463 0.261463
7352.073242 0.000000 1169.126221 0.000000 0.522854 0.000000 0.852422 0.272152 0.272152 0.272152
7348.024414 0.000000 1170.007446 0.000000 0.355369 0.000000 0.934726 0.250366 0.250366 0.250366
7374.686523 0.000000 1144.278931 0.000000 0.341357 0.000000 0.939934 0.193714 0.193714 0.193714
7384.891602 0.000000 1176.042603 0.000000 0.174977 0.000000 0.984573 0.205823 0.205823 0.205823
7367.231934 0.000000 1142.926758 0.000000 0.152109 0.000000 0.988364 0.221714 0.221714 0.221714
7364.561035 0.000000 1175.968994 0.000000 0.191685 0.000000 0.981457 0.244768 0.244768 0.244768
7390.669434 0.000000 1145.303955 0.000000 0.503224 0.000000 0.864156 0.268353 0.268353 0.268353
7387.824219 0.000000 1142.549072 0.000000 0.152082 0.000000 0.988368 0.235193 0.235193 0.235193
7382.963379 0.000000 1152.160400 0.000000 0.443727 0.000000 0.896162 0.252630 0.252630 0.252630
7393.173340 0.000000 1154.084717 0.000000 0.410205 0.000000 0.911993 0.273524 0.273524 0.273524
7342.245605 0.000000 1206.094360 0.000000 0.206986 0.000000 0.978344 0.199172 0.199172 0.199172
7337.033691 0.000000 1227.608643 0.000000 0.016879 0.000000 0.999858 0.215552 0.215552 0.215552
7339.818848 0.000000 1223.673706 0.000000 0.286325 0.000000 0.958133 0.232422 0.232422 0.232422
7343.484375 0.000000 1205.630981 0.000000 0.184312 0.000000 0.982868 0.234134 0.234134 0.234134
7341.710938 0.000000 1237.371094 0.000000 0.294644 0.000000 0.955607 0.268194 0.268194 0.268194
7351.309570 0.000000 1194.417358 0.000000 0.156603 0.000000 0.987662 0.242884 0.242884 0.242884
7247.870117 0.000000 1335.963501 0.000000 0.409506 0.000000 0.912307 0.195768 0.195768 0.195768
7253.008301 0.000000 1328.245728 0.000000 0.525189 0.000000 0.850985 0.208509 0.208509 0.208509
7268.099609 0.000000 1337.458374 0.000000 0.463475 0.000000 0.886110 0.204865 0.204865 0.204865
7249.688477 0.000000 1327.367432 0.000000 0.572434 0.000000 0.819951 0.208985 0.208985 0.208985
7264.608398 0.000000 1330.671875 0.000000 0.283013 0.000000 0.959116 0.218649 0.218649 0.218649
7272.074707 0.000000 1331.473511 0.000000 0.126246 0.000000 0.991999 0.219999 0.219999 0.219999
7234.875977 0.000000 1331.727417 0.000000 0.481583 0.000000 0.876401 0.236299 0.236299 0.236299
7287.129883 0.000000 1325.734009 0.000000 0.199535 0.000000 0.979891 0.225606 0.225606 0.225606
7247.223145 0.000000 1327.487183 0.000000 0.437952 0.000000 0.898999 0.233254 0.233254 0.233254
7272.703613 0.000000 1354.009155 0.000000 0.526310 0.000000 0.850293 0.230343 0.230343 0.230343
7276.134277 0.000000 1334.121948 0.000000 0.228196 0.000000 0.973615 0.260024 0.260024 0.260024
7276.898438 0.000000 1355.001465 0.000000 0.499240 0.000000 0.866464 0.243028 0.243028 0.243028
7267.658203 0.000000 1339.695923 0.000000 0.037364 0.000000 0.999302 0.246974 0.246974 0.246974
7240.415527 0.000000 1326.212891 0.000000 0.008898 0.000000 0.999960 0.272685 0.272685 0.272685
7289.239746 0.000000 1342.469971 0.000000 0.540973 0.000000 0.841040 0.281890 0.281890 0.281890
7236.693359 0.000000 1331.781006 0.000000 0.533774 0.000000 0.845627 0.282490 0.282490 0.282490
7294.572266 0.000000 1349.658447 0.000000 0.116984 0.000000 0.993134 0.237159 0.237159 0.237159
7249.206543 0.000000 1336.472046 0.000000 0.571757 0.000000 0.820423 0.260128 0.260128 0.260128
7264.520996 0.000000 1354.593506 0.000000 0.527746 0.000000 0.849402 0.240925 0.240925 0.240925
7236.470703 0.000000 1334.129761 0.000000 0.519684 0.000000 0.854359 0.245316 0.245316 0.245316
7269.762695 0.000000 1343.018066 0.000000 0.429924 0.000000 0.902865 0.247014 0.247014 0.247014
7295.956055 0.000000 1326.058960 0.000000 0.435480 0.000000 0.900198 0.274461 0.274461 0.274461
7239.807129 0.000000 1332.342285 0.000000 0.027364 0.000000 0.999626 0.271274 0.271274 0.271274
7289.571289 0.000000 1338.996460 0.000000 0.506818 0.000000 0.862053 0.248619 0.248619 0.248619
7295.644043 0.000000 1355.161133 0.000000 0.100272 0.000000 0.994960 0.255777 0.255777 0.255777
7242.277832 0.000000 1335.192261 0.000000 0.314813 0.000000 0.949154 0.276163 0.276163 0.276163
7272.466309 0.000000 1332.678101 0.000000 0.434305 0.000000 0.900766 0.280428 0.280428 0.280428
7334.707031 0.000000 1251.213501 0.000000 0.134900 0.000000 0.990859 0.221053 0.221053 0.221053
7336.114258 0.000000 1245.211670 0.000000 0.394209 0.000000 0.919021 0.241110 0.241110 0.241110
7333.606445 0.000000 1245.575684 0.000000 0.052601 0.000000 0.998616 0.234966 0.234966 0.234966
7334.646484 0.000000 1331.297852 0.000000 0.558171 0.000000 0.829726 0.194954 0.194954 0.194954
7346.103516 0.000000 1347.473511 0.000000 0.570850 0.000000 0.821054 0.197647 0.197647 0.197647
7323.504395 0.000000 1313.119019 0.000000 0.450216 0.000000 0.892920 0.207278 0.207278 0.207278
7329.433594 0.000000 1334.944214 0.000000 0.341402 0.000000 0.939918 0.204782 0.204782 0.204782
7339.765137 0.000000 1328.424927 0.000000 0.224470 0.000000 0.974481 0.212170 0.212170 0.212170
7338.439941 0.000000 1311.364502 0.000000 0.506825 0.000000 0.862049 0.212399 0.212399 0.212399
7313.469238 0.000000 1316.879028 0.000000 0.308941 0.000000 0.951081 0.226800 0.226800 0.226800
7354.590332 0.000000 1341.695068 0.000000 0.114957 0.000000 0.993370 0.222778 0.222778 0.222778
7297.945801 0.000000 1315.444458 0.000000 0.296124 0.000000 0.955150 0.225185 0.225185 0.225185
7337.033691 0.000000 1340.577393 0.000000 0.553017 0.000000 0.833170 0.229162 0.229162 0.229162
7358.208984 0.000000 1335.801270 0.000000 0.100610 0.000000 0.994926 0.226469 0.226469 0.226469
7303.386719 0.000000 1344.356201 0.000000 0.281167 0.000000 0.959659 0.221092 0.221092 0.221092
7319.724609 0.000000 1326.270142 0.000000 0.395561 0.000000 0.918440 0.222304 0.222304 0.222304
7358.499512 0.000000 1328.529175 0.000000 0.530996 0.000000 0.847374 0.231915 0.231915 0.231915
7332.687500 0.000000 1349.710815 0.000000 0.366083 0.000000 0.930582 0.246616 0.246616 0.246616
7338.913086 0.000000 1353.140869 0.000000 0.056436 0.000000 0.998406 0.271078 0.271078 0.271078
7345.743164 0.000000 1338.786377 0.000000 0.001278 0.000000 0.999999 0.224924 0.224924 0.224924
7342.269531 0.000000 1334.442261 0.000000 0.000643 0.000000 1.000000 0.271894 0.271894 0.271894
7347.748047 0.000000 1340.595947 0.000000 0.458948 0.000000 0.888463 0.276832 0.276832 0.276832
7306.112793 0.000000 1336.297485 0.000000 0.258956 0.000000 0.965889 0.251420 0.251420 0.251420
7296.042480 0.000000 1332.571777 0.000000 0.513452 0.000000 0.858118 0.265577 0.265577 0.265577
7346.448730 0.000000 1342.365479 0.000000 0.142877 0.000000 0.989740 0.262013 0.262013 0.262013
7356.166992 0.000000 1345.721802 0.000000 0.271564 0.000000 0.962420 0.234684 0.234684 0.234684
7339.627441 0.000000 1350.324097 0.000000 0.087947 0.000000 0.996125 0.271682 0.271682 0.271682
7330.360840 0.000000 1344.513794 0.000000 0.079991 0.000000 0.996796 0.271529 0.271529 0.271529
7301.933594 0.000000 1339.977295 0.000000 0.142361 0.000000 0.989815 0.275081 0.275081 0.275081
7297.519531 0.000000 1346.684448 0.000000 0.122530 0.000000 0.992465 0.272811 0.272811 0.272811
7347.609375 0.000000 1329.306885 0.000000 0.085547 0.000000 0.996334 0.272185 0.272185 0.272185
7296.489258 0.000000 1330.562622 0.000000 0.135945 0.000000 0.990716 0.272819 0.272819 0.272819
7300.561035 0.000000 1345.422119 0.000000 0.352272 0.000000 0.935898 0.278417 0.278417 0.278417
7349.144531 0.000000 1308.461548 0.000000 0.501495 0.000000 0.865161 0.249535 0.249535 0.249535
7301.319336 0.000000 1319.109009 0.000000 0.434780 0.000000 0.900537 0.248068 0.248068 0.248068
7339.446289 0.000000 1340.752197 0.000000 0.379041 0.000000 0.925380 0.267198 0.267198 0.267198
7333.870117 0.000000 1352.068726 0.000000 0.399519 0.000000 0.916725 0.277849 0.277849 0.277849
7343.663086 0.000000 1316.223877 0.000000 0.286487 0.000000 0.958084 0.268060 0.268060 0.268060
7322.768555 0.000000 1314.072998 0.000000 0.008935 0.000000 0.999960 0.249838 0.249838 0.249838
7310.050293 0.000000 1331.293701 0.000000 0.457714 0.000000 0.889099 0.280187 0.280187 0.280187
7304.099121 0.000000 1334.530151 0.000000 0.260607 0.000000 0.965445 0.253359 0.253359 0.253359
7358.141113 0.000000 1346.008911 0.000000 0.355442 0.000000 0.934698 0.252797 0.252797 0.252797
7349.492676 0.000000 1354.669922 0.000000 0.182119 0.000000 0.983276 0.273498 0.273498 0.273498
7328.724121 0.000000 1321.557007 0.000000 0.285040 0.000000 0.958516 0.255150 0.255150 0.255150
7348.629395 0.000000 1341.340820 0.000000 0.399190 0.000000 0.916868 0.278407 0.278407 0.278407
7353.305176 0.000000 1350.337402 0.000000 0.273582 0.000000 0.961849 0.277133 0.277133 0.277133
7303.968750 0.000000 1340.093872 0.000000 0.106665 0.000000 0.994295 0.273850 0.273850 0.273850
7317.500000 0.000000 1329.324341 0.000000 0.567015 0.000000 0.823707 0.281390 0.281390 0.281390
7348.024414 0.000000 1339.460571 0.000000 0.078718 0.000000 0.996897 0.244714 0.244714 0.244714
7351.349609 0.000000 1339.610596 0.000000 0.340588 0.000000 0.940213 0.276638 0.276638 0.276638
7387.698730 0.000000 1345.640015 0.000000 0.552732 0.000000 0.833359 0.198000 0.198000 0.198000
7389.418457 0.000000 1349.138184 0.000000 0.364914 0.000000 0.931041 0.210004 0.210004 0.210004
7384.891602 0.000000 1345.495728 0.000000 0.546337 0.000000 0.837565 0.209231 0.209231 0.209231
7417.001953 0.000000 1334.572632 0.000000 0.311355 0.000000 0.950294 0.211995 0.211995 0.211995
7417.993164 0.000000 1335.736450 0.000000 0.554719 0.000000 0.832038 0.214431 0.214431 0.214431
7392.284180 0.000000 1341.329346 0.000000 0.565913 0.000000 0.824465 0.223226 0.223226 0.223226
7414.904297 0.000000 1335.448853 0.000000 0.043062 0.000000 0.999072 0.222988 0.222988 0.222988
7392.813477 0.000000 1342.646484 0.000000 0.011582 0.000000 0.999933 0.214064 0.214064 0.214064
7360.421387 0.000000 1342.663818 0.000000 0.263137 0.000000 0.964759 0.225318 0.225318 0.225318
7405.556641 0.000000 1344.783813 0.000000 0.337682 0.000000 0.941260 0.223663 0.223663 0.223663
7408.177246 0.000000 1337.182617 0.000000 0.083048 0.000000 0.996545 0.273515 0.273515 0.273515
7388.472656 0.000000 1344.656860 0.000000 0.183542 0.000000 0.983012 0.235087 0.235087 0.235087
7407.731934 0.000000 1346.239380 0.000000 0.256877 0.000000 0.966444 0.229644 0.229644 0.229644
7379.857422 0.000000 1351.837524 0.000000 0.357931 0.000000 0.933748 0.277758 0.277758 0.277758
7422.572266 0.000000 1349.658447 0.000000 0.192018 0.000000 0.981391 0.232779 0.232779 0.232779
7423.312988 0.000000 1340.415527 0.000000 0.386026 0.000000 0.922488 0.262963 0.262963 0.262963
7391.890137 0.000000 1345.381836 0.000000 0.516132 0.000000 0.856509 0.282091 0.282091 0.282091
7368.362793 0.000000 1354.925659 0.000000 0.549746 0.000000 0.835332 0.281635 0.281635 0.281635
7390.526367 0.000000 1343.596069 0.000000 0.019294 0.000000 0.999814 0.235982 0.235982 0.235982
7386.378418 0.000000 1349.814453 0.000000 0.510794 0.000000 0.859703 0.267502 0.267502 0.267502
7372.104980 0.000000 1342.039307 0.000000 0.219938 0.000000 0.975514 0.266976 0.266976 0.266976
7421.764648 0.000000 1336.796509 0.000000 0.048315 0.000000 0.998832 0.252242 0.252242 0.252242
7404.436035 0.000000 1340.296387 0.000000 0.302770 0.000000 0.953064 0.245757 0.245757 0.245757
7463.243164 0.000000 1293.556519 0.000000 0.441089 0.000000 0.897463 0.223805 0.223805 0.223805
7486.147949 0.000000 1287.610962 0.000000 0.474696 0.000000 0.880150 0.238206 0.238206 0.238206
7485.145996 0.000000 1284.335449 0.000000 0.444576 0.000000 0.895741 0.279953 0.279953 0.279953
7477.881348 0.000000 1284.815918 0.000000 0.280146 0.000000 0.959957 0.246421 0.246421 0.246421
7462.524902 0.000000 1290.009644 0.000000 0.444713 0.000000 0.895673 0.238310 0.238310 0.238310
7470.588379 0.000000 1286.437500 0.000000 0.152024 0.000000 0.988377 0.275305 0.275305 0.275305
7478.847168 0.000000 1285.518188 0.000000 0.296238 0.000000 0.955114 0.247604 0.247604 0.247604
7461.261230 0.000000 1292.037842 0.000000 0.212375 0.000000 0.977188 0.274138 0.274138 0.274138
7476.413574 0.000000 1292.214233 0.000000 0.065078 0.000000 0.997880 0.272823 0.272823 0.272823
7496.627441 0.000000 1282.680664 0.000000 0.164023 0.000000 0.986457 0.220381 0.220381 0.220381
7450.122559 0.000000 1309.948975 0.000000 0.106727 0.000000 0.994288 0.190535 0.190535 0.190535
7463.465820 0.000000 1309.026367 0.000000 0.134512 0.000000 0.990912 0.199583 0.199583 0.199583
7440.310547 0.000000 1346.736084 0.000000 0.233152 0.000000 0.972440 0.208799 0.208799 0.208799
7430.595703 0.000000 1325.139648 0.000000 0.415228 0.000000 0.909718 0.223017 0.223017 0.223017
7471.546387 0.000000 1305.488037 0.000000 0.290605 0.000000 0.956843 0.222175 0.222175 0.222175
7437.344238 0.000000 1313.430298 0.000000 0.447866 0.000000 0.894101 0.279988 0.279988 0.279988
7451.970215 0.000000 1300.122803 0.000000 0.143846 0.000000 0.989600 0.269935 0.269935 0.269935
7443.389160 0.000000 1311.723511 0.000000 0.112929 0.000000 0.993603 0.272871 0.272871 0.272871
7477.270996 0.000000 1302.440796 0.000000 0.531732 0.000000 0.846912 0.282485 0.282485 0.282485
7425.515137 0.000000 1328.325684 0.000000 0.124100 0.000000 0.992270 0.265442 0.265442 0.265442
7434.511230 0.000000 1317.831421 0.000000 0.421855 0.000000 0.906663 0.279210 0.279210 0.279210
7426.034668 0.000000 1325.226318 0.000000 0.204869 0.000000 0.978790 0.250665 0.250665 0.250665
7443.206055 0.000000 1307.972412 0.000000 0.103632 0.000000 0.994616 0.253958 0.253958 0.253958
7448.312988 0.000000 1302.569702 0.000000 0.145838 0.000000 0.989308 0.237031 0.237031 0.237031
7449.831543 0.000000 1306.284058 0.000000 0.346651 0.000000 0.937994 0.268101 0.268101 0.268101
7442.209473 0.000000 1310.044189 0.000000 0.469846 0.000000 0.882749 0.279868 0.279868 0.279868
7449.950684 0.000000 1301.121094 0.000000 0.434347 0.000000 0.900746 0.253472 0.253472 0.253472
7865.671875 0.000000 1015.105713 0.000000 0.519927 0.000000 0.854211 0.234794 0.234794 0.234794
7879.260254 0.000000 1006.838806 0.000000 0.003903 0.000000 0.999992 0.205815 0.205815 0.205815
7847.465820 0.000000 1026.604492 0.000000 0.253124 0.000000 0.967434 0.200538 0.200538 0.200538
7842.375977 0.000000 1033.161499 0.000000 0.398196 0.000000 0.917300 0.208307 0.208307 0.208307
7855.546387 0.000000 1023.066162 0.000000 0.094224 0.000000 0.995551 0.218712 0.218712 0.218712
7859.716797 0.000000 1018.970886 0.000000 0.338204 0.000000 0.941073 0.241849 0.241849 0.241849
8146.234375 0.000000 1104.666382 0.000000 0.003571 0.000000 0.999994 0.249301 0.249301 0.249301
8140.518066 0.000000 1101.793457 0.000000 0.018697 0.000000 0.999825 0.239258 0.239258 0.239258
8149.500000 0.000000 1103.386841 0.000000 0.566911 0.000000 0.823779 0.268513 0.268513 0.268513
8138.479980 0.000000 1101.352783 0.000000 0.544253 0.000000 0.838921 0.278467 0.278467 0.278467
7208.703613 0.000000 1410.493530 0.000000 0.285757 0.000000 0.958302 0.275823 0.275823 0.275823
7227.012207 0.000000 1404.051758 0.000000 0.394213 0.000000 0.919019 0.241110 0.241110 0.241110
7219.368652 0.000000 1407.110840 0.000000 0.335570 0.000000 0.942015 0.277640 0.277640 0.277640
7222.610352 0.000000 1405.538208 0.000000 0.530319 0.000000 0.847798 0.281585 0.281585 0.281585
7218.290039 0.000000 1409.391113 0.000000 0.252638 0.000000 0.967561 0.238335 0.238335 0.238335
7220.413574 0.000000 1405.182983 0.000000 0.537618 0.000000 0.843189 0.282266 0.282266 0.282266
7219.127441 0.000000 1404.666382 0.000000 0.029849 0.000000 0.999554 0.257524 0.257524 0.257524
7251.991699 0.000000 1388.852539 0.000000 0.089114 0.000000 0.996021 0.189754 0.189754 0.189754
7247.590332 0.000000 1407.721436 0.000000 0.055118 0.000000 0.998480 0.198464 0.198464 0.198464
7291.502441 0.000000 1367.622314 0.000000 0.284844 0.000000 0.958574 0.206781 0.206781 0.206781
7269.372070 0.000000 1359.689575 0.000000 0.340721 0.000000 0.940165 0.210278 0.210278 0.210278
7291.993164 0.000000 1372.168579 0.000000 0.286135 0.000000 0.958189 0.215223 0.215223 0.215223
7243.049316 0.000000 1405.505859 0.000000 0.030817 0.000000 0.999525 0.207015 0.207015 0.207015
7250.634277 0.000000 1400.893677 0.000000 0.238914 0.000000 0.971041 0.222614 0.222614 0.222614
7293.039062 0.000000 1373.966187 0.000000 0.048997 0.000000 0.998799 0.257809 0.257809 0.257809
7268.154785 0.000000 1363.327393 0.000000 0.474035 0.000000 0.880506 0.266371 0.266371 0.266371
7275.584473 0.000000 1394.699951 0.000000 0.422532 0.000000 0.906348 0.238518 0.238518 0.238518
7245.796875 0.000000 1394.637817 0.000000 0.040568 0.000000 0.999177 0.264120 0.264120 0.264120
7281.067871 0.000000 1360.153931 0.000000 0.233326 0.000000 0.972399 0.241471 0.241471 0.241471
7276.345703 0.000000 1366.341553 0.000000 0.151438 0.000000 0.988467 0.236143 0.236143 0.236143
7249.052246 0.000000 1398.429565 0.000000 0.532097 0.000000 0.846683 0.258465 0.258465 0.258465
7275.903809 0.000000 1355.732422 0.000000 0.038087 0.000000 0.999274 0.247915 0.247915 0.247915
7272.923828 0.000000 1362.323120 0.000000 0.545016 0.000000 0.838426 0.274539 0.274539 0.274539
7273.855957 0.000000 1356.640625 0.000000 0.093114 0.000000 0.995655 0.230211 0.230211 0.230211
7264.863281 0.000000 1376.449707 0.000000 0.253864 0.000000 0.967240 0.266107 0.266107 0.266107
7249.206543 0.000000 1392.956421 0.000000 0.079306 0.000000 0.996850 0.274309 0.274309 0.274309
7275.446289 0.000000 1397.236572 0.000000 0.145747 0.000000 0.989322 0.236074 0.236074 0.236074
7262.669434 0.000000 1371.241455 0.000000 0.384907 0.000000 0.922955 0.277810 0.277810 0.277810
7232.860352 0.000000 1411.466553 0.000000 0.410614 0.000000 0.911810 0.240340 0.240340 0.240340
7268.343262 0.000000 1362.166382 0.000000 0.093534 0.000000 0.995616 0.260329 0.260329 0.260329
7273.447266 0.000000 1372.530396 0.000000 0.258840 0.000000 0.965920 0.275098 0.275098 0.275098
7265.743164 0.000000 1355.863403 0.000000 0.219177 0.000000 0.975685 0.236959 0.236959 0.236959
7267.792969 0.000000 1356.601562 0.000000 0.309404 0.000000 0.950931 0.277184 0.277184 0.277184
7232.743652 0.000000 1406.545776 0.000000 0.579119 0.000000 0.815243 0.260254 0.260254 0.260254
7294.282715 0.000000 1371.745728 0.000000 0.537347 0.000000 0.843361 0.282075 0.282075 0.282075
7277.104004 0.000000 1357.079468 0.000000 0.219185 0.000000 0.975683 0.261779 0.261779 0.261779
7235.149902 0.000000 1401.418335 0.000000 0.395649 0.000000 0.918402 0.272785 0.272785 0.272785
7238.282227 0.000000 1401.679443 0.000000 0.402662 0.000000 0.915349 0.266626 0.266626 0.266626
7270.214844 0.000000 1368.254761 0.000000 0.432515 0.000000 0.901627 0.260302 0.260302 0.260302
7252.037109 0.000000 1395.373657 0.000000 0.225576 0.000000 0.974226 0.246172 0.246172 0.246172
7276.436035 0.000000 1396.780762 0.000000 0.006959 0.000000 0.999976 0.242847 0.242847 0.242847
7256.183105 0.000000 1377.312500 0.000000 0.546481 0.000000 0.837471 0.272592 0.272592 0.272592
7244.499512 0.000000 1395.007935 0.000000 0.083274 0.000000 0.996527 0.264795 0.264795 0.264795
7192.572266 0.000000 1451.573730 0.000000 0.046220 0.000000 0.998931 0.189685 0.189685 0.189685
7185.664551 0.000000 1418.765381 0.000000 0.295685 0.000000 0.955286 0.191340 0.191340 0.191340
7199.330566 0.000000 1444.530518 0.000000 0.035369 0.000000 0.999374 0.196844 0.196844 0.196844
7214.880859 0.000000 1462.645020 0.000000 0.332837 0.000000 0.942984 0.199188 0.199188 0.199188
7199.972656 0.000000 1436.490356 0.000000 0.376112 0.000000 0.926574 0.209608 0.209608 0.209608
7196.743164 0.000000 1440.722412 0.000000 0.570795 0.000000 0.821093 0.230403 0.230403 0.230403
7191.955566 0.000000 1445.899902 0.000000 0.066844 0.000000 0.997763 0.214588 0.214588 0.214588
7227.914062 0.000000 1440.432129 0.000000 0.586864 0.000000 0.809685 0.231628 0.231628 0.231628
7169.945801 0.000000 1428.413208 0.000000 0.025242 0.000000 0.999681 0.222802 0.222802 0.222802
7229.367188 0.000000 1463.245117 0.000000 0.373541 0.000000 0.927613 0.233458 0.233458 0.233458
7169.219727 0.000000 1420.127930 0.000000 0.530857 0.000000 0.847462 0.229390 0.229390 0.229390
7176.904785 0.000000 1418.389038 0.000000 0.321837 0.000000 0.946795 0.225466 0.225466 0.225466
7220.147949 0.000000 1467.271606 0.000000 0.165226 0.000000 0.986256 0.228136 0.228136 0.228136
7218.163574 0.000000 1459.084961 0.000000 0.000233 0.000000 1.000000 0.269389 0.269389 0.269389
7215.887207 0.000000 1461.899048 0.000000 0.323870 0.000000 0.946101 0.234334 0.234334 0.234334
7219.326660 0.000000 1459.625122 0.000000 0.171458 0.000000 0.985191 0.272252 0.272252 0.272252
7230.710938 0.000000 1450.335815 0.000000 0.194347 0.000000 0.980933 0.258569 0.258569 0.258569
7225.239746 0.000000 1455.438721 0.000000 0.007050 0.000000 0.999975 0.268596 0.268596 0.268596
7212.416992 0.000000 1457.112915 0.000000 0.326631 0.000000 0.945152 0.261058 0.261058 0.261058
7206.524902 0.000000 1459.462769 0.000000 0.368276 0.000000 0.929716 0.252984 0.252984 0.252984
7228.871582 0.000000 1441.304199 0.000000 0.305126 0.000000 0.952312 0.267415 0.267415 0.267415
7227.484375 0.000000 1453.305664 0.000000 0.158496 0.000000 0.987360 0.273833 0.273833 0.273833
7209.855957 0.000000 1413.125000 0.000000 0.405254 0.000000 0.914204 0.247650 0.247650 0.247650
7222.086914 0.000000 1456.708496 0.000000 0.515270 0.000000 0.857028 0.258685 0.258685 0.258685
7208.134277 0.000000 1456.699829 0.000000 0.086446 0.000000 0.996257 0.272876 0.272876 0.272876
7226.145020 0.000000 1457.253540 0.000000 0.562309 0.000000 0.826927 0.272396 0.272396 0.272396
7201.743164 0.000000 1412.347778 0.000000 0.482075 0.000000 0.876130 0.258148 0.258148 0.258148
7210.127930 0.000000 1459.562622 0.000000 0.129961 0.000000 0.991519 0.274000 0.274000 0.274000
7219.578125 0.000000 1435.346680 0.000000 0.475075 0.000000 0.879945 0.266389 0.266389 0.266389
7223.883789 0.000000 1458.158447 0.000000 0.132131 0.000000 0.991232 0.272585 0.272585 0.272585
7222.610352 0.000000 1462.022583 0.000000 0.506032 0.000000 0.862515 0.279190 0.279190 0.279190
7229.398438 0.000000 1454.922241 0.000000 0.141110 0.000000 0.989994 0.272865 0.272865 0.272865
7194.586914 0.000000 1443.634766 0.000000 0.172893 0.000000 0.984941 0.242617 0.242617 0.242617
7226.833496 0.000000 1431.518555 0.000000 0.012233 0.000000 0.999925 0.271810 0.271810 0.271810
7198.228516 0.000000 1412.120972 0.000000 0.346757 0.000000 0.937955 0.238045 0.238045 0.238045
7229.764648 0.000000 1449.765259 0.000000 0.086430 0.000000 0.996258 0.270825 0.270825 0.270825
7261.530273 0.000000 1439.401733 0.000000 0.352476 0.000000 0.935821 0.191810 0.191810 0.191810
7279.145508 0.000000 1430.257202 0.000000 0.559258 0.000000 0.828994 0.193364 0.193364 0.193364
7292.008301 0.000000 1454.386597 0.000000 0.472588 0.000000 0.881284 0.196284 0.196284 0.196284
7251.576660 0.000000 1447.561035 0.000000 0.095118 0.000000 0.995466 0.192383 0.192383 0.192383
7263.303223 0.000000 1439.120850 0.000000 0.100326 0.000000 0.994955 0.211028 0.211028 0.211028
7238.382324 0.000000 1449.109375 0.000000 0.531915 0.000000 0.846797 0.220289 0.220289 0.220289
7274.544434 0.000000 1448.962402 0.000000 0.429933 0.000000 0.902861 0.273393 0.273393 0.273393
7279.249023 0.000000 1434.846680 0.000000 0.425274 0.000000 0.905065 0.241522 0.241522 0.241522
7265.152344 0.000000 1458.277222 0.000000 0.535104 0.000000 0.844786 0.261495 0.261495 0.261495
7286.683594 0.000000 1442.671265 0.000000 0.085689 0.000000 0.996322 0.272473 0.272473 0.272473
7282.304199 0.000000 1438.497192 0.000000 0.308458 0.000000 0.951238 0.276130 0.276130 0.276130
7258.203125 0.000000 1444.715210 0.000000 0.128690 0.000000 0.991685 0.270146 0.270146 0.270146
7265.498047 0.000000 1460.324219 0.000000 0.370744 0.000000 0.928735 0.278096 0.278096 0.278096
7240.415527 0.000000 1439.181641 0.000000 0.147213 0.000000 0.989105 0.235136 0.235136 0.235136
7273.821777 0.000000 1426.566406 0.000000 0.442810 0.000000 0.896616 0.234807 0.234807 0.234807
7292.125488 0.000000 1423.003906 0.000000 0.132672 0.000000 0.991160 0.233052 0.233052 0.233052
7294.710938 0.000000 1450.335815 0.000000 0.358562 0.000000 0.933506 0.254299 0.254299 0.254299
7260.231934 0.000000 1453.712158 0.000000 0.261184 0.000000 0.965289 0.265277 0.265277 0.265277
7266.360840 0.000000 1457.482544 0.000000 0.028509 0.000000 0.999594 0.230432 0.230432 0.230432
7280.162598 0.000000 1425.972656 0.000000 0.501073 0.000000 0.865405 0.263884 0.263884 0.263884
7283.089355 0.000000 1441.106201 0.000000 0.234341 0.000000 0.972154 0.274518 0.274518 0.274518
7240.362793 0.000000 1467.894409 0.000000 0.463951 0.000000 0.885861 0.280233 0.280233 0.280233
7235.978516 0.000000 1428.327271 0.000000 0.253802 0.000000 0.967256 0.240766 0.240766 0.240766
7252.942871 0.000000 1461.716553 0.000000 0.334833 0.000000 0.942277 0.276797 0.276797 0.276797
7272.188477 0.000000 1449.452393 0.000000 0.325211 0.000000 0.945642 0.276326 0.276326 0.276326
7269.645508 0.000000 1447.889282 0.000000 0.425140 0.000000 0.905128 0.267975 0.267975 0.267975
7277.039062 0.000000 1449.532715 0.000000 0.409952 0.000000 0.912107 0.270621 0.270621 0.270621
7261.641113 0.000000 1457.865356 0.000000 0.461866 0.000000 0.886950 0.280313 0.280313 0.280313
7284.024414 0.000000 1452.429321 0.000000 0.341793 0.000000 0.939775 0.277074 0.277074 0.277074
7294.436523 0.000000 1422.631592 0.000000 0.305453 0.000000 0.952207 0.266943 0.266943 0.266943
7267.712891 0.000000 1428.889771 0.000000 0.173509 0.000000 0.984832 0.251179 0.251179 0.251179
7244.296875 0.000000 1465.695068 0.000000 0.050234 0.000000 0.998738 0.240120 0.240120 0.240120
7283.336914 0.000000 1434.221069 0.000000 0.381876 0.000000 0.924214 0.247323 0.247323 0.247323
7308.112305 0.000000 1370.531738 0.000000 0.273107 0.000000 0.961984 0.191147 0.191147 0.191147
7332.682129 0.000000 1379.414307 0.000000 0.584293 0.000000 0.811542 0.198285 0.198285 0.198285
7321.598145 0.000000 1379.256592 0.000000 0.395027 0.000000 0.918669 0.203744 0.203744 0.203744
7326.288086 0.000000 1410.087402 0.000000 0.568028 0.000000 0.823009 0.205860 0.205860 0.205860
7307.084961 0.000000 1366.003662 0.000000 0.467188 0.000000 0.884158 0.209973 0.209973 0.209973
7349.929688 0.000000 1371.695679 0.000000 0.410531 0.000000 0.911847 0.208422 0.208422 0.208422
7325.938965 0.000000 1372.158447 0.000000 0.413823 0.000000 0.910358 0.221003 0.221003 0.221003
7297.598145 0.000000 1359.190796 0.000000 0.324228 0.000000 0.945979 0.220058 0.220058 0.220058
7323.790527 0.000000 1374.378540 0.000000 0.217783 0.000000 0.975997 0.225317 0.225317 0.225317
7319.035156 0.000000 1366.062134 0.000000 0.392074 0.000000 0.919934 0.223760 0.223760 0.223760
7320.351074 0.000000 1407.755371 0.000000 0.057248 0.000000 0.998360 0.230283 0.230283 0.230283
7357.256836 0.000000 1360.989746 0.000000 0.221228 0.000000 0.975222 0.229728 0.229728 0.229728
7346.249023 0.000000 1405.305054 0.000000 0.458515 0.000000 0.888687 0.279589 0.279589 0.279589
7358.281738 0.000000 1408.692505 0.000000 0.383934 0.000000 0.923361 0.278451 0.278451 0.278451
7300.993652 0.000000 1379.808105 0.000000 0.307087 0.000000 0.951681 0.258357 0.258357 0.258357
7348.467773 0.000000 1376.749756 0.000000 0.143631 0.000000 0.989631 0.272753 0.272753 0.272753
7332.191406 0.000000 1367.329956 0.000000 0.109079 0.000000 0.994033 0.272087 0.272087 0.272087
7323.970215 0.000000 1356.607178 0.000000 0.317783 0.000000 0.948163 0.266667 0.266667 0.266667
7356.439453 0.000000 1404.677979 0.000000 0.110162 0.000000 0.993914 0.272108 0.272108 0.272108
7347.413574 0.000000 1375.175537 0.000000 0.019111 0.000000 0.999817 0.227012 0.227012 0.227012
7318.163574 0.000000 1358.590332 0.000000 0.095927 0.000000 0.995388 0.234054 0.234054 0.234054
7357.190430 0.000000 1411.047119 0.000000 0.108444 0.000000 0.994103 0.265193 0.265193 0.265193
7326.762207 0.000000 1377.793579 0.000000 0.309681 0.000000 0.950840 0.248756 0.248756 0.248756
7335.881348 0.000000 1355.688232 0.000000 0.360895 0.000000 0.932606 0.271219 0.271219 0.271219
7341.871094 0.000000 1405.508301 0.000000 0.291669 0.000000 0.956519 0.232484 0.232484 0.232484
7356.166992 0.000000 1402.206177 0.000000 0.535261 0.000000 0.844687 0.263481 0.263481 0.263481
7353.471191 0.000000 1371.964233 0.000000 0.026676 0.000000 0.999644 0.234187 0.234187 0.234187
7355.012207 0.000000 1404.051758 0.000000 0.129616 0.000000 0.991564 0.234450 0.234450 0.234450
7321.831543 0.000000 1362.768433 0.000000 0.033472 0.000000 0.999440 0.273345 0.273345 0.273345
7303.767090 0.000000 1381.627808 0.000000 0.306667 0.000000 0.951817 0.240468 0.240468 0.240468
7346.000000 0.000000 1358.932861 0.000000 0.576451 0.000000 0.817132 0.281734 0.281734 0.281734
7324.718750 0.000000 1366.125488 0.000000 0.157149 0.000000 0.987575 0.274442 0.274442 0.274442
7323.824219 0.000000 1368.486572 0.000000 0.258418 0.000000 0.966033 0.274992 0.274992 0.274992
7332.323242 0.000000 1366.125732 0.000000 0.273189 0.000000 0.961960 0.275285 0.275285 0.275285
7350.610352 0.000000 1405.538208 0.000000 0.562707 0.000000 0.826657 0.281597 0.281597 0.281597
7345.195312 0.000000 1355.987915 0.000000 0.507455 0.000000 0.861678 0.268428 0.268428 0.268428
7314.209473 0.000000 1366.528564 0.000000 0.398350 0.000000 0.917233 0.245591 0.245591 0.245591
7359.475098 0.000000 1360.392212 0.000000 0.045753 0.000000 0.998953 0.271731 0.271731 0.271731
7349.577148 0.000000 1374.571045 0.000000 0.055641 0.000000 0.998451 0.271063 0.271063 0.271063
7376.244141 0.000000 1384.822876 0.000000 0.223990 0.000000 0.974591 0.190599 0.190599 0.190599
7402.281250 0.000000 1397.836792 0.000000 0.494860 0.000000 0.868973 0.199541 0.199541 0.199541
7375.228516 0.000000 1382.637207 0.000000 0.206827 0.000000 0.978378 0.205111 0.205111 0.205111
7361.843750 0.000000 1402.004639 0.000000 0.221312 0.000000 0.975203 0.206224 0.206224 0.206224
7370.416504 0.000000 1387.309204 0.000000 0.418808 0.000000 0.908075 0.215544 0.215544 0.215544
7368.986816 0.000000 1410.333008 0.000000 0.156365 0.000000 0.987699 0.211540 0.211540 0.211540
7402.712402 0.000000 1376.843384 0.000000 0.003551 0.000000 0.999994 0.208223 0.208223 0.208223
7373.467285 0.000000 1404.271851 0.000000 0.442582 0.000000 0.896728 0.222318 0.222318 0.222318
7389.685059 0.000000 1390.379639 0.000000 0.503772 0.000000 0.863836 0.258992 0.258992 0.258992
7365.529297 0.000000 1359.114990 0.000000 0.173795 0.000000 0.984782 0.262490 0.262490 0.262490
7367.959473 0.000000 1404.883789 0.000000 0.472316 0.000000 0.881429 0.279395 0.279395 0.279395
7401.405762 0.000000 1393.477905 0.000000 0.454237 0.000000 0.890881 0.241911 0.241911 0.241911
7361.803711 0.000000 1407.951050 0.000000 0.403685 0.000000 0.914898 0.278023 0.278023 0.278023
7402.279785 0.000000 1400.481689 0.000000 0.517822 0.000000 0.855488 0.253265 0.253265 0.253265
7372.518066 0.000000 1384.215332 0.000000 0.165234 0.000000 0.986254 0.275485 0.275485 0.275485
7360.743652 0.000000 1406.545776 0.000000 0.505376 0.000000 0.862899 0.280197 0.280197 0.280197
7399.595215 0.000000 1398.722900 0.000000 0.155741 0.000000 0.987798 0.272450 0.272450 0.272450
7409.638184 0.000000 1396.713623 0.000000 0.214945 0.000000 0.976626 0.251281 0.251281 0.251281
7383.105469 0.000000 1399.808350 0.000000 0.358181 0.000000 0.933652 0.268293 0.268293 0.268293
7366.282227 0.000000 1401.679443 0.000000 0.009534 0.000000 0.999955 0.272345 0.272345 0.272345
7388.615723 0.000000 1390.111694 0.000000 0.474590 0.000000 0.880207 0.258521 0.258521 0.258521
7325.380859 0.000000 1431.507080 0.000000 0.307120 0.000000 0.951671 0.219882 0.219882 0.219882
7358.321777 0.000000 1430.441528 0.000000 0.032890 0.000000 0.999459 0.220017 0.220017 0.220017
7324.743164 0.000000 1440.722412 0.000000 0.248507 0.000000 0.968630 0.216336 0.216336 0.216336
7340.311035 0.000000 1425.698608 0.000000 0.030691 0.000000 0.999529 0.217124 0.217124 0.217124
7350.252441 0.000000 1414.663940 0.000000 0.538728 0.000000 0.842480 0.228477 0.228477 0.228477
7357.039062 0.000000 1430.450562 0.000000 0.359771 0.000000 0.933041 0.236244 0.236244 0.236244
7327.169922 0.000000 1425.347046 0.000000 0.182231 0.000000 0.983256 0.251300 0.251300 0.251300
7354.750488 0.000000 1426.596802 0.000000 0.031811 0.000000 0.999494 0.258474 0.258474 0.258474
7313.011230 0.000000 1413.446533 0.000000 0.007622 0.000000 0.999971 0.271316 0.271316 0.271316
7297.515137 0.000000 1441.294434 0.000000 0.409856 0.000000 0.912150 0.258968 0.258968 0.258968
7344.162598 0.000000 1425.972656 0.000000 0.057688 0.000000 0.998335 0.267601 0.267601 0.267601
7317.918945 0.000000 1433.014404 0.000000 0.548944 0.000000 0.835859 0.243736 0.243736 0.243736
7351.569824 0.000000 1432.107544 0.000000 0.372266 0.000000 0.928126 0.247190 0.247190 0.247190
7297.121582 0.000000 1429.217896 0.000000 0.221012 0.000000 0.975271 0.234567 0.234567 0.234567
7303.767090 0.000000 1438.112183 0.000000 0.304791 0.000000 0.952419 0.270265 0.270265 0.270265
7322.768555 0.000000 1427.041748 0.000000 0.312086 0.000000 0.950054 0.241024 0.241024 0.241024
7311.546387 0.000000 1449.991211 0.000000 0.331122 0.000000 0.943588 0.274524 0.274524 0.274524
7301.862793 0.000000 1447.974243 0.000000 0.365293 0.000000 0.930893 0.245140 0.245140 0.245140
7343.740234 0.000000 1427.247925 0.000000 0.005802 0.000000 0.999983 0.262203 0.262203 0.262203
7347.336914 0.000000 1434.221069 0.000000 0.159207 0.000000 0.987245 0.269724 0.269724 0.269724
7379.894531 0.000000 1419.881104 0.000000 0.210867 0.000000 0.977515 0.193732 0.193732 0.193732
7366.936035 0.000000 1415.685181 0.000000 0.212760 0.000000 0.977104 0.200706 0.200706 0.200706
7368.161133 0.000000 1424.230713 0.000000 0.227470 0.000000 0.973785 0.212690 0.212690 0.212690
7365.475098 0.000000 1420.385620 0.000000 0.294607 0.000000 0.955619 0.219753 0.219753 0.219753
7378.082520 0.000000 1412.171631 0.000000 0.392824 0.000000 0.919614 0.278628 0.278628 0.278628
7227.996582 0.000000 1475.862671 0.000000 0.396384 0.000000 0.918085 0.225798 0.225798 0.225798
7251.337891 0.000000 1468.752563 0.000000 0.327143 0.000000 0.944975 0.223550 0.223550 0.223550
7238.916992 0.000000 1471.017700 0.000000 0.538893 0.000000 0.842374 0.250600 0.250600 0.250600
7445.272461 0.000000 1363.994507 0.000000 0.482101 0.000000 0.876115 0.219230 0.219230 0.219230
7426.597656 0.000000 1369.089966 0.000000 0.224296 0.000000 0.974521 0.240394 0.240394 0.240394
7428.601562 0.000000 1356.948486 0.000000 0.218907 0.000000 0.975746 0.274215 0.274215 0.274215
7452.718750 0.000000 1366.125488 0.000000 0.480374 0.000000 0.877064 0.264026 0.264026 0.264026
7435.238281 0.000000 1361.766113 0.000000 0.191715 0.000000 0.981451 0.276316 0.276316 0.276316
7439.758301 0.000000 1364.310059 0.000000 0.172053 0.000000 0.985088 0.274245 0.274245 0.274245
7507.521973 0.000000 1387.400635 0.000000 0.586626 0.000000 0.809858 0.222965 0.222965 0.222965
7550.281738 0.000000 1408.692505 0.000000 0.511334 0.000000 0.859382 0.282226 0.282226 0.282226
7515.739258 0.000000 1455.732788 0.000000 0.308996 0.000000 0.951063 0.198994 0.198994 0.198994
7570.579102 0.000000 1410.813843 0.000000 0.553124 0.000000 0.833099 0.193313 0.193313 0.193313
7553.843750 0.000000 1402.004639 0.000000 0.544920 0.000000 0.838488 0.210240 0.210240 0.210240
7553.803711 0.000000 1407.951050 0.000000 0.150948 0.000000 0.988542 0.274170 0.274170 0.274170
7552.860352 0.000000 1411.466553 0.000000 0.522147 0.000000 0.852855 0.281907 0.281907 0.281907
6514.709961 0.000000 2047.527344 0.000000 0.294909 0.000000 0.955525 0.198880 0.198880 0.198880
6524.180664 0.000000 2067.540039 0.000000 0.266774 0.000000 0.963759 0.201647 0.201647 0.201647
6508.409668 0.000000 2059.465820 0.000000 0.160805 0.000000 0.986986 0.221318 0.221318 0.221318
6503.743652 0.000000 2069.177979 0.000000 0.092604 0.000000 0.995703 0.224945 0.224945 0.224945
6471.260254 0.000000 2136.526367 0.000000 0.209645 0.000000 0.977778 0.203652 0.203652 0.203652
6530.009277 0.000000 2054.486328 0.000000 0.188490 0.000000 0.982075 0.220143 0.220143 0.220143
6533.108887 0.000000 2083.070068 0.000000 0.003438 0.000000 0.999994 0.232503 0.232503 0.232503
6533.217285 0.000000 2081.586426 0.000000 0.525536 0.000000 0.850772 0.267763 0.267763 0.267763
6533.319336 0.000000 2053.406006 0.000000 0.030738 0.000000 0.999527 0.263508 0.263508 0.263508
6454.403320 0.000000 2166.092041 0.000000 0.174092 0.000000 0.984729 0.213171 0.213171 0.213171
6456.008301 0.000000 2188.655518 0.000000 0.491519 0.000000 0.870867 0.268637 0.268637 0.268637
6468.166992 0.000000 2195.170898 0.000000 0.382321 0.000000 0.924029 0.201616 0.201616 0.201616
6440.647949 0.000000 2204.217285 0.000000 0.209014 0.000000 0.977913 0.196207 0.196207 0.196207
6455.867676 0.000000 2250.122314 0.000000 0.397536 0.000000 0.917587 0.202251 0.202251 0.202251
6447.250488 0.000000 2231.871582 0.000000 0.454459 0.000000 0.890768 0.210355 0.210355 0.210355
6441.963379 0.000000 2210.419922 0.000000 0.026480 0.000000 0.999649 0.201159 0.201159 0.201159
6433.762207 0.000000 2224.788574 0.000000 0.574342 0.000000 0.818615 0.228416 0.228416 0.228416
6430.868164 0.000000 2223.632812 0.000000 0.400346 0.000000 0.916364 0.279386 0.279386 0.279386
6446.633301 0.000000 2207.606445 0.000000 0.418439 0.000000 0.908245 0.229535 0.229535 0.229535
6453.144531 0.000000 2212.211670 0.000000 0.148659 0.000000 0.988889 0.261635 0.261635 0.261635
6436.323242 0.000000 2213.391357 0.000000 0.185029 0.000000 0.982733 0.275369 0.275369 0.275369
6468.384766 0.000000 2253.663330 0.000000 0.025176 0.000000 0.999683 0.191385 0.191385 0.191385
6528.328125 0.000000 2194.874512 0.000000 0.536671 0.000000 0.843791 0.234510 0.234510 0.234510
6531.040527 0.000000 2194.451904 0.000000 0.546791 0.000000 0.837269 0.251722 0.251722 0.251722
6644.906250 0.000000 2209.143066 0.000000 0.364316 0.000000 0.931276 0.278378 0.278378 0.278378
6846.095703 0.000000 1839.046143 0.000000 0.253846 0.000000 0.967245 0.220810 0.220810 0.220810
6845.505859 0.000000 1815.576416 0.000000 0.408755 0.000000 0.912644 0.237846 0.237846 0.237846
6841.671875 0.000000 1862.371338 0.000000 0.454769 0.000000 0.890609 0.268972 0.268972 0.268972
6831.887207 0.000000 1857.289673 0.000000 0.313772 0.000000 0.949498 0.229802 0.229802 0.229802
6841.653809 0.000000 1860.340454 0.000000 0.195838 0.000000 0.980636 0.267993 0.267993 0.267993
6839.218262 0.000000 1859.636475 0.000000 0.388127 0.000000 0.921606 0.278315 0.278315 0.278315
6843.256348 0.000000 1816.470581 0.000000 0.353391 0.000000 0.935476 0.248392 0.248392 0.248392
6857.203613 0.000000 1843.200806 0.000000 0.065113 0.000000 0.997878 0.190264 0.190264 0.190264
6901.428223 0.000000 1825.341187 0.000000 0.139613 0.000000 0.990206 0.190034 0.190034 0.190034
6854.028809 0.000000 1830.429565 0.000000 0.209389 0.000000 0.977832 0.198198 0.198198 0.198198
6848.523438 0.000000 1809.156006 0.000000 0.297443 0.000000 0.954740 0.206394 0.206394 0.206394
6857.995605 0.000000 1856.340942 0.000000 0.493324 0.000000 0.869846 0.233948 0.233948 0.233948
6888.459473 0.000000 1837.019531 0.000000 0.068416 0.000000 0.997657 0.220857 0.220857 0.220857
6860.904785 0.000000 1834.982422 0.000000 0.092997 0.000000 0.995666 0.234970 0.234970 0.234970
6851.574219 0.000000 1860.923584 0.000000 0.532989 0.000000 0.846122 0.280774 0.280774 0.280774
6878.868164 0.000000 1828.242188 0.000000 0.284895 0.000000 0.958559 0.231917 0.231917 0.231917
6878.762207 0.000000 1829.668579 0.000000 0.229934 0.000000 0.973206 0.231282 0.231282 0.231282
6853.292969 0.000000 1813.517456 0.000000 0.481950 0.000000 0.876198 0.237802 0.237802 0.237802
6885.454590 0.000000 1836.683838 0.000000 0.279158 0.000000 0.960245 0.258415 0.258415 0.258415
6851.149902 0.000000 1853.293335 0.000000 0.373539 0.000000 0.927614 0.267106 0.267106 0.267106
6854.709961 0.000000 1863.629883 0.000000 0.586329 0.000000 0.810073 0.264381 0.264381 0.264381
6825.128906 0.000000 1884.850098 0.000000 0.493049 0.000000 0.870001 0.195431 0.195431 0.195431
6840.732422 0.000000 1912.541382 0.000000 0.513024 0.000000 0.858374 0.226144 0.226144 0.226144
6845.145996 0.000000 1905.663574 0.000000 0.141977 0.000000 0.989870 0.225954 0.225954 0.225954
6838.395020 0.000000 1874.047607 0.000000 0.139999 0.000000 0.990152 0.267088 0.267088 0.267088
6842.750488 0.000000 1878.471802 0.000000 0.028387 0.000000 0.999597 0.270542 0.270542 0.270542
6839.669922 0.000000 1897.649048 0.000000 0.164015 0.000000 0.986458 0.274200 0.274200 0.274200
6834.000000 0.000000 1867.292236 0.000000 0.516441 0.000000 0.856323 0.261180 0.261180 0.261180
6841.571289 0.000000 1903.840210 0.000000 0.498258 0.000000 0.867029 0.248990 0.248990 0.248990
6841.305176 0.000000 1915.181152 0.000000 0.487144 0.000000 0.873321 0.278825 0.278825 0.278825
6840.073242 0.000000 1903.423096 0.000000 0.529949 0.000000 0.848029 0.249465 0.249465 0.249465
6839.349609 0.000000 1904.454346 0.000000 0.218874 0.000000 0.975753 0.249905 0.249905 0.249905
6865.722656 0.000000 1916.161743 0.000000 0.581678 0.000000 0.813419 0.193407 0.193407 0.193407
6859.616211 0.000000 1893.325562 0.000000 0.538649 0.000000 0.842530 0.192996 0.192996 0.192996
6860.919922 0.000000 1914.020142 0.000000 0.050596 0.000000 0.998719 0.201843 0.201843 0.201843
6869.609863 0.000000 1896.633423 0.000000 0.001738 0.000000 0.999999 0.205313 0.205313 0.205313
6870.444824 0.000000 1915.683228 0.000000 0.516841 0.000000 0.856081 0.216061 0.216061 0.216061
6855.500488 0.000000 1883.280762 0.000000 0.232924 0.000000 0.972495 0.215692 0.215692 0.215692
6855.754395 0.000000 1893.950684 0.000000 0.156923 0.000000 0.987611 0.231893 0.231893 0.231893
6861.130371 0.000000 1906.160522 0.000000 0.437537 0.000000 0.899200 0.279989 0.279989 0.279989
6857.453613 0.000000 1876.654663 0.000000 0.495449 0.000000 0.868637 0.278009 0.278009 0.278009
6850.773438 0.000000 1870.025757 0.000000 0.452703 0.000000 0.891662 0.252764 0.252764 0.252764
6875.313477 0.000000 1911.617920 0.000000 0.325811 0.000000 0.945435 0.250917 0.250917 0.250917
6856.099121 0.000000 1899.373901 0.000000 0.090134 0.000000 0.995930 0.271804 0.271804 0.271804
6849.375488 0.000000 1866.376343 0.000000 0.533968 0.000000 0.845504 0.280758 0.280758 0.280758
6860.104980 0.000000 1906.883057 0.000000 0.372447 0.000000 0.928053 0.278714 0.278714 0.278714
6860.499512 0.000000 1903.367310 0.000000 0.217487 0.000000 0.976063 0.260807 0.260807 0.260807
6838.252441 0.000000 1923.023315 0.000000 0.144762 0.000000 0.989467 0.227429 0.227429 0.227429
6843.256348 0.000000 1929.439331 0.000000 0.109331 0.000000 0.994005 0.272968 0.272968 0.272968
6874.692383 0.000000 1932.919678 0.000000 0.046153 0.000000 0.998934 0.221587 0.221587 0.221587
6850.058594 0.000000 1938.908081 0.000000 0.132694 0.000000 0.991157 0.223445 0.223445 0.223445
6853.292969 0.000000 1926.486206 0.000000 0.119070 0.000000 0.992886 0.227149 0.227149 0.227149
6851.978516 0.000000 1936.686646 0.000000 0.345084 0.000000 0.938572 0.257004 0.257004 0.257004
6755.689941 0.000000 2141.523438 0.000000 0.231539 0.000000 0.972826 0.190686 0.190686 0.190686
6756.742188 0.000000 2143.126953 0.000000 0.281990 0.000000 0.959417 0.202273 0.202273 0.202273
6756.687500 0.000000 2140.492188 0.000000 0.439395 0.000000 0.898294 0.229284 0.229284 0.229284
6665.866211 0.000000 2185.478516 0.000000 0.385736 0.000000 0.922609 0.192022 0.192022 0.192022
6729.322266 0.000000 2165.373779 0.000000 0.577573 0.000000 0.816339 0.197191 0.197191 0.197191
6744.641113 0.000000 2202.130859 0.000000 0.169976 0.000000 0.985448 0.200360 0.200360 0.200360
6759.339844 0.000000 2147.988770 0.000000 0.408671 0.000000 0.912682 0.224442 0.224442 0.224442
6769.424316 0.000000 2241.307129 0.000000 0.427314 0.000000 0.904103 0.195912 0.195912 0.195912
6728.237305 0.000000 2250.917236 0.000000 0.410519 0.000000 0.911852 0.196791 0.196791 0.196791
6753.987305 0.000000 2240.504395 0.000000 0.005114 0.000000 0.999987 0.199043 0.199043 0.199043
6756.742188 0.000000 2256.095703 0.000000 0.284712 0.000000 0.958613 0.202295 0.202295 0.202295
6740.841797 0.000000 2237.456787 0.000000 0.485559 0.000000 0.874204 0.223806 0.223806 0.223806
6731.583008 0.000000 2249.835449 0.000000 0.133149 0.000000 0.991096 0.231142 0.231142 0.231142
6763.584473 0.000000 2241.965576 0.000000 0.329095 0.000000 0.944297 0.262538 0.262538 0.262538
6761.405762 0.000000 2240.743408 0.000000 0.147067 0.000000 0.989127 0.274151 0.274151 0.274151
6725.108887 0.000000 2252.523193 0.000000 0.044998 0.000000 0.998987 0.231566 0.231566 0.231566
6728.396484 0.000000 2241.671387 0.000000 0.102620 0.000000 0.994721 0.273942 0.273942 0.273942
6729.122070 0.000000 2249.952148 0.000000 0.571532 0.000000 0.820580 0.283277 0.283277 0.283277
6759.291504 0.000000 2241.896240 0.000000 0.030860 0.000000 0.999524 0.268988 0.268988 0.268988
6720.361816 0.000000 2224.526611 0.000000 0.025078 0.000000 0.999686 0.248204 0.248204 0.248204
6724.465332 0.000000 2241.680176 0.000000 0.347902 0.000000 0.937531 0.264280 0.264280 0.264280
6729.062988 0.000000 2244.870605 0.000000 0.121028 0.000000 0.992649 0.274163 0.274163 0.274163
6790.709961 0.000000 2202.536133 0.000000 0.106972 0.000000 0.994262 0.246497 0.246497 0.246497
6809.237793 0.000000 2209.049561 0.000000 0.129804 0.000000 0.991540 0.190541 0.190541 0.190541
6801.664551 0.000000 2209.546631 0.000000 0.554884 0.000000 0.831927 0.193205 0.193205 0.193205
6809.909180 0.000000 2219.976807 0.000000 0.460643 0.000000 0.887586 0.223021 0.223021 0.223021
6815.169922 0.000000 2216.128174 0.000000 0.262113 0.000000 0.965037 0.235542 0.235542 0.235542
6816.728027 0.000000 2214.099365 0.000000 0.455186 0.000000 0.890396 0.240931 0.240931 0.240931
6458.385254 0.000000 2261.967041 0.000000 0.226818 0.000000 0.973937 0.191055 0.191055 0.191055
6462.477051 0.000000 2284.781250 0.000000 0.124873 0.000000 0.992173 0.274232 0.274232 0.274232
6463.956055 0.000000 2286.293457 0.000000 0.480616 0.000000 0.876931 0.280376 0.280376 0.280376
6524.180664 0.000000 2293.477539 0.000000 0.125875 0.000000 0.992046 0.200497 0.200497 0.200497
6478.777344 0.000000 2279.627197 0.000000 0.007595 0.000000 0.999971 0.205847 0.205847 0.205847
6512.891113 0.000000 2287.749023 0.000000 0.315657 0.000000 0.948873 0.213030 0.213030 0.213030
6480.790527 0.000000 2267.530273 0.000000 0.201469 0.000000 0.979495 0.203583 0.203583 0.203583
6501.817871 0.000000 2292.941895 0.000000 0.570716 0.000000 0.821148 0.224302 0.224302 0.224302
6527.025879 0.000000 2308.740234 0.000000 0.550358 0.000000 0.834929 0.215914 0.215914 0.215914
6502.014160 0.000000 2290.203613 0.000000 0.096576 0.000000 0.995326 0.223548 0.223548 0.223548
6494.348145 0.000000 2289.713379 0.000000 0.390703 0.000000 0.920517 0.221753 0.221753 0.221753
6518.041992 0.000000 2259.417236 0.000000 0.375348 0.000000 0.926884 0.224074 0.224074 0.224074
6468.993652 0.000000 2283.558105 0.000000 0.202173 0.000000 0.979350 0.275629 0.275629 0.275629
6466.597656 0.000000 2272.840088 0.000000 0.411382 0.000000 0.911463 0.239362 0.239362 0.239362
6481.011230 0.000000 2260.712158 0.000000 0.561046 0.000000 0.827785 0.251946 0.251946 0.251946
6521.239746 0.000000 2302.704346 0.000000 0.571642 0.000000 0.820503 0.246587 0.246587 0.246587
6464.213379 0.000000 2271.476562 0.000000 0.358832 0.000000 0.933402 0.251874 0.251874 0.251874
6471.767090 0.000000 2285.377686 0.000000 0.066087 0.000000 0.997814 0.252492 0.252492 0.252492
6475.572266 0.000000 2284.953857 0.000000 0.435574 0.000000 0.900153 0.279572 0.279572 0.279572
6486.963379 0.000000 2281.847900 0.000000 0.374089 0.000000 0.927393 0.277323 0.277323 0.277323
6549.668945 0.000000 2269.163818 0.000000 0.126662 0.000000 0.991946 0.190520 0.190520 0.190520
6545.939453 0.000000 2301.170654 0.000000 0.552786 0.000000 0.833323 0.193409 0.193409 0.193409
6561.491699 0.000000 2265.270264 0.000000 0.498657 0.000000 0.866799 0.192669 0.192669 0.192669
6547.443848 0.000000 2309.294678 0.000000 0.066486 0.000000 0.997787 0.189712 0.189712 0.189712
6555.203125 0.000000 2298.692627 0.000000 0.282470 0.000000 0.959276 0.196778 0.196778 0.196778
6552.204102 0.000000 2303.902588 0.000000 0.331607 0.000000 0.943418 0.212187 0.212187 0.212187
6544.310547 0.000000 2306.970459 0.000000 0.428252 0.000000 0.903660 0.208084 0.208084 0.208084
6553.560059 0.000000 2302.548584 0.000000 0.172723 0.000000 0.984970 0.210712 0.210712 0.210712
6550.338379 0.000000 2272.357422 0.000000 0.159784 0.000000 0.987152 0.214501 0.214501 0.214501
6543.354980 0.000000 2305.597168 0.000000 0.413174 0.000000 0.910652 0.218494 0.218494 0.218494
6555.430664 0.000000 2300.009766 0.000000 0.309690 0.000000 0.950838 0.264625 0.264625 0.264625
6534.966309 0.000000 2307.244873 0.000000 0.359218 0.000000 0.933254 0.279180 0.279180 0.279180
6559.890137 0.000000 2305.616211 0.000000 0.547726 0.000000 0.836658 0.249736 0.249736 0.249736
6562.942871 0.000000 2297.809814 0.000000 0.265622 0.000000 0.964077 0.267244 0.267244 0.267244
6556.718750 0.000000 2269.875488 0.000000 0.547156 0.000000 0.837031 0.282580 0.282580 0.282580
6547.007324 0.000000 2333.937744 0.000000 0.390741 0.000000 0.920501 0.192322 0.192322 0.192322
6532.846680 0.000000 2330.766602 0.000000 0.031633 0.000000 0.999500 0.210403 0.210403 0.210403
6622.953613 0.000000 2372.111816 0.000000 0.085635 0.000000 0.996327 0.190064 0.190064 0.190064
6615.416992 0.000000 2363.792236 0.000000 0.040700 0.000000 0.999171 0.195908 0.195908 0.195908
6594.681152 0.000000 2338.077881 0.000000 0.315860 0.000000 0.948806 0.212038 0.212038 0.212038
6621.264648 0.000000 2362.640625 0.000000 0.132329 0.000000 0.991206 0.214727 0.214727 0.214727
6645.881348 0.000000 2358.019043 0.000000 0.363176 0.000000 0.931721 0.235303 0.235303 0.235303
6617.064941 0.000000 2366.498047 0.000000 0.366075 0.000000 0.930586 0.244172 0.244172 0.244172
6625.049316 0.000000 2373.593994 0.000000 0.222051 0.000000 0.975035 0.201278 0.201278 0.201278
6644.679199 0.000000 2392.032959 0.000000 0.307120 0.000000 0.951671 0.202984 0.202984 0.202984
6639.250488 0.000000 2401.324707 0.000000 0.509107 0.000000 0.860703 0.204780 0.204780 0.204780
6613.452637 0.000000 2394.326660 0.000000 0.101284 0.000000 0.994858 0.202748 0.202748 0.202748
6627.182129 0.000000 2379.110107 0.000000 0.524222 0.000000 0.851582 0.206967 0.206967 0.206967
6631.089844 0.000000 2387.656982 0.000000 0.138528 0.000000 0.990359 0.204530 0.204530 0.204530
6616.204102 0.000000 2416.871338 0.000000 0.411169 0.000000 0.911559 0.213961 0.213961 0.213961
6611.835449 0.000000 2393.230713 0.000000 0.453866 0.000000 0.891070 0.213886 0.213886 0.213886
6620.899902 0.000000 2423.892334 0.000000 0.564365 0.000000 0.825526 0.219641 0.219641 0.219641
6624.131348 0.000000 2377.463135 0.000000 0.245753 0.000000 0.969333 0.209406 0.209406 0.209406
6634.712402 0.000000 2393.562256 0.000000 0.518114 0.000000 0.855312 0.220640 0.220640 0.220640
6644.156250 0.000000 2390.711914 0.000000 0.180190 0.000000 0.983632 0.218111 0.218111 0.218111
6622.176270 0.000000 2423.501709 0.000000 0.427366 0.000000 0.904079 0.226649 0.226649 0.226649
6624.342773 0.000000 2407.389160 0.000000 0.208497 0.000000 0.978023 0.225703 0.225703 0.225703
6626.757812 0.000000 2377.805664 0.000000 0.015882 0.000000 0.999874 0.235001 0.235001 0.235001
6643.413574 0.000000 2391.894287 0.000000 0.167254 0.000000 0.985914 0.238247 0.238247 0.238247
6633.168457 0.000000 2403.901123 0.000000 0.017571 0.000000 0.999846 0.273186 0.273186 0.273186
6632.053711 0.000000 2424.697998 0.000000 0.436851 0.000000 0.899534 0.279095 0.279095 0.279095
6618.770996 0.000000 2381.944336 0.000000 0.196843 0.000000 0.980435 0.241488 0.241488 0.241488
6613.918945 0.000000 2393.248779 0.000000 0.073335 0.000000 0.997307 0.247456 0.247456 0.247456
6639.705078 0.000000 2403.627686 0.000000 0.413471 0.000000 0.910517 0.243337 0.243337 0.243337
6616.312988 0.000000 2375.772705 0.000000 0.374725 0.000000 0.927136 0.248202 0.248202 0.248202
6617.064941 0.000000 2422.982422 0.000000 0.024727 0.000000 0.999694 0.266610 0.266610 0.266610
6616.484375 0.000000 2372.354980 0.000000 0.177044 0.000000 0.984203 0.268154 0.268154 0.268154
6626.956543 0.000000 2393.573975 0.000000 0.321213 0.000000 0.947007 0.276292 0.276292 0.276292
6631.150391 0.000000 2425.722900 0.000000 0.280514 0.000000 0.959850 0.275478 0.275478 0.275478
6618.122559 0.000000 2439.636475 0.000000 0.152459 0.000000 0.988310 0.190833 0.190833 0.190833
6615.068359 0.000000 2433.339355 0.000000 0.363494 0.000000 0.931597 0.191650 0.191650 0.191650
6625.412109 0.000000 2443.785156 0.000000 0.552563 0.000000 0.833471 0.193358 0.193358 0.193358
6632.687988 0.000000 2451.328857 0.000000 0.112117 0.000000 0.993695 0.207726 0.207726 0.207726
6636.992676 0.000000 2451.728760 0.000000 0.355454 0.000000 0.934694 0.235700 0.235700 0.235700
6640.316895 0.000000 2470.559570 0.000000 0.534692 0.000000 0.845047 0.245034 0.245034 0.245034
6640.896973 0.000000 2476.438721 0.000000 0.265051 0.000000 0.964234 0.263915 0.263915 0.263915
6631.881348 0.000000 2428.891357 0.000000 0.069715 0.000000 0.997567 0.271389 0.271389 0.271389
6633.855957 0.000000 2429.843750 0.000000 0.314379 0.000000 0.949298 0.267567 0.267567 0.267567
6633.081055 0.000000 2456.345459 0.000000 0.555140 0.000000 0.831757 0.253854 0.253854 0.253854
6636.436035 0.000000 2469.983887 0.000000 0.037147 0.000000 0.999310 0.269548 0.269548 0.269548
6700.412598 0.000000 2301.648682 0.000000 0.512918 0.000000 0.858437 0.193119 0.193119 0.193119
6695.104492 0.000000 2271.268555 0.000000 0.476240 0.000000 0.879315 0.201928 0.201928 0.201928
6699.722656 0.000000 2314.698242 0.000000 0.064775 0.000000 0.997900 0.201471 0.201471 0.201471
6673.185059 0.000000 2273.881104 0.000000 0.054374 0.000000 0.998521 0.272175 0.272175 0.272175
6680.136230 0.000000 2279.789307 0.000000 0.435128 0.000000 0.900369 0.236201 0.236201 0.236201
6695.639160 0.000000 2286.448242 0.000000 0.507753 0.000000 0.861503 0.281921 0.281921 0.281921
6706.833984 0.000000 2267.955322 0.000000 0.242920 0.000000 0.970046 0.240629 0.240629 0.240629
6671.853516 0.000000 2274.112305 0.000000 0.527630 0.000000 0.849474 0.260376 0.260376 0.260376
6719.956055 0.000000 2286.293457 0.000000 0.525693 0.000000 0.850674 0.281181 0.281181 0.281181
6779.211426 0.000000 2288.993164 0.000000 0.428022 0.000000 0.903768 0.192562 0.192562 0.192562
6751.005371 0.000000 2294.279785 0.000000 0.324241 0.000000 0.945974 0.199118 0.199118 0.199118
6783.825195 0.000000 2272.627686 0.000000 0.027708 0.000000 0.999616 0.202141 0.202141 0.202141
6770.861328 0.000000 2314.892578 0.000000 0.364909 0.000000 0.931043 0.214504 0.214504 0.214504
6771.413574 0.000000 2278.925537 0.000000 0.514983 0.000000 0.857200 0.233221 0.233221 0.233221
6746.372559 0.000000 2312.231689 0.000000 0.099958 0.000000 0.994992 0.226941 0.226941 0.226941
6754.421875 0.000000 2295.866943 0.000000 0.049818 0.000000 0.998758 0.231621 0.231621 0.231621
6721.148926 0.000000 2283.524170 0.000000 0.379740 0.000000 0.925093 0.270582 0.270582 0.270582
6699.818848 0.000000 2353.361328 0.000000 0.487667 0.000000 0.873029 0.240873 0.240873 0.240873
6718.281738 0.000000 2368.927002 0.000000 0.218657 0.000000 0.975802 0.228728 0.228728 0.228728
6710.683594 0.000000 2346.421143 0.000000 0.569767 0.000000 0.821807 0.228358 0.228358 0.228358
6697.821777 0.000000 2330.316406 0.000000 0.380270 0.000000 0.924875 0.243382 0.243382 0.243382
6700.416992 0.000000 2360.862793 0.000000 0.063874 0.000000 0.997958 0.271221 0.271221 0.271221
6701.494141 0.000000 2357.499756 0.000000 0.583075 0.000000 0.812419 0.280237 0.280237 0.280237
6695.881348 0.000000 2315.922607 0.000000 0.460679 0.000000 0.887567 0.237524 0.237524 0.237524
6716.871582 0.000000 2345.054199 0.000000 0.210231 0.000000 0.977652 0.235405 0.235405 0.235405
6702.588379 0.000000 2359.640625 0.000000 0.179975 0.000000 0.983671 0.241274 0.241274 0.241274
6718.572266 0.000000 2366.377197 0.000000 0.476236 0.000000 0.879318 0.253120 0.253120 0.253120
6708.589844 0.000000 2359.278076 0.000000 0.352710 0.000000 0.935733 0.278924 0.278924 0.278924
6710.086914 0.000000 2360.458496 0.000000 0.316699 0.000000 0.948526 0.276809 0.276809 0.276809
6710.610352 0.000000 2365.772705 0.000000 0.178759 0.000000 0.983893 0.254563 0.254563 0.254563
6711.038086 0.000000 2363.859375 0.000000 0.449357 0.000000 0.893352 0.279563 0.279563 0.279563
6690.086426 0.000000 2322.757324 0.000000 0.457333 0.000000 0.889296 0.250367 0.250367 0.250367
6691.712891 0.000000 2332.639893 0.000000 0.441180 0.000000 0.897419 0.244703 0.244703 0.244703
6767.145508 0.000000 2334.007324 0.000000 0.071181 0.000000 0.997463 0.189967 0.189967 0.189967
6756.550293 0.000000 2346.653320 0.000000 0.472615 0.000000 0.881269 0.197816 0.197816 0.197816
6757.372070 0.000000 2319.923828 0.000000 0.124634 0.000000 0.992203 0.208812 0.208812 0.208812
6775.848633 0.000000 2315.922363 0.000000 0.538727 0.000000 0.842480 0.217824 0.217824 0.217824
6729.912598 0.000000 2344.961426 0.000000 0.162282 0.000000 0.986744 0.218906 0.218906 0.218906
6743.673828 0.000000 2321.815430 0.000000 0.193038 0.000000 0.981191 0.213839 0.213839 0.213839
6753.762207 0.000000 2337.757324 0.000000 0.509781 0.000000 0.860304 0.224591 0.224591 0.224591
6723.093750 0.000000 2345.929443 0.000000 0.144518 0.000000 0.989502 0.225982 0.225982 0.225982
6724.788086 0.000000 2338.360107 0.000000 0.269836 0.000000 0.962906 0.236607 0.236607 0.236607
6762.913086 0.000000 2369.859619 0.000000 0.221296 0.000000 0.975207 0.221942 0.221942 0.221942
6760.703613 0.000000 2370.727783 0.000000 0.113836 0.000000 0.993500 0.274634 0.274634 0.274634
6725.044922 0.000000 2346.736084 0.000000 0.295628 0.000000 0.955303 0.237409 0.237409 0.237409
6721.803711 0.000000 2368.185303 0.000000 0.466322 0.000000 0.884615 0.279753 0.279753 0.279753
6721.515137 0.000000 2345.044434 0.000000 0.163859 0.000000 0.986484 0.234374 0.234374 0.234374
6760.053711 0.000000 2368.213623 0.000000 0.207086 0.000000 0.978323 0.248790 0.248790 0.248790
6769.310547 0.000000 2345.329102 0.000000 0.297283 0.000000 0.954790 0.277571 0.277571 0.277571
6766.525879 0.000000 2343.587646 0.000000 0.191528 0.000000 0.981487 0.267455 0.267455 0.267455
6723.692383 0.000000 2349.160400 0.000000 0.276862 0.000000 0.960910 0.261244 0.261244 0.261244
6726.709961 0.000000 2371.989258 0.000000 0.301314 0.000000 0.953525 0.259229 0.259229 0.259229
6793.063965 0.000000 2289.836914 0.000000 0.167892 0.000000 0.985805 0.190829 0.190829 0.190829
6834.395020 0.000000 2289.391602 0.000000 0.294077 0.000000 0.955782 0.205368 0.205368 0.205368
6791.434570 0.000000 2270.118652 0.000000 0.054838 0.000000 0.998495 0.209646 0.209646 0.209646
6784.213379 0.000000 2271.476562 0.000000 0.531292 0.000000 0.847189 0.267372 0.267372 0.267372
6808.535645 0.000000 2332.214355 0.000000 0.371487 0.000000 0.928438 0.195464 0.195464 0.195464
6803.337891 0.000000 2316.018311 0.000000 0.504913 0.000000 0.863170 0.223524 0.223524 0.223524
6814.985352 0.000000 2364.903320 0.000000 0.531134 0.000000 0.847288 0.262915 0.262915 0.262915
6793.453613 0.000000 2328.529785 0.000000 0.380977 0.000000 0.924585 0.237001 0.237001 0.237001
6811.313477 0.000000 2363.492920 0.000000 0.071029 0.000000 0.997474 0.234711 0.234711 0.234711
6815.890137 0.000000 2362.100586 0.000000 0.422018 0.000000 0.906587 0.254268 0.254268 0.254268
6674.362793 0.000000 2404.980225 0.000000 0.522321 0.000000 0.852749 0.207970 0.207970 0.207970
6679.838867 0.000000 2403.367432 0.000000 0.428651 0.000000 0.903470 0.219159 0.219159 0.219159
6677.042969 0.000000 2400.247559 0.000000 0.223090 0.000000 0.974798 0.243262 0.243262 0.243262
6665.391113 0.000000 2406.907227 0.000000 0.514362 0.000000 0.857573 0.280318 0.280318 0.280318
6780.008301 0.000000 2414.620850 0.000000 0.483876 0.000000 0.875136 0.198423 0.198423 0.198423
6724.602051 0.000000 2374.949463 0.000000 0.552582 0.000000 0.833459 0.194906 0.194906 0.194906
6731.568848 0.000000 2428.297119 0.000000 0.108181 0.000000 0.994131 0.216434 0.216434 0.216434
6759.522949 0.000000 2376.341797 0.000000 0.379083 0.000000 0.925363 0.236485 0.236485 0.236485
6759.339844 0.000000 2373.926270 0.000000 0.209437 0.000000 0.977822 0.248822 0.248822 0.248822
6767.984863 0.000000 2405.924072 0.000000 0.402766 0.000000 0.915303 0.257883 0.257883 0.257883
6761.341797 0.000000 2400.993652 0.000000 0.437949 0.000000 0.899000 0.278861 0.278861 0.278861
6761.855957 0.000000 2373.359375 0.000000 0.102145 0.000000 0.994770 0.255804 0.255804 0.255804
6736.554199 0.000000 2425.118652 0.000000 0.328615 0.000000 0.944464 0.274480 0.274480 0.274480
6782.282715 0.000000 2388.464600 0.000000 0.139547 0.000000 0.990215 0.265687 0.265687 0.265687
6734.558105 0.000000 2425.216553 0.000000 0.213918 0.000000 0.976852 0.275437 0.275437 0.275437
6721.237793 0.000000 2408.665771 0.000000 0.518902 0.000000 0.854834 0.281456 0.281456 0.281456
6754.086426 0.000000 2379.241699 0.000000 0.285490 0.000000 0.958382 0.245526 0.245526 0.245526
6739.400879 0.000000 2428.316895 0.000000 0.233122 0.000000 0.972448 0.267189 0.267189 0.267189
6660.755371 0.000000 2456.700684 0.000000 0.026592 0.000000 0.999646 0.189591 0.189591 0.189591
6687.632324 0.000000 2439.496826 0.000000 0.207226 0.000000 0.978293 0.205608 0.205608 0.205608
6682.957520 0.000000 2435.454834 0.000000 0.104948 0.000000 0.994478 0.205223 0.205223 0.205223
6664.953125 0.000000 2454.758789 0.000000 0.153518 0.000000 0.988146 0.206620 0.206620 0.206620
6704.351074 0.000000 2437.737061 0.000000 0.480700 0.000000 0.876885 0.238784 0.238784 0.238784
6683.442383 0.000000 2437.250977 0.000000 0.288632 0.000000 0.957440 0.226085 0.226085 0.226085
6696.923828 0.000000 2435.526123 0.000000 0.119399 0.000000 0.992846 0.273970 0.273970 0.273970
6660.508301 0.000000 2471.528564 0.000000 0.097468 0.000000 0.995239 0.251064 0.251064 0.251064
6689.511719 0.000000 2437.887695 0.000000 0.451383 0.000000 0.892330 0.239391 0.239391 0.239391
6704.795410 0.000000 2438.853027 0.000000 0.035026 0.000000 0.999386 0.264948 0.264948 0.264948
6774.381836 0.000000 2458.155762 0.000000 0.167095 0.000000 0.985941 0.190648 0.190648 0.190648
6760.256348 0.000000 2445.675781 0.000000 0.110836 0.000000 0.993839 0.202338 0.202338 0.202338
6764.736816 0.000000 2431.650146 0.000000 0.464829 0.000000 0.885400 0.230089 0.230089 0.230089
6737.011230 0.000000 2430.165283 0.000000 0.044737 0.000000 0.998999 0.265561 0.265561 0.265561
6766.633301 0.000000 2433.543945 0.000000 0.539857 0.000000 0.841757 0.280347 0.280347 0.280347
6761.849121 0.000000 2439.500244 0.000000 0.225956 0.000000 0.974137 0.258094 0.258094 0.258094
6763.277832 0.000000 2441.840820 0.000000 0.042803 0.000000 0.999084 0.272992 0.272992 0.272992
6819.765137 0.000000 2398.190918 0.000000 0.162832 0.000000 0.986654 0.190830 0.190830 0.190830
6846.419434 0.000000 2414.490967 0.000000 0.366640 0.000000 0.930363 0.192091 0.192091 0.192091
6845.638184 0.000000 2392.066895 0.000000 0.065674 0.000000 0.997841 0.193644 0.193644 0.193644
6845.240234 0.000000 2386.375000 0.000000 0.509128 0.000000 0.860691 0.220033 0.220033 0.220033
6835.083008 0.000000 2404.758057 0.000000 0.336069 0.000000 0.941837 0.278615 0.278615 0.278615
6832.564941 0.000000 2406.936768 0.000000 0.045825 0.000000 0.998949 0.241004 0.241004 0.241004
6844.159668 0.000000 2389.979980 0.000000 0.345249 0.000000 0.938511 0.255555 0.255555 0.255555
6832.198730 0.000000 2396.015625 0.000000 0.434309 0.000000 0.900764 0.248554 0.248554 0.248554
6867.640625 0.000000 2397.655518 0.000000 0.539986 0.000000 0.841674 0.196343 0.196343 0.196343
6852.081543 0.000000 2392.313477 0.000000 0.033331 0.000000 0.999444 0.224791 0.224791 0.224791
6856.415527 0.000000 2399.416016 0.000000 0.041337 0.000000 0.999145 0.237659 0.237659 0.237659
6866.234375 0.000000 2403.806885 0.000000 0.077765 0.000000 0.996972 0.234790 0.234790 0.234790
6797.506836 0.000000 2464.642578 0.000000 0.470895 0.000000 0.882189 0.192825 0.192825 0.192825
6798.604980 0.000000 2476.405029 0.000000 0.378635 0.000000 0.925546 0.191973 0.191973 0.191973
6796.080078 0.000000 2460.116943 0.000000 0.218902 0.000000 0.975747 0.200756 0.200756 0.200756
6784.144043 0.000000 2457.228271 0.000000 0.262909 0.000000 0.964821 0.201615 0.201615 0.201615
6805.902344 0.000000 2474.314453 0.000000 0.237882 0.000000 0.971294 0.238153 0.238153 0.238153
6785.515137 0.000000 2458.013184 0.000000 0.124774 0.000000 0.992185 0.244844 0.244844 0.244844
6798.047363 0.000000 2456.025391 0.000000 0.098238 0.000000 0.995163 0.236932 0.236932 0.236932
7088.541992 0.000000 2281.960205 0.000000 0.531410 0.000000 0.847115 0.193491 0.193491 0.193491
7090.103516 0.000000 2307.708008 0.000000 0.036395 0.000000 0.999337 0.194407 0.194407 0.194407
7062.911621 0.000000 2300.364502 0.000000 0.325188 0.000000 0.945649 0.198121 0.198121 0.198121
7062.604004 0.000000 2297.904541 0.000000 0.423727 0.000000 0.905790 0.206526 0.206526 0.206526
7051.557617 0.000000 2299.322754 0.000000 0.411158 0.000000 0.911564 0.203381 0.203381 0.203381
7065.336426 0.000000 2297.373291 0.000000 0.266127 0.000000 0.963938 0.214536 0.214536 0.214536
7083.954590 0.000000 2283.081055 0.000000 0.577416 0.000000 0.816450 0.220813 0.220813 0.220813
7069.055664 0.000000 2265.388672 0.000000 0.196956 0.000000 0.980412 0.209459 0.209459 0.209459
7063.673828 0.000000 2265.331055 0.000000 0.577730 0.000000 0.816228 0.216728 0.216728 0.216728
7078.002930 0.000000 2261.036621 0.000000 0.571271 0.000000 0.820761 0.230916 0.230916 0.230916
7061.323242 0.000000 2300.596924 0.000000 0.504009 0.000000 0.863698 0.230066 0.230066 0.230066
7090.304199 0.000000 2285.762695 0.000000 0.380300 0.000000 0.924863 0.232552 0.232552 0.232552
7072.863281 0.000000 2280.199707 0.000000 0.450907 0.000000 0.892571 0.280628 0.280628 0.280628
7064.507324 0.000000 2306.900146 0.000000 0.335204 0.000000 0.942146 0.244735 0.244735 0.244735
7073.511719 0.000000 2268.434570 0.000000 0.472890 0.000000 0.881122 0.243159 0.243159 0.243159
7077.454590 0.000000 2288.558838 0.000000 0.044546 0.000000 0.999007 0.270851 0.270851 0.270851
7072.724121 0.000000 2281.791260 0.000000 0.192089 0.000000 0.981378 0.275807 0.275807 0.275807
7083.013184 0.000000 2260.585205 0.000000 0.305631 0.000000 0.952150 0.240941 0.240941 0.240941
7075.712891 0.000000 2276.155518 0.000000 0.425183 0.000000 0.905108 0.278430 0.278430 0.278430
7072.052246 0.000000 2315.881592 0.000000 0.025453 0.000000 0.999676 0.216114 0.216114 0.216114
6683.133789 0.000000 2488.842773 0.000000 0.230563 0.000000 0.973058 0.222527 0.222527 0.222527
6683.442383 0.000000 2493.735352 0.000000 0.445736 0.000000 0.895164 0.278823 0.278823 0.278823
6665.798340 0.000000 2490.686035 0.000000 0.137667 0.000000 0.990479 0.274913 0.274913 0.274913
6670.511719 0.000000 2495.947021 0.000000 0.326361 0.000000 0.945245 0.237301 0.237301 0.237301
6670.695801 0.000000 2492.198486 0.000000 0.547057 0.000000 0.837095 0.255722 0.255722 0.255722
6659.978516 0.000000 2501.530518 0.000000 0.460029 0.000000 0.887904 0.279130 0.279130 0.279130
6674.082520 0.000000 2485.374756 0.000000 0.361131 0.000000 0.932515 0.278676 0.278676 0.278676
7231.976562 0.000000 2366.474854 0.000000 0.344713 0.000000 0.938708 0.192223 0.192223 0.192223
7262.985352 0.000000 2364.903320 0.000000 0.387534 0.000000 0.921856 0.245442 0.245442 0.245442
7206.893555 0.000000 2391.791016 0.000000 0.367824 0.000000 0.929895 0.192309 0.192309 0.192309
7226.833496 0.000000 2391.752930 0.000000 0.558388 0.000000 0.829580 0.252405 0.252405 0.252405
7279.537109 0.000000 2399.472168 0.000000 0.552226 0.000000 0.833694 0.193208 0.193208 0.193208
7268.144531 0.000000 2421.305176 0.000000 0.143854 0.000000 0.989599 0.197191 0.197191 0.197191
7262.021484 0.000000 2380.610596 0.000000 0.524641 0.000000 0.851323 0.203903 0.203903 0.203903
7257.560059 0.000000 2415.517334 0.000000 0.391032 0.000000 0.920377 0.218763 0.218763 0.218763
7294.038574 0.000000 2396.326904 0.000000 0.170529 0.000000 0.985353 0.213626 0.213626 0.213626
7264.284180 0.000000 2414.532471 0.000000 0.034922 0.000000 0.999390 0.222426 0.222426 0.222426
7281.542480 0.000000 2393.772461 0.000000 0.296428 0.000000 0.955055 0.212351 0.212351 0.212351
7273.033691 0.000000 2413.780518 0.000000 0.234668 0.000000 0.972076 0.220613 0.220613 0.220613
7264.813477 0.000000 2415.849609 0.000000 0.080488 0.000000 0.996756 0.222900 0.222900 0.222900
7291.526855 0.000000 2405.110840 0.000000 0.031402 0.000000 0.999507 0.220958 0.220958 0.220958
7241.525391 0.000000 2394.391602 0.000000 0.582034 0.000000 0.813164 0.226987 0.226987 0.226987
7276.992676 0.000000 2395.244385 0.000000 0.522116 0.000000 0.852875 0.236833 0.236833 0.236833
7284.467773 0.000000 2393.468506 0.000000 0.271148 0.000000 0.962538 0.240018 0.240018 0.240018
7286.205566 0.000000 2407.557129 0.000000 0.315660 0.000000 0.948872 0.230805 0.230805 0.230805
7277.871094 0.000000 2422.227051 0.000000 0.387018 0.000000 0.922072 0.257641 0.257641 0.257641
7266.360840 0.000000 2417.717041 0.000000 0.587608 0.000000 0.809146 0.246326 0.246326 0.246326
7285.656738 0.000000 2394.987061 0.000000 0.498294 0.000000 0.867008 0.234012 0.234012 0.234012
7263.121582 0.000000 2403.604004 0.000000 0.228357 0.000000 0.973577 0.276308 0.276308 0.276308
7272.188477 0.000000 2409.686768 0.000000 0.053703 0.000000 0.998557 0.242043 0.242043 0.242043
7282.789551 0.000000 2440.915527 0.000000 0.281232 0.000000 0.959640 0.191622 0.191622 0.191622
7277.585449 0.000000 2439.261230 0.000000 0.501182 0.000000 0.865342 0.202153 0.202153 0.202153
7277.104004 0.000000 2430.282715 0.000000 0.108187 0.000000 0.994131 0.260086 0.260086 0.260086
7285.492676 0.000000 2484.357422 0.000000 0.171249 0.000000 0.985228 0.250674 0.250674 0.250674
7300.032715 0.000000 2403.955322 0.000000 0.155692 0.000000 0.987806 0.190889 0.190889 0.190889
7303.784180 0.000000 2482.144531 0.000000 0.016470 0.000000 0.999864 0.204956 0.204956 0.204956
7302.073242 0.000000 2482.615723 0.000000 0.244619 0.000000 0.969619 0.206922 0.206922 0.206922
7302.562500 0.000000 2472.250244 0.000000 0.327992 0.000000 0.944681 0.216130 0.216130 0.216130
7321.742188 0.000000 2457.879395 0.000000 0.127482 0.000000 0.991841 0.216622 0.216622 0.216622
7301.529297 0.000000 2432.318115 0.000000 0.509338 0.000000 0.860567 0.234154 0.234154 0.234154
7303.959473 0.000000 2478.086914 0.000000 0.014184 0.000000 0.999899 0.270388 0.270388 0.270388
7301.108887 0.000000 2478.460693 0.000000 0.456678 0.000000 0.889632 0.280864 0.280864 0.280864
7300.601562 0.000000 2430.151611 0.000000 0.178038 0.000000 0.984024 0.239816 0.239816 0.239816
7297.803711 0.000000 2481.154053 0.000000 0.025913 0.000000 0.999664 0.272693 0.272693 0.272693
7302.988770 0.000000 2470.288330 0.000000 0.576616 0.000000 0.817015 0.244142 0.244142 0.244142
7299.040527 0.000000 2476.873779 0.000000 0.505257 0.000000 0.862969 0.261488 0.261488 0.261488
7318.189453 0.000000 2457.831299 0.000000 0.088177 0.000000 0.996105 0.272297 0.272297 0.272297
7286.252441 0.000000 2487.867188 0.000000 0.063854 0.000000 0.997959 0.230832 0.230832 0.230832
7286.834961 0.000000 2522.987061 0.000000 0.545469 0.000000 0.838131 0.226535 0.226535 0.226535
7281.121094 0.000000 2537.220703 0.000000 0.564474 0.000000 0.825451 0.234879 0.234879 0.234879
7287.719727 0.000000 2489.342285 0.000000 0.308052 0.000000 0.951370 0.237075 0.237075 0.237075
7291.484375 0.000000 2526.508789 0.000000 0.168329 0.000000 0.985731 0.274857 0.274857 0.274857
7284.413574 0.000000 2534.870605 0.000000 0.135435 0.000000 0.990786 0.255351 0.255351 0.255351
7289.112305 0.000000 2548.387207 0.000000 0.146342 0.000000 0.989234 0.212424 0.212424 0.212424
7292.055664 0.000000 2547.714111 0.000000 0.202494 0.000000 0.979283 0.215398 0.215398 0.215398
7294.358398 0.000000 2548.668701 0.000000 0.070972 0.000000 0.997478 0.260911 0.260911 0.260911
7340.898438 0.000000 2541.173340 0.000000 0.517388 0.000000 0.855751 0.233755 0.233755 0.233755
7351.218262 0.000000 2537.448975 0.000000 0.288465 0.000000 0.957490 0.277312 0.277312 0.277312
7351.347168 0.000000 2541.363770 0.000000 0.362905 0.000000 0.931826 0.249012 0.249012 0.249012
7337.656250 0.000000 2581.906738 0.000000 0.288518 0.000000 0.957474 0.191417 0.191417 0.191417
7325.739258 0.000000 2563.260010 0.000000 0.097841 0.000000 0.995202 0.194868 0.194868 0.194868
7339.628906 0.000000 2582.187988 0.000000 0.218637 0.000000 0.975806 0.204223 0.204223 0.204223
7321.034668 0.000000 2573.743408 0.000000 0.547506 0.000000 0.836802 0.211289 0.211289 0.211289
7356.201172 0.000000 2562.387451 0.000000 0.343997 0.000000 0.938971 0.218775 0.218775 0.218775
7321.632324 0.000000 2557.014404 0.000000 0.411791 0.000000 0.911278 0.212962 0.212962 0.212962
7333.508789 0.000000 2557.185303 0.000000 0.290122 0.000000 0.956990 0.217733 0.217733 0.217733
7299.916016 0.000000 2546.409912 0.000000 0.190967 0.000000 0.981596 0.215776 0.215776 0.215776
7356.055664 0.000000 2547.714111 0.000000 0.125240 0.000000 0.992127 0.225293 0.225293 0.225293
7330.377441 0.000000 2585.524170 0.000000 0.340906 0.000000 0.940097 0.226170 0.226170 0.226170
7334.464355 0.000000 2584.690918 0.000000 0.067875 0.000000 0.997694 0.234673 0.234673 0.234673
7353.981445 0.000000 2547.424316 0.000000 0.323201 0.000000 0.946330 0.251848 0.251848 0.251848
7336.703613 0.000000 2596.665283 0.000000 0.528268 0.000000 0.849078 0.281275 0.281275 0.281275
7347.748047 0.000000 2583.252197 0.000000 0.575476 0.000000 0.817818 0.241603 0.241603 0.241603
7353.099121 0.000000 2588.799072 0.000000 0.461625 0.000000 0.887075 0.260279 0.260279 0.260279
7331.590332 0.000000 2587.685059 0.000000 0.268285 0.000000 0.963340 0.249149 0.249149 0.249149
7353.239746 0.000000 2585.126221 0.000000 0.435915 0.000000 0.899988 0.231735 0.231735 0.231735
7352.311035 0.000000 2586.448975 0.000000 0.227448 0.000000 0.973790 0.244759 0.244759 0.244759
7335.513672 0.000000 2596.438965 0.000000 0.470213 0.000000 0.882553 0.281172 0.281172 0.281172
7299.510254 0.000000 2549.071045 0.000000 0.451368 0.000000 0.892338 0.279598 0.279598 0.279598
7333.762695 0.000000 2585.674316 0.000000 0.476661 0.000000 0.879087 0.273753 0.273753 0.273753
7344.827148 0.000000 2585.634766 0.000000 0.210187 0.000000 0.977661 0.235404 0.235404 0.235404
7339.550781 0.000000 2591.504150 0.000000 0.206798 0.000000 0.978384 0.263943 0.263943 0.263943
7329.511719 0.000000 2550.856445 0.000000 0.228522 0.000000 0.973539 0.276411 0.276411 0.276411
7328.901855 0.000000 2548.680664 0.000000 0.457498 0.000000 0.889211 0.241955 0.241955 0.241955
7335.854004 0.000000 2552.845459 0.000000 0.226495 0.000000 0.974012 0.253825 0.253825 0.253825
7345.195312 0.000000 2542.159912 0.000000 0.279251 0.000000 0.960218 0.256981 0.256981 0.256981
7360.369629 0.000000 2552.698730 0.000000 0.227179 0.000000 0.973853 0.218089 0.218089 0.218089
7363.049316 0.000000 2554.067627 0.000000 0.043799 0.000000 0.999040 0.211961 0.211961 0.211961
7367.231934 0.000000 2555.036133 0.000000 0.505591 0.000000 0.862773 0.219993 0.219993 0.219993
7372.607910 0.000000 2578.732422 0.000000 0.445720 0.000000 0.895173 0.223356 0.223356 0.223356
7391.443848 0.000000 2579.908203 0.000000 0.215108 0.000000 0.976590 0.248900 0.248900 0.248900
7374.057129 0.000000 2576.459229 0.000000 0.076838 0.000000 0.997044 0.239982 0.239982 0.239982
7382.709473 0.000000 2561.759033 0.000000 0.131286 0.000000 0.991345 0.232557 0.232557 0.232557
7368.396484 0.000000 2580.577637 0.000000 0.031580 0.000000 0.999501 0.253857 0.253857 0.253857
7396.268066 0.000000 2564.422852 0.000000 0.495526 0.000000 0.868593 0.248950 0.248950 0.248950
7377.206543 0.000000 2579.128174 0.000000 0.236315 0.000000 0.971676 0.274956 0.274956 0.274956
7394.956543 0.000000 2563.027100 0.000000 0.577389 0.000000 0.816469 0.276158 0.276158 0.276158
7392.590820 0.000000 2568.937744 0.000000 0.182966 0.000000 0.983119 0.245131 0.245131 0.245131
7375.546387 0.000000 2579.678711 0.000000 0.075108 0.000000 0.997175 0.263283 0.263283 0.263283
7326.716309 0.000000 2644.519287 0.000000 0.542417 0.000000 0.840109 0.202532 0.202532 0.202532
7327.169922 0.000000 2611.518799 0.000000 0.213253 0.000000 0.976997 0.231091 0.231091 0.231091
7332.202637 0.000000 2601.929932 0.000000 0.493779 0.000000 0.869587 0.281442 0.281442 0.281442
7335.881348 0.000000 2598.344482 0.000000 0.449472 0.000000 0.893294 0.278903 0.278903 0.278903
7331.792969 0.000000 2599.257812 0.000000 0.333446 0.000000 0.942769 0.235430 0.235430 0.235430
7341.104004 0.000000 2599.735840 0.000000 0.001768 0.000000 0.999998 0.241848 0.241848 0.241848
7338.590820 0.000000 2601.690186 0.000000 0.575127 0.000000 0.818064 0.248150 0.248150 0.248150
7331.712891 0.000000 2615.061768 0.000000 0.565442 0.000000 0.824788 0.253519 0.253519 0.253519
7339.311523 0.000000 2679.913330 0.000000 0.188393 0.000000 0.982094 0.201003 0.201003 0.201003
7340.409668 0.000000 2680.793945 0.000000 0.265799 0.000000 0.964028 0.232182 0.232182 0.232182
7332.154785 0.000000 2662.468018 0.000000 0.437643 0.000000 0.899149 0.279338 0.279338 0.279338
7336.166504 0.000000 2667.371826 0.000000 0.125665 0.000000 0.992073 0.272677 0.272677 0.272677
7334.706543 0.000000 2700.101807 0.000000 0.446407 0.000000 0.894830 0.267365 0.267365 0.267365
7335.071777 0.000000 2704.483643 0.000000 0.344884 0.000000 0.938645 0.276673 0.276673 0.276673
7338.690430 0.000000 2710.808838 0.000000 0.425844 0.000000 0.904796 0.245971 0.245971 0.245971
7334.214844 0.000000 2667.395508 0.000000 0.337668 0.000000 0.941265 0.277221 0.277221 0.277221
7341.431152 0.000000 2715.301758 0.000000 0.388241 0.000000 0.921558 0.206706 0.206706 0.206706
7363.051758 0.000000 2761.102539 0.000000 0.558160 0.000000 0.829733 0.224150 0.224150 0.224150
7361.519531 0.000000 2758.793701 0.000000 0.570347 0.000000 0.821404 0.261601 0.261601 0.261601
7372.518066 0.000000 2739.840332 0.000000 0.251845 0.000000 0.967768 0.235904 0.235904 0.235904
7356.013184 0.000000 2782.599121 0.000000 0.126423 0.000000 0.991976 0.189942 0.189942 0.189942
7348.316895 0.000000 2796.860352 0.000000 0.523085 0.000000 0.852280 0.199791 0.199791 0.199791
7332.099609 0.000000 2806.052246 0.000000 0.235310 0.000000 0.971920 0.200393 0.200393 0.200393
7340.147461 0.000000 2783.369873 0.000000 0.326089 0.000000 0.945339 0.213130 0.213130 0.213130
7353.198730 0.000000 2794.469727 0.000000 0.421609 0.000000 0.906778 0.232556 0.232556 0.232556
7347.748047 0.000000 2809.189697 0.000000 0.139512 0.000000 0.990220 0.222551 0.222551 0.222551
7337.821777 0.000000 2782.191406 0.000000 0.312026 0.000000 0.950073 0.272290 0.272290 0.272290
7330.942871 0.000000 2806.169189 0.000000 0.556336 0.000000 0.830957 0.281664 0.281664 0.281664
7335.180176 0.000000 2798.158691 0.000000 0.214047 0.000000 0.976823 0.265470 0.265470 0.265470
7359.475098 0.000000 2772.501709 0.000000 0.405920 0.000000 0.913909 0.249622 0.249622 0.249622
7363.050781 0.000000 2771.128662 0.000000 0.513963 0.000000 0.857812 0.208398 0.208398 0.208398
7361.323730 0.000000 2773.791748 0.000000 0.034216 0.000000 0.999414 0.225752 0.225752 0.225752
7230.038574 0.000000 2904.686279 0.000000 0.099697 0.000000 0.995018 0.213932 0.213932 0.213932
7228.871582 0.000000 2909.897949 0.000000 0.143921 0.000000 0.989589 0.244620 0.244620 0.244620
7341.585449 0.000000 2834.651855 0.000000 0.450908 0.000000 0.892571 0.199161 0.199161 0.199161
7343.484375 0.000000 2843.677734 0.000000 0.358568 0.000000 0.933504 0.227850 0.227850 0.227850
7346.304199 0.000000 2850.606445 0.000000 0.235006 0.000000 0.971994 0.263442 0.263442 0.263442
7337.341797 0.000000 2852.868652 0.000000 0.238827 0.000000 0.971062 0.276896 0.276896 0.276896
7349.096680 0.000000 2838.129150 0.000000 0.482338 0.000000 0.875985 0.261108 0.261108 0.261108
7346.833984 0.000000 2832.799072 0.000000 0.216760 0.000000 0.976225 0.232583 0.232583 0.232583
7337.447266 0.000000 2841.124023 0.000000 0.308455 0.000000 0.951239 0.256456 0.256456 0.256456
7342.356934 0.000000 2841.515869 0.000000 0.054564 0.000000 0.998510 0.271043 0.271043 0.271043
7333.454590 0.000000 2853.402588 0.000000 0.401343 0.000000 0.915928 0.278148 0.278148 0.278148
7336.466309 0.000000 2857.756104 0.000000 0.012377 0.000000 0.999923 0.242450 0.242450 0.242450
7345.437988 0.000000 2840.393555 0.000000 0.360154 0.000000 0.932893 0.275037 0.275037 0.275037
7344.748535 0.000000 2882.115479 0.000000 0.009356 0.000000 0.999956 0.201020 0.201020 0.201020
"}
object={
	name="rainforest_sparse_generator_3_1"
	clamp_to_water_level=no
	render_under_water=no
	generated_content=yes
	layer="semidynamic_high"
	pdxmesh="tree_rainforest_002_mesh"
	count=2002
	transform="2421.881348 0.000000 1228.331543 0.000000 0.747256 0.000000 0.664537 0.247442 0.247442 0.247442
2422.847168 0.000000 1229.033813 0.000000 0.696787 0.000000 0.717278 0.258329 0.258329 0.258329
2426.145264 0.000000 1231.316040 0.000000 0.947579 0.000000 0.319522 0.246383 0.246383 0.246383
2425.653809 0.000000 1239.012329 0.000000 0.735216 0.000000 0.677833 0.271898 0.271898 0.271898
2423.218018 0.000000 1238.308350 0.000000 0.686480 0.000000 0.727148 0.284451 0.284451 0.284451
2420.629395 0.000000 1228.372070 0.000000 0.943853 0.000000 0.330365 0.252198 0.252198 0.252198
2419.127441 0.000000 1235.213257 0.000000 0.675778 0.000000 0.737105 0.261497 0.261497 0.261497
2435.329590 0.000000 1221.600220 0.000000 0.772665 0.000000 0.634814 0.226522 0.226522 0.226522
2435.452637 0.000000 1226.144409 0.000000 0.797862 0.000000 0.602841 0.232706 0.232706 0.232706
2433.950439 0.000000 1226.146362 0.000000 0.878023 0.000000 0.478619 0.290506 0.290506 0.290506
2432.489502 0.000000 1217.593872 0.000000 0.668941 0.000000 0.743315 0.241483 0.241483 0.241483
2433.144287 0.000000 1211.626099 0.000000 0.658310 0.000000 0.752747 0.254063 0.254063 0.254063
2440.071045 0.000000 1246.449097 0.000000 0.882733 0.000000 0.469876 0.258305 0.258305 0.258305
2260.196533 0.000000 1686.809204 0.000000 0.639767 0.000000 0.768569 0.231322 0.231322 0.231322
2158.782471 0.000000 1793.079712 0.000000 0.842442 0.000000 0.538787 0.197352 0.197352 0.197352
2157.493896 0.000000 1792.656006 0.000000 0.869327 0.000000 0.494238 0.240451 0.240451 0.240451
2162.833740 0.000000 1759.595947 0.000000 0.901100 0.000000 0.433612 0.291770 0.291770 0.291770
2193.360840 0.000000 1740.691650 0.000000 0.600430 0.000000 0.799677 0.193614 0.193614 0.193614
2195.615967 0.000000 1740.789917 0.000000 0.902967 0.000000 0.429709 0.232154 0.232154 0.232154
2190.558350 0.000000 1747.404053 0.000000 0.850255 0.000000 0.526371 0.282115 0.282115 0.282115
2278.535645 0.000000 1724.039307 0.000000 0.903396 0.000000 0.428808 0.197079 0.197079 0.197079
2276.550293 0.000000 1725.325317 0.000000 0.863666 0.000000 0.504064 0.204074 0.204074 0.204074
2266.869141 0.000000 1715.980103 0.000000 0.603772 0.000000 0.797157 0.212400 0.212400 0.212400
2260.600586 0.000000 1705.553223 0.000000 0.781920 0.000000 0.623378 0.236619 0.236619 0.236619
2180.693359 0.000000 1783.656006 0.000000 0.651700 0.000000 0.758477 0.284750 0.284750 0.284750
2176.361572 0.000000 1772.651611 0.000000 0.706406 0.000000 0.707807 0.263623 0.263623 0.263623
2323.443848 0.000000 1687.966675 0.000000 0.664201 0.000000 0.747554 0.194119 0.194119 0.194119
2347.596436 0.000000 1686.588379 0.000000 0.789520 0.000000 0.613725 0.198291 0.198291 0.198291
2333.264404 0.000000 1684.828125 0.000000 0.843308 0.000000 0.537430 0.222939 0.222939 0.222939
2335.890381 0.000000 1684.288086 0.000000 0.601732 0.000000 0.798698 0.283613 0.283613 0.283613
2410.414795 0.000000 1714.149414 0.000000 0.909799 0.000000 0.415049 0.222101 0.222101 0.222101
2411.575684 0.000000 1725.261475 0.000000 0.938175 0.000000 0.346160 0.229291 0.229291 0.229291
1773.140381 0.000000 1940.081299 0.000000 0.844993 0.000000 0.534777 0.249425 0.249425 0.249425
1827.804199 0.000000 1907.285767 0.000000 0.697378 0.000000 0.716703 0.224902 0.224902 0.224902
1881.283936 0.000000 1885.602173 0.000000 0.852786 0.000000 0.522260 0.196186 0.196186 0.196186
1860.484009 0.000000 1893.733032 0.000000 0.730233 0.000000 0.683198 0.209701 0.209701 0.209701
1955.689819 0.000000 1915.586060 0.000000 0.948587 0.000000 0.316518 0.201837 0.201837 0.201837
1946.372437 0.000000 1916.841187 0.000000 0.740684 0.000000 0.671854 0.270997 0.270997 0.270997
1999.355225 0.000000 1910.206421 0.000000 0.831773 0.000000 0.555117 0.217438 0.217438 0.217438
2039.884033 0.000000 1910.033447 0.000000 0.620922 0.000000 0.783873 0.240241 0.240241 0.240241
1916.552124 0.000000 1921.777954 0.000000 0.867186 0.000000 0.497984 0.290806 0.290806 0.290806
1882.256592 0.000000 1981.678101 0.000000 0.872857 0.000000 0.487977 0.229351 0.229351 0.229351
1866.576416 0.000000 2007.296875 0.000000 0.716276 0.000000 0.697817 0.232427 0.232427 0.232427
1880.312988 0.000000 1980.382202 0.000000 0.783290 0.000000 0.621657 0.269403 0.269403 0.269403
1995.929565 0.000000 1932.474609 0.000000 0.829938 0.000000 0.557856 0.196129 0.196129 0.196129
2038.403320 0.000000 1940.154541 0.000000 0.652699 0.000000 0.757617 0.220698 0.220698 0.220698
2020.154541 0.000000 1928.171143 0.000000 0.877327 0.000000 0.479892 0.246483 0.246483 0.246483
2024.696289 0.000000 1930.716309 0.000000 0.672319 0.000000 0.740261 0.284176 0.284176 0.284176
2022.709351 0.000000 1931.276489 0.000000 0.643914 0.000000 0.765098 0.283622 0.283622 0.283622
2047.384277 0.000000 1936.233032 0.000000 0.854239 0.000000 0.519881 0.290173 0.290173 0.290173
2043.590332 0.000000 1980.105713 0.000000 0.758661 0.000000 0.651486 0.247654 0.247654 0.247654
2040.005127 0.000000 1983.060425 0.000000 0.908440 0.000000 0.418014 0.241943 0.241943 0.241943
1848.654175 0.000000 2050.650391 0.000000 0.732939 0.000000 0.680294 0.207113 0.207113 0.207113
1847.569580 0.000000 2053.435791 0.000000 0.902922 0.000000 0.429804 0.278580 0.278580 0.278580
1843.578247 0.000000 2056.674805 0.000000 0.933308 0.000000 0.359077 0.287802 0.287802 0.287802
1853.552002 0.000000 2042.750854 0.000000 0.862156 0.000000 0.506643 0.246121 0.246121 0.246121
1840.198730 0.000000 2057.109375 0.000000 0.850897 0.000000 0.525332 0.283703 0.283703 0.283703
1981.638184 0.000000 2222.613770 0.000000 0.932900 0.000000 0.360135 0.199323 0.199323 0.199323
1956.560669 0.000000 2216.946289 0.000000 0.814149 0.000000 0.580656 0.215044 0.215044 0.215044
1954.376221 0.000000 2219.333252 0.000000 0.803775 0.000000 0.594933 0.217532 0.217532 0.217532
1983.169312 0.000000 2219.768311 0.000000 0.662470 0.000000 0.749088 0.218755 0.218755 0.218755
1981.294678 0.000000 2218.406006 0.000000 0.887481 0.000000 0.460844 0.228055 0.228055 0.228055
1996.083740 0.000000 2248.404541 0.000000 0.886003 0.000000 0.463679 0.196630 0.196630 0.196630
1996.920044 0.000000 2252.926270 0.000000 0.766650 0.000000 0.642065 0.210685 0.210685 0.210685
1998.057373 0.000000 2254.726562 0.000000 0.938871 0.000000 0.344269 0.227686 0.227686 0.227686
2018.360718 0.000000 2248.263916 0.000000 0.762384 0.000000 0.647124 0.248242 0.248242 0.248242
2016.727905 0.000000 2214.099365 0.000000 0.713702 0.000000 0.700450 0.239110 0.239110 0.239110
1984.126099 0.000000 2222.312500 0.000000 0.697016 0.000000 0.717055 0.252196 0.252196 0.252196
2034.699585 0.000000 2233.943604 0.000000 0.923595 0.000000 0.383371 0.292589 0.292589 0.292589
2000.098755 0.000000 2269.134521 0.000000 0.949526 0.000000 0.313688 0.210039 0.210039 0.210039
2000.053223 0.000000 2264.735352 0.000000 0.933072 0.000000 0.359690 0.286186 0.286186 0.286186
2168.862793 0.000000 1841.622925 0.000000 0.617938 0.000000 0.786227 0.232046 0.232046 0.232046
2158.633301 0.000000 1812.215820 0.000000 0.661234 0.000000 0.750180 0.284416 0.284416 0.284416
2177.121582 0.000000 1824.608521 0.000000 0.837683 0.000000 0.546157 0.283302 0.283302 0.283302
2071.191895 0.000000 1966.359375 0.000000 0.940488 0.000000 0.339828 0.197585 0.197585 0.197585
2094.245605 0.000000 1940.391235 0.000000 0.765172 0.000000 0.643826 0.203817 0.203817 0.203817
2052.189941 0.000000 1965.632080 0.000000 0.627189 0.000000 0.778867 0.203872 0.203872 0.203872
2074.914551 0.000000 1972.172607 0.000000 0.817066 0.000000 0.576544 0.273354 0.273354 0.273354
2054.966064 0.000000 1968.338745 0.000000 0.804463 0.000000 0.594003 0.268876 0.268876 0.268876
2074.372314 0.000000 1973.325562 0.000000 0.599985 0.000000 0.800012 0.268631 0.268631 0.268631
2081.743164 0.000000 1920.707153 0.000000 0.739517 0.000000 0.673138 0.286395 0.286395 0.286395
2060.863037 0.000000 1965.131104 0.000000 0.729245 0.000000 0.684253 0.285664 0.285664 0.285664
2072.413086 0.000000 1973.886963 0.000000 0.903996 0.000000 0.427541 0.291778 0.291778 0.291778
2051.149658 0.000000 1966.262085 0.000000 0.764466 0.000000 0.644664 0.271540 0.271540 0.271540
2058.378174 0.000000 1988.814453 0.000000 0.845976 0.000000 0.533221 0.224049 0.224049 0.224049
2073.045166 0.000000 1988.844971 0.000000 0.947115 0.000000 0.320894 0.225753 0.225753 0.225753
2070.014160 0.000000 1982.487183 0.000000 0.589708 0.000000 0.807616 0.229631 0.229631 0.229631
2078.425537 0.000000 1983.837524 0.000000 0.950578 0.000000 0.310485 0.232924 0.232924 0.232924
2103.696777 0.000000 1986.239014 0.000000 0.926723 0.000000 0.375745 0.248918 0.248918 0.248918
2095.484619 0.000000 1996.412231 0.000000 0.937028 0.000000 0.349253 0.241698 0.241698 0.241698
2088.398438 0.000000 1985.819580 0.000000 0.891891 0.000000 0.452250 0.278723 0.278723 0.278723
2094.633301 0.000000 1981.668945 0.000000 0.727880 0.000000 0.685704 0.266621 0.266621 0.266621
2088.923828 0.000000 1983.651245 0.000000 0.643434 0.000000 0.765501 0.245675 0.245675 0.245675
2083.792725 0.000000 1977.929688 0.000000 0.912561 0.000000 0.408940 0.290634 0.290634 0.290634
2091.242188 0.000000 1994.009521 0.000000 0.809035 0.000000 0.587761 0.267949 0.267949 0.267949
2096.198730 0.000000 2000.625000 0.000000 0.663985 0.000000 0.747746 0.284659 0.284659 0.284659
2091.013184 0.000000 1978.163330 0.000000 0.900861 0.000000 0.434108 0.292063 0.292063 0.292063
2057.386230 0.000000 1984.223633 0.000000 0.772007 0.000000 0.635614 0.260872 0.260872 0.260872
2055.671631 0.000000 2227.747070 0.000000 0.738153 0.000000 0.674633 0.195268 0.195268 0.195268
2153.677002 0.000000 2220.957520 0.000000 0.836641 0.000000 0.547752 0.196064 0.196064 0.196064
2146.087158 0.000000 2227.945801 0.000000 0.902703 0.000000 0.430263 0.211184 0.211184 0.211184
2171.261963 0.000000 2225.026611 0.000000 0.901646 0.000000 0.432475 0.219774 0.219774 0.219774
2155.954346 0.000000 2226.596680 0.000000 0.640227 0.000000 0.768186 0.216936 0.216936 0.216936
2175.116211 0.000000 2222.640381 0.000000 0.929513 0.000000 0.368788 0.224188 0.224188 0.224188
2166.646973 0.000000 2221.379150 0.000000 0.866821 0.000000 0.498619 0.247820 0.247820 0.247820
2230.908203 0.000000 2158.280273 0.000000 0.887020 0.000000 0.461731 0.228046 0.228046 0.228046
2176.361572 0.000000 2224.526611 0.000000 0.690459 0.000000 0.723372 0.285464 0.285464 0.285464
4525.494141 0.000000 719.452881 0.000000 0.819321 0.000000 0.573335 0.265076 0.265076 0.265076
4521.761719 0.000000 716.801697 0.000000 0.698305 0.000000 0.715800 0.270079 0.270079 0.270079
4561.256836 0.000000 881.980469 0.000000 0.747864 0.000000 0.663852 0.195270 0.195270 0.195270
4607.974609 0.000000 878.797058 0.000000 0.715321 0.000000 0.698796 0.234484 0.234484 0.234484
4476.292969 0.000000 1298.979126 0.000000 0.913884 0.000000 0.405976 0.276854 0.276854 0.276854
4476.727539 0.000000 1301.635132 0.000000 0.940938 0.000000 0.338579 0.200032 0.200032 0.200032
4895.740723 0.000000 948.718567 0.000000 0.736341 0.000000 0.676611 0.229618 0.229618 0.229618
4894.816895 0.000000 974.672180 0.000000 0.867805 0.000000 0.496905 0.200384 0.200384 0.200384
4891.970215 0.000000 961.216492 0.000000 0.895164 0.000000 0.445737 0.243735 0.243735 0.243735
4894.069336 0.000000 973.362549 0.000000 0.804053 0.000000 0.594558 0.277683 0.277683 0.277683
4888.231445 0.000000 1018.397095 0.000000 0.697093 0.000000 0.716981 0.267002 0.267002 0.267002
4888.484375 0.000000 1016.729858 0.000000 0.710829 0.000000 0.703365 0.269325 0.269325 0.269325
4576.863281 0.000000 1658.871582 0.000000 0.597086 0.000000 0.802177 0.282221 0.282221 0.282221
4588.773926 0.000000 1673.969971 0.000000 0.638780 0.000000 0.769390 0.283234 0.283234 0.283234
4586.742676 0.000000 1662.236572 0.000000 0.784498 0.000000 0.620131 0.270465 0.270465 0.270465
4618.618164 0.000000 1689.490112 0.000000 0.755335 0.000000 0.655339 0.213690 0.213690 0.213690
4668.104492 0.000000 1691.700562 0.000000 0.774457 0.000000 0.632627 0.222355 0.222355 0.222355
4651.248047 0.000000 1685.243896 0.000000 0.602830 0.000000 0.797869 0.222651 0.222651 0.222651
4620.955566 0.000000 1693.911011 0.000000 0.898227 0.000000 0.439531 0.235791 0.235791 0.235791
4667.539551 0.000000 1690.581543 0.000000 0.933495 0.000000 0.358591 0.275486 0.275486 0.275486
4652.898438 0.000000 1693.907715 0.000000 0.589250 0.000000 0.807950 0.236738 0.236738 0.236738
4636.472656 0.000000 1683.563110 0.000000 0.823863 0.000000 0.566789 0.288491 0.288491 0.288491
4659.326660 0.000000 1685.562622 0.000000 0.861295 0.000000 0.508105 0.236027 0.236027 0.236027
4646.524902 0.000000 1685.400269 0.000000 0.941866 0.000000 0.335989 0.293738 0.293738 0.293738
4646.706543 0.000000 1683.383057 0.000000 0.947454 0.000000 0.319892 0.294049 0.294049 0.294049
4671.312988 0.000000 1679.321777 0.000000 0.677723 0.000000 0.735318 0.284469 0.284469 0.284469
4638.526367 0.000000 1682.502319 0.000000 0.938126 0.000000 0.346295 0.293697 0.293697 0.293697
4664.008301 0.000000 1680.296265 0.000000 0.735466 0.000000 0.677561 0.244644 0.244644 0.244644
4670.141113 0.000000 1684.915161 0.000000 0.590611 0.000000 0.806956 0.283473 0.283473 0.283473
4625.965332 0.000000 1678.671997 0.000000 0.734385 0.000000 0.678734 0.286758 0.286758 0.286758
4665.305176 0.000000 1689.243652 0.000000 0.833712 0.000000 0.552199 0.288827 0.288827 0.288827
4632.446289 0.000000 1681.386108 0.000000 0.712479 0.000000 0.701693 0.258629 0.258629 0.258629
4644.531250 0.000000 1682.192871 0.000000 0.763546 0.000000 0.645753 0.286671 0.286671 0.286671
4628.545898 0.000000 1670.207275 0.000000 0.820686 0.000000 0.571379 0.270325 0.270325 0.270325
4708.687500 0.000000 1688.617065 0.000000 0.940454 0.000000 0.339920 0.236398 0.236398 0.236398
4714.544434 0.000000 1674.899902 0.000000 0.948188 0.000000 0.317710 0.235561 0.235561 0.235561
4720.056641 0.000000 1689.253662 0.000000 0.704153 0.000000 0.710048 0.243593 0.243593 0.243593
4718.644531 0.000000 1683.043091 0.000000 0.711401 0.000000 0.702787 0.234423 0.234423 0.234423
4673.950684 0.000000 1678.021362 0.000000 0.694681 0.000000 0.719318 0.285148 0.285148 0.285148
4715.276855 0.000000 1683.533447 0.000000 0.655656 0.000000 0.755060 0.236159 0.236159 0.236159
4718.873535 0.000000 1687.148315 0.000000 0.868686 0.000000 0.495363 0.260039 0.260039 0.260039
4715.627441 0.000000 1689.230347 0.000000 0.943649 0.000000 0.330948 0.252191 0.252191 0.252191
4713.168457 0.000000 1669.604248 0.000000 0.605235 0.000000 0.796046 0.238487 0.238487 0.238487
4714.410156 0.000000 1679.082642 0.000000 0.614073 0.000000 0.789249 0.272402 0.272402 0.272402
4680.362793 0.000000 1693.831909 0.000000 0.724108 0.000000 0.689687 0.285465 0.285465 0.285465
4676.465332 0.000000 1676.836548 0.000000 0.625784 0.000000 0.779997 0.266110 0.266110 0.266110
4609.654297 0.000000 1708.889404 0.000000 0.611340 0.000000 0.791368 0.200608 0.200608 0.200608
4655.882812 0.000000 1699.554932 0.000000 0.817124 0.000000 0.576462 0.202883 0.202883 0.202883
4670.038574 0.000000 1718.514526 0.000000 0.749740 0.000000 0.661733 0.221470 0.221470 0.221470
4650.712402 0.000000 1715.749634 0.000000 0.732831 0.000000 0.680411 0.222797 0.222797 0.222797
4627.337891 0.000000 1694.690063 0.000000 0.829068 0.000000 0.559148 0.231685 0.231685 0.231685
4667.914062 0.000000 1722.854004 0.000000 0.819826 0.000000 0.572612 0.236259 0.236259 0.236259
4640.813477 0.000000 1738.037109 0.000000 0.913730 0.000000 0.406322 0.236717 0.236717 0.236717
4646.014160 0.000000 1725.359863 0.000000 0.923718 0.000000 0.383074 0.236448 0.236448 0.236448
4632.230957 0.000000 1709.540039 0.000000 0.701867 0.000000 0.712308 0.233244 0.233244 0.233244
4654.200195 0.000000 1695.640991 0.000000 0.823579 0.000000 0.567202 0.253147 0.253147 0.253147
4649.855957 0.000000 1695.546875 0.000000 0.782539 0.000000 0.622602 0.287718 0.287718 0.287718
4660.968750 0.000000 1726.278931 0.000000 0.693764 0.000000 0.720202 0.244448 0.244448 0.244448
4659.609375 0.000000 1724.697510 0.000000 0.746690 0.000000 0.665172 0.286728 0.286728 0.286728
4634.770996 0.000000 1704.131958 0.000000 0.613767 0.000000 0.789487 0.284086 0.284086 0.284086
4642.136719 0.000000 1722.655029 0.000000 0.732315 0.000000 0.680966 0.277451 0.277451 0.277451
4658.833984 0.000000 1703.111572 0.000000 0.652684 0.000000 0.757631 0.284934 0.284934 0.284934
4639.121582 0.000000 1725.791504 0.000000 0.608426 0.000000 0.793611 0.282492 0.282492 0.282492
4638.669434 0.000000 1710.147705 0.000000 0.927087 0.000000 0.374845 0.245701 0.245701 0.245701
4649.763184 0.000000 1716.551758 0.000000 0.838046 0.000000 0.545599 0.247162 0.247162 0.247162
4663.779785 0.000000 1717.717407 0.000000 0.690697 0.000000 0.723144 0.277521 0.277521 0.277521
4650.590820 0.000000 1697.940186 0.000000 0.884100 0.000000 0.467297 0.290932 0.290932 0.290932
4636.615723 0.000000 1729.017944 0.000000 0.729113 0.000000 0.684393 0.254328 0.254328 0.254328
4658.699707 0.000000 1725.584229 0.000000 0.606750 0.000000 0.794893 0.283243 0.283243 0.283243
4693.452637 0.000000 1716.514160 0.000000 0.898870 0.000000 0.438216 0.208419 0.208419 0.208419
4672.016113 0.000000 1703.183838 0.000000 0.669661 0.000000 0.742667 0.226076 0.226076 0.226076
4709.210449 0.000000 1726.612793 0.000000 0.802362 0.000000 0.596837 0.231734 0.231734 0.231734
4711.339844 0.000000 1696.113770 0.000000 0.920557 0.000000 0.390609 0.291505 0.291505 0.291505
4680.904785 0.000000 1700.810913 0.000000 0.871150 0.000000 0.491016 0.276989 0.276989 0.276989
4708.191406 0.000000 1706.236206 0.000000 0.863005 0.000000 0.505196 0.289885 0.289885 0.289885
4711.871094 0.000000 1714.966797 0.000000 0.826644 0.000000 0.562725 0.245865 0.245865 0.245865
4708.202637 0.000000 1698.179932 0.000000 0.942207 0.000000 0.335031 0.293910 0.293910 0.293910
4674.732422 0.000000 1702.744873 0.000000 0.694732 0.000000 0.719269 0.249594 0.249594 0.249594
4676.727051 0.000000 1701.782104 0.000000 0.858198 0.000000 0.513319 0.250260 0.250260 0.250260
4712.114258 0.000000 1697.086670 0.000000 0.910142 0.000000 0.414296 0.276183 0.276183 0.276183
4698.768555 0.000000 1709.463623 0.000000 0.690921 0.000000 0.722930 0.267385 0.267385 0.267385
4704.590820 0.000000 1721.672119 0.000000 0.917701 0.000000 0.397271 0.292595 0.292595 0.292595
4704.901855 0.000000 1701.414917 0.000000 0.947632 0.000000 0.319365 0.293792 0.293792 0.293792
4709.454590 0.000000 1723.715088 0.000000 0.942543 0.000000 0.334085 0.248908 0.248908 0.248908
4699.859375 0.000000 1709.676514 0.000000 0.804493 0.000000 0.593963 0.269916 0.269916 0.269916
4706.086426 0.000000 1701.429321 0.000000 0.878034 0.000000 0.478598 0.290749 0.290749 0.290749
4713.191895 0.000000 1696.977295 0.000000 0.677828 0.000000 0.735220 0.270161 0.270161 0.270161
4850.592773 0.000000 1756.726807 0.000000 0.860548 0.000000 0.509369 0.280862 0.280862 0.280862
6777.384766 0.000000 734.064270 0.000000 0.800904 0.000000 0.598793 0.195544 0.195544 0.195544
6739.640625 0.000000 703.124268 0.000000 0.740450 0.000000 0.672111 0.195102 0.195102 0.195102
6739.704102 0.000000 691.576721 0.000000 0.643594 0.000000 0.765367 0.210776 0.210776 0.210776
6760.469727 0.000000 697.077698 0.000000 0.949272 0.000000 0.314455 0.223099 0.223099 0.223099
6743.560547 0.000000 695.338318 0.000000 0.909755 0.000000 0.415146 0.224791 0.224791 0.224791
6746.062500 0.000000 704.850098 0.000000 0.805987 0.000000 0.591933 0.219150 0.219150 0.219150
6742.404297 0.000000 703.427795 0.000000 0.687212 0.000000 0.726457 0.231995 0.231995 0.231995
6725.854492 0.000000 712.565674 0.000000 0.897272 0.000000 0.441478 0.233627 0.233627 0.233627
6775.129883 0.000000 704.405884 0.000000 0.673380 0.000000 0.739297 0.236422 0.236422 0.236422
6741.323242 0.000000 719.034363 0.000000 0.698155 0.000000 0.715946 0.233189 0.233189 0.233189
6774.683594 0.000000 708.374329 0.000000 0.928601 0.000000 0.371081 0.293181 0.293181 0.293181
6775.338379 0.000000 710.336731 0.000000 0.888477 0.000000 0.458922 0.291608 0.291608 0.291608
6775.424805 0.000000 702.081665 0.000000 0.933353 0.000000 0.358961 0.290480 0.290480 0.290480
6776.311035 0.000000 722.464600 0.000000 0.749562 0.000000 0.661934 0.242302 0.242302 0.242302
6771.089355 0.000000 706.809387 0.000000 0.851549 0.000000 0.524276 0.288948 0.288948 0.288948
6769.310547 0.000000 707.282349 0.000000 0.905868 0.000000 0.423560 0.291663 0.291663 0.291663
6765.140625 0.000000 697.425049 0.000000 0.718143 0.000000 0.695896 0.269991 0.269991 0.269991
6729.062988 0.000000 719.792480 0.000000 0.887838 0.000000 0.460156 0.279114 0.279114 0.279114
6777.460938 0.000000 734.400146 0.000000 0.828731 0.000000 0.559647 0.195878 0.195878 0.195878
6754.934570 0.000000 737.866089 0.000000 0.742496 0.000000 0.669851 0.203550 0.203550 0.203550
6747.849121 0.000000 760.902466 0.000000 0.627132 0.000000 0.778913 0.211111 0.211111 0.211111
6778.082520 0.000000 738.521362 0.000000 0.873684 0.000000 0.486495 0.222431 0.222431 0.222431
6743.398438 0.000000 790.097107 0.000000 0.805716 0.000000 0.592302 0.261624 0.261624 0.261624
6757.606445 0.000000 737.216248 0.000000 0.950667 0.000000 0.310212 0.271931 0.271931 0.271931
6776.213867 0.000000 745.824036 0.000000 0.625022 0.000000 0.780607 0.272118 0.272118 0.272118
6769.195312 0.000000 734.659790 0.000000 0.655835 0.000000 0.754904 0.248423 0.248423 0.248423
6779.256348 0.000000 743.267395 0.000000 0.842619 0.000000 0.538511 0.276138 0.276138 0.276138
6784.514160 0.000000 693.893372 0.000000 0.825671 0.000000 0.564152 0.196004 0.196004 0.196004
6803.576660 0.000000 713.264099 0.000000 0.914907 0.000000 0.403664 0.201693 0.201693 0.201693
6808.325195 0.000000 726.952759 0.000000 0.895590 0.000000 0.444881 0.228232 0.228232 0.228232
6805.894043 0.000000 731.086304 0.000000 0.633218 0.000000 0.773974 0.218399 0.218399 0.218399
6803.524902 0.000000 714.746338 0.000000 0.834264 0.000000 0.551365 0.227021 0.227021 0.227021
6806.889648 0.000000 727.074463 0.000000 0.630625 0.000000 0.776088 0.229661 0.229661 0.229661
6791.754395 0.000000 707.778809 0.000000 0.840777 0.000000 0.541381 0.289267 0.289267 0.289267
6798.365723 0.000000 720.809814 0.000000 0.930978 0.000000 0.365074 0.252285 0.252285 0.252285
6830.722168 0.000000 725.624084 0.000000 0.847436 0.000000 0.530898 0.256330 0.256330 0.256330
6807.843750 0.000000 716.152649 0.000000 0.733751 0.000000 0.679418 0.285734 0.285734 0.285734
6801.052246 0.000000 720.617065 0.000000 0.934818 0.000000 0.355128 0.293066 0.293066 0.293066
6824.053711 0.000000 730.166748 0.000000 0.846026 0.000000 0.533142 0.268378 0.268378 0.268378
6810.672852 0.000000 716.087891 0.000000 0.793201 0.000000 0.608959 0.288182 0.288182 0.288182
6809.064941 0.000000 728.451172 0.000000 0.800518 0.000000 0.599309 0.275002 0.275002 0.275002
6802.479492 0.000000 724.455994 0.000000 0.940338 0.000000 0.340242 0.293772 0.293772 0.293772
6825.492676 0.000000 728.296265 0.000000 0.854167 0.000000 0.519998 0.243293 0.243293 0.243293
6807.105469 0.000000 721.995850 0.000000 0.802497 0.000000 0.596656 0.287790 0.287790 0.287790
6810.378418 0.000000 728.486328 0.000000 0.647685 0.000000 0.761908 0.255908 0.255908 0.255908
6860.970703 0.000000 724.798279 0.000000 0.811999 0.000000 0.583659 0.212894 0.212894 0.212894
6909.976074 0.000000 718.498352 0.000000 0.627143 0.000000 0.778904 0.217297 0.217297 0.217297
6907.628418 0.000000 721.488037 0.000000 0.706460 0.000000 0.707753 0.244660 0.244660 0.244660
6879.371094 0.000000 732.873840 0.000000 0.945027 0.000000 0.326993 0.273832 0.273832 0.273832
6890.410156 0.000000 718.848267 0.000000 0.813593 0.000000 0.581435 0.246119 0.246119 0.246119
6804.805176 0.000000 734.364380 0.000000 0.599278 0.000000 0.800541 0.195833 0.195833 0.195833
6824.647949 0.000000 735.623535 0.000000 0.942108 0.000000 0.335308 0.203325 0.203325 0.203325
6795.316406 0.000000 735.213928 0.000000 0.885075 0.000000 0.465448 0.215689 0.215689 0.215689
6841.198730 0.000000 761.032349 0.000000 0.655878 0.000000 0.754867 0.232060 0.232060 0.232060
6790.916992 0.000000 736.720825 0.000000 0.682840 0.000000 0.730568 0.245293 0.245293 0.245293
6897.824707 0.000000 744.782288 0.000000 0.920515 0.000000 0.390706 0.228819 0.228819 0.228819
6880.052246 0.000000 734.319153 0.000000 0.901004 0.000000 0.433812 0.226743 0.226743 0.226743
6901.270996 0.000000 737.596985 0.000000 0.729457 0.000000 0.684026 0.257421 0.257421 0.257421
6902.497559 0.000000 747.460815 0.000000 0.591832 0.000000 0.806061 0.282096 0.282096 0.282096
6718.477051 0.000000 816.187500 0.000000 0.696039 0.000000 0.718004 0.243972 0.243972 0.243972
6725.729492 0.000000 832.810120 0.000000 0.949612 0.000000 0.313429 0.207316 0.207316 0.207316
6757.508789 0.000000 806.169556 0.000000 0.643169 0.000000 0.765724 0.217487 0.217487 0.217487
6737.775879 0.000000 838.354492 0.000000 0.708431 0.000000 0.705780 0.226611 0.226611 0.226611
6723.574219 0.000000 844.204834 0.000000 0.912022 0.000000 0.410141 0.261848 0.261848 0.261848
6733.527344 0.000000 797.825012 0.000000 0.779291 0.000000 0.626663 0.267758 0.267758 0.267758
6720.213379 0.000000 802.882874 0.000000 0.915385 0.000000 0.402580 0.266235 0.266235 0.266235
6732.748535 0.000000 796.476501 0.000000 0.877314 0.000000 0.479917 0.270324 0.270324 0.270324
6723.149902 0.000000 836.574524 0.000000 0.714357 0.000000 0.699781 0.278054 0.278054 0.278054
6746.905273 0.000000 824.354614 0.000000 0.867908 0.000000 0.496725 0.287919 0.287919 0.287919
6735.758301 0.000000 799.466248 0.000000 0.838944 0.000000 0.544217 0.266618 0.266618 0.266618
6708.316895 0.000000 876.391541 0.000000 0.736083 0.000000 0.676892 0.207675 0.207675 0.207675
6717.976074 0.000000 887.951477 0.000000 0.775694 0.000000 0.631109 0.219749 0.219749 0.219749
6710.908203 0.000000 859.139648 0.000000 0.921933 0.000000 0.387349 0.225079 0.225079 0.225079
6709.096191 0.000000 872.334106 0.000000 0.838244 0.000000 0.545295 0.226032 0.226032 0.226032
6706.572266 0.000000 871.980286 0.000000 0.828325 0.000000 0.560247 0.231672 0.231672 0.231672
6713.981445 0.000000 852.893188 0.000000 0.877877 0.000000 0.478885 0.241711 0.241711 0.241711
6706.592773 0.000000 852.976807 0.000000 0.601888 0.000000 0.798581 0.267667 0.267667 0.267667
6693.762695 0.000000 891.143066 0.000000 0.666382 0.000000 0.745610 0.252168 0.252168 0.252168
6724.755371 0.000000 875.138306 0.000000 0.634948 0.000000 0.772555 0.194137 0.194137 0.194137
6754.857422 0.000000 876.394531 0.000000 0.849747 0.000000 0.527190 0.196188 0.196188 0.196188
6748.436523 0.000000 863.868469 0.000000 0.721693 0.000000 0.692213 0.236136 0.236136 0.236136
6733.344238 0.000000 861.555359 0.000000 0.895314 0.000000 0.445435 0.252274 0.252274 0.252274
6757.123047 0.000000 886.427612 0.000000 0.887458 0.000000 0.460889 0.250464 0.250464 0.250464
6721.803711 0.000000 899.591614 0.000000 0.866721 0.000000 0.498794 0.266320 0.266320 0.266320
6741.918945 0.000000 868.170715 0.000000 0.591308 0.000000 0.806446 0.269465 0.269465 0.269465
6720.743652 0.000000 898.186340 0.000000 0.910049 0.000000 0.414500 0.267654 0.267654 0.267654
6766.890137 0.000000 883.520447 0.000000 0.910656 0.000000 0.413166 0.280459 0.280459 0.280459
6762.742676 0.000000 871.455261 0.000000 0.608454 0.000000 0.793589 0.247659 0.247659 0.247659
6750.069336 0.000000 860.393799 0.000000 0.895434 0.000000 0.445195 0.278846 0.278846 0.278846
6796.607910 0.000000 827.716858 0.000000 0.677859 0.000000 0.735192 0.226187 0.226187 0.226187
6795.042480 0.000000 831.813171 0.000000 0.653917 0.000000 0.756566 0.261087 0.261087 0.261087
6793.391113 0.000000 825.344849 0.000000 0.913078 0.000000 0.407785 0.276823 0.276823 0.276823
6796.307617 0.000000 831.541748 0.000000 0.712019 0.000000 0.702160 0.250927 0.250927 0.250927
6923.929688 0.000000 746.302734 0.000000 0.921570 0.000000 0.388212 0.197392 0.197392 0.197392
6941.739258 0.000000 755.759949 0.000000 0.715656 0.000000 0.698453 0.202197 0.202197 0.202197
6925.704590 0.000000 747.123474 0.000000 0.802893 0.000000 0.596123 0.205880 0.205880 0.205880
6932.433105 0.000000 751.311462 0.000000 0.640638 0.000000 0.767843 0.215909 0.215909 0.215909
6928.278320 0.000000 755.016174 0.000000 0.644700 0.000000 0.764436 0.215957 0.215957 0.215957
6925.735352 0.000000 749.964966 0.000000 0.687549 0.000000 0.726138 0.225802 0.225802 0.225802
6974.499512 0.000000 763.685425 0.000000 0.900435 0.000000 0.434991 0.240663 0.240663 0.240663
6951.180176 0.000000 764.721252 0.000000 0.897924 0.000000 0.440151 0.291295 0.291295 0.291295
7000.572266 0.000000 773.761230 0.000000 0.933067 0.000000 0.359703 0.197520 0.197520 0.197520
7015.591309 0.000000 776.132935 0.000000 0.913378 0.000000 0.407112 0.197100 0.197100 0.197100
7019.060059 0.000000 768.430481 0.000000 0.795350 0.000000 0.606150 0.201542 0.201542 0.201542
7033.007324 0.000000 779.957397 0.000000 0.596075 0.000000 0.802929 0.208716 0.208716 0.208716
6979.093750 0.000000 764.366882 0.000000 0.880748 0.000000 0.473586 0.230050 0.230050 0.230050
7010.454102 0.000000 775.318115 0.000000 0.917926 0.000000 0.396751 0.233600 0.233600 0.233600
6996.708984 0.000000 777.862305 0.000000 0.878021 0.000000 0.478623 0.230526 0.230526 0.230526
7017.405762 0.000000 772.149719 0.000000 0.664919 0.000000 0.746916 0.283892 0.283892 0.283892
6980.693359 0.000000 766.937195 0.000000 0.632468 0.000000 0.774586 0.247534 0.247534 0.247534
7018.410156 0.000000 775.332642 0.000000 0.930143 0.000000 0.367197 0.286590 0.286590 0.286590
7015.291504 0.000000 773.302368 0.000000 0.690935 0.000000 0.722917 0.284840 0.284840 0.284840
7004.939453 0.000000 777.909668 0.000000 0.941759 0.000000 0.336290 0.258060 0.258060 0.258060
7013.960449 0.000000 774.165649 0.000000 0.920363 0.000000 0.391066 0.292988 0.292988 0.292988
7160.412109 0.000000 732.858582 0.000000 0.942846 0.000000 0.333228 0.232138 0.232138 0.232138
7066.372559 0.000000 787.153625 0.000000 0.812054 0.000000 0.583583 0.257075 0.257075 0.257075
7096.311035 0.000000 778.948975 0.000000 0.803596 0.000000 0.595176 0.261575 0.261575 0.261575
7090.113770 0.000000 780.052246 0.000000 0.785224 0.000000 0.619211 0.243992 0.243992 0.243992
7043.040527 0.000000 782.342468 0.000000 0.655059 0.000000 0.755578 0.271716 0.271716 0.271716
7047.968750 0.000000 775.250122 0.000000 0.923281 0.000000 0.384125 0.292884 0.292884 0.292884
7163.526855 0.000000 767.064026 0.000000 0.768834 0.000000 0.639449 0.225416 0.225416 0.225416
7111.754395 0.000000 764.263184 0.000000 0.762019 0.000000 0.647554 0.238360 0.238360 0.238360
7122.234375 0.000000 765.760071 0.000000 0.851178 0.000000 0.524877 0.290357 0.290357 0.290357
7118.050293 0.000000 766.449951 0.000000 0.642042 0.000000 0.766669 0.265411 0.265411 0.265411
7167.475098 0.000000 739.064087 0.000000 0.731717 0.000000 0.681609 0.277437 0.277437 0.277437
6981.729492 0.000000 832.810120 0.000000 0.906551 0.000000 0.422096 0.204244 0.204244 0.204244
6979.452637 0.000000 830.753784 0.000000 0.652933 0.000000 0.757415 0.228424 0.228424 0.228424
7034.917480 0.000000 894.512268 0.000000 0.830952 0.000000 0.556344 0.246482 0.246482 0.246482
7112.859375 0.000000 884.752747 0.000000 0.907340 0.000000 0.420398 0.213969 0.213969 0.213969
7294.871094 0.000000 608.354248 0.000000 0.929586 0.000000 0.368606 0.239850 0.239850 0.239850
7294.905762 0.000000 627.138489 0.000000 0.836139 0.000000 0.548518 0.228113 0.228113 0.228113
7285.270996 0.000000 624.628235 0.000000 0.875819 0.000000 0.482639 0.237406 0.237406 0.237406
7290.650879 0.000000 632.506104 0.000000 0.752104 0.000000 0.659045 0.246495 0.246495 0.246495
7281.310547 0.000000 650.797974 0.000000 0.603172 0.000000 0.797611 0.267691 0.267691 0.267691
7288.213867 0.000000 632.855286 0.000000 0.767113 0.000000 0.641511 0.259733 0.259733 0.259733
7290.572266 0.000000 621.364136 0.000000 0.852570 0.000000 0.522614 0.289504 0.289504 0.289504
7319.599609 0.000000 619.398926 0.000000 0.731895 0.000000 0.681417 0.219133 0.219133 0.219133
7353.187988 0.000000 596.329102 0.000000 0.818146 0.000000 0.575011 0.233594 0.233594 0.233594
7351.338379 0.000000 597.367981 0.000000 0.863283 0.000000 0.504720 0.289916 0.289916 0.289916
7343.731934 0.000000 611.942505 0.000000 0.837079 0.000000 0.547082 0.263950 0.263950 0.263950
7315.857422 0.000000 617.540649 0.000000 0.736913 0.000000 0.675987 0.286101 0.286101 0.286101
7327.371094 0.000000 619.905090 0.000000 0.792458 0.000000 0.609926 0.258723 0.258723 0.258723
7351.669922 0.000000 598.508362 0.000000 0.847222 0.000000 0.531239 0.251585 0.251585 0.251585
7332.531250 0.000000 608.989685 0.000000 0.897435 0.000000 0.441146 0.274143 0.274143 0.274143
7390.176270 0.000000 616.001709 0.000000 0.924945 0.000000 0.380101 0.240792 0.240792 0.240792
7419.539551 0.000000 617.378418 0.000000 0.780079 0.000000 0.625681 0.243373 0.243373 0.243373
7415.338379 0.000000 597.367981 0.000000 0.930450 0.000000 0.366420 0.292863 0.292863 0.292863
7412.968750 0.000000 596.591370 0.000000 0.920948 0.000000 0.389686 0.283528 0.283528 0.283528
7320.332520 0.000000 656.532532 0.000000 0.651577 0.000000 0.758582 0.212419 0.212419 0.212419
7307.557617 0.000000 661.275879 0.000000 0.907551 0.000000 0.419942 0.211817 0.211817 0.211817
7310.222168 0.000000 644.478943 0.000000 0.860256 0.000000 0.509862 0.214714 0.214714 0.214714
7306.378418 0.000000 633.189514 0.000000 0.943823 0.000000 0.330451 0.226743 0.226743 0.226743
7333.604004 0.000000 643.912109 0.000000 0.856461 0.000000 0.516211 0.234865 0.234865 0.234865
7328.387695 0.000000 630.621643 0.000000 0.874565 0.000000 0.484908 0.290407 0.290407 0.290407
7306.112793 0.000000 658.484985 0.000000 0.732303 0.000000 0.680979 0.237861 0.237861 0.237861
7325.995605 0.000000 645.894348 0.000000 0.680222 0.000000 0.733007 0.240122 0.240122 0.240122
7321.770020 0.000000 660.495911 0.000000 0.598117 0.000000 0.801409 0.276572 0.276572 0.276572
7337.341797 0.000000 649.978088 0.000000 0.733052 0.000000 0.680172 0.257491 0.257491 0.257491
7304.396484 0.000000 660.108765 0.000000 0.801239 0.000000 0.598344 0.235915 0.235915 0.235915
7332.740723 0.000000 646.430237 0.000000 0.667350 0.000000 0.744745 0.256257 0.256257 0.256257
7328.813965 0.000000 659.182922 0.000000 0.859738 0.000000 0.510735 0.239708 0.239708 0.239708
7325.463379 0.000000 647.404114 0.000000 0.942286 0.000000 0.334809 0.273173 0.273173 0.273173
7329.511719 0.000000 630.387634 0.000000 0.869949 0.000000 0.493142 0.290228 0.290228 0.290228
7326.228516 0.000000 621.339783 0.000000 0.667700 0.000000 0.744431 0.275507 0.275507 0.275507
7337.081055 0.000000 648.845459 0.000000 0.932019 0.000000 0.362409 0.262541 0.262541 0.262541
7327.979004 0.000000 650.396057 0.000000 0.820505 0.000000 0.571639 0.271362 0.271362 0.271362
7418.807129 0.000000 627.982666 0.000000 0.647378 0.000000 0.762169 0.194461 0.194461 0.194461
7416.315430 0.000000 658.337097 0.000000 0.671386 0.000000 0.741107 0.194478 0.194478 0.194478
7389.422852 0.000000 659.879944 0.000000 0.845127 0.000000 0.534566 0.196086 0.196086 0.196086
7416.412109 0.000000 676.374207 0.000000 0.646762 0.000000 0.762692 0.226285 0.226285 0.226285
7408.663086 0.000000 639.984070 0.000000 0.780532 0.000000 0.625116 0.222447 0.222447 0.222447
7422.147949 0.000000 666.282837 0.000000 0.659339 0.000000 0.751846 0.226967 0.226967 0.226967
7418.406250 0.000000 660.408447 0.000000 0.773790 0.000000 0.633442 0.235433 0.235433 0.235433
7416.008301 0.000000 663.577515 0.000000 0.817969 0.000000 0.575262 0.270776 0.270776 0.270776
7384.446289 0.000000 664.667297 0.000000 0.757885 0.000000 0.652389 0.250231 0.250231 0.250231
7440.425781 0.000000 615.546814 0.000000 0.770237 0.000000 0.637758 0.224389 0.224389 0.224389
7453.034668 0.000000 618.327515 0.000000 0.942114 0.000000 0.335292 0.220181 0.220181 0.220181
7425.993652 0.000000 588.293762 0.000000 0.928787 0.000000 0.370614 0.231194 0.231194 0.231194
7485.367188 0.000000 615.979492 0.000000 0.901505 0.000000 0.432769 0.230511 0.230511 0.230511
7445.323242 0.000000 606.065613 0.000000 0.819873 0.000000 0.572546 0.237839 0.237839 0.237839
7481.671875 0.000000 619.715088 0.000000 0.799800 0.000000 0.600266 0.255239 0.255239 0.255239
7482.264648 0.000000 615.481689 0.000000 0.878306 0.000000 0.478099 0.281433 0.281433 0.281433
7424.042480 0.000000 598.274963 0.000000 0.658661 0.000000 0.752439 0.279339 0.279339 0.279339
7448.507324 0.000000 612.368774 0.000000 0.750974 0.000000 0.660331 0.287440 0.287440 0.287440
7425.237793 0.000000 601.165771 0.000000 0.674785 0.000000 0.738014 0.247718 0.247718 0.247718
7449.886230 0.000000 606.916138 0.000000 0.877616 0.000000 0.479365 0.261342 0.261342 0.261342
7444.037109 0.000000 604.592407 0.000000 0.813395 0.000000 0.581711 0.288213 0.288213 0.288213
7425.144043 0.000000 590.298035 0.000000 0.713768 0.000000 0.700382 0.273972 0.273972 0.273972
7493.351562 0.000000 616.476807 0.000000 0.779807 0.000000 0.626020 0.287968 0.287968 0.287968
7428.948730 0.000000 621.443176 0.000000 0.595028 0.000000 0.803705 0.193638 0.193638 0.193638
7487.814453 0.000000 639.772827 0.000000 0.903634 0.000000 0.428306 0.203112 0.203112 0.203112
7428.602051 0.000000 623.933960 0.000000 0.640260 0.000000 0.768159 0.196730 0.196730 0.196730
7474.216309 0.000000 665.872925 0.000000 0.916565 0.000000 0.399886 0.208756 0.208756 0.208756
7424.371582 0.000000 626.412964 0.000000 0.855590 0.000000 0.517654 0.208764 0.208764 0.208764
7434.256348 0.000000 625.558838 0.000000 0.618551 0.000000 0.785744 0.213594 0.213594 0.213594
7446.383789 0.000000 668.339966 0.000000 0.949961 0.000000 0.312369 0.232361 0.232361 0.232361
7450.914551 0.000000 673.031921 0.000000 0.606754 0.000000 0.794890 0.258224 0.258224 0.258224
7445.902344 0.000000 666.814514 0.000000 0.622519 0.000000 0.782605 0.284281 0.284281 0.284281
7425.519531 0.000000 668.871887 0.000000 0.641995 0.000000 0.766709 0.283608 0.283608 0.283608
7450.770996 0.000000 630.928772 0.000000 0.858497 0.000000 0.512818 0.242860 0.242860 0.242860
7431.767090 0.000000 647.330872 0.000000 0.929133 0.000000 0.369746 0.274772 0.274772 0.274772
7450.614258 0.000000 664.971619 0.000000 0.938572 0.000000 0.345084 0.293408 0.293408 0.293408
7453.720703 0.000000 643.911377 0.000000 0.633350 0.000000 0.773866 0.283961 0.283961 0.283961
7482.572266 0.000000 621.364136 0.000000 0.898351 0.000000 0.439278 0.291944 0.291944 0.291944
7433.386230 0.000000 628.598572 0.000000 0.642312 0.000000 0.766444 0.274473 0.274473 0.274473
7512.641113 0.000000 677.052612 0.000000 0.730484 0.000000 0.682930 0.205511 0.205511 0.205511
7509.843750 0.000000 671.612854 0.000000 0.834239 0.000000 0.551403 0.208973 0.208973 0.208973
7502.777344 0.000000 641.580261 0.000000 0.695115 0.000000 0.718899 0.212930 0.212930 0.212930
7489.945801 0.000000 637.631958 0.000000 0.599214 0.000000 0.800589 0.234845 0.234845 0.234845
7492.081543 0.000000 641.297913 0.000000 0.834177 0.000000 0.551497 0.231252 0.231252 0.231252
7496.904785 0.000000 627.607788 0.000000 0.949464 0.000000 0.313875 0.270256 0.270256 0.270256
7509.902344 0.000000 666.814514 0.000000 0.893805 0.000000 0.448456 0.283023 0.283023 0.283023
7492.727051 0.000000 628.578979 0.000000 0.771007 0.000000 0.636827 0.269631 0.269631 0.269631
7503.853516 0.000000 636.065430 0.000000 0.915323 0.000000 0.402720 0.292534 0.292534 0.292534
7506.234375 0.000000 652.791321 0.000000 0.911833 0.000000 0.410561 0.292379 0.292379 0.292379
7224.473633 0.000000 685.943237 0.000000 0.876408 0.000000 0.481570 0.196525 0.196525 0.196525
7182.689941 0.000000 714.156799 0.000000 0.906087 0.000000 0.423091 0.292164 0.292164 0.292164
7200.087402 0.000000 717.931763 0.000000 0.887383 0.000000 0.461033 0.291423 0.291423 0.291423
7188.037109 0.000000 717.561157 0.000000 0.798708 0.000000 0.601718 0.248432 0.248432 0.248432
7178.479980 0.000000 705.962219 0.000000 0.919688 0.000000 0.392650 0.278142 0.278142 0.278142
7242.235840 0.000000 721.496704 0.000000 0.775504 0.000000 0.631342 0.195224 0.195224 0.195224
7268.099609 0.000000 716.130310 0.000000 0.784369 0.000000 0.620294 0.205111 0.205111 0.205111
7256.230957 0.000000 692.821228 0.000000 0.821976 0.000000 0.569523 0.224691 0.224691 0.224691
7252.179199 0.000000 679.089661 0.000000 0.900210 0.000000 0.435457 0.231017 0.231017 0.231017
7254.709473 0.000000 697.774597 0.000000 0.904137 0.000000 0.427242 0.279155 0.279155 0.279155
7266.421875 0.000000 714.304382 0.000000 0.913416 0.000000 0.407027 0.274171 0.274171 0.274171
7260.225586 0.000000 705.442444 0.000000 0.911584 0.000000 0.411113 0.254884 0.254884 0.254884
7200.131348 0.000000 739.416260 0.000000 0.721355 0.000000 0.692566 0.221075 0.221075 0.221075
7183.446289 0.000000 750.314941 0.000000 0.640660 0.000000 0.767825 0.219519 0.219519 0.219519
7201.760254 0.000000 738.705017 0.000000 0.939742 0.000000 0.341885 0.225000 0.225000 0.225000
7204.343262 0.000000 740.838257 0.000000 0.684656 0.000000 0.728866 0.271315 0.271315 0.271315
7204.323242 0.000000 744.797607 0.000000 0.874986 0.000000 0.484149 0.257034 0.257034 0.257034
7196.025391 0.000000 740.667725 0.000000 0.892000 0.000000 0.452036 0.291042 0.291042 0.291042
7252.821777 0.000000 765.407837 0.000000 0.858473 0.000000 0.512859 0.201855 0.201855 0.201855
7248.485352 0.000000 759.409058 0.000000 0.817851 0.000000 0.575430 0.224622 0.224622 0.224622
7240.409180 0.000000 749.116333 0.000000 0.725963 0.000000 0.687733 0.239310 0.239310 0.239310
7247.758301 0.000000 742.981873 0.000000 0.698096 0.000000 0.716004 0.266004 0.266004 0.266004
7307.084961 0.000000 688.191162 0.000000 0.810235 0.000000 0.586105 0.210220 0.210220 0.210220
7339.575684 0.000000 708.542725 0.000000 0.858402 0.000000 0.512977 0.236497 0.236497 0.236497
7337.168457 0.000000 709.369873 0.000000 0.704340 0.000000 0.709863 0.252841 0.252841 0.252841
7313.965332 0.000000 718.437622 0.000000 0.878718 0.000000 0.477341 0.247581 0.247581 0.247581
7393.412109 0.000000 692.769592 0.000000 0.928788 0.000000 0.370612 0.199242 0.199242 0.199242
7407.339355 0.000000 678.058533 0.000000 0.674197 0.000000 0.738552 0.196534 0.196534 0.196534
7414.385254 0.000000 681.721558 0.000000 0.605927 0.000000 0.795520 0.195894 0.195894 0.195894
7370.618164 0.000000 691.356873 0.000000 0.908204 0.000000 0.418529 0.213448 0.213448 0.213448
7418.250000 0.000000 711.304443 0.000000 0.924004 0.000000 0.382382 0.211615 0.211615 0.211615
7402.375488 0.000000 709.355774 0.000000 0.840570 0.000000 0.541703 0.211730 0.211730 0.211730
7422.038574 0.000000 701.795715 0.000000 0.827710 0.000000 0.561157 0.220023 0.220023 0.220023
7381.918945 0.000000 689.319885 0.000000 0.752500 0.000000 0.658592 0.228302 0.228302 0.228302
7414.041992 0.000000 677.854797 0.000000 0.831491 0.000000 0.555538 0.225383 0.225383 0.225383
7387.970215 0.000000 678.794617 0.000000 0.782696 0.000000 0.622404 0.231923 0.231923 0.231923
7399.639160 0.000000 704.885681 0.000000 0.741710 0.000000 0.670721 0.286345 0.286345 0.286345
7401.341797 0.000000 706.462463 0.000000 0.706380 0.000000 0.707833 0.277872 0.277872 0.277872
7413.270996 0.000000 681.112610 0.000000 0.869966 0.000000 0.493111 0.242059 0.242059 0.242059
7421.255859 0.000000 698.902405 0.000000 0.589832 0.000000 0.807526 0.252910 0.252910 0.252910
7210.009766 0.000000 845.717896 0.000000 0.794655 0.000000 0.607062 0.195733 0.195733 0.195733
7217.394043 0.000000 816.111023 0.000000 0.634749 0.000000 0.772719 0.193849 0.193849 0.193849
7207.319336 0.000000 815.493958 0.000000 0.816909 0.000000 0.576767 0.244613 0.244613 0.244613
7205.261230 0.000000 840.162903 0.000000 0.708747 0.000000 0.705463 0.259069 0.259069 0.259069
7247.217285 0.000000 822.929749 0.000000 0.938107 0.000000 0.346345 0.228748 0.228748 0.228748
7255.342773 0.000000 815.521790 0.000000 0.650268 0.000000 0.759705 0.256460 0.256460 0.256460
7235.154785 0.000000 811.533203 0.000000 0.885806 0.000000 0.464057 0.252547 0.252547 0.252547
7181.139648 0.000000 890.810303 0.000000 0.832896 0.000000 0.553429 0.204694 0.204694 0.204694
7181.704590 0.000000 860.092224 0.000000 0.760636 0.000000 0.649179 0.207450 0.207450 0.207450
7176.986816 0.000000 901.973694 0.000000 0.682074 0.000000 0.731283 0.223660 0.223660 0.223660
7181.299805 0.000000 858.732300 0.000000 0.897111 0.000000 0.441805 0.234159 0.234159 0.234159
7179.890137 0.000000 897.998657 0.000000 0.649963 0.000000 0.759965 0.283578 0.283578 0.283578
7449.349609 0.000000 697.763184 0.000000 0.888049 0.000000 0.459748 0.222714 0.222714 0.222714
7457.853027 0.000000 689.577271 0.000000 0.844067 0.000000 0.536239 0.215511 0.215511 0.215511
7469.470215 0.000000 706.039551 0.000000 0.917196 0.000000 0.398437 0.224965 0.224965 0.224965
7467.903809 0.000000 677.919922 0.000000 0.942111 0.000000 0.335300 0.242945 0.242945 0.242945
7507.935547 0.000000 687.570923 0.000000 0.727281 0.000000 0.686340 0.212804 0.212804 0.212804
7525.265137 0.000000 697.476013 0.000000 0.592122 0.000000 0.805848 0.212787 0.212787 0.212787
7521.699219 0.000000 691.242737 0.000000 0.929235 0.000000 0.369490 0.224722 0.224722 0.224722
7533.387695 0.000000 710.600586 0.000000 0.794818 0.000000 0.606847 0.233178 0.233178 0.233178
7520.240234 0.000000 691.782349 0.000000 0.755339 0.000000 0.655334 0.221551 0.221551 0.221551
7531.575684 0.000000 708.542725 0.000000 0.736975 0.000000 0.675920 0.235344 0.235344 0.235344
7519.121582 0.000000 709.072754 0.000000 0.928126 0.000000 0.372266 0.269373 0.269373 0.269373
7512.312988 0.000000 681.241577 0.000000 0.627631 0.000000 0.778511 0.278176 0.278176 0.278176
7523.712891 0.000000 694.592957 0.000000 0.916173 0.000000 0.400783 0.292665 0.292665 0.292665
7477.635254 0.000000 772.819458 0.000000 0.946116 0.000000 0.323827 0.232781 0.232781 0.232781
7474.448730 0.000000 777.521729 0.000000 0.774018 0.000000 0.633164 0.238569 0.238569 0.238569
7479.950684 0.000000 772.480896 0.000000 0.707649 0.000000 0.706564 0.285690 0.285690 0.285690
7481.404785 0.000000 771.941040 0.000000 0.802056 0.000000 0.597248 0.288686 0.288686 0.288686
7470.588379 0.000000 778.078186 0.000000 0.696398 0.000000 0.717656 0.266988 0.266988 0.266988
7479.533691 0.000000 788.252380 0.000000 0.906761 0.000000 0.421645 0.276061 0.276061 0.276061
7466.127930 0.000000 781.750183 0.000000 0.654111 0.000000 0.756398 0.284806 0.284806 0.284806
7542.041992 0.000000 734.339172 0.000000 0.592446 0.000000 0.805610 0.229667 0.229667 0.229667
7549.505859 0.000000 742.373291 0.000000 0.938701 0.000000 0.344732 0.243913 0.243913 0.243913
7541.577148 0.000000 753.242859 0.000000 0.777208 0.000000 0.629243 0.249567 0.249567 0.249567
7564.552734 0.000000 760.490906 0.000000 0.592464 0.000000 0.805597 0.193873 0.193873 0.193873
7565.317383 0.000000 787.524109 0.000000 0.794985 0.000000 0.606629 0.215818 0.215818 0.215818
7569.775879 0.000000 781.870117 0.000000 0.864816 0.000000 0.502089 0.233445 0.233445 0.233445
7571.616211 0.000000 780.555542 0.000000 0.834662 0.000000 0.550762 0.225969 0.225969 0.225969
7554.176270 0.000000 772.230103 0.000000 0.700259 0.000000 0.713889 0.272153 0.272153 0.272153
7560.099121 0.000000 769.686462 0.000000 0.724109 0.000000 0.689685 0.242381 0.242381 0.242381
7477.994141 0.000000 812.067383 0.000000 0.864945 0.000000 0.501867 0.196535 0.196535 0.196535
7477.428223 0.000000 808.622498 0.000000 0.827910 0.000000 0.560860 0.197698 0.197698 0.197698
7461.372070 0.000000 794.845764 0.000000 0.767675 0.000000 0.640839 0.213855 0.213855 0.213855
7476.078125 0.000000 807.451965 0.000000 0.592138 0.000000 0.805837 0.212274 0.212274 0.212274
7479.433594 0.000000 811.984436 0.000000 0.763119 0.000000 0.646258 0.238900 0.238900 0.238900
7550.281738 0.000000 900.333191 0.000000 0.896275 0.000000 0.443498 0.237884 0.237884 0.237884
7572.575195 0.000000 809.285278 0.000000 0.613072 0.000000 0.790027 0.223801 0.223801 0.223801
7558.218750 0.000000 809.855347 0.000000 0.938339 0.000000 0.345717 0.236874 0.236874 0.236874
7581.817383 0.000000 830.660706 0.000000 0.913124 0.000000 0.407681 0.287469 0.287469 0.287469
7565.527344 0.000000 797.825012 0.000000 0.777852 0.000000 0.628447 0.285240 0.285240 0.285240
7554.773438 0.000000 796.822693 0.000000 0.718750 0.000000 0.695269 0.252591 0.252591 0.252591
7564.748535 0.000000 796.476501 0.000000 0.859285 0.000000 0.511498 0.287632 0.287632 0.287632
7560.323730 0.000000 809.305786 0.000000 0.724263 0.000000 0.689524 0.285469 0.285469 0.285469
7559.012695 0.000000 791.872070 0.000000 0.945802 0.000000 0.324744 0.275484 0.275484 0.275484
7569.722656 0.000000 899.442932 0.000000 0.709428 0.000000 0.704778 0.194630 0.194630 0.194630
7560.237305 0.000000 895.292175 0.000000 0.643241 0.000000 0.765664 0.202479 0.202479 0.202479
7570.634277 0.000000 892.534302 0.000000 0.871476 0.000000 0.490438 0.230389 0.230389 0.230389
7558.966309 0.000000 895.135559 0.000000 0.648445 0.000000 0.761261 0.247283 0.247283 0.247283
7553.803711 0.000000 899.591614 0.000000 0.805342 0.000000 0.592811 0.288238 0.288238 0.288238
6604.375000 0.000000 1353.808472 0.000000 0.761068 0.000000 0.648672 0.195101 0.195101 0.195101
6621.291016 0.000000 1341.483154 0.000000 0.900819 0.000000 0.434194 0.201984 0.201984 0.201984
6619.430664 0.000000 1339.775269 0.000000 0.779256 0.000000 0.626706 0.287495 0.287495 0.287495
6647.338379 0.000000 1331.664795 0.000000 0.769212 0.000000 0.638994 0.232744 0.232744 0.232744
6617.752441 0.000000 1355.517822 0.000000 0.766871 0.000000 0.641802 0.258176 0.258176 0.258176
6617.886230 0.000000 1341.213013 0.000000 0.648137 0.000000 0.761524 0.246769 0.246769 0.246769
6694.060059 0.000000 924.574219 0.000000 0.914518 0.000000 0.404546 0.228671 0.228671 0.228671
6716.159668 0.000000 921.386292 0.000000 0.827129 0.000000 0.562012 0.268404 0.268404 0.268404
6729.453613 0.000000 916.420349 0.000000 0.658967 0.000000 0.752171 0.265230 0.265230 0.265230
6724.470703 0.000000 938.739136 0.000000 0.907652 0.000000 0.419724 0.280347 0.280347 0.280347
6702.693848 0.000000 992.293030 0.000000 0.929370 0.000000 0.369150 0.201969 0.201969 0.201969
6712.246582 0.000000 963.091248 0.000000 0.636256 0.000000 0.771478 0.199292 0.199292 0.199292
6710.252441 0.000000 962.789001 0.000000 0.824789 0.000000 0.565440 0.232662 0.232662 0.232662
6702.601562 0.000000 967.336914 0.000000 0.698166 0.000000 0.715936 0.285866 0.285866 0.285866
6724.588867 0.000000 969.871826 0.000000 0.947592 0.000000 0.319482 0.228484 0.228484 0.228484
6721.219727 0.000000 968.252930 0.000000 0.915007 0.000000 0.403437 0.269961 0.269961 0.269961
6722.732422 0.000000 968.447998 0.000000 0.727125 0.000000 0.686505 0.273250 0.273250 0.273250
6720.405762 0.000000 970.010437 0.000000 0.825014 0.000000 0.565112 0.256324 0.256324 0.256324
6857.641113 0.000000 956.937866 0.000000 0.829281 0.000000 0.558832 0.196121 0.196121 0.196121
6898.216309 0.000000 948.294800 0.000000 0.685633 0.000000 0.727947 0.200830 0.200830 0.200830
6902.485352 0.000000 929.164246 0.000000 0.910216 0.000000 0.414135 0.225878 0.225878 0.225878
6863.939941 0.000000 958.447876 0.000000 0.690050 0.000000 0.723762 0.265333 0.265333 0.265333
6830.671387 0.000000 1006.688843 0.000000 0.929819 0.000000 0.368018 0.200349 0.200349 0.200349
6817.049316 0.000000 961.484680 0.000000 0.640584 0.000000 0.767888 0.200374 0.200374 0.200374
6824.388184 0.000000 1010.236023 0.000000 0.849505 0.000000 0.527581 0.208136 0.208136 0.208136
6795.568848 0.000000 1016.187683 0.000000 0.877085 0.000000 0.480335 0.234771 0.234771 0.234771
6844.926270 0.000000 964.077393 0.000000 0.752706 0.000000 0.658357 0.240799 0.240799 0.240799
6828.208984 0.000000 1014.320984 0.000000 0.860052 0.000000 0.510207 0.243425 0.243425 0.243425
6826.351562 0.000000 1009.322754 0.000000 0.938234 0.000000 0.346001 0.262238 0.262238 0.262238
6854.070312 0.000000 967.274353 0.000000 0.638482 0.000000 0.769637 0.200873 0.200873 0.200873
6851.610840 0.000000 962.216125 0.000000 0.635966 0.000000 0.771717 0.284781 0.284781 0.284781
6783.273438 0.000000 1028.109863 0.000000 0.735411 0.000000 0.677621 0.200840 0.200840 0.200840
6754.554688 0.000000 1026.432861 0.000000 0.714260 0.000000 0.699881 0.237053 0.237053 0.237053
6759.854004 0.000000 1027.767212 0.000000 0.639054 0.000000 0.769162 0.276914 0.276914 0.276914
6821.606445 0.000000 1019.638123 0.000000 0.926893 0.000000 0.375325 0.255375 0.255375 0.255375
6812.025391 0.000000 1023.089600 0.000000 0.891797 0.000000 0.452436 0.262814 0.262814 0.262814
6785.343750 0.000000 1030.032104 0.000000 0.677594 0.000000 0.735436 0.254404 0.254404 0.254404
6848.233887 0.000000 1030.161987 0.000000 0.875892 0.000000 0.482506 0.218196 0.218196 0.218196
6891.575684 0.000000 1047.448975 0.000000 0.920258 0.000000 0.391311 0.224499 0.224499 0.224499
6888.459473 0.000000 1046.238281 0.000000 0.668453 0.000000 0.743754 0.236862 0.236862 0.236862
6878.684082 0.000000 1058.979370 0.000000 0.883910 0.000000 0.467657 0.229049 0.229049 0.229049
6858.865723 0.000000 1031.809570 0.000000 0.710122 0.000000 0.704079 0.285055 0.285055 0.285055
6862.695801 0.000000 1023.604736 0.000000 0.924606 0.000000 0.380925 0.244549 0.244549 0.244549
6860.748535 0.000000 1022.414001 0.000000 0.597231 0.000000 0.802069 0.247484 0.247484 0.247484
6890.590820 0.000000 1020.127686 0.000000 0.907882 0.000000 0.419225 0.287791 0.287791 0.287791
6895.135742 0.000000 1089.259277 0.000000 0.916932 0.000000 0.399043 0.205518 0.205518 0.205518
6891.765137 0.000000 1102.487427 0.000000 0.868672 0.000000 0.495387 0.211114 0.211114 0.211114
6888.301758 0.000000 1113.519897 0.000000 0.937512 0.000000 0.347954 0.261671 0.261671 0.261671
6894.633301 0.000000 1077.918945 0.000000 0.770317 0.000000 0.637661 0.242152 0.242152 0.242152
6890.410156 0.000000 1114.238892 0.000000 0.840083 0.000000 0.542458 0.260879 0.260879 0.260879
6893.243652 0.000000 1082.065186 0.000000 0.803436 0.000000 0.595392 0.255839 0.255839 0.255839
6887.180176 0.000000 1103.627441 0.000000 0.675320 0.000000 0.737524 0.245169 0.245169 0.245169
6890.742676 0.000000 1097.392822 0.000000 0.603445 0.000000 0.797405 0.253133 0.253133 0.253133
6890.590820 0.000000 1076.612061 0.000000 0.785699 0.000000 0.618609 0.269460 0.269460 0.269460
6889.191895 0.000000 1075.649170 0.000000 0.946493 0.000000 0.322723 0.293724 0.293724 0.293724
7025.067871 0.000000 908.278931 0.000000 0.658910 0.000000 0.752222 0.243371 0.243371 0.243371
7027.716797 0.000000 906.002136 0.000000 0.771170 0.000000 0.636629 0.262923 0.262923 0.262923
6962.908203 0.000000 999.000244 0.000000 0.765267 0.000000 0.643712 0.229023 0.229023 0.229023
6962.478027 0.000000 1002.110107 0.000000 0.808984 0.000000 0.587831 0.228164 0.228164 0.228164
6948.154785 0.000000 967.936829 0.000000 0.896260 0.000000 0.443529 0.236279 0.236279 0.236279
6966.646973 0.000000 978.723022 0.000000 0.801668 0.000000 0.597770 0.251627 0.251627 0.251627
6952.114258 0.000000 962.789734 0.000000 0.906744 0.000000 0.421682 0.246182 0.246182 0.246182
6955.013184 0.000000 961.444641 0.000000 0.670066 0.000000 0.742302 0.275557 0.275557 0.275557
7150.880859 0.000000 954.285583 0.000000 0.682765 0.000000 0.730638 0.198710 0.198710 0.198710
7158.086914 0.000000 948.349121 0.000000 0.865040 0.000000 0.501704 0.242477 0.242477 0.242477
7146.410156 0.000000 944.785767 0.000000 0.787846 0.000000 0.615872 0.268993 0.268993 0.268993
7143.071777 0.000000 953.468140 0.000000 0.883166 0.000000 0.469061 0.271560 0.271560 0.271560
7141.261230 0.000000 953.131653 0.000000 0.761870 0.000000 0.647730 0.263753 0.263753 0.263753
6935.416992 0.000000 1064.651489 0.000000 0.846721 0.000000 0.532037 0.210227 0.210227 0.210227
6929.862305 0.000000 1053.046143 0.000000 0.795826 0.000000 0.605526 0.214774 0.214774 0.214774
6974.675293 0.000000 1068.469849 0.000000 0.897982 0.000000 0.440033 0.213247 0.213247 0.213247
6960.351074 0.000000 1025.627563 0.000000 0.890472 0.000000 0.455038 0.237744 0.237744 0.237744
6956.330078 0.000000 1035.483643 0.000000 0.871229 0.000000 0.490877 0.253757 0.253757 0.253757
6921.122070 0.000000 1063.780396 0.000000 0.707057 0.000000 0.707156 0.286293 0.286293 0.286293
6930.479492 0.000000 1063.362183 0.000000 0.731400 0.000000 0.681949 0.243022 0.243022 0.243022
6963.308594 0.000000 1031.893799 0.000000 0.869697 0.000000 0.493586 0.251070 0.251070 0.251070
6942.228516 0.000000 1016.730408 0.000000 0.810178 0.000000 0.586184 0.257032 0.257032 0.257032
6932.037109 0.000000 1056.467407 0.000000 0.809914 0.000000 0.586548 0.281985 0.281985 0.281985
6991.870117 0.000000 1053.541626 0.000000 0.807152 0.000000 0.590343 0.197440 0.197440 0.197440
7006.348145 0.000000 1047.057129 0.000000 0.609107 0.000000 0.793088 0.235492 0.235492 0.235492
7033.671875 0.000000 1071.590088 0.000000 0.762770 0.000000 0.646670 0.241496 0.241496 0.241496
7000.507324 0.000000 1064.243774 0.000000 0.671579 0.000000 0.740933 0.241012 0.241012 0.241012
6915.498047 0.000000 1073.960693 0.000000 0.878609 0.000000 0.477542 0.218247 0.218247 0.218247
6938.203125 0.000000 1105.808960 0.000000 0.930568 0.000000 0.366119 0.239879 0.239879 0.239879
6929.980469 0.000000 1112.458862 0.000000 0.868551 0.000000 0.495600 0.249452 0.249452 0.249452
7005.291016 0.000000 1115.545654 0.000000 0.937446 0.000000 0.348130 0.202679 0.202679 0.202679
6993.493164 0.000000 1117.175903 0.000000 0.808163 0.000000 0.588959 0.203297 0.203297 0.203297
7028.679199 0.000000 1092.892456 0.000000 0.691835 0.000000 0.722056 0.206639 0.206639 0.206639
7023.105469 0.000000 1076.764526 0.000000 0.751277 0.000000 0.659987 0.217829 0.217829 0.217829
7028.156250 0.000000 1091.571167 0.000000 0.913500 0.000000 0.406838 0.229184 0.229184 0.229184
7023.546387 0.000000 1079.550537 0.000000 0.918643 0.000000 0.395088 0.237386 0.237386 0.237386
6997.323242 0.000000 1114.424927 0.000000 0.757237 0.000000 0.653140 0.269316 0.269316 0.269316
7031.338379 0.000000 1105.727295 0.000000 0.663811 0.000000 0.747901 0.256702 0.256702 0.256702
7012.740723 0.000000 1098.305298 0.000000 0.892115 0.000000 0.451809 0.268133 0.268133 0.268133
6994.317871 0.000000 1108.445801 0.000000 0.861919 0.000000 0.507046 0.245056 0.245056 0.245056
7058.817383 0.000000 1103.646973 0.000000 0.606590 0.000000 0.795015 0.193943 0.193943 0.193943
7056.244141 0.000000 1102.401001 0.000000 0.879520 0.000000 0.475862 0.196558 0.196558 0.196558
7085.140625 0.000000 1092.815674 0.000000 0.937472 0.000000 0.348061 0.258977 0.258977 0.258977
7090.122070 0.000000 1090.256104 0.000000 0.860333 0.000000 0.509733 0.289760 0.289760 0.289760
7090.433594 0.000000 1110.961670 0.000000 0.629685 0.000000 0.776851 0.258626 0.258626 0.258626
7104.144043 0.000000 1101.603394 0.000000 0.763302 0.000000 0.646042 0.209063 0.209063 0.209063
7116.607910 0.000000 1110.138794 0.000000 0.752291 0.000000 0.658831 0.240792 0.240792 0.240792
7163.012207 0.000000 1121.629883 0.000000 0.943909 0.000000 0.330205 0.293586 0.293586 0.293586
7107.040527 0.000000 1121.248657 0.000000 0.903822 0.000000 0.427908 0.244497 0.244497 0.244497
7128.446289 0.000000 1116.542358 0.000000 0.723421 0.000000 0.690407 0.257303 0.257303 0.257303
6656.421387 0.000000 1342.663818 0.000000 0.884527 0.000000 0.466489 0.226923 0.226923 0.226923
6660.370605 0.000000 1325.730225 0.000000 0.913532 0.000000 0.406767 0.242618 0.242618 0.242618
6825.260742 0.000000 1286.878418 0.000000 0.745417 0.000000 0.666599 0.195282 0.195282 0.195282
6931.007324 0.000000 1147.765869 0.000000 0.711943 0.000000 0.702238 0.194888 0.194888 0.194888
6972.112793 0.000000 1165.362549 0.000000 0.943683 0.000000 0.330851 0.223482 0.223482 0.223482
6969.404785 0.000000 1167.331665 0.000000 0.786640 0.000000 0.617412 0.250275 0.250275 0.250275
6967.669922 0.000000 1163.352173 0.000000 0.690296 0.000000 0.723527 0.247980 0.247980 0.247980
6936.183105 0.000000 1151.375000 0.000000 0.907578 0.000000 0.419884 0.256366 0.256366 0.256366
7038.624512 0.000000 1138.507690 0.000000 0.675397 0.000000 0.737454 0.194514 0.194514 0.194514
6997.422363 0.000000 1154.042358 0.000000 0.750471 0.000000 0.660904 0.205747 0.205747 0.205747
6988.062012 0.000000 1150.992920 0.000000 0.887714 0.000000 0.460396 0.211444 0.211444 0.211444
6976.850586 0.000000 1170.252197 0.000000 0.591231 0.000000 0.806503 0.206606 0.206606 0.206606
6978.657715 0.000000 1174.449829 0.000000 0.931631 0.000000 0.363407 0.226947 0.226947 0.226947
6979.452637 0.000000 1169.660034 0.000000 0.588762 0.000000 0.808307 0.226562 0.226562 0.226562
7031.433594 0.000000 1150.890747 0.000000 0.603808 0.000000 0.797130 0.227774 0.227774 0.227774
7030.252441 0.000000 1132.242065 0.000000 0.605914 0.000000 0.795530 0.229333 0.229333 0.229333
7033.981445 0.000000 1135.315063 0.000000 0.945002 0.000000 0.327066 0.275986 0.275986 0.275986
7037.505859 0.000000 1137.763916 0.000000 0.867032 0.000000 0.498252 0.270018 0.270018 0.270018
6993.977051 0.000000 1159.156738 0.000000 0.917195 0.000000 0.398439 0.241646 0.241646 0.241646
7036.125488 0.000000 1140.582031 0.000000 0.675894 0.000000 0.736999 0.266575 0.266575 0.266575
7036.196777 0.000000 1139.457397 0.000000 0.925361 0.000000 0.379086 0.266054 0.266054 0.266054
7062.628418 0.000000 1159.714722 0.000000 0.942314 0.000000 0.334730 0.197674 0.197674 0.197674
7056.024902 0.000000 1171.106079 0.000000 0.871388 0.000000 0.490594 0.215975 0.215975 0.215975
7099.962402 0.000000 1168.635864 0.000000 0.938767 0.000000 0.344553 0.236346 0.236346 0.236346
7094.203613 0.000000 1170.017944 0.000000 0.775511 0.000000 0.631334 0.234417 0.234417 0.234417
7074.377441 0.000000 1173.414673 0.000000 0.741784 0.000000 0.670638 0.236460 0.236460 0.236460
7101.818848 0.000000 1131.052734 0.000000 0.887117 0.000000 0.461544 0.229117 0.229117 0.229117
7073.152344 0.000000 1175.855347 0.000000 0.781468 0.000000 0.623945 0.271943 0.271943 0.271943
7054.365723 0.000000 1172.684814 0.000000 0.626618 0.000000 0.779327 0.234718 0.234718 0.234718
7099.484375 0.000000 1170.883789 0.000000 0.665507 0.000000 0.746391 0.252662 0.252662 0.252662
7075.980469 0.000000 1177.481079 0.000000 0.813737 0.000000 0.581233 0.243499 0.243499 0.243499
7097.484375 0.000000 1170.703369 0.000000 0.845051 0.000000 0.534686 0.249426 0.249426 0.249426
7098.572266 0.000000 1129.723511 0.000000 0.942046 0.000000 0.335483 0.278005 0.278005 0.278005
7153.424316 0.000000 1168.104004 0.000000 0.628527 0.000000 0.777788 0.202849 0.202849 0.202849
7144.469727 0.000000 1148.952759 0.000000 0.867887 0.000000 0.496762 0.223921 0.223921 0.223921
7149.641602 0.000000 1146.044556 0.000000 0.938446 0.000000 0.345427 0.221712 0.221712 0.221712
7143.522949 0.000000 1133.685669 0.000000 0.838140 0.000000 0.545455 0.226560 0.226560 0.226560
7146.544434 0.000000 1166.540527 0.000000 0.818963 0.000000 0.573847 0.229919 0.229919 0.229919
7137.315918 0.000000 1162.380493 0.000000 0.810873 0.000000 0.585222 0.237143 0.237143 0.237143
7145.341797 0.000000 1158.337402 0.000000 0.877467 0.000000 0.479637 0.260279 0.260279 0.260279
7132.419922 0.000000 1161.230347 0.000000 0.706520 0.000000 0.707693 0.257491 0.257491 0.257491
7145.849121 0.000000 1140.359619 0.000000 0.696755 0.000000 0.717309 0.263940 0.263940 0.263940
7132.046387 0.000000 1163.001587 0.000000 0.836512 0.000000 0.547949 0.289902 0.289902 0.289902
7145.447266 0.000000 1146.592896 0.000000 0.827025 0.000000 0.562166 0.267879 0.267879 0.267879
7142.709473 0.000000 1140.495239 0.000000 0.939870 0.000000 0.341533 0.254752 0.254752 0.254752
7148.563965 0.000000 1169.407349 0.000000 0.705660 0.000000 0.708550 0.270743 0.270743 0.270743
7141.454590 0.000000 1158.871338 0.000000 0.812241 0.000000 0.583322 0.248711 0.248711 0.248711
7143.180176 0.000000 1160.111816 0.000000 0.646381 0.000000 0.763015 0.278572 0.278572 0.278572
7078.646484 0.000000 1218.329102 0.000000 0.637695 0.000000 0.770289 0.195145 0.195145 0.195145
7063.673828 0.000000 1192.128052 0.000000 0.905976 0.000000 0.423330 0.227930 0.227930 0.227930
7068.286133 0.000000 1207.857422 0.000000 0.940878 0.000000 0.338746 0.236411 0.236411 0.236411
7098.093750 0.000000 1216.608765 0.000000 0.782335 0.000000 0.622858 0.231393 0.231393 0.231393
7069.048828 0.000000 1187.814331 0.000000 0.809366 0.000000 0.587305 0.239215 0.239215 0.239215
7110.330566 0.000000 1198.268677 0.000000 0.922355 0.000000 0.386343 0.197386 0.197386 0.197386
7128.572266 0.000000 1225.636230 0.000000 0.673976 0.000000 0.738753 0.194356 0.194356 0.194356
7165.251953 0.000000 1192.986450 0.000000 0.733872 0.000000 0.679288 0.196614 0.196614 0.196614
7121.267090 0.000000 1216.805664 0.000000 0.940141 0.000000 0.340784 0.229348 0.229348 0.229348
7138.937988 0.000000 1216.676880 0.000000 0.948079 0.000000 0.318034 0.231757 0.231757 0.231757
7133.948242 0.000000 1227.292236 0.000000 0.854390 0.000000 0.519633 0.243298 0.243298 0.243298
7135.443848 0.000000 1224.283203 0.000000 0.897877 0.000000 0.440246 0.251812 0.251812 0.251812
7137.152344 0.000000 1232.339722 0.000000 0.942568 0.000000 0.334013 0.247828 0.247828 0.247828
7137.315918 0.000000 1218.864868 0.000000 0.806243 0.000000 0.591584 0.265801 0.265801 0.265801
7134.985352 0.000000 1235.215820 0.000000 0.737805 0.000000 0.675014 0.286514 0.286514 0.286514
7135.826172 0.000000 1237.747681 0.000000 0.710571 0.000000 0.703626 0.285298 0.285298 0.285298
7155.326660 0.000000 1233.687622 0.000000 0.942615 0.000000 0.333882 0.294047 0.294047 0.294047
7131.313477 0.000000 1233.805420 0.000000 0.673070 0.000000 0.739579 0.272086 0.272086 0.272086
7158.206543 0.000000 1193.587524 0.000000 0.802225 0.000000 0.597022 0.242749 0.242749 0.242749
7163.256348 0.000000 1195.142456 0.000000 0.835869 0.000000 0.548929 0.263920 0.263920 0.263920
6918.057129 0.000000 1287.593994 0.000000 0.907024 0.000000 0.421080 0.196973 0.196973 0.196973
6922.331055 0.000000 1287.992554 0.000000 0.784603 0.000000 0.619999 0.216722 0.216722 0.216722
6930.425781 0.000000 1291.508423 0.000000 0.760903 0.000000 0.648866 0.220059 0.220059 0.220059
6953.963379 0.000000 1306.669922 0.000000 0.878336 0.000000 0.478044 0.215565 0.215565 0.215565
6386.584961 0.000000 1496.488037 0.000000 0.919192 0.000000 0.393811 0.197373 0.197373 0.197373
6395.815430 0.000000 1487.313599 0.000000 0.696727 0.000000 0.717337 0.201992 0.201992 0.201992
6395.962402 0.000000 1507.542114 0.000000 0.813778 0.000000 0.581176 0.232462 0.232462 0.232462
6368.754395 0.000000 1519.094727 0.000000 0.905112 0.000000 0.425173 0.231669 0.231669 0.231669
6395.996582 0.000000 1475.862671 0.000000 0.785289 0.000000 0.619130 0.288349 0.288349 0.288349
6394.750488 0.000000 1483.081177 0.000000 0.715850 0.000000 0.698255 0.245335 0.245335 0.245335
6393.471191 0.000000 1484.932983 0.000000 0.801438 0.000000 0.598078 0.268283 0.268283 0.268283
6374.706543 0.000000 1513.929932 0.000000 0.777786 0.000000 0.628529 0.240202 0.240202 0.240202
6397.764648 0.000000 1506.249634 0.000000 0.889084 0.000000 0.457743 0.253700 0.253700 0.253700
6334.147949 0.000000 1570.032837 0.000000 0.666431 0.000000 0.745567 0.226032 0.226032 0.226032
6385.394043 0.000000 1550.407837 0.000000 0.654932 0.000000 0.755688 0.196349 0.196349 0.196349
6395.262207 0.000000 1547.214111 0.000000 0.765494 0.000000 0.643443 0.209617 0.209617 0.209617
6365.938965 0.000000 1541.611572 0.000000 0.691131 0.000000 0.722729 0.220154 0.220154 0.220154
6360.230957 0.000000 1540.086914 0.000000 0.899934 0.000000 0.436027 0.240115 0.240115 0.240115
6348.955566 0.000000 1580.942261 0.000000 0.859451 0.000000 0.511219 0.234396 0.234396 0.234396
6391.696777 0.000000 1534.364014 0.000000 0.634695 0.000000 0.772762 0.236876 0.236876 0.236876
6363.970215 0.000000 1526.060303 0.000000 0.654917 0.000000 0.755701 0.284408 0.284408 0.284408
6377.168457 0.000000 1556.635498 0.000000 0.758543 0.000000 0.651623 0.256970 0.256970 0.256970
6366.669434 0.000000 1540.694580 0.000000 0.787799 0.000000 0.615932 0.266403 0.266403 0.266403
6390.206543 0.000000 1532.493774 0.000000 0.818508 0.000000 0.574495 0.275993 0.275993 0.275993
6362.768555 0.000000 1540.010498 0.000000 0.726304 0.000000 0.687374 0.286093 0.286093 0.286093
6350.050293 0.000000 1557.231201 0.000000 0.592893 0.000000 0.805281 0.267499 0.267499 0.267499
6397.255859 0.000000 1546.168091 0.000000 0.884043 0.000000 0.467406 0.290711 0.290711 0.290711
6384.198730 0.000000 1548.750000 0.000000 0.946199 0.000000 0.323584 0.294089 0.294089 0.294089
6454.588867 0.000000 1408.808105 0.000000 0.648565 0.000000 0.761159 0.208242 0.208242 0.208242
6454.238281 0.000000 1411.987061 0.000000 0.887413 0.000000 0.460975 0.234469 0.234469 0.234469
6458.264648 0.000000 1406.262939 0.000000 0.881937 0.000000 0.471368 0.291324 0.291324 0.291324
6476.721191 0.000000 1393.949829 0.000000 0.791765 0.000000 0.610825 0.195439 0.195439 0.195439
6475.147461 0.000000 1393.790649 0.000000 0.919817 0.000000 0.392349 0.218011 0.218011 0.218011
6490.672852 0.000000 1393.900391 0.000000 0.860340 0.000000 0.509721 0.266142 0.266142 0.266142
6453.428223 0.000000 1429.950562 0.000000 0.617872 0.000000 0.786279 0.193698 0.193698 0.193698
6405.572266 0.000000 1459.040161 0.000000 0.888728 0.000000 0.458435 0.203935 0.203935 0.203935
6405.809082 0.000000 1467.592529 0.000000 0.811488 0.000000 0.584369 0.212886 0.212886 0.212886
6401.626465 0.000000 1467.026733 0.000000 0.774320 0.000000 0.632794 0.221829 0.221829 0.221829
6455.424805 0.000000 1436.378540 0.000000 0.791478 0.000000 0.611197 0.287515 0.287515 0.287515
6425.770020 0.000000 1451.277100 0.000000 0.931489 0.000000 0.363770 0.293336 0.293336 0.293336
6424.179688 0.000000 1452.717651 0.000000 0.849694 0.000000 0.527277 0.258492 0.258492 0.258492
6411.042480 0.000000 1453.141235 0.000000 0.942359 0.000000 0.334603 0.261860 0.261860 0.261860
6447.740234 0.000000 1427.247925 0.000000 0.623649 0.000000 0.781705 0.252964 0.252964 0.252964
6412.307617 0.000000 1452.869873 0.000000 0.798968 0.000000 0.601374 0.288789 0.288789 0.288789
6449.437988 0.000000 1428.284302 0.000000 0.666376 0.000000 0.745616 0.250129 0.250129 0.250129
6450.122070 0.000000 1429.162354 0.000000 0.621924 0.000000 0.783077 0.283796 0.283796 0.283796
6493.614258 0.000000 1443.837280 0.000000 0.694460 0.000000 0.719531 0.208755 0.208755 0.208755
6498.937012 0.000000 1413.894043 0.000000 0.597681 0.000000 0.801734 0.212848 0.212848 0.212848
6495.303223 0.000000 1439.120850 0.000000 0.591122 0.000000 0.806582 0.218929 0.218929 0.218929
6493.854004 0.000000 1441.301758 0.000000 0.794869 0.000000 0.606781 0.284155 0.284155 0.284155
6495.082031 0.000000 1448.257080 0.000000 0.842228 0.000000 0.539122 0.263033 0.263033 0.263033
6560.387695 0.000000 1364.918457 0.000000 0.920795 0.000000 0.390047 0.241748 0.241748 0.241748
6555.442383 0.000000 1364.047852 0.000000 0.716363 0.000000 0.697728 0.230874 0.230874 0.230874
6533.292969 0.000000 1361.642456 0.000000 0.920112 0.000000 0.391656 0.292932 0.292932 0.292932
6630.002930 0.000000 1357.286621 0.000000 0.600118 0.000000 0.799911 0.236891 0.236891 0.236891
6635.903809 0.000000 1355.732422 0.000000 0.897371 0.000000 0.441276 0.283681 0.283681 0.283681
6643.501953 0.000000 1355.691895 0.000000 0.736392 0.000000 0.676556 0.247245 0.247245 0.247245
6637.537598 0.000000 1452.499023 0.000000 0.931836 0.000000 0.362879 0.204191 0.204191 0.204191
6628.170898 0.000000 1466.505981 0.000000 0.824025 0.000000 0.566553 0.249485 0.249485 0.249485
6623.826172 0.000000 1463.685181 0.000000 0.931186 0.000000 0.364546 0.293404 0.293404 0.293404
6624.520996 0.000000 1467.562256 0.000000 0.670379 0.000000 0.742019 0.250197 0.250197 0.250197
6632.134277 0.000000 1456.699829 0.000000 0.631331 0.000000 0.775514 0.240905 0.240905 0.240905
6629.870117 0.000000 1465.037476 0.000000 0.950517 0.000000 0.310672 0.263277 0.263277 0.263277
6609.432129 0.000000 1467.240234 0.000000 0.690272 0.000000 0.723550 0.284611 0.284611 0.284611
6634.690430 0.000000 1468.152588 0.000000 0.901566 0.000000 0.432642 0.291455 0.291455 0.291455
6427.131348 0.000000 1484.714966 0.000000 0.940199 0.000000 0.340624 0.197700 0.197700 0.197700
6441.967773 0.000000 1498.411621 0.000000 0.921072 0.000000 0.389392 0.197274 0.197274 0.197274
6427.133789 0.000000 1472.123901 0.000000 0.804629 0.000000 0.593778 0.229669 0.229669 0.229669
6446.744141 0.000000 1494.247192 0.000000 0.670970 0.000000 0.741484 0.227125 0.227125 0.227125
6427.442383 0.000000 1477.016602 0.000000 0.780809 0.000000 0.624770 0.287440 0.287440 0.287440
6400.042480 0.000000 1502.024902 0.000000 0.758985 0.000000 0.651109 0.238828 0.238828 0.238828
6428.237305 0.000000 1472.569092 0.000000 0.606633 0.000000 0.794982 0.283585 0.283585 0.283585
6408.070801 0.000000 1472.386597 0.000000 0.684317 0.000000 0.729185 0.261151 0.261151 0.261151
6428.025391 0.000000 1474.964600 0.000000 0.877044 0.000000 0.480409 0.290805 0.290805 0.290805
6419.443848 0.000000 1574.997925 0.000000 0.944126 0.000000 0.329585 0.197669 0.197669 0.197669
6448.896973 0.000000 1572.688599 0.000000 0.668386 0.000000 0.743815 0.238912 0.238912 0.238912
6441.405762 0.000000 1562.931030 0.000000 0.901552 0.000000 0.432671 0.275345 0.275345 0.275345
6435.590332 0.000000 1570.966431 0.000000 0.644419 0.000000 0.764673 0.284537 0.284537 0.284537
6446.873535 0.000000 1574.179565 0.000000 0.588329 0.000000 0.808622 0.235711 0.235711 0.235711
6445.887207 0.000000 1564.310059 0.000000 0.658223 0.000000 0.752823 0.284168 0.284168 0.284168
6438.706543 0.000000 1570.414307 0.000000 0.782280 0.000000 0.622927 0.287534 0.287534 0.287534
6442.410156 0.000000 1566.113892 0.000000 0.924570 0.000000 0.381013 0.292535 0.292535 0.292535
6448.827148 0.000000 1568.916016 0.000000 0.793673 0.000000 0.608345 0.287729 0.287729 0.287729
6439.595215 0.000000 1568.176025 0.000000 0.614420 0.000000 0.788979 0.282637 0.282637 0.282637
6444.563965 0.000000 1564.797974 0.000000 0.668806 0.000000 0.743437 0.284431 0.284431 0.284431
6591.314453 0.000000 1496.506592 0.000000 0.923510 0.000000 0.383575 0.233209 0.233209 0.233209
6583.533691 0.000000 1522.549316 0.000000 0.688823 0.000000 0.724929 0.250004 0.250004 0.250004
6585.305176 0.000000 1519.790527 0.000000 0.911664 0.000000 0.410935 0.286879 0.286879 0.286879
6631.591309 0.000000 1510.429810 0.000000 0.796909 0.000000 0.604099 0.195531 0.195531 0.195531
6596.248535 0.000000 1489.893677 0.000000 0.777223 0.000000 0.629226 0.203964 0.203964 0.203964
6593.042969 0.000000 1501.094849 0.000000 0.828925 0.000000 0.559360 0.205703 0.205703 0.205703
6608.004883 0.000000 1486.061523 0.000000 0.744963 0.000000 0.667105 0.219312 0.219312 0.219312
6608.425781 0.000000 1519.296753 0.000000 0.820091 0.000000 0.572234 0.222545 0.222545 0.222545
6629.817871 0.000000 1502.160522 0.000000 0.817456 0.000000 0.575991 0.216683 0.216683 0.216683
6605.322266 0.000000 1473.190552 0.000000 0.695747 0.000000 0.718287 0.219695 0.219695 0.219695
6630.826172 0.000000 1475.329834 0.000000 0.689001 0.000000 0.724760 0.232021 0.232021 0.232021
6645.635254 0.000000 1507.116333 0.000000 0.688521 0.000000 0.725216 0.230982 0.230982 0.230982
6603.583008 0.000000 1515.538574 0.000000 0.880318 0.000000 0.474384 0.236442 0.236442 0.236442
6609.185059 0.000000 1483.099731 0.000000 0.795279 0.000000 0.606244 0.230036 0.230036 0.230036
6628.154785 0.000000 1476.296143 0.000000 0.760191 0.000000 0.649700 0.287553 0.287553 0.287553
6629.123047 0.000000 1507.755737 0.000000 0.950549 0.000000 0.310576 0.250828 0.250828 0.250828
6611.389160 0.000000 1481.176636 0.000000 0.817454 0.000000 0.575994 0.275444 0.275444 0.275444
6596.693359 0.000000 1501.234131 0.000000 0.595754 0.000000 0.803167 0.261546 0.261546 0.261546
6623.121582 0.000000 1499.854004 0.000000 0.738359 0.000000 0.674407 0.242625 0.242625 0.242625
6614.176758 0.000000 1506.016724 0.000000 0.782808 0.000000 0.622264 0.279197 0.279197 0.279197
6604.748535 0.000000 1474.288940 0.000000 0.669854 0.000000 0.742493 0.255793 0.255793 0.255793
6653.398438 0.000000 1511.406616 0.000000 0.687907 0.000000 0.725799 0.246402 0.246402 0.246402
6640.086914 0.000000 1504.275269 0.000000 0.785151 0.000000 0.619305 0.278226 0.278226 0.278226
6621.720703 0.000000 1491.177002 0.000000 0.640010 0.000000 0.768366 0.268898 0.268898 0.268898
6633.191895 0.000000 1471.039795 0.000000 0.949027 0.000000 0.315194 0.267536 0.267536 0.267536
6620.225586 0.000000 1496.223633 0.000000 0.866581 0.000000 0.499036 0.272112 0.272112 0.272112
6606.414551 0.000000 1517.871826 0.000000 0.859395 0.000000 0.511312 0.256628 0.256628 0.256628
6583.696777 0.000000 1534.364014 0.000000 0.912926 0.000000 0.408124 0.249035 0.249035 0.249035
6584.930664 0.000000 1537.478271 0.000000 0.932746 0.000000 0.360535 0.293025 0.293025 0.293025
6578.592773 0.000000 1530.789307 0.000000 0.793080 0.000000 0.609117 0.261336 0.261336 0.261336
6585.471191 0.000000 1541.417358 0.000000 0.811062 0.000000 0.584961 0.288226 0.288226 0.288226
6587.256348 0.000000 1534.048706 0.000000 0.848982 0.000000 0.528422 0.276845 0.276845 0.276845
6635.954590 0.000000 1548.784180 0.000000 0.892647 0.000000 0.450756 0.226024 0.226024 0.226024
6651.628418 0.000000 1568.753662 0.000000 0.800759 0.000000 0.598987 0.232231 0.232231 0.232231
6622.669434 0.000000 1540.694580 0.000000 0.771031 0.000000 0.636798 0.252561 0.252561 0.252561
6270.281738 0.000000 1634.630005 0.000000 0.809039 0.000000 0.587754 0.288283 0.288283 0.288283
6281.022461 0.000000 1624.629761 0.000000 0.921009 0.000000 0.389540 0.237989 0.237989 0.237989
6297.770020 0.000000 1620.730225 0.000000 0.913155 0.000000 0.407613 0.279490 0.279490 0.279490
6313.341797 0.000000 1610.212402 0.000000 0.897293 0.000000 0.441435 0.242721 0.242721 0.242721
6322.000000 0.000000 1584.870361 0.000000 0.802402 0.000000 0.596784 0.267787 0.267787 0.267787
6309.454590 0.000000 1610.746338 0.000000 0.616857 0.000000 0.787075 0.244751 0.244751 0.244751
6309.645508 0.000000 1617.342407 0.000000 0.831404 0.000000 0.555669 0.270082 0.270082 0.270082
6313.729980 0.000000 1587.534546 0.000000 0.936387 0.000000 0.350970 0.261090 0.261090 0.261090
6385.314941 0.000000 1624.260742 0.000000 0.944004 0.000000 0.329933 0.206635 0.206635 0.206635
6398.913574 0.000000 1627.601074 0.000000 0.920155 0.000000 0.391555 0.232043 0.232043 0.232043
6339.916016 0.000000 1586.175537 0.000000 0.686096 0.000000 0.727511 0.216458 0.216458 0.216458
6344.904785 0.000000 1587.842163 0.000000 0.632284 0.000000 0.774736 0.283969 0.283969 0.283969
6398.400879 0.000000 1621.113159 0.000000 0.785605 0.000000 0.618729 0.280300 0.280300 0.280300
6377.967773 0.000000 1667.864746 0.000000 0.891013 0.000000 0.453977 0.196800 0.196800 0.196800
6376.687988 0.000000 1660.547485 0.000000 0.733703 0.000000 0.679470 0.218635 0.218635 0.218635
6385.393555 0.000000 1661.877441 0.000000 0.816328 0.000000 0.577589 0.223011 0.223011 0.223011
6389.144531 0.000000 1647.367798 0.000000 0.838300 0.000000 0.545209 0.257686 0.257686 0.257686
6375.595215 0.000000 1681.144775 0.000000 0.717150 0.000000 0.696919 0.247418 0.247418 0.247418
6385.195312 0.000000 1638.409790 0.000000 0.737550 0.000000 0.675293 0.268365 0.268365 0.268365
6423.293457 0.000000 1605.127319 0.000000 0.691042 0.000000 0.722815 0.194554 0.194554 0.194554
6408.237305 0.000000 1629.589111 0.000000 0.804492 0.000000 0.593964 0.200595 0.200595 0.200595
6424.204102 0.000000 1626.089966 0.000000 0.629055 0.000000 0.777361 0.209582 0.209582 0.209582
6404.788086 0.000000 1604.063354 0.000000 0.737410 0.000000 0.675446 0.234831 0.234831 0.234831
6413.344238 0.000000 1595.852173 0.000000 0.799343 0.000000 0.600876 0.279629 0.279629 0.279629
6436.170898 0.000000 1635.959106 0.000000 0.897099 0.000000 0.441830 0.254456 0.254456 0.254456
6435.658203 0.000000 1622.117798 0.000000 0.690963 0.000000 0.722890 0.244401 0.244401 0.244401
6431.371094 0.000000 1636.623779 0.000000 0.791201 0.000000 0.611556 0.243060 0.243060 0.243060
6402.034668 0.000000 1607.648193 0.000000 0.811892 0.000000 0.583808 0.289004 0.289004 0.289004
6405.319336 0.000000 1601.530884 0.000000 0.820979 0.000000 0.570958 0.247846 0.247846 0.247846
6428.939453 0.000000 1625.175293 0.000000 0.920720 0.000000 0.390224 0.292539 0.292539 0.292539
6425.950684 0.000000 1583.542969 0.000000 0.822250 0.000000 0.569126 0.289503 0.289503 0.289503
6409.386230 0.000000 1588.833008 0.000000 0.918615 0.000000 0.395154 0.292485 0.292485 0.292485
6429.641113 0.000000 1627.318481 0.000000 0.679679 0.000000 0.733510 0.275763 0.275763 0.275763
6414.755859 0.000000 1647.494995 0.000000 0.809556 0.000000 0.587043 0.232912 0.232912 0.232912
6401.144043 0.000000 1663.501099 0.000000 0.846069 0.000000 0.533073 0.251031 0.251031 0.251031
6706.103516 0.000000 1460.442261 0.000000 0.854557 0.000000 0.519358 0.205007 0.205007 0.205007
6713.198730 0.000000 1438.844849 0.000000 0.872426 0.000000 0.488746 0.230409 0.230409 0.230409
6681.172852 0.000000 1448.624146 0.000000 0.612588 0.000000 0.790403 0.241134 0.241134 0.241134
6679.285645 0.000000 1451.819824 0.000000 0.922047 0.000000 0.387077 0.293109 0.293109 0.293109
6715.628418 0.000000 1455.784912 0.000000 0.875972 0.000000 0.482361 0.272922 0.272922 0.272922
6710.205566 0.000000 1447.322632 0.000000 0.917429 0.000000 0.397899 0.242190 0.242190 0.242190
6711.424805 0.000000 1436.378540 0.000000 0.616685 0.000000 0.787210 0.243734 0.243734 0.243734
6717.613770 0.000000 1438.680542 0.000000 0.638237 0.000000 0.769840 0.256249 0.256249 0.256249
6693.870117 0.000000 1465.037476 0.000000 0.639719 0.000000 0.768609 0.284209 0.284209 0.284209
6691.980469 0.000000 1459.902954 0.000000 0.845197 0.000000 0.534454 0.249429 0.249429 0.249429
6697.761719 0.000000 1451.098511 0.000000 0.803324 0.000000 0.595543 0.243817 0.243817 0.243817
6735.736328 0.000000 1442.870605 0.000000 0.856288 0.000000 0.516498 0.223704 0.223704 0.223704
6743.599609 0.000000 1466.664551 0.000000 0.930594 0.000000 0.366053 0.220969 0.220969 0.220969
6720.042480 0.000000 1445.540527 0.000000 0.765426 0.000000 0.643524 0.251932 0.251932 0.251932
6721.519531 0.000000 1459.653198 0.000000 0.734061 0.000000 0.679083 0.285743 0.285743 0.285743
6720.361816 0.000000 1433.745361 0.000000 0.790835 0.000000 0.612029 0.250360 0.250360 0.250360
6831.436035 0.000000 1390.346313 0.000000 0.622356 0.000000 0.782734 0.199159 0.199159 0.199159
6803.771973 0.000000 1434.734863 0.000000 0.833960 0.000000 0.551825 0.196162 0.196162 0.196162
6824.284180 0.000000 1450.575928 0.000000 0.601413 0.000000 0.798938 0.204646 0.204646 0.204646
6834.750488 0.000000 1452.662598 0.000000 0.681517 0.000000 0.731802 0.207566 0.207566 0.207566
6819.093262 0.000000 1434.485474 0.000000 0.914746 0.000000 0.404029 0.207639 0.207639 0.207639
6814.609375 0.000000 1437.771973 0.000000 0.893254 0.000000 0.449552 0.211545 0.211545 0.211545
6821.374023 0.000000 1418.075928 0.000000 0.618532 0.000000 0.785759 0.220279 0.220279 0.220279
6823.789551 0.000000 1426.046753 0.000000 0.884150 0.000000 0.467204 0.231725 0.231725 0.231725
6827.584473 0.000000 1451.184326 0.000000 0.634353 0.000000 0.773044 0.250609 0.250609 0.250609
6841.099121 0.000000 1459.111450 0.000000 0.942228 0.000000 0.334973 0.274785 0.274785 0.274785
6811.313477 0.000000 1459.742920 0.000000 0.950124 0.000000 0.311874 0.268665 0.268665 0.268665
6833.638184 0.000000 1453.197998 0.000000 0.921849 0.000000 0.387549 0.293100 0.293100 0.293100
6828.773926 0.000000 1448.032471 0.000000 0.932640 0.000000 0.360808 0.255033 0.255033 0.255033
6863.831543 0.000000 1416.281250 0.000000 0.749204 0.000000 0.662339 0.195174 0.195174 0.195174
6864.098633 0.000000 1421.868896 0.000000 0.749871 0.000000 0.661584 0.203109 0.203109 0.203109
6873.598145 0.000000 1435.740967 0.000000 0.939574 0.000000 0.342346 0.208164 0.208164 0.208164
6861.704590 0.000000 1424.936035 0.000000 0.823120 0.000000 0.567867 0.206686 0.206686 0.206686
6853.809082 0.000000 1467.592529 0.000000 0.819164 0.000000 0.573559 0.222001 0.222001 0.222001
6862.222168 0.000000 1435.260132 0.000000 0.681336 0.000000 0.731971 0.222616 0.222616 0.222616
6857.676758 0.000000 1426.785889 0.000000 0.772218 0.000000 0.635357 0.233317 0.233317 0.233317
6849.993652 0.000000 1435.559448 0.000000 0.614667 0.000000 0.788787 0.223821 0.223821 0.223821
6862.057129 0.000000 1446.771729 0.000000 0.622365 0.000000 0.782727 0.250412 0.250412 0.250412
6870.048340 0.000000 1435.222290 0.000000 0.864321 0.000000 0.502940 0.274675 0.274675 0.274675
6853.044922 0.000000 1442.986084 0.000000 0.711662 0.000000 0.702522 0.238561 0.238561 0.238561
6864.512207 0.000000 1447.854736 0.000000 0.838115 0.000000 0.545493 0.289391 0.289391 0.289391
6865.206543 0.000000 1449.440796 0.000000 0.616379 0.000000 0.787449 0.251326 0.251326 0.251326
6851.154785 0.000000 1432.861328 0.000000 0.839298 0.000000 0.543672 0.247716 0.247716 0.247716
6865.980469 0.000000 1451.365112 0.000000 0.794816 0.000000 0.606850 0.277442 0.277442 0.277442
6880.901855 0.000000 1418.993042 0.000000 0.785117 0.000000 0.619348 0.280287 0.280287 0.280287
6870.963379 0.000000 1434.582275 0.000000 0.675153 0.000000 0.737678 0.270106 0.270106 0.270106
6704.918945 0.000000 1483.579956 0.000000 0.940227 0.000000 0.340549 0.197632 0.197632 0.197632
6684.720215 0.000000 1509.102905 0.000000 0.857890 0.000000 0.513833 0.212005 0.212005 0.212005
6681.349609 0.000000 1488.544434 0.000000 0.925850 0.000000 0.377892 0.212738 0.212738 0.212738
6698.135254 0.000000 1473.093262 0.000000 0.762622 0.000000 0.646845 0.219560 0.219560 0.219560
6681.172852 0.000000 1505.108521 0.000000 0.672120 0.000000 0.740443 0.236917 0.236917 0.236917
6687.443848 0.000000 1506.705078 0.000000 0.656307 0.000000 0.754494 0.252503 0.252503 0.252503
6713.981445 0.000000 1474.221313 0.000000 0.739882 0.000000 0.672737 0.243687 0.243687 0.243687
6673.185059 0.000000 1483.099731 0.000000 0.942934 0.000000 0.332981 0.240266 0.240266 0.240266
6684.231934 0.000000 1510.196533 0.000000 0.610300 0.000000 0.792170 0.284249 0.284249 0.284249
6656.860352 0.000000 1524.435303 0.000000 0.918569 0.000000 0.395261 0.251886 0.251886 0.251886
6726.395508 0.000000 1498.649414 0.000000 0.885681 0.000000 0.464295 0.196637 0.196637 0.196637
6741.729980 0.000000 1484.183838 0.000000 0.835359 0.000000 0.549705 0.221741 0.221741 0.221741
6762.913086 0.000000 1522.593994 0.000000 0.918075 0.000000 0.396406 0.270605 0.270605 0.270605
6753.152344 0.000000 1514.761597 0.000000 0.933267 0.000000 0.359184 0.276013 0.276013 0.276013
6744.136230 0.000000 1489.007935 0.000000 0.671524 0.000000 0.740983 0.233825 0.233825 0.233825
6760.703613 0.000000 1523.462280 0.000000 0.590708 0.000000 0.806886 0.243848 0.243848 0.243848
6746.372559 0.000000 1521.450562 0.000000 0.833182 0.000000 0.552999 0.289731 0.289731 0.289731
6763.276855 0.000000 1514.080322 0.000000 0.772583 0.000000 0.634913 0.287429 0.287429 0.287429
6749.854004 0.000000 1497.786133 0.000000 0.668212 0.000000 0.743971 0.249140 0.249140 0.249140
6757.870117 0.000000 1521.521851 0.000000 0.715634 0.000000 0.698476 0.279608 0.279608 0.279608
6720.213379 0.000000 1480.695435 0.000000 0.737459 0.000000 0.675392 0.263233 0.263233 0.263233
6720.649414 0.000000 1483.508789 0.000000 0.839404 0.000000 0.543509 0.289865 0.289865 0.289865
6734.050293 0.000000 1500.746826 0.000000 0.663230 0.000000 0.748416 0.253640 0.253640 0.253640
6720.361816 0.000000 1490.229736 0.000000 0.897148 0.000000 0.441729 0.291793 0.291793 0.291793
6675.253418 0.000000 1572.664795 0.000000 0.769881 0.000000 0.638188 0.203347 0.203347 0.203347
6703.350098 0.000000 1579.821167 0.000000 0.723232 0.000000 0.690606 0.208569 0.208569 0.208569
6717.240234 0.000000 1539.109375 0.000000 0.736265 0.000000 0.676693 0.229617 0.229617 0.229617
6662.267578 0.000000 1549.518188 0.000000 0.827891 0.000000 0.560889 0.230079 0.230079 0.230079
6680.351074 0.000000 1577.208496 0.000000 0.735641 0.000000 0.677371 0.229087 0.229087 0.229087
6695.639160 0.000000 1552.151245 0.000000 0.835962 0.000000 0.548788 0.257105 0.257105 0.257105
6675.857422 0.000000 1577.775024 0.000000 0.912734 0.000000 0.408555 0.260268 0.260268 0.260268
6663.767090 0.000000 1551.080933 0.000000 0.882276 0.000000 0.470733 0.254047 0.254047 0.254047
6683.824219 0.000000 1537.939697 0.000000 0.902242 0.000000 0.431230 0.262602 0.262602 0.262602
6688.724121 0.000000 1547.494507 0.000000 0.691441 0.000000 0.722433 0.246462 0.246462 0.246462
6750.608887 0.000000 1530.617798 0.000000 0.600964 0.000000 0.799276 0.193642 0.193642 0.193642
6743.068359 0.000000 1529.589233 0.000000 0.823079 0.000000 0.567927 0.196037 0.196037 0.196037
6758.385742 0.000000 1541.923096 0.000000 0.698047 0.000000 0.716052 0.194673 0.194673 0.194673
6724.602051 0.000000 1527.683960 0.000000 0.838201 0.000000 0.545361 0.201035 0.201035 0.201035
6770.490723 0.000000 1547.867676 0.000000 0.707838 0.000000 0.706374 0.209955 0.209955 0.209955
6747.159668 0.000000 1579.206665 0.000000 0.767092 0.000000 0.641537 0.233232 0.233232 0.233232
6772.887695 0.000000 1548.665161 0.000000 0.945573 0.000000 0.325410 0.293670 0.293670 0.293670
6754.421875 0.000000 1561.570068 0.000000 0.760663 0.000000 0.649147 0.286508 0.286508 0.286508
6771.578125 0.000000 1548.315430 0.000000 0.783629 0.000000 0.621229 0.254896 0.254896 0.254896
6765.104004 0.000000 1526.532593 0.000000 0.884250 0.000000 0.467013 0.291375 0.291375 0.291375
6762.590820 0.000000 1528.487061 0.000000 0.792489 0.000000 0.609886 0.287473 0.287473 0.287473
6732.067383 0.000000 1525.165161 0.000000 0.852551 0.000000 0.522644 0.277997 0.277997 0.277997
6772.024414 0.000000 1565.398071 0.000000 0.615533 0.000000 0.788111 0.267924 0.267924 0.267924
6823.871094 0.000000 1489.029297 0.000000 0.601773 0.000000 0.798667 0.230298 0.230298 0.230298
6820.202637 0.000000 1472.242432 0.000000 0.816174 0.000000 0.577806 0.288235 0.288235 0.288235
6814.228516 0.000000 1468.605347 0.000000 0.937108 0.000000 0.349041 0.258963 0.258963 0.258963
6876.838379 0.000000 1493.661133 0.000000 0.942781 0.000000 0.333412 0.200072 0.200072 0.200072
6879.902832 0.000000 1483.877441 0.000000 0.895595 0.000000 0.444870 0.242143 0.242143 0.242143
6785.312988 0.000000 1544.563721 0.000000 0.730860 0.000000 0.682527 0.256934 0.256934 0.256934
6852.602051 0.000000 1527.683960 0.000000 0.613177 0.000000 0.789946 0.199071 0.199071 0.199071
6896.748535 0.000000 1526.490479 0.000000 0.589968 0.000000 0.807427 0.215329 0.215329 0.215329
6850.597656 0.000000 1538.543091 0.000000 0.673658 0.000000 0.739043 0.234885 0.234885 0.234885
6897.067871 0.000000 1529.607056 0.000000 0.794755 0.000000 0.606931 0.244174 0.244174 0.244174
6851.610840 0.000000 1527.059937 0.000000 0.914950 0.000000 0.403567 0.262479 0.262479 0.262479
6967.424805 0.000000 1436.378540 0.000000 0.623369 0.000000 0.781928 0.237222 0.237222 0.237222
6969.538086 0.000000 1435.059937 0.000000 0.761355 0.000000 0.648335 0.254958 0.254958 0.254958
7101.658691 0.000000 1447.425171 0.000000 0.694736 0.000000 0.719265 0.194769 0.194769 0.194769
7042.335449 0.000000 1443.339355 0.000000 0.940221 0.000000 0.340565 0.214701 0.214701 0.214701
7041.639160 0.000000 1447.315796 0.000000 0.939964 0.000000 0.341275 0.232593 0.232593 0.232593
7042.875977 0.000000 1444.696167 0.000000 0.895113 0.000000 0.445839 0.230900 0.230900 0.230900
7040.042480 0.000000 1445.540527 0.000000 0.712895 0.000000 0.701270 0.235480 0.235480 0.235480
7124.094727 0.000000 1427.510254 0.000000 0.739447 0.000000 0.673215 0.195092 0.195092 0.195092
7166.582031 0.000000 1426.976440 0.000000 0.645192 0.000000 0.764020 0.199380 0.199380 0.199380
7106.552734 0.000000 1468.185547 0.000000 0.638878 0.000000 0.769308 0.198278 0.198278 0.198278
7144.284180 0.000000 1450.575928 0.000000 0.778016 0.000000 0.628245 0.207670 0.207670 0.207670
7123.236816 0.000000 1423.432495 0.000000 0.760427 0.000000 0.649423 0.203761 0.203761 0.203761
7132.743164 0.000000 1440.722412 0.000000 0.755297 0.000000 0.655383 0.222596 0.222596 0.222596
7145.205566 0.000000 1468.565674 0.000000 0.931059 0.000000 0.364869 0.228554 0.228554 0.228554
7135.786621 0.000000 1445.830811 0.000000 0.889362 0.000000 0.457203 0.229701 0.229701 0.229701
7118.057129 0.000000 1446.771729 0.000000 0.868313 0.000000 0.496017 0.237772 0.237772 0.237772
7156.887695 0.000000 1435.696411 0.000000 0.786246 0.000000 0.617914 0.275674 0.275674 0.275674
7133.817383 0.000000 1451.988892 0.000000 0.762715 0.000000 0.646735 0.237330 0.237330 0.237330
7151.984863 0.000000 1445.689697 0.000000 0.728591 0.000000 0.684949 0.235728 0.235728 0.235728
7127.843750 0.000000 1450.449585 0.000000 0.628092 0.000000 0.778139 0.232696 0.232696 0.232696
7158.646973 0.000000 1430.598022 0.000000 0.773728 0.000000 0.633518 0.250538 0.250538 0.250538
7156.968750 0.000000 1443.857056 0.000000 0.866563 0.000000 0.499067 0.245164 0.245164 0.245164
7135.371094 0.000000 1467.170654 0.000000 0.697807 0.000000 0.716286 0.271084 0.271084 0.271084
7127.342773 0.000000 1436.849854 0.000000 0.619055 0.000000 0.785348 0.254402 0.254402 0.254402
7155.578125 0.000000 1435.346680 0.000000 0.936733 0.000000 0.350046 0.253022 0.253022 0.253022
7155.308594 0.000000 1427.284424 0.000000 0.606189 0.000000 0.795321 0.254186 0.254186 0.254186
7130.905273 0.000000 1445.682739 0.000000 0.912037 0.000000 0.410107 0.292610 0.292610 0.292610
7126.963379 0.000000 1434.582275 0.000000 0.599519 0.000000 0.800361 0.283529 0.283529 0.283529
7126.189453 0.000000 1441.112549 0.000000 0.874548 0.000000 0.484939 0.290482 0.290482 0.290482
7155.336914 0.000000 1434.221069 0.000000 0.917670 0.000000 0.397343 0.252394 0.252394 0.252394
7154.122070 0.000000 1429.162354 0.000000 0.874952 0.000000 0.484209 0.264970 0.264970 0.264970
7128.183105 0.000000 1433.796875 0.000000 0.783600 0.000000 0.621265 0.264235 0.264235 0.264235
6998.351074 0.000000 1543.818604 0.000000 0.893708 0.000000 0.448648 0.218001 0.218001 0.218001
7084.147461 0.000000 1484.229126 0.000000 0.682618 0.000000 0.730775 0.213819 0.213819 0.213819
7097.773926 0.000000 1490.382568 0.000000 0.784962 0.000000 0.619543 0.221989 0.221989 0.221989
7100.926270 0.000000 1472.436768 0.000000 0.869523 0.000000 0.493892 0.237267 0.237267 0.237267
7088.334961 0.000000 1484.697144 0.000000 0.755092 0.000000 0.655619 0.283623 0.283623 0.283623
7102.282715 0.000000 1484.714478 0.000000 0.610053 0.000000 0.792361 0.240081 0.240081 0.240081
7100.561035 0.000000 1488.097656 0.000000 0.897785 0.000000 0.440433 0.291290 0.291290 0.291290
7138.177734 0.000000 1495.526855 0.000000 0.938648 0.000000 0.344876 0.210860 0.210860 0.210860
7133.325684 0.000000 1473.068726 0.000000 0.610086 0.000000 0.792335 0.214013 0.214013 0.214013
7141.802246 0.000000 1486.870605 0.000000 0.618018 0.000000 0.786164 0.228470 0.228470 0.228470
7136.868164 0.000000 1484.965210 0.000000 0.646227 0.000000 0.763146 0.228846 0.228846 0.228846
7109.529297 0.000000 1472.083740 0.000000 0.937578 0.000000 0.347775 0.246036 0.246036 0.246036
7123.206055 0.000000 1477.425537 0.000000 0.832161 0.000000 0.554535 0.246508 0.246508 0.246508
7141.606445 0.000000 1471.513184 0.000000 0.840520 0.000000 0.541781 0.256689 0.256689 0.256689
6719.510742 0.000000 1606.299194 0.000000 0.904790 0.000000 0.425857 0.198811 0.198811 0.198811
6712.379395 0.000000 1595.943237 0.000000 0.677392 0.000000 0.735623 0.220495 0.220495 0.220495
6705.244629 0.000000 1618.614746 0.000000 0.757719 0.000000 0.652581 0.239327 0.239327 0.239327
6692.191406 0.000000 1593.267456 0.000000 0.649241 0.000000 0.760583 0.258976 0.258976 0.258976
6735.197266 0.000000 1593.195312 0.000000 0.716494 0.000000 0.697593 0.194796 0.194796 0.194796
6739.236816 0.000000 1592.885620 0.000000 0.866640 0.000000 0.498933 0.210010 0.210010 0.210010
6732.617676 0.000000 1598.209839 0.000000 0.932102 0.000000 0.362196 0.216673 0.216673 0.216673
6738.461914 0.000000 1598.143188 0.000000 0.835232 0.000000 0.549898 0.222269 0.222269 0.222269
6780.104492 0.000000 1635.216187 0.000000 0.850948 0.000000 0.525249 0.226264 0.226264 0.226264
6740.575195 0.000000 1600.066528 0.000000 0.720987 0.000000 0.692949 0.223152 0.223152 0.223152
6746.696777 0.000000 1601.308594 0.000000 0.720909 0.000000 0.693030 0.230943 0.230943 0.230943
6727.754395 0.000000 1611.528809 0.000000 0.725956 0.000000 0.687742 0.276794 0.276794 0.276794
6783.246094 0.000000 1617.572021 0.000000 0.809109 0.000000 0.587659 0.277818 0.277818 0.277818
6758.524902 0.000000 1628.915894 0.000000 0.924672 0.000000 0.380766 0.258522 0.258522 0.258522
6782.572266 0.000000 1632.080322 0.000000 0.883018 0.000000 0.469339 0.291127 0.291127 0.291127
6755.546875 0.000000 1634.522583 0.000000 0.902802 0.000000 0.430057 0.285472 0.285472 0.285472
6760.134277 0.000000 1626.152954 0.000000 0.711525 0.000000 0.702661 0.269849 0.269849 0.269849
6745.831543 0.000000 1588.705933 0.000000 0.686283 0.000000 0.727335 0.269321 0.269321 0.269321
6775.966309 0.000000 1617.458252 0.000000 0.778089 0.000000 0.628154 0.269797 0.269797 0.269797
6781.764648 0.000000 1619.218384 0.000000 0.905876 0.000000 0.423542 0.278687 0.278687 0.278687
6761.729980 0.000000 1587.534546 0.000000 0.918723 0.000000 0.394902 0.273834 0.273834 0.273834
6759.998535 0.000000 1604.988281 0.000000 0.942473 0.000000 0.334282 0.293618 0.293618 0.293618
6754.977539 0.000000 1652.546265 0.000000 0.706221 0.000000 0.707992 0.215149 0.215149 0.215149
6748.237305 0.000000 1642.022217 0.000000 0.852735 0.000000 0.522344 0.243262 0.243262 0.243262
6755.712891 0.000000 1654.827271 0.000000 0.704774 0.000000 0.709432 0.283409 0.283409 0.283409
6789.108887 0.000000 1631.195068 0.000000 0.848627 0.000000 0.528992 0.245813 0.245813 0.245813
6789.351562 0.000000 1633.195557 0.000000 0.940487 0.000000 0.339831 0.293806 0.293806 0.293806
6787.005859 0.000000 1632.520508 0.000000 0.644369 0.000000 0.764715 0.253822 0.253822 0.253822
6791.583496 0.000000 1633.815796 0.000000 0.912300 0.000000 0.409523 0.251695 0.251695 0.251695
6903.062500 0.000000 1689.064331 0.000000 0.733940 0.000000 0.679214 0.194967 0.194967 0.194967
6901.097168 0.000000 1696.316528 0.000000 0.925244 0.000000 0.379373 0.213808 0.213808 0.213808
6898.999023 0.000000 1701.874023 0.000000 0.717882 0.000000 0.696165 0.209552 0.209552 0.209552
6908.055664 0.000000 1700.448608 0.000000 0.588822 0.000000 0.808263 0.229110 0.229110 0.229110
6897.044434 0.000000 1743.611572 0.000000 0.672689 0.000000 0.739926 0.238465 0.238465 0.238465
6909.505859 0.000000 1702.607666 0.000000 0.896406 0.000000 0.443233 0.233607 0.233607 0.233607
6899.583984 0.000000 1699.107178 0.000000 0.737691 0.000000 0.675139 0.234836 0.234836 0.234836
6886.706543 0.000000 1739.867432 0.000000 0.813701 0.000000 0.581284 0.269626 0.269626 0.269626
6903.961426 0.000000 1696.223877 0.000000 0.640310 0.000000 0.768116 0.238490 0.238490 0.238490
6887.595215 0.000000 1737.629150 0.000000 0.786178 0.000000 0.618000 0.288324 0.288324 0.288324
6847.644043 0.000000 1807.036133 0.000000 0.835451 0.000000 0.549564 0.251314 0.251314 0.251314
6895.645996 0.000000 1758.713623 0.000000 0.850987 0.000000 0.525186 0.198537 0.198537 0.198537
6905.007324 0.000000 1796.676147 0.000000 0.865662 0.000000 0.500629 0.204641 0.204641 0.204641
6885.967285 0.000000 1775.912964 0.000000 0.823500 0.000000 0.567317 0.211472 0.211472 0.211472
6881.853027 0.000000 1762.780396 0.000000 0.859827 0.000000 0.510585 0.220040 0.220040 0.220040
6882.554688 0.000000 1760.729736 0.000000 0.639598 0.000000 0.768710 0.257285 0.257285 0.257285
6884.268066 0.000000 1773.641602 0.000000 0.837354 0.000000 0.546661 0.266577 0.266577 0.266577
6901.144531 0.000000 1760.336548 0.000000 0.947118 0.000000 0.320884 0.279317 0.279317 0.279317
6935.105957 0.000000 1659.283569 0.000000 0.702546 0.000000 0.711639 0.200484 0.200484 0.200484
6946.977539 0.000000 1652.546265 0.000000 0.936871 0.000000 0.349675 0.225464 0.225464 0.225464
6972.027344 0.000000 1682.929321 0.000000 0.844729 0.000000 0.535194 0.218713 0.218713 0.218713
6938.692383 0.000000 1650.497803 0.000000 0.681119 0.000000 0.732172 0.220025 0.220025 0.220025
6927.446289 0.000000 1654.064941 0.000000 0.628993 0.000000 0.777411 0.231174 0.231174 0.231174
6913.626465 0.000000 1692.964233 0.000000 0.729574 0.000000 0.683902 0.228996 0.228996 0.228996
6946.377441 0.000000 1681.774048 0.000000 0.856962 0.000000 0.515380 0.228503 0.228503 0.228503
6965.635254 0.000000 1676.569458 0.000000 0.927967 0.000000 0.372663 0.240341 0.240341 0.240341
6915.094727 0.000000 1692.831055 0.000000 0.934447 0.000000 0.356101 0.231891 0.231891 0.231891
6936.351074 0.000000 1690.177246 0.000000 0.777976 0.000000 0.628294 0.240205 0.240205 0.240205
6963.748047 0.000000 1679.502197 0.000000 0.934283 0.000000 0.356532 0.256168 0.256168 0.256168
6937.064941 0.000000 1688.685547 0.000000 0.901697 0.000000 0.432369 0.243905 0.243905 0.243905
6913.451660 0.000000 1703.923706 0.000000 0.778191 0.000000 0.628028 0.196040 0.196040 0.196040
6919.260254 0.000000 1741.135742 0.000000 0.903488 0.000000 0.428613 0.219812 0.219812 0.219812
6924.970703 0.000000 1741.517090 0.000000 0.894769 0.000000 0.446529 0.221243 0.221243 0.221243
6944.594727 0.000000 1714.169678 0.000000 0.794581 0.000000 0.607158 0.213701 0.213701 0.213701
6927.354980 0.000000 1740.753296 0.000000 0.948814 0.000000 0.315836 0.219278 0.219278 0.219278
6925.681641 0.000000 1740.200195 0.000000 0.625954 0.000000 0.779860 0.217283 0.217283 0.217283
6934.733398 0.000000 1703.302368 0.000000 0.819470 0.000000 0.573122 0.225177 0.225177 0.225177
6965.096191 0.000000 1719.599731 0.000000 0.837067 0.000000 0.547100 0.223891 0.223891 0.223891
6955.008789 0.000000 1721.080688 0.000000 0.842264 0.000000 0.539065 0.238810 0.238810 0.238810
6966.395020 0.000000 1704.594482 0.000000 0.613076 0.000000 0.790024 0.239617 0.239617 0.239617
6962.592773 0.000000 1700.242432 0.000000 0.602971 0.000000 0.797763 0.268687 0.268687 0.268687
6958.356934 0.000000 1711.828247 0.000000 0.829280 0.000000 0.558833 0.288719 0.288719 0.288719
6946.956543 0.000000 1715.761353 0.000000 0.678195 0.000000 0.734882 0.267635 0.267635 0.267635
6928.913574 0.000000 1698.314209 0.000000 0.940830 0.000000 0.338878 0.293863 0.293863 0.293863
6955.242188 0.000000 1711.587646 0.000000 0.792742 0.000000 0.609558 0.274804 0.274804 0.274804
6932.433105 0.000000 1768.030151 0.000000 0.704121 0.000000 0.710080 0.216164 0.216164 0.216164
6934.338379 0.000000 1763.998047 0.000000 0.892279 0.000000 0.451485 0.222264 0.222264 0.222264
6941.264648 0.000000 1797.796875 0.000000 0.727028 0.000000 0.686608 0.216458 0.216458 0.216458
6944.608398 0.000000 1782.546875 0.000000 0.733007 0.000000 0.680221 0.225925 0.225925 0.225925
6937.172852 0.000000 1787.530396 0.000000 0.852392 0.000000 0.522903 0.241138 0.241138 0.241138
6936.136230 0.000000 1771.429810 0.000000 0.761386 0.000000 0.648299 0.230006 0.230006 0.230006
6931.222656 0.000000 1792.848633 0.000000 0.762084 0.000000 0.647478 0.249793 0.249793 0.249793
6942.526367 0.000000 1795.471069 0.000000 0.892433 0.000000 0.451180 0.291849 0.291849 0.291849
6930.479492 0.000000 1797.659058 0.000000 0.652174 0.000000 0.758069 0.266615 0.266615 0.266615
6946.956543 0.000000 1772.245728 0.000000 0.689594 0.000000 0.724196 0.258194 0.258194 0.258194
6944.087402 0.000000 1791.134888 0.000000 0.611884 0.000000 0.790948 0.283600 0.283600 0.283600
6940.939453 0.000000 1794.628418 0.000000 0.870797 0.000000 0.491643 0.290646 0.290646 0.290646
6936.446289 0.000000 1794.354858 0.000000 0.940400 0.000000 0.340070 0.293997 0.293997 0.293997
7212.376953 0.000000 1119.470825 0.000000 0.605269 0.000000 0.796021 0.193863 0.193863 0.193863
7177.278320 0.000000 1123.286743 0.000000 0.872501 0.000000 0.488612 0.196495 0.196495 0.196495
7206.962402 0.000000 1117.383057 0.000000 0.809016 0.000000 0.587787 0.203308 0.203308 0.203308
7200.607910 0.000000 1112.293823 0.000000 0.819888 0.000000 0.572524 0.206641 0.206641 0.206641
7216.056641 0.000000 1124.409912 0.000000 0.797011 0.000000 0.603965 0.249442 0.249442 0.249442
7173.217285 0.000000 1121.352173 0.000000 0.856704 0.000000 0.515808 0.290583 0.290583 0.290583
7220.589844 0.000000 1116.621826 0.000000 0.946858 0.000000 0.321651 0.260421 0.260421 0.260421
7222.086914 0.000000 1117.802246 0.000000 0.892577 0.000000 0.450896 0.251133 0.251133 0.251133
7218.230469 0.000000 1124.159424 0.000000 0.829618 0.000000 0.558331 0.243296 0.243296 0.243296
7219.368652 0.000000 1124.688965 0.000000 0.901666 0.000000 0.432434 0.244974 0.244974 0.244974
7169.670898 0.000000 1123.123779 0.000000 0.938158 0.000000 0.346208 0.246056 0.246056 0.246056
7207.291504 0.000000 1112.208618 0.000000 0.738645 0.000000 0.674095 0.254511 0.254511 0.254511
7286.646973 0.000000 1091.691772 0.000000 0.798374 0.000000 0.602162 0.240057 0.240057 0.240057
7232.860352 0.000000 1129.044678 0.000000 0.761764 0.000000 0.647855 0.246674 0.246674 0.246674
7314.536621 0.000000 1070.188477 0.000000 0.928176 0.000000 0.372143 0.227937 0.227937 0.227937
7315.857422 0.000000 1069.415649 0.000000 0.922916 0.000000 0.385001 0.246649 0.246649 0.246649
7369.641113 0.000000 1069.906616 0.000000 0.806418 0.000000 0.591346 0.195877 0.195877 0.195877
7345.129395 0.000000 1123.609009 0.000000 0.885606 0.000000 0.464438 0.200656 0.200656 0.200656
7317.008301 0.000000 1102.308228 0.000000 0.882073 0.000000 0.471114 0.209197 0.209197 0.209197
7322.057129 0.000000 1108.666260 0.000000 0.897667 0.000000 0.440675 0.212703 0.212703 0.212703
7337.936523 0.000000 1126.299561 0.000000 0.931567 0.000000 0.363569 0.223699 0.223699 0.223699
7326.176270 0.000000 1124.361084 0.000000 0.717922 0.000000 0.696124 0.230379 0.230379 0.230379
7338.351562 0.000000 1122.291504 0.000000 0.936623 0.000000 0.350338 0.293204 0.293204 0.293204
7344.896973 0.000000 1120.813599 0.000000 0.859786 0.000000 0.510655 0.278740 0.278740 0.278740
7345.067871 0.000000 1077.732056 0.000000 0.838311 0.000000 0.545192 0.268172 0.268172 0.268172
7338.844238 0.000000 1082.103027 0.000000 0.659082 0.000000 0.752071 0.284221 0.284221 0.284221
7340.416992 0.000000 1118.206665 0.000000 0.899904 0.000000 0.436088 0.266255 0.266255 0.266255
7336.923828 0.000000 1079.901245 0.000000 0.817979 0.000000 0.575248 0.273898 0.273898 0.273898
7305.453613 0.000000 1085.873413 0.000000 0.877463 0.000000 0.479645 0.251266 0.251266 0.251266
7338.127930 0.000000 1120.656372 0.000000 0.766724 0.000000 0.641977 0.287313 0.287313 0.287313
7336.275879 0.000000 1121.975708 0.000000 0.783234 0.000000 0.621727 0.268884 0.268884 0.268884
7318.189453 0.000000 1102.206299 0.000000 0.810773 0.000000 0.585360 0.272152 0.272152 0.272152
7337.729980 0.000000 1079.175171 0.000000 0.591405 0.000000 0.806375 0.268968 0.268968 0.268968
7379.443848 0.000000 1123.122925 0.000000 0.910124 0.000000 0.414335 0.198361 0.198361 0.198361
7366.070312 0.000000 1080.243042 0.000000 0.673401 0.000000 0.739277 0.198616 0.198616 0.198616
7385.618652 0.000000 1124.880371 0.000000 0.691786 0.000000 0.722102 0.202985 0.202985 0.202985
7411.824219 0.000000 1117.537598 0.000000 0.728109 0.000000 0.685462 0.224293 0.224293 0.224293
7374.035156 0.000000 1099.202759 0.000000 0.833823 0.000000 0.552032 0.217471 0.217471 0.217471
7388.286133 0.000000 1094.888672 0.000000 0.705781 0.000000 0.708430 0.229682 0.229682 0.229682
7415.122559 0.000000 1078.345947 0.000000 0.875393 0.000000 0.483411 0.225668 0.225668 0.225668
7366.753418 0.000000 1078.367798 0.000000 0.890019 0.000000 0.455924 0.231855 0.231855 0.231855
7408.056641 0.000000 1124.409912 0.000000 0.937999 0.000000 0.346637 0.253606 0.253606 0.253606
7408.316895 0.000000 1114.934448 0.000000 0.609066 0.000000 0.793119 0.282507 0.282507 0.282507
7419.996582 0.000000 1080.472046 0.000000 0.766378 0.000000 0.642390 0.241560 0.241560 0.241560
7411.413574 0.000000 1092.753662 0.000000 0.813021 0.000000 0.582234 0.288177 0.288177 0.288177
7404.330078 0.000000 1091.968018 0.000000 0.931073 0.000000 0.364834 0.269487 0.269487 0.269487
7390.762207 0.000000 1095.371704 0.000000 0.869917 0.000000 0.493198 0.261129 0.261129 0.261129
7413.096680 0.000000 1087.113525 0.000000 0.659901 0.000000 0.751353 0.257140 0.257140 0.257140
7388.419922 0.000000 1104.745972 0.000000 0.792810 0.000000 0.609469 0.281005 0.281005 0.281005
7410.833984 0.000000 1081.783447 0.000000 0.788612 0.000000 0.614891 0.243011 0.243011 0.243011
7400.134277 0.000000 1117.793579 0.000000 0.887286 0.000000 0.461219 0.242470 0.242470 0.242470
7406.356934 0.000000 1090.500122 0.000000 0.719369 0.000000 0.694628 0.286369 0.286369 0.286369
7383.105469 0.000000 1117.386475 0.000000 0.684507 0.000000 0.729006 0.243269 0.243269 0.243269
7408.795410 0.000000 1083.228149 0.000000 0.826782 0.000000 0.562522 0.251120 0.251120 0.251120
7391.979004 0.000000 1102.271118 0.000000 0.867080 0.000000 0.498169 0.257354 0.257354 0.257354
7372.296875 0.000000 1126.788818 0.000000 0.651208 0.000000 0.758899 0.255970 0.255970 0.255970
7545.206055 0.000000 913.376526 0.000000 0.894238 0.000000 0.447593 0.223378 0.223378 0.223378
7546.082520 0.000000 907.974487 0.000000 0.719001 0.000000 0.695009 0.216354 0.216354 0.216354
7519.732910 0.000000 956.566772 0.000000 0.875720 0.000000 0.482819 0.222470 0.222470 0.222470
7541.096191 0.000000 928.818481 0.000000 0.866818 0.000000 0.498624 0.230294 0.230294 0.230294
7488.126465 0.000000 949.432922 0.000000 0.948491 0.000000 0.316805 0.230141 0.230141 0.230141
7546.353516 0.000000 904.880432 0.000000 0.622425 0.000000 0.782680 0.253449 0.253449 0.253449
7547.628418 0.000000 947.425537 0.000000 0.772212 0.000000 0.635365 0.286928 0.286928 0.286928
7545.239746 0.000000 947.079285 0.000000 0.707279 0.000000 0.706934 0.272812 0.272812 0.272812
7541.096680 0.000000 917.660339 0.000000 0.842763 0.000000 0.538284 0.273004 0.273004 0.273004
7533.494141 0.000000 945.390381 0.000000 0.831160 0.000000 0.556034 0.270598 0.270598 0.270598
7545.375000 0.000000 907.007751 0.000000 0.933249 0.000000 0.359230 0.259898 0.259898 0.259898
7536.161133 0.000000 943.099060 0.000000 0.797206 0.000000 0.603707 0.245267 0.245267 0.245267
7527.595215 0.000000 946.847900 0.000000 0.901182 0.000000 0.433441 0.268424 0.268424 0.268424
7544.008301 0.000000 945.999390 0.000000 0.950879 0.000000 0.309561 0.269780 0.269780 0.269780
7535.144043 0.000000 941.474609 0.000000 0.927152 0.000000 0.374685 0.256458 0.256458 0.256458
7525.960449 0.000000 943.618774 0.000000 0.650123 0.000000 0.759829 0.247311 0.247311 0.247311
7524.052246 0.000000 943.193115 0.000000 0.908449 0.000000 0.417996 0.252650 0.252650 0.252650
7474.249023 0.000000 1009.914429 0.000000 0.911742 0.000000 0.410763 0.239350 0.239350 0.239350
7471.887207 0.000000 1010.024048 0.000000 0.938259 0.000000 0.345933 0.246599 0.246599 0.246599
7464.923828 0.000000 966.932495 0.000000 0.597859 0.000000 0.801601 0.241930 0.241930 0.241930
7447.105469 0.000000 1004.417725 0.000000 0.691331 0.000000 0.722538 0.247485 0.247485 0.247485
7466.690430 0.000000 1016.277588 0.000000 0.674163 0.000000 0.738582 0.276654 0.276654 0.276654
7509.668945 0.000000 970.023254 0.000000 0.820984 0.000000 0.570951 0.195980 0.195980 0.195980
7516.286133 0.000000 981.919922 0.000000 0.707890 0.000000 0.706323 0.228677 0.228677 0.228677
7488.049316 0.000000 985.931885 0.000000 0.743567 0.000000 0.668662 0.240123 0.240123 0.240123
7489.498535 0.000000 988.211243 0.000000 0.935793 0.000000 0.352550 0.238418 0.238418 0.238418
7488.328125 0.000000 1008.702759 0.000000 0.888185 0.000000 0.459485 0.241425 0.241425 0.241425
7514.370605 0.000000 982.824158 0.000000 0.647806 0.000000 0.761805 0.256924 0.256924 0.256924
7493.044922 0.000000 991.111084 0.000000 0.690368 0.000000 0.723458 0.239768 0.239768 0.239768
7512.312988 0.000000 963.663452 0.000000 0.837202 0.000000 0.546893 0.246090 0.246090 0.246090
7517.720703 0.000000 982.817627 0.000000 0.767482 0.000000 0.641070 0.251972 0.251972 0.251972
7567.028809 0.000000 916.855896 0.000000 0.756910 0.000000 0.653519 0.240872 0.240872 0.240872
7469.531250 0.000000 1035.111816 0.000000 0.842066 0.000000 0.539374 0.216011 0.216011 0.216011
7467.903809 0.000000 1016.826172 0.000000 0.935592 0.000000 0.353083 0.284157 0.284157 0.284157
7452.046387 0.000000 1050.032837 0.000000 0.839856 0.000000 0.542809 0.262448 0.262448 0.262448
7428.561035 0.000000 1063.000244 0.000000 0.891417 0.000000 0.453184 0.250037 0.250037 0.250037
7427.040527 0.000000 1064.764282 0.000000 0.594998 0.000000 0.803727 0.248458 0.248458 0.248458
7197.958984 0.000000 1139.887817 0.000000 0.706342 0.000000 0.707871 0.195805 0.195805 0.195805
7176.404785 0.000000 1150.115356 0.000000 0.627280 0.000000 0.778794 0.208530 0.208530 0.208530
7181.344238 0.000000 1143.977173 0.000000 0.932149 0.000000 0.362076 0.236688 0.236688 0.236688
7185.185059 0.000000 1144.193481 0.000000 0.824850 0.000000 0.565351 0.272518 0.272518 0.272518
7204.191406 0.000000 1141.392456 0.000000 0.590230 0.000000 0.807235 0.241312 0.241312 0.241312
7173.044922 0.000000 1160.564209 0.000000 0.829131 0.000000 0.559054 0.288670 0.288670 0.288670
7174.969727 0.000000 1162.011597 0.000000 0.694151 0.000000 0.719830 0.285466 0.285466 0.285466
7223.961426 0.000000 1131.380127 0.000000 0.690983 0.000000 0.722871 0.258220 0.258220 0.258220
7182.050293 0.000000 1161.840576 0.000000 0.848449 0.000000 0.529278 0.290246 0.290246 0.290246
7178.479980 0.000000 1157.837158 0.000000 0.857616 0.000000 0.514291 0.263961 0.263961 0.263961
7178.704590 0.000000 1208.914429 0.000000 0.864124 0.000000 0.503279 0.211573 0.211573 0.211573
7175.434570 0.000000 1196.915405 0.000000 0.805857 0.000000 0.592110 0.219676 0.219676 0.219676
7169.993652 0.000000 1209.621948 0.000000 0.831258 0.000000 0.555886 0.244910 0.244910 0.244910
7197.817383 0.000000 1226.051392 0.000000 0.638725 0.000000 0.769436 0.236934 0.236934 0.236934
7182.943359 0.000000 1226.766479 0.000000 0.870928 0.000000 0.491411 0.272769 0.272769 0.272769
7196.231934 0.000000 1227.774658 0.000000 0.656381 0.000000 0.754430 0.237194 0.237194 0.237194
7177.798340 0.000000 1191.545410 0.000000 0.795220 0.000000 0.606322 0.242614 0.242614 0.242614
7186.234375 0.000000 1217.635132 0.000000 0.904175 0.000000 0.427163 0.245041 0.245041 0.245041
7179.572266 0.000000 1211.750732 0.000000 0.704772 0.000000 0.709434 0.261548 0.261548 0.261548
7176.323730 0.000000 1204.696411 0.000000 0.862960 0.000000 0.505272 0.257775 0.257775 0.257775
7175.012695 0.000000 1187.262695 0.000000 0.922917 0.000000 0.384999 0.268107 0.268107 0.268107
7348.777832 0.000000 1162.635498 0.000000 0.821675 0.000000 0.569957 0.225214 0.225214 0.225214
7350.485352 0.000000 1155.101685 0.000000 0.614622 0.000000 0.788822 0.213550 0.213550 0.213550
7336.675293 0.000000 1176.727783 0.000000 0.882135 0.000000 0.470996 0.231681 0.231681 0.231681
7345.743164 0.000000 1169.333252 0.000000 0.856774 0.000000 0.515692 0.289642 0.289642 0.289642
7349.881348 0.000000 1171.847168 0.000000 0.927560 0.000000 0.373675 0.261305 0.261305 0.261305
7352.311035 0.000000 1174.339600 0.000000 0.902267 0.000000 0.431178 0.257273 0.257273 0.257273
7351.349609 0.000000 1170.157471 0.000000 0.686527 0.000000 0.727104 0.284452 0.284452 0.284452
7376.939453 0.000000 1145.616211 0.000000 0.802397 0.000000 0.596791 0.195578 0.195578 0.195578
7385.742188 0.000000 1158.738770 0.000000 0.916452 0.000000 0.400145 0.222252 0.222252 0.222252
7360.328125 0.000000 1178.155884 0.000000 0.830133 0.000000 0.557566 0.237511 0.237511 0.237511
7384.136230 0.000000 1150.101685 0.000000 0.628400 0.000000 0.777891 0.282977 0.282977 0.282977
7365.217285 0.000000 1177.836548 0.000000 0.702877 0.000000 0.711311 0.286160 0.286160 0.286160
7383.342773 0.000000 1154.427979 0.000000 0.789558 0.000000 0.613676 0.241984 0.241984 0.241984
7384.429199 0.000000 1153.620972 0.000000 0.790102 0.000000 0.612975 0.285571 0.285571 0.285571
7375.586426 0.000000 1155.556763 0.000000 0.850842 0.000000 0.525422 0.252197 0.252197 0.252197
7363.978516 0.000000 1145.905396 0.000000 0.920483 0.000000 0.390782 0.292618 0.292618 0.292618
7386.768555 0.000000 1144.619873 0.000000 0.944073 0.000000 0.329736 0.257609 0.257609 0.257609
7392.590820 0.000000 1156.828369 0.000000 0.767756 0.000000 0.640743 0.282410 0.282410 0.282410
7365.924316 0.000000 1145.326904 0.000000 0.938258 0.000000 0.345935 0.279985 0.279985 0.279985
7366.282227 0.000000 1175.741943 0.000000 0.898912 0.000000 0.438130 0.261967 0.261967 0.261967
7380.037109 0.000000 1169.436157 0.000000 0.939941 0.000000 0.341338 0.274685 0.274685 0.274685
7384.183105 0.000000 1151.375000 0.000000 0.738756 0.000000 0.673972 0.285875 0.285875 0.285875
7344.746582 0.000000 1189.409546 0.000000 0.886209 0.000000 0.463287 0.196693 0.196693 0.196693
7350.485352 0.000000 1211.586060 0.000000 0.671578 0.000000 0.740934 0.219386 0.219386 0.219386
7353.144531 0.000000 1187.787109 0.000000 0.683766 0.000000 0.729702 0.224200 0.224200 0.224200
7338.544434 0.000000 1223.024902 0.000000 0.632449 0.000000 0.774602 0.236843 0.236843 0.236843
7339.584473 0.000000 1225.246826 0.000000 0.839517 0.000000 0.543334 0.248248 0.248248 0.248248
7347.413574 0.000000 1205.722412 0.000000 0.619905 0.000000 0.784677 0.284087 0.284087 0.284087
7333.123047 0.000000 1225.333862 0.000000 0.827048 0.000000 0.562131 0.289560 0.289560 0.289560
7352.005371 0.000000 1192.279175 0.000000 0.622820 0.000000 0.782365 0.262535 0.262535 0.262535
7328.728027 0.000000 1197.380615 0.000000 0.861956 0.000000 0.506984 0.261970 0.261970 0.261970
7336.188477 0.000000 1223.514893 0.000000 0.661125 0.000000 0.750276 0.262741 0.262741 0.262741
7332.052246 0.000000 1225.614990 0.000000 0.671198 0.000000 0.741278 0.285398 0.285398 0.285398
7347.336914 0.000000 1208.283569 0.000000 0.935501 0.000000 0.353324 0.262672 0.262672 0.262672
7254.628418 0.000000 1329.167847 0.000000 0.617515 0.000000 0.786559 0.193876 0.193876 0.193876
7290.504395 0.000000 1322.899536 0.000000 0.623398 0.000000 0.781905 0.193769 0.193769 0.193769
7251.362793 0.000000 1327.128418 0.000000 0.858209 0.000000 0.513300 0.200780 0.200780 0.200780
7287.867676 0.000000 1346.372314 0.000000 0.700268 0.000000 0.713880 0.202553 0.202553 0.202553
7262.716309 0.000000 1345.378662 0.000000 0.719206 0.000000 0.694797 0.200138 0.200138 0.200138
7251.881836 0.000000 1337.678101 0.000000 0.729664 0.000000 0.683806 0.215970 0.215970 0.215970
7278.671387 0.000000 1332.677246 0.000000 0.779165 0.000000 0.626819 0.229769 0.229769 0.229769
7277.556641 0.000000 1344.783813 0.000000 0.679231 0.000000 0.733924 0.226206 0.226206 0.226206
7272.301758 0.000000 1339.457397 0.000000 0.825374 0.000000 0.564587 0.259997 0.259997 0.259997
7282.448730 0.000000 1342.365479 0.000000 0.860208 0.000000 0.509943 0.268243 0.268243 0.268243
7294.477051 0.000000 1324.546875 0.000000 0.839196 0.000000 0.543829 0.242442 0.242442 0.242442
7284.589844 0.000000 1342.559326 0.000000 0.775659 0.000000 0.631153 0.248497 0.248497 0.248497
7286.086914 0.000000 1343.739746 0.000000 0.657829 0.000000 0.753167 0.241310 0.241310 0.241310
7291.344238 0.000000 1335.777710 0.000000 0.756316 0.000000 0.654206 0.286540 0.286540 0.286540
7286.847168 0.000000 1342.002563 0.000000 0.801938 0.000000 0.597407 0.243790 0.243790 0.243790
7275.446289 0.000000 1340.752197 0.000000 0.924300 0.000000 0.381667 0.293196 0.293196 0.293196
7250.234375 0.000000 1330.603882 0.000000 0.590250 0.000000 0.807221 0.267450 0.267450 0.267450
7269.645508 0.000000 1334.920532 0.000000 0.821854 0.000000 0.569698 0.268269 0.268269 0.268269
7284.629395 0.000000 1341.340820 0.000000 0.753360 0.000000 0.657608 0.246518 0.246518 0.246518
7237.747070 0.000000 1332.111572 0.000000 0.683851 0.000000 0.729621 0.245822 0.245822 0.245822
7242.479980 0.000000 1327.290283 0.000000 0.817242 0.000000 0.576295 0.254577 0.254577 0.254577
7335.089844 0.000000 1257.969360 0.000000 0.699305 0.000000 0.714824 0.209854 0.209854 0.209854
7336.923828 0.000000 1249.354370 0.000000 0.816608 0.000000 0.577193 0.289078 0.289078 0.289078
7337.849121 0.000000 1253.328369 0.000000 0.680227 0.000000 0.733002 0.284380 0.284380 0.284380
7330.015137 0.000000 1319.636108 0.000000 0.940002 0.000000 0.341169 0.197705 0.197705 0.197705
7325.530273 0.000000 1326.432983 0.000000 0.655367 0.000000 0.755310 0.194272 0.194272 0.194272
7323.190918 0.000000 1327.450073 0.000000 0.940561 0.000000 0.339624 0.201113 0.201113 0.201113
7302.475098 0.000000 1313.731323 0.000000 0.898733 0.000000 0.438497 0.204105 0.204105 0.204105
7338.638672 0.000000 1349.573242 0.000000 0.779492 0.000000 0.626412 0.202406 0.202406 0.202406
7310.389648 0.000000 1336.925049 0.000000 0.883303 0.000000 0.468803 0.210292 0.210292 0.210292
7326.924805 0.000000 1338.445435 0.000000 0.647625 0.000000 0.761960 0.215475 0.215475 0.215475
7346.908203 0.000000 1337.906494 0.000000 0.614010 0.000000 0.789298 0.224325 0.224325 0.224325
7308.289551 0.000000 1312.588013 0.000000 0.747863 0.000000 0.663854 0.220398 0.220398 0.220398
7350.904297 0.000000 1335.448853 0.000000 0.595151 0.000000 0.803614 0.227663 0.227663 0.227663
7341.249512 0.000000 1330.379395 0.000000 0.878105 0.000000 0.478468 0.224120 0.224120 0.224120
7303.500488 0.000000 1318.437012 0.000000 0.943139 0.000000 0.332397 0.241356 0.241356 0.241356
7345.352051 0.000000 1352.274292 0.000000 0.944242 0.000000 0.329252 0.240309 0.240309 0.240309
7305.022461 0.000000 1342.207886 0.000000 0.901559 0.000000 0.432656 0.242297 0.242297 0.242297
7305.525391 0.000000 1321.188354 0.000000 0.777005 0.000000 0.629495 0.241231 0.241231 0.241231
7320.351074 0.000000 1351.270996 0.000000 0.679696 0.000000 0.733494 0.235489 0.235489 0.235489
7340.655273 0.000000 1351.066040 0.000000 0.591250 0.000000 0.806488 0.233212 0.233212 0.233212
7305.264160 0.000000 1343.733887 0.000000 0.720191 0.000000 0.693776 0.238699 0.238699 0.238699
7302.218750 0.000000 1318.214722 0.000000 0.717772 0.000000 0.696278 0.236591 0.236591 0.236591
7357.145996 0.000000 1340.819824 0.000000 0.606119 0.000000 0.795374 0.266745 0.266745 0.266745
7310.057129 0.000000 1333.802979 0.000000 0.674168 0.000000 0.738578 0.274635 0.274635 0.274635
7336.166504 0.000000 1311.746704 0.000000 0.713053 0.000000 0.701110 0.282592 0.282592 0.282592
7344.177246 0.000000 1337.182617 0.000000 0.798959 0.000000 0.601385 0.287870 0.287870 0.287870
7339.584473 0.000000 1338.215576 0.000000 0.938446 0.000000 0.345425 0.279993 0.279993 0.279993
7335.871094 0.000000 1319.576172 0.000000 0.724954 0.000000 0.688797 0.251677 0.251677 0.251677
7355.539551 0.000000 1351.675293 0.000000 0.919069 0.000000 0.394097 0.273847 0.273847 0.273847
7322.370605 0.000000 1321.730347 0.000000 0.643319 0.000000 0.765598 0.232908 0.232908 0.232908
7313.357910 0.000000 1332.556274 0.000000 0.739074 0.000000 0.673624 0.249360 0.249360 0.249360
7331.061035 0.000000 1354.457520 0.000000 0.842292 0.000000 0.539022 0.237225 0.237225 0.237225
7331.658203 0.000000 1339.695923 0.000000 0.902540 0.000000 0.430606 0.291731 0.291731 0.291731
7331.590332 0.000000 1345.028931 0.000000 0.909196 0.000000 0.416369 0.291798 0.291798 0.291798
7304.396484 0.000000 1337.921265 0.000000 0.776713 0.000000 0.629855 0.266665 0.266665 0.266665
7356.871582 0.000000 1328.335449 0.000000 0.947388 0.000000 0.320087 0.264224 0.264224 0.264224
7324.231934 0.000000 1340.743408 0.000000 0.850362 0.000000 0.526198 0.285255 0.285255 0.285255
7346.113770 0.000000 1344.895996 0.000000 0.941936 0.000000 0.335793 0.254288 0.254288 0.254288
7336.053711 0.000000 1351.494873 0.000000 0.856409 0.000000 0.516298 0.256552 0.256552 0.256552
7335.513672 0.000000 1353.782715 0.000000 0.856721 0.000000 0.515780 0.285979 0.285979 0.285979
7333.762695 0.000000 1343.018066 0.000000 0.778102 0.000000 0.628138 0.287919 0.287919 0.287919
7338.410156 0.000000 1340.176392 0.000000 0.911472 0.000000 0.411362 0.278894 0.278894 0.278894
7296.860352 0.000000 1354.982178 0.000000 0.892200 0.000000 0.451640 0.262826 0.262826 0.262826
7311.586426 0.000000 1325.009888 0.000000 0.595219 0.000000 0.803564 0.242397 0.242397 0.242397
7297.121582 0.000000 1316.249146 0.000000 0.835277 0.000000 0.549829 0.267046 0.267046 0.267046
7340.563965 0.000000 1338.860474 0.000000 0.889978 0.000000 0.456003 0.291400 0.291400 0.291400
7335.854004 0.000000 1310.189087 0.000000 0.604935 0.000000 0.796275 0.268724 0.268724 0.268724
7345.734375 0.000000 1317.249756 0.000000 0.747975 0.000000 0.663727 0.253144 0.253144 0.253144
7322.378418 0.000000 1349.814453 0.000000 0.696691 0.000000 0.717371 0.261900 0.261900 0.261900
7351.218262 0.000000 1351.277100 0.000000 0.919493 0.000000 0.393106 0.275465 0.275465 0.275465
7351.347168 0.000000 1355.191895 0.000000 0.864612 0.000000 0.502440 0.254647 0.254647 0.254647
7306.092773 0.000000 1318.927124 0.000000 0.928271 0.000000 0.371906 0.270987 0.270987 0.270987
7341.039062 0.000000 1336.563965 0.000000 0.650905 0.000000 0.759159 0.284118 0.284118 0.284118
7306.277832 0.000000 1335.192261 0.000000 0.666446 0.000000 0.745553 0.285097 0.285097 0.285097
7343.144043 0.000000 1336.865234 0.000000 0.893968 0.000000 0.448131 0.291125 0.291125 0.291125
7340.436035 0.000000 1340.296387 0.000000 0.947324 0.000000 0.320278 0.294298 0.294298 0.294298
7407.960449 0.000000 1342.092407 0.000000 0.811622 0.000000 0.584183 0.228209 0.228209 0.228209
7386.914551 0.000000 1350.844482 0.000000 0.638093 0.000000 0.769959 0.284303 0.284303 0.284303
7391.182129 0.000000 1346.639771 0.000000 0.920989 0.000000 0.389588 0.292747 0.292747 0.292747
7406.797363 0.000000 1350.943726 0.000000 0.943413 0.000000 0.331619 0.262981 0.262981 0.262981
7421.145996 0.000000 1340.819824 0.000000 0.789274 0.000000 0.614041 0.288412 0.288412 0.288412
7406.644531 0.000000 1344.136841 0.000000 0.779524 0.000000 0.626373 0.274476 0.274476 0.274476
7405.887207 0.000000 1338.372559 0.000000 0.705855 0.000000 0.708356 0.264632 0.264632 0.264632
7387.313477 0.000000 1346.774170 0.000000 0.811052 0.000000 0.584974 0.241347 0.241347 0.241347
7380.580078 0.000000 1346.737793 0.000000 0.792262 0.000000 0.610181 0.240466 0.240466 0.240466
7376.554199 0.000000 1351.915527 0.000000 0.714853 0.000000 0.699275 0.278574 0.278574 0.278574
7385.064941 0.000000 1349.779297 0.000000 0.888265 0.000000 0.459332 0.291028 0.291028 0.291028
7384.413086 0.000000 1352.558838 0.000000 0.740323 0.000000 0.672252 0.256605 0.256605 0.256605
7421.398438 0.000000 1341.953491 0.000000 0.764999 0.000000 0.644031 0.287736 0.287736 0.287736
7483.000977 0.000000 1280.457275 0.000000 0.908879 0.000000 0.417060 0.197003 0.197003 0.197003
7453.418457 0.000000 1292.653809 0.000000 0.819288 0.000000 0.573382 0.208226 0.208226 0.208226
7455.182129 0.000000 1290.155396 0.000000 0.886336 0.000000 0.463043 0.254688 0.254688 0.254688
7475.748047 0.000000 1284.111572 0.000000 0.628052 0.000000 0.778171 0.263637 0.263637 0.263637
7476.147949 0.000000 1297.818481 0.000000 0.621802 0.000000 0.783174 0.273055 0.273055 0.273055
7454.985352 0.000000 1291.700195 0.000000 0.751150 0.000000 0.660132 0.251654 0.251654 0.251654
7481.239746 0.000000 1285.985596 0.000000 0.898330 0.000000 0.439321 0.239540 0.239540 0.239540
7477.900391 0.000000 1294.031006 0.000000 0.803498 0.000000 0.595307 0.287822 0.287822 0.287822
7487.312988 0.000000 1283.931152 0.000000 0.827469 0.000000 0.561512 0.260571 0.260571 0.260571
7459.546875 0.000000 1295.616333 0.000000 0.902136 0.000000 0.431451 0.291480 0.291480 0.291480
7476.617188 0.000000 1296.013306 0.000000 0.595430 0.000000 0.803407 0.272536 0.272536 0.272536
7459.980469 0.000000 1290.449829 0.000000 0.682317 0.000000 0.731056 0.284802 0.284802 0.284802
7479.347168 0.000000 1298.707520 0.000000 0.764599 0.000000 0.644506 0.271028 0.271028 0.271028
7477.492676 0.000000 1298.185547 0.000000 0.762908 0.000000 0.646507 0.287206 0.287206 0.287206
7472.327148 0.000000 1297.959351 0.000000 0.723965 0.000000 0.689836 0.285461 0.285461 0.285461
7486.400879 0.000000 1282.206909 0.000000 0.813065 0.000000 0.582174 0.260230 0.260230 0.260230
7488.421387 0.000000 1286.179443 0.000000 0.659464 0.000000 0.751736 0.221816 0.221816 0.221816
7493.933594 0.000000 1283.492920 0.000000 0.657654 0.000000 0.753320 0.281827 0.281827 0.281827
7488.369141 0.000000 1282.183472 0.000000 0.685997 0.000000 0.727605 0.251489 0.251489 0.251489
7455.330566 0.000000 1331.561768 0.000000 0.889444 0.000000 0.457044 0.205023 0.205023 0.205023
7449.935547 0.000000 1339.543213 0.000000 0.721681 0.000000 0.692226 0.226801 0.226801 0.226801
7481.144531 0.000000 1300.755859 0.000000 0.589874 0.000000 0.807495 0.224026 0.224026 0.224026
7446.733398 0.000000 1307.911743 0.000000 0.832308 0.000000 0.554314 0.234387 0.234387 0.234387
7424.421387 0.000000 1342.663818 0.000000 0.903777 0.000000 0.428004 0.226806 0.226806 0.226806
7433.525391 0.000000 1321.188354 0.000000 0.674415 0.000000 0.738352 0.239005 0.239005 0.239005
7428.370605 0.000000 1325.730225 0.000000 0.742106 0.000000 0.670282 0.286521 0.286521 0.286521
7429.575684 0.000000 1320.489136 0.000000 0.705504 0.000000 0.708706 0.258495 0.258495 0.258495
7446.163574 0.000000 1302.105957 0.000000 0.894513 0.000000 0.447041 0.291530 0.291530 0.291530
7470.601562 0.000000 1306.243164 0.000000 0.934234 0.000000 0.356660 0.254551 0.254551 0.254551
7429.933594 0.000000 1339.977295 0.000000 0.842611 0.000000 0.538522 0.244098 0.244098 0.244098
7424.489258 0.000000 1330.562622 0.000000 0.909628 0.000000 0.415424 0.292251 0.292251 0.292251
7482.572266 0.000000 1299.176636 0.000000 0.936791 0.000000 0.349891 0.293240 0.293240 0.293240
7461.876953 0.000000 1322.958008 0.000000 0.701464 0.000000 0.712705 0.284937 0.284937 0.284937
7455.979004 0.000000 1328.208618 0.000000 0.936010 0.000000 0.351974 0.262691 0.262691 0.262691
7864.630371 0.000000 1013.689392 0.000000 0.941703 0.000000 0.336445 0.200593 0.200593 0.200593
7884.083496 0.000000 1005.748230 0.000000 0.939862 0.000000 0.341554 0.197581 0.197581 0.197581
7842.015137 0.000000 1037.214233 0.000000 0.643477 0.000000 0.765465 0.194254 0.194254 0.194254
8137.912598 0.000000 1102.305298 0.000000 0.924408 0.000000 0.381405 0.225140 0.225140 0.225140
7228.104492 0.000000 1409.278687 0.000000 0.684963 0.000000 0.728577 0.219556 0.219556 0.219556
7220.601074 0.000000 1406.562622 0.000000 0.697957 0.000000 0.716139 0.239373 0.239373 0.239373
7210.913086 0.000000 1409.625244 0.000000 0.649549 0.000000 0.760320 0.284926 0.284926 0.284926
7225.099121 0.000000 1402.627075 0.000000 0.702596 0.000000 0.711589 0.286065 0.286065 0.286065
7193.752441 0.000000 1412.002197 0.000000 0.819017 0.000000 0.573769 0.267155 0.267155 0.267155
7224.311035 0.000000 1400.277100 0.000000 0.787249 0.000000 0.616636 0.267944 0.267944 0.267944
7230.572266 0.000000 1406.142822 0.000000 0.631388 0.000000 0.775467 0.284513 0.284513 0.284513
7225.653809 0.000000 1408.465454 0.000000 0.587847 0.000000 0.808972 0.257398 0.257398 0.257398
7228.564941 0.000000 1405.994629 0.000000 0.892197 0.000000 0.451647 0.268666 0.268666 0.268666
7284.003906 0.000000 1358.952515 0.000000 0.865385 0.000000 0.501108 0.196488 0.196488 0.196488
7287.819336 0.000000 1374.455933 0.000000 0.699159 0.000000 0.714967 0.194471 0.194471 0.194471
7285.519043 0.000000 1382.250366 0.000000 0.824384 0.000000 0.566031 0.196587 0.196587 0.196587
7266.087402 0.000000 1380.680176 0.000000 0.859064 0.000000 0.511868 0.218427 0.218427 0.218427
7294.038574 0.000000 1379.608276 0.000000 0.926175 0.000000 0.377093 0.218698 0.218698 0.218698
7243.147461 0.000000 1393.790649 0.000000 0.949254 0.000000 0.314510 0.227991 0.227991 0.227991
7282.908203 0.000000 1394.390869 0.000000 0.594363 0.000000 0.804197 0.227653 0.227653 0.227653
7276.188965 0.000000 1360.646118 0.000000 0.938353 0.000000 0.345677 0.228213 0.228213 0.228213
7270.014160 0.000000 1386.453613 0.000000 0.720272 0.000000 0.693691 0.234561 0.234561 0.234561
7256.470703 0.000000 1378.372925 0.000000 0.836061 0.000000 0.548636 0.230758 0.230758 0.230758
7282.478027 0.000000 1397.500732 0.000000 0.883142 0.000000 0.469105 0.242902 0.242902 0.242902
7255.285645 0.000000 1395.335449 0.000000 0.896092 0.000000 0.443869 0.233599 0.233599 0.233599
7238.966309 0.000000 1403.494995 0.000000 0.819662 0.000000 0.572847 0.247818 0.247818 0.247818
7239.959473 0.000000 1404.883789 0.000000 0.938894 0.000000 0.344205 0.247701 0.247701 0.247701
7277.442383 0.000000 1367.387817 0.000000 0.930382 0.000000 0.366592 0.248497 0.248497 0.248497
7263.169922 0.000000 1368.862671 0.000000 0.940823 0.000000 0.338899 0.293798 0.293798 0.293798
7293.982422 0.000000 1367.149902 0.000000 0.809141 0.000000 0.587614 0.249170 0.249170 0.249170
7283.583984 0.000000 1360.200928 0.000000 0.886148 0.000000 0.463403 0.244041 0.244041 0.244041
7238.988770 0.000000 1397.085205 0.000000 0.949835 0.000000 0.312750 0.294008 0.294008 0.294008
7243.042480 0.000000 1396.656860 0.000000 0.939824 0.000000 0.341659 0.293798 0.293798 0.293798
7260.237305 0.000000 1359.600342 0.000000 0.691160 0.000000 0.722702 0.262811 0.262811 0.262811
7233.670898 0.000000 1405.545654 0.000000 0.669585 0.000000 0.742735 0.284012 0.284012 0.284012
7269.645508 0.000000 1391.404907 0.000000 0.946907 0.000000 0.321507 0.293945 0.293945 0.293945
7244.104980 0.000000 1398.523682 0.000000 0.913873 0.000000 0.406001 0.281647 0.281647 0.281647
7247.546387 0.000000 1393.506836 0.000000 0.838367 0.000000 0.545107 0.282279 0.282279 0.282279
7274.590820 0.000000 1359.033936 0.000000 0.903960 0.000000 0.427618 0.292273 0.292273 0.292273
7294.436523 0.000000 1366.147217 0.000000 0.838712 0.000000 0.544575 0.287499 0.287499 0.287499
7201.365723 0.000000 1422.284180 0.000000 0.916328 0.000000 0.400429 0.201177 0.201177 0.201177
7227.993164 0.000000 1428.652954 0.000000 0.811233 0.000000 0.584724 0.217645 0.217645 0.217645
7231.210449 0.000000 1446.711182 0.000000 0.598578 0.000000 0.801064 0.209772 0.209772 0.209772
7205.265137 0.000000 1431.772949 0.000000 0.687234 0.000000 0.726437 0.211275 0.211275 0.211275
7207.382324 0.000000 1445.727905 0.000000 0.803079 0.000000 0.595873 0.224905 0.224905 0.224905
7194.062500 0.000000 1439.146973 0.000000 0.611372 0.000000 0.791343 0.216599 0.216599 0.216599
7190.404297 0.000000 1437.724731 0.000000 0.894243 0.000000 0.447583 0.234626 0.234626 0.234626
7198.684082 0.000000 1454.369995 0.000000 0.800307 0.000000 0.599590 0.233799 0.233799 0.233799
7224.732422 0.000000 1460.666382 0.000000 0.862858 0.000000 0.505447 0.244018 0.244018 0.244018
7171.455566 0.000000 1430.790527 0.000000 0.700413 0.000000 0.713738 0.235288 0.235288 0.235288
7197.685059 0.000000 1446.864014 0.000000 0.605924 0.000000 0.795522 0.282535 0.282535 0.282535
7198.022949 0.000000 1455.522217 0.000000 0.686678 0.000000 0.726962 0.231987 0.231987 0.231987
7222.683594 0.000000 1442.671265 0.000000 0.614028 0.000000 0.789284 0.284364 0.284364 0.284364
7211.276855 0.000000 1457.595947 0.000000 0.862471 0.000000 0.506106 0.247717 0.247717 0.247717
7190.163574 0.000000 1415.074707 0.000000 0.722737 0.000000 0.691124 0.268046 0.268046 0.268046
7173.292969 0.000000 1418.126831 0.000000 0.632026 0.000000 0.774947 0.284395 0.284395 0.284395
7172.727051 0.000000 1419.360229 0.000000 0.868866 0.000000 0.495048 0.290885 0.290885 0.290885
7202.360840 0.000000 1457.482544 0.000000 0.792311 0.000000 0.610118 0.241513 0.241513 0.241513
7201.799316 0.000000 1450.995361 0.000000 0.673307 0.000000 0.739363 0.284731 0.284731 0.284731
7171.510254 0.000000 1419.383423 0.000000 0.891423 0.000000 0.453173 0.262272 0.262272 0.262272
7192.484375 0.000000 1412.120483 0.000000 0.698987 0.000000 0.715134 0.264494 0.264494 0.264494
7230.282715 0.000000 1428.230103 0.000000 0.889309 0.000000 0.457307 0.272284 0.272284 0.272284
7224.008301 0.000000 1454.358765 0.000000 0.713472 0.000000 0.700684 0.281588 0.281588 0.281588
7225.484375 0.000000 1453.125244 0.000000 0.843590 0.000000 0.536988 0.289704 0.289704 0.289704
7194.905273 0.000000 1445.682739 0.000000 0.637218 0.000000 0.770684 0.280379 0.280379 0.280379
7223.916992 0.000000 1462.276001 0.000000 0.631057 0.000000 0.775737 0.281745 0.281745 0.281745
7230.400879 0.000000 1451.660034 0.000000 0.591484 0.000000 0.806317 0.264974 0.264974 0.264974
7190.189453 0.000000 1441.112549 0.000000 0.760332 0.000000 0.649535 0.287337 0.287337 0.287337
7211.013184 0.000000 1413.319580 0.000000 0.944637 0.000000 0.328117 0.253849 0.253849 0.253849
7204.531250 0.000000 1456.255371 0.000000 0.800733 0.000000 0.599022 0.270861 0.270861 0.270861
7219.956055 0.000000 1457.544312 0.000000 0.810076 0.000000 0.586325 0.252328 0.252328 0.252328
7258.364746 0.000000 1437.670654 0.000000 0.792327 0.000000 0.610097 0.195659 0.195659 0.195659
7280.587891 0.000000 1432.362671 0.000000 0.950906 0.000000 0.309481 0.204621 0.204621 0.204621
7281.687988 0.000000 1421.061890 0.000000 0.774363 0.000000 0.632742 0.202344 0.202344 0.202344
7275.960938 0.000000 1434.211670 0.000000 0.788757 0.000000 0.614705 0.206224 0.206224 0.206224
7286.609375 0.000000 1439.958008 0.000000 0.695268 0.000000 0.718751 0.230563 0.230563 0.230563
7285.096191 0.000000 1437.177856 0.000000 0.662566 0.000000 0.749004 0.235235 0.235235 0.235235
7239.754395 0.000000 1442.075684 0.000000 0.925807 0.000000 0.377998 0.289603 0.289603 0.289603
7293.145996 0.000000 1453.788574 0.000000 0.724780 0.000000 0.688980 0.286167 0.286167 0.286167
7287.338379 0.000000 1444.633545 0.000000 0.841429 0.000000 0.540367 0.275059 0.275059 0.275059
7276.345703 0.000000 1422.825928 0.000000 0.889621 0.000000 0.456699 0.277588 0.277588 0.277588
7277.442383 0.000000 1423.872192 0.000000 0.826309 0.000000 0.563217 0.275683 0.275683 0.275683
7233.950684 0.000000 1452.083862 0.000000 0.947639 0.000000 0.319342 0.271793 0.271793 0.271793
7294.477051 0.000000 1437.515625 0.000000 0.712902 0.000000 0.701263 0.286205 0.286205 0.286205
7291.484375 0.000000 1453.305664 0.000000 0.761944 0.000000 0.647643 0.270967 0.270967 0.270967
7277.887207 0.000000 1451.341309 0.000000 0.912320 0.000000 0.409478 0.249018 0.249018 0.249018
7284.589844 0.000000 1455.528076 0.000000 0.636800 0.000000 0.771029 0.251664 0.251664 0.251664
7259.313477 0.000000 1459.742920 0.000000 0.726264 0.000000 0.687415 0.286263 0.286263 0.286263
7279.705078 0.000000 1443.393188 0.000000 0.800058 0.000000 0.599923 0.277061 0.277061 0.277061
7262.526367 0.000000 1456.564819 0.000000 0.715385 0.000000 0.698731 0.286007 0.286007 0.286007
7250.479492 0.000000 1458.752808 0.000000 0.724654 0.000000 0.689113 0.251672 0.251672 0.251672
7271.595215 0.000000 1455.207275 0.000000 0.886213 0.000000 0.463278 0.284340 0.284340 0.284340
7256.413086 0.000000 1465.527588 0.000000 0.874668 0.000000 0.484723 0.285522 0.285522 0.285522
7295.384277 0.000000 1427.873657 0.000000 0.828250 0.000000 0.560359 0.284063 0.284063 0.284063
7258.586914 0.000000 1443.634766 0.000000 0.800918 0.000000 0.598774 0.255263 0.255263 0.255263
7239.807129 0.000000 1445.311035 0.000000 0.898302 0.000000 0.439378 0.270986 0.270986 0.270986
7260.939453 0.000000 1455.722168 0.000000 0.929900 0.000000 0.367813 0.293089 0.293089 0.293089
7237.747070 0.000000 1445.080322 0.000000 0.783602 0.000000 0.621263 0.263717 0.263717 0.263717
7235.692383 0.000000 1445.410400 0.000000 0.930462 0.000000 0.366388 0.292836 0.292836 0.292836
7350.180664 0.000000 1379.475220 0.000000 0.926727 0.000000 0.375736 0.201917 0.201917 0.201917
7301.832520 0.000000 1387.490723 0.000000 0.639901 0.000000 0.768458 0.208666 0.208666 0.208666
7332.560547 0.000000 1369.680786 0.000000 0.854297 0.000000 0.519785 0.215680 0.215680 0.215680
7315.704102 0.000000 1369.389282 0.000000 0.943915 0.000000 0.330188 0.224031 0.224031 0.224031
7318.020996 0.000000 1356.945068 0.000000 0.949867 0.000000 0.312653 0.228554 0.228554 0.228554
7301.850586 0.000000 1373.403442 0.000000 0.674150 0.000000 0.738594 0.226652 0.226652 0.226652
7299.455566 0.000000 1374.306152 0.000000 0.938026 0.000000 0.346566 0.242270 0.242270 0.242270
7303.754395 0.000000 1385.591309 0.000000 0.869019 0.000000 0.494778 0.257933 0.257933 0.257933
7332.170898 0.000000 1410.021606 0.000000 0.675237 0.000000 0.737601 0.270107 0.270107 0.270107
7348.887695 0.000000 1379.212036 0.000000 0.931977 0.000000 0.362516 0.293346 0.293346 0.293346
7323.442383 0.000000 1364.047852 0.000000 0.829099 0.000000 0.559101 0.239072 0.239072 0.239072
7354.116699 0.000000 1404.941162 0.000000 0.765437 0.000000 0.643511 0.243104 0.243104 0.243104
7300.370605 0.000000 1382.214600 0.000000 0.671356 0.000000 0.741135 0.284057 0.284057 0.284057
7341.442383 0.000000 1367.387817 0.000000 0.657496 0.000000 0.753458 0.273277 0.273277 0.273277
7332.202637 0.000000 1359.273682 0.000000 0.633325 0.000000 0.773886 0.260710 0.260710 0.260710
7341.710938 0.000000 1406.824219 0.000000 0.684451 0.000000 0.729059 0.284918 0.284918 0.284918
7339.627441 0.000000 1406.808472 0.000000 0.938794 0.000000 0.344480 0.293573 0.293573 0.293573
7297.312988 0.000000 1375.110596 0.000000 0.770193 0.000000 0.637810 0.287438 0.287438 0.287438
7311.939941 0.000000 1410.322876 0.000000 0.787847 0.000000 0.615871 0.264850 0.264850 0.264850
7330.136719 0.000000 1383.748779 0.000000 0.946811 0.000000 0.321789 0.285764 0.285764 0.285764
7326.669434 0.000000 1371.241455 0.000000 0.732111 0.000000 0.681185 0.285688 0.285688 0.285688
7347.368652 0.000000 1407.110840 0.000000 0.817353 0.000000 0.576138 0.288297 0.288297 0.288297
7313.432129 0.000000 1410.755859 0.000000 0.907738 0.000000 0.419537 0.292429 0.292429 0.292429
7347.578125 0.000000 1378.862305 0.000000 0.696745 0.000000 0.717319 0.269029 0.269029 0.269029
7322.768555 0.000000 1370.557373 0.000000 0.943210 0.000000 0.332197 0.262973 0.262973 0.262973
7335.150391 0.000000 1409.004150 0.000000 0.602999 0.000000 0.797742 0.240485 0.240485 0.240485
7329.511719 0.000000 1364.684448 0.000000 0.910695 0.000000 0.413079 0.247899 0.247899 0.247899
7335.854004 0.000000 1366.673462 0.000000 0.624399 0.000000 0.781106 0.256009 0.256009 0.256009
7346.290039 0.000000 1409.391113 0.000000 0.640018 0.000000 0.768360 0.276432 0.276432 0.276432
7358.141113 0.000000 1402.493286 0.000000 0.906501 0.000000 0.422205 0.258469 0.258469 0.258469
7350.497559 0.000000 1368.788940 0.000000 0.865371 0.000000 0.501131 0.290702 0.290702 0.290702
7323.859375 0.000000 1370.770264 0.000000 0.767362 0.000000 0.641214 0.258186 0.258186 0.258186
7347.716797 0.000000 1357.877075 0.000000 0.864520 0.000000 0.502598 0.289943 0.289943 0.289943
7394.735840 0.000000 1395.278076 0.000000 0.877612 0.000000 0.479371 0.196630 0.196630 0.196630
7396.550293 0.000000 1386.419067 0.000000 0.735317 0.000000 0.677723 0.202416 0.202416 0.202416
7412.316895 0.000000 1384.750854 0.000000 0.904213 0.000000 0.427082 0.203662 0.203662 0.203662
7376.728516 0.000000 1355.631592 0.000000 0.684324 0.000000 0.729178 0.210200 0.210200 0.210200
7392.293457 0.000000 1404.632446 0.000000 0.785413 0.000000 0.618972 0.216207 0.216207 0.216207
7363.162109 0.000000 1407.676636 0.000000 0.923212 0.000000 0.384292 0.225111 0.225111 0.225111
7375.453125 0.000000 1404.600220 0.000000 0.845252 0.000000 0.534368 0.230401 0.230401 0.230401
7368.364746 0.000000 1356.081787 0.000000 0.817811 0.000000 0.575487 0.230953 0.230953 0.230953
7396.687500 0.000000 1406.195190 0.000000 0.594912 0.000000 0.803791 0.242393 0.242393 0.242393
7365.108887 0.000000 1405.257568 0.000000 0.844603 0.000000 0.535394 0.285597 0.285597 0.285597
7385.770020 0.000000 1394.792725 0.000000 0.838833 0.000000 0.544388 0.241907 0.241907 0.241907
7379.389160 0.000000 1368.207886 0.000000 0.664166 0.000000 0.747585 0.240384 0.240384 0.240384
7365.351562 0.000000 1407.258057 0.000000 0.770736 0.000000 0.637155 0.247362 0.247362 0.247362
7379.400879 0.000000 1411.598022 0.000000 0.590180 0.000000 0.807272 0.282444 0.282444 0.282444
7372.296875 0.000000 1409.210693 0.000000 0.854040 0.000000 0.520208 0.290350 0.290350 0.290350
7369.561035 0.000000 1406.770508 0.000000 0.696982 0.000000 0.717089 0.284758 0.284758 0.284758
7333.463867 0.000000 1419.714722 0.000000 0.705063 0.000000 0.709145 0.198939 0.198939 0.198939
7350.385254 0.000000 1416.018433 0.000000 0.799614 0.000000 0.600515 0.199473 0.199473 0.199473
7349.177734 0.000000 1422.629761 0.000000 0.666864 0.000000 0.745180 0.207404 0.207404 0.207404
7346.132324 0.000000 1431.530518 0.000000 0.817944 0.000000 0.575298 0.211921 0.211921 0.211921
7305.923828 0.000000 1429.703857 0.000000 0.664026 0.000000 0.747710 0.217223 0.217223 0.217223
7309.735352 0.000000 1427.777466 0.000000 0.796958 0.000000 0.604035 0.234789 0.234789 0.234789
7323.236816 0.000000 1429.596313 0.000000 0.943091 0.000000 0.332535 0.240813 0.240813 0.240813
7299.455566 0.000000 1430.790527 0.000000 0.938029 0.000000 0.346556 0.250910 0.250910 0.250910
7297.219727 0.000000 1420.127930 0.000000 0.715172 0.000000 0.698949 0.276548 0.276548 0.276548
7302.218750 0.000000 1431.183472 0.000000 0.627895 0.000000 0.778298 0.272175 0.272175 0.272175
7310.057129 0.000000 1446.771729 0.000000 0.947109 0.000000 0.320913 0.246907 0.246907 0.246907
7316.231934 0.000000 1435.897217 0.000000 0.946011 0.000000 0.324135 0.242536 0.242536 0.242536
7328.863281 0.000000 1432.934082 0.000000 0.947502 0.000000 0.319749 0.261528 0.261528 0.261528
7344.334961 0.000000 1428.212769 0.000000 0.769240 0.000000 0.638960 0.286762 0.286762 0.286762
7313.206543 0.000000 1449.440796 0.000000 0.627429 0.000000 0.778674 0.264129 0.264129 0.264129
7306.511230 0.000000 1430.800171 0.000000 0.711966 0.000000 0.702214 0.239082 0.239082 0.239082
7354.650879 0.000000 1423.287354 0.000000 0.833607 0.000000 0.552358 0.259147 0.259147 0.259147
7300.470703 0.000000 1447.098511 0.000000 0.917055 0.000000 0.398761 0.255055 0.255055 0.255055
7325.463379 0.000000 1438.185425 0.000000 0.679539 0.000000 0.733639 0.285287 0.285287 0.285287
7326.669434 0.000000 1427.725830 0.000000 0.703150 0.000000 0.711041 0.285160 0.285160 0.285160
7342.356934 0.000000 1429.406372 0.000000 0.839206 0.000000 0.543813 0.289040 0.289040 0.289040
7314.317871 0.000000 1447.352051 0.000000 0.920051 0.000000 0.391800 0.290951 0.290951 0.290951
7299.154785 0.000000 1432.861328 0.000000 0.943472 0.000000 0.331452 0.293119 0.293119 0.293119
7306.277832 0.000000 1448.161011 0.000000 0.863922 0.000000 0.503626 0.290770 0.290770 0.290770
7323.859375 0.000000 1427.254639 0.000000 0.679604 0.000000 0.733579 0.246264 0.246264 0.246264
7296.125977 0.000000 1431.531372 0.000000 0.674506 0.000000 0.738269 0.259948 0.259948 0.259948
7325.720703 0.000000 1434.692627 0.000000 0.622053 0.000000 0.782975 0.267546 0.267546 0.267546
7327.979004 0.000000 1441.177368 0.000000 0.906322 0.000000 0.422588 0.268061 0.268061 0.268061
7345.437988 0.000000 1428.284302 0.000000 0.785552 0.000000 0.618796 0.287257 0.287257 0.287257
7364.602051 0.000000 1414.715210 0.000000 0.899661 0.000000 0.436589 0.204121 0.204121 0.204121
7360.016113 0.000000 1420.761963 0.000000 0.901235 0.000000 0.433331 0.226748 0.226748 0.226748
7380.179199 0.000000 1413.386475 0.000000 0.918876 0.000000 0.394547 0.242768 0.242768 0.242768
7225.112305 0.000000 1475.184082 0.000000 0.652821 0.000000 0.757512 0.219152 0.219152 0.219152
7236.035156 0.000000 1474.813477 0.000000 0.782414 0.000000 0.622759 0.206671 0.206671 0.206671
7240.364746 0.000000 1469.050537 0.000000 0.910396 0.000000 0.413738 0.235557 0.235557 0.235557
7244.067383 0.000000 1468.680786 0.000000 0.633766 0.000000 0.773525 0.283673 0.283673 0.283673
7424.712402 0.000000 1373.845947 0.000000 0.933327 0.000000 0.359027 0.205309 0.205309 0.205309
7427.050781 0.000000 1359.019287 0.000000 0.705317 0.000000 0.708892 0.219300 0.219300 0.219300
7455.750977 0.000000 1362.208008 0.000000 0.663992 0.000000 0.747740 0.226000 0.226000 0.226000
7454.425293 0.000000 1362.509399 0.000000 0.654759 0.000000 0.755838 0.225877 0.225877 0.225877
7437.527344 0.000000 1362.668701 0.000000 0.945334 0.000000 0.326103 0.286228 0.286228 0.286228
7449.831543 0.000000 1362.768433 0.000000 0.726956 0.000000 0.686684 0.252229 0.252229 0.252229
7431.012695 0.000000 1356.715820 0.000000 0.617926 0.000000 0.786236 0.268471 0.268471 0.268471
7541.789062 0.000000 1399.068726 0.000000 0.943496 0.000000 0.331383 0.208256 0.208256 0.208256
7505.977051 0.000000 1385.094238 0.000000 0.801643 0.000000 0.597804 0.268288 0.268288 0.268288
7551.246094 0.000000 1391.634521 0.000000 0.763382 0.000000 0.645947 0.244107 0.244107 0.244107
7550.572266 0.000000 1406.142822 0.000000 0.807161 0.000000 0.590331 0.286563 0.286563 0.286563
7550.141113 0.000000 1402.493286 0.000000 0.679891 0.000000 0.733313 0.261575 0.261575 0.261575
7540.629395 0.000000 1397.825195 0.000000 0.820924 0.000000 0.571037 0.284888 0.284888 0.284888
7558.073242 0.000000 1409.412476 0.000000 0.616706 0.000000 0.787194 0.207385 0.207385 0.207385
7552.098633 0.000000 1391.687622 0.000000 0.918010 0.000000 0.396556 0.236293 0.236293 0.236293
7557.217285 0.000000 1403.774048 0.000000 0.815430 0.000000 0.578856 0.237754 0.237754 0.237754
7558.709961 0.000000 1411.754883 0.000000 0.857045 0.000000 0.515241 0.270258 0.270258 0.270258
7559.583496 0.000000 1407.878296 0.000000 0.653889 0.000000 0.756591 0.253478 0.253478 0.253478
7618.627930 0.000000 1384.332153 0.000000 0.886180 0.000000 0.463341 0.200665 0.200665 0.200665
7635.704102 0.000000 1369.389282 0.000000 0.740680 0.000000 0.671857 0.212450 0.212450 0.212450
7625.525391 0.000000 1377.672729 0.000000 0.909142 0.000000 0.416486 0.228542 0.228542 0.228542
7558.054199 0.000000 1413.708008 0.000000 0.922845 0.000000 0.385171 0.214836 0.214836 0.214836
6498.857422 0.000000 2062.566406 0.000000 0.768955 0.000000 0.639302 0.195325 0.195325 0.195325
6522.631836 0.000000 2068.573975 0.000000 0.757491 0.000000 0.652846 0.195099 0.195099 0.195099
6499.030762 0.000000 2057.331787 0.000000 0.798136 0.000000 0.602477 0.220084 0.220084 0.220084
6445.814941 0.000000 2126.468018 0.000000 0.791614 0.000000 0.611021 0.202026 0.202026 0.202026
6533.575684 0.000000 2054.786133 0.000000 0.645283 0.000000 0.763944 0.251299 0.251299 0.251299
6460.454590 0.000000 2186.745361 0.000000 0.831876 0.000000 0.554962 0.207874 0.207874 0.207874
6516.072754 0.000000 2194.909424 0.000000 0.705794 0.000000 0.708417 0.209408 0.209408 0.209408
6452.916016 0.000000 2210.253662 0.000000 0.912091 0.000000 0.409988 0.218920 0.218920 0.218920
6447.221680 0.000000 2243.592773 0.000000 0.756041 0.000000 0.654524 0.229922 0.229922 0.229922
6435.032227 0.000000 2220.526855 0.000000 0.678050 0.000000 0.735015 0.240088 0.240088 0.240088
6442.783691 0.000000 2235.696777 0.000000 0.609062 0.000000 0.793123 0.232435 0.232435 0.232435
6454.683594 0.000000 2233.452393 0.000000 0.894471 0.000000 0.447126 0.291911 0.291911 0.291911
6446.200195 0.000000 2204.000488 0.000000 0.828938 0.000000 0.559341 0.238015 0.238015 0.238015
6451.083008 0.000000 2235.304932 0.000000 0.782293 0.000000 0.622911 0.288240 0.288240 0.288240
6436.202637 0.000000 2206.539307 0.000000 0.847791 0.000000 0.530331 0.235219 0.235219 0.235219
6436.740723 0.000000 2227.992676 0.000000 0.875203 0.000000 0.483756 0.290356 0.290356 0.290356
6434.136719 0.000000 2231.014404 0.000000 0.703911 0.000000 0.710288 0.271214 0.271214 0.271214
6441.763184 0.000000 2224.911133 0.000000 0.894907 0.000000 0.446252 0.248531 0.248531 0.248531
6438.709473 0.000000 2213.698242 0.000000 0.943205 0.000000 0.332212 0.293963 0.293963 0.293963
6471.260254 0.000000 2249.495117 0.000000 0.935361 0.000000 0.353694 0.220005 0.220005 0.220005
6477.317383 0.000000 2256.117920 0.000000 0.897358 0.000000 0.441303 0.221296 0.221296 0.221296
6475.256348 0.000000 2255.924072 0.000000 0.895332 0.000000 0.445400 0.219644 0.219644 0.219644
6526.281738 0.000000 2255.958252 0.000000 0.859317 0.000000 0.511443 0.278201 0.278201 0.278201
6524.292969 0.000000 2259.213379 0.000000 0.940534 0.000000 0.339700 0.258553 0.258553 0.258553
6470.709961 0.000000 2259.020508 0.000000 0.619127 0.000000 0.785291 0.253393 0.253393 0.253393
6529.519531 0.000000 2193.949951 0.000000 0.737345 0.000000 0.675517 0.274503 0.274503 0.274503
6535.583496 0.000000 2198.659668 0.000000 0.942066 0.000000 0.335428 0.291438 0.291438 0.291438
6530.552734 0.000000 2258.966797 0.000000 0.651960 0.000000 0.758253 0.195277 0.195277 0.195277
6529.626465 0.000000 2257.807861 0.000000 0.888433 0.000000 0.459007 0.223258 0.223258 0.223258
6835.824219 0.000000 1851.834473 0.000000 0.691788 0.000000 0.722100 0.216529 0.216529 0.216529
6833.044434 0.000000 1856.580322 0.000000 0.712307 0.000000 0.701868 0.230814 0.230814 0.230814
6839.347168 0.000000 1863.551270 0.000000 0.675731 0.000000 0.737148 0.284170 0.284170 0.284170
6901.994141 0.000000 1828.786133 0.000000 0.612685 0.000000 0.790328 0.193993 0.193993 0.193993
6854.054199 0.000000 1809.098633 0.000000 0.737786 0.000000 0.675035 0.218691 0.218691 0.218691
6850.209961 0.000000 1818.274780 0.000000 0.874249 0.000000 0.485478 0.219770 0.219770 0.219770
6853.597168 0.000000 1834.386719 0.000000 0.738021 0.000000 0.674778 0.231724 0.231724 0.231724
6852.727051 0.000000 1814.750854 0.000000 0.912546 0.000000 0.408975 0.292458 0.292458 0.292458
6856.070801 0.000000 1811.292847 0.000000 0.614595 0.000000 0.788843 0.245730 0.245730 0.245730
6840.742188 0.000000 1893.878296 0.000000 0.777280 0.000000 0.629155 0.197618 0.197618 0.197618
6847.273438 0.000000 1875.375488 0.000000 0.916476 0.000000 0.400089 0.201721 0.201721 0.201721
6837.789062 0.000000 1907.428101 0.000000 0.797579 0.000000 0.603215 0.201570 0.201570 0.201570
6841.993164 0.000000 1900.580200 0.000000 0.945297 0.000000 0.326210 0.233298 0.233298 0.233298
6835.583984 0.000000 1868.560303 0.000000 0.903633 0.000000 0.428307 0.246631 0.246631 0.246631
6836.968750 0.000000 1895.732056 0.000000 0.708725 0.000000 0.705485 0.279955 0.279955 0.279955
6838.086914 0.000000 1908.583496 0.000000 0.811777 0.000000 0.583968 0.252364 0.252364 0.252364
6839.961426 0.000000 1865.677002 0.000000 0.798452 0.000000 0.602058 0.287661 0.287661 0.287661
6841.653809 0.000000 1916.824829 0.000000 0.877174 0.000000 0.480173 0.288237 0.288237 0.288237
6839.966309 0.000000 1899.880127 0.000000 0.661149 0.000000 0.750255 0.284813 0.284813 0.284813
6855.620605 0.000000 1870.213623 0.000000 0.755609 0.000000 0.655023 0.216316 0.216316 0.216316
6848.016113 0.000000 1872.636963 0.000000 0.816132 0.000000 0.577866 0.228287 0.228287 0.228287
6861.467285 0.000000 1912.631226 0.000000 0.874958 0.000000 0.484198 0.231528 0.231528 0.231528
6870.619629 0.000000 1897.505493 0.000000 0.747319 0.000000 0.664465 0.230307 0.230307 0.230307
6860.955566 0.000000 1919.848511 0.000000 0.875548 0.000000 0.483131 0.233139 0.233139 0.233139
6852.788086 0.000000 1886.485229 0.000000 0.699315 0.000000 0.714814 0.242998 0.242998 0.242998
6861.796875 0.000000 1902.997192 0.000000 0.917083 0.000000 0.398697 0.274840 0.274840 0.274840
6876.472656 0.000000 1909.500610 0.000000 0.693641 0.000000 0.720321 0.245986 0.245986 0.245986
6848.213379 0.000000 1876.086060 0.000000 0.713433 0.000000 0.700724 0.286247 0.286247 0.286247
6849.121582 0.000000 1881.092896 0.000000 0.660667 0.000000 0.750679 0.284610 0.284610 0.284610
6855.767090 0.000000 1889.987183 0.000000 0.834545 0.000000 0.550940 0.289184 0.289184 0.289184
6860.862793 0.000000 1908.646729 0.000000 0.734064 0.000000 0.679080 0.286889 0.286889 0.286889
6857.391113 0.000000 1898.547974 0.000000 0.911275 0.000000 0.411798 0.289519 0.289519 0.289519
6876.615723 0.000000 1898.471069 0.000000 0.797387 0.000000 0.603469 0.264032 0.264032 0.264032
6839.719727 0.000000 1924.498657 0.000000 0.940741 0.000000 0.339126 0.269877 0.269877 0.269877
6846.358398 0.000000 1927.340454 0.000000 0.692302 0.000000 0.721608 0.285721 0.285721 0.285721
6875.877441 0.000000 1931.959595 0.000000 0.693703 0.000000 0.720261 0.216553 0.216553 0.216553
6849.323730 0.000000 1926.526123 0.000000 0.645711 0.000000 0.763582 0.225243 0.225243 0.225243
6852.727051 0.000000 1927.719604 0.000000 0.667059 0.000000 0.745005 0.233760 0.233760 0.233760
6857.453613 0.000000 1933.139038 0.000000 0.942909 0.000000 0.333051 0.241348 0.241348 0.241348
6775.779785 0.000000 2113.108154 0.000000 0.740479 0.000000 0.672080 0.287138 0.287138 0.287138
6835.318359 0.000000 2067.078857 0.000000 0.854784 0.000000 0.518983 0.208751 0.208751 0.208751
6665.203613 0.000000 2182.106934 0.000000 0.784208 0.000000 0.620498 0.195672 0.195672 0.195672
6656.163086 0.000000 2181.152832 0.000000 0.623289 0.000000 0.781992 0.194015 0.194015 0.194015
6679.191895 0.000000 2192.296875 0.000000 0.624095 0.000000 0.781349 0.193798 0.193798 0.193798
6777.384766 0.000000 2259.142334 0.000000 0.702460 0.000000 0.711724 0.194543 0.194543 0.194543
6720.043457 0.000000 2227.141602 0.000000 0.841430 0.000000 0.540367 0.219189 0.219189 0.219189
6734.057129 0.000000 2237.552979 0.000000 0.891594 0.000000 0.452835 0.246844 0.246844 0.246844
6730.112793 0.000000 2240.047363 0.000000 0.845379 0.000000 0.534167 0.281967 0.281967 0.281967
6737.977051 0.000000 2232.359863 0.000000 0.945333 0.000000 0.326107 0.294216 0.294216 0.294216
6760.301758 0.000000 2243.207520 0.000000 0.893578 0.000000 0.448909 0.285659 0.285659 0.285659
6761.785156 0.000000 2236.973877 0.000000 0.948042 0.000000 0.318144 0.245316 0.245316 0.245316
6772.589844 0.000000 2246.309326 0.000000 0.825116 0.000000 0.564964 0.245832 0.245832 0.245832
6731.042480 0.000000 2243.922607 0.000000 0.910474 0.000000 0.413567 0.287363 0.287363 0.287363
6738.234375 0.000000 2234.353760 0.000000 0.920470 0.000000 0.390813 0.292918 0.292918 0.292918
6734.047363 0.000000 2230.087891 0.000000 0.613452 0.000000 0.789732 0.284216 0.284216 0.284216
6727.807129 0.000000 2236.092285 0.000000 0.652690 0.000000 0.757625 0.284805 0.284805 0.284805
6730.347656 0.000000 2242.960205 0.000000 0.926098 0.000000 0.377284 0.288014 0.288014 0.288014
6798.873047 0.000000 2210.937744 0.000000 0.783616 0.000000 0.621246 0.195632 0.195632 0.195632
6809.706543 0.000000 2216.530029 0.000000 0.932542 0.000000 0.361061 0.197455 0.197455 0.197455
6788.602051 0.000000 2205.496338 0.000000 0.950173 0.000000 0.311722 0.200237 0.200237 0.200237
6814.652344 0.000000 2214.976074 0.000000 0.934706 0.000000 0.355423 0.214567 0.214567 0.214567
6810.062500 0.000000 2229.928223 0.000000 0.856422 0.000000 0.516276 0.230087 0.230087 0.230087
6816.868164 0.000000 2219.261963 0.000000 0.687883 0.000000 0.725822 0.233551 0.233551 0.233551
6790.916992 0.000000 2205.314453 0.000000 0.664717 0.000000 0.747095 0.242440 0.242440 0.242440
6450.317871 0.000000 2263.828125 0.000000 0.695828 0.000000 0.718208 0.205640 0.205640 0.205640
6463.384277 0.000000 2275.139160 0.000000 0.858865 0.000000 0.512201 0.288665 0.288665 0.288665
6505.967773 0.000000 2289.192871 0.000000 0.905435 0.000000 0.424485 0.197034 0.197034 0.197034
6475.616211 0.000000 2288.716064 0.000000 0.893109 0.000000 0.449840 0.196773 0.196773 0.196773
6468.602051 0.000000 2261.980713 0.000000 0.752052 0.000000 0.659104 0.201028 0.201028 0.201028
6520.708984 0.000000 2279.818604 0.000000 0.703163 0.000000 0.711029 0.212506 0.212506 0.212506
6521.814453 0.000000 2278.217529 0.000000 0.925788 0.000000 0.378042 0.215984 0.215984 0.215984
6495.303223 0.000000 2286.386475 0.000000 0.865975 0.000000 0.500087 0.226017 0.226017 0.226017
6506.601562 0.000000 2311.223633 0.000000 0.877457 0.000000 0.479656 0.230514 0.230514 0.230514
6486.048340 0.000000 2282.488037 0.000000 0.792685 0.000000 0.609632 0.256648 0.256648 0.256648
6486.709473 0.000000 2279.337158 0.000000 0.663611 0.000000 0.748078 0.255173 0.255173 0.255173
6484.231934 0.000000 2283.162842 0.000000 0.597443 0.000000 0.801912 0.282996 0.282996 0.282996
6468.370605 0.000000 2285.964600 0.000000 0.825835 0.000000 0.563912 0.234264 0.234264 0.234264
6490.370605 0.000000 2281.964844 0.000000 0.835899 0.000000 0.548883 0.240264 0.240264 0.240264
6493.854004 0.000000 2288.567383 0.000000 0.936021 0.000000 0.351943 0.291141 0.291141 0.291141
6466.034668 0.000000 2285.460693 0.000000 0.669341 0.000000 0.742955 0.256802 0.256802 0.256802
6522.572266 0.000000 2259.410889 0.000000 0.949549 0.000000 0.313620 0.294099 0.294099 0.294099
6493.641113 0.000000 2305.130859 0.000000 0.810154 0.000000 0.586217 0.270057 0.270057 0.270057
6465.343750 0.000000 2272.688477 0.000000 0.798453 0.000000 0.602057 0.279088 0.279088 0.279088
6557.392090 0.000000 2304.048340 0.000000 0.910120 0.000000 0.414345 0.197110 0.197110 0.197110
6533.141602 0.000000 2284.881348 0.000000 0.870981 0.000000 0.491316 0.201505 0.201505 0.201505
6550.911621 0.000000 2300.364502 0.000000 0.810422 0.000000 0.585847 0.204919 0.204919 0.204919
6549.101562 0.000000 2305.825928 0.000000 0.940833 0.000000 0.338871 0.208194 0.208194 0.208194
6555.877441 0.000000 2270.865967 0.000000 0.948826 0.000000 0.315798 0.212745 0.212745 0.212745
6547.070801 0.000000 2302.742920 0.000000 0.840155 0.000000 0.542346 0.213320 0.213320 0.213320
6558.022949 0.000000 2302.787842 0.000000 0.745036 0.000000 0.667024 0.286163 0.286163 0.286163
6561.152344 0.000000 2305.542969 0.000000 0.653899 0.000000 0.756582 0.259060 0.259060 0.259060
6555.442383 0.000000 2267.797852 0.000000 0.701050 0.000000 0.713112 0.285580 0.285580 0.285580
6555.970215 0.000000 2260.357178 0.000000 0.738390 0.000000 0.674374 0.265819 0.265819 0.265819
6557.048828 0.000000 2261.017578 0.000000 0.775013 0.000000 0.631945 0.286961 0.286961 0.286961
6554.770996 0.000000 2268.975586 0.000000 0.730644 0.000000 0.682759 0.263605 0.263605 0.263605
6539.042480 0.000000 2300.406982 0.000000 0.783841 0.000000 0.620962 0.284372 0.284372 0.284372
6552.312988 0.000000 2262.803955 0.000000 0.947986 0.000000 0.318312 0.278281 0.278281 0.278281
6560.087402 0.000000 2299.494141 0.000000 0.764695 0.000000 0.644392 0.287099 0.287099 0.287099
6556.025391 0.000000 2265.745850 0.000000 0.909920 0.000000 0.414784 0.292136 0.292136 0.292136
6542.414551 0.000000 2308.653076 0.000000 0.678950 0.000000 0.734185 0.285458 0.285458 0.285458
6540.296875 0.000000 2312.960693 0.000000 0.650691 0.000000 0.759343 0.258495 0.258495 0.258495
6560.618164 0.000000 2319.225098 0.000000 0.852025 0.000000 0.523501 0.196327 0.196327 0.196327
6544.278320 0.000000 2329.415039 0.000000 0.950950 0.000000 0.309344 0.213891 0.213891 0.213891
6536.409180 0.000000 2330.678955 0.000000 0.821473 0.000000 0.570248 0.251528 0.251528 0.251528
6591.246094 0.000000 2351.868896 0.000000 0.939062 0.000000 0.343747 0.242844 0.242844 0.242844
6604.721191 0.000000 2354.184326 0.000000 0.778105 0.000000 0.628134 0.195286 0.195286 0.195286
6632.179688 0.000000 2344.043945 0.000000 0.823652 0.000000 0.567096 0.207225 0.207225 0.207225
6609.688477 0.000000 2344.086182 0.000000 0.915792 0.000000 0.401652 0.220619 0.220619 0.220619
6613.918945 0.000000 2327.366699 0.000000 0.878076 0.000000 0.478521 0.231060 0.231060 0.231060
6615.398438 0.000000 2371.659668 0.000000 0.686225 0.000000 0.727389 0.266781 0.266781 0.266781
6650.807129 0.000000 2378.998291 0.000000 0.850263 0.000000 0.526358 0.196457 0.196457 0.196457
6608.939453 0.000000 2388.272461 0.000000 0.635162 0.000000 0.772379 0.193919 0.193919 0.193919
6648.473633 0.000000 2380.474609 0.000000 0.891370 0.000000 0.453276 0.196723 0.196723 0.196723
6635.311523 0.000000 2397.491455 0.000000 0.908740 0.000000 0.417362 0.205364 0.205364 0.205364
6642.709961 0.000000 2386.433594 0.000000 0.716952 0.000000 0.697123 0.204831 0.204831 0.204831
6627.429199 0.000000 2422.514648 0.000000 0.903885 0.000000 0.427775 0.229493 0.229493 0.229493
6628.687500 0.000000 2422.914062 0.000000 0.819254 0.000000 0.573431 0.240983 0.240983 0.240983
6618.914551 0.000000 2424.047607 0.000000 0.835019 0.000000 0.550221 0.245516 0.245516 0.245516
6616.136230 0.000000 2392.758057 0.000000 0.944235 0.000000 0.329273 0.291548 0.291548 0.291548
6631.871094 0.000000 2392.779297 0.000000 0.915593 0.000000 0.402107 0.274784 0.274784 0.274784
6636.614746 0.000000 2421.600342 0.000000 0.930191 0.000000 0.367077 0.239868 0.239868 0.239868
6627.061035 0.000000 2427.660645 0.000000 0.876476 0.000000 0.481446 0.291347 0.291347 0.291347
6624.863281 0.000000 2393.168457 0.000000 0.866988 0.000000 0.498328 0.238805 0.238805 0.238805
6624.813965 0.000000 2410.198486 0.000000 0.910425 0.000000 0.413673 0.274596 0.274596 0.274596
6616.413086 0.000000 2425.761963 0.000000 0.859793 0.000000 0.510643 0.269284 0.269284 0.269284
6618.378418 0.000000 2423.017578 0.000000 0.735826 0.000000 0.677171 0.283651 0.283651 0.283651
6625.853027 0.000000 2440.592773 0.000000 0.762077 0.000000 0.647486 0.214830 0.214830 0.214830
6637.470215 0.000000 2457.055176 0.000000 0.606599 0.000000 0.795008 0.222697 0.222697 0.222697
6637.684570 0.000000 2471.738770 0.000000 0.819564 0.000000 0.572988 0.235201 0.235201 0.235201
6631.339844 0.000000 2430.410645 0.000000 0.920076 0.000000 0.391741 0.293051 0.293051 0.293051
6641.639160 0.000000 2484.584717 0.000000 0.802315 0.000000 0.596900 0.233835 0.233835 0.233835
6637.887207 0.000000 2468.060059 0.000000 0.872302 0.000000 0.488968 0.286493 0.286493 0.286493
6642.230469 0.000000 2479.784424 0.000000 0.748512 0.000000 0.663122 0.248501 0.248501 0.248501
6643.368652 0.000000 2480.313965 0.000000 0.891448 0.000000 0.453124 0.281882 0.281882 0.281882
6633.191895 0.000000 2431.274170 0.000000 0.652528 0.000000 0.757765 0.258022 0.258022 0.258022
6654.282715 0.000000 2501.433350 0.000000 0.738063 0.000000 0.674732 0.249341 0.249341 0.249341
6691.991211 0.000000 2275.101562 0.000000 0.940113 0.000000 0.340864 0.197716 0.197716 0.197716
6712.427734 0.000000 2311.246094 0.000000 0.638277 0.000000 0.769807 0.222063 0.222063 0.222063
6710.609375 0.000000 2287.223633 0.000000 0.934711 0.000000 0.355410 0.228112 0.228112 0.228112
6710.205566 0.000000 2294.588379 0.000000 0.821504 0.000000 0.570202 0.257290 0.257290 0.257290
6691.061035 0.000000 2314.691895 0.000000 0.861178 0.000000 0.508303 0.258784 0.258784 0.258784
6718.477051 0.000000 2284.781250 0.000000 0.883702 0.000000 0.468050 0.290734 0.290734 0.290734
6686.868164 0.000000 2280.117188 0.000000 0.808923 0.000000 0.587915 0.254393 0.254393 0.254393
6706.592773 0.000000 2265.086182 0.000000 0.770416 0.000000 0.637542 0.267038 0.267038 0.267038
6682.770996 0.000000 2268.975586 0.000000 0.620573 0.000000 0.784149 0.240236 0.240236 0.240236
6737.360840 0.000000 2305.535400 0.000000 0.950957 0.000000 0.309324 0.197849 0.197849 0.197849
6752.330078 0.000000 2313.672363 0.000000 0.940221 0.000000 0.340564 0.204916 0.204916 0.204916
6763.311523 0.000000 2284.522705 0.000000 0.925611 0.000000 0.378477 0.204606 0.204606 0.204606
6723.597168 0.000000 2284.481689 0.000000 0.849288 0.000000 0.527931 0.217194 0.217194 0.217194
6772.156250 0.000000 2277.743164 0.000000 0.947237 0.000000 0.320533 0.237157 0.237157 0.237157
6772.617188 0.000000 2312.731934 0.000000 0.915211 0.000000 0.402974 0.253926 0.253926 0.253926
6766.356934 0.000000 2276.672119 0.000000 0.794600 0.000000 0.607134 0.262409 0.262409 0.262409
6759.854004 0.000000 2270.423584 0.000000 0.595623 0.000000 0.803264 0.251997 0.251997 0.251997
6769.734375 0.000000 2277.484131 0.000000 0.634945 0.000000 0.772557 0.257203 0.257203 0.257203
6691.595703 0.000000 2335.971191 0.000000 0.807289 0.000000 0.590157 0.213884 0.213884 0.213884
6702.269531 0.000000 2351.160889 0.000000 0.898123 0.000000 0.439744 0.275227 0.275227 0.275227
6699.584473 0.000000 2354.934326 0.000000 0.616746 0.000000 0.787162 0.282863 0.282863 0.282863
6692.191406 0.000000 2327.564209 0.000000 0.841774 0.000000 0.539831 0.250932 0.250932 0.250932
6695.871094 0.000000 2336.294922 0.000000 0.822846 0.000000 0.568264 0.245785 0.245785 0.245785
6700.134277 0.000000 2350.840576 0.000000 0.929608 0.000000 0.368549 0.292791 0.292791 0.292791
6697.405762 0.000000 2353.712158 0.000000 0.741060 0.000000 0.671439 0.282761 0.282761 0.282761
6703.984863 0.000000 2349.439697 0.000000 0.649917 0.000000 0.760005 0.245269 0.245269 0.245269
6692.202637 0.000000 2319.508057 0.000000 0.759221 0.000000 0.650833 0.257501 0.257501 0.257501
6700.451660 0.000000 2359.471924 0.000000 0.704082 0.000000 0.710119 0.284918 0.284918 0.284918
6712.005371 0.000000 2321.966553 0.000000 0.769123 0.000000 0.639100 0.281932 0.281932 0.281932
6697.763184 0.000000 2337.879883 0.000000 0.887762 0.000000 0.460302 0.246745 0.246745 0.246745
6711.883789 0.000000 2361.908447 0.000000 0.746683 0.000000 0.665180 0.286483 0.286483 0.286483
6668.862793 0.000000 2360.521729 0.000000 0.763937 0.000000 0.645291 0.245156 0.245156 0.245156
6700.773926 0.000000 2351.782471 0.000000 0.875909 0.000000 0.482476 0.290384 0.290384 0.290384
6689.511719 0.000000 2324.918945 0.000000 0.809448 0.000000 0.587191 0.262232 0.262232 0.262232
6701.039062 0.000000 2353.282715 0.000000 0.741658 0.000000 0.670778 0.281756 0.281756 0.281756
6713.725098 0.000000 2348.362061 0.000000 0.871080 0.000000 0.491142 0.280671 0.280671 0.280671
6767.663086 0.000000 2325.871338 0.000000 0.721572 0.000000 0.692339 0.194864 0.194864 0.194864
6753.491699 0.000000 2321.754639 0.000000 0.916434 0.000000 0.400187 0.197388 0.197388 0.197388
6747.678223 0.000000 2320.873535 0.000000 0.805823 0.000000 0.592157 0.198487 0.198487 0.198487
6766.203125 0.000000 2339.380859 0.000000 0.836245 0.000000 0.548356 0.229174 0.229174 0.229174
6741.209473 0.000000 2322.721680 0.000000 0.748092 0.000000 0.663595 0.216738 0.216738 0.216738
6740.841797 0.000000 2350.425537 0.000000 0.919502 0.000000 0.393085 0.227177 0.227177 0.227177
6769.542480 0.000000 2337.288086 0.000000 0.928433 0.000000 0.371500 0.228484 0.228484 0.228484
6720.042480 0.000000 2349.290527 0.000000 0.719173 0.000000 0.694831 0.259272 0.259272 0.259272
6736.512207 0.000000 2351.604736 0.000000 0.790893 0.000000 0.611955 0.263882 0.263882 0.263882
6757.645508 0.000000 2351.639160 0.000000 0.798760 0.000000 0.601650 0.282713 0.282713 0.282713
6756.052246 0.000000 2355.302490 0.000000 0.724706 0.000000 0.689058 0.282363 0.282363 0.282363
6813.958984 0.000000 2269.575439 0.000000 0.876427 0.000000 0.481535 0.197826 0.197826 0.197826
6804.440918 0.000000 2314.881592 0.000000 0.922701 0.000000 0.385517 0.219158 0.219158 0.219158
6785.657715 0.000000 2259.878662 0.000000 0.919974 0.000000 0.391979 0.221794 0.221794 0.221794
6786.597656 0.000000 2272.840088 0.000000 0.716110 0.000000 0.697988 0.244309 0.244309 0.244309
6802.134277 0.000000 2315.775146 0.000000 0.628423 0.000000 0.777872 0.258603 0.258603 0.258603
6803.857422 0.000000 2312.071777 0.000000 0.828666 0.000000 0.559743 0.243803 0.243803 0.243803
6828.346191 0.000000 2307.014893 0.000000 0.856251 0.000000 0.516561 0.263398 0.263398 0.263398
6842.572266 0.000000 2259.410889 0.000000 0.921387 0.000000 0.388646 0.252510 0.252510 0.252510
6788.035156 0.000000 2322.079102 0.000000 0.757684 0.000000 0.652621 0.210043 0.210043 0.210043
6798.749512 0.000000 2315.890381 0.000000 0.894309 0.000000 0.447449 0.218013 0.218013 0.218013
6803.350098 0.000000 2318.213135 0.000000 0.636616 0.000000 0.771181 0.210699 0.210699 0.210699
6793.676758 0.000000 2330.535889 0.000000 0.638388 0.000000 0.769714 0.230279 0.230279 0.230279
6788.588867 0.000000 2325.496826 0.000000 0.858620 0.000000 0.512612 0.225344 0.225344 0.225344
6815.182129 0.000000 2363.358643 0.000000 0.838868 0.000000 0.544335 0.261898 0.261898 0.261898
6807.285645 0.000000 2355.569824 0.000000 0.735995 0.000000 0.676987 0.239477 0.239477 0.239477
6792.409180 0.000000 2330.678955 0.000000 0.662275 0.000000 0.749261 0.230609 0.230609 0.230609
6815.826172 0.000000 2367.435303 0.000000 0.936151 0.000000 0.351597 0.258928 0.258928 0.258928
6789.319336 0.000000 2335.827881 0.000000 0.809703 0.000000 0.586841 0.248658 0.248658 0.248658
6806.176758 0.000000 2353.282227 0.000000 0.637428 0.000000 0.770510 0.252689 0.252689 0.252689
6789.924316 0.000000 2331.498779 0.000000 0.918245 0.000000 0.396013 0.293001 0.293001 0.293001
6804.545898 0.000000 2348.019775 0.000000 0.902995 0.000000 0.429651 0.274333 0.274333 0.274333
6685.685059 0.000000 2407.098389 0.000000 0.827356 0.000000 0.561678 0.233237 0.233237 0.233237
6687.082031 0.000000 2408.491455 0.000000 0.865175 0.000000 0.501470 0.241419 0.241419 0.241419
6731.256348 0.000000 2425.377197 0.000000 0.926814 0.000000 0.375521 0.221958 0.221958 0.221958
6723.498047 0.000000 2373.101318 0.000000 0.694759 0.000000 0.719243 0.219163 0.219163 0.219163
6758.782227 0.000000 2400.353516 0.000000 0.779214 0.000000 0.626757 0.227150 0.227150 0.227150
6756.154785 0.000000 2380.046143 0.000000 0.846289 0.000000 0.532724 0.241008 0.241008 0.241008
6759.881348 0.000000 2372.406982 0.000000 0.932196 0.000000 0.361953 0.262010 0.262010 0.262010
6734.414551 0.000000 2421.621826 0.000000 0.947615 0.000000 0.319415 0.293949 0.293949 0.293949
6669.340332 0.000000 2469.054932 0.000000 0.740305 0.000000 0.672271 0.211398 0.211398 0.211398
6693.372070 0.000000 2432.892578 0.000000 0.749442 0.000000 0.662070 0.207312 0.207312 0.207312
6677.609863 0.000000 2461.477051 0.000000 0.766517 0.000000 0.642224 0.208577 0.208577 0.208577
6667.461426 0.000000 2456.422607 0.000000 0.644706 0.000000 0.764430 0.216474 0.216474 0.216474
6695.522949 0.000000 2432.826172 0.000000 0.799134 0.000000 0.601152 0.226947 0.226947 0.226947
6662.988770 0.000000 2470.288330 0.000000 0.730252 0.000000 0.683177 0.249714 0.249714 0.249714
6692.343262 0.000000 2435.369385 0.000000 0.895531 0.000000 0.444999 0.291313 0.291313 0.291313
6670.047363 0.000000 2456.025391 0.000000 0.595500 0.000000 0.803355 0.264046 0.264046 0.264046
6666.347656 0.000000 2468.897705 0.000000 0.925864 0.000000 0.377856 0.256952 0.256952 0.256952
6663.968750 0.000000 2469.781250 0.000000 0.646864 0.000000 0.762605 0.279084 0.279084 0.279084
6697.729980 0.000000 2434.800049 0.000000 0.712686 0.000000 0.701483 0.286054 0.286054 0.286054
6665.062988 0.000000 2470.808105 0.000000 0.748201 0.000000 0.663472 0.286743 0.286743 0.286743
6778.561523 0.000000 2460.587402 0.000000 0.918104 0.000000 0.396339 0.206082 0.206082 0.206082
6733.704590 0.000000 2441.654785 0.000000 0.649490 0.000000 0.760370 0.202542 0.202542 0.202542
6771.561035 0.000000 2455.090088 0.000000 0.930139 0.000000 0.367209 0.213376 0.213376 0.213376
6758.074219 0.000000 2438.674805 0.000000 0.817686 0.000000 0.575664 0.232005 0.232005 0.232005
6778.264648 0.000000 2479.466064 0.000000 0.811824 0.000000 0.583903 0.252365 0.252365 0.252365
6762.844238 0.000000 2437.728027 0.000000 0.762796 0.000000 0.646639 0.270472 0.270472 0.270472
6771.089355 0.000000 2457.824951 0.000000 0.698066 0.000000 0.716033 0.272106 0.272106 0.272106
6732.067383 0.000000 2428.915283 0.000000 0.709191 0.000000 0.705016 0.285056 0.285056 0.285056
6738.082520 0.000000 2428.890381 0.000000 0.888557 0.000000 0.458767 0.280724 0.280724 0.280724
6846.582031 0.000000 2387.210938 0.000000 0.775187 0.000000 0.631732 0.195476 0.195476 0.195476
6843.815430 0.000000 2391.063477 0.000000 0.783020 0.000000 0.621996 0.201920 0.201920 0.201920
6784.369629 0.000000 2383.245605 0.000000 0.938978 0.000000 0.343976 0.225521 0.225521 0.225521
6796.996094 0.000000 2402.175537 0.000000 0.726548 0.000000 0.687116 0.231028 0.231028 0.231028
6794.576172 0.000000 2402.687500 0.000000 0.786236 0.000000 0.617927 0.230410 0.230410 0.230410
6831.984863 0.000000 2405.924072 0.000000 0.683936 0.000000 0.729542 0.255538 0.255538 0.255538
6839.950684 0.000000 2410.527832 0.000000 0.910700 0.000000 0.413069 0.288434 0.288434 0.288434
6831.705078 0.000000 2403.627686 0.000000 0.740080 0.000000 0.672518 0.286603 0.286603 0.286603
6796.518066 0.000000 2400.934082 0.000000 0.939214 0.000000 0.343332 0.261198 0.261198 0.261198
6785.121582 0.000000 2389.452148 0.000000 0.703583 0.000000 0.710613 0.285911 0.285911 0.285911
6830.525879 0.000000 2400.072021 0.000000 0.918462 0.000000 0.395510 0.288221 0.288221 0.288221
6839.966309 0.000000 2408.239502 0.000000 0.618809 0.000000 0.785541 0.282478 0.282478 0.282478
6784.125977 0.000000 2391.765625 0.000000 0.712703 0.000000 0.701465 0.286404 0.286404 0.286404
6844.561035 0.000000 2391.847656 0.000000 0.706001 0.000000 0.708211 0.264125 0.264125 0.264125
6879.330566 0.000000 2404.764893 0.000000 0.704539 0.000000 0.709666 0.198934 0.198934 0.198934
6875.529297 0.000000 2403.029785 0.000000 0.734677 0.000000 0.678417 0.221780 0.221780 0.221780
6877.854004 0.000000 2401.536133 0.000000 0.609435 0.000000 0.792836 0.284230 0.284230 0.284230
6849.312988 0.000000 2391.829346 0.000000 0.940802 0.000000 0.338955 0.275798 0.275798 0.275798
6869.042969 0.000000 2400.247559 0.000000 0.599399 0.000000 0.800451 0.253570 0.253570 0.253570
6852.470703 0.000000 2407.332764 0.000000 0.804103 0.000000 0.594489 0.265749 0.265749 0.265749
6863.586426 0.000000 2398.213135 0.000000 0.931589 0.000000 0.363514 0.293494 0.293494 0.293494
6802.817383 0.000000 2459.271973 0.000000 0.809936 0.000000 0.586518 0.195854 0.195854 0.195854
6799.223145 0.000000 2457.174561 0.000000 0.777514 0.000000 0.628866 0.246451 0.246451 0.246451
6802.479492 0.000000 2475.471680 0.000000 0.934967 0.000000 0.354734 0.252421 0.252421 0.252421
7054.007324 0.000000 2290.265137 0.000000 0.945529 0.000000 0.325538 0.197864 0.197864 0.197864
7084.760254 0.000000 2297.880127 0.000000 0.671215 0.000000 0.741262 0.194601 0.194601 0.194601
7058.979980 0.000000 2299.388916 0.000000 0.810878 0.000000 0.585216 0.208639 0.208639 0.208639
7070.288086 0.000000 2313.837402 0.000000 0.765325 0.000000 0.643644 0.210142 0.210142 0.210142
7063.366211 0.000000 2262.027588 0.000000 0.808651 0.000000 0.588288 0.212845 0.212845 0.212845
7061.555664 0.000000 2263.459961 0.000000 0.922385 0.000000 0.386271 0.224011 0.224011 0.224011
7060.029785 0.000000 2263.301758 0.000000 0.785782 0.000000 0.618503 0.221476 0.221476 0.221476
7074.757812 0.000000 2264.836914 0.000000 0.843795 0.000000 0.536666 0.242012 0.242012 0.242012
7079.339844 0.000000 2260.957520 0.000000 0.776702 0.000000 0.629869 0.233915 0.233915 0.233915
7070.521973 0.000000 2292.820801 0.000000 0.848559 0.000000 0.529100 0.279972 0.279972 0.279972
7094.683594 0.000000 2289.936768 0.000000 0.782887 0.000000 0.622164 0.257477 0.257477 0.257477
7074.554688 0.000000 2269.089111 0.000000 0.922473 0.000000 0.386062 0.281989 0.281989 0.281989
7069.817383 0.000000 2299.254395 0.000000 0.709523 0.000000 0.704683 0.232843 0.232843 0.232843
7076.740723 0.000000 2284.477051 0.000000 0.884913 0.000000 0.465756 0.291491 0.291491 0.291491
7079.881348 0.000000 2259.438232 0.000000 0.825077 0.000000 0.565020 0.272524 0.272524 0.272524
7074.421875 0.000000 2295.866943 0.000000 0.600079 0.000000 0.799941 0.283472 0.283472 0.283472
7074.136719 0.000000 2287.498779 0.000000 0.730292 0.000000 0.683135 0.286144 0.286144 0.286144
7077.606445 0.000000 2262.294434 0.000000 0.761444 0.000000 0.648231 0.273012 0.273012 0.273012
7077.645508 0.000000 2295.154785 0.000000 0.627392 0.000000 0.778703 0.284557 0.284557 0.284557
7077.876953 0.000000 2283.192383 0.000000 0.898890 0.000000 0.438173 0.271537 0.271537 0.271537
6656.369629 0.000000 2496.214355 0.000000 0.941975 0.000000 0.335682 0.228317 0.228317 0.228317
6664.364746 0.000000 2485.769287 0.000000 0.950132 0.000000 0.311849 0.232366 0.232366 0.232366
6685.510254 0.000000 2499.375488 0.000000 0.848835 0.000000 0.528658 0.235770 0.235770 0.235770
6658.597656 0.000000 2498.777588 0.000000 0.675721 0.000000 0.737158 0.252840 0.252840 0.252840
6675.389160 0.000000 2497.895264 0.000000 0.601304 0.000000 0.799020 0.253601 0.253601 0.253601
6671.853516 0.000000 2500.049805 0.000000 0.775924 0.000000 0.630826 0.258885 0.258885 0.258885
6672.122070 0.000000 2496.246338 0.000000 0.825650 0.000000 0.564183 0.284507 0.284507 0.284507
6684.718750 0.000000 2495.812988 0.000000 0.786476 0.000000 0.617620 0.252875 0.252875 0.252875
6683.824219 0.000000 2498.174072 0.000000 0.915863 0.000000 0.401491 0.292342 0.292342 0.292342
6664.070801 0.000000 2489.105225 0.000000 0.915685 0.000000 0.401898 0.292132 0.292132 0.292132
6661.924316 0.000000 2500.951904 0.000000 0.735274 0.000000 0.677770 0.269852 0.269852 0.269852
6683.859375 0.000000 2500.457764 0.000000 0.912759 0.000000 0.408498 0.255456 0.255456 0.255456
7293.248047 0.000000 2361.861328 0.000000 0.937360 0.000000 0.348362 0.197681 0.197681 0.197681
7257.774414 0.000000 2365.558594 0.000000 0.796829 0.000000 0.604205 0.210562 0.210562 0.210562
7262.526367 0.000000 2360.314697 0.000000 0.879755 0.000000 0.475428 0.250263 0.250263 0.250263
7228.159668 0.000000 2389.979980 0.000000 0.772443 0.000000 0.635084 0.287064 0.287064 0.287064
7257.916992 0.000000 2417.109863 0.000000 0.916123 0.000000 0.400897 0.197189 0.197189 0.197189
7261.422852 0.000000 2410.895508 0.000000 0.600122 0.000000 0.799909 0.193565 0.193565 0.193565
7242.329590 0.000000 2397.048340 0.000000 0.942940 0.000000 0.332963 0.200075 0.200075 0.200075
7295.814453 0.000000 2390.788330 0.000000 0.663636 0.000000 0.748056 0.200083 0.200083 0.200083
7268.742188 0.000000 2425.548828 0.000000 0.688577 0.000000 0.725163 0.210250 0.210250 0.210250
7292.180664 0.000000 2406.446289 0.000000 0.724732 0.000000 0.689030 0.204920 0.204920 0.204920
7262.652344 0.000000 2384.429199 0.000000 0.824694 0.000000 0.565580 0.214143 0.214143 0.214143
7265.519531 0.000000 2380.204834 0.000000 0.809428 0.000000 0.587219 0.212327 0.212327 0.212327
7283.609375 0.000000 2407.692871 0.000000 0.947730 0.000000 0.319074 0.219247 0.219247 0.219247
7257.742188 0.000000 2401.395020 0.000000 0.949352 0.000000 0.314215 0.227451 0.227451 0.227451
7255.035156 0.000000 2382.780762 0.000000 0.920705 0.000000 0.390259 0.227746 0.227746 0.227746
7274.351562 0.000000 2421.432129 0.000000 0.901067 0.000000 0.433680 0.269483 0.269483 0.269483
7258.203125 0.000000 2404.949707 0.000000 0.885303 0.000000 0.465015 0.243487 0.243487 0.243487
7277.710938 0.000000 2423.542969 0.000000 0.590629 0.000000 0.806943 0.260955 0.260955 0.260955
7265.799316 0.000000 2411.229736 0.000000 0.909558 0.000000 0.415576 0.286264 0.286264 0.286264
7273.763184 0.000000 2394.364258 0.000000 0.796825 0.000000 0.604211 0.256217 0.256217 0.256217
7293.398438 0.000000 2415.156738 0.000000 0.866499 0.000000 0.499179 0.290018 0.290018 0.290018
7271.291504 0.000000 2411.349365 0.000000 0.826331 0.000000 0.563185 0.287642 0.287642 0.287642
7276.194824 0.000000 2440.905518 0.000000 0.917712 0.000000 0.397246 0.197195 0.197195 0.197195
7275.071777 0.000000 2439.406738 0.000000 0.843993 0.000000 0.536354 0.212316 0.212316 0.212316
7286.904297 0.000000 2465.136475 0.000000 0.735098 0.000000 0.677960 0.225435 0.225435 0.225435
7291.962402 0.000000 2467.776367 0.000000 0.685163 0.000000 0.728389 0.230418 0.230418 0.230418
7282.572266 0.000000 2453.542725 0.000000 0.867058 0.000000 0.498207 0.245176 0.245176 0.245176
7294.281738 0.000000 2481.895752 0.000000 0.723240 0.000000 0.690597 0.285441 0.285441 0.285441
7278.200195 0.000000 2429.937988 0.000000 0.695158 0.000000 0.718857 0.234176 0.234176 0.234176
7294.572266 0.000000 2479.345947 0.000000 0.818741 0.000000 0.574163 0.246749 0.246749 0.246749
7287.669922 0.000000 2462.492676 0.000000 0.923575 0.000000 0.383419 0.256338 0.256338 0.256338
7287.347168 0.000000 2484.879395 0.000000 0.924495 0.000000 0.381195 0.251535 0.251535 0.251535
7287.038086 0.000000 2476.828125 0.000000 0.689634 0.000000 0.724159 0.262781 0.262781 0.262781
7288.073242 0.000000 2468.266846 0.000000 0.675318 0.000000 0.737527 0.270615 0.270615 0.270615
7301.832520 0.000000 2404.209473 0.000000 0.884549 0.000000 0.466448 0.215679 0.215679 0.215679
7301.933594 0.000000 2413.180420 0.000000 0.896450 0.000000 0.443144 0.246972 0.246972 0.246972
7306.234863 0.000000 2476.273926 0.000000 0.636140 0.000000 0.771574 0.203445 0.203445 0.203445
7303.546875 0.000000 2460.133057 0.000000 0.917230 0.000000 0.398357 0.212553 0.212553 0.212553
7314.397949 0.000000 2450.963379 0.000000 0.775608 0.000000 0.631214 0.230235 0.230235 0.230235
7297.354492 0.000000 2470.544189 0.000000 0.894528 0.000000 0.447012 0.248521 0.248521 0.248521
7300.470703 0.000000 2463.817139 0.000000 0.740857 0.000000 0.671663 0.254038 0.254038 0.254038
7304.362793 0.000000 2484.613037 0.000000 0.743271 0.000000 0.668991 0.264897 0.264897 0.264897
7319.105469 0.000000 2473.011475 0.000000 0.774370 0.000000 0.632733 0.244830 0.244830 0.244830
7299.692383 0.000000 2462.129150 0.000000 0.609888 0.000000 0.792488 0.263806 0.263806 0.263806
7303.583496 0.000000 2481.081543 0.000000 0.609716 0.000000 0.792620 0.256765 0.256765 0.256765
7283.213867 0.000000 2531.569824 0.000000 0.629203 0.000000 0.777241 0.194066 0.194066 0.194066
7286.205566 0.000000 2520.525879 0.000000 0.837763 0.000000 0.546034 0.272866 0.272866 0.272866
7282.230469 0.000000 2536.268799 0.000000 0.724919 0.000000 0.688834 0.280842 0.280842 0.280842
7289.571289 0.000000 2525.168213 0.000000 0.849471 0.000000 0.527636 0.248472 0.248472 0.248472
7283.663574 0.000000 2542.965332 0.000000 0.827516 0.000000 0.561443 0.219490 0.219490 0.219490
7293.505859 0.000000 2549.873291 0.000000 0.655303 0.000000 0.755366 0.247905 0.247905 0.247905
7302.753418 0.000000 2490.477295 0.000000 0.807631 0.000000 0.589689 0.238132 0.238132 0.238132
7348.147949 0.000000 2540.474609 0.000000 0.896156 0.000000 0.443739 0.289455 0.289455 0.289455
7301.292969 0.000000 2491.329834 0.000000 0.917308 0.000000 0.398179 0.244872 0.244872 0.244872
7349.900391 0.000000 2536.687256 0.000000 0.857033 0.000000 0.515261 0.290614 0.290614 0.290614
7302.916992 0.000000 2487.736328 0.000000 0.687497 0.000000 0.726187 0.284477 0.284477 0.284477
7305.386230 0.000000 2492.583008 0.000000 0.862165 0.000000 0.506628 0.290729 0.290729 0.290729
7316.094727 0.000000 2557.197754 0.000000 0.594854 0.000000 0.803834 0.193590 0.193590 0.193590
7352.246582 0.000000 2544.653809 0.000000 0.913701 0.000000 0.406388 0.206538 0.206538 0.206538
7330.177734 0.000000 2568.729980 0.000000 0.843430 0.000000 0.537240 0.210176 0.210176 0.210176
7339.722656 0.000000 2597.120117 0.000000 0.808459 0.000000 0.588552 0.209135 0.209135 0.209135
7359.883789 0.000000 2580.536377 0.000000 0.786556 0.000000 0.617518 0.223590 0.223590 0.223590
7339.440918 0.000000 2549.485352 0.000000 0.686320 0.000000 0.727299 0.224751 0.224751 0.224751
7316.600586 0.000000 2552.818848 0.000000 0.920955 0.000000 0.389669 0.234219 0.234219 0.234219
7358.420410 0.000000 2555.137695 0.000000 0.656468 0.000000 0.754354 0.232068 0.232068 0.232068
7317.353516 0.000000 2577.686768 0.000000 0.734095 0.000000 0.679047 0.243069 0.243069 0.243069
7334.074219 0.000000 2551.643555 0.000000 0.682341 0.000000 0.731035 0.232954 0.232954 0.232954
7327.182129 0.000000 2589.296143 0.000000 0.904184 0.000000 0.427142 0.253060 0.253060 0.253060
7355.996582 0.000000 2549.065918 0.000000 0.881598 0.000000 0.472001 0.260925 0.260925 0.260925
7330.554688 0.000000 2551.510986 0.000000 0.891690 0.000000 0.452646 0.265997 0.265997 0.265997
7300.727051 0.000000 2549.047852 0.000000 0.710919 0.000000 0.703274 0.245251 0.245251 0.245251
7356.166992 0.000000 2588.378174 0.000000 0.631328 0.000000 0.775516 0.284412 0.284412 0.284412
7330.360840 0.000000 2587.170166 0.000000 0.631326 0.000000 0.775518 0.254611 0.254611 0.254611
7336.053711 0.000000 2594.151123 0.000000 0.939860 0.000000 0.341559 0.293395 0.293395 0.293395
7324.429199 0.000000 2581.140381 0.000000 0.616540 0.000000 0.787323 0.258394 0.258394 0.258394
7334.706543 0.000000 2587.133057 0.000000 0.878512 0.000000 0.477721 0.274585 0.274585 0.274585
7355.344238 0.000000 2578.433838 0.000000 0.727923 0.000000 0.685659 0.240377 0.240377 0.240377
7355.012207 0.000000 2590.223633 0.000000 0.895178 0.000000 0.445709 0.284660 0.284660 0.284660
7327.890137 0.000000 2588.038086 0.000000 0.749296 0.000000 0.662235 0.249550 0.249550 0.249550
7354.145020 0.000000 2586.940918 0.000000 0.886836 0.000000 0.462085 0.271147 0.271147 0.271147
7334.709473 0.000000 2552.604492 0.000000 0.894393 0.000000 0.447282 0.266081 0.266081 0.266081
7322.672852 0.000000 2580.072266 0.000000 0.889288 0.000000 0.457348 0.291764 0.291764 0.291764
7328.087402 0.000000 2581.916016 0.000000 0.724268 0.000000 0.689518 0.255265 0.255265 0.255265
7332.531250 0.000000 2585.942871 0.000000 0.765000 0.000000 0.644031 0.279775 0.279775 0.279775
7356.561035 0.000000 2561.300781 0.000000 0.945609 0.000000 0.325305 0.292693 0.292693 0.292693
7337.191895 0.000000 2544.242920 0.000000 0.904703 0.000000 0.426043 0.287136 0.287136 0.287136
7357.764648 0.000000 2579.452881 0.000000 0.922785 0.000000 0.385315 0.289471 0.289471 0.289471
7391.005371 0.000000 2576.701660 0.000000 0.872797 0.000000 0.488083 0.200995 0.200995 0.200995
7363.095703 0.000000 2557.247070 0.000000 0.733101 0.000000 0.680120 0.213924 0.213924 0.213924
7362.875977 0.000000 2574.383545 0.000000 0.638178 0.000000 0.769889 0.233859 0.233859 0.233859
7360.042480 0.000000 2575.228027 0.000000 0.771830 0.000000 0.635829 0.246343 0.246343 0.246343
7365.044922 0.000000 2572.673584 0.000000 0.756638 0.000000 0.653834 0.286977 0.286977 0.286977
7361.354492 0.000000 2583.512939 0.000000 0.790306 0.000000 0.612713 0.238338 0.238338 0.238338
7364.693359 0.000000 2574.437256 0.000000 0.693906 0.000000 0.720065 0.285173 0.285173 0.285173
7377.980469 0.000000 2581.052490 0.000000 0.860638 0.000000 0.509218 0.266150 0.266150 0.266150
7386.586914 0.000000 2573.322266 0.000000 0.863455 0.000000 0.504426 0.262538 0.262538 0.262538
7363.149902 0.000000 2587.590088 0.000000 0.716075 0.000000 0.698023 0.245339 0.245339 0.245339
7336.974609 0.000000 2609.802734 0.000000 0.800049 0.000000 0.599934 0.195647 0.195647 0.195647
7343.286621 0.000000 2600.054688 0.000000 0.862396 0.000000 0.506234 0.228077 0.228077 0.228077
7328.240234 0.000000 2612.251221 0.000000 0.715537 0.000000 0.698575 0.228270 0.228270 0.228270
7342.200195 0.000000 2599.391113 0.000000 0.692505 0.000000 0.721413 0.264874 0.264874 0.264874
7333.606445 0.000000 2601.200684 0.000000 0.769879 0.000000 0.638189 0.287818 0.287818 0.287818
7347.016113 0.000000 2675.616699 0.000000 0.945859 0.000000 0.324577 0.197722 0.197722 0.197722
7330.087402 0.000000 2679.820801 0.000000 0.877322 0.000000 0.479902 0.215546 0.215546 0.215546
7333.106445 0.000000 2667.363525 0.000000 0.589246 0.000000 0.807954 0.226059 0.226059 0.226059
7335.388184 0.000000 2672.826416 0.000000 0.593132 0.000000 0.805105 0.228147 0.228147 0.228147
7335.319336 0.000000 2679.478271 0.000000 0.615924 0.000000 0.787805 0.227931 0.227931 0.227931
7337.849121 0.000000 2665.437744 0.000000 0.908441 0.000000 0.418014 0.279844 0.279844 0.279844
7336.053711 0.000000 2707.119873 0.000000 0.856621 0.000000 0.515947 0.290377 0.290377 0.290377
7339.903809 0.000000 2711.357422 0.000000 0.610963 0.000000 0.791659 0.248711 0.248711 0.248711
7366.251953 0.000000 2750.390381 0.000000 0.949537 0.000000 0.313654 0.241574 0.241574 0.241574
7372.904785 0.000000 2738.732422 0.000000 0.685879 0.000000 0.727715 0.241752 0.241752 0.241752
7360.489258 0.000000 2742.672119 0.000000 0.689766 0.000000 0.724032 0.253601 0.253601 0.253601
7323.698730 0.000000 2814.233643 0.000000 0.903660 0.000000 0.428251 0.202033 0.202033 0.202033
7325.264648 0.000000 2814.515625 0.000000 0.747467 0.000000 0.664299 0.227703 0.227703 0.227703
7345.044434 0.000000 2816.814697 0.000000 0.919098 0.000000 0.394029 0.237398 0.237398 0.237398
7346.448730 0.000000 2810.959229 0.000000 0.870919 0.000000 0.491426 0.259571 0.259571 0.259571
7334.709473 0.000000 2778.541992 0.000000 0.636187 0.000000 0.771535 0.275350 0.275350 0.275350
7231.163574 0.000000 2913.377686 0.000000 0.699556 0.000000 0.714578 0.202023 0.202023 0.202023
7340.760254 0.000000 2862.723877 0.000000 0.660638 0.000000 0.750704 0.194509 0.194509 0.194509
7341.814941 0.000000 2860.764893 0.000000 0.788721 0.000000 0.614751 0.201990 0.201990 0.201990
7349.929688 0.000000 2840.289551 0.000000 0.643938 0.000000 0.765077 0.207673 0.207673 0.207673
7341.387695 0.000000 2857.006836 0.000000 0.692061 0.000000 0.721839 0.220684 0.220684 0.220684
7339.575684 0.000000 2854.948975 0.000000 0.678223 0.000000 0.734856 0.232379 0.232379 0.232379
7350.908203 0.000000 2836.092773 0.000000 0.894390 0.000000 0.447289 0.228741 0.228741 0.228741
7340.134277 0.000000 2859.199951 0.000000 0.700180 0.000000 0.713966 0.238378 0.238378 0.238378
7350.395020 0.000000 2834.281982 0.000000 0.940490 0.000000 0.339821 0.249376 0.249376 0.249376
7337.168457 0.000000 2855.776123 0.000000 0.937051 0.000000 0.349192 0.293869 0.293869 0.293869
7339.242188 0.000000 2841.275146 0.000000 0.879175 0.000000 0.476500 0.266679 0.266679 0.266679
7337.081055 0.000000 2851.736084 0.000000 0.848876 0.000000 0.528592 0.289447 0.289447 0.289447
7341.431152 0.000000 2884.754883 0.000000 0.944601 0.000000 0.328222 0.214812 0.214812 0.214812
"}
object={
	name="rainforest_sparse_generator_3_2"
	clamp_to_water_level=no
	render_under_water=no
	generated_content=yes
	layer="semidynamic_high"
	pdxmesh="tree_rainforest_004_mesh"
	count=1982
	transform="2419.955811 0.000000 1231.606812 0.000000 0.985111 0.000000 0.171921 0.265193 0.265193 0.265193
2440.280029 0.000000 1220.402832 0.000000 0.999757 0.000000 -0.022055 0.218395 0.218395 0.218395
2435.093750 0.000000 1216.241821 0.000000 0.955815 0.000000 0.293970 0.228745 0.228745 0.228745
2433.280029 0.000000 1220.021240 0.000000 0.999159 0.000000 -0.041001 0.243301 0.243301 0.243301
2433.354248 0.000000 1227.887939 0.000000 0.977318 0.000000 -0.211776 0.304060 0.304060 0.304060
2438.969727 0.000000 1218.495972 0.000000 0.980413 0.000000 -0.196951 0.303519 0.303519 0.303519
2439.767090 0.000000 1212.174683 0.000000 0.974539 0.000000 -0.224217 0.257912 0.257912 0.257912
2439.807129 0.000000 1219.373535 0.000000 0.980931 0.000000 -0.194358 0.303472 0.303472 0.303472
2439.204834 0.000000 1215.154541 0.000000 0.967885 0.000000 0.251395 0.295166 0.295166 0.295166
2447.671387 0.000000 1244.185303 0.000000 0.959504 0.000000 0.281696 0.198004 0.198004 0.198004
2438.070312 0.000000 1249.696167 0.000000 0.956398 0.000000 -0.292067 0.207525 0.207525 0.207525
2444.215576 0.000000 1253.512573 0.000000 0.976913 0.000000 -0.213637 0.254345 0.254345 0.254345
2157.684570 0.000000 1793.926392 0.000000 0.999025 0.000000 -0.044147 0.246711 0.246711 0.246711
2155.584473 0.000000 1790.090576 0.000000 0.996432 0.000000 -0.084394 0.269769 0.269769 0.269769
2154.410156 0.000000 1792.051392 0.000000 0.993976 0.000000 -0.109600 0.251975 0.251975 0.251975
2160.795654 0.000000 1761.040649 0.000000 0.967087 0.000000 0.254447 0.287982 0.287982 0.287982
2191.939697 0.000000 1749.229126 0.000000 0.981450 0.000000 -0.191716 0.303338 0.303338 0.303338
2192.554199 0.000000 1747.306152 0.000000 0.975032 0.000000 -0.222065 0.282566 0.282566 0.282566
2266.245850 0.000000 1713.043091 0.000000 0.998011 0.000000 0.063032 0.202624 0.202624 0.202624
2268.979980 0.000000 1709.810425 0.000000 0.999933 0.000000 0.011579 0.208594 0.208594 0.208594
2259.935547 0.000000 1704.289673 0.000000 0.995267 0.000000 -0.097182 0.221297 0.221297 0.221297
2270.669189 0.000000 1710.147705 0.000000 0.958791 0.000000 0.284113 0.294681 0.294681 0.294681
2183.807129 0.000000 1784.217285 0.000000 0.978222 0.000000 -0.207562 0.280627 0.280627 0.280627
2177.144287 0.000000 1776.469849 0.000000 0.967602 0.000000 0.252481 0.280409 0.280409 0.280409
2316.457520 0.000000 1689.822754 0.000000 0.961159 0.000000 -0.275997 0.201927 0.201927 0.201927
2319.446289 0.000000 1710.549316 0.000000 0.999930 0.000000 -0.011825 0.225599 0.225599 0.225599
2322.265625 0.000000 1697.239868 0.000000 0.993128 0.000000 -0.117034 0.275888 0.275888 0.275888
2410.288330 0.000000 1717.679077 0.000000 0.993442 0.000000 -0.114337 0.200772 0.200772 0.200772
1779.290894 0.000000 1930.892822 0.000000 0.978281 0.000000 0.207284 0.218627 0.218627 0.218627
1841.743164 0.000000 1903.630127 0.000000 0.994509 0.000000 -0.104651 0.287052 0.287052 0.287052
1820.472534 0.000000 1909.500610 0.000000 0.998210 0.000000 0.059802 0.283398 0.283398 0.283398
1822.526123 0.000000 1908.439819 0.000000 0.972870 0.000000 0.231354 0.295900 0.295900 0.295900
1914.264893 0.000000 1914.622314 0.000000 0.992464 0.000000 -0.122540 0.243620 0.243620 0.243620
1916.293213 0.000000 1920.307251 0.000000 0.991816 0.000000 -0.127674 0.302258 0.302258 0.302258
1974.382080 0.000000 1893.312012 0.000000 0.953844 0.000000 0.300302 0.197982 0.197982 0.197982
1981.638184 0.000000 1883.707642 0.000000 0.954040 0.000000 -0.299681 0.203566 0.203566 0.203566
1948.161133 0.000000 1912.596436 0.000000 0.972772 0.000000 0.231765 0.213469 0.213469 0.213469
1932.955688 0.000000 1919.848511 0.000000 0.964837 0.000000 -0.262851 0.238839 0.238839 0.238839
1956.170776 0.000000 1918.380981 0.000000 0.996681 0.000000 0.081405 0.298529 0.298529 0.298529
1947.631348 0.000000 1919.834351 0.000000 0.979515 0.000000 -0.201372 0.285695 0.285695 0.285695
1929.561035 0.000000 1915.129883 0.000000 0.998313 0.000000 -0.058055 0.301027 0.301027 0.301027
2041.993408 0.000000 1900.580200 0.000000 0.969826 0.000000 0.243797 0.219944 0.219944 0.219944
2037.881348 0.000000 1906.144043 0.000000 0.978162 0.000000 0.207846 0.296072 0.296072 0.296072
1901.470337 0.000000 1948.695801 0.000000 0.994047 0.000000 -0.108949 0.233848 0.233848 0.233848
1907.336914 0.000000 1942.580444 0.000000 0.979441 0.000000 -0.201731 0.303659 0.303659 0.303659
1909.577026 0.000000 1939.414795 0.000000 0.984397 0.000000 0.175962 0.296907 0.296907 0.296907
1865.525391 0.000000 1999.000854 0.000000 0.972517 0.000000 0.232831 0.240314 0.240314 0.240314
1866.277832 0.000000 2013.004761 0.000000 0.987432 0.000000 0.158045 0.271436 0.271436 0.271436
1947.969971 0.000000 1921.450928 0.000000 0.990231 0.000000 0.139436 0.248524 0.248524 0.248524
2024.688843 0.000000 1944.869263 0.000000 0.973282 0.000000 -0.229613 0.210470 0.210470 0.210470
2040.379395 0.000000 1934.849487 0.000000 0.994741 0.000000 -0.102423 0.235481 0.235481 0.235481
2024.166626 0.000000 1933.074829 0.000000 0.969613 0.000000 0.244644 0.295446 0.295446 0.295446
2035.413452 0.000000 1940.019287 0.000000 0.999998 0.000000 -0.001918 0.263050 0.263050 0.263050
2034.448486 0.000000 1963.693604 0.000000 0.994182 0.000000 -0.107709 0.292206 0.292206 0.292206
2041.239868 0.000000 1963.798096 0.000000 0.993611 0.000000 -0.112857 0.287747 0.287747 0.287747
2025.849365 0.000000 1931.140869 0.000000 0.997507 0.000000 -0.070562 0.301341 0.301341 0.301341
2036.589600 0.000000 1963.887451 0.000000 0.979384 0.000000 -0.202009 0.303771 0.303771 0.303771
2027.277710 0.000000 1933.481323 0.000000 0.955291 0.000000 -0.295667 0.272684 0.272684 0.272684
1846.646973 0.000000 2051.926025 0.000000 0.999777 0.000000 -0.021100 0.270597 0.270597 0.270597
1854.358276 0.000000 2040.309204 0.000000 0.999472 0.000000 0.032485 0.299379 0.299379 0.299379
1857.219482 0.000000 2041.456055 0.000000 0.996874 0.000000 0.079002 0.253116 0.253116 0.253116
1947.877563 0.000000 2214.381592 0.000000 0.996249 0.000000 -0.086530 0.218381 0.218381 0.218381
1948.834961 0.000000 2211.566406 0.000000 0.986584 0.000000 -0.163255 0.251465 0.251465 0.251465
2016.618042 0.000000 2206.256348 0.000000 0.994596 0.000000 -0.103825 0.200696 0.200696 0.200696
2010.245850 0.000000 2221.402588 0.000000 0.991926 0.000000 -0.126818 0.202305 0.202305 0.202305
2018.143921 0.000000 2253.880127 0.000000 0.988123 0.000000 -0.153664 0.237703 0.237703 0.237703
1986.009399 0.000000 2223.939453 0.000000 0.997978 0.000000 0.063568 0.239385 0.239385 0.239385
2037.408569 0.000000 2231.304199 0.000000 0.978164 0.000000 0.207837 0.243334 0.243334 0.243334
2015.169800 0.000000 2216.128174 0.000000 0.960975 0.000000 -0.276636 0.246466 0.246466 0.246466
1996.517944 0.000000 2231.480957 0.000000 0.990845 0.000000 0.135004 0.247471 0.247471 0.247471
2019.980591 0.000000 2250.684082 0.000000 0.988097 0.000000 0.153832 0.251113 0.251113 0.251113
2150.792969 0.000000 1810.312012 0.000000 0.951362 0.000000 0.308076 0.202449 0.202449 0.202449
2153.855957 0.000000 1808.515625 0.000000 0.990812 0.000000 0.135246 0.259066 0.259066 0.259066
2183.767090 0.000000 1833.502808 0.000000 0.960002 0.000000 0.279992 0.294952 0.294952 0.294952
2181.924316 0.000000 1823.139404 0.000000 0.974384 0.000000 -0.224889 0.276287 0.276287 0.276287
2092.128174 0.000000 1947.910034 0.000000 0.996072 0.000000 0.088545 0.199380 0.199380 0.199380
2078.725830 0.000000 1924.061279 0.000000 0.986100 0.000000 0.166154 0.209606 0.209606 0.209606
2048.042236 0.000000 1953.899902 0.000000 0.999777 0.000000 -0.021108 0.264421 0.264421 0.264421
2052.561035 0.000000 1966.750244 0.000000 0.989884 0.000000 0.141881 0.288195 0.288195 0.288195
2083.546631 0.000000 1973.428833 0.000000 0.999965 0.000000 0.008347 0.259559 0.259559 0.259559
2073.064697 0.000000 1971.107422 0.000000 0.964944 0.000000 0.262456 0.294928 0.294928 0.294928
2079.222900 0.000000 1974.303345 0.000000 0.954521 0.000000 -0.298143 0.270403 0.270403 0.270403
2083.200439 0.000000 1989.750122 0.000000 0.980504 0.000000 -0.196497 0.201378 0.201378 0.201378
2090.440430 0.000000 1993.162109 0.000000 0.999969 0.000000 0.007897 0.208063 0.208063 0.208063
2092.147461 0.000000 1992.588501 0.000000 0.990427 0.000000 0.138035 0.222007 0.222007 0.222007
2060.183105 0.000000 1986.608398 0.000000 0.997914 0.000000 0.064562 0.238261 0.238261 0.238261
2092.737061 0.000000 1979.775146 0.000000 0.980850 0.000000 0.194767 0.296256 0.296256 0.296256
2102.646973 0.000000 1995.441772 0.000000 0.959276 0.000000 -0.282472 0.305019 0.305019 0.305019
2081.743164 0.000000 1977.191528 0.000000 0.999947 0.000000 0.010295 0.299807 0.299807 0.299807
2087.708496 0.000000 1982.947876 0.000000 0.998769 0.000000 -0.049610 0.280002 0.280002 0.280002
2093.140381 0.000000 1996.565674 0.000000 0.991912 0.000000 -0.126925 0.302393 0.302393 0.302393
2086.709473 0.000000 1987.760864 0.000000 0.999006 0.000000 -0.044582 0.300803 0.300803 0.300803
2099.578125 0.000000 2000.190430 0.000000 0.974313 0.000000 0.225199 0.295704 0.295704 0.295704
2102.497559 0.000000 1990.117065 0.000000 0.983921 0.000000 -0.178606 0.303362 0.303362 0.303362
2098.121826 0.000000 1994.006104 0.000000 0.963042 0.000000 -0.269351 0.305137 0.305137 0.305137
2083.506348 0.000000 2234.760742 0.000000 0.976392 0.000000 -0.216008 0.232631 0.232631 0.232631
2081.316162 0.000000 2235.583740 0.000000 0.996165 0.000000 0.087495 0.240798 0.240798 0.240798
2164.078369 0.000000 2219.561279 0.000000 0.999437 0.000000 -0.033560 0.227484 0.227484 0.227484
2188.917725 0.000000 2221.087646 0.000000 0.992488 0.000000 -0.122342 0.231715 0.231715 0.231715
4518.581055 0.000000 712.936951 0.000000 0.997501 0.000000 0.070647 0.199518 0.199518 0.199518
4523.584473 0.000000 716.887451 0.000000 0.992586 0.000000 0.121546 0.297682 0.297682 0.297682
4605.810547 0.000000 880.919067 0.000000 0.980386 0.000000 -0.197089 0.228451 0.228451 0.228451
4474.116699 0.000000 1291.972412 0.000000 0.989030 0.000000 -0.147718 0.260386 0.260386 0.260386
4890.769531 0.000000 952.423401 0.000000 0.999858 0.000000 -0.016879 0.236306 0.236306 0.236306
4885.323242 0.000000 944.971863 0.000000 0.979624 0.000000 -0.200839 0.280527 0.280527 0.280527
4887.105469 0.000000 947.933350 0.000000 0.994505 0.000000 -0.104691 0.301862 0.301862 0.301862
4897.448730 0.000000 983.531189 0.000000 0.998230 0.000000 -0.059473 0.200407 0.200407 0.200407
4887.398438 0.000000 1016.034607 0.000000 0.997336 0.000000 -0.072949 0.244212 0.244212 0.244212
4889.752441 0.000000 1016.611572 0.000000 0.988670 0.000000 0.150105 0.278707 0.278707 0.278707
4894.228516 0.000000 960.246033 0.000000 0.996617 0.000000 -0.082188 0.277655 0.277655 0.277655
4889.549805 0.000000 1015.121338 0.000000 0.984185 0.000000 0.177142 0.253032 0.253032 0.253032
4883.301758 0.000000 1036.287598 0.000000 0.967221 0.000000 -0.253936 0.236450 0.236450 0.236450
4881.357910 0.000000 1050.134399 0.000000 0.996561 0.000000 0.082865 0.298509 0.298509 0.298509
4592.587891 0.000000 1658.300171 0.000000 0.994192 0.000000 -0.107619 0.204428 0.204428 0.204428
4585.168457 0.000000 1669.604248 0.000000 0.999908 0.000000 -0.013547 0.266566 0.266566 0.266566
4581.876953 0.000000 1661.864258 0.000000 0.981089 0.000000 0.193558 0.296309 0.296309 0.296309
4383.082031 0.000000 1730.678955 0.000000 0.998326 0.000000 -0.057832 0.264899 0.264899 0.264899
4610.552734 0.000000 1694.123047 0.000000 0.966156 0.000000 -0.257960 0.204401 0.204401 0.204401
4631.348633 0.000000 1691.045288 0.000000 0.991324 0.000000 0.131439 0.204897 0.204897 0.204897
4650.678223 0.000000 1676.221924 0.000000 0.994445 0.000000 -0.105261 0.211757 0.211757 0.211757
4653.836426 0.000000 1690.679688 0.000000 0.993992 0.000000 -0.109449 0.208964 0.208964 0.208964
4616.722168 0.000000 1670.565918 0.000000 0.999986 0.000000 -0.005289 0.210406 0.210406 0.210406
4623.799805 0.000000 1681.110718 0.000000 0.977517 0.000000 0.210858 0.211997 0.211997 0.211997
4613.809082 0.000000 1693.530029 0.000000 0.964641 0.000000 0.263567 0.217028 0.217028 0.217028
4630.444824 0.000000 1689.745728 0.000000 0.994708 0.000000 0.102739 0.226211 0.226211 0.226211
4650.601562 0.000000 1689.895508 0.000000 0.999992 0.000000 0.003999 0.229374 0.229374 0.229374
4628.196289 0.000000 1686.809204 0.000000 0.996561 0.000000 -0.082863 0.237543 0.237543 0.237543
4652.208984 0.000000 1692.133423 0.000000 0.997300 0.000000 -0.073438 0.248167 0.248167 0.248167
4635.430664 0.000000 1678.681519 0.000000 0.998522 0.000000 -0.054359 0.301039 0.301039 0.301039
4659.748047 0.000000 1679.502197 0.000000 0.992937 0.000000 -0.118641 0.284429 0.284429 0.284429
4618.112793 0.000000 1675.203735 0.000000 0.998767 0.000000 0.049645 0.268513 0.268513 0.268513
4622.689941 0.000000 1674.391235 0.000000 0.971605 0.000000 -0.236609 0.304401 0.304401 0.304401
4668.439453 0.000000 1687.099854 0.000000 0.980765 0.000000 0.195192 0.240731 0.240731 0.240731
4637.817383 0.000000 1677.926392 0.000000 0.980179 0.000000 -0.198113 0.252444 0.252444 0.252444
4624.512207 0.000000 1673.792236 0.000000 0.971766 0.000000 -0.235945 0.304415 0.304415 0.304415
4664.311035 0.000000 1682.698975 0.000000 0.986350 0.000000 -0.164661 0.303103 0.303103 0.303103
4642.360840 0.000000 1683.420044 0.000000 0.976804 0.000000 0.214137 0.295878 0.295878 0.295878
4662.086914 0.000000 1682.645996 0.000000 0.957432 0.000000 0.288657 0.294462 0.294462 0.294462
4630.176758 0.000000 1675.469849 0.000000 0.955292 0.000000 0.295664 0.294268 0.294268 0.294268
4665.653809 0.000000 1690.887329 0.000000 0.996218 0.000000 -0.086886 0.279986 0.279986 0.279986
4720.541992 0.000000 1660.632080 0.000000 0.973654 0.000000 0.228030 0.198518 0.198518 0.198518
4706.508301 0.000000 1684.612549 0.000000 0.995406 0.000000 -0.095747 0.206035 0.206035 0.206035
4675.051758 0.000000 1687.899292 0.000000 0.985831 0.000000 0.167742 0.226150 0.226150 0.226150
4683.147461 0.000000 1676.212524 0.000000 0.998379 0.000000 0.056912 0.225525 0.225525 0.225525
4716.409668 0.000000 1664.075317 0.000000 0.989284 0.000000 -0.146002 0.237056 0.237056 0.237056
4715.818848 0.000000 1675.548706 0.000000 0.999944 0.000000 -0.010614 0.239046 0.239046 0.239046
4720.896973 0.000000 1685.657349 0.000000 0.999125 0.000000 -0.041817 0.271444 0.271444 0.271444
4708.170898 0.000000 1692.443481 0.000000 0.976638 0.000000 0.214889 0.262966 0.262966 0.262966
4685.796875 0.000000 1677.059692 0.000000 0.993059 0.000000 -0.117615 0.245833 0.245833 0.245833
4685.130371 0.000000 1680.223022 0.000000 0.993207 0.000000 -0.116358 0.272473 0.272473 0.272473
4673.354492 0.000000 1679.762939 0.000000 0.983460 0.000000 -0.181125 0.303369 0.303369 0.303369
4713.492676 0.000000 1688.530640 0.000000 0.999745 0.000000 -0.022562 0.279604 0.279604 0.279604
4695.105469 0.000000 1682.230225 0.000000 0.977319 0.000000 -0.211772 0.260049 0.260049 0.260049
4675.149902 0.000000 1683.840210 0.000000 0.959701 0.000000 0.281023 0.294848 0.294848 0.294848
4682.347656 0.000000 1678.116455 0.000000 0.955085 0.000000 0.296332 0.275927 0.275927 0.275927
4686.414551 0.000000 1687.324951 0.000000 0.996594 0.000000 0.082465 0.298473 0.298473 0.298473
4658.317871 0.000000 1698.984375 0.000000 0.963117 0.000000 -0.269085 0.218809 0.218809 0.218809
4647.147461 0.000000 1731.434570 0.000000 0.977551 0.000000 -0.210701 0.216594 0.216594 0.216594
4624.728516 0.000000 1694.537842 0.000000 0.996817 0.000000 0.079718 0.220308 0.220308 0.220308
4667.993164 0.000000 1711.074829 0.000000 0.999876 0.000000 0.015753 0.216954 0.216954 0.216954
4608.233887 0.000000 1707.974487 0.000000 0.963217 0.000000 0.268726 0.214794 0.214794 0.214794
4645.106445 0.000000 1707.129272 0.000000 0.957963 0.000000 -0.286892 0.227585 0.227585 0.227585
4660.319336 0.000000 1722.156982 0.000000 0.967138 0.000000 -0.254250 0.235879 0.235879 0.235879
4642.454102 0.000000 1735.552490 0.000000 0.999126 0.000000 -0.041795 0.248935 0.248935 0.248935
4647.339844 0.000000 1696.113770 0.000000 0.987569 0.000000 -0.157185 0.272470 0.272470 0.272470
4659.083008 0.000000 1726.945435 0.000000 0.982921 0.000000 0.184030 0.296555 0.296555 0.296555
4655.984863 0.000000 1728.111572 0.000000 0.992910 0.000000 0.118867 0.281386 0.281386 0.281386
4643.658203 0.000000 1735.086548 0.000000 0.997231 0.000000 0.074366 0.247612 0.247612 0.247612
4636.834961 0.000000 1703.207031 0.000000 0.982109 0.000000 -0.188314 0.303278 0.303278 0.303278
4612.727051 0.000000 1701.782104 0.000000 0.988527 0.000000 0.151046 0.242320 0.242320 0.242320
4669.613770 0.000000 1721.102417 0.000000 0.966176 0.000000 0.257883 0.277608 0.277608 0.277608
4636.429199 0.000000 1733.874634 0.000000 0.999992 0.000000 0.003899 0.247855 0.247855 0.247855
4646.709473 0.000000 1705.338989 0.000000 0.987588 0.000000 0.157068 0.286299 0.286299 0.286299
4640.590820 0.000000 1721.672119 0.000000 0.998314 0.000000 -0.058040 0.257010 0.257010 0.257010
4669.255859 0.000000 1715.621216 0.000000 0.983469 0.000000 0.181075 0.256830 0.256830 0.256830
4635.859375 0.000000 1709.676514 0.000000 0.999636 0.000000 0.026968 0.299510 0.299510 0.299510
4638.069336 0.000000 1707.659424 0.000000 0.990118 0.000000 0.140237 0.275548 0.275548 0.275548
4663.309570 0.000000 1702.776733 0.000000 0.986828 0.000000 0.161774 0.296897 0.296897 0.296897
4673.017578 0.000000 1721.224365 0.000000 0.967418 0.000000 0.253186 0.198338 0.198338 0.198338
4712.199219 0.000000 1725.377197 0.000000 0.952342 0.000000 -0.305032 0.212798 0.212798 0.212798
4704.052246 0.000000 1694.553467 0.000000 0.992424 0.000000 -0.122860 0.234553 0.234553 0.234553
4711.881348 0.000000 1694.594482 0.000000 0.994239 0.000000 -0.107189 0.296170 0.296170 0.296170
4708.268066 0.000000 1717.157227 0.000000 0.999047 0.000000 0.043637 0.256328 0.256328 0.256328
4706.136719 0.000000 1722.655029 0.000000 0.998570 0.000000 0.053458 0.292402 0.292402 0.292402
4710.709473 0.000000 1705.338989 0.000000 0.998093 0.000000 -0.061731 0.301180 0.301180 0.301180
4705.511719 0.000000 1703.590698 0.000000 0.988567 0.000000 0.150782 0.270438 0.270438 0.270438
4710.214844 0.000000 1707.161011 0.000000 0.997661 0.000000 0.068350 0.298722 0.298722 0.298722
4679.012695 0.000000 1695.622070 0.000000 0.983426 0.000000 -0.181311 0.281954 0.281954 0.281954
4847.546387 0.000000 1757.363037 0.000000 0.997665 0.000000 -0.068291 0.240777 0.240777 0.240777
4850.000000 0.000000 1754.323486 0.000000 0.970465 0.000000 -0.241240 0.255826 0.255826 0.255826
4853.988770 0.000000 1762.254883 0.000000 0.997644 0.000000 -0.068598 0.270684 0.270684 0.270684
6768.580566 0.000000 708.253235 0.000000 0.974818 0.000000 0.223003 0.198450 0.198450 0.198450
6762.219238 0.000000 724.027161 0.000000 0.991883 0.000000 0.127151 0.203266 0.203266 0.203266
6749.418457 0.000000 727.809998 0.000000 0.992029 0.000000 -0.126008 0.220984 0.220984 0.220984
6757.366211 0.000000 729.512146 0.000000 0.983744 0.000000 0.179576 0.221078 0.221078 0.221078
6762.712402 0.000000 699.030945 0.000000 0.977804 0.000000 -0.209521 0.224002 0.224002 0.224002
6745.742188 0.000000 706.863770 0.000000 0.965401 0.000000 -0.260770 0.229632 0.229632 0.229632
6782.871094 0.000000 721.322998 0.000000 0.951954 0.000000 0.306240 0.233513 0.233513 0.233513
6781.145996 0.000000 719.491760 0.000000 0.984083 0.000000 0.177710 0.259621 0.259621 0.259621
6772.887695 0.000000 701.399597 0.000000 0.957878 0.000000 -0.287175 0.265628 0.265628 0.265628
6744.864258 0.000000 704.366455 0.000000 0.998268 0.000000 0.058832 0.265049 0.265049 0.265049
6733.130371 0.000000 719.988647 0.000000 0.985249 0.000000 -0.171126 0.268668 0.268668 0.268668
6749.463379 0.000000 703.888489 0.000000 0.995277 0.000000 -0.097073 0.265412 0.265412 0.265412
6759.071777 0.000000 727.530640 0.000000 0.954559 0.000000 -0.298023 0.294165 0.294165 0.294165
6775.533691 0.000000 731.768005 0.000000 0.994618 0.000000 -0.103610 0.281366 0.281366 0.281366
6760.275879 0.000000 726.585083 0.000000 0.995055 0.000000 0.099321 0.252318 0.252318 0.252318
6731.572266 0.000000 703.391357 0.000000 0.986269 0.000000 -0.165146 0.266306 0.266306 0.266306
6777.725098 0.000000 710.315125 0.000000 0.972947 0.000000 -0.231028 0.259144 0.259144 0.259144
6733.099609 0.000000 754.073486 0.000000 0.961940 0.000000 0.273261 0.198065 0.198065 0.198065
6765.249512 0.000000 765.535645 0.000000 0.982896 0.000000 -0.184163 0.232318 0.232318 0.232318
6783.314453 0.000000 762.209656 0.000000 0.999551 0.000000 -0.029952 0.236439 0.236439 0.236439
6744.864258 0.000000 760.850830 0.000000 0.977917 0.000000 0.208992 0.261404 0.261404 0.261404
6751.169922 0.000000 747.534485 0.000000 0.991714 0.000000 -0.128469 0.262984 0.262984 0.262984
6756.202637 0.000000 737.945496 0.000000 0.965568 0.000000 0.260150 0.272683 0.272683 0.272683
6776.930664 0.000000 746.697021 0.000000 0.983787 0.000000 -0.179340 0.251653 0.251653 0.251653
6807.348633 0.000000 730.810974 0.000000 0.999991 0.000000 0.004317 0.206970 0.206970 0.206970
6829.470215 0.000000 725.096802 0.000000 0.995648 0.000000 0.093192 0.241847 0.241847 0.241847
6811.159668 0.000000 731.941040 0.000000 0.997412 0.000000 0.071898 0.229839 0.229839 0.229839
6789.597168 0.000000 704.699158 0.000000 0.973242 0.000000 -0.229783 0.251672 0.251672 0.251672
6807.285645 0.000000 717.523010 0.000000 0.998640 0.000000 -0.052130 0.300996 0.300996 0.300996
6788.370605 0.000000 704.402100 0.000000 0.971528 0.000000 -0.236926 0.251756 0.251756 0.251756
6830.644531 0.000000 722.808716 0.000000 0.999312 0.000000 0.037079 0.260873 0.260873 0.260873
6831.731934 0.000000 724.911255 0.000000 0.952959 0.000000 -0.303098 0.267577 0.267577 0.267577
6803.222656 0.000000 719.645569 0.000000 0.972552 0.000000 -0.232686 0.304054 0.304054 0.304054
6808.179688 0.000000 718.420715 0.000000 0.962251 0.000000 0.272163 0.294736 0.294736 0.294736
6806.176758 0.000000 715.235474 0.000000 0.990975 0.000000 0.134045 0.297588 0.297588 0.297588
6824.134277 0.000000 722.402954 0.000000 0.992704 0.000000 -0.120575 0.250969 0.250969 0.250969
6787.978516 0.000000 694.030396 0.000000 0.999965 0.000000 0.008388 0.270193 0.270193 0.270193
6823.150391 0.000000 731.191589 0.000000 0.996749 0.000000 0.080564 0.298460 0.298460 0.298460
6808.446289 0.000000 721.151672 0.000000 0.979338 0.000000 0.202232 0.296111 0.296111 0.296111
6898.798340 0.000000 714.493652 0.000000 0.979773 0.000000 -0.200113 0.201373 0.201373 0.201373
6875.739258 0.000000 721.435913 0.000000 0.980754 0.000000 -0.195248 0.217034 0.217034 0.217034
6898.908203 0.000000 716.578369 0.000000 0.989629 0.000000 -0.143649 0.238736 0.238736 0.238736
6877.209473 0.000000 733.773743 0.000000 0.966176 0.000000 0.257883 0.231297 0.231297 0.231297
6900.147949 0.000000 732.974731 0.000000 0.962725 0.000000 -0.270482 0.251001 0.251001 0.251001
6855.959473 0.000000 727.071289 0.000000 0.971332 0.000000 -0.237728 0.284530 0.284530 0.284530
6873.752441 0.000000 734.189697 0.000000 0.979442 0.000000 -0.201728 0.279394 0.279394 0.279394
6909.398438 0.000000 720.625427 0.000000 0.983520 0.000000 0.180799 0.296793 0.296793 0.296793
6792.280273 0.000000 768.527832 0.000000 0.982592 0.000000 0.185778 0.214410 0.214410 0.214410
6795.039062 0.000000 750.553284 0.000000 0.997815 0.000000 -0.066074 0.228351 0.228351 0.228351
6828.311035 0.000000 747.886108 0.000000 0.959343 0.000000 -0.282242 0.231565 0.231565 0.231565
6798.755859 0.000000 743.744934 0.000000 0.998574 0.000000 -0.053387 0.240056 0.240056 0.240056
6803.857422 0.000000 786.993774 0.000000 0.996805 0.000000 -0.079879 0.256712 0.256712 0.256712
6796.748535 0.000000 739.992126 0.000000 0.988680 0.000000 -0.150041 0.257000 0.257000 0.257000
6816.901855 0.000000 741.180603 0.000000 0.994281 0.000000 0.106796 0.268289 0.268289 0.268289
6796.067383 0.000000 734.383972 0.000000 0.986671 0.000000 -0.162730 0.302822 0.302822 0.302822
6869.555664 0.000000 738.381958 0.000000 0.992655 0.000000 0.120981 0.224931 0.224931 0.224931
6861.299805 0.000000 745.763550 0.000000 0.964060 0.000000 -0.265684 0.245768 0.245768 0.245768
6902.041992 0.000000 734.339172 0.000000 0.997133 0.000000 0.075671 0.230915 0.230915 0.230915
6906.750488 0.000000 748.784302 0.000000 0.994635 0.000000 -0.103449 0.284198 0.284198 0.284198
6904.930664 0.000000 746.697021 0.000000 0.967823 0.000000 0.251631 0.295142 0.295142 0.295142
6906.650879 0.000000 745.474854 0.000000 0.954952 0.000000 0.296759 0.243944 0.243944 0.243944
6898.833984 0.000000 742.877197 0.000000 0.999457 0.000000 -0.032948 0.250521 0.250521 0.250521
6876.237305 0.000000 738.272156 0.000000 0.999700 0.000000 -0.024477 0.279632 0.279632 0.279632
6872.484375 0.000000 734.307983 0.000000 0.981450 0.000000 -0.191719 0.279247 0.279247 0.279247
6898.000000 0.000000 737.604797 0.000000 0.976228 0.000000 0.216746 0.292429 0.292429 0.292429
6904.213867 0.000000 745.824036 0.000000 0.980707 0.000000 0.195482 0.296390 0.296390 0.296390
6899.501953 0.000000 734.363770 0.000000 0.994243 0.000000 -0.107145 0.293332 0.293332 0.293332
6899.716797 0.000000 736.549011 0.000000 0.998228 0.000000 0.059502 0.295084 0.295084 0.295084
6730.166504 0.000000 797.294861 0.000000 0.999838 0.000000 0.017978 0.210782 0.210782 0.210782
6721.654297 0.000000 805.139404 0.000000 0.968805 0.000000 0.247825 0.207301 0.207301 0.207301
6720.850586 0.000000 831.345947 0.000000 0.954655 0.000000 -0.297715 0.221935 0.221935 0.221935
6756.813477 0.000000 807.935486 0.000000 0.997228 0.000000 -0.074410 0.226174 0.226174 0.226174
6772.241699 0.000000 802.516052 0.000000 0.982735 0.000000 -0.185021 0.240878 0.240878 0.240878
6724.693359 0.000000 823.421570 0.000000 0.999966 0.000000 -0.008292 0.251357 0.251357 0.251357
6760.188477 0.000000 828.124329 0.000000 0.998036 0.000000 -0.062650 0.272295 0.272295 0.272295
6727.583496 0.000000 843.034546 0.000000 0.988822 0.000000 0.149100 0.261645 0.261645 0.261645
6720.405762 0.000000 800.557312 0.000000 0.967418 0.000000 -0.253185 0.277272 0.277272 0.277272
6732.654785 0.000000 794.485657 0.000000 0.976399 0.000000 -0.215974 0.266981 0.266981 0.266981
6705.542480 0.000000 868.694397 0.000000 0.990320 0.000000 0.138802 0.231401 0.231401 0.231401
6705.393555 0.000000 871.096191 0.000000 0.969810 0.000000 0.243861 0.224325 0.224325 0.224325
6719.116211 0.000000 867.015381 0.000000 0.998330 0.000000 0.057760 0.227746 0.227746 0.227746
6712.005371 0.000000 853.372864 0.000000 0.995032 0.000000 0.099554 0.246215 0.246215 0.246215
6707.089355 0.000000 876.262512 0.000000 0.999806 0.000000 -0.019678 0.281246 0.281246 0.281246
6706.833984 0.000000 855.845947 0.000000 0.954935 0.000000 0.296815 0.247202 0.247202 0.247202
6718.282715 0.000000 863.386353 0.000000 0.997805 0.000000 0.066215 0.283300 0.283300 0.283300
6719.384277 0.000000 863.029846 0.000000 0.988779 0.000000 -0.149385 0.286607 0.286607 0.286607
6696.466309 0.000000 880.803101 0.000000 0.978648 0.000000 -0.205543 0.265124 0.265124 0.265124
6711.309570 0.000000 855.511169 0.000000 0.971838 0.000000 -0.235650 0.304089 0.304089 0.304089
6773.007812 0.000000 888.416016 0.000000 0.980020 0.000000 0.198900 0.209343 0.209343 0.209343
6747.504395 0.000000 861.244019 0.000000 0.985953 0.000000 0.167025 0.217881 0.217881 0.217881
6731.377441 0.000000 866.809204 0.000000 0.997979 0.000000 -0.063540 0.227764 0.227764 0.227764
6725.809082 0.000000 902.748840 0.000000 0.978990 0.000000 0.203909 0.229102 0.229102 0.229102
6733.299805 0.000000 858.732300 0.000000 0.971189 0.000000 0.238309 0.241347 0.241347 0.241347
6721.219727 0.000000 855.284180 0.000000 0.961064 0.000000 0.276326 0.294978 0.294978 0.294978
6727.754395 0.000000 877.231934 0.000000 0.988553 0.000000 -0.150874 0.254165 0.254165 0.254165
6805.209473 0.000000 797.643494 0.000000 0.978438 0.000000 -0.206539 0.223404 0.223404 0.223404
6797.796875 0.000000 829.794067 0.000000 0.976062 0.000000 -0.217492 0.264134 0.264134 0.264134
6811.970215 0.000000 791.763367 0.000000 0.999992 0.000000 0.003925 0.258495 0.258495 0.258495
6794.277832 0.000000 826.832886 0.000000 0.954525 0.000000 -0.298130 0.281986 0.281986 0.281986
6930.128418 0.000000 755.058472 0.000000 0.998323 0.000000 -0.057897 0.201813 0.201813 0.201813
6964.393066 0.000000 756.690491 0.000000 0.966766 0.000000 -0.255662 0.216975 0.216975 0.216975
6929.688477 0.000000 762.523682 0.000000 0.987705 0.000000 -0.156331 0.218410 0.218410 0.218410
6948.309082 0.000000 763.682922 0.000000 0.951419 0.000000 -0.307899 0.245089 0.245089 0.245089
6967.424805 0.000000 758.566040 0.000000 0.970067 0.000000 -0.242836 0.304363 0.304363 0.304363
7021.814941 0.000000 770.842957 0.000000 0.974071 0.000000 0.226242 0.208572 0.208572 0.208572
6984.280273 0.000000 768.527832 0.000000 0.972110 0.000000 0.234526 0.213994 0.213994 0.213994
6994.728027 0.000000 768.454956 0.000000 0.992609 0.000000 0.121357 0.230467 0.230467 0.230467
7005.948242 0.000000 775.417236 0.000000 0.995359 0.000000 0.096227 0.241259 0.241259 0.241259
7003.430664 0.000000 774.931519 0.000000 0.995308 0.000000 0.096756 0.273968 0.273968 0.273968
7016.301758 0.000000 774.613708 0.000000 0.999501 0.000000 0.031581 0.281598 0.281598 0.281598
7036.439453 0.000000 783.349915 0.000000 0.990478 0.000000 0.137668 0.244678 0.244678 0.244678
7003.792969 0.000000 763.737610 0.000000 0.999952 0.000000 0.009766 0.274092 0.274092 0.274092
6977.519531 0.000000 781.840637 0.000000 0.971108 0.000000 0.238642 0.261007 0.261007 0.261007
6993.206543 0.000000 771.628235 0.000000 0.992384 0.000000 -0.123184 0.276544 0.276544 0.276544
7006.526367 0.000000 778.752258 0.000000 0.999998 0.000000 0.001877 0.299968 0.299968 0.299968
6979.040527 0.000000 782.342468 0.000000 0.957119 0.000000 -0.289694 0.276649 0.276649 0.276649
6981.747070 0.000000 767.267822 0.000000 0.965410 0.000000 0.260738 0.255266 0.255266 0.255266
7005.641113 0.000000 780.052856 0.000000 0.976869 0.000000 0.213838 0.295933 0.295933 0.295933
7159.347168 0.000000 733.863770 0.000000 0.975773 0.000000 -0.218787 0.254980 0.254980 0.254980
7100.771484 0.000000 771.380981 0.000000 0.999853 0.000000 0.017128 0.215264 0.215264 0.215264
7046.562500 0.000000 777.718872 0.000000 0.996989 0.000000 0.077549 0.222553 0.222553 0.222553
7088.896973 0.000000 781.907349 0.000000 0.987850 0.000000 -0.155412 0.242840 0.242840 0.242840
7086.722168 0.000000 782.108459 0.000000 0.962019 0.000000 -0.272981 0.256215 0.256215 0.256215
7097.099121 0.000000 781.298950 0.000000 0.987881 0.000000 0.155211 0.259913 0.259913 0.259913
7086.873535 0.000000 783.398254 0.000000 0.962033 0.000000 -0.272932 0.256214 0.256214 0.256214
7041.519531 0.000000 781.840637 0.000000 0.968515 0.000000 0.248955 0.241227 0.241227 0.241227
7084.346191 0.000000 781.936768 0.000000 0.999396 0.000000 -0.034756 0.300622 0.300622 0.300622
7051.042480 0.000000 775.328796 0.000000 0.987587 0.000000 -0.157070 0.249116 0.249116 0.249116
7066.378418 0.000000 784.970703 0.000000 0.976822 0.000000 -0.214054 0.255495 0.255495 0.255495
7049.561035 0.000000 785.442444 0.000000 0.989341 0.000000 -0.145618 0.258653 0.258653 0.258653
7049.062988 0.000000 776.276855 0.000000 0.976508 0.000000 -0.215483 0.265828 0.265828 0.265828
7109.041016 0.000000 778.073425 0.000000 0.987534 0.000000 0.157403 0.229008 0.229008 0.229008
7147.175293 0.000000 752.594360 0.000000 0.997030 0.000000 -0.077016 0.236354 0.236354 0.236354
7123.521973 0.000000 766.072571 0.000000 0.951102 0.000000 0.308876 0.238373 0.238373 0.238373
7105.498535 0.000000 762.273743 0.000000 0.996646 0.000000 -0.081840 0.235838 0.235838 0.235838
7121.977051 0.000000 763.766113 0.000000 0.996509 0.000000 -0.083482 0.266930 0.266930 0.266930
7141.960449 0.000000 774.165649 0.000000 0.990872 0.000000 -0.134808 0.296629 0.296629 0.296629
7140.052246 0.000000 773.739990 0.000000 0.994690 0.000000 -0.102919 0.263223 0.263223 0.263223
6950.782227 0.000000 818.790894 0.000000 0.952742 0.000000 -0.303781 0.235813 0.235813 0.235813
7037.251953 0.000000 797.595764 0.000000 0.979240 0.000000 -0.202704 0.204561 0.204561 0.204561
7025.824707 0.000000 801.266663 0.000000 0.999955 0.000000 0.009510 0.237157 0.237157 0.237157
7016.134277 0.000000 835.371704 0.000000 0.988607 0.000000 -0.150523 0.266114 0.266114 0.266114
7036.439453 0.000000 896.318665 0.000000 0.995243 0.000000 -0.097426 0.256360 0.256360 0.256360
7038.572266 0.000000 897.783386 0.000000 0.978410 0.000000 0.206672 0.257053 0.257053 0.257053
7035.012207 0.000000 895.692444 0.000000 0.998885 0.000000 -0.047208 0.254063 0.254063 0.254063
7038.141113 0.000000 894.133850 0.000000 0.990566 0.000000 0.137040 0.297534 0.297534 0.297534
7061.101562 0.000000 893.716675 0.000000 0.963545 0.000000 0.267547 0.208238 0.208238 0.208238
7116.721191 0.000000 885.590454 0.000000 0.992191 0.000000 0.124730 0.199402 0.199402 0.199402
7124.436035 0.000000 889.537476 0.000000 0.997559 0.000000 0.069827 0.201460 0.201460 0.201460
7294.141113 0.000000 611.711975 0.000000 0.989981 0.000000 0.141199 0.295914 0.295914 0.295914
7215.221680 0.000000 662.030396 0.000000 0.974118 0.000000 -0.226040 0.234447 0.234447 0.234447
7279.250488 0.000000 650.309021 0.000000 0.996201 0.000000 0.087086 0.213016 0.213016 0.213016
7295.423340 0.000000 624.803406 0.000000 0.982089 0.000000 -0.188416 0.236351 0.236351 0.236351
7291.503906 0.000000 623.233398 0.000000 0.993409 0.000000 -0.114620 0.302190 0.302190 0.302190
7293.982422 0.000000 632.852966 0.000000 0.989071 0.000000 0.147438 0.267179 0.267179 0.267179
7288.930664 0.000000 633.728271 0.000000 0.990909 0.000000 0.134532 0.267356 0.267356 0.267356
7292.166992 0.000000 667.909302 0.000000 0.999197 0.000000 0.040071 0.261950 0.261950 0.261950
7293.613770 0.000000 647.899292 0.000000 0.988036 0.000000 0.154221 0.245043 0.245043 0.245043
7279.705078 0.000000 652.611938 0.000000 0.999873 0.000000 0.015907 0.260583 0.260583 0.260583
7295.956055 0.000000 648.246460 0.000000 0.997605 0.000000 -0.069175 0.260532 0.260532 0.260532
7286.497559 0.000000 634.492065 0.000000 0.978878 0.000000 -0.204445 0.287463 0.287463 0.287463
7291.256348 0.000000 630.298645 0.000000 0.999981 0.000000 0.006161 0.254548 0.254548 0.254548
7292.561035 0.000000 640.832031 0.000000 0.955936 0.000000 0.293576 0.281918 0.281918 0.281918
7325.418457 0.000000 614.841248 0.000000 0.988760 0.000000 -0.149509 0.213812 0.213812 0.213812
7314.728027 0.000000 599.001831 0.000000 0.999722 0.000000 -0.023558 0.236374 0.236374 0.236374
7319.285645 0.000000 604.554260 0.000000 0.998073 0.000000 0.062052 0.235503 0.235503 0.235503
7321.770020 0.000000 604.011536 0.000000 0.998631 0.000000 -0.052312 0.242297 0.242297 0.242297
7340.416992 0.000000 609.847290 0.000000 0.997187 0.000000 -0.074952 0.301379 0.301379 0.301379
7333.762695 0.000000 608.721191 0.000000 0.996511 0.000000 -0.083463 0.282198 0.282198 0.282198
7359.956055 0.000000 591.762085 0.000000 0.965138 0.000000 0.261741 0.263417 0.263417 0.263417
7360.936035 0.000000 587.453308 0.000000 0.999536 0.000000 0.030459 0.199791 0.199791 0.199791
7423.314453 0.000000 592.756531 0.000000 0.967436 0.000000 -0.253116 0.254246 0.254246 0.254246
7391.826172 0.000000 616.419556 0.000000 0.955000 0.000000 0.296605 0.241772 0.241772 0.241772
7406.588379 0.000000 608.625061 0.000000 0.998093 0.000000 0.061722 0.292267 0.292267 0.292267
7417.725098 0.000000 597.346375 0.000000 0.999364 0.000000 0.035655 0.263123 0.263123 0.263123
7331.182129 0.000000 628.094482 0.000000 0.953352 0.000000 -0.301862 0.220246 0.220246 0.220246
7326.190918 0.000000 658.381958 0.000000 0.981202 0.000000 -0.192983 0.218723 0.218723 0.218723
7303.434570 0.000000 632.071716 0.000000 0.983801 0.000000 -0.179266 0.222590 0.222590 0.222590
7299.049316 0.000000 633.598999 0.000000 0.985203 0.000000 0.171392 0.222255 0.222255 0.222255
7298.970703 0.000000 630.775757 0.000000 0.998624 0.000000 -0.052446 0.235542 0.235542 0.235542
7330.554688 0.000000 631.042175 0.000000 0.998833 0.000000 -0.048300 0.241129 0.241129 0.241129
7335.871094 0.000000 641.763672 0.000000 0.954440 0.000000 -0.298404 0.243829 0.243829 0.243829
7299.574219 0.000000 674.751709 0.000000 0.962071 0.000000 -0.272797 0.300694 0.300694 0.300694
7330.136719 0.000000 649.451965 0.000000 0.995779 0.000000 0.091785 0.287895 0.287895 0.287895
7332.343262 0.000000 627.869507 0.000000 0.970347 0.000000 0.241715 0.251689 0.251689 0.251689
7296.649414 0.000000 636.243225 0.000000 0.989453 0.000000 0.144856 0.252324 0.252324 0.252324
7328.590820 0.000000 648.469055 0.000000 0.998519 0.000000 0.054406 0.258424 0.258424 0.258424
7333.454590 0.000000 650.512024 0.000000 0.999428 0.000000 0.033807 0.273752 0.273752 0.273752
7297.343750 0.000000 634.641479 0.000000 0.981935 0.000000 0.189217 0.266055 0.266055 0.266055
7393.910645 0.000000 663.651001 0.000000 0.998468 0.000000 -0.055341 0.200384 0.200384 0.200384
7412.706543 0.000000 677.643494 0.000000 0.986105 0.000000 -0.166123 0.203156 0.203156 0.203156
7421.976074 0.000000 662.013977 0.000000 0.952873 0.000000 0.303370 0.228649 0.228649 0.228649
7414.238281 0.000000 677.690186 0.000000 0.991209 0.000000 -0.132308 0.232379 0.232379 0.232379
7423.883789 0.000000 660.067688 0.000000 0.986784 0.000000 0.162044 0.234479 0.234479 0.234479
7393.632324 0.000000 675.137512 0.000000 0.995664 0.000000 0.093017 0.243514 0.243514 0.243514
7411.413574 0.000000 640.878723 0.000000 0.987024 0.000000 0.160571 0.264797 0.264797 0.264797
7391.169922 0.000000 634.565735 0.000000 0.961561 0.000000 0.274591 0.251280 0.251280 0.251280
7419.484375 0.000000 662.524414 0.000000 0.972669 0.000000 -0.232198 0.261455 0.261455 0.261455
7411.609375 0.000000 651.494385 0.000000 0.974452 0.000000 0.224595 0.255729 0.255729 0.255729
7411.089355 0.000000 650.325012 0.000000 0.966728 0.000000 -0.255806 0.261758 0.261758 0.261758
7390.669434 0.000000 636.944580 0.000000 0.998786 0.000000 -0.049268 0.292393 0.292393 0.292393
7417.484375 0.000000 662.343994 0.000000 0.999981 0.000000 -0.006159 0.279923 0.279923 0.279923
7429.832520 0.000000 596.709412 0.000000 0.981296 0.000000 0.192506 0.212700 0.212700 0.212700
7447.843750 0.000000 603.183899 0.000000 0.999231 0.000000 0.039202 0.299314 0.299314 0.299314
7485.190430 0.000000 620.265930 0.000000 0.960584 0.000000 -0.277990 0.249937 0.249937 0.249937
7427.798340 0.000000 593.449829 0.000000 0.969629 0.000000 0.244581 0.250562 0.250562 0.250562
7442.479492 0.000000 611.487244 0.000000 0.965382 0.000000 0.260841 0.294960 0.294960 0.294960
7450.614258 0.000000 608.487244 0.000000 0.989513 0.000000 0.144447 0.263912 0.263912 0.263912
7448.446289 0.000000 608.182922 0.000000 0.958522 0.000000 -0.285019 0.305498 0.305498 0.305498
7461.967285 0.000000 646.225464 0.000000 0.964188 0.000000 -0.265219 0.223937 0.223937 0.223937
7435.147461 0.000000 659.493713 0.000000 0.967894 0.000000 0.251357 0.217684 0.217684 0.217684
7427.498047 0.000000 622.085693 0.000000 0.969952 0.000000 -0.243295 0.227173 0.227173 0.227173
7465.205566 0.000000 677.784424 0.000000 0.961177 0.000000 0.275934 0.237107 0.237107 0.237107
7425.219727 0.000000 629.346680 0.000000 0.952685 0.000000 -0.303958 0.247354 0.247354 0.247354
7448.136230 0.000000 641.742310 0.000000 0.999801 0.000000 -0.019956 0.276758 0.276758 0.276758
7425.950684 0.000000 661.302551 0.000000 0.964226 0.000000 -0.265082 0.250362 0.250362 0.250362
7453.854004 0.000000 650.520447 0.000000 0.991003 0.000000 0.133843 0.250247 0.250247 0.250247
7448.429199 0.000000 645.261597 0.000000 0.957257 0.000000 0.289238 0.278202 0.278202 0.278202
7450.768555 0.000000 636.260437 0.000000 0.994762 0.000000 -0.102222 0.282479 0.282479 0.282479
7461.606445 0.000000 624.247498 0.000000 0.961801 0.000000 -0.273750 0.276995 0.276995 0.276995
7444.942871 0.000000 670.935303 0.000000 0.999993 0.000000 0.003759 0.280896 0.280896 0.280896
7432.070801 0.000000 625.120972 0.000000 0.997511 0.000000 -0.070506 0.297257 0.297257 0.297257
7495.408691 0.000000 639.165649 0.000000 0.989628 0.000000 -0.143652 0.202426 0.202426 0.202426
7499.084961 0.000000 631.706787 0.000000 0.968964 0.000000 0.247204 0.212241 0.212241 0.212241
7509.609863 0.000000 653.977112 0.000000 0.993649 0.000000 -0.112522 0.214643 0.214643 0.214643
7505.862305 0.000000 657.655579 0.000000 0.994304 0.000000 0.106581 0.214522 0.214522 0.214522
7503.028809 0.000000 634.434021 0.000000 0.966374 0.000000 0.257140 0.247681 0.247681 0.247681
7497.798340 0.000000 626.701721 0.000000 0.990239 0.000000 -0.139383 0.276776 0.276776 0.276776
7508.580078 0.000000 668.925293 0.000000 0.986118 0.000000 -0.166045 0.265178 0.265178 0.265178
7497.386230 0.000000 628.598572 0.000000 0.994801 0.000000 0.101842 0.298128 0.298128 0.298128
7188.984863 0.000000 715.010498 0.000000 0.996473 0.000000 -0.083915 0.200583 0.200583 0.200583
7181.306641 0.000000 702.363953 0.000000 0.998913 0.000000 -0.046622 0.226481 0.226481 0.226481
7180.289551 0.000000 691.259888 0.000000 0.974180 0.000000 -0.225772 0.240740 0.240740 0.240740
7172.298828 0.000000 733.710938 0.000000 0.958645 0.000000 0.284604 0.227205 0.227205 0.227205
7168.926758 0.000000 731.506226 0.000000 0.989515 0.000000 0.144431 0.241841 0.241841 0.241841
7180.904785 0.000000 705.294922 0.000000 0.984997 0.000000 -0.172573 0.238468 0.238468 0.238468
7191.285645 0.000000 717.523010 0.000000 0.993441 0.000000 0.114350 0.275927 0.275927 0.275927
7181.344238 0.000000 692.102234 0.000000 0.999798 0.000000 -0.020084 0.246443 0.246443 0.246443
7182.057129 0.000000 712.474915 0.000000 0.981825 0.000000 -0.189791 0.303375 0.303375 0.303375
7250.128418 0.000000 698.574097 0.000000 0.961709 0.000000 0.274073 0.200521 0.200521 0.200521
7256.535645 0.000000 694.167542 0.000000 0.970254 0.000000 -0.242089 0.201998 0.201998 0.201998
7251.389160 0.000000 690.395386 0.000000 0.982765 0.000000 0.184860 0.242495 0.242495 0.242495
7247.586426 0.000000 703.681763 0.000000 0.996134 0.000000 -0.087843 0.301614 0.301614 0.301614
7244.862793 0.000000 722.474854 0.000000 0.996720 0.000000 0.080922 0.298453 0.298453 0.298453
7253.500000 0.000000 707.996216 0.000000 0.970365 0.000000 -0.241644 0.259278 0.259278 0.259278
7199.069336 0.000000 743.679993 0.000000 0.957500 0.000000 0.288432 0.242954 0.242954 0.242954
7206.709473 0.000000 745.104553 0.000000 0.985064 0.000000 0.172189 0.268487 0.268487 0.268487
7306.618164 0.000000 691.356873 0.000000 0.997638 0.000000 0.068698 0.209267 0.209267 0.209267
7314.634277 0.000000 723.081177 0.000000 0.999971 0.000000 -0.007555 0.233969 0.233969 0.233969
7312.398438 0.000000 722.868958 0.000000 0.953773 0.000000 -0.300527 0.234051 0.234051 0.234051
7304.409180 0.000000 692.631958 0.000000 0.997634 0.000000 -0.068756 0.258270 0.258270 0.258270
7300.508301 0.000000 720.513000 0.000000 0.990048 0.000000 0.140730 0.254581 0.254581 0.254581
7401.936523 0.000000 730.908936 0.000000 0.976545 0.000000 0.215314 0.221851 0.221851 0.221851
7401.168457 0.000000 709.369873 0.000000 0.998838 0.000000 -0.048184 0.285614 0.285614 0.285614
7229.611816 0.000000 829.540894 0.000000 0.972135 0.000000 -0.234423 0.201601 0.201601 0.201601
7205.577148 0.000000 838.949829 0.000000 0.993213 0.000000 0.116310 0.227192 0.227192 0.227192
7214.049316 0.000000 828.694824 0.000000 0.982990 0.000000 0.183657 0.231504 0.231504 0.231504
7204.268066 0.000000 813.407288 0.000000 0.974178 0.000000 -0.225779 0.272854 0.272854 0.272854
7217.310547 0.000000 820.251099 0.000000 0.999434 0.000000 0.033629 0.260358 0.260358 0.260358
7253.353516 0.000000 826.671021 0.000000 0.993572 0.000000 0.113204 0.238859 0.238859 0.238859
7187.991699 0.000000 880.493103 0.000000 0.999999 0.000000 -0.001122 0.200008 0.200008 0.200008
7201.762207 0.000000 869.163513 0.000000 0.989491 0.000000 -0.144594 0.241018 0.241018 0.241018
7174.753418 0.000000 852.430298 0.000000 0.997504 0.000000 -0.070607 0.254907 0.254907 0.254907
7175.583496 0.000000 899.518921 0.000000 0.988136 0.000000 0.153580 0.285805 0.285805 0.285805
7177.561035 0.000000 898.411194 0.000000 0.999385 0.000000 -0.035062 0.269664 0.269664 0.269664
7455.750977 0.000000 684.395447 0.000000 0.986497 0.000000 0.163777 0.228395 0.228395 0.228395
7455.069336 0.000000 687.195618 0.000000 0.991931 0.000000 -0.126779 0.234592 0.234592 0.234592
7467.008789 0.000000 704.362000 0.000000 0.999490 0.000000 0.031942 0.245304 0.245304 0.245304
7454.521973 0.000000 711.258240 0.000000 0.962092 0.000000 0.272724 0.294911 0.294911 0.294911
7446.709473 0.000000 697.774597 0.000000 0.998088 0.000000 0.061812 0.258888 0.258888 0.258888
7470.200195 0.000000 678.922302 0.000000 0.954010 0.000000 0.299774 0.235757 0.235757 0.235757
7452.615723 0.000000 712.299194 0.000000 0.961292 0.000000 0.275531 0.257793 0.257793 0.257793
7542.238281 0.000000 734.174561 0.000000 0.997897 0.000000 0.064825 0.238815 0.238815 0.238815
7510.014160 0.000000 683.346558 0.000000 0.988563 0.000000 -0.150805 0.243927 0.243927 0.243927
7529.405762 0.000000 715.665344 0.000000 0.999994 0.000000 0.003603 0.271379 0.271379 0.271379
7517.854004 0.000000 707.004822 0.000000 0.994882 0.000000 0.101046 0.268922 0.268922 0.268922
7529.785156 0.000000 711.895813 0.000000 0.982780 0.000000 0.184780 0.296471 0.296471 0.296471
7513.064941 0.000000 728.451172 0.000000 0.980394 0.000000 -0.197047 0.289068 0.289068 0.289068
7525.645508 0.000000 713.592407 0.000000 0.991165 0.000000 -0.132638 0.291470 0.291470 0.291470
7515.464355 0.000000 703.376892 0.000000 0.987158 0.000000 -0.159746 0.299901 0.299901 0.299901
7528.466309 0.000000 711.349976 0.000000 0.973633 0.000000 -0.228122 0.304370 0.304370 0.304370
7482.631836 0.000000 769.433289 0.000000 0.999930 0.000000 -0.011846 0.200082 0.200082 0.200082
7476.024414 0.000000 774.616760 0.000000 0.978267 0.000000 -0.207351 0.303723 0.303723 0.303723
7539.413574 0.000000 753.847473 0.000000 0.986624 0.000000 0.163011 0.246596 0.246596 0.246596
7528.923828 0.000000 740.994995 0.000000 0.996732 0.000000 0.080777 0.254206 0.254206 0.254206
7542.646973 0.000000 752.785522 0.000000 0.990808 0.000000 0.135278 0.278378 0.278378 0.278378
7533.104004 0.000000 735.751343 0.000000 0.999967 0.000000 0.008177 0.281390 0.281390 0.281390
7560.173828 0.000000 756.563171 0.000000 0.964967 0.000000 0.262372 0.200608 0.200608 0.200608
7556.298828 0.000000 790.195312 0.000000 0.982393 0.000000 -0.186828 0.243750 0.243750 0.243750
7562.576172 0.000000 764.640686 0.000000 0.985105 0.000000 0.171953 0.237682 0.237682 0.237682
7554.034668 0.000000 760.382629 0.000000 0.999103 0.000000 -0.042352 0.283273 0.283273 0.283273
7562.479980 0.000000 762.446594 0.000000 0.966456 0.000000 -0.256834 0.276172 0.276172 0.276172
7469.375000 0.000000 815.702942 0.000000 0.967532 0.000000 -0.252748 0.201703 0.201703 0.201703
7480.708984 0.000000 811.224731 0.000000 0.973218 0.000000 0.229883 0.212936 0.212936 0.212936
7467.954590 0.000000 814.487305 0.000000 0.967826 0.000000 0.251621 0.219324 0.219324 0.219324
7548.292969 0.000000 903.588440 0.000000 0.991789 0.000000 0.127886 0.266342 0.266342 0.266342
7570.930176 0.000000 814.643921 0.000000 0.991296 0.000000 0.131650 0.224279 0.224279 0.224279
7567.028809 0.000000 803.887146 0.000000 0.955320 0.000000 0.295573 0.243414 0.243414 0.243414
7568.268066 0.000000 803.059387 0.000000 0.985513 0.000000 0.169597 0.296783 0.296783 0.296783
7580.231934 0.000000 832.384033 0.000000 0.992722 0.000000 -0.120429 0.285024 0.285024 0.285024
7562.511230 0.000000 809.472107 0.000000 0.990189 0.000000 -0.139736 0.265403 0.265403 0.265403
7571.616211 0.000000 893.524292 0.000000 0.967613 0.000000 -0.252437 0.238156 0.238156 0.238156
7557.108887 0.000000 896.898254 0.000000 0.973617 0.000000 0.228190 0.296026 0.296026 0.296026
7557.044922 0.000000 878.142334 0.000000 0.971020 0.000000 0.238998 0.294765 0.294765 0.294765
7580.237305 0.000000 851.240906 0.000000 0.997099 0.000000 -0.076122 0.264008 0.264008 0.264008
7552.743652 0.000000 898.186340 0.000000 0.999969 0.000000 0.007855 0.299854 0.299854 0.299854
7553.670898 0.000000 897.186340 0.000000 0.996655 0.000000 0.081722 0.298499 0.298499 0.298499
7580.718750 0.000000 857.766052 0.000000 0.957595 0.000000 0.288118 0.286333 0.286333 0.286333
6645.385254 0.000000 1329.747925 0.000000 0.979989 0.000000 -0.199049 0.228470 0.228470 0.228470
6606.689941 0.000000 1335.484985 0.000000 0.998052 0.000000 0.062395 0.244408 0.244408 0.244408
6609.357910 0.000000 1332.556274 0.000000 0.966215 0.000000 -0.257737 0.245678 0.245678 0.245678
6629.870117 0.000000 1352.068726 0.000000 0.991804 0.000000 -0.127769 0.297650 0.297650 0.297650
6629.454590 0.000000 1328.324463 0.000000 0.975327 0.000000 0.220765 0.267805 0.267805 0.267805
6691.522949 0.000000 948.395935 0.000000 0.998467 0.000000 0.055356 0.206583 0.206583 0.206583
6710.403320 0.000000 923.435791 0.000000 0.959789 0.000000 0.280724 0.225607 0.225607 0.225607
6739.337891 0.000000 903.908813 0.000000 0.999994 0.000000 0.003593 0.243938 0.243938 0.243938
6728.409180 0.000000 918.569458 0.000000 0.971978 0.000000 -0.235073 0.304097 0.304097 0.304097
6711.122559 0.000000 965.377258 0.000000 0.961707 0.000000 0.274081 0.226218 0.226218 0.226218
6690.581543 0.000000 979.414062 0.000000 0.994534 0.000000 0.104409 0.231188 0.231188 0.231188
6717.552246 0.000000 969.547668 0.000000 0.996628 0.000000 -0.082051 0.250524 0.250524 0.250524
6725.475098 0.000000 968.510620 0.000000 0.955614 0.000000 -0.294621 0.234567 0.234567 0.234567
6725.292969 0.000000 966.251770 0.000000 0.956916 0.000000 -0.290364 0.246622 0.246622 0.246622
6723.510254 0.000000 967.508423 0.000000 0.977553 0.000000 0.210689 0.290895 0.290895 0.290895
6821.265137 0.000000 923.413513 0.000000 0.985554 0.000000 -0.169359 0.222501 0.222501 0.222501
6796.499512 0.000000 943.132874 0.000000 0.960790 0.000000 0.277276 0.276223 0.276223 0.276223
6879.328613 0.000000 954.071899 0.000000 0.982610 0.000000 0.185681 0.200624 0.200624 0.200624
6879.222656 0.000000 957.584534 0.000000 0.998319 0.000000 0.057964 0.268957 0.268957 0.268957
6818.934570 0.000000 963.803589 0.000000 0.960155 0.000000 0.279467 0.209234 0.209234 0.209234
6845.256836 0.000000 965.599121 0.000000 0.969082 0.000000 0.246737 0.246168 0.246168 0.246168
6845.505859 0.000000 968.310791 0.000000 0.990678 0.000000 -0.136222 0.277868 0.277868 0.277868
6827.365234 0.000000 1003.222229 0.000000 0.999974 0.000000 0.007278 0.264611 0.264611 0.264611
6845.552246 0.000000 969.547668 0.000000 0.977129 0.000000 0.212649 0.272840 0.272840 0.272840
6857.795410 0.000000 960.258728 0.000000 0.982844 0.000000 -0.184440 0.203289 0.203289 0.203289
6862.695801 0.000000 967.120361 0.000000 0.978667 0.000000 0.205454 0.256520 0.256520 0.256520
6855.012695 0.000000 961.325195 0.000000 0.968043 0.000000 0.250783 0.280436 0.280436 0.280436
6758.707031 0.000000 1025.276001 0.000000 0.994764 0.000000 0.102202 0.232319 0.232319 0.232319
6775.309570 0.000000 1024.964233 0.000000 0.971194 0.000000 0.238290 0.275187 0.275187 0.275187
6840.708984 0.000000 1037.162231 0.000000 0.992094 0.000000 -0.125498 0.218714 0.218714 0.218714
6843.262207 0.000000 1038.854736 0.000000 0.976220 0.000000 0.216781 0.220739 0.220739 0.220739
6787.050781 0.000000 1020.113037 0.000000 0.978823 0.000000 0.204711 0.218650 0.218650 0.218650
6784.213379 0.000000 1028.820435 0.000000 0.996045 0.000000 -0.088853 0.287939 0.287939 0.287939
6829.104004 0.000000 1018.173218 0.000000 0.986618 0.000000 -0.163051 0.302858 0.302858 0.302858
6879.373535 0.000000 1060.151855 0.000000 0.999546 0.000000 0.030121 0.203422 0.203422 0.203422
6881.128418 0.000000 1057.481934 0.000000 0.982736 0.000000 0.185016 0.224333 0.224333 0.224333
6849.945801 0.000000 1033.022583 0.000000 0.974547 0.000000 -0.224184 0.243014 0.243014 0.243014
6880.813477 0.000000 1060.224609 0.000000 0.996029 0.000000 -0.089033 0.237041 0.237041 0.237041
6887.319336 0.000000 1041.431519 0.000000 0.955402 0.000000 0.295307 0.237982 0.237982 0.237982
6861.527344 0.000000 1023.762512 0.000000 0.993580 0.000000 0.113135 0.257688 0.257688 0.257688
6860.215332 0.000000 1027.575073 0.000000 0.970668 0.000000 0.240424 0.281144 0.281144 0.281144
6896.827148 0.000000 1060.556641 0.000000 0.990595 0.000000 0.136826 0.297579 0.297579 0.297579
6894.042969 0.000000 1079.057739 0.000000 0.984430 0.000000 0.175779 0.198818 0.198818 0.198818
6897.424316 0.000000 1111.619629 0.000000 0.995862 0.000000 -0.090874 0.205434 0.205434 0.205434
6893.839355 0.000000 1099.888916 0.000000 0.972793 0.000000 0.231678 0.223345 0.223345 0.223345
6882.454102 0.000000 1114.224365 0.000000 0.995385 0.000000 -0.095957 0.234285 0.234285 0.234285
6893.556641 0.000000 1118.846313 0.000000 0.997235 0.000000 0.074314 0.241496 0.241496 0.241496
6892.992676 0.000000 1096.103882 0.000000 0.996495 0.000000 0.083657 0.239728 0.239728 0.239728
6889.405762 0.000000 1111.056030 0.000000 0.991966 0.000000 -0.126508 0.247634 0.247634 0.247634
6891.365234 0.000000 1116.191040 0.000000 0.994001 0.000000 -0.109374 0.257072 0.257072 0.257072
6888.923828 0.000000 1079.901245 0.000000 0.995118 0.000000 0.098693 0.298260 0.298260 0.298260
6891.627441 0.000000 1124.386597 0.000000 0.972469 0.000000 0.233033 0.243047 0.243047 0.243047
6890.301758 0.000000 1116.748901 0.000000 0.996038 0.000000 0.088934 0.254662 0.254662 0.254662
6891.446289 0.000000 1114.814697 0.000000 0.973079 0.000000 0.230472 0.265485 0.265485 0.265485
6943.371094 0.000000 1015.295715 0.000000 0.999976 0.000000 -0.006949 0.251342 0.251342 0.251342
7155.759277 0.000000 935.114868 0.000000 0.969505 0.000000 0.245071 0.198319 0.198319 0.198319
7147.248047 0.000000 950.947021 0.000000 0.996191 0.000000 -0.087195 0.248888 0.248888 0.248888
7144.134277 0.000000 948.340454 0.000000 0.982745 0.000000 -0.184968 0.251719 0.251719 0.251719
6936.641113 0.000000 1072.443237 0.000000 0.951307 0.000000 -0.308245 0.209950 0.209950 0.209950
6931.070801 0.000000 1060.086548 0.000000 0.999614 0.000000 0.027796 0.216294 0.216294 0.216294
6954.712402 0.000000 1037.937134 0.000000 0.979608 0.000000 0.200918 0.221984 0.221984 0.221984
6929.775879 0.000000 1064.291992 0.000000 0.975316 0.000000 0.220814 0.227289 0.227289 0.227289
6961.096680 0.000000 1024.412231 0.000000 0.986863 0.000000 0.161560 0.241101 0.241101 0.241101
6959.484375 0.000000 1036.177856 0.000000 0.999920 0.000000 -0.012677 0.239629 0.239629 0.239629
6935.285645 0.000000 1056.429199 0.000000 0.959856 0.000000 0.280494 0.294772 0.294772 0.294772
6935.398438 0.000000 1072.519043 0.000000 0.999983 0.000000 -0.005808 0.240117 0.240117 0.240117
6929.357910 0.000000 1050.134399 0.000000 0.978064 0.000000 0.208304 0.246619 0.246619 0.246619
6929.052246 0.000000 1059.523315 0.000000 0.997420 0.000000 0.071790 0.298665 0.298665 0.298665
6940.429199 0.000000 1056.062134 0.000000 0.996286 0.000000 0.086105 0.253031 0.253031 0.253031
6937.886230 0.000000 1058.791138 0.000000 0.962291 0.000000 0.272022 0.295172 0.295172 0.295172
6954.590820 0.000000 1020.127686 0.000000 0.991243 0.000000 0.132047 0.266838 0.266838 0.266838
6918.709961 0.000000 1072.848633 0.000000 0.973141 0.000000 -0.230211 0.298231 0.298231 0.298231
6962.122070 0.000000 1033.771729 0.000000 0.972770 0.000000 0.231772 0.264921 0.264921 0.264921
7028.706543 0.000000 1073.034058 0.000000 0.991403 0.000000 -0.130842 0.205165 0.205165 0.205165
6980.508301 0.000000 1059.419312 0.000000 0.977234 0.000000 0.212164 0.265191 0.265191 0.265191
6983.968750 0.000000 1057.671997 0.000000 0.994451 0.000000 0.105199 0.257788 0.257788 0.257788
6929.965332 0.000000 1113.828247 0.000000 0.994040 0.000000 0.109019 0.254417 0.254417 0.254417
7000.572266 0.000000 1112.667480 0.000000 0.978288 0.000000 -0.207249 0.201428 0.201428 0.201428
7033.384766 0.000000 1129.454834 0.000000 0.994642 0.000000 0.103381 0.200108 0.200108 0.200108
7033.007324 0.000000 1118.863647 0.000000 0.999998 0.000000 0.002221 0.216508 0.216508 0.216508
7015.104492 0.000000 1085.096680 0.000000 0.994855 0.000000 -0.101312 0.210596 0.210596 0.210596
7001.034668 0.000000 1105.149658 0.000000 0.999082 0.000000 0.042828 0.214493 0.214493 0.214493
7030.609375 0.000000 1101.051758 0.000000 0.977641 0.000000 -0.210281 0.234289 0.234289 0.234289
7018.742676 0.000000 1097.392822 0.000000 0.973104 0.000000 0.230368 0.264940 0.264940 0.264940
7033.725098 0.000000 1105.705688 0.000000 0.986111 0.000000 0.166087 0.281212 0.281212 0.281212
6996.037109 0.000000 1112.951782 0.000000 0.961304 0.000000 -0.275490 0.272977 0.272977 0.272977
7089.314941 0.000000 1115.901367 0.000000 0.989019 0.000000 -0.147786 0.211529 0.211529 0.211529
7085.684570 0.000000 1116.113892 0.000000 0.966729 0.000000 0.255802 0.234597 0.234597 0.234597
7104.328125 0.000000 1121.671509 0.000000 0.999701 0.000000 0.024461 0.245946 0.245946 0.245946
7155.326660 0.000000 1120.718872 0.000000 0.992179 0.000000 0.124825 0.256436 0.256436 0.256436
7112.396484 0.000000 1111.983765 0.000000 0.994810 0.000000 0.101748 0.271681 0.271681 0.271681
7105.519531 0.000000 1120.746948 0.000000 0.969823 0.000000 0.243810 0.243471 0.243471 0.243471
7162.917480 0.000000 1120.449707 0.000000 0.985810 0.000000 -0.167863 0.303215 0.303215 0.303215
7166.572266 0.000000 1123.720947 0.000000 0.973398 0.000000 0.229122 0.259496 0.259496 0.259496
7161.653809 0.000000 1126.043579 0.000000 0.962446 0.000000 0.271472 0.260021 0.260021 0.260021
7158.610352 0.000000 1123.116333 0.000000 0.999533 0.000000 -0.030544 0.271289 0.271289 0.271289
7167.644043 0.000000 1129.223633 0.000000 0.980541 0.000000 0.196312 0.296589 0.296589 0.296589
6686.953613 0.000000 1355.393188 0.000000 0.993028 0.000000 -0.117883 0.200796 0.200796 0.200796
6693.265137 0.000000 1318.804199 0.000000 0.992268 0.000000 0.124113 0.218809 0.218809 0.218809
6940.838379 0.000000 1154.754883 0.000000 0.960343 0.000000 0.278820 0.204864 0.204864 0.204864
6947.093262 0.000000 1152.063599 0.000000 0.955364 0.000000 0.295431 0.215105 0.215105 0.215105
6932.433105 0.000000 1146.702026 0.000000 0.999157 0.000000 0.041059 0.223997 0.223997 0.223997
6934.338379 0.000000 1142.669922 0.000000 0.999664 0.000000 0.025927 0.226370 0.226370 0.226370
6937.045410 0.000000 1141.579346 0.000000 0.982189 0.000000 0.187896 0.232012 0.232012 0.232012
6948.309082 0.000000 1159.073486 0.000000 0.982637 0.000000 -0.185540 0.232901 0.232901 0.232901
6966.205566 0.000000 1164.900757 0.000000 0.995893 0.000000 0.090542 0.294564 0.294564 0.294564
6948.740723 0.000000 1154.789673 0.000000 0.999854 0.000000 0.017081 0.262805 0.262805 0.262805
6967.966309 0.000000 1165.583252 0.000000 0.976133 0.000000 -0.217173 0.299736 0.299736 0.299736
6978.575684 0.000000 1170.814575 0.000000 0.996555 0.000000 0.082934 0.203592 0.203592 0.203592
6995.835449 0.000000 1150.574585 0.000000 0.981887 0.000000 0.189468 0.226493 0.226493 0.226493
6977.950684 0.000000 1169.661987 0.000000 0.986648 0.000000 0.162865 0.253207 0.253207 0.253207
7033.375000 0.000000 1132.945190 0.000000 0.968436 0.000000 0.249262 0.262499 0.262499 0.262499
6990.047363 0.000000 1156.884766 0.000000 0.958686 0.000000 -0.284465 0.271947 0.271947 0.271947
7037.552246 0.000000 1139.000854 0.000000 0.953441 0.000000 0.301580 0.267194 0.267194 0.267194
7101.282227 0.000000 1173.642700 0.000000 0.963027 0.000000 0.269404 0.206580 0.206580 0.206580
7050.663574 0.000000 1184.272461 0.000000 0.971565 0.000000 -0.236775 0.223106 0.223106 0.223106
7070.924805 0.000000 1168.992310 0.000000 0.992482 0.000000 -0.122393 0.220386 0.220386 0.220386
7045.809082 0.000000 1185.170654 0.000000 0.982188 0.000000 -0.187903 0.224376 0.224376 0.224376
7054.689941 0.000000 1166.031860 0.000000 0.995500 0.000000 0.094762 0.279538 0.279538 0.279538
7054.943359 0.000000 1170.282104 0.000000 0.989498 0.000000 0.144546 0.263359 0.263359 0.263359
7074.360840 0.000000 1175.060669 0.000000 0.953372 0.000000 0.301796 0.294547 0.294547 0.294547
7073.799316 0.000000 1168.573486 0.000000 0.973825 0.000000 -0.227300 0.299333 0.299333 0.299333
7080.275879 0.000000 1178.460083 0.000000 0.957724 0.000000 -0.287690 0.305016 0.305016 0.305016
7072.087402 0.000000 1169.806763 0.000000 0.993142 0.000000 -0.116917 0.297468 0.297468 0.297468
7055.546387 0.000000 1167.569336 0.000000 0.976497 0.000000 -0.215530 0.284190 0.284190 0.284190
7087.144043 0.000000 1167.412109 0.000000 0.978731 0.000000 0.205149 0.254332 0.254332 0.254332
7076.052246 0.000000 1169.130615 0.000000 0.992628 0.000000 0.121204 0.255375 0.255375 0.255375
7145.963379 0.000000 1137.216797 0.000000 0.977918 0.000000 0.208991 0.221360 0.221360 0.221360
7137.478516 0.000000 1159.708984 0.000000 0.999999 0.000000 -0.001714 0.224385 0.224385 0.224385
7154.861328 0.000000 1185.204956 0.000000 0.985599 0.000000 0.169097 0.226137 0.226137 0.226137
7146.712402 0.000000 1150.905884 0.000000 0.962107 0.000000 -0.272671 0.236068 0.236068 0.236068
7124.841797 0.000000 1164.253662 0.000000 0.998296 0.000000 -0.058352 0.222084 0.222084 0.222084
7123.524902 0.000000 1166.621338 0.000000 0.979601 0.000000 0.200954 0.229131 0.229131 0.229131
7111.015137 0.000000 1137.909546 0.000000 0.994640 0.000000 -0.103401 0.245676 0.245676 0.245676
7126.292480 0.000000 1161.108032 0.000000 0.991048 0.000000 -0.133504 0.248280 0.248280 0.248280
7108.220703 0.000000 1147.042236 0.000000 0.989892 0.000000 -0.141822 0.250647 0.250647 0.250647
7134.521973 0.000000 1163.133301 0.000000 0.963725 0.000000 -0.266899 0.304786 0.304786 0.304786
7144.696289 0.000000 1139.935059 0.000000 0.964445 0.000000 0.264282 0.243235 0.243235 0.243235
7130.203125 0.000000 1162.293335 0.000000 0.969341 0.000000 0.245719 0.238531 0.238531 0.238531
7158.205566 0.000000 1164.900757 0.000000 0.981839 0.000000 0.189717 0.237493 0.237493 0.237493
7159.950684 0.000000 1167.871460 0.000000 0.996696 0.000000 0.081221 0.274745 0.274745 0.274745
7167.246094 0.000000 1165.697021 0.000000 0.999366 0.000000 -0.035606 0.274171 0.274171 0.274171
7135.121582 0.000000 1160.947754 0.000000 0.994973 0.000000 -0.100144 0.300590 0.300590 0.300590
7104.213379 0.000000 1141.789185 0.000000 0.999998 0.000000 0.002137 0.274199 0.274199 0.274199
7147.242188 0.000000 1146.743896 0.000000 0.995468 0.000000 0.095094 0.280087 0.280087 0.280087
7151.144043 0.000000 1167.412109 0.000000 0.973618 0.000000 -0.228183 0.282083 0.282083 0.282083
7128.817383 0.000000 1162.721069 0.000000 0.969918 0.000000 -0.243430 0.267923 0.267923 0.267923
7135.979004 0.000000 1158.755493 0.000000 0.989127 0.000000 0.147064 0.265531 0.265531 0.265531
7060.994629 0.000000 1188.724609 0.000000 0.981232 0.000000 -0.192830 0.201332 0.201332 0.201332
7087.447754 0.000000 1198.857544 0.000000 0.964096 0.000000 0.265554 0.198141 0.198141 0.198141
7052.251465 0.000000 1193.007935 0.000000 0.994905 0.000000 0.100818 0.215125 0.215125 0.215125
7057.145996 0.000000 1188.726074 0.000000 0.994144 0.000000 -0.108059 0.215172 0.215172 0.215172
7089.096680 0.000000 1193.865356 0.000000 0.968131 0.000000 -0.250446 0.235267 0.235267 0.235267
7142.385742 0.000000 1203.016846 0.000000 0.999056 0.000000 0.043434 0.202766 0.202766 0.202766
7136.801270 0.000000 1214.487061 0.000000 0.995245 0.000000 0.097402 0.207931 0.207931 0.207931
7157.007812 0.000000 1227.322266 0.000000 0.981824 0.000000 0.189792 0.214376 0.214376 0.214376
7125.101562 0.000000 1232.622925 0.000000 0.991012 0.000000 -0.133773 0.215951 0.215951 0.215951
7125.917480 0.000000 1230.434082 0.000000 0.983936 0.000000 0.178524 0.215023 0.215023 0.215023
7112.309570 0.000000 1214.965088 0.000000 0.987741 0.000000 -0.156103 0.216136 0.216136 0.216136
7121.688477 0.000000 1214.398682 0.000000 0.999257 0.000000 0.038550 0.226253 0.226253 0.226253
7144.687988 0.000000 1208.672485 0.000000 0.996726 0.000000 0.080859 0.219742 0.219742 0.219742
7129.935547 0.000000 1226.574463 0.000000 0.977896 0.000000 0.209090 0.220260 0.220260 0.220260
7133.380859 0.000000 1205.569580 0.000000 0.999301 0.000000 0.037372 0.221239 0.221239 0.221239
7131.430664 0.000000 1226.806519 0.000000 0.970166 0.000000 -0.242440 0.247229 0.247229 0.247229
7154.163574 0.000000 1233.147461 0.000000 0.989769 0.000000 0.142680 0.297496 0.297496 0.297496
6960.918945 0.000000 1314.126831 0.000000 0.991531 0.000000 0.129872 0.199112 0.199112 0.199112
6394.406250 0.000000 1507.674072 0.000000 0.999985 0.000000 -0.005416 0.238992 0.238992 0.238992
6397.505859 0.000000 1476.670166 0.000000 0.990028 0.000000 -0.140873 0.248932 0.248932 0.248932
6367.371094 0.000000 1523.655029 0.000000 0.995663 0.000000 0.093036 0.255167 0.255167 0.255167
6395.256348 0.000000 1477.564331 0.000000 0.997627 0.000000 0.068844 0.264360 0.264360 0.264360
6372.620605 0.000000 1571.786621 0.000000 0.990512 0.000000 0.137423 0.199074 0.199074 0.199074
6366.961914 0.000000 1526.039429 0.000000 0.952266 0.000000 0.305270 0.197847 0.197847 0.197847
6381.942871 0.000000 1547.019043 0.000000 0.984023 0.000000 -0.178044 0.204379 0.204379 0.204379
6363.739258 0.000000 1568.701538 0.000000 0.981203 0.000000 -0.192979 0.215306 0.215306 0.215306
6346.780273 0.000000 1559.861938 0.000000 0.968142 0.000000 0.250401 0.216597 0.216597 0.216597
6373.210449 0.000000 1557.159668 0.000000 0.966645 0.000000 0.256120 0.244420 0.244420 0.244420
6363.430664 0.000000 1565.712769 0.000000 0.980472 0.000000 -0.196659 0.291355 0.291355 0.291355
6395.996582 0.000000 1532.347046 0.000000 0.995395 0.000000 -0.095861 0.301747 0.301747 0.301747
6350.689941 0.000000 1561.422485 0.000000 0.988372 0.000000 -0.152057 0.257025 0.257025 0.257025
6338.857910 0.000000 1567.421631 0.000000 0.976882 0.000000 0.213781 0.296135 0.296135 0.296135
6387.413574 0.000000 1544.628662 0.000000 0.959588 0.000000 0.281407 0.242492 0.242492 0.242492
6381.140625 0.000000 1544.690674 0.000000 0.961047 0.000000 0.276384 0.257238 0.257238 0.257238
6383.663086 0.000000 1542.161377 0.000000 0.999846 0.000000 0.017566 0.299664 0.299664 0.299664
6364.237305 0.000000 1529.053467 0.000000 0.977252 0.000000 -0.212082 0.303889 0.303889 0.303889
6387.578125 0.000000 1548.315430 0.000000 0.994683 0.000000 0.102983 0.293802 0.293802 0.293802
6398.282715 0.000000 1541.198853 0.000000 0.976441 0.000000 -0.215786 0.303926 0.303926 0.303926
6344.099121 0.000000 1560.467651 0.000000 0.999818 0.000000 0.019066 0.268929 0.268929 0.268929
6364.025391 0.000000 1531.448975 0.000000 0.960765 0.000000 0.277364 0.260485 0.260485 0.260485
6391.309570 0.000000 1533.323608 0.000000 0.992089 0.000000 0.125535 0.283492 0.283492 0.283492
6457.671875 0.000000 1410.496338 0.000000 0.952694 0.000000 0.303930 0.294426 0.294426 0.294426
6458.116699 0.000000 1404.941162 0.000000 0.999320 0.000000 0.036866 0.298809 0.298809 0.298809
6460.166992 0.000000 1402.206177 0.000000 0.999919 0.000000 -0.012758 0.300220 0.300220 0.300220
6475.941895 0.000000 1397.429077 0.000000 0.959203 0.000000 0.282718 0.198089 0.198089 0.198089
6491.203125 0.000000 1394.942749 0.000000 0.998224 0.000000 0.059580 0.205437 0.205437 0.205437
6474.780273 0.000000 1390.408813 0.000000 0.998106 0.000000 -0.061521 0.221548 0.221548 0.221548
6500.830078 0.000000 1390.552734 0.000000 0.990508 0.000000 -0.137454 0.226188 0.226188 0.226188
6521.112305 0.000000 1362.215332 0.000000 0.997972 0.000000 0.063651 0.222678 0.222678 0.222678
6527.462891 0.000000 1355.974976 0.000000 0.976192 0.000000 -0.216907 0.227497 0.227497 0.227497
6524.926270 0.000000 1359.468018 0.000000 0.967219 0.000000 0.253944 0.232977 0.232977 0.232977
6519.719727 0.000000 1359.654907 0.000000 0.995200 0.000000 0.097861 0.270628 0.270628 0.270628
6491.313477 0.000000 1403.258545 0.000000 0.993092 0.000000 -0.117339 0.251499 0.251499 0.251499
6499.546875 0.000000 1408.585083 0.000000 0.988025 0.000000 0.154296 0.297337 0.297337 0.297337
6486.176758 0.000000 1393.047974 0.000000 0.977803 0.000000 0.209527 0.252634 0.252634 0.252634
6469.862793 0.000000 1391.489868 0.000000 0.978302 0.000000 0.207186 0.254855 0.254855 0.254855
6453.519043 0.000000 1438.734741 0.000000 0.987470 0.000000 -0.157810 0.201096 0.201096 0.201096
6452.393066 0.000000 1434.502930 0.000000 0.986060 0.000000 0.166390 0.207395 0.207395 0.207395
6417.775879 0.000000 1459.682617 0.000000 0.998036 0.000000 -0.062650 0.230573 0.230573 0.230573
6453.096191 0.000000 1437.177856 0.000000 0.978753 0.000000 0.205042 0.235133 0.235133 0.235133
6425.172852 0.000000 1448.624146 0.000000 0.999856 0.000000 -0.016970 0.237429 0.237429 0.237429
6415.223145 0.000000 1440.455933 0.000000 0.962267 0.000000 -0.272109 0.249293 0.249293 0.249293
6413.130371 0.000000 1454.285522 0.000000 0.989720 0.000000 0.143016 0.261174 0.261174 0.261174
6431.082031 0.000000 1448.257080 0.000000 0.956163 0.000000 -0.292834 0.305576 0.305576 0.305576
6432.813965 0.000000 1449.964111 0.000000 0.977149 0.000000 0.212557 0.251501 0.251501 0.251501
6457.538086 0.000000 1435.059937 0.000000 0.966003 0.000000 -0.258532 0.304887 0.304887 0.304887
6409.122070 0.000000 1459.171021 0.000000 0.972808 0.000000 -0.231612 0.304184 0.304184 0.304184
6412.104980 0.000000 1455.008057 0.000000 0.998739 0.000000 -0.050201 0.263673 0.263673 0.263673
6406.282227 0.000000 1458.163818 0.000000 0.980209 0.000000 0.197964 0.296194 0.296194 0.296194
6409.062988 0.000000 1454.089355 0.000000 0.978303 0.000000 0.207180 0.257046 0.257046 0.257046
6499.200195 0.000000 1424.906372 0.000000 0.975069 0.000000 0.221902 0.198708 0.198708 0.198708
6472.859375 0.000000 1449.596436 0.000000 0.990597 0.000000 -0.136814 0.213709 0.213709 0.213709
6492.266602 0.000000 1449.476562 0.000000 0.997488 0.000000 -0.070833 0.226705 0.226705 0.226705
6495.786621 0.000000 1445.830811 0.000000 0.984653 0.000000 0.174524 0.238206 0.238206 0.238206
6492.237305 0.000000 1416.084717 0.000000 0.998255 0.000000 0.059048 0.249457 0.249457 0.249457
6492.225586 0.000000 1439.739258 0.000000 0.996273 0.000000 -0.086260 0.289596 0.289596 0.289596
6491.464355 0.000000 1437.673828 0.000000 0.981088 0.000000 -0.193564 0.284429 0.284429 0.284429
6499.712891 0.000000 1428.889771 0.000000 0.999927 0.000000 -0.012125 0.268230 0.268230 0.268230
6530.732422 0.000000 1363.838623 0.000000 0.952565 0.000000 -0.304335 0.247359 0.247359 0.247359
6615.371094 0.000000 1455.123291 0.000000 0.970880 0.000000 -0.239567 0.201619 0.201619 0.201619
6614.889648 0.000000 1461.371338 0.000000 0.963081 0.000000 0.269213 0.226812 0.226812 0.226812
6632.675293 0.000000 1459.149658 0.000000 0.991524 0.000000 -0.129921 0.249375 0.249375 0.249375
6634.913086 0.000000 1466.109619 0.000000 0.990116 0.000000 0.140248 0.297450 0.297450 0.297450
6622.985352 0.000000 1461.153320 0.000000 0.993887 0.000000 -0.110404 0.288276 0.288276 0.288276
6636.898438 0.000000 1467.970215 0.000000 0.989399 0.000000 0.145222 0.297337 0.297337 0.297337
6620.472656 0.000000 1457.625610 0.000000 0.971479 0.000000 0.237124 0.271390 0.271390 0.271390
6620.231934 0.000000 1453.712158 0.000000 0.970827 0.000000 0.239782 0.246250 0.246250 0.246250
6626.360840 0.000000 1457.482544 0.000000 0.953825 0.000000 0.300361 0.292061 0.292061 0.292061
6619.313477 0.000000 1459.742920 0.000000 0.987414 0.000000 0.158159 0.297044 0.297044 0.297044
6631.071777 0.000000 1461.827515 0.000000 0.994191 0.000000 -0.107628 0.288800 0.288800 0.288800
6608.554199 0.000000 1464.884277 0.000000 0.999454 0.000000 0.033039 0.299371 0.299371 0.299371
6618.614258 0.000000 1455.752808 0.000000 0.981110 0.000000 0.193448 0.296537 0.296537 0.296537
6623.222656 0.000000 1465.943970 0.000000 0.970077 0.000000 -0.242799 0.304555 0.304555 0.304555
6606.558105 0.000000 1464.982178 0.000000 0.951133 0.000000 0.308782 0.261140 0.261140 0.261140
6617.886230 0.000000 1454.181763 0.000000 0.958223 0.000000 0.286024 0.255482 0.255482 0.255482
6400.894531 0.000000 1498.893921 0.000000 0.954702 0.000000 -0.297565 0.202044 0.202044 0.202044
6434.377441 0.000000 1512.320923 0.000000 0.951702 0.000000 -0.307024 0.230659 0.230659 0.230659
6437.886230 0.000000 1514.765503 0.000000 0.999038 0.000000 -0.043855 0.247271 0.247271 0.247271
6408.904785 0.000000 1474.873413 0.000000 0.984912 0.000000 0.173057 0.293721 0.293721 0.293721
6401.343750 0.000000 1481.907104 0.000000 0.995722 0.000000 0.092399 0.265159 0.265159 0.265159
6468.948730 0.000000 1468.708862 0.000000 0.954920 0.000000 0.296864 0.197923 0.197923 0.197923
6419.771973 0.000000 1547.703613 0.000000 0.996890 0.000000 0.078805 0.199482 0.199482 0.199482
6421.101562 0.000000 1571.529175 0.000000 0.999952 0.000000 -0.009815 0.210441 0.210441 0.210441
6442.601562 0.000000 1576.926758 0.000000 0.981677 0.000000 -0.190555 0.246645 0.246645 0.246645
6447.816406 0.000000 1570.866455 0.000000 0.995045 0.000000 0.099429 0.236231 0.236231 0.236231
6443.584473 0.000000 1564.153076 0.000000 0.987490 0.000000 0.157681 0.297183 0.297183 0.297183
6434.360840 0.000000 1570.451294 0.000000 0.964572 0.000000 0.263820 0.294869 0.294869 0.294869
6442.279785 0.000000 1569.934814 0.000000 0.995135 0.000000 -0.098526 0.287523 0.287523 0.287523
6440.134277 0.000000 1569.668579 0.000000 0.980432 0.000000 0.196856 0.296260 0.296260 0.296260
6439.291504 0.000000 1564.083618 0.000000 0.999640 0.000000 0.026826 0.299488 0.299488 0.299488
6594.822754 0.000000 1502.561890 0.000000 0.956889 0.000000 0.290455 0.199304 0.199304 0.199304
6611.894531 0.000000 1476.365479 0.000000 0.997926 0.000000 -0.064371 0.201859 0.201859 0.201859
6651.003418 0.000000 1514.603394 0.000000 0.966980 0.000000 -0.254852 0.211815 0.211815 0.211815
6608.310547 0.000000 1516.189209 0.000000 0.989827 0.000000 -0.142274 0.221693 0.221693 0.221693
6627.595703 0.000000 1488.705688 0.000000 0.979474 0.000000 0.201571 0.219778 0.219778 0.219778
6610.728027 0.000000 1502.751831 0.000000 0.999826 0.000000 0.018668 0.230912 0.230912 0.230912
6604.607910 0.000000 1505.529419 0.000000 0.990558 0.000000 -0.137094 0.234128 0.234128 0.234128
6638.049316 0.000000 1506.507324 0.000000 0.971516 0.000000 -0.236974 0.242580 0.242580 0.242580
6654.147949 0.000000 1513.548462 0.000000 0.969867 0.000000 -0.243636 0.252409 0.252409 0.252409
6596.788086 0.000000 1491.094604 0.000000 0.999340 0.000000 -0.036329 0.242126 0.242126 0.242126
6631.339844 0.000000 1470.176270 0.000000 0.998202 0.000000 -0.059940 0.246888 0.246888 0.246888
6618.914551 0.000000 1520.297607 0.000000 0.989825 0.000000 -0.142290 0.264299 0.264299 0.264299
6653.145996 0.000000 1510.272949 0.000000 0.999993 0.000000 -0.003651 0.256347 0.256347 0.256347
6626.554688 0.000000 1478.307861 0.000000 0.963779 0.000000 -0.266702 0.289021 0.289021 0.289021
6619.792969 0.000000 1498.034546 0.000000 0.976554 0.000000 0.215271 0.296076 0.296076 0.296076
6593.803711 0.000000 1520.919800 0.000000 0.996148 0.000000 0.087686 0.266331 0.266331 0.266331
6607.853516 0.000000 1483.331055 0.000000 0.996939 0.000000 0.078183 0.298617 0.298617 0.298617
6608.913574 0.000000 1472.376709 0.000000 0.993490 0.000000 0.113916 0.256018 0.256018 0.256018
6619.824219 0.000000 1481.455322 0.000000 0.999660 0.000000 -0.026091 0.300456 0.300456 0.300456
6637.039062 0.000000 1506.017090 0.000000 0.992781 0.000000 -0.119940 0.302121 0.302121 0.302121
6626.086426 0.000000 1475.491821 0.000000 0.995842 0.000000 0.091100 0.298401 0.298401 0.298401
6625.173340 0.000000 1492.990967 0.000000 0.989126 0.000000 -0.147071 0.302819 0.302819 0.302819
6597.747070 0.000000 1501.564697 0.000000 0.968905 0.000000 0.247435 0.271239 0.271239 0.271239
6595.692383 0.000000 1501.894775 0.000000 0.999016 0.000000 0.044356 0.258550 0.258550 0.258550
6579.583984 0.000000 1529.654053 0.000000 0.998813 0.000000 -0.048704 0.259712 0.259712 0.259712
6581.144531 0.000000 1534.399048 0.000000 0.999611 0.000000 -0.027896 0.300488 0.300488 0.300488
6584.213867 0.000000 1536.605347 0.000000 0.994393 0.000000 -0.105750 0.302004 0.302004 0.302004
6634.442383 0.000000 1553.128906 0.000000 0.967269 0.000000 0.253754 0.212186 0.212186 0.212186
6600.131348 0.000000 1534.465820 0.000000 0.969490 0.000000 -0.245131 0.238653 0.238653 0.238653
6647.122559 0.000000 1530.220947 0.000000 0.999999 0.000000 -0.001473 0.229426 0.229426 0.229426
6633.763184 0.000000 1547.098633 0.000000 0.993653 0.000000 -0.112485 0.283768 0.283768 0.283768
6269.535645 0.000000 1635.738037 0.000000 0.988518 0.000000 0.151104 0.216361 0.216361 0.216361
6270.141113 0.000000 1628.430786 0.000000 0.998740 0.000000 -0.050188 0.262547 0.262547 0.262547
6272.156738 0.000000 1636.462646 0.000000 0.991238 0.000000 0.132086 0.199117 0.199117 0.199117
6323.016113 0.000000 1602.413574 0.000000 0.970506 0.000000 -0.241075 0.201696 0.201696 0.201696
6293.101562 0.000000 1628.013550 0.000000 0.964858 0.000000 -0.262771 0.212452 0.212452 0.212452
6305.315918 0.000000 1614.255493 0.000000 0.981446 0.000000 -0.191741 0.303338 0.303338 0.303338
6277.108887 0.000000 1631.195068 0.000000 0.998613 0.000000 -0.052658 0.264832 0.264832 0.264832
6312.398438 0.000000 1590.428955 0.000000 0.995964 0.000000 0.089751 0.260756 0.260756 0.260756
6303.082031 0.000000 1617.710205 0.000000 0.984113 0.000000 0.177543 0.253577 0.253577 0.253577
6313.168457 0.000000 1613.119873 0.000000 0.983754 0.000000 -0.179523 0.303272 0.303272 0.303272
6329.471191 0.000000 1597.901733 0.000000 0.999720 0.000000 -0.023684 0.282991 0.282991 0.282991
6317.104004 0.000000 1583.016968 0.000000 0.982236 0.000000 -0.187650 0.261460 0.261460 0.261460
6334.358398 0.000000 1588.434204 0.000000 0.996843 0.000000 -0.079400 0.292316 0.292316 0.292316
6323.501953 0.000000 1581.629395 0.000000 0.993698 0.000000 0.112086 0.295307 0.295307 0.295307
6398.038574 0.000000 1605.545776 0.000000 0.958378 0.000000 -0.285503 0.228722 0.228722 0.228722
6399.314453 0.000000 1609.475342 0.000000 0.974039 0.000000 0.226382 0.244765 0.244765 0.244765
6388.147949 0.000000 1636.724731 0.000000 0.996747 0.000000 0.080595 0.243651 0.243651 0.243651
6350.695801 0.000000 1588.448486 0.000000 0.970150 0.000000 0.242505 0.252771 0.252771 0.252771
6344.070801 0.000000 1585.355347 0.000000 0.982196 0.000000 -0.187859 0.303277 0.303277 0.303277
6398.905762 0.000000 1643.857178 0.000000 0.987627 0.000000 -0.156824 0.229777 0.229777 0.229777
6392.213867 0.000000 1649.574097 0.000000 1.000000 0.000000 -0.000450 0.259670 0.259670 0.259670
6378.742676 0.000000 1662.236572 0.000000 0.963412 0.000000 -0.268027 0.304898 0.304898 0.304898
6355.400879 0.000000 1694.019897 0.000000 0.962191 0.000000 -0.272377 0.296055 0.296055 0.296055
6354.082520 0.000000 1694.593506 0.000000 0.961616 0.000000 0.274397 0.287104 0.287104 0.287104
6432.449219 0.000000 1607.557861 0.000000 0.967652 0.000000 0.252288 0.198274 0.198274 0.198274
6437.463867 0.000000 1589.167847 0.000000 0.999970 0.000000 -0.007686 0.200054 0.200054 0.200054
6417.033691 0.000000 1621.523315 0.000000 0.996136 0.000000 0.087823 0.213566 0.213566 0.213566
6435.182129 0.000000 1588.328857 0.000000 0.971551 0.000000 -0.236831 0.223106 0.223106 0.223106
6415.453125 0.000000 1630.537720 0.000000 0.966636 0.000000 0.256155 0.234593 0.234593 0.234593
6437.210449 0.000000 1613.644043 0.000000 0.978932 0.000000 0.204188 0.234593 0.234593 0.234593
6419.616211 0.000000 1627.821167 0.000000 0.996728 0.000000 -0.080830 0.245427 0.245427 0.245427
6403.093750 0.000000 1611.632446 0.000000 0.985890 0.000000 0.167392 0.239384 0.239384 0.239384
6404.081543 0.000000 1601.532349 0.000000 0.968896 0.000000 0.247469 0.252163 0.252163 0.252163
6442.544434 0.000000 1618.415527 0.000000 0.952853 0.000000 -0.303433 0.241000 0.241000 0.241000
6441.405762 0.000000 1619.415405 0.000000 0.968213 0.000000 -0.250128 0.304667 0.304667 0.304667
6437.870117 0.000000 1634.490601 0.000000 0.964413 0.000000 -0.264400 0.263597 0.263597 0.263597
6440.188477 0.000000 1618.905518 0.000000 0.997630 0.000000 -0.068806 0.301271 0.301271 0.301271
6442.590820 0.000000 1584.971436 0.000000 0.991504 0.000000 0.130078 0.295002 0.295002 0.295002
6401.144043 0.000000 1607.016724 0.000000 0.979400 0.000000 -0.201931 0.303640 0.303640 0.303640
6425.831543 0.000000 1645.190308 0.000000 0.974202 0.000000 -0.225677 0.304083 0.304083 0.304083
6719.509766 0.000000 1449.327881 0.000000 0.967747 0.000000 -0.251924 0.205499 0.205499 0.205499
6712.630371 0.000000 1465.564331 0.000000 0.986524 0.000000 0.163619 0.204653 0.204653 0.204653
6712.412109 0.000000 1467.155518 0.000000 0.991968 0.000000 -0.126488 0.234589 0.234589 0.234589
6676.196289 0.000000 1460.871704 0.000000 0.988570 0.000000 0.150762 0.234043 0.234043 0.234043
6685.685059 0.000000 1446.864014 0.000000 0.998913 0.000000 -0.046610 0.261375 0.261375 0.261375
6718.281738 0.000000 1465.176880 0.000000 0.998508 0.000000 -0.054601 0.240632 0.240632 0.240632
6696.301758 0.000000 1452.426147 0.000000 0.972424 0.000000 -0.233220 0.257450 0.257450 0.257450
6708.887695 0.000000 1435.696411 0.000000 0.971464 0.000000 -0.237188 0.254055 0.254055 0.254055
6715.539551 0.000000 1464.644043 0.000000 1.000000 0.000000 -0.000283 0.274794 0.274794 0.274794
6679.843750 0.000000 1450.449585 0.000000 0.999743 0.000000 -0.022673 0.300393 0.300393 0.300393
6694.524902 0.000000 1459.462769 0.000000 0.955389 0.000000 -0.295349 0.274994 0.274994 0.274994
6699.627441 0.000000 1463.292847 0.000000 0.996192 0.000000 -0.087190 0.246627 0.246627 0.246627
6709.656738 0.000000 1434.752808 0.000000 0.954929 0.000000 0.296836 0.247744 0.247744 0.247744
6718.572266 0.000000 1462.627197 0.000000 0.993867 0.000000 -0.110586 0.302104 0.302104 0.302104
6688.813965 0.000000 1449.964111 0.000000 0.986349 0.000000 -0.164666 0.271433 0.271433 0.271433
6693.762695 0.000000 1455.986816 0.000000 0.994343 0.000000 0.106221 0.298127 0.298127 0.298127
6679.105469 0.000000 1456.292725 0.000000 0.968857 0.000000 -0.247622 0.270858 0.270858 0.270858
6717.398438 0.000000 1454.922241 0.000000 0.999999 0.000000 -0.001487 0.300026 0.300026 0.300026
6684.615723 0.000000 1446.596069 0.000000 0.992276 0.000000 -0.124052 0.262359 0.262359 0.262359
6716.561035 0.000000 1431.613281 0.000000 0.979240 0.000000 -0.202706 0.294322 0.294322 0.294322
6668.307617 0.000000 1452.869873 0.000000 0.967041 0.000000 -0.254622 0.273835 0.273835 0.273835
6707.336914 0.000000 1434.221069 0.000000 0.982198 0.000000 -0.187850 0.279762 0.279762 0.279762
6743.348633 0.000000 1465.107788 0.000000 0.972485 0.000000 -0.232964 0.205928 0.205928 0.205928
6737.033691 0.000000 1452.070190 0.000000 0.999253 0.000000 0.038655 0.212853 0.212853 0.212853
6729.525391 0.000000 1434.157104 0.000000 0.999150 0.000000 -0.041234 0.244429 0.244429 0.244429
6740.580078 0.000000 1459.706543 0.000000 0.999741 0.000000 -0.022750 0.274551 0.274551 0.274551
6826.219238 0.000000 1401.839600 0.000000 0.959804 0.000000 -0.280671 0.213171 0.213171 0.213171
6829.556641 0.000000 1401.268188 0.000000 0.969789 0.000000 -0.243944 0.244377 0.244377 0.244377
6828.451660 0.000000 1399.237427 0.000000 0.964792 0.000000 0.263015 0.265575 0.265575 0.265575
6822.706543 0.000000 1400.961182 0.000000 0.995252 0.000000 0.097329 0.256223 0.256223 0.256223
6819.546875 0.000000 1408.585083 0.000000 0.984236 0.000000 -0.176862 0.249343 0.249343 0.249343
6828.773926 0.000000 1391.548096 0.000000 0.996440 0.000000 -0.084300 0.274292 0.274292 0.274292
6827.095215 0.000000 1426.427979 0.000000 0.963799 0.000000 0.266630 0.202220 0.202220 0.202220
6825.492676 0.000000 1462.593140 0.000000 0.985115 0.000000 0.171896 0.262995 0.262995 0.262995
6829.039062 0.000000 1449.532715 0.000000 0.985070 0.000000 -0.172157 0.261834 0.261834 0.261834
6867.362793 0.000000 1440.097168 0.000000 0.951504 0.000000 -0.307636 0.204774 0.204774 0.204774
6875.133789 0.000000 1415.639526 0.000000 0.995965 0.000000 -0.089739 0.234788 0.234788 0.234788
6882.757812 0.000000 1417.571411 0.000000 0.954071 0.000000 0.299581 0.244453 0.244453 0.244453
6719.586426 0.000000 1522.028320 0.000000 0.990600 0.000000 -0.136791 0.200894 0.200894 0.200894
6693.098633 0.000000 1511.464722 0.000000 0.999856 0.000000 -0.016988 0.200112 0.200112 0.200112
6707.914062 0.000000 1474.382080 0.000000 0.982149 0.000000 0.188103 0.201158 0.201158 0.201158
6699.407227 0.000000 1512.821777 0.000000 0.988062 0.000000 0.154054 0.206385 0.206385 0.206385
6670.368652 0.000000 1524.447266 0.000000 0.963104 0.000000 0.269129 0.211508 0.211508 0.211508
6674.461914 0.000000 1485.174438 0.000000 0.984579 0.000000 0.174941 0.227735 0.227735 0.227735
6695.388184 0.000000 1486.654541 0.000000 0.984517 0.000000 -0.175291 0.238496 0.238496 0.238496
6668.955566 0.000000 1524.457886 0.000000 0.999993 0.000000 0.003753 0.253457 0.253457 0.253457
6698.544434 0.000000 1505.446777 0.000000 0.989453 0.000000 -0.144852 0.239885 0.239885 0.239885
6702.269531 0.000000 1503.895386 0.000000 0.993023 0.000000 0.117922 0.284163 0.284163 0.284163
6704.177246 0.000000 1506.635742 0.000000 0.965192 0.000000 0.261541 0.291116 0.291116 0.291116
6703.984863 0.000000 1502.174072 0.000000 0.969515 0.000000 -0.245031 0.289830 0.289830 0.289830
6712.005371 0.000000 1474.701050 0.000000 0.962890 0.000000 0.269895 0.249161 0.249161 0.249161
6714.650879 0.000000 1479.771729 0.000000 0.997047 0.000000 0.076799 0.264256 0.264256 0.264256
6699.277832 0.000000 1481.606323 0.000000 0.967157 0.000000 0.254179 0.249353 0.249353 0.249353
6719.384277 0.000000 1484.358032 0.000000 0.966266 0.000000 0.257546 0.284130 0.284130 0.284130
6684.939453 0.000000 1512.206543 0.000000 0.976600 0.000000 0.215062 0.255850 0.255850 0.255850
6704.086914 0.000000 1504.275269 0.000000 0.994426 0.000000 -0.105438 0.283661 0.283661 0.283661
6714.572266 0.000000 1468.629761 0.000000 0.996759 0.000000 -0.080448 0.270281 0.270281 0.270281
6662.709961 0.000000 1524.723633 0.000000 0.963068 0.000000 -0.269258 0.263084 0.263084 0.263084
6728.309570 0.000000 1497.386963 0.000000 0.953442 0.000000 -0.301577 0.219669 0.219669 0.219669
6740.433105 0.000000 1485.608276 0.000000 0.957142 0.000000 0.289617 0.224430 0.224430 0.224430
6754.377441 0.000000 1512.320923 0.000000 0.963675 0.000000 -0.267079 0.238309 0.238309 0.238309
6763.365234 0.000000 1511.581665 0.000000 0.955273 0.000000 -0.295726 0.258229 0.258229 0.258229
6759.513672 0.000000 1523.235840 0.000000 0.994190 0.000000 -0.107637 0.301874 0.301874 0.301874
6757.762695 0.000000 1512.471191 0.000000 0.990939 0.000000 -0.134313 0.286374 0.286374 0.286374
6740.942871 0.000000 1518.200928 0.000000 0.998408 0.000000 -0.056403 0.301071 0.301071 0.301071
6765.231445 0.000000 1522.176636 0.000000 0.999875 0.000000 0.015821 0.268973 0.268973 0.268973
6732.296875 0.000000 1522.179443 0.000000 0.986930 0.000000 -0.161151 0.290215 0.290215 0.290215
6656.850586 0.000000 1565.642822 0.000000 0.957561 0.000000 0.288232 0.210800 0.210800 0.210800
6708.777832 0.000000 1558.026123 0.000000 0.989707 0.000000 0.143109 0.221408 0.221408 0.221408
6665.352539 0.000000 1526.687744 0.000000 0.959691 0.000000 0.281057 0.229422 0.229422 0.229422
6684.286133 0.000000 1546.763672 0.000000 0.977485 0.000000 0.211004 0.229032 0.229032 0.229032
6676.561035 0.000000 1575.843506 0.000000 0.992650 0.000000 0.121022 0.252058 0.252058 0.252058
6658.857910 0.000000 1567.421631 0.000000 0.994526 0.000000 0.104489 0.263890 0.263890 0.263890
6685.995605 0.000000 1549.644287 0.000000 0.993460 0.000000 0.114178 0.283116 0.283116 0.283116
6692.740723 0.000000 1550.180298 0.000000 0.996102 0.000000 0.088204 0.287952 0.287952 0.287952
6660.561035 0.000000 1571.359619 0.000000 0.998316 0.000000 -0.058015 0.301089 0.301089 0.301089
6695.998535 0.000000 1548.503906 0.000000 0.983583 0.000000 -0.180454 0.286517 0.286517 0.286517
6749.237305 0.000000 1558.600342 0.000000 0.997703 0.000000 -0.067735 0.200452 0.200452 0.200452
6729.795410 0.000000 1525.102539 0.000000 0.990852 0.000000 -0.134956 0.200940 0.200940 0.200940
6781.638184 0.000000 1544.801392 0.000000 0.998066 0.000000 0.062157 0.199565 0.199565 0.199565
6765.587891 0.000000 1532.850342 0.000000 0.956019 0.000000 -0.293304 0.213850 0.213850 0.213850
6774.403320 0.000000 1544.763916 0.000000 0.988434 0.000000 0.151650 0.222988 0.222988 0.222988
6749.034668 0.000000 1578.561890 0.000000 0.999911 0.000000 0.013344 0.225927 0.225927 0.225927
6742.292480 0.000000 1556.498657 0.000000 0.955929 0.000000 0.293599 0.228749 0.228749 0.228749
6759.881348 0.000000 1525.141357 0.000000 0.972699 0.000000 0.232070 0.268191 0.268191 0.268191
6761.855957 0.000000 1526.093750 0.000000 0.963638 0.000000 -0.267213 0.269399 0.269399 0.269399
6768.162598 0.000000 1538.941406 0.000000 0.996572 0.000000 -0.082728 0.301467 0.301467 0.301467
6759.854004 0.000000 1536.126587 0.000000 0.997085 0.000000 0.076299 0.298570 0.298570 0.298570
6781.255859 0.000000 1546.168091 0.000000 0.999341 0.000000 -0.036294 0.283744 0.283744 0.283744
6761.191895 0.000000 1527.524170 0.000000 0.973548 0.000000 0.228481 0.262782 0.262782 0.262782
6822.535645 0.000000 1498.101807 0.000000 0.959624 0.000000 -0.281286 0.201886 0.201886 0.201886
6812.979980 0.000000 1483.872925 0.000000 0.996687 0.000000 -0.081327 0.209875 0.209875 0.209875
6830.601562 0.000000 1475.696289 0.000000 0.958542 0.000000 0.284953 0.269603 0.269603 0.269603
6864.098633 0.000000 1478.353271 0.000000 0.999629 0.000000 0.027219 0.210709 0.210709 0.210709
6852.035156 0.000000 1474.813477 0.000000 0.999266 0.000000 0.038310 0.210622 0.210622 0.210622
6851.498047 0.000000 1469.351318 0.000000 0.996271 0.000000 0.086284 0.226365 0.226365 0.226365
6853.475098 0.000000 1476.869995 0.000000 0.999259 0.000000 -0.038486 0.238775 0.238775 0.238775
6829.143066 0.000000 1525.380493 0.000000 0.956651 0.000000 -0.291237 0.210962 0.210962 0.210962
6834.317871 0.000000 1529.531250 0.000000 0.988699 0.000000 0.149916 0.214160 0.214160 0.214160
6789.924316 0.000000 1540.717529 0.000000 0.982036 0.000000 0.188694 0.263868 0.263868 0.263868
6871.366211 0.000000 1527.730835 0.000000 0.963395 0.000000 -0.268087 0.219948 0.219948 0.219948
6849.343750 0.000000 1538.391479 0.000000 0.999985 0.000000 0.005494 0.271353 0.271353 0.271353
6970.511719 0.000000 1432.619385 0.000000 0.954011 0.000000 0.299773 0.198016 0.198016 0.198016
6975.116211 0.000000 1431.859131 0.000000 0.989080 0.000000 0.147377 0.242360 0.242360 0.242360
7023.537109 0.000000 1439.237793 0.000000 0.990870 0.000000 0.134817 0.199085 0.199085 0.199085
7017.168457 0.000000 1443.666748 0.000000 0.958753 0.000000 0.284242 0.250072 0.250072 0.250072
7155.561035 0.000000 1381.886841 0.000000 0.991955 0.000000 -0.126589 0.210795 0.210795 0.210795
7121.722656 0.000000 1464.286743 0.000000 0.967531 0.000000 -0.252753 0.201742 0.201742 0.201742
7118.979980 0.000000 1436.949585 0.000000 0.996923 0.000000 0.078389 0.199459 0.199459 0.199459
7138.967773 0.000000 1446.852051 0.000000 0.991972 0.000000 -0.126455 0.214191 0.214191 0.214191
7163.262207 0.000000 1434.245361 0.000000 0.968011 0.000000 0.250907 0.218783 0.218783 0.218783
7161.728516 0.000000 1437.504028 0.000000 0.999977 0.000000 0.006800 0.225988 0.225988 0.225988
7139.030762 0.000000 1436.003784 0.000000 0.971465 0.000000 -0.237182 0.230550 0.230550 0.230550
7116.996094 0.000000 1441.941284 0.000000 0.999606 0.000000 -0.028078 0.232488 0.232488 0.232488
7144.074707 0.000000 1444.442261 0.000000 0.999382 0.000000 0.035165 0.235777 0.235777 0.235777
7157.408691 0.000000 1440.523071 0.000000 0.955085 0.000000 0.296333 0.245035 0.245035 0.245035
7150.269531 0.000000 1447.411011 0.000000 0.998136 0.000000 0.061027 0.271141 0.271141 0.271141
7155.083008 0.000000 1444.523560 0.000000 0.978898 0.000000 0.204350 0.260370 0.260370 0.260370
7127.398438 0.000000 1467.909668 0.000000 0.977167 0.000000 0.212474 0.274482 0.274482 0.274482
7157.656738 0.000000 1434.752808 0.000000 0.999661 0.000000 0.026024 0.285591 0.285591 0.285591
7125.042969 0.000000 1440.013306 0.000000 0.998480 0.000000 -0.055118 0.301037 0.301037 0.301037
7138.942871 0.000000 1450.544189 0.000000 0.996562 0.000000 -0.082856 0.251663 0.251663 0.251663
7118.050293 0.000000 1444.262451 0.000000 0.993621 0.000000 -0.112773 0.263349 0.263349 0.263349
7166.358398 0.000000 1418.981079 0.000000 0.992564 0.000000 0.121723 0.259239 0.259239 0.259239
7129.549805 0.000000 1466.996338 0.000000 0.997995 0.000000 -0.063296 0.257639 0.257639 0.257639
7110.709961 0.000000 1468.239258 0.000000 0.968599 0.000000 -0.248628 0.260515 0.260515 0.260515
6928.268066 0.000000 1537.356201 0.000000 0.998249 0.000000 0.059146 0.268384 0.268384 0.268384
6929.255371 0.000000 1535.366577 0.000000 0.997071 0.000000 0.076477 0.298684 0.298684 0.298684
6928.122070 0.000000 1536.011841 0.000000 0.971859 0.000000 -0.235564 0.272416 0.272416 0.272416
7004.237305 0.000000 1529.053467 0.000000 0.967413 0.000000 -0.253203 0.281308 0.281308 0.281308
7076.029297 0.000000 1487.146484 0.000000 0.983192 0.000000 -0.182572 0.201274 0.201274 0.201274
7103.927246 0.000000 1483.339111 0.000000 0.988273 0.000000 0.152698 0.245611 0.245611 0.245611
7100.159668 0.000000 1486.229980 0.000000 0.959364 0.000000 0.282173 0.295008 0.295008 0.295008
7103.475098 0.000000 1473.360962 0.000000 0.991965 0.000000 -0.126509 0.291372 0.291372 0.291372
7112.280273 0.000000 1502.824707 0.000000 0.993163 0.000000 0.116736 0.219428 0.219428 0.219428
7105.598145 0.000000 1472.159546 0.000000 0.989345 0.000000 0.145588 0.229676 0.229676 0.229676
7108.220703 0.000000 1485.948486 0.000000 0.983666 0.000000 0.180004 0.250798 0.250798 0.250798
7144.166504 0.000000 1481.199829 0.000000 0.999284 0.000000 -0.037834 0.300650 0.300650 0.300650
7144.398438 0.000000 1477.460205 0.000000 0.999414 0.000000 0.034231 0.239695 0.239695 0.239695
7133.995605 0.000000 1493.159912 0.000000 0.967667 0.000000 -0.252232 0.253661 0.253661 0.253661
7108.727051 0.000000 1475.844604 0.000000 0.998370 0.000000 0.057067 0.289561 0.289561 0.289561
7117.527344 0.000000 1475.637451 0.000000 0.997715 0.000000 -0.067561 0.301291 0.301291 0.301291
7107.610840 0.000000 1470.575562 0.000000 0.999499 0.000000 0.031654 0.249774 0.249774 0.249774
7128.312988 0.000000 1472.022827 0.000000 0.983239 0.000000 0.182323 0.296498 0.296498 0.296498
7137.743164 0.000000 1468.832153 0.000000 0.994363 0.000000 -0.106032 0.301878 0.301878 0.301878
7139.792969 0.000000 1469.570312 0.000000 0.966293 0.000000 0.257444 0.276528 0.276528 0.276528
7144.114258 0.000000 1471.149170 0.000000 0.975761 0.000000 -0.218837 0.274478 0.274478 0.274478
7118.695801 0.000000 1475.479736 0.000000 0.996041 0.000000 -0.088900 0.300964 0.300964 0.300964
6690.977539 0.000000 1596.061890 0.000000 0.999773 0.000000 0.021297 0.228090 0.228090 0.228090
6715.914062 0.000000 1609.885254 0.000000 0.962118 0.000000 0.272634 0.225687 0.225687 0.225687
6715.996582 0.000000 1588.831421 0.000000 0.997399 0.000000 -0.072084 0.238560 0.238560 0.238560
6678.163574 0.000000 1584.527832 0.000000 0.984918 0.000000 0.173020 0.289883 0.289883 0.289883
6692.323242 0.000000 1592.063232 0.000000 0.967027 0.000000 -0.254674 0.274412 0.274412 0.274412
6715.256348 0.000000 1590.533081 0.000000 0.980022 0.000000 0.198889 0.256604 0.256604 0.256604
6766.042969 0.000000 1587.417114 0.000000 0.999944 0.000000 0.010582 0.199929 0.199929 0.199929
6746.987305 0.000000 1581.651245 0.000000 0.999678 0.000000 0.025387 0.199826 0.199826 0.199826
6780.454590 0.000000 1621.901611 0.000000 0.992092 0.000000 0.125514 0.208822 0.208822 0.208822
6753.128418 0.000000 1622.325684 0.000000 0.955024 0.000000 0.296528 0.215641 0.215641 0.215641
6762.135254 0.000000 1586.062012 0.000000 0.974331 0.000000 -0.225119 0.219572 0.219572 0.219572
6758.060059 0.000000 1602.386719 0.000000 0.983134 0.000000 0.182885 0.236465 0.236465 0.236465
6776.862793 0.000000 1615.685425 0.000000 0.970867 0.000000 0.239620 0.244612 0.244612 0.244612
6782.281738 0.000000 1634.630005 0.000000 0.999724 0.000000 -0.023495 0.300449 0.300449 0.300449
6720.489258 0.000000 1612.984497 0.000000 0.985473 0.000000 -0.169835 0.283496 0.283496 0.283496
6779.344238 0.000000 1618.199585 0.000000 0.984716 0.000000 -0.174167 0.303291 0.303291 0.303291
6757.870117 0.000000 1634.490601 0.000000 0.998516 0.000000 -0.054459 0.300947 0.300947 0.300947
6755.980469 0.000000 1629.356079 0.000000 0.980396 0.000000 0.197038 0.253336 0.253336 0.253336
6757.606445 0.000000 1584.481934 0.000000 0.984819 0.000000 -0.173585 0.268701 0.268701 0.268701
6762.742676 0.000000 1605.752197 0.000000 0.999493 0.000000 -0.031828 0.300581 0.300581 0.300581
6767.663086 0.000000 1648.058716 0.000000 0.969940 0.000000 0.243343 0.198355 0.198355 0.198355
6746.245605 0.000000 1656.558716 0.000000 0.994710 0.000000 -0.102723 0.205522 0.205522 0.205522
6745.909180 0.000000 1655.133179 0.000000 0.971718 0.000000 0.236143 0.228234 0.228234 0.228234
6754.581543 0.000000 1657.226562 0.000000 0.994557 0.000000 0.104192 0.238401 0.238401 0.238401
6763.242188 0.000000 1655.103271 0.000000 0.968384 0.000000 0.249466 0.295213 0.295213 0.295213
6786.875977 0.000000 1614.149292 0.000000 0.999465 0.000000 -0.032715 0.238153 0.238153 0.238153
6871.293457 0.000000 1661.611694 0.000000 0.992395 0.000000 -0.123097 0.200835 0.200835 0.200835
6893.836426 0.000000 1690.679688 0.000000 0.979070 0.000000 -0.203523 0.212543 0.212543 0.212543
6907.739258 0.000000 1699.037842 0.000000 0.982336 0.000000 -0.187124 0.208428 0.208428 0.208428
6895.731934 0.000000 1741.630005 0.000000 0.960555 0.000000 0.278090 0.264819 0.264819 0.264819
6901.988770 0.000000 1705.770508 0.000000 0.999413 0.000000 -0.034252 0.281463 0.281463 0.281463
6857.278320 0.000000 1801.099243 0.000000 0.989056 0.000000 0.147542 0.198980 0.198980 0.198980
6895.882812 0.000000 1756.039307 0.000000 0.986709 0.000000 -0.162498 0.209374 0.209374 0.209374
6854.073242 0.000000 1804.803101 0.000000 0.965288 0.000000 -0.261188 0.216449 0.216449 0.216449
6874.770996 0.000000 1760.616333 0.000000 0.995579 0.000000 0.093923 0.251827 0.251827 0.251827
6848.860352 0.000000 1806.857178 0.000000 0.999350 0.000000 0.036043 0.257537 0.257537 0.257537
6875.824219 0.000000 1763.877197 0.000000 0.999976 0.000000 0.006903 0.275811 0.275811 0.275811
6883.665039 0.000000 1760.596558 0.000000 0.992767 0.000000 0.120056 0.267554 0.267554 0.267554
6962.394043 0.000000 1690.168701 0.000000 0.997645 0.000000 0.068594 0.208711 0.208711 0.208711
6939.528320 0.000000 1672.586060 0.000000 0.996944 0.000000 0.078118 0.211976 0.211976 0.211976
6946.087402 0.000000 1663.102051 0.000000 0.999916 0.000000 0.012975 0.216977 0.216977 0.216977
6952.653320 0.000000 1683.689453 0.000000 0.987015 0.000000 -0.160629 0.234362 0.234362 0.234362
6931.521973 0.000000 1669.822510 0.000000 0.999946 0.000000 0.010394 0.229313 0.229313 0.229313
6934.619629 0.000000 1671.567993 0.000000 0.999937 0.000000 -0.011242 0.244101 0.244101 0.244101
6954.351562 0.000000 1687.135254 0.000000 0.999524 0.000000 -0.030855 0.254993 0.254993 0.254993
6962.249023 0.000000 1687.726929 0.000000 0.988712 0.000000 -0.149828 0.302703 0.302703 0.302703
6956.614746 0.000000 1687.303467 0.000000 0.978984 0.000000 -0.203937 0.290324 0.290324 0.290324
6959.731934 0.000000 1685.145630 0.000000 0.975491 0.000000 0.220042 0.261803 0.261803 0.261803
6957.871094 0.000000 1687.930176 0.000000 0.999984 0.000000 -0.005694 0.287204 0.287204 0.287204
6948.268066 0.000000 1660.672852 0.000000 0.996456 0.000000 0.084115 0.249167 0.249167 0.249167
6951.595215 0.000000 1681.144775 0.000000 0.957982 0.000000 -0.286827 0.269090 0.269090 0.269090
6951.291504 0.000000 1677.052368 0.000000 0.977784 0.000000 -0.209614 0.260595 0.260595 0.260595
6964.024414 0.000000 1678.366821 0.000000 0.995858 0.000000 0.090922 0.282367 0.282367 0.282367
6947.712891 0.000000 1654.827271 0.000000 0.997099 0.000000 0.076116 0.282038 0.282038 0.282038
6963.127441 0.000000 1687.088257 0.000000 0.985967 0.000000 -0.166943 0.303015 0.303015 0.303015
6948.052246 0.000000 1677.489990 0.000000 0.967972 0.000000 -0.251059 0.300318 0.300318 0.300318
6944.426758 0.000000 1706.969116 0.000000 0.980852 0.000000 0.194753 0.198708 0.198708 0.198708
6926.604980 0.000000 1742.108276 0.000000 0.980354 0.000000 0.197245 0.198885 0.198885 0.198885
6942.394531 0.000000 1712.577515 0.000000 0.998425 0.000000 0.056110 0.231663 0.231663 0.231663
6919.386719 0.000000 1739.746826 0.000000 0.999339 0.000000 -0.036345 0.247186 0.247186 0.247186
6964.467773 0.000000 1715.656006 0.000000 0.986306 0.000000 -0.164926 0.290846 0.290846 0.290846
6956.345703 0.000000 1705.247803 0.000000 0.975904 0.000000 0.218200 0.248694 0.248694 0.248694
6962.833984 0.000000 1703.111572 0.000000 0.969530 0.000000 0.244971 0.258741 0.258741 0.258741
6931.206055 0.000000 1703.363037 0.000000 0.988000 0.000000 0.154454 0.264880 0.264880 0.264880
6953.763184 0.000000 1716.551758 0.000000 0.989855 0.000000 -0.142082 0.256335 0.256335 0.256335
6961.310547 0.000000 1724.001099 0.000000 0.979262 0.000000 0.202600 0.246686 0.246686 0.246686
6966.206543 0.000000 1701.946899 0.000000 0.964570 0.000000 0.263826 0.294327 0.294327 0.294327
6921.122070 0.000000 1741.592896 0.000000 0.994762 0.000000 -0.102221 0.253021 0.253021 0.253021
6953.447266 0.000000 1711.436646 0.000000 0.982109 0.000000 -0.188314 0.303611 0.303611 0.303611
6963.578125 0.000000 1717.768555 0.000000 0.968541 0.000000 -0.248852 0.268572 0.268572 0.268572
6962.000000 0.000000 1697.839111 0.000000 0.961910 0.000000 -0.273365 0.268906 0.268906 0.268906
6965.988770 0.000000 1705.770508 0.000000 0.999761 0.000000 -0.021844 0.261622 0.261622 0.261622
6934.911621 0.000000 1792.005249 0.000000 0.991228 0.000000 -0.132167 0.208573 0.208573 0.208573
6941.096680 0.000000 1751.411865 0.000000 0.995855 0.000000 0.090951 0.210205 0.210205 0.210205
6941.325684 0.000000 1755.490601 0.000000 0.988657 0.000000 -0.150188 0.224034 0.224034 0.224034
6928.024902 0.000000 1792.434204 0.000000 0.987772 0.000000 0.155907 0.217425 0.217425 0.217425
6930.461914 0.000000 1767.596313 0.000000 0.962778 0.000000 -0.270294 0.229150 0.229150 0.229150
6937.045410 0.000000 1762.907471 0.000000 0.959088 0.000000 -0.283108 0.236751 0.236751 0.236751
6949.604004 0.000000 1773.599609 0.000000 0.994144 0.000000 -0.108064 0.241764 0.241764 0.241764
6929.469238 0.000000 1768.754028 0.000000 0.990124 0.000000 0.140193 0.228070 0.228070 0.228070
6947.506348 0.000000 1782.885742 0.000000 0.985744 0.000000 0.168249 0.242129 0.242129 0.242129
6942.521973 0.000000 1784.461426 0.000000 0.980131 0.000000 -0.198352 0.263313 0.263313 0.263313
6936.231445 0.000000 1752.693970 0.000000 0.981213 0.000000 0.192929 0.239657 0.239657 0.239657
6947.658203 0.000000 1791.570923 0.000000 0.951206 0.000000 0.308557 0.279516 0.279516 0.279516
6944.813965 0.000000 1788.870361 0.000000 0.999904 0.000000 0.013867 0.299746 0.299746 0.299746
6946.942871 0.000000 1789.450439 0.000000 0.962012 0.000000 -0.273007 0.258520 0.258520 0.258520
6945.173340 0.000000 1775.412842 0.000000 0.959639 0.000000 -0.281236 0.293886 0.293886 0.293886
7201.049316 0.000000 905.000305 0.000000 0.966288 0.000000 -0.257465 0.214699 0.214699 0.214699
7192.641113 0.000000 1128.927612 0.000000 0.993939 0.000000 -0.109936 0.210098 0.210098 0.210098
7229.535645 0.000000 1127.378662 0.000000 0.996807 0.000000 0.079853 0.218638 0.218638 0.218638
7219.824219 0.000000 1117.537598 0.000000 0.998551 0.000000 -0.053810 0.229925 0.229925 0.229925
7226.669922 0.000000 1128.940918 0.000000 0.979542 0.000000 -0.201239 0.233627 0.233627 0.233627
7175.959473 0.000000 1122.461914 0.000000 0.996100 0.000000 0.088229 0.278527 0.278527 0.278527
7217.121094 0.000000 1125.111206 0.000000 0.985256 0.000000 -0.171085 0.259539 0.259539 0.259539
7215.887207 0.000000 1122.992798 0.000000 0.977413 0.000000 0.211339 0.254802 0.254802 0.254802
7169.354492 0.000000 1114.919189 0.000000 0.957935 0.000000 -0.286986 0.246007 0.246007 0.246007
7214.873535 0.000000 1122.304565 0.000000 0.961770 0.000000 0.273859 0.254009 0.254009 0.254009
7172.561035 0.000000 1119.484619 0.000000 1.000000 0.000000 -0.000886 0.254072 0.254072 0.254072
7223.883789 0.000000 1119.252197 0.000000 0.967194 0.000000 0.254037 0.268422 0.268422 0.268422
7287.424805 0.000000 1097.472290 0.000000 0.958693 0.000000 0.284444 0.260932 0.260932 0.260932
7285.144531 0.000000 1082.524048 0.000000 0.966060 0.000000 -0.258318 0.272158 0.272158 0.272158
7316.141113 0.000000 1070.650513 0.000000 0.985523 0.000000 0.169543 0.205713 0.205713 0.205713
7317.894043 0.000000 1069.992554 0.000000 0.998224 0.000000 0.059579 0.228843 0.228843 0.228843
7342.525879 0.000000 1044.447021 0.000000 0.962369 0.000000 0.271745 0.279562 0.279562 0.279562
7412.706543 0.000000 1073.034058 0.000000 0.999542 0.000000 -0.030262 0.205547 0.205547 0.205547
7386.914551 0.000000 1068.422607 0.000000 0.998291 0.000000 0.058434 0.235540 0.235540 0.235540
7346.425293 0.000000 1075.357544 0.000000 0.972367 0.000000 0.233458 0.213455 0.213455 0.213455
7332.749023 0.000000 1082.572632 0.000000 0.982246 0.000000 -0.187600 0.222664 0.222664 0.222664
7329.478516 0.000000 1103.224609 0.000000 0.997540 0.000000 0.070101 0.217609 0.217609 0.217609
7347.824219 0.000000 1117.537598 0.000000 0.978610 0.000000 -0.205723 0.234243 0.234243 0.234243
7306.378418 0.000000 1085.064453 0.000000 0.970141 0.000000 0.242540 0.228171 0.228171 0.228171
7314.834473 0.000000 1099.792603 0.000000 0.975582 0.000000 -0.219634 0.226379 0.226379 0.226379
7305.676758 0.000000 1087.879639 0.000000 0.961247 0.000000 0.275689 0.223473 0.223473 0.223473
7343.816406 0.000000 1118.991455 0.000000 0.964991 0.000000 -0.262284 0.239982 0.239982 0.239982
7325.685059 0.000000 1107.957764 0.000000 0.997832 0.000000 0.065808 0.256612 0.256612 0.256612
7326.868164 0.000000 1093.945312 0.000000 0.992756 0.000000 0.120146 0.267000 0.267000 0.267000
7324.615723 0.000000 1107.689819 0.000000 0.995740 0.000000 0.092207 0.256287 0.256287 0.256287
7412.003906 0.000000 1076.530640 0.000000 0.979504 0.000000 0.201423 0.198643 0.198643 0.198643
7382.782715 0.000000 1080.506470 0.000000 0.997795 0.000000 -0.066369 0.200461 0.200461 0.200461
7412.657715 0.000000 1073.239258 0.000000 0.997685 0.000000 -0.068011 0.205828 0.205828 0.205828
7405.836426 0.000000 1125.835938 0.000000 0.955237 0.000000 0.295842 0.210190 0.210190 0.210190
7396.830078 0.000000 1108.130859 0.000000 0.993356 0.000000 -0.115085 0.224850 0.224850 0.224850
7417.206055 0.000000 1082.829590 0.000000 0.992494 0.000000 0.122294 0.219379 0.219379 0.219379
7406.908691 0.000000 1084.512573 0.000000 0.999903 0.000000 0.013923 0.238231 0.238231 0.238231
7412.156250 0.000000 1091.571167 0.000000 0.979033 0.000000 -0.203701 0.241077 0.241077 0.241077
7375.223145 0.000000 1101.549683 0.000000 0.976158 0.000000 -0.217062 0.244653 0.244653 0.244653
7419.590332 0.000000 1076.355713 0.000000 0.981036 0.000000 0.193827 0.233601 0.233601 0.233601
7415.719727 0.000000 1077.233032 0.000000 0.997883 0.000000 -0.065034 0.252584 0.252584 0.252584
7391.082031 0.000000 1109.350830 0.000000 0.996930 0.000000 0.078296 0.249235 0.249235 0.249235
7416.005371 0.000000 1079.310425 0.000000 0.964159 0.000000 -0.265327 0.264761 0.264761 0.264761
7394.421875 0.000000 1109.695068 0.000000 0.962125 0.000000 -0.272609 0.253330 0.253330 0.253330
7407.663086 0.000000 1090.286377 0.000000 0.998211 0.000000 0.059797 0.298938 0.298938 0.298938
7409.638184 0.000000 1114.291748 0.000000 0.983890 0.000000 -0.178777 0.303433 0.303433 0.303433
7405.243652 0.000000 1082.065186 0.000000 0.985387 0.000000 0.170331 0.264116 0.264116 0.264116
7397.261230 0.000000 1122.584717 0.000000 0.993318 0.000000 0.115413 0.253232 0.253232 0.253232
7399.291504 0.000000 1112.208618 0.000000 0.961849 0.000000 -0.273580 0.257375 0.257375 0.257375
7459.546875 0.000000 956.710144 0.000000 0.981218 0.000000 -0.192903 0.268962 0.268962 0.268962
7547.000977 0.000000 941.551086 0.000000 0.986434 0.000000 0.164161 0.201886 0.201886 0.201886
7520.293457 0.000000 952.757446 0.000000 0.993658 0.000000 0.112442 0.225565 0.225565 0.225565
7498.331055 0.000000 949.086304 0.000000 0.991993 0.000000 0.126289 0.234293 0.234293 0.234293
7550.025391 0.000000 906.878113 0.000000 0.999613 0.000000 -0.027805 0.248214 0.248214 0.248214
7519.182129 0.000000 951.249146 0.000000 0.999999 0.000000 -0.001523 0.250158 0.250158 0.250158
7546.406250 0.000000 942.830322 0.000000 0.996187 0.000000 -0.087244 0.299236 0.299236 0.299236
7536.177246 0.000000 941.791931 0.000000 0.998825 0.000000 -0.048463 0.268156 0.268156 0.268156
7547.503906 0.000000 905.655273 0.000000 0.998566 0.000000 0.053538 0.264562 0.264562 0.264562
7523.658203 0.000000 944.305359 0.000000 0.961028 0.000000 0.276451 0.294713 0.294713 0.294713
7548.871582 0.000000 932.944824 0.000000 0.995324 0.000000 0.096595 0.266212 0.266212 0.266212
7547.484375 0.000000 944.946289 0.000000 0.987019 0.000000 0.160606 0.296925 0.296925 0.296925
7528.053711 0.000000 956.104248 0.000000 0.999886 0.000000 0.015080 0.299712 0.299712 0.299712
7523.980469 0.000000 951.543518 0.000000 0.991455 0.000000 -0.130450 0.276648 0.276648 0.276648
7532.563965 0.000000 943.469849 0.000000 0.980746 0.000000 0.195289 0.296276 0.296276 0.296276
7527.150391 0.000000 957.129089 0.000000 0.955262 0.000000 -0.295760 0.279633 0.279633 0.279633
7545.484375 0.000000 944.765869 0.000000 0.997483 0.000000 -0.070902 0.275233 0.275233 0.275233
7546.572266 0.000000 903.786011 0.000000 0.958249 0.000000 -0.285936 0.305115 0.305115 0.305115
7470.797363 0.000000 1012.037476 0.000000 0.962414 0.000000 0.271588 0.241515 0.241515 0.241515
7466.844238 0.000000 969.134216 0.000000 0.992823 0.000000 -0.119589 0.270815 0.270815 0.270815
7474.230469 0.000000 1011.190735 0.000000 0.999363 0.000000 0.035678 0.280421 0.280421 0.280421
7513.304688 0.000000 961.228088 0.000000 0.981339 0.000000 0.192283 0.218210 0.218210 0.218210
7502.469238 0.000000 978.892944 0.000000 0.993491 0.000000 0.113909 0.224443 0.224443 0.224443
7510.733398 0.000000 969.005493 0.000000 0.992424 0.000000 -0.122864 0.230586 0.230586 0.230586
7510.014160 0.000000 965.768433 0.000000 0.999632 0.000000 0.027115 0.245357 0.245357 0.245357
7527.522949 0.000000 964.232544 0.000000 0.982411 0.000000 0.186733 0.240274 0.240274 0.240274
7490.176270 0.000000 998.167603 0.000000 0.991324 0.000000 0.131442 0.256905 0.256905 0.256905
7518.762207 0.000000 982.403015 0.000000 0.961837 0.000000 0.273623 0.257275 0.257275 0.257275
7488.489258 0.000000 991.656433 0.000000 0.999224 0.000000 -0.039389 0.264096 0.264096 0.264096
7494.969727 0.000000 992.558472 0.000000 0.995143 0.000000 -0.098443 0.283555 0.283555 0.283555
7513.831543 0.000000 967.377869 0.000000 0.996031 0.000000 -0.089002 0.282281 0.282281 0.282281
7515.464355 0.000000 985.798767 0.000000 0.999516 0.000000 0.031107 0.276581 0.276581 0.276581
7557.832520 0.000000 935.615662 0.000000 0.997870 0.000000 0.065231 0.213194 0.213194 0.213194
7570.442383 0.000000 918.766663 0.000000 0.969031 0.000000 0.246939 0.223748 0.223748 0.223748
7565.344238 0.000000 918.039734 0.000000 0.957254 0.000000 0.289248 0.261951 0.261951 0.261951
7469.585449 0.000000 1027.151855 0.000000 0.984806 0.000000 0.173658 0.211753 0.211753 0.211753
7453.685059 0.000000 1051.473389 0.000000 0.999125 0.000000 0.041834 0.269735 0.269735 0.269735
7465.855957 0.000000 1017.734375 0.000000 0.997928 0.000000 -0.064344 0.250884 0.250884 0.250884
7472.334961 0.000000 1032.822144 0.000000 0.985357 0.000000 0.170504 0.281693 0.281693 0.281693
7469.140625 0.000000 1036.331299 0.000000 0.992592 0.000000 -0.121497 0.273112 0.273112 0.273112
7472.795410 0.000000 1026.743774 0.000000 0.989354 0.000000 0.145532 0.279326 0.279326 0.279326
7480.213867 0.000000 1028.245972 0.000000 0.999252 0.000000 -0.038658 0.279278 0.279278 0.279278
7478.497559 0.000000 1029.882690 0.000000 0.999452 0.000000 0.033108 0.286039 0.286039 0.286039
7201.491699 0.000000 1135.582764 0.000000 0.964889 0.000000 -0.262659 0.205008 0.205008 0.205008
7187.704102 0.000000 1143.451782 0.000000 0.989628 0.000000 -0.143653 0.220571 0.220571 0.220571
7168.926758 0.000000 1183.381226 0.000000 0.999537 0.000000 -0.030440 0.235882 0.235882 0.235882
7202.554688 0.000000 1139.401611 0.000000 0.996283 0.000000 0.086146 0.244701 0.244701 0.244701
7192.429199 0.000000 1153.620972 0.000000 0.955357 0.000000 -0.295454 0.284843 0.284843 0.284843
7190.963379 0.000000 1152.160400 0.000000 0.955958 0.000000 -0.293504 0.305488 0.305488 0.305488
7173.862793 0.000000 1165.552368 0.000000 0.959301 0.000000 -0.282386 0.271918 0.271918 0.271918
7192.183105 0.000000 1151.375000 0.000000 0.991730 0.000000 -0.128338 0.263550 0.263550 0.263550
7173.141602 0.000000 1211.678101 0.000000 0.983736 0.000000 0.179618 0.201772 0.201772 0.201772
7197.614258 0.000000 1217.899780 0.000000 0.998451 0.000000 0.055634 0.218848 0.218848 0.218848
7193.560059 0.000000 1229.345337 0.000000 0.983577 0.000000 -0.180487 0.219185 0.219185 0.219185
7185.357910 0.000000 1219.587524 0.000000 0.995549 0.000000 0.094249 0.298360 0.298360 0.298360
7172.601562 0.000000 1187.495361 0.000000 0.994270 0.000000 -0.106894 0.271208 0.271208 0.271208
7171.610840 0.000000 1188.153687 0.000000 0.964915 0.000000 0.262561 0.277535 0.277535 0.277535
7200.087402 0.000000 1226.291138 0.000000 0.991306 0.000000 0.131579 0.262427 0.262427 0.262427
7336.728027 0.000000 1172.501099 0.000000 0.967239 0.000000 0.253867 0.234617 0.234617 0.234617
7331.506348 0.000000 1161.557617 0.000000 0.986426 0.000000 -0.164208 0.236674 0.236674 0.236674
7339.248047 0.000000 1176.884521 0.000000 0.994072 0.000000 0.108728 0.235027 0.235027 0.235027
7344.316895 0.000000 1171.418823 0.000000 0.997184 0.000000 -0.074998 0.242541 0.242541 0.242541
7344.177246 0.000000 1167.729492 0.000000 0.996869 0.000000 -0.079075 0.268567 0.268567 0.268567
7339.276855 0.000000 1175.174072 0.000000 0.977170 0.000000 0.212459 0.260263 0.260263 0.260263
7356.871582 0.000000 1158.882324 0.000000 0.992267 0.000000 0.124124 0.242064 0.242064 0.242064
7338.279785 0.000000 1174.544189 0.000000 0.993431 0.000000 -0.114433 0.264505 0.264505 0.264505
7352.008301 0.000000 1171.936890 0.000000 0.985975 0.000000 0.166892 0.256460 0.256460 0.256460
7353.571289 0.000000 1169.543335 0.000000 0.982538 0.000000 -0.186063 0.291185 0.291185 0.291185
7348.629395 0.000000 1171.887695 0.000000 0.951313 0.000000 0.308227 0.262229 0.262229 0.262229
7343.144043 0.000000 1167.412109 0.000000 0.994955 0.000000 -0.100323 0.301897 0.301897 0.301897
7340.436035 0.000000 1170.843262 0.000000 0.999086 0.000000 0.042743 0.290348 0.290348 0.290348
7387.698730 0.000000 1176.186890 0.000000 0.998468 0.000000 -0.055337 0.201232 0.201232 0.201232
7378.979980 0.000000 1169.701294 0.000000 0.998412 0.000000 -0.056338 0.213621 0.213621 0.213621
7390.945801 0.000000 1158.151367 0.000000 0.991920 0.000000 0.126864 0.218231 0.218231 0.218231
7361.843750 0.000000 1176.067139 0.000000 0.975936 0.000000 0.218057 0.217981 0.217981 0.217981
7363.162109 0.000000 1181.739136 0.000000 0.986820 0.000000 0.161823 0.232275 0.232275 0.232275
7392.868164 0.000000 1146.058960 0.000000 0.974567 0.000000 0.224096 0.232192 0.232192 0.232192
7383.285645 0.000000 1169.397949 0.000000 0.977526 0.000000 -0.210817 0.240010 0.240010 0.240010
7366.966309 0.000000 1177.557495 0.000000 0.998367 0.000000 0.057124 0.243910 0.243910 0.243910
7392.863281 0.000000 1150.512207 0.000000 0.992026 0.000000 -0.126033 0.302413 0.302413 0.302413
7381.918945 0.000000 1150.592529 0.000000 0.967910 0.000000 0.251298 0.295263 0.295263 0.295263
7360.743652 0.000000 1180.608276 0.000000 0.954808 0.000000 -0.297223 0.278496 0.278496 0.278496
7369.062988 0.000000 1171.667480 0.000000 0.999123 0.000000 -0.041881 0.264691 0.264691 0.264691
7341.311035 0.000000 1220.521729 0.000000 0.999511 0.000000 -0.031261 0.200208 0.200208 0.200208
7341.839355 0.000000 1212.857666 0.000000 0.987407 0.000000 0.158199 0.219062 0.219062 0.219062
7352.710938 0.000000 1210.003418 0.000000 0.984793 0.000000 0.173730 0.218373 0.218373 0.218373
7345.393555 0.000000 1210.002441 0.000000 0.986622 0.000000 0.163022 0.230609 0.230609 0.230609
7339.008789 0.000000 1212.721313 0.000000 0.952611 0.000000 -0.304192 0.247934 0.247934 0.247934
7342.797363 0.000000 1237.974976 0.000000 0.996596 0.000000 -0.082443 0.249399 0.249399 0.249399
7328.387695 0.000000 1195.465332 0.000000 0.999964 0.000000 0.008453 0.297057 0.297057 0.297057
7337.405762 0.000000 1224.024780 0.000000 0.999751 0.000000 -0.022319 0.281847 0.281847 0.281847
7353.375000 0.000000 1189.429565 0.000000 0.972645 0.000000 -0.232296 0.304398 0.304398 0.304398
7340.451660 0.000000 1229.784302 0.000000 0.951610 0.000000 0.307308 0.290860 0.290860 0.290860
7349.144531 0.000000 1195.492798 0.000000 0.995028 0.000000 0.099593 0.298117 0.298117 0.298117
7347.578125 0.000000 1209.409180 0.000000 0.980029 0.000000 -0.198857 0.270188 0.270188 0.270188
7329.511719 0.000000 1195.231323 0.000000 0.956028 0.000000 0.293276 0.292186 0.292186 0.292186
7337.761719 0.000000 1225.161011 0.000000 0.998848 0.000000 -0.047993 0.282231 0.282231 0.282231
7294.582031 0.000000 1314.007690 0.000000 0.994200 0.000000 -0.107551 0.201602 0.201602 0.201602
7291.003418 0.000000 1345.150269 0.000000 0.980776 0.000000 0.195135 0.205516 0.205516 0.205516
7269.379395 0.000000 1336.027222 0.000000 0.999386 0.000000 0.035029 0.213440 0.213440 0.213440
7289.864746 0.000000 1327.731812 0.000000 0.985725 0.000000 0.168364 0.221180 0.221180 0.221180
7295.169434 0.000000 1316.018311 0.000000 0.978731 0.000000 0.205146 0.221395 0.221395 0.221395
7260.266602 0.000000 1336.507812 0.000000 0.998548 0.000000 0.053874 0.220536 0.220536 0.220536
7238.595703 0.000000 1325.139648 0.000000 0.996994 0.000000 0.077476 0.233678 0.233678 0.233678
7265.632324 0.000000 1352.950073 0.000000 0.990476 0.000000 -0.137685 0.236404 0.236404 0.236404
7239.754395 0.000000 1329.106934 0.000000 0.997050 0.000000 -0.076756 0.247640 0.247640 0.247640
7280.316895 0.000000 1340.871948 0.000000 0.962581 0.000000 0.270995 0.252957 0.252957 0.252957
7285.881348 0.000000 1341.300293 0.000000 0.962484 0.000000 0.271339 0.251865 0.251865 0.251865
7245.796875 0.000000 1338.153442 0.000000 0.999278 0.000000 0.037981 0.299309 0.299309 0.299309
7273.405762 0.000000 1336.993530 0.000000 0.959945 0.000000 0.280188 0.292956 0.292956 0.292956
7237.044922 0.000000 1330.017334 0.000000 0.997643 0.000000 -0.068624 0.301193 0.301193 0.301193
7278.588379 0.000000 1342.921875 0.000000 0.990319 0.000000 -0.138812 0.252317 0.252317 0.252317
7276.451660 0.000000 1342.753052 0.000000 0.957511 0.000000 0.288395 0.251650 0.251650 0.251650
7238.969727 0.000000 1331.464722 0.000000 0.965348 0.000000 -0.260967 0.265856 0.265856 0.265856
7281.638184 0.000000 1340.229248 0.000000 0.999504 0.000000 0.031487 0.255919 0.255919 0.255919
7276.773926 0.000000 1335.063721 0.000000 0.996326 0.000000 -0.085638 0.281099 0.281099 0.281099
7273.761719 0.000000 1338.129761 0.000000 0.982359 0.000000 0.187007 0.265537 0.265537 0.265537
7240.099121 0.000000 1334.530151 0.000000 0.997464 0.000000 0.071167 0.298770 0.298770 0.298770
7272.188477 0.000000 1336.483643 0.000000 0.976369 0.000000 -0.216111 0.301443 0.301443 0.301443
7237.862793 0.000000 1335.005493 0.000000 0.987874 0.000000 0.155259 0.256055 0.256055 0.256055
7289.725098 0.000000 1331.643188 0.000000 0.983251 0.000000 0.182255 0.258463 0.258463 0.258463
7268.531250 0.000000 1343.286621 0.000000 0.991462 0.000000 -0.130395 0.263008 0.263008 0.263008
7244.499512 0.000000 1338.523560 0.000000 0.976707 0.000000 -0.214576 0.303936 0.303936 0.303936
7335.854004 0.000000 1253.704712 0.000000 0.995068 0.000000 0.099196 0.259526 0.259526 0.259526
7337.729980 0.000000 1248.628296 0.000000 0.953649 0.000000 -0.300923 0.305426 0.305426 0.305426
7328.449219 0.000000 1325.135986 0.000000 0.997283 0.000000 -0.073662 0.200501 0.200501 0.200501
7329.099609 0.000000 1333.090332 0.000000 0.983536 0.000000 -0.180713 0.201243 0.201243 0.201243
7342.693848 0.000000 1331.199219 0.000000 0.985019 0.000000 -0.172448 0.206610 0.206610 0.206610
7351.867676 0.000000 1346.372314 0.000000 0.996238 0.000000 0.086655 0.208014 0.208014 0.208014
7307.557617 0.000000 1339.088379 0.000000 0.959619 0.000000 -0.281305 0.222361 0.222361 0.222361
7356.473145 0.000000 1326.124634 0.000000 0.967242 0.000000 -0.253857 0.222687 0.222687 0.222687
7315.935547 0.000000 1308.899048 0.000000 0.985534 0.000000 -0.169477 0.217954 0.217954 0.217954
7304.954590 0.000000 1322.858643 0.000000 0.972363 0.000000 0.233475 0.219490 0.219490 0.219490
7317.729980 0.000000 1314.730713 0.000000 0.975889 0.000000 -0.218266 0.234369 0.234369 0.234369
7350.998047 0.000000 1316.442871 0.000000 0.998492 0.000000 -0.054892 0.229935 0.229935 0.229935
7319.062012 0.000000 1315.262329 0.000000 0.958942 0.000000 -0.283601 0.239059 0.239059 0.239059
7318.383789 0.000000 1346.152466 0.000000 0.998222 0.000000 0.059598 0.230514 0.230514 0.230514
7335.243164 0.000000 1350.040894 0.000000 0.999991 0.000000 -0.004212 0.245145 0.245145 0.245145
7327.813965 0.000000 1322.179077 0.000000 0.968145 0.000000 -0.250391 0.244448 0.244448 0.244448
7340.208984 0.000000 1353.227173 0.000000 0.995793 0.000000 -0.091627 0.239893 0.239893 0.239893
7311.028809 0.000000 1312.246460 0.000000 0.988241 0.000000 -0.152907 0.245656 0.245656 0.245656
7303.662109 0.000000 1335.865845 0.000000 0.997397 0.000000 -0.072107 0.241381 0.241381 0.241381
7336.703613 0.000000 1354.009155 0.000000 0.988009 0.000000 -0.154398 0.253638 0.253638 0.253638
7348.147949 0.000000 1354.302856 0.000000 0.993336 0.000000 -0.115257 0.302206 0.302206 0.302206
7332.191406 0.000000 1310.845581 0.000000 0.999223 0.000000 -0.039420 0.292797 0.292797 0.292797
7318.709473 0.000000 1319.102661 0.000000 0.969473 0.000000 0.245200 0.236896 0.236896 0.236896
7354.116699 0.000000 1348.456787 0.000000 0.992528 0.000000 0.122018 0.292931 0.292931 0.292931
7298.857910 0.000000 1341.484131 0.000000 0.956476 0.000000 0.291811 0.288432 0.288432 0.288432
7301.044922 0.000000 1330.017334 0.000000 0.975663 0.000000 0.219277 0.296034 0.296034 0.296034
7340.330078 0.000000 1317.905518 0.000000 0.992713 0.000000 0.120499 0.268653 0.268653 0.268653
7321.752441 0.000000 1355.517822 0.000000 0.998321 0.000000 -0.057931 0.249119 0.249119 0.249119
7341.710938 0.000000 1350.339844 0.000000 0.963739 0.000000 0.266848 0.240479 0.240479 0.240479
7300.693359 0.000000 1331.781006 0.000000 0.999985 0.000000 -0.005524 0.300099 0.300099 0.300099
7301.217285 0.000000 1347.289673 0.000000 0.997522 0.000000 -0.070359 0.301276 0.301276 0.301276
7297.312988 0.000000 1318.626221 0.000000 0.991662 0.000000 -0.128863 0.268101 0.268101 0.268101
7302.988770 0.000000 1340.600830 0.000000 0.993280 0.000000 0.115737 0.297928 0.297928 0.297928
7347.089355 0.000000 1328.137451 0.000000 0.995888 0.000000 0.090589 0.295671 0.295671 0.295671
7299.798340 0.000000 1327.746704 0.000000 0.965812 0.000000 -0.259242 0.248569 0.248569 0.248569
7324.429199 0.000000 1338.484009 0.000000 0.999304 0.000000 -0.037308 0.294451 0.294451 0.294451
7302.969727 0.000000 1331.464722 0.000000 0.959476 0.000000 -0.281789 0.305113 0.305113 0.305113
7331.546875 0.000000 1352.100708 0.000000 0.993976 0.000000 -0.109594 0.302097 0.302097 0.302097
7348.617188 0.000000 1352.497681 0.000000 0.999887 0.000000 0.015066 0.299735 0.299735 0.299735
7314.234375 0.000000 1330.603882 0.000000 0.966524 0.000000 0.256576 0.274911 0.274911 0.274911
7320.429199 0.000000 1323.074097 0.000000 0.994628 0.000000 0.103515 0.277746 0.277746 0.277746
7351.533691 0.000000 1353.096191 0.000000 0.999099 0.000000 0.042433 0.299210 0.299210 0.299210
7334.709473 0.000000 1309.948364 0.000000 0.998754 0.000000 0.049907 0.257366 0.257366 0.257366
7303.767090 0.000000 1325.143433 0.000000 0.958205 0.000000 -0.286083 0.305031 0.305031 0.305031
7335.150391 0.000000 1352.519775 0.000000 0.996422 0.000000 0.084516 0.293556 0.293556 0.293556
7333.261230 0.000000 1348.522217 0.000000 0.965007 0.000000 -0.262225 0.265296 0.265296 0.265296
7300.465332 0.000000 1337.930298 0.000000 0.975062 0.000000 -0.221934 0.262471 0.262471 0.262471
7342.890137 0.000000 1335.395386 0.000000 0.954090 0.000000 -0.299518 0.305445 0.305445 0.305445
7334.214844 0.000000 1311.770386 0.000000 0.966104 0.000000 0.258154 0.278690 0.278690 0.278690
7332.531250 0.000000 1343.286621 0.000000 0.958164 0.000000 0.286219 0.294837 0.294837 0.294837
7348.413574 0.000000 1348.698608 0.000000 0.982040 0.000000 0.188672 0.253989 0.253989 0.253989
7297.144043 0.000000 1324.594849 0.000000 0.997663 0.000000 -0.068331 0.281972 0.281972 0.281972
7357.764648 0.000000 1336.796509 0.000000 0.998326 0.000000 0.057831 0.261165 0.261165 0.261165
7398.346680 0.000000 1353.398315 0.000000 0.963574 0.000000 -0.267444 0.201832 0.201832 0.201832
7394.508301 0.000000 1345.706299 0.000000 0.978159 0.000000 -0.207859 0.209158 0.209158 0.209158
7376.024902 0.000000 1340.559204 0.000000 0.965259 0.000000 0.261296 0.217595 0.217595 0.217595
7379.616211 0.000000 1345.399292 0.000000 0.960051 0.000000 -0.279825 0.232691 0.232691 0.232691
7408.896973 0.000000 1346.751099 0.000000 0.985683 0.000000 -0.168611 0.256657 0.256657 0.256657
7414.205566 0.000000 1334.353882 0.000000 0.979124 0.000000 0.203264 0.236799 0.236799 0.236799
7361.950684 0.000000 1339.115112 0.000000 0.997074 0.000000 -0.076446 0.268532 0.268532 0.268532
7422.710938 0.000000 1337.367065 0.000000 0.998231 0.000000 -0.059460 0.301134 0.301134 0.301134
7405.494141 0.000000 1340.781006 0.000000 0.999463 0.000000 -0.032762 0.262324 0.262324 0.262324
7369.122070 0.000000 1346.202271 0.000000 0.996176 0.000000 -0.087371 0.301628 0.301628 0.301628
7371.890137 0.000000 1349.873657 0.000000 0.992061 0.000000 0.125761 0.266923 0.266923 0.266923
7372.862793 0.000000 1343.802979 0.000000 0.999922 0.000000 0.012498 0.288038 0.288038 0.288038
7380.942871 0.000000 1348.747803 0.000000 0.999945 0.000000 -0.010503 0.300199 0.300199 0.300199
7374.558105 0.000000 1352.013428 0.000000 0.961606 0.000000 0.274432 0.294743 0.294743 0.294743
7410.433594 0.000000 1336.899170 0.000000 0.999058 0.000000 -0.043401 0.261897 0.261897 0.261897
7485.282227 0.000000 1286.611450 0.000000 0.954382 0.000000 0.298588 0.206892 0.206892 0.206892
7451.159668 0.000000 1296.784790 0.000000 0.997292 0.000000 -0.073542 0.235191 0.235191 0.235191
7474.249023 0.000000 1292.336304 0.000000 0.976884 0.000000 0.213771 0.248747 0.248747 0.248747
7474.448730 0.000000 1285.881104 0.000000 0.982010 0.000000 0.188830 0.273737 0.273737 0.273737
7458.360840 0.000000 1288.029419 0.000000 0.995893 0.000000 0.090537 0.293456 0.293456 0.293456
7451.631348 0.000000 1298.506226 0.000000 0.998961 0.000000 0.045566 0.299201 0.299201 0.299201
7464.134277 0.000000 1287.246704 0.000000 0.973745 0.000000 -0.227641 0.294732 0.294732 0.294732
7472.827148 0.000000 1286.494141 0.000000 0.998853 0.000000 0.047873 0.299134 0.299134 0.299134
7487.644043 0.000000 1298.676758 0.000000 0.986506 0.000000 -0.163726 0.257168 0.257168 0.257168
7500.970703 0.000000 1289.642090 0.000000 0.997683 0.000000 0.068034 0.215956 0.215956 0.215956
7435.084961 0.000000 1309.519287 0.000000 0.998705 0.000000 0.050882 0.216658 0.216658 0.216658
7472.943848 0.000000 1310.729126 0.000000 0.998696 0.000000 -0.051058 0.211890 0.211890 0.211890
7445.272461 0.000000 1307.510132 0.000000 0.999268 0.000000 0.038248 0.234071 0.234071 0.234071
7430.267578 0.000000 1323.580688 0.000000 0.958258 0.000000 -0.285904 0.245419 0.245419 0.245419
7448.231445 0.000000 1300.818970 0.000000 0.997398 0.000000 -0.072086 0.269602 0.269602 0.269602
7468.345703 0.000000 1309.857178 0.000000 0.991736 0.000000 -0.128297 0.257871 0.257871 0.257871
7425.950684 0.000000 1339.115112 0.000000 0.964412 0.000000 0.264403 0.259028 0.259028 0.259028
7440.268066 0.000000 1311.418701 0.000000 0.972278 0.000000 -0.233828 0.304242 0.304242 0.304242
7425.354492 0.000000 1340.856689 0.000000 0.967895 0.000000 -0.251356 0.304424 0.304424 0.304424
7442.263672 0.000000 1311.227173 0.000000 0.986664 0.000000 -0.162769 0.303043 0.303043 0.303043
7428.470703 0.000000 1334.129761 0.000000 0.971014 0.000000 -0.239021 0.304239 0.304239 0.304239
7424.369141 0.000000 1338.667847 0.000000 0.995210 0.000000 -0.097758 0.263723 0.263723 0.263723
7428.465332 0.000000 1337.930298 0.000000 0.974114 0.000000 0.226058 0.285187 0.285187 0.285187
7429.862793 0.000000 1335.005493 0.000000 0.985490 0.000000 -0.169731 0.302996 0.302996 0.302996
7432.323730 0.000000 1317.665161 0.000000 0.987540 0.000000 0.157369 0.262088 0.262088 0.262088
7475.716797 0.000000 1301.392700 0.000000 0.969616 0.000000 0.244634 0.280533 0.280533 0.280533
7463.998535 0.000000 1322.566406 0.000000 0.972540 0.000000 -0.232735 0.304293 0.304293 0.304293
7870.281738 0.000000 1013.301941 0.000000 0.957886 0.000000 0.287150 0.251666 0.251666 0.251666
7848.166504 0.000000 1029.324829 0.000000 0.993202 0.000000 0.116407 0.262626 0.262626 0.262626
8137.604492 0.000000 1100.657471 0.000000 0.999975 0.000000 -0.007133 0.200049 0.200049 0.200049
7226.590332 0.000000 1398.179443 0.000000 0.965162 0.000000 -0.261652 0.238252 0.238252 0.238252
7201.632324 0.000000 1409.434448 0.000000 0.996994 0.000000 0.077472 0.253134 0.253134 0.253134
7216.056641 0.000000 1406.831787 0.000000 0.991320 0.000000 0.131470 0.297669 0.297669 0.297669
7226.116699 0.000000 1404.941162 0.000000 0.968796 0.000000 0.247860 0.252158 0.252158 0.252158
7217.121094 0.000000 1407.533081 0.000000 0.955165 0.000000 -0.296074 0.305313 0.305313 0.305313
7200.520996 0.000000 1411.077881 0.000000 0.987262 0.000000 -0.159102 0.302794 0.302794 0.302794
7223.038086 0.000000 1403.625122 0.000000 0.981286 0.000000 0.192557 0.282992 0.282992 0.282992
7230.141113 0.000000 1402.493286 0.000000 0.987769 0.000000 0.155921 0.281369 0.281369 0.281369
7242.351562 0.000000 1376.503906 0.000000 0.973537 0.000000 0.228529 0.198492 0.198492 0.198492
7249.260254 0.000000 1382.082153 0.000000 0.994458 0.000000 0.105135 0.199301 0.199301 0.199301
7263.334473 0.000000 1396.610474 0.000000 0.999908 0.000000 0.013560 0.199909 0.199909 0.199909
7255.105957 0.000000 1376.861694 0.000000 0.995666 0.000000 0.093005 0.202962 0.202962 0.202962
7259.966309 0.000000 1365.238159 0.000000 0.992365 0.000000 -0.123339 0.207373 0.207373 0.207373
7242.416504 0.000000 1387.309204 0.000000 0.953164 0.000000 -0.302454 0.217951 0.217951 0.217951
7263.972656 0.000000 1380.005981 0.000000 0.999997 0.000000 -0.002427 0.226073 0.226073 0.226073
7279.105469 0.000000 1359.186401 0.000000 0.983956 0.000000 0.178414 0.221640 0.221640 0.221640
7269.577148 0.000000 1403.793579 0.000000 0.993962 0.000000 0.109724 0.216715 0.216715 0.216715
7270.707031 0.000000 1364.182251 0.000000 0.999674 0.000000 0.025545 0.222461 0.222461 0.222461
7278.867676 0.000000 1386.084595 0.000000 0.998045 0.000000 -0.062506 0.231699 0.231699 0.231699
7246.035156 0.000000 1381.624634 0.000000 0.995267 0.000000 0.097182 0.225152 0.225152 0.225152
7248.398438 0.000000 1400.681396 0.000000 0.995758 0.000000 -0.092010 0.233681 0.233681 0.233681
7275.008789 0.000000 1382.174438 0.000000 0.995944 0.000000 -0.089980 0.241572 0.241572 0.241572
7262.425293 0.000000 1362.509399 0.000000 0.995142 0.000000 -0.098455 0.247884 0.247884 0.247884
7278.744141 0.000000 1381.278442 0.000000 0.997081 0.000000 0.076346 0.253148 0.253148 0.253148
7276.222168 0.000000 1389.010864 0.000000 0.962640 0.000000 -0.270784 0.258492 0.258492 0.258492
7278.269531 0.000000 1390.926636 0.000000 0.956108 0.000000 0.293016 0.243444 0.243444 0.243444
7283.748047 0.000000 1397.080322 0.000000 0.989262 0.000000 -0.146153 0.250129 0.250129 0.250129
7262.521973 0.000000 1389.070801 0.000000 0.959321 0.000000 -0.282318 0.278276 0.278276 0.278276
7272.301758 0.000000 1395.941772 0.000000 0.999995 0.000000 0.003221 0.299939 0.299939 0.299939
7273.405762 0.000000 1393.477905 0.000000 0.985887 0.000000 -0.167410 0.244108 0.244108 0.244108
7279.984863 0.000000 1389.205322 0.000000 0.995122 0.000000 0.098651 0.265630 0.265630 0.265630
7292.125488 0.000000 1366.519531 0.000000 0.965743 0.000000 0.259501 0.253648 0.253648 0.253648
7233.354492 0.000000 1397.341064 0.000000 0.987032 0.000000 -0.160522 0.302777 0.302777 0.302777
7233.519531 0.000000 1403.168823 0.000000 0.996904 0.000000 -0.078623 0.301503 0.301503 0.301503
7264.728027 0.000000 1366.833740 0.000000 0.972780 0.000000 -0.231729 0.297680 0.297680 0.297680
7282.833984 0.000000 1364.205322 0.000000 0.960666 0.000000 -0.277706 0.256273 0.256273 0.256273
7236.561035 0.000000 1401.906494 0.000000 0.976985 0.000000 0.213306 0.295895 0.295895 0.295895
7237.351562 0.000000 1407.258057 0.000000 0.992900 0.000000 -0.118953 0.302152 0.302152 0.302152
7272.114258 0.000000 1358.180420 0.000000 0.994170 0.000000 0.107824 0.281002 0.281002 0.281002
7275.277832 0.000000 1368.637573 0.000000 0.993306 0.000000 -0.115516 0.266221 0.266221 0.266221
7278.525879 0.000000 1383.353271 0.000000 0.989797 0.000000 -0.142482 0.279097 0.279097 0.279097
7244.862793 0.000000 1400.287354 0.000000 0.982077 0.000000 -0.188479 0.276910 0.276910 0.276910
7249.965332 0.000000 1396.250122 0.000000 0.977127 0.000000 -0.212656 0.304069 0.304069 0.304069
7292.159668 0.000000 1373.261230 0.000000 0.999643 0.000000 0.026701 0.279996 0.279996 0.279996
7259.859375 0.000000 1370.770264 0.000000 0.968392 0.000000 0.249432 0.251593 0.251593 0.251593
7235.005859 0.000000 1406.583008 0.000000 0.954174 0.000000 -0.299251 0.297670 0.297670 0.297670
7290.572266 0.000000 1355.661011 0.000000 0.953290 0.000000 0.302056 0.261232 0.261232 0.261232
7244.307617 0.000000 1396.385498 0.000000 0.996964 0.000000 -0.077866 0.301483 0.301483 0.301483
7177.084961 0.000000 1422.927246 0.000000 0.989696 0.000000 -0.143186 0.200983 0.200983 0.200983
7191.068359 0.000000 1416.620483 0.000000 0.997830 0.000000 0.065842 0.200932 0.200932 0.200932
7222.158691 0.000000 1444.169189 0.000000 0.997527 0.000000 -0.070279 0.201338 0.201338 0.201338
7170.944824 0.000000 1429.505371 0.000000 0.998882 0.000000 -0.047270 0.205111 0.205111 0.205111
7209.650879 0.000000 1421.396118 0.000000 0.995714 0.000000 0.092487 0.201854 0.201854 0.201854
7169.654297 0.000000 1426.467529 0.000000 0.993401 0.000000 -0.114695 0.212964 0.212964 0.212964
7197.739258 0.000000 1433.572510 0.000000 0.999155 0.000000 -0.041104 0.209563 0.209563 0.209563
7198.609375 0.000000 1437.771973 0.000000 0.977666 0.000000 0.210164 0.218051 0.218051 0.218051
7227.964844 0.000000 1463.411133 0.000000 0.971947 0.000000 -0.235200 0.223663 0.223663 0.223663
7208.469727 0.000000 1431.374634 0.000000 0.974751 0.000000 -0.223295 0.225270 0.225270 0.225270
7173.850586 0.000000 1429.887817 0.000000 0.975825 0.000000 0.218555 0.241021 0.241021 0.241021
7187.301758 0.000000 1431.678223 0.000000 0.999282 0.000000 0.037890 0.245796 0.245796 0.245796
7188.179199 0.000000 1413.386475 0.000000 0.985680 0.000000 0.168626 0.235514 0.235514 0.235514
7212.992676 0.000000 1435.010132 0.000000 0.999699 0.000000 0.024514 0.251533 0.251533 0.251533
7218.249023 0.000000 1461.789429 0.000000 0.973428 0.000000 0.228992 0.243094 0.243094 0.243094
7174.218750 0.000000 1431.183472 0.000000 0.975608 0.000000 0.219519 0.295864 0.295864 0.295864
7225.099121 0.000000 1459.111450 0.000000 0.987816 0.000000 0.155629 0.248886 0.248886 0.248886
7197.854004 0.000000 1441.301758 0.000000 0.999851 0.000000 -0.017256 0.240799 0.240799 0.240799
7231.246094 0.000000 1448.118896 0.000000 0.967098 0.000000 0.254406 0.262974 0.262974 0.262974
7224.311035 0.000000 1456.761475 0.000000 0.989778 0.000000 -0.142617 0.255773 0.255773 0.255773
7215.731934 0.000000 1459.208130 0.000000 0.963464 0.000000 -0.267839 0.305108 0.305108 0.305108
7170.773438 0.000000 1418.150757 0.000000 0.996115 0.000000 -0.088064 0.269819 0.269819 0.269819
7205.762695 0.000000 1455.986816 0.000000 0.955023 0.000000 -0.296533 0.305739 0.305739 0.305739
7209.763184 0.000000 1434.129883 0.000000 0.962744 0.000000 0.270416 0.247521 0.247521 0.247521
7184.053223 0.000000 1417.469727 0.000000 0.975397 0.000000 0.220456 0.250857 0.250857 0.250857
7202.942871 0.000000 1450.544189 0.000000 0.986370 0.000000 -0.164542 0.287413 0.287413 0.287413
7201.511719 0.000000 1421.168823 0.000000 1.000000 0.000000 -0.000933 0.268080 0.268080 0.268080
7218.290039 0.000000 1465.875488 0.000000 0.975470 0.000000 -0.220130 0.269331 0.269331 0.269331
7205.645508 0.000000 1447.889282 0.000000 0.998973 0.000000 -0.045313 0.285570 0.285570 0.285570
7186.265625 0.000000 1414.817993 0.000000 0.988672 0.000000 -0.150091 0.287188 0.287188 0.287188
7228.159668 0.000000 1429.745605 0.000000 0.997620 0.000000 -0.068948 0.284240 0.284240 0.284240
7196.615723 0.000000 1446.596069 0.000000 0.987420 0.000000 0.158121 0.296985 0.296985 0.296985
7220.413574 0.000000 1461.667358 0.000000 0.987485 0.000000 -0.157715 0.302912 0.302912 0.302912
7270.962402 0.000000 1456.289307 0.000000 0.984812 0.000000 0.173622 0.206786 0.206786 0.206786
7256.641113 0.000000 1467.833862 0.000000 0.999628 0.000000 -0.027265 0.210578 0.210578 0.210578
7252.821777 0.000000 1443.220337 0.000000 0.956822 0.000000 0.290673 0.203130 0.203130 0.203130
7272.256348 0.000000 1428.957153 0.000000 0.973090 0.000000 -0.230426 0.213903 0.213903 0.213903
7286.203613 0.000000 1452.439819 0.000000 0.999782 0.000000 0.020895 0.237040 0.237040 0.237040
7264.868164 0.000000 1428.480835 0.000000 0.996411 0.000000 -0.084652 0.234737 0.234737 0.234737
7252.561035 0.000000 1462.874756 0.000000 0.996736 0.000000 -0.080734 0.255028 0.255028 0.255028
7272.301758 0.000000 1452.426147 0.000000 0.994852 0.000000 -0.101335 0.301908 0.301908 0.301908
7263.826172 0.000000 1463.685181 0.000000 0.977897 0.000000 -0.209089 0.292703 0.292703 0.292703
7269.123047 0.000000 1451.271362 0.000000 0.993981 0.000000 0.109554 0.240007 0.240007 0.240007
7237.044922 0.000000 1442.986084 0.000000 0.981324 0.000000 0.192362 0.296615 0.296615 0.296615
7288.930664 0.000000 1424.509521 0.000000 0.996531 0.000000 0.083223 0.254176 0.254176 0.254176
7233.354492 0.000000 1453.825439 0.000000 0.961665 0.000000 0.274227 0.272473 0.272473 0.272473
7295.246094 0.000000 1448.118896 0.000000 0.955726 0.000000 -0.294257 0.293522 0.293522 0.293522
7233.515137 0.000000 1441.294434 0.000000 0.953371 0.000000 -0.301801 0.266981 0.266981 0.266981
7266.421875 0.000000 1448.601318 0.000000 0.976302 0.000000 -0.216413 0.304166 0.304166 0.304166
7235.798340 0.000000 1440.715454 0.000000 0.998570 0.000000 -0.053464 0.289078 0.289078 0.289078
7238.969727 0.000000 1444.433472 0.000000 0.988560 0.000000 0.150829 0.275393 0.275393 0.275393
7281.310547 0.000000 1441.579224 0.000000 0.998273 0.000000 0.058740 0.298880 0.298880 0.298880
7233.121582 0.000000 1429.217896 0.000000 0.982781 0.000000 0.184775 0.261176 0.261176 0.261176
7294.282715 0.000000 1428.230103 0.000000 0.997314 0.000000 -0.073240 0.250987 0.250987 0.250987
7281.638184 0.000000 1453.197998 0.000000 0.999524 0.000000 0.030854 0.287749 0.287749 0.287749
7276.773926 0.000000 1448.032471 0.000000 0.993164 0.000000 -0.116725 0.290647 0.290647 0.290647
7295.956055 0.000000 1439.027710 0.000000 0.988017 0.000000 -0.154345 0.284403 0.284403 0.284403
7269.454590 0.000000 1441.293213 0.000000 0.978162 0.000000 -0.207846 0.277190 0.277190 0.277190
7258.905273 0.000000 1445.682739 0.000000 0.994572 0.000000 0.104046 0.292125 0.292125 0.292125
7294.400879 0.000000 1451.660034 0.000000 0.999831 0.000000 0.018406 0.270615 0.270615 0.270615
7239.204590 0.000000 1441.092041 0.000000 0.995600 0.000000 -0.093708 0.293680 0.293680 0.293680
7256.817383 0.000000 1445.142944 0.000000 0.998078 0.000000 0.061964 0.290595 0.290595 0.290595
7314.498535 0.000000 1359.442993 0.000000 0.994924 0.000000 -0.100631 0.204377 0.204377 0.204377
7306.166504 0.000000 1362.138672 0.000000 0.994324 0.000000 0.106393 0.205085 0.205085 0.205085
7308.241699 0.000000 1357.889771 0.000000 0.980006 0.000000 0.198968 0.225302 0.225302 0.225302
7310.213379 0.000000 1357.329956 0.000000 0.994581 0.000000 0.103969 0.232302 0.232302 0.232302
7298.058594 0.000000 1374.064331 0.000000 0.957932 0.000000 0.286995 0.242971 0.242971 0.242971
7332.687500 0.000000 1406.195190 0.000000 0.968545 0.000000 -0.248840 0.304775 0.304775 0.304775
7302.218750 0.000000 1374.699097 0.000000 0.999880 0.000000 0.015510 0.277925 0.277925 0.277925
7340.345703 0.000000 1366.341553 0.000000 0.954499 0.000000 -0.298215 0.291267 0.291267 0.291267
7354.264648 0.000000 1406.262939 0.000000 0.997515 0.000000 -0.070456 0.301344 0.301344 0.301344
7322.372559 0.000000 1408.481812 0.000000 0.981107 0.000000 -0.193468 0.303624 0.303624 0.303624
7331.061035 0.000000 1410.941895 0.000000 0.957566 0.000000 0.288215 0.266845 0.266845 0.266845
7326.868164 0.000000 1376.367188 0.000000 0.976340 0.000000 0.216243 0.262401 0.262401 0.262401
7347.326660 0.000000 1403.140747 0.000000 0.997970 0.000000 0.063691 0.272772 0.272772 0.272772
7324.834961 0.000000 1364.300781 0.000000 0.974784 0.000000 -0.223152 0.244720 0.244720 0.244720
7344.248535 0.000000 1409.430298 0.000000 0.974169 0.000000 -0.225821 0.304257 0.304257 0.304257
7314.134277 0.000000 1412.025146 0.000000 0.985813 0.000000 -0.167846 0.252088 0.252088 0.252088
7325.048828 0.000000 1357.267456 0.000000 0.974302 0.000000 -0.225245 0.259646 0.259646 0.259646
7349.656738 0.000000 1378.268433 0.000000 0.993655 0.000000 0.112475 0.297978 0.297978 0.297978
7336.053711 0.000000 1407.979248 0.000000 0.981513 0.000000 -0.191395 0.303635 0.303635 0.303635
7322.770996 0.000000 1365.225708 0.000000 0.997476 0.000000 0.071002 0.244869 0.244869 0.244869
7334.709473 0.000000 1366.432739 0.000000 0.961721 0.000000 0.274030 0.264333 0.264333 0.264333
7337.492676 0.000000 1406.108765 0.000000 0.996312 0.000000 -0.085807 0.301622 0.301622 0.301622
7296.649414 0.000000 1370.540039 0.000000 0.993944 0.000000 0.109887 0.292028 0.292028 0.292028
7333.606445 0.000000 1358.544434 0.000000 0.971842 0.000000 0.235635 0.269776 0.269776 0.269776
7328.901855 0.000000 1362.508667 0.000000 0.995042 0.000000 -0.099458 0.293207 0.293207 0.293207
7322.378418 0.000000 1406.298828 0.000000 0.962353 0.000000 -0.271804 0.304876 0.304876 0.304876
7327.222656 0.000000 1409.459595 0.000000 0.993342 0.000000 -0.115201 0.302114 0.302114 0.302114
7344.327148 0.000000 1410.928101 0.000000 0.984884 0.000000 0.173213 0.296995 0.296995 0.296995
7353.305176 0.000000 1406.821777 0.000000 0.992617 0.000000 -0.121287 0.279924 0.279924 0.279924
7303.204590 0.000000 1384.607666 0.000000 0.997834 0.000000 -0.065776 0.265567 0.265567 0.265567
7347.336914 0.000000 1377.736694 0.000000 0.990827 0.000000 -0.135140 0.272165 0.272165 0.272165
7382.077637 0.000000 1372.799683 0.000000 0.975554 0.000000 -0.219760 0.204117 0.204117 0.204117
7390.816895 0.000000 1370.062744 0.000000 0.967282 0.000000 -0.253703 0.208373 0.208373 0.208373
7374.368652 0.000000 1411.478516 0.000000 0.986527 0.000000 0.163597 0.210179 0.210179 0.210179
7383.366211 0.000000 1358.277710 0.000000 0.965251 0.000000 0.261324 0.214859 0.214859 0.214859
7393.853027 0.000000 1367.389771 0.000000 0.990513 0.000000 -0.137416 0.222785 0.222785 0.222785
7422.321777 0.000000 1373.957153 0.000000 0.995369 0.000000 -0.096130 0.226939 0.226939 0.226939
7369.022461 0.000000 1398.692261 0.000000 0.997696 0.000000 0.067844 0.239340 0.239340 0.239340
7387.559082 0.000000 1391.514282 0.000000 0.991493 0.000000 -0.130156 0.251080 0.251080 0.251080
7404.134277 0.000000 1390.606323 0.000000 0.983532 0.000000 -0.180734 0.245965 0.245965 0.245965
7403.276855 0.000000 1401.111572 0.000000 0.976179 0.000000 -0.216968 0.269862 0.269862 0.269862
7398.524902 0.000000 1402.978394 0.000000 0.998593 0.000000 0.053022 0.272366 0.272366 0.272366
7407.731934 0.000000 1402.723755 0.000000 0.970483 0.000000 0.241169 0.260428 0.260428 0.260428
7388.046387 0.000000 1388.939087 0.000000 0.999568 0.000000 0.029384 0.267672 0.267672 0.267672
7381.042969 0.000000 1383.528931 0.000000 0.971537 0.000000 0.236890 0.270849 0.270849 0.270849
7364.508301 0.000000 1398.325562 0.000000 0.981801 0.000000 -0.189911 0.254061 0.254061 0.254061
7363.040527 0.000000 1403.670532 0.000000 0.975329 0.000000 -0.220758 0.254431 0.254431 0.254431
7361.670898 0.000000 1405.545654 0.000000 0.987567 0.000000 0.157197 0.297245 0.297245 0.297245
7404.563965 0.000000 1395.344849 0.000000 0.951492 0.000000 -0.307673 0.303630 0.303630 0.303630
7400.188477 0.000000 1392.968018 0.000000 0.963954 0.000000 0.266067 0.251931 0.251931 0.251931
7397.261230 0.000000 1405.006592 0.000000 0.973995 0.000000 -0.226568 0.304271 0.304271 0.304271
7390.069336 0.000000 1368.753174 0.000000 0.988892 0.000000 0.148637 0.255035 0.255035 0.255035
7407.144043 0.000000 1393.349609 0.000000 0.993414 0.000000 -0.114584 0.257702 0.257702 0.257702
7329.491699 0.000000 1418.004639 0.000000 0.995242 0.000000 0.097432 0.199320 0.199320 0.199320
7314.442383 0.000000 1427.125977 0.000000 0.980866 0.000000 0.194685 0.214334 0.214334 0.214334
7304.161133 0.000000 1424.230713 0.000000 0.998858 0.000000 0.047787 0.232302 0.232302 0.232302
7335.388184 0.000000 1430.170166 0.000000 0.998307 0.000000 0.058163 0.240556 0.240556 0.240556
7357.294434 0.000000 1427.624756 0.000000 0.980316 0.000000 0.197434 0.227517 0.227517 0.227517
7359.116211 0.000000 1431.859131 0.000000 0.993459 0.000000 -0.114187 0.236732 0.236732 0.236732
7315.301758 0.000000 1431.678223 0.000000 0.995798 0.000000 0.091577 0.240754 0.240754 0.240754
7299.621094 0.000000 1449.197388 0.000000 0.964632 0.000000 -0.263599 0.238847 0.238847 0.238847
7302.510254 0.000000 1428.709839 0.000000 0.989081 0.000000 -0.147372 0.245595 0.245595 0.245595
7359.365723 0.000000 1422.074707 0.000000 0.983996 0.000000 -0.178189 0.236817 0.236817 0.236817
7320.136230 0.000000 1432.523560 0.000000 0.991638 0.000000 0.129049 0.297674 0.297674 0.297674
7336.166504 0.000000 1424.715454 0.000000 0.976903 0.000000 -0.213683 0.284162 0.284162 0.284162
7300.370605 0.000000 1438.698975 0.000000 0.968128 0.000000 -0.250457 0.304835 0.304835 0.304835
7322.370605 0.000000 1434.699097 0.000000 0.970811 0.000000 0.239844 0.295374 0.295374 0.295374
7337.849121 0.000000 1422.781494 0.000000 0.966040 0.000000 0.258394 0.288458 0.288458 0.288458
7351.961426 0.000000 1413.802002 0.000000 0.999932 0.000000 0.011627 0.271268 0.271268 0.271268
7311.586426 0.000000 1437.978638 0.000000 0.994615 0.000000 0.103641 0.298141 0.298141 0.298141
7343.663086 0.000000 1429.192627 0.000000 0.999992 0.000000 0.003994 0.299924 0.299924 0.299924
7339.242188 0.000000 1429.165771 0.000000 0.973464 0.000000 -0.228842 0.292450 0.292450 0.292450
7354.572266 0.000000 1412.145386 0.000000 0.956819 0.000000 -0.290685 0.260475 0.260475 0.260475
7326.069336 0.000000 1425.237549 0.000000 0.964403 0.000000 0.264435 0.266642 0.266642 0.266642
7324.225586 0.000000 1439.739258 0.000000 0.970289 0.000000 0.241950 0.295635 0.295635 0.295635
7297.144043 0.000000 1437.563599 0.000000 0.999785 0.000000 0.020744 0.262199 0.262199 0.262199
7320.183105 0.000000 1433.796875 0.000000 0.986549 0.000000 -0.163465 0.302952 0.302952 0.302952
7378.190430 0.000000 1421.631592 0.000000 0.960740 0.000000 0.277450 0.198098 0.198098 0.198098
7363.095703 0.000000 1427.559448 0.000000 0.965917 0.000000 -0.258851 0.218148 0.218148 0.218148
7379.350098 0.000000 1414.463257 0.000000 0.998548 0.000000 0.053864 0.222208 0.222208 0.222208
7377.011230 0.000000 1413.446533 0.000000 0.975737 0.000000 -0.218946 0.304009 0.304009 0.304009
7242.256348 0.000000 1472.824463 0.000000 0.991533 0.000000 0.129854 0.219866 0.219866 0.219866
7424.042480 0.000000 1355.632324 0.000000 0.962684 0.000000 -0.270628 0.201881 0.201881 0.201881
7424.369629 0.000000 1366.526855 0.000000 0.966827 0.000000 -0.255433 0.220409 0.220409 0.220409
7526.893555 0.000000 1375.072388 0.000000 0.966950 0.000000 0.254965 0.198339 0.198339 0.198339
7551.374512 0.000000 1395.720459 0.000000 0.977227 0.000000 -0.212197 0.210332 0.210332 0.210332
7518.945801 0.000000 1384.088867 0.000000 0.997261 0.000000 0.073965 0.218689 0.218689 0.218689
7548.104492 0.000000 1409.278687 0.000000 0.959837 0.000000 0.280557 0.229972 0.229972 0.229972
7537.743164 0.000000 1395.270752 0.000000 0.999152 0.000000 -0.041163 0.253991 0.253991 0.253991
7550.710938 0.000000 1393.851440 0.000000 0.976530 0.000000 -0.215380 0.291082 0.291082 0.291082
7575.836426 0.000000 1406.237915 0.000000 0.966230 0.000000 0.257682 0.198230 0.198230 0.198230
7555.574219 0.000000 1409.048584 0.000000 0.987937 0.000000 -0.154858 0.279848 0.279848 0.279848
7552.743652 0.000000 1406.545776 0.000000 0.998687 0.000000 0.051223 0.299067 0.299067 0.299067
7574.163574 0.000000 1415.074707 0.000000 0.994863 0.000000 0.101232 0.274457 0.274457 0.274457
6521.814453 0.000000 2052.280029 0.000000 0.994062 0.000000 0.108819 0.217833 0.217833 0.217833
6513.393555 0.000000 2057.268066 0.000000 0.998126 0.000000 -0.061197 0.234503 0.234503 0.234503
6498.136719 0.000000 2061.561279 0.000000 0.962039 0.000000 0.272910 0.251301 0.251301 0.251301
6473.122070 0.000000 2136.983398 0.000000 0.999666 0.000000 -0.025861 0.254371 0.254371 0.254371
6531.040527 0.000000 2081.483154 0.000000 0.999998 0.000000 -0.001835 0.300034 0.300034 0.300034
6447.882812 0.000000 2151.429932 0.000000 0.984186 0.000000 -0.177136 0.215175 0.215175 0.215175
6445.431152 0.000000 2150.458008 0.000000 0.962700 0.000000 -0.270571 0.215955 0.215955 0.215955
6454.086914 0.000000 2191.005371 0.000000 0.957928 0.000000 0.287009 0.281484 0.281484 0.281484
6524.166992 0.000000 2192.987549 0.000000 0.995523 0.000000 0.094517 0.247937 0.247937 0.247937
6448.943848 0.000000 2214.479004 0.000000 0.997281 0.000000 -0.073697 0.217145 0.217145 0.217145
6449.324707 0.000000 2238.487793 0.000000 0.985479 0.000000 0.169799 0.209577 0.209577 0.209577
6462.913574 0.000000 2248.929199 0.000000 0.999626 0.000000 -0.027355 0.233043 0.233043 0.233043
6462.871094 0.000000 2246.401123 0.000000 0.965673 0.000000 -0.259762 0.234213 0.234213 0.234213
6446.744141 0.000000 2228.544189 0.000000 0.990200 0.000000 -0.139657 0.244942 0.244942 0.244942
6436.191406 0.000000 2214.595459 0.000000 0.995175 0.000000 -0.098112 0.301781 0.301781 0.301781
6447.705078 0.000000 2234.174561 0.000000 0.966876 0.000000 -0.255246 0.271539 0.271539 0.271539
6449.310547 0.000000 2232.360352 0.000000 0.999771 0.000000 0.021386 0.286222 0.286222 0.286222
6438.214844 0.000000 2215.520508 0.000000 0.991813 0.000000 0.127696 0.287321 0.287321 0.287321
6444.436035 0.000000 2244.046387 0.000000 0.987648 0.000000 -0.156688 0.278735 0.278735 0.278735
6524.034180 0.000000 2250.713867 0.000000 0.994933 0.000000 -0.100542 0.210025 0.210025 0.210025
6465.843750 0.000000 2249.270264 0.000000 0.993671 0.000000 -0.112329 0.213510 0.213510 0.213510
6473.995605 0.000000 2251.731689 0.000000 0.999571 0.000000 0.029297 0.233043 0.233043 0.233043
6465.354492 0.000000 2244.606689 0.000000 0.999847 0.000000 -0.017519 0.255955 0.255955 0.255955
6533.351562 0.000000 2198.039307 0.000000 0.987398 0.000000 0.158254 0.270882 0.270882 0.270882
6534.912598 0.000000 2202.892334 0.000000 0.999187 0.000000 -0.040316 0.212929 0.212929 0.212929
6645.270996 0.000000 2206.190674 0.000000 0.999936 0.000000 0.011357 0.299799 0.299799 0.299799
6845.535645 0.000000 1861.675537 0.000000 0.998813 0.000000 0.048709 0.215003 0.215003 0.215003
6847.974609 0.000000 1839.031372 0.000000 0.996816 0.000000 -0.079743 0.234688 0.234688 0.234688
6845.256836 0.000000 1812.864746 0.000000 0.958290 0.000000 -0.285797 0.250029 0.250029 0.250029
6830.797363 0.000000 1859.303101 0.000000 0.992775 0.000000 0.119989 0.239341 0.239341 0.239341
6842.264648 0.000000 1858.137939 0.000000 0.973240 0.000000 0.229790 0.267678 0.267678 0.267678
6830.873535 0.000000 1856.601440 0.000000 0.998729 0.000000 -0.050399 0.243966 0.243966 0.243966
6834.113770 0.000000 1853.255371 0.000000 0.998316 0.000000 -0.058008 0.246303 0.246303 0.246303
6839.533691 0.000000 1861.455566 0.000000 0.986931 0.000000 -0.161141 0.303079 0.303079 0.303079
6847.644043 0.000000 1863.520508 0.000000 0.967278 0.000000 0.253720 0.272779 0.272779 0.272779
6852.756836 0.000000 1826.293213 0.000000 0.996229 0.000000 0.086762 0.204120 0.204120 0.204120
6896.914551 0.000000 1824.683594 0.000000 0.995543 0.000000 0.094309 0.209623 0.209623 0.209623
6854.912598 0.000000 1807.501587 0.000000 0.969093 0.000000 0.246697 0.210601 0.210601 0.210601
6856.953125 0.000000 1833.430664 0.000000 0.998139 0.000000 0.060980 0.217130 0.217130 0.217130
6851.049316 0.000000 1819.770874 0.000000 0.993758 0.000000 0.111557 0.223355 0.223355 0.223355
6876.286133 0.000000 1829.185547 0.000000 0.981840 0.000000 0.189712 0.230893 0.230893 0.230893
6852.561035 0.000000 1853.781494 0.000000 0.972014 0.000000 0.234924 0.271968 0.271968 0.271968
6848.860352 0.000000 1863.341553 0.000000 0.964157 0.000000 0.265331 0.294871 0.294871 0.294871
6860.518066 0.000000 1836.090332 0.000000 0.968231 0.000000 -0.250056 0.250762 0.250762 0.250762
6852.508301 0.000000 1850.200562 0.000000 0.997948 0.000000 -0.064033 0.296584 0.296584 0.296584
6887.180176 0.000000 1837.924316 0.000000 0.991037 0.000000 -0.133591 0.264186 0.264186 0.264186
6857.561035 0.000000 1858.645508 0.000000 0.955634 0.000000 0.294558 0.282443 0.282443 0.282443
6826.673340 0.000000 1864.128296 0.000000 0.998685 0.000000 -0.051261 0.200344 0.200344 0.200344
6827.690430 0.000000 1867.548340 0.000000 0.996805 0.000000 0.079878 0.203615 0.203615 0.203615
6836.916016 0.000000 1871.347412 0.000000 0.985079 0.000000 0.172102 0.213422 0.213422 0.213422
6842.590332 0.000000 1906.538818 0.000000 0.999902 0.000000 0.013980 0.230957 0.230957 0.230957
6828.311035 0.000000 1877.573608 0.000000 0.988630 0.000000 -0.150368 0.243354 0.243354 0.243354
6843.996582 0.000000 1871.253296 0.000000 0.994255 0.000000 -0.107040 0.256477 0.256477 0.256477
6839.338379 0.000000 1896.508545 0.000000 0.973712 0.000000 -0.227783 0.304217 0.304217 0.304217
6829.442383 0.000000 1875.747192 0.000000 0.997614 0.000000 0.069040 0.241553 0.241553 0.241553
6841.375000 0.000000 1867.242065 0.000000 0.986993 0.000000 -0.160766 0.292493 0.292493 0.292493
6844.552246 0.000000 1865.293579 0.000000 0.978058 0.000000 0.208334 0.288751 0.288751 0.288751
6840.213867 0.000000 1875.511597 0.000000 0.973676 0.000000 -0.227937 0.304392 0.304392 0.304392
6841.725098 0.000000 1896.486938 0.000000 0.987123 0.000000 -0.159961 0.274220 0.274220 0.274220
6851.505371 0.000000 1907.410522 0.000000 0.977812 0.000000 0.209486 0.198604 0.198604 0.198604
6859.049316 0.000000 1913.865234 0.000000 0.984375 0.000000 0.176084 0.227724 0.227724 0.227724
6872.351074 0.000000 1916.114746 0.000000 0.973096 0.000000 -0.230402 0.244227 0.244227 0.244227
6853.529297 0.000000 1867.474365 0.000000 0.971469 0.000000 -0.237167 0.304412 0.304412 0.304412
6853.575684 0.000000 1885.332886 0.000000 0.984659 0.000000 -0.174487 0.249315 0.249315 0.249315
6850.732422 0.000000 1872.197998 0.000000 0.971566 0.000000 0.236770 0.263215 0.263215 0.263215
6876.939453 0.000000 1907.597168 0.000000 0.985639 0.000000 0.168865 0.277325 0.277325 0.277325
6860.307617 0.000000 1904.744873 0.000000 0.999997 0.000000 -0.002549 0.266981 0.266981 0.266981
6849.343750 0.000000 1877.297729 0.000000 0.978329 0.000000 0.207057 0.296306 0.296306 0.296306
6842.650879 0.000000 1931.646729 0.000000 0.996108 0.000000 -0.088145 0.266992 0.266992 0.266992
6861.487793 0.000000 1930.485474 0.000000 0.998615 0.000000 0.052612 0.207162 0.207162 0.207162
6875.504395 0.000000 1934.447144 0.000000 0.987817 0.000000 0.155620 0.214665 0.214665 0.214665
6866.338867 0.000000 1928.501953 0.000000 0.999884 0.000000 -0.015204 0.228435 0.228435 0.228435
6858.865723 0.000000 1935.559570 0.000000 0.996877 0.000000 -0.078969 0.252183 0.252183 0.252183
6912.090332 0.000000 1810.795654 0.000000 0.988605 0.000000 -0.150535 0.201342 0.201342 0.201342
6765.942871 0.000000 2111.862793 0.000000 0.990770 0.000000 0.135555 0.199050 0.199050 0.199050
6753.152344 0.000000 2136.089844 0.000000 0.974438 0.000000 0.224656 0.240953 0.240953 0.240953
6831.135742 0.000000 2049.493652 0.000000 0.999686 0.000000 0.025067 0.209049 0.209049 0.209049
6739.693848 0.000000 2175.741943 0.000000 0.998487 0.000000 0.054981 0.244490 0.244490 0.244490
6750.952637 0.000000 2222.402832 0.000000 0.999251 0.000000 0.038706 0.199729 0.199729 0.199729
6730.704590 0.000000 2225.633057 0.000000 0.995044 0.000000 -0.099433 0.222447 0.222447 0.222447
6761.205566 0.000000 2259.346924 0.000000 0.980650 0.000000 -0.195768 0.241563 0.241563 0.241563
6762.913086 0.000000 2256.890869 0.000000 0.996136 0.000000 -0.087820 0.257374 0.257374 0.257374
6760.703613 0.000000 2257.759033 0.000000 0.979608 0.000000 0.200918 0.237922 0.237922 0.237922
6724.993652 0.000000 2227.073730 0.000000 0.990143 0.000000 -0.140064 0.281339 0.281339 0.281339
6737.357910 0.000000 2236.306396 0.000000 0.967009 0.000000 0.254742 0.286348 0.286348 0.286348
6725.044922 0.000000 2233.767334 0.000000 0.994357 0.000000 -0.106084 0.301887 0.301887 0.301887
6726.988770 0.000000 2244.350830 0.000000 0.993678 0.000000 0.112268 0.298016 0.298016 0.298016
6723.798340 0.000000 2231.496826 0.000000 0.997804 0.000000 -0.066233 0.277989 0.277989 0.277989
6726.969727 0.000000 2235.214844 0.000000 0.998040 0.000000 -0.062579 0.301102 0.301102 0.301102
6759.150391 0.000000 2256.269775 0.000000 0.977028 0.000000 -0.213111 0.253766 0.253766 0.253766
6729.391113 0.000000 2237.454102 0.000000 0.993050 0.000000 -0.117697 0.302072 0.302072 0.302072
6731.572266 0.000000 2228.469482 0.000000 0.999007 0.000000 -0.044558 0.298513 0.298513 0.298513
6760.188477 0.000000 2240.233643 0.000000 0.999037 0.000000 0.043886 0.299203 0.299203 0.299203
6757.645508 0.000000 2238.670410 0.000000 0.993207 0.000000 -0.116360 0.302070 0.302070 0.302070
6725.862793 0.000000 2238.755615 0.000000 0.999829 0.000000 -0.018489 0.295826 0.295826 0.295826
6726.282227 0.000000 2248.945068 0.000000 0.982814 0.000000 0.184601 0.254589 0.254589 0.254589
6748.225586 0.000000 2230.520508 0.000000 0.960052 0.000000 0.279820 0.253933 0.253933 0.253933
6795.568848 0.000000 2202.359619 0.000000 0.987812 0.000000 -0.155652 0.230902 0.230902 0.230902
6809.632324 0.000000 2218.108154 0.000000 0.961953 0.000000 -0.273214 0.236649 0.236649 0.236649
6801.469238 0.000000 2220.629150 0.000000 0.979645 0.000000 0.200740 0.235178 0.235178 0.235178
6813.510254 0.000000 2216.953613 0.000000 0.984781 0.000000 -0.173800 0.236202 0.236202 0.236202
6808.136230 0.000000 2223.304932 0.000000 0.982369 0.000000 -0.186952 0.303451 0.303451 0.303451
6810.370605 0.000000 2225.480469 0.000000 0.992904 0.000000 0.118922 0.295743 0.295743 0.295743
6459.739258 0.000000 2263.881592 0.000000 0.999877 0.000000 -0.015672 0.203195 0.203195 0.203195
6459.502441 0.000000 2271.372314 0.000000 0.996784 0.000000 0.080135 0.211960 0.211960 0.211960
6461.240234 0.000000 2273.406250 0.000000 0.992070 0.000000 0.125688 0.239280 0.239280 0.239280
6462.282715 0.000000 2275.495850 0.000000 0.959580 0.000000 -0.281436 0.302584 0.302584 0.302584
6491.635742 0.000000 2282.425293 0.000000 0.970348 0.000000 -0.241711 0.201700 0.201700 0.201700
6523.003418 0.000000 2305.384766 0.000000 0.958359 0.000000 0.285565 0.209183 0.209183 0.209183
6489.034668 0.000000 2291.321533 0.000000 0.996659 0.000000 -0.081671 0.223983 0.223983 0.223983
6486.025391 0.000000 2301.668945 0.000000 0.961269 0.000000 -0.275613 0.230925 0.230925 0.230925
6525.294434 0.000000 2274.890381 0.000000 0.999977 0.000000 -0.006819 0.227234 0.227234 0.227234
6484.063965 0.000000 2300.249268 0.000000 0.998288 0.000000 -0.058486 0.241800 0.241800 0.241800
6489.534668 0.000000 2268.937012 0.000000 0.994797 0.000000 0.101878 0.233432 0.233432 0.233432
6526.499512 0.000000 2288.763672 0.000000 0.982002 0.000000 0.188871 0.246846 0.246846 0.246846
6495.182129 0.000000 2306.874268 0.000000 0.999191 0.000000 0.040209 0.299274 0.299274 0.299274
6483.737305 0.000000 2265.856689 0.000000 0.999371 0.000000 -0.035469 0.257297 0.257297 0.257297
6490.770996 0.000000 2268.975586 0.000000 0.982797 0.000000 0.184687 0.246895 0.246895 0.246895
6485.918945 0.000000 2280.280029 0.000000 0.997922 0.000000 0.064435 0.282215 0.282215 0.282215
6495.890137 0.000000 2305.616211 0.000000 0.989691 0.000000 -0.143220 0.287651 0.287651 0.287651
6476.067383 0.000000 2259.462158 0.000000 0.993338 0.000000 -0.115242 0.262247 0.262247 0.262247
6563.217285 0.000000 2270.213623 0.000000 0.989716 0.000000 0.143044 0.214217 0.214217 0.214217
6528.233887 0.000000 2272.818359 0.000000 0.988730 0.000000 -0.149707 0.228005 0.228005 0.228005
6538.378418 0.000000 2271.236328 0.000000 0.993411 0.000000 -0.114610 0.224846 0.224846 0.224846
6529.498535 0.000000 2287.351807 0.000000 0.964176 0.000000 0.265263 0.233950 0.233950 0.233950
6537.264160 0.000000 2303.968262 0.000000 0.991289 0.000000 -0.131704 0.249963 0.249963 0.249963
6563.658203 0.000000 2299.930420 0.000000 0.983167 0.000000 0.182707 0.290818 0.290818 0.290818
6533.217285 0.000000 2307.523926 0.000000 0.979438 0.000000 -0.201746 0.293158 0.293158 0.293158
6553.661133 0.000000 2318.925537 0.000000 0.960137 0.000000 -0.279531 0.201952 0.201952 0.201952
6548.832520 0.000000 2328.438965 0.000000 0.999472 0.000000 0.032482 0.199776 0.199776 0.199776
6566.824707 0.000000 2321.097168 0.000000 0.962578 0.000000 -0.271005 0.201905 0.201905 0.201905
6541.704590 0.000000 2328.686035 0.000000 0.974187 0.000000 -0.225741 0.212723 0.212723 0.212723
6545.185059 0.000000 2330.365479 0.000000 0.996854 0.000000 0.079258 0.236995 0.236995 0.236995
6626.932617 0.000000 2369.936279 0.000000 0.991413 0.000000 -0.130766 0.200864 0.200864 0.200864
6647.060547 0.000000 2357.458984 0.000000 0.997398 0.000000 0.072097 0.199515 0.199515 0.199515
6611.236816 0.000000 2327.182373 0.000000 0.999314 0.000000 -0.037025 0.207845 0.207845 0.207845
6602.618164 0.000000 2329.403809 0.000000 0.989372 0.000000 -0.145405 0.210376 0.210376 0.210376
6597.597656 0.000000 2329.326904 0.000000 0.966934 0.000000 -0.255026 0.242776 0.242776 0.242776
6612.600586 0.000000 2326.881348 0.000000 0.957308 0.000000 -0.289069 0.239117 0.239117 0.239117
6636.208984 0.000000 2369.946045 0.000000 0.960752 0.000000 0.277408 0.246893 0.246893 0.246893
6613.934570 0.000000 2427.155762 0.000000 0.999340 0.000000 0.036333 0.199748 0.199748 0.199748
6637.836426 0.000000 2424.976562 0.000000 0.999804 0.000000 0.019779 0.209090 0.209090 0.209090
6626.144043 0.000000 2423.333252 0.000000 0.967351 0.000000 -0.253442 0.236445 0.236445 0.236445
6621.938965 0.000000 2388.877197 0.000000 0.978834 0.000000 0.204655 0.221950 0.221950 0.221950
6619.790527 0.000000 2391.097168 0.000000 0.998080 0.000000 -0.061941 0.231130 0.231130 0.231130
6614.889648 0.000000 2421.605713 0.000000 0.999135 0.000000 0.041583 0.230131 0.230131 0.230131
6616.631836 0.000000 2382.956543 0.000000 0.991636 0.000000 -0.129064 0.251635 0.251635 0.251635
6632.703613 0.000000 2427.212158 0.000000 0.968294 0.000000 -0.249815 0.300874 0.300874 0.300874
6616.231445 0.000000 2374.021973 0.000000 0.955478 0.000000 -0.295062 0.267468 0.267468 0.267468
6628.170898 0.000000 2426.740479 0.000000 0.983478 0.000000 0.181029 0.296523 0.296523 0.296523
6614.709473 0.000000 2392.305908 0.000000 0.981897 0.000000 -0.189418 0.288374 0.288374 0.288374
6619.442383 0.000000 2380.766602 0.000000 0.961345 0.000000 -0.275347 0.262009 0.262009 0.262009
6628.268066 0.000000 2394.969727 0.000000 0.967108 0.000000 0.254366 0.273313 0.273313 0.273313
6635.627441 0.000000 2423.527344 0.000000 0.974649 0.000000 0.223740 0.260114 0.260114 0.260114
6631.513672 0.000000 2426.985840 0.000000 0.974073 0.000000 0.226234 0.295650 0.295650 0.295650
6631.071777 0.000000 2422.061768 0.000000 0.995306 0.000000 -0.096773 0.276733 0.276733 0.276733
6629.870117 0.000000 2425.271729 0.000000 0.990421 0.000000 -0.138080 0.302646 0.302646 0.302646
6616.507324 0.000000 2419.868896 0.000000 0.986989 0.000000 -0.160786 0.250867 0.250867 0.250867
6635.550781 0.000000 2422.051025 0.000000 0.961301 0.000000 -0.275500 0.266627 0.266627 0.266627
6629.454590 0.000000 2401.527588 0.000000 0.978473 0.000000 -0.206374 0.266280 0.266280 0.266280
6642.122070 0.000000 2389.396729 0.000000 0.968181 0.000000 -0.250249 0.277806 0.277806 0.277806
6645.005371 0.000000 2481.023438 0.000000 0.976021 0.000000 -0.217676 0.209235 0.209235 0.209235
6634.281250 0.000000 2471.039795 0.000000 0.995906 0.000000 0.090391 0.211877 0.211877 0.211877
6635.954590 0.000000 2452.534180 0.000000 0.962598 0.000000 -0.270932 0.234901 0.234901 0.234901
6642.249023 0.000000 2478.508057 0.000000 0.996729 0.000000 0.080811 0.256427 0.256427 0.256427
6631.639160 0.000000 2455.901367 0.000000 0.986250 0.000000 0.165263 0.254829 0.254829 0.254829
6633.341797 0.000000 2457.478027 0.000000 0.965560 0.000000 0.260180 0.263439 0.263439 0.263439
6640.161133 0.000000 2468.177246 0.000000 0.979421 0.000000 0.201827 0.296377 0.296377 0.296377
6641.638184 0.000000 2469.916748 0.000000 0.999953 0.000000 0.009710 0.299827 0.299827 0.299827
6639.144043 0.000000 2466.552734 0.000000 0.990734 0.000000 -0.135818 0.259100 0.259100 0.259100
6655.169434 0.000000 2502.190186 0.000000 0.956818 0.000000 -0.290689 0.232224 0.232224 0.232224
6713.728516 0.000000 2284.769775 0.000000 0.959232 0.000000 -0.282618 0.224097 0.224097 0.224097
6672.278320 0.000000 2280.094238 0.000000 0.996986 0.000000 -0.077583 0.221690 0.221690 0.221690
6679.035156 0.000000 2269.812012 0.000000 0.999689 0.000000 -0.024940 0.244812 0.244812 0.244812
6710.834961 0.000000 2297.049561 0.000000 0.989659 0.000000 -0.143442 0.242710 0.242710 0.242710
6696.703613 0.000000 2314.243408 0.000000 0.999844 0.000000 0.017648 0.239870 0.239870 0.239870
6692.191406 0.000000 2271.079834 0.000000 0.998435 0.000000 -0.055930 0.242899 0.242899 0.242899
6678.709473 0.000000 2279.337158 0.000000 0.989497 0.000000 -0.144550 0.284254 0.284254 0.284254
6711.338379 0.000000 2291.899170 0.000000 0.999170 0.000000 -0.040736 0.299574 0.299574 0.299574
6686.762207 0.000000 2281.543701 0.000000 0.999567 0.000000 -0.029416 0.262843 0.262843 0.262843
6692.740723 0.000000 2284.477051 0.000000 0.972771 0.000000 0.231769 0.270923 0.270923 0.270923
6692.268066 0.000000 2282.000977 0.000000 0.988390 0.000000 0.151936 0.280880 0.280880 0.280880
6688.863281 0.000000 2280.199707 0.000000 0.980785 0.000000 0.195093 0.267070 0.267070 0.267070
6678.963379 0.000000 2281.847900 0.000000 0.977993 0.000000 0.208635 0.278366 0.278366 0.278366
6688.724121 0.000000 2281.791260 0.000000 0.997977 0.000000 -0.063581 0.270616 0.270616 0.270616
6713.725098 0.000000 2291.877686 0.000000 0.992228 0.000000 -0.124432 0.274857 0.274857 0.274857
6778.637207 0.000000 2286.308594 0.000000 0.976169 0.000000 -0.217012 0.201817 0.201817 0.201817
6775.432129 0.000000 2308.458740 0.000000 0.991696 0.000000 0.128608 0.218216 0.218216 0.218216
6774.588867 0.000000 2312.558105 0.000000 0.987116 0.000000 -0.160006 0.222986 0.222986 0.222986
6759.089844 0.000000 2274.688232 0.000000 0.955911 0.000000 0.293656 0.219484 0.219484 0.219484
6720.016113 0.000000 2268.027588 0.000000 0.982037 0.000000 0.188689 0.226501 0.226501 0.226501
6757.106445 0.000000 2271.972900 0.000000 1.000000 0.000000 0.000084 0.221568 0.221568 0.221568
6762.712402 0.000000 2280.593506 0.000000 0.983606 0.000000 0.180334 0.224377 0.224377 0.224377
6772.147949 0.000000 2314.537109 0.000000 0.968085 0.000000 -0.250624 0.246173 0.246173 0.246173
6721.515137 0.000000 2288.560059 0.000000 0.963699 0.000000 -0.266991 0.254990 0.254990 0.254990
6773.900391 0.000000 2310.749756 0.000000 0.994005 0.000000 -0.109335 0.273510 0.273510 0.273510
6765.140625 0.000000 2278.987549 0.000000 0.999866 0.000000 -0.016373 0.249768 0.249768 0.249768
6767.663086 0.000000 2276.458252 0.000000 0.981276 0.000000 -0.192607 0.274108 0.274108 0.274108
6771.368652 0.000000 2310.860840 0.000000 0.999957 0.000000 -0.009273 0.254173 0.254173 0.254173
6746.378418 0.000000 2310.048828 0.000000 0.968955 0.000000 -0.247239 0.255325 0.255325 0.255325
6745.549805 0.000000 2314.261963 0.000000 0.998984 0.000000 -0.045061 0.256852 0.256852 0.256852
6721.144043 0.000000 2284.829346 0.000000 0.970884 0.000000 0.239549 0.295670 0.295670 0.295670
6770.122070 0.000000 2276.427979 0.000000 0.979600 0.000000 0.200958 0.277389 0.277389 0.277389
6716.727539 0.000000 2318.353760 0.000000 0.983954 0.000000 -0.178424 0.205519 0.205519 0.205519
6696.179688 0.000000 2344.043945 0.000000 0.959488 0.000000 0.281750 0.207028 0.207028 0.207028
6698.439941 0.000000 2328.083252 0.000000 0.980905 0.000000 0.194487 0.224244 0.224244 0.224244
6719.025879 0.000000 2365.224609 0.000000 0.996349 0.000000 0.085369 0.222482 0.222482 0.222482
6692.309082 0.000000 2345.245361 0.000000 0.996721 0.000000 0.080914 0.235311 0.235311 0.235311
6719.314453 0.000000 2343.772217 0.000000 0.999511 0.000000 0.031276 0.241402 0.241402 0.241402
6717.256836 0.000000 2321.224121 0.000000 0.996318 0.000000 0.085735 0.253591 0.253591 0.253591
6698.544434 0.000000 2352.712402 0.000000 0.962438 0.000000 0.271502 0.250230 0.250230 0.250230
6717.505859 0.000000 2323.935791 0.000000 0.967783 0.000000 -0.251787 0.243889 0.243889 0.243889
6715.996582 0.000000 2323.128418 0.000000 0.971709 0.000000 0.236182 0.245199 0.245199 0.245199
6699.446289 0.000000 2357.470947 0.000000 0.985122 0.000000 0.171859 0.296701 0.296701 0.296701
6688.901855 0.000000 2322.743164 0.000000 0.961314 0.000000 0.275454 0.277335 0.277335 0.277335
6696.188477 0.000000 2353.202393 0.000000 0.963939 0.000000 0.266123 0.290495 0.290495 0.290495
6708.629395 0.000000 2358.059570 0.000000 0.953847 0.000000 0.300293 0.294689 0.294689 0.294689
6691.665039 0.000000 2325.440430 0.000000 0.961357 0.000000 0.275304 0.269744 0.269744 0.269744
6777.460938 0.000000 2315.962646 0.000000 0.959903 0.000000 0.280334 0.198028 0.198028 0.198028
6731.557617 0.000000 2355.807129 0.000000 0.985312 0.000000 -0.170764 0.211712 0.211712 0.211712
6724.140625 0.000000 2357.427246 0.000000 1.000000 0.000000 0.000664 0.216521 0.216521 0.216521
6755.595703 0.000000 2335.971191 0.000000 0.983980 0.000000 0.178280 0.219436 0.219436 0.219436
6751.967773 0.000000 2334.059082 0.000000 0.987901 0.000000 -0.155087 0.223510 0.223510 0.223510
6720.049316 0.000000 2341.556885 0.000000 0.974728 0.000000 -0.223395 0.240715 0.240715 0.240715
6730.576172 0.000000 2346.203125 0.000000 0.995994 0.000000 -0.089419 0.249479 0.249479 0.249479
6721.498535 0.000000 2343.836182 0.000000 0.985414 0.000000 0.170173 0.239354 0.239354 0.239354
6724.993652 0.000000 2340.042480 0.000000 0.982080 0.000000 -0.188465 0.254044 0.254044 0.254044
6723.574219 0.000000 2369.282959 0.000000 0.999846 0.000000 -0.017543 0.275600 0.275600 0.275600
6724.693359 0.000000 2348.499756 0.000000 0.958017 0.000000 0.286712 0.265240 0.265240 0.265240
6720.860352 0.000000 2371.700928 0.000000 0.966004 0.000000 0.258525 0.288456 0.288456 0.288456
6738.234375 0.000000 2347.322510 0.000000 0.999785 0.000000 -0.020756 0.280700 0.280700 0.280700
6737.980469 0.000000 2355.114990 0.000000 0.981011 0.000000 0.193954 0.256667 0.256667 0.256667
6734.050293 0.000000 2348.012451 0.000000 0.982569 0.000000 0.185896 0.277617 0.277617 0.277617
6742.342773 0.000000 2316.004883 0.000000 0.990117 0.000000 -0.140242 0.256312 0.256312 0.256312
6727.807129 0.000000 2349.061035 0.000000 0.997096 0.000000 -0.076160 0.260055 0.260055 0.260055
6725.862793 0.000000 2351.724365 0.000000 0.972063 0.000000 -0.234720 0.272404 0.272404 0.272404
6807.560547 0.000000 2276.900879 0.000000 0.953779 0.000000 0.300509 0.226501 0.226501 0.226501
6830.644531 0.000000 2304.371338 0.000000 0.960030 0.000000 0.279896 0.275640 0.275640 0.275640
6785.312988 0.000000 2278.860596 0.000000 0.988522 0.000000 -0.151077 0.246204 0.246204 0.246204
6805.918945 0.000000 2280.280029 0.000000 0.982511 0.000000 0.186204 0.256765 0.256765 0.256765
6801.432129 0.000000 2314.505859 0.000000 0.988581 0.000000 0.150691 0.273743 0.273743 0.273743
6803.400879 0.000000 2315.348145 0.000000 0.994729 0.000000 -0.102542 0.272282 0.272282 0.272282
6789.464844 0.000000 2320.641357 0.000000 0.988225 0.000000 -0.153008 0.201024 0.201024 0.201024
6796.375000 0.000000 2370.527100 0.000000 0.984369 0.000000 0.176121 0.200141 0.200141 0.200141
6800.382324 0.000000 2371.675781 0.000000 0.961755 0.000000 -0.273911 0.206239 0.206239 0.206239
6810.529785 0.000000 2371.266113 0.000000 0.994879 0.000000 -0.101071 0.215680 0.215680 0.215680
6787.095703 0.000000 2331.309570 0.000000 0.960246 0.000000 0.279156 0.214156 0.214156 0.214156
6792.131348 0.000000 2325.247070 0.000000 0.995215 0.000000 0.097705 0.232364 0.232364 0.232364
6807.843750 0.000000 2354.199463 0.000000 0.997807 0.000000 -0.066196 0.248649 0.248649 0.248649
6805.500000 0.000000 2346.043213 0.000000 0.999762 0.000000 -0.021793 0.260499 0.260499 0.260499
6813.641113 0.000000 2361.615234 0.000000 0.968916 0.000000 0.247390 0.295160 0.295160 0.295160
6666.564941 0.000000 2374.892578 0.000000 0.986777 0.000000 -0.162083 0.201122 0.201122 0.201122
6687.330566 0.000000 2404.764893 0.000000 0.977816 0.000000 -0.209467 0.209741 0.209741 0.209741
6665.808105 0.000000 2413.510986 0.000000 0.957346 0.000000 -0.288943 0.208075 0.208075 0.208075
6661.351074 0.000000 2410.469727 0.000000 0.988277 0.000000 -0.152670 0.215540 0.215540 0.215540
6682.692383 0.000000 2384.794678 0.000000 0.999854 0.000000 0.017106 0.234842 0.234842 0.234842
6664.396484 0.000000 2411.124512 0.000000 0.983094 0.000000 0.183099 0.296731 0.296731 0.296731
6663.807129 0.000000 2405.545410 0.000000 0.961517 0.000000 0.274746 0.288181 0.288181 0.288181
6661.862793 0.000000 2408.208740 0.000000 0.964986 0.000000 0.262302 0.251433 0.251433 0.251433
6718.400879 0.000000 2411.894531 0.000000 0.953290 0.000000 0.302058 0.276919 0.276919 0.276919
6729.795410 0.000000 2372.368164 0.000000 0.998285 0.000000 0.058537 0.199869 0.199869 0.199869
6726.028809 0.000000 2395.273438 0.000000 0.977638 0.000000 0.210293 0.208150 0.208150 0.208150
6730.663574 0.000000 2426.928711 0.000000 0.984883 0.000000 -0.173219 0.222536 0.222536 0.222536
6754.757812 0.000000 2377.805664 0.000000 0.967171 0.000000 0.254128 0.237346 0.237346 0.237346
6778.406250 0.000000 2411.424072 0.000000 0.977841 0.000000 0.209348 0.277809 0.277809 0.277809
6779.484375 0.000000 2413.540039 0.000000 0.964893 0.000000 0.262643 0.267211 0.267211 0.267211
6735.939941 0.000000 2427.041748 0.000000 0.951393 0.000000 0.307979 0.294021 0.294021 0.294021
6756.343262 0.000000 2378.885010 0.000000 0.962866 0.000000 0.269980 0.255147 0.255147 0.255147
6686.060547 0.000000 2476.982910 0.000000 0.970738 0.000000 0.240140 0.198396 0.198396 0.198396
6695.465820 0.000000 2438.713867 0.000000 0.972427 0.000000 0.233205 0.208516 0.208516 0.208516
6700.442383 0.000000 2435.340820 0.000000 0.966794 0.000000 -0.255558 0.229008 0.229008 0.229008
6679.599609 0.000000 2483.383301 0.000000 0.979681 0.000000 0.200562 0.224187 0.224187 0.224187
6667.147461 0.000000 2466.993652 0.000000 0.970329 0.000000 -0.241788 0.231741 0.231741 0.231741
6662.382324 0.000000 2465.828125 0.000000 0.985455 0.000000 -0.169936 0.243566 0.243566 0.243566
6696.398438 0.000000 2437.694580 0.000000 0.998695 0.000000 -0.051068 0.300916 0.300916 0.300916
6661.217285 0.000000 2476.977051 0.000000 0.959608 0.000000 -0.281341 0.250553 0.250553 0.250553
6671.939941 0.000000 2483.526123 0.000000 0.999492 0.000000 0.031868 0.259264 0.259264 0.259264
6701.243652 0.000000 2437.690186 0.000000 0.990035 0.000000 -0.140818 0.302545 0.302545 0.302545
6667.572266 0.000000 2454.406982 0.000000 0.992112 0.000000 0.125355 0.268034 0.268034 0.268034
6675.400879 0.000000 2484.801270 0.000000 0.978489 0.000000 -0.206301 0.303688 0.303688 0.303688
6668.296875 0.000000 2482.413818 0.000000 0.990850 0.000000 0.134969 0.276729 0.276729 0.276729
6779.964844 0.000000 2480.129883 0.000000 0.968204 0.000000 -0.250161 0.231250 0.231250 0.231250
6765.442383 0.000000 2440.591064 0.000000 0.970864 0.000000 0.239633 0.264812 0.264812 0.264812
6732.215332 0.000000 2439.684570 0.000000 0.993361 0.000000 0.115038 0.255451 0.255451 0.255451
6734.695801 0.000000 2435.714111 0.000000 0.981925 0.000000 -0.189272 0.258624 0.258624 0.258624
6763.242188 0.000000 2445.884521 0.000000 0.999477 0.000000 -0.032339 0.264567 0.264567 0.264567
6835.561035 0.000000 2398.605713 0.000000 0.997270 0.000000 0.073847 0.217021 0.217021 0.217021
6845.294434 0.000000 2387.859131 0.000000 0.999647 0.000000 0.026549 0.229717 0.229717 0.229717
6842.873047 0.000000 2388.092529 0.000000 0.999872 0.000000 -0.015982 0.237419 0.237419 0.237419
6845.039062 0.000000 2390.684814 0.000000 0.987731 0.000000 -0.156168 0.277587 0.277587 0.277587
6798.047363 0.000000 2399.541016 0.000000 0.956587 0.000000 0.291446 0.294640 0.294640 0.294640
6785.343750 0.000000 2385.657227 0.000000 0.998407 0.000000 0.056428 0.270091 0.270091 0.270091
6861.099609 0.000000 2392.120361 0.000000 0.965365 0.000000 0.260904 0.198188 0.198188 0.198188
6855.754395 0.000000 2402.310059 0.000000 0.973953 0.000000 0.226751 0.248045 0.248045 0.248045
6865.977051 0.000000 2401.812988 0.000000 0.973284 0.000000 0.229606 0.261674 0.261674 0.261674
6862.047363 0.000000 2399.541016 0.000000 0.987128 0.000000 0.159934 0.297191 0.297191 0.297191
6855.767090 0.000000 2398.346436 0.000000 0.985795 0.000000 0.167955 0.280085 0.280085 0.280085
6859.572266 0.000000 2397.922607 0.000000 0.961786 0.000000 -0.273802 0.297816 0.297816 0.297816
6848.361816 0.000000 2393.979736 0.000000 0.998615 0.000000 -0.052619 0.275537 0.275537 0.275537
6811.739258 0.000000 2472.451416 0.000000 0.999670 0.000000 0.025688 0.212398 0.212398 0.212398
6810.283691 0.000000 2475.374023 0.000000 0.999431 0.000000 -0.033730 0.240412 0.240412 0.240412
6977.726074 0.000000 2302.279541 0.000000 0.981938 0.000000 0.189204 0.212177 0.212177 0.212177
7087.663086 0.000000 2269.386963 0.000000 0.973591 0.000000 0.228299 0.198453 0.198453 0.198453
7087.447754 0.000000 2272.060791 0.000000 0.973617 0.000000 0.228188 0.198391 0.198391 0.198391
7093.633789 0.000000 2296.432129 0.000000 0.990712 0.000000 0.135980 0.202092 0.202092 0.202092
7070.816895 0.000000 2273.812744 0.000000 0.992706 0.000000 0.120557 0.202205 0.202205 0.202205
7065.560059 0.000000 2302.548584 0.000000 0.967497 0.000000 0.252881 0.222597 0.222597 0.222597
7072.813477 0.000000 2302.880859 0.000000 0.980438 0.000000 -0.196828 0.237578 0.237578 0.237578
7078.060059 0.000000 2280.199219 0.000000 0.997127 0.000000 -0.075745 0.230699 0.230699 0.230699
7090.572266 0.000000 2284.089600 0.000000 0.999985 0.000000 0.005400 0.245598 0.245598 0.245598
7076.202637 0.000000 2263.023682 0.000000 0.956223 0.000000 0.292638 0.279230 0.279230 0.279230
7071.082031 0.000000 2295.522705 0.000000 0.965559 0.000000 0.260183 0.261262 0.261262 0.261262
7074.956543 0.000000 2280.605225 0.000000 0.957576 0.000000 -0.288181 0.305528 0.305528 0.305528
7063.105469 0.000000 2303.558350 0.000000 0.999762 0.000000 0.021796 0.256037 0.256037 0.256037
7082.590820 0.000000 2262.783936 0.000000 0.996518 0.000000 -0.083384 0.301438 0.301438 0.301438
7073.173340 0.000000 2283.772217 0.000000 0.955580 0.000000 0.294732 0.252656 0.252656 0.252656
7076.531250 0.000000 2303.520996 0.000000 0.996003 0.000000 -0.089323 0.257393 0.257393 0.257393
6711.794922 0.000000 2498.318604 0.000000 0.999770 0.000000 0.021447 0.202926 0.202926 0.202926
6668.241699 0.000000 2487.577393 0.000000 0.981753 0.000000 0.190160 0.227037 0.227037 0.227037
6676.179199 0.000000 2486.589600 0.000000 0.999671 0.000000 -0.025639 0.233026 0.233026 0.233026
6670.755859 0.000000 2494.760498 0.000000 0.994424 0.000000 -0.105459 0.253060 0.253060 0.253060
6666.359863 0.000000 2493.129883 0.000000 0.984670 0.000000 -0.174430 0.265858 0.265858 0.265858
6661.292969 0.000000 2491.329834 0.000000 0.977552 0.000000 -0.210697 0.257172 0.257172 0.257172
6674.263672 0.000000 2497.398926 0.000000 0.984366 0.000000 0.176135 0.263488 0.263488 0.263488
6674.209473 0.000000 2496.216064 0.000000 0.991149 0.000000 -0.132756 0.267585 0.267585 0.267585
6671.758301 0.000000 2493.997559 0.000000 0.996323 0.000000 -0.085682 0.270352 0.270352 0.270352
7262.022949 0.000000 2359.272217 0.000000 0.991558 0.000000 0.129661 0.286738 0.286738 0.286738
7267.546875 0.000000 2368.819580 0.000000 0.995031 0.000000 0.099570 0.251206 0.251206 0.251206
7209.676758 0.000000 2390.410645 0.000000 0.981781 0.000000 -0.190015 0.201313 0.201313 0.201313
7231.384277 0.000000 2388.107910 0.000000 0.955979 0.000000 0.293434 0.248329 0.248329 0.248329
7270.346680 0.000000 2426.601318 0.000000 0.984024 0.000000 -0.178035 0.201202 0.201202 0.201202
7254.628418 0.000000 2402.370850 0.000000 0.984240 0.000000 0.176836 0.198788 0.198788 0.198788
7249.664551 0.000000 2378.999756 0.000000 0.998773 0.000000 -0.049526 0.200345 0.200345 0.200345
7264.544434 0.000000 2419.675293 0.000000 0.969901 0.000000 -0.243501 0.201719 0.201719 0.201719
7259.678223 0.000000 2377.357910 0.000000 0.998181 0.000000 0.060282 0.202644 0.202644 0.202644
7241.322266 0.000000 2391.311279 0.000000 0.964958 0.000000 -0.262403 0.209013 0.209013 0.209013
7256.422363 0.000000 2402.043945 0.000000 0.989411 0.000000 -0.145139 0.220016 0.220016 0.220016
7291.955078 0.000000 2403.398926 0.000000 0.980986 0.000000 0.194079 0.228099 0.228099 0.228099
7280.063965 0.000000 2398.139648 0.000000 0.991676 0.000000 -0.128760 0.230643 0.230643 0.230643
7274.601562 0.000000 2424.192383 0.000000 0.980195 0.000000 0.198035 0.240150 0.240150 0.240150
7261.685059 0.000000 2407.098389 0.000000 0.999986 0.000000 -0.005231 0.251322 0.251322 0.251322
7276.614746 0.000000 2421.600342 0.000000 0.998978 0.000000 -0.045188 0.247286 0.247286 0.247286
7290.145020 0.000000 2417.487793 0.000000 0.956049 0.000000 0.293206 0.281924 0.281924 0.281924
7275.550781 0.000000 2422.051025 0.000000 0.999188 0.000000 -0.040295 0.269735 0.269735 0.269735
7273.761719 0.000000 2411.333008 0.000000 0.990142 0.000000 -0.140066 0.266545 0.266545 0.266545
7293.255859 0.000000 2393.433594 0.000000 0.992147 0.000000 -0.125075 0.273162 0.273162 0.273162
7280.198730 0.000000 2396.015625 0.000000 0.965926 0.000000 -0.258820 0.273895 0.273895 0.273895
7274.742676 0.000000 2396.533447 0.000000 0.964959 0.000000 0.262400 0.295396 0.295396 0.295396
7285.519043 0.000000 2455.453613 0.000000 0.999358 0.000000 0.035831 0.199751 0.199751 0.199751
7281.394043 0.000000 2454.157959 0.000000 0.994788 0.000000 -0.101966 0.204387 0.204387 0.204387
7285.188965 0.000000 2483.240967 0.000000 0.959419 0.000000 0.281983 0.221230 0.221230 0.221230
7292.104492 0.000000 2482.481934 0.000000 0.974793 0.000000 0.223111 0.234394 0.234394 0.234394
7295.883789 0.000000 2467.567627 0.000000 0.985964 0.000000 -0.166959 0.232149 0.232149 0.232149
7287.338379 0.000000 2461.352295 0.000000 0.984467 0.000000 0.175570 0.296867 0.296867 0.296867
7282.304199 0.000000 2455.215820 0.000000 0.955754 0.000000 -0.294169 0.242053 0.242053 0.242053
7276.736816 0.000000 2431.650146 0.000000 0.964108 0.000000 0.265509 0.278032 0.278032 0.278032
7293.190430 0.000000 2484.250244 0.000000 0.995654 0.000000 -0.093128 0.301683 0.301683 0.301683
7290.145020 0.000000 2473.972168 0.000000 0.997470 0.000000 -0.071085 0.256605 0.256605 0.256605
7287.883789 0.000000 2474.877197 0.000000 0.997944 0.000000 -0.064087 0.301143 0.301143 0.301143
7299.452637 0.000000 2412.316162 0.000000 0.952500 0.000000 0.304540 0.241137 0.241137 0.241137
7300.465332 0.000000 2411.133301 0.000000 0.952242 0.000000 0.305346 0.284424 0.284424 0.284424
7301.862793 0.000000 2408.208740 0.000000 0.999499 0.000000 0.031648 0.269316 0.269316 0.269316
7301.832520 0.000000 2460.693848 0.000000 0.999989 0.000000 -0.004652 0.214884 0.214884 0.214884
7304.627441 0.000000 2468.852539 0.000000 0.999401 0.000000 0.034596 0.226290 0.226290 0.226290
7307.568848 0.000000 2484.781494 0.000000 0.986840 0.000000 -0.161702 0.232667 0.232667 0.232667
7299.574219 0.000000 2482.251709 0.000000 0.999478 0.000000 0.032292 0.299383 0.299383 0.299383
7316.231934 0.000000 2452.615967 0.000000 0.955508 0.000000 -0.294964 0.305405 0.305405 0.305405
7301.217285 0.000000 2476.977051 0.000000 0.988792 0.000000 0.149299 0.297144 0.297144 0.297144
7296.860352 0.000000 2484.669678 0.000000 0.974950 0.000000 -0.222425 0.299825 0.299825 0.299825
7302.709961 0.000000 2484.958008 0.000000 0.989123 0.000000 0.147089 0.297181 0.297181 0.297181
7289.001953 0.000000 2520.744629 0.000000 0.953241 0.000000 -0.302213 0.227156 0.227156 0.227156
7289.993164 0.000000 2521.908447 0.000000 0.986676 0.000000 -0.162697 0.225853 0.225853 0.225853
7290.406250 0.000000 2524.392822 0.000000 0.999898 0.000000 -0.014266 0.289582 0.289582 0.289582
7293.145996 0.000000 2526.991699 0.000000 0.999663 0.000000 0.025964 0.240900 0.240900 0.240900
7289.404785 0.000000 2522.956787 0.000000 0.983490 0.000000 0.180963 0.257931 0.257931 0.257931
7287.961426 0.000000 2487.005127 0.000000 0.999535 0.000000 -0.030489 0.248245 0.248245 0.248245
7283.368652 0.000000 2536.798340 0.000000 0.999956 0.000000 0.009345 0.293124 0.293124 0.293124
7283.127441 0.000000 2534.354004 0.000000 0.958597 0.000000 0.284765 0.262555 0.262555 0.262555
7291.996582 0.000000 2549.065918 0.000000 0.987048 0.000000 0.160424 0.235599 0.235599 0.235599
7287.719727 0.000000 2545.826660 0.000000 0.989101 0.000000 0.147237 0.263324 0.263324 0.263324
7288.005371 0.000000 2547.904053 0.000000 0.999965 0.000000 -0.008394 0.269302 0.269302 0.269302
7306.359863 0.000000 2493.129883 0.000000 0.967224 0.000000 0.253923 0.295539 0.295539 0.295539
7345.639160 0.000000 2541.069092 0.000000 0.995889 0.000000 -0.090582 0.287966 0.287966 0.287966
7344.248535 0.000000 2539.117920 0.000000 0.995981 0.000000 0.089567 0.255764 0.255764 0.255764
7346.230469 0.000000 2536.268799 0.000000 0.999445 0.000000 -0.033307 0.278637 0.278637 0.278637
7348.617188 0.000000 2538.669434 0.000000 0.999997 0.000000 0.002579 0.299953 0.299953 0.299953
7351.533691 0.000000 2539.268066 0.000000 0.999793 0.000000 0.020328 0.297415 0.297415 0.297415
7347.368652 0.000000 2536.798340 0.000000 0.987149 0.000000 0.159804 0.275811 0.275811 0.275811
7297.375488 0.000000 2487.704590 0.000000 0.977883 0.000000 -0.209151 0.254291 0.254291 0.254291
7335.039551 0.000000 2581.958496 0.000000 0.978182 0.000000 -0.207750 0.216569 0.216569 0.216569
7327.750977 0.000000 2548.379883 0.000000 0.999759 0.000000 0.021948 0.239265 0.239265 0.239265
7351.122559 0.000000 2546.939697 0.000000 0.962640 0.000000 -0.270784 0.244099 0.244099 0.244099
7340.655273 0.000000 2593.722168 0.000000 0.987236 0.000000 -0.159263 0.236623 0.236623 0.236623
7357.505859 0.000000 2549.873291 0.000000 0.986357 0.000000 -0.164620 0.291984 0.291984 0.291984
7332.154785 0.000000 2549.499268 0.000000 0.994070 0.000000 0.108743 0.278222 0.278222 0.278222
7340.614746 0.000000 2591.053467 0.000000 0.999594 0.000000 -0.028494 0.242604 0.242604 0.242604
7325.817383 0.000000 2581.676270 0.000000 0.997974 0.000000 0.063618 0.269992 0.269992 0.269992
7339.627441 0.000000 2592.980469 0.000000 0.981905 0.000000 0.189373 0.296390 0.296390 0.296390
7336.114258 0.000000 2544.352295 0.000000 0.999410 0.000000 0.034360 0.293831 0.293831 0.293831
7331.980469 0.000000 2589.590332 0.000000 0.986740 0.000000 -0.162312 0.303108 0.303108 0.303108
7334.214844 0.000000 2554.426758 0.000000 0.973977 0.000000 -0.226648 0.263680 0.263680 0.263680
7331.665039 0.000000 2551.377930 0.000000 0.995202 0.000000 -0.097845 0.273916 0.273916 0.273916
7391.888672 0.000000 2563.341064 0.000000 0.976325 0.000000 -0.216310 0.212647 0.212647 0.212647
7379.835449 0.000000 2562.683838 0.000000 0.999132 0.000000 0.041646 0.222317 0.222317 0.222317
7378.930176 0.000000 2565.659424 0.000000 0.978258 0.000000 -0.207391 0.243403 0.243403 0.243403
7397.085938 0.000000 2568.167725 0.000000 0.985283 0.000000 -0.170934 0.234465 0.234465 0.234465
7362.857910 0.000000 2584.140381 0.000000 0.997576 0.000000 -0.069592 0.301268 0.301268 0.301268
7388.419922 0.000000 2573.339844 0.000000 0.967114 0.000000 0.254345 0.295445 0.295445 0.295445
7381.918945 0.000000 2562.701904 0.000000 0.997813 0.000000 -0.066094 0.265571 0.265571 0.265571
7328.544434 0.000000 2645.612793 0.000000 0.977808 0.000000 -0.209503 0.205181 0.205181 0.205181
7335.339844 0.000000 2599.863770 0.000000 0.985059 0.000000 -0.172219 0.303306 0.303306 0.303306
7328.520996 0.000000 2653.734131 0.000000 0.995815 0.000000 -0.091387 0.253459 0.253459 0.253459
7334.214844 0.000000 2610.911133 0.000000 0.958013 0.000000 0.286724 0.261986 0.261986 0.261986
7344.918945 0.000000 2669.751709 0.000000 0.993517 0.000000 0.113685 0.199235 0.199235 0.199235
7337.205566 0.000000 2711.221924 0.000000 0.994143 0.000000 -0.108072 0.243463 0.243463 0.243463
7333.085938 0.000000 2681.136475 0.000000 0.999862 0.000000 0.016597 0.238203 0.238203 0.238203
7338.913086 0.000000 2708.765869 0.000000 0.982168 0.000000 -0.188006 0.238058 0.238058 0.238058
7336.703613 0.000000 2709.634033 0.000000 0.985127 0.000000 0.171825 0.296838 0.296838 0.296838
7358.913574 0.000000 2757.288574 0.000000 0.986030 0.000000 -0.166569 0.224182 0.224182 0.224182
7372.080078 0.000000 2742.538818 0.000000 0.968271 0.000000 0.249903 0.212766 0.212766 0.212766
7363.040527 0.000000 2759.295654 0.000000 0.990365 0.000000 -0.138483 0.264818 0.264818 0.264818
7351.107910 0.000000 2812.935791 0.000000 0.959113 0.000000 -0.283023 0.201863 0.201863 0.201863
7345.262695 0.000000 2822.295410 0.000000 0.961740 0.000000 -0.273963 0.211970 0.211970 0.211970
7349.101074 0.000000 2813.059814 0.000000 0.998635 0.000000 -0.052232 0.212463 0.212463 0.212463
7359.116211 0.000000 2787.484131 0.000000 0.988620 0.000000 0.150432 0.232390 0.232390 0.232390
7340.311035 0.000000 2781.323486 0.000000 0.970162 0.000000 -0.242459 0.247803 0.247803 0.247803
7346.478027 0.000000 2809.610107 0.000000 0.993086 0.000000 -0.117389 0.238464 0.238464 0.238464
7344.056641 0.000000 2818.941162 0.000000 0.974010 0.000000 0.226507 0.236003 0.236003 0.236003
7329.152344 0.000000 2813.902344 0.000000 0.960451 0.000000 -0.278448 0.257435 0.257435 0.257435
7336.166504 0.000000 2780.340576 0.000000 0.993476 0.000000 -0.114041 0.302174 0.302174 0.302174
7337.849121 0.000000 2778.406494 0.000000 0.998839 0.000000 0.048163 0.246238 0.246238 0.246238
7337.168457 0.000000 2799.291748 0.000000 0.951696 0.000000 0.307043 0.251956 0.251956 0.251956
7329.799316 0.000000 2806.620361 0.000000 0.997362 0.000000 -0.072590 0.248722 0.248722 0.248722
7337.447266 0.000000 2784.639648 0.000000 0.994768 0.000000 0.102159 0.292709 0.292709 0.292709
7335.854004 0.000000 2778.782959 0.000000 0.979363 0.000000 -0.202110 0.292590 0.292590 0.292590
7327.222656 0.000000 2821.568848 0.000000 0.998276 0.000000 -0.058696 0.285212 0.285212 0.285212
7358.358398 0.000000 2774.606201 0.000000 0.996502 0.000000 -0.083570 0.285594 0.285594 0.285594
7347.914062 0.000000 2830.007080 0.000000 0.982235 0.000000 0.187654 0.201713 0.201713 0.201713
7342.908691 0.000000 2835.528076 0.000000 0.987212 0.000000 -0.159414 0.236625 0.236625 0.236625
7335.639160 0.000000 2851.291992 0.000000 0.976580 0.000000 0.215153 0.264603 0.264603 0.264603
7343.663086 0.000000 2841.302002 0.000000 0.996129 0.000000 -0.087901 0.301681 0.301681 0.301681
7345.734375 0.000000 2842.327881 0.000000 0.997828 0.000000 0.065869 0.264956 0.264956 0.264956
7343.740234 0.000000 2839.357422 0.000000 0.962999 0.000000 0.269505 0.294993 0.294993 0.294993
7340.016602 0.000000 2882.451660 0.000000 0.992898 0.000000 0.118967 0.217745 0.217745 0.217745
7342.633301 0.000000 2885.418945 0.000000 0.961779 0.000000 0.273827 0.252378 0.252378 0.252378
"}
object={
	name="rainforest_sparse_generator_3_3"
	clamp_to_water_level=no
	render_under_water=no
	generated_content=yes
	layer="semidynamic_high"
	pdxmesh="tree_rainforest_005_mesh"
	count=2016
	transform="2431.883789 0.000000 1224.911377 0.000000 0.777779 0.000000 -0.628538 0.246628 0.246628 0.246628
2419.649658 0.000000 1238.793457 0.000000 0.689134 0.000000 -0.724634 0.258897 0.258897 0.258897
2418.249023 0.000000 1235.851929 0.000000 0.718549 0.000000 -0.695476 0.283885 0.283885 0.283885
2420.148193 0.000000 1241.334106 0.000000 0.861373 0.000000 -0.507972 0.248034 0.248034 0.248034
2420.589600 0.000000 1229.590576 0.000000 0.913679 0.000000 -0.406436 0.261404 0.261404 0.261404
2425.305176 0.000000 1237.368652 0.000000 0.851165 0.000000 -0.524898 0.276689 0.276689 0.276689
2446.057373 0.000000 1238.007690 0.000000 0.860942 0.000000 -0.508702 0.230387 0.230387 0.230387
2439.754639 0.000000 1216.138184 0.000000 0.693063 0.000000 -0.720877 0.285000 0.285000 0.285000
2435.798340 0.000000 1214.777954 0.000000 0.829116 0.000000 -0.559077 0.285607 0.285607 0.285607
2444.067383 0.000000 1242.743286 0.000000 0.904230 0.000000 -0.427046 0.272828 0.272828 0.272828
2259.615967 0.000000 1684.305542 0.000000 0.820098 0.000000 -0.572223 0.254799 0.254799 0.254799
2254.558350 0.000000 1690.919678 0.000000 0.827129 0.000000 -0.562012 0.260602 0.260602 0.260602
2162.592529 0.000000 1756.726807 0.000000 0.948655 0.000000 -0.316313 0.247496 0.247496 0.247496
2193.432129 0.000000 1749.662109 0.000000 0.628786 0.000000 -0.777579 0.267774 0.267774 0.267774
2249.676514 0.000000 1709.207764 0.000000 0.810617 0.000000 -0.585577 0.238935 0.238935 0.238935
2177.451416 0.000000 1760.408081 0.000000 0.784763 0.000000 -0.619796 0.206157 0.206157 0.206157
2181.575439 0.000000 1772.364136 0.000000 0.836148 0.000000 -0.548504 0.306377 0.306377 0.306377
2178.034912 0.000000 1777.101318 0.000000 0.912691 0.000000 -0.408651 0.250331 0.250331 0.250331
2182.969727 0.000000 1783.339722 0.000000 0.769265 0.000000 -0.638930 0.273173 0.273173 0.273173
2334.985596 0.000000 1687.090820 0.000000 0.622301 0.000000 -0.782778 0.251368 0.251368 0.251368
2325.902344 0.000000 1683.533325 0.000000 0.864058 0.000000 -0.503392 0.298335 0.298335 0.298335
2322.134277 0.000000 1694.447021 0.000000 0.749278 0.000000 -0.662256 0.313065 0.313065 0.313065
2319.939697 0.000000 1692.744751 0.000000 0.805314 0.000000 -0.592848 0.311645 0.311645 0.311645
2334.526123 0.000000 1682.502319 0.000000 0.656797 0.000000 -0.754068 0.314811 0.314811 0.314811
1771.242065 0.000000 1937.525146 0.000000 0.884728 0.000000 -0.466108 0.292323 0.292323 0.292323
1853.738403 0.000000 1892.233521 0.000000 0.733031 0.000000 -0.680196 0.206723 0.206723 0.206723
1826.453979 0.000000 1905.005615 0.000000 0.750609 0.000000 -0.660747 0.240481 0.240481 0.240481
1822.023071 0.000000 1907.397217 0.000000 0.931299 0.000000 -0.364255 0.306730 0.306730 0.306730
1837.887329 0.000000 1903.216309 0.000000 0.633866 0.000000 -0.773443 0.316027 0.316027 0.316027
1824.087524 0.000000 1904.103638 0.000000 0.678970 0.000000 -0.734167 0.314881 0.314881 0.314881
1949.418457 0.000000 1913.981934 0.000000 0.932782 0.000000 -0.360442 0.218460 0.218460 0.218460
1979.261963 0.000000 1886.120361 0.000000 0.742629 0.000000 -0.669703 0.223271 0.223271 0.223271
1949.034546 0.000000 1917.468140 0.000000 0.834462 0.000000 -0.551065 0.239113 0.239113 0.239113
1946.378296 0.000000 1914.658203 0.000000 0.927856 0.000000 -0.372939 0.276128 0.276128 0.276128
2036.122803 0.000000 1901.649536 0.000000 0.709660 0.000000 -0.704545 0.229665 0.229665 0.229665
2039.338501 0.000000 1896.508545 0.000000 0.754837 0.000000 -0.655913 0.272860 0.272860 0.272860
2038.205566 0.000000 1899.197632 0.000000 0.878565 0.000000 -0.477622 0.308951 0.308951 0.308951
2038.087036 0.000000 1908.583496 0.000000 0.944433 0.000000 -0.328705 0.286527 0.286527 0.286527
2039.966553 0.000000 1899.880127 0.000000 0.619136 0.000000 -0.785283 0.316234 0.316234 0.316234
2036.024536 0.000000 1904.304321 0.000000 0.745525 0.000000 -0.666477 0.268211 0.268211 0.268211
1899.311401 0.000000 1945.616577 0.000000 0.932448 0.000000 -0.361304 0.215000 0.215000 0.215000
1895.147339 0.000000 1957.372070 0.000000 0.644511 0.000000 -0.764595 0.227438 0.227438 0.227438
1869.872192 0.000000 2005.355591 0.000000 0.782117 0.000000 -0.623132 0.205597 0.205597 0.205597
1874.263672 0.000000 1989.039673 0.000000 0.674964 0.000000 -0.737851 0.253051 0.253051 0.253051
2006.782471 0.000000 1927.772095 0.000000 0.931837 0.000000 -0.362878 0.204620 0.204620 0.204620
2038.848755 0.000000 1942.981445 0.000000 0.807877 0.000000 -0.589351 0.237794 0.237794 0.237794
2047.927368 0.000000 1935.214111 0.000000 0.910037 0.000000 -0.414526 0.252740 0.252740 0.252740
2035.747925 0.000000 1961.924072 0.000000 0.773950 0.000000 -0.633247 0.256265 0.256265 0.256265
2038.847168 0.000000 1963.330688 0.000000 0.628418 0.000000 -0.777876 0.316889 0.316889 0.316889
2046.282715 0.000000 1936.589478 0.000000 0.946166 0.000000 -0.323681 0.305925 0.305925 0.305925
2026.742554 0.000000 1944.658447 0.000000 0.657683 0.000000 -0.753295 0.297979 0.297979 0.297979
2022.214844 0.000000 1933.098511 0.000000 0.902391 0.000000 -0.430918 0.300568 0.300568 0.300568
2036.024536 0.000000 1960.788696 0.000000 0.939782 0.000000 -0.341776 0.306466 0.306466 0.306466
1852.055420 0.000000 2039.354858 0.000000 0.880662 0.000000 -0.473746 0.238221 0.238221 0.238221
1845.656982 0.000000 2056.080811 0.000000 0.940218 0.000000 -0.340572 0.266347 0.266347 0.266347
1855.474976 0.000000 2038.204712 0.000000 0.711465 0.000000 -0.702722 0.300515 0.300515 0.300515
1854.436523 0.000000 2043.959717 0.000000 0.712574 0.000000 -0.701597 0.285833 0.285833 0.285833
1948.718628 0.000000 2213.391113 0.000000 0.724353 0.000000 -0.689429 0.292291 0.292291 0.292291
1998.953247 0.000000 2256.862305 0.000000 0.723251 0.000000 -0.690585 0.204948 0.204948 0.204948
2011.131470 0.000000 2219.011719 0.000000 0.915362 0.000000 -0.402632 0.202731 0.202731 0.202731
2007.408081 0.000000 2214.728760 0.000000 0.844448 0.000000 -0.535637 0.206008 0.206008 0.206008
2032.891357 0.000000 2231.264648 0.000000 0.946254 0.000000 -0.323425 0.223321 0.223321 0.223321
2019.182251 0.000000 2209.656982 0.000000 0.694162 0.000000 -0.719819 0.228658 0.228658 0.228658
2017.699341 0.000000 2216.320801 0.000000 0.914918 0.000000 -0.403640 0.224653 0.224653 0.224653
1996.904785 0.000000 2230.373047 0.000000 0.739906 0.000000 -0.672711 0.257460 0.257460 0.257460
1992.616333 0.000000 2220.134277 0.000000 0.852713 0.000000 -0.522380 0.241134 0.241134 0.241134
2035.083130 0.000000 2235.304932 0.000000 0.933668 0.000000 -0.358139 0.262513 0.262513 0.262513
2019.590454 0.000000 2248.778809 0.000000 0.809674 0.000000 -0.586880 0.264545 0.264545 0.264545
1985.313232 0.000000 2222.376221 0.000000 0.877156 0.000000 -0.480206 0.268898 0.268898 0.268898
2033.310669 0.000000 2232.360352 0.000000 0.843690 0.000000 -0.536831 0.272121 0.272121 0.272121
1998.033691 0.000000 2265.265869 0.000000 0.896464 0.000000 -0.443117 0.207572 0.207572 0.207572
2173.612061 0.000000 1846.259644 0.000000 0.771205 0.000000 -0.636587 0.204634 0.204634 0.204634
2080.330078 0.000000 1918.281860 0.000000 0.877133 0.000000 -0.480248 0.209045 0.209045 0.209045
2080.131592 0.000000 1925.588135 0.000000 0.710539 0.000000 -0.703658 0.239860 0.239860 0.239860
2094.236572 0.000000 1976.325195 0.000000 0.771398 0.000000 -0.636353 0.250921 0.250921 0.250921
2055.959473 0.000000 1969.727539 0.000000 0.785367 0.000000 -0.619030 0.287885 0.287885 0.287885
2049.515137 0.000000 1949.653809 0.000000 0.933207 0.000000 -0.359339 0.306868 0.306868 0.306868
2080.520752 0.000000 1975.921631 0.000000 0.911729 0.000000 -0.410793 0.308069 0.308069 0.308069
2057.122314 0.000000 1967.530396 0.000000 0.757777 0.000000 -0.652513 0.261960 0.261960 0.261960
2068.942871 0.000000 1970.075928 0.000000 0.727066 0.000000 -0.686568 0.289796 0.289796 0.289796
2051.005859 0.000000 1971.426758 0.000000 0.751141 0.000000 -0.660142 0.292306 0.292306 0.292306
2097.394043 0.000000 2002.282837 0.000000 0.767410 0.000000 -0.641157 0.209311 0.209311 0.209311
2084.990479 0.000000 1977.638672 0.000000 0.901921 0.000000 -0.431901 0.223762 0.223762 0.223762
2061.189209 0.000000 1985.207764 0.000000 0.755245 0.000000 -0.655443 0.228471 0.228471 0.228471
2093.641357 0.000000 1993.310181 0.000000 0.597902 0.000000 -0.801569 0.231594 0.231594 0.231594
2087.339600 0.000000 1978.535645 0.000000 0.944515 0.000000 -0.328468 0.305941 0.305941 0.305941
2100.467773 0.000000 1998.077881 0.000000 0.937135 0.000000 -0.348967 0.306648 0.306648 0.306648
2098.304199 0.000000 2003.340942 0.000000 0.817516 0.000000 -0.575906 0.266169 0.266169 0.266169
2077.049072 0.000000 1978.595581 0.000000 0.841446 0.000000 -0.540341 0.310325 0.310325 0.310325
2089.849365 0.000000 1987.625244 0.000000 0.929712 0.000000 -0.368287 0.271974 0.271974 0.271974
2103.569580 0.000000 1996.951294 0.000000 0.720149 0.000000 -0.693820 0.278382 0.278382 0.278382
2085.606445 0.000000 1979.872559 0.000000 0.943453 0.000000 -0.331508 0.263902 0.263902 0.263902
2093.104004 0.000000 1978.407593 0.000000 0.949933 0.000000 -0.312455 0.306069 0.306069 0.306069
2099.336914 0.000000 1999.064819 0.000000 0.911516 0.000000 -0.411265 0.308095 0.308095 0.308095
2083.500244 0.000000 2230.475098 0.000000 0.620301 0.000000 -0.784364 0.235583 0.235583 0.235583
2103.777832 0.000000 2231.825684 0.000000 0.875861 0.000000 -0.482564 0.258314 0.258314 0.258314
2166.403320 0.000000 2222.576416 0.000000 0.780940 0.000000 -0.624607 0.222772 0.222772 0.222772
2139.792725 0.000000 2232.331299 0.000000 0.880186 0.000000 -0.474628 0.264688 0.264688 0.264688
4523.818848 0.000000 715.314392 0.000000 0.875527 0.000000 -0.483169 0.249491 0.249491 0.249491
4522.544434 0.000000 714.665527 0.000000 0.670156 0.000000 -0.742220 0.253122 0.253122 0.253122
4525.887207 0.000000 717.044495 0.000000 0.947738 0.000000 -0.319051 0.306092 0.306092 0.306092
4522.410156 0.000000 718.848267 0.000000 0.846290 0.000000 -0.532723 0.282768 0.282768 0.282768
4524.563965 0.000000 717.532349 0.000000 0.887448 0.000000 -0.460907 0.308987 0.308987 0.308987
4582.889160 0.000000 870.705261 0.000000 0.751827 0.000000 -0.659361 0.204781 0.204781 0.204781
4584.688965 0.000000 871.666138 0.000000 0.905333 0.000000 -0.424702 0.214389 0.214389 0.214389
4591.029785 0.000000 861.509155 0.000000 0.926257 0.000000 -0.376893 0.233677 0.233677 0.233677
4627.640625 0.000000 872.577393 0.000000 0.632690 0.000000 -0.774405 0.209503 0.209503 0.209503
4472.732422 0.000000 1291.213257 0.000000 0.845045 0.000000 -0.534695 0.255473 0.255473 0.255473
4473.099121 0.000000 1289.658325 0.000000 0.750136 0.000000 -0.661284 0.251277 0.251277 0.251277
4895.826172 0.000000 955.325806 0.000000 0.924993 0.000000 -0.379983 0.306758 0.306758 0.306758
4895.834473 0.000000 962.387878 0.000000 0.878492 0.000000 -0.477758 0.234748 0.234748 0.234748
4890.914551 0.000000 1011.938171 0.000000 0.714403 0.000000 -0.699734 0.313902 0.313902 0.313902
4890.378418 0.000000 1010.908203 0.000000 0.891437 0.000000 -0.453145 0.308436 0.308436 0.308436
4878.057129 0.000000 1051.381104 0.000000 0.904137 0.000000 -0.427242 0.262270 0.262270 0.262270
4879.586426 0.000000 1042.588013 0.000000 0.614140 0.000000 -0.789197 0.305052 0.305052 0.305052
4590.693848 0.000000 1670.105469 0.000000 0.904184 0.000000 -0.427144 0.205701 0.205701 0.205701
4588.134277 0.000000 1673.028198 0.000000 0.779530 0.000000 -0.626365 0.312927 0.312927 0.312927
4629.934570 0.000000 1692.858887 0.000000 0.869943 0.000000 -0.493152 0.203541 0.203541 0.203541
4657.262695 0.000000 1692.607910 0.000000 0.908275 0.000000 -0.418374 0.214334 0.214334 0.214334
4629.843750 0.000000 1688.331543 0.000000 0.671838 0.000000 -0.740698 0.215115 0.215115 0.215115
4658.908203 0.000000 1676.812744 0.000000 0.922846 0.000000 -0.385169 0.237249 0.237249 0.237249
4650.913086 0.000000 1692.047119 0.000000 0.676236 0.000000 -0.736685 0.248791 0.248791 0.248791
4648.301758 0.000000 1678.363647 0.000000 0.820090 0.000000 -0.572234 0.287635 0.287635 0.287635
4665.099121 0.000000 1685.048950 0.000000 0.756790 0.000000 -0.653658 0.313606 0.313606 0.313606
4658.448730 0.000000 1681.271729 0.000000 0.943790 0.000000 -0.330547 0.287720 0.287720 0.287720
4643.590332 0.000000 1683.935181 0.000000 0.874119 0.000000 -0.485712 0.309686 0.309686 0.309686
4665.239746 0.000000 1681.376221 0.000000 0.846864 0.000000 -0.531810 0.260173 0.260173 0.260173
4668.166992 0.000000 1684.628052 0.000000 0.589434 0.000000 -0.807816 0.286286 0.286286 0.286286
4636.429199 0.000000 1677.390259 0.000000 0.811125 0.000000 -0.584872 0.257358 0.257358 0.257358
4643.546875 0.000000 1691.006958 0.000000 0.866435 0.000000 -0.499290 0.257360 0.257360 0.257360
4628.580078 0.000000 1685.644043 0.000000 0.608914 0.000000 -0.793236 0.276077 0.276077 0.276077
4648.134277 0.000000 1682.637329 0.000000 0.626617 0.000000 -0.779328 0.296126 0.296126 0.296126
4647.071777 0.000000 1687.765015 0.000000 0.605341 0.000000 -0.795966 0.292815 0.292815 0.292815
4631.733887 0.000000 1679.948120 0.000000 0.943209 0.000000 -0.332201 0.301152 0.301152 0.301152
4647.595215 0.000000 1681.144775 0.000000 0.914807 0.000000 -0.403891 0.307598 0.307598 0.307598
4645.261230 0.000000 1687.428467 0.000000 0.742121 0.000000 -0.670266 0.312626 0.312626 0.312626
4663.038086 0.000000 1686.046997 0.000000 0.788038 0.000000 -0.615627 0.312616 0.312616 0.312616
4618.277832 0.000000 1674.098511 0.000000 0.679699 0.000000 -0.733491 0.280366 0.280366 0.280366
4660.629395 0.000000 1680.247070 0.000000 0.854414 0.000000 -0.519593 0.309985 0.309985 0.309985
4659.956055 0.000000 1683.481812 0.000000 0.898366 0.000000 -0.439247 0.289500 0.289500 0.289500
4632.817383 0.000000 1671.080444 0.000000 0.782520 0.000000 -0.622626 0.298827 0.298827 0.298827
4637.641113 0.000000 1683.802856 0.000000 0.942117 0.000000 -0.335283 0.306530 0.306530 0.306530
4660.024414 0.000000 1678.366821 0.000000 0.838682 0.000000 -0.544621 0.275815 0.275815 0.275815
4614.709961 0.000000 1694.176758 0.000000 0.627394 0.000000 -0.778702 0.280074 0.280074 0.280074
4697.560059 0.000000 1681.220337 0.000000 0.861959 0.000000 -0.506977 0.232131 0.232131 0.232131
4709.577148 0.000000 1686.215454 0.000000 0.789158 0.000000 -0.614190 0.223253 0.223253 0.223253
4694.025391 0.000000 1680.340942 0.000000 0.591697 0.000000 -0.806160 0.239571 0.239571 0.239571
4721.352051 0.000000 1691.180542 0.000000 0.617748 0.000000 -0.786376 0.249601 0.249601 0.249601
4682.666016 0.000000 1680.408447 0.000000 0.760226 0.000000 -0.649659 0.251709 0.251709 0.251709
4716.655273 0.000000 1689.972290 0.000000 0.888360 0.000000 -0.459147 0.258002 0.258002 0.258002
4715.584473 0.000000 1677.121826 0.000000 0.823554 0.000000 -0.567238 0.269615 0.269615 0.269615
4719.887207 0.000000 1687.836548 0.000000 0.913846 0.000000 -0.406061 0.272520 0.272520 0.272520
4709.870117 0.000000 1690.974976 0.000000 0.913823 0.000000 -0.406113 0.264325 0.264325 0.264325
4690.479492 0.000000 1684.690308 0.000000 0.618132 0.000000 -0.786075 0.283315 0.283315 0.283315
4684.307617 0.000000 1678.807373 0.000000 0.618458 0.000000 -0.785818 0.316927 0.316927 0.316927
4619.786133 0.000000 1699.584229 0.000000 0.731545 0.000000 -0.681793 0.204945 0.204945 0.204945
4667.100586 0.000000 1704.624023 0.000000 0.637456 0.000000 -0.770487 0.206017 0.206017 0.206017
4669.252441 0.000000 1704.957642 0.000000 0.784648 0.000000 -0.619942 0.209701 0.209701 0.209701
4608.369629 0.000000 1705.433105 0.000000 0.764884 0.000000 -0.644169 0.227149 0.227149 0.227149
4630.338379 0.000000 1707.513672 0.000000 0.757495 0.000000 -0.652841 0.229036 0.229036 0.229036
4610.209961 0.000000 1705.306030 0.000000 0.903264 0.000000 -0.429086 0.231891 0.231891 0.231891
4655.286621 0.000000 1696.304688 0.000000 0.832266 0.000000 -0.554377 0.242702 0.242702 0.242702
4635.790527 0.000000 1713.284790 0.000000 0.777727 0.000000 -0.628603 0.235299 0.235299 0.235299
4654.269531 0.000000 1729.832886 0.000000 0.687632 0.000000 -0.726060 0.295516 0.295516 0.295516
4635.442383 0.000000 1702.954102 0.000000 0.724744 0.000000 -0.689018 0.293501 0.293501 0.293501
4648.398438 0.000000 1703.397705 0.000000 0.669783 0.000000 -0.742557 0.315983 0.315983 0.315983
4662.395020 0.000000 1704.594482 0.000000 0.787577 0.000000 -0.616216 0.312606 0.312606 0.312606
4637.854004 0.000000 1723.723633 0.000000 0.814210 0.000000 -0.580570 0.282987 0.282987 0.282987
4650.844238 0.000000 1703.431152 0.000000 0.834538 0.000000 -0.550950 0.310904 0.310904 0.310904
4636.419922 0.000000 1726.074097 0.000000 0.678757 0.000000 -0.734363 0.266964 0.266964 0.266964
4636.046387 0.000000 1727.845337 0.000000 0.762655 0.000000 -0.646805 0.265478 0.265478 0.265478
4664.005371 0.000000 1700.638550 0.000000 0.720824 0.000000 -0.693118 0.314626 0.314626 0.314626
4659.089355 0.000000 1723.528076 0.000000 0.640953 0.000000 -0.767580 0.276769 0.276769 0.276769
4665.538086 0.000000 1717.481812 0.000000 0.617228 0.000000 -0.786785 0.317295 0.317295 0.317295
4661.144531 0.000000 1703.852173 0.000000 0.709075 0.000000 -0.705133 0.314947 0.314947 0.314947
4662.206543 0.000000 1701.946899 0.000000 0.738206 0.000000 -0.674575 0.314140 0.314140 0.314140
4614.916992 0.000000 1696.955200 0.000000 0.871519 0.000000 -0.490362 0.290372 0.290372 0.290372
4636.718750 0.000000 1705.031738 0.000000 0.813915 0.000000 -0.580984 0.311585 0.311585 0.311585
4656.564941 0.000000 1729.124268 0.000000 0.607954 0.000000 -0.793972 0.317519 0.317519 0.317519
4667.256348 0.000000 1703.501831 0.000000 0.646341 0.000000 -0.763049 0.300061 0.300061 0.300061
4651.013184 0.000000 1695.741455 0.000000 0.914351 0.000000 -0.404923 0.307182 0.307182 0.307182
4668.561035 0.000000 1714.035156 0.000000 0.938283 0.000000 -0.345868 0.263513 0.263513 0.263513
4649.191895 0.000000 1696.977295 0.000000 0.661373 0.000000 -0.750057 0.316040 0.316040 0.316040
4660.906250 0.000000 1700.783691 0.000000 0.823369 0.000000 -0.567506 0.311525 0.311525 0.311525
4712.179688 0.000000 1722.715942 0.000000 0.857176 0.000000 -0.515024 0.210514 0.210514 0.210514
4711.989746 0.000000 1720.435181 0.000000 0.707979 0.000000 -0.706234 0.224893 0.224893 0.224893
4709.817871 0.000000 1728.098022 0.000000 0.722793 0.000000 -0.691065 0.228899 0.228899 0.228899
4685.322266 0.000000 1699.128052 0.000000 0.909574 0.000000 -0.415541 0.236994 0.236994 0.236994
4695.035156 0.000000 1704.968384 0.000000 0.827025 0.000000 -0.562166 0.235105 0.235105 0.235105
4708.154785 0.000000 1702.233643 0.000000 0.933515 0.000000 -0.358539 0.306605 0.306605 0.306605
4694.709473 0.000000 1714.493286 0.000000 0.880165 0.000000 -0.474667 0.252913 0.252913 0.252913
4712.398438 0.000000 1703.397705 0.000000 0.934327 0.000000 -0.356417 0.294563 0.294563 0.294563
4708.740723 0.000000 1719.633423 0.000000 0.670369 0.000000 -0.742028 0.268322 0.268322 0.268322
4711.708496 0.000000 1700.526001 0.000000 0.711775 0.000000 -0.702407 0.314844 0.314844 0.314844
4678.916992 0.000000 1696.955200 0.000000 0.835146 0.000000 -0.550028 0.267564 0.267564 0.267564
4706.956543 0.000000 1715.761353 0.000000 0.936096 0.000000 -0.351743 0.276980 0.276980 0.276980
4709.606445 0.000000 1697.450684 0.000000 0.771258 0.000000 -0.636523 0.282173 0.282173 0.282173
4680.070801 0.000000 1698.324097 0.000000 0.808176 0.000000 -0.588941 0.302377 0.302377 0.302377
4705.173340 0.000000 1718.928467 0.000000 0.687571 0.000000 -0.726117 0.288166 0.288166 0.288166
4700.025391 0.000000 1700.902100 0.000000 0.913722 0.000000 -0.406340 0.285428 0.285428 0.285428
4707.712891 0.000000 1711.311646 0.000000 0.947863 0.000000 -0.318677 0.299167 0.299167 0.299167
4713.729980 0.000000 1700.503296 0.000000 0.639099 0.000000 -0.769124 0.307636 0.307636 0.307636
4849.687988 0.000000 1759.968140 0.000000 0.592836 0.000000 -0.805323 0.210472 0.210472 0.210472
4848.795410 0.000000 1761.040649 0.000000 0.755435 0.000000 -0.655223 0.312923 0.312923 0.312923
6722.311035 0.000000 714.423584 0.000000 0.737115 0.000000 -0.675767 0.210243 0.210243 0.210243
6775.867676 0.000000 725.044128 0.000000 0.825580 0.000000 -0.564285 0.212718 0.212718 0.212718
6770.394043 0.000000 729.934265 0.000000 0.773104 0.000000 -0.634279 0.212797 0.212797 0.212797
6735.453125 0.000000 726.787659 0.000000 0.889059 0.000000 -0.457792 0.239799 0.239799 0.239799
6733.681641 0.000000 723.481445 0.000000 0.748008 0.000000 -0.663690 0.233344 0.233344 0.233344
6740.314941 0.000000 704.718079 0.000000 0.796653 0.000000 -0.604437 0.252863 0.252863 0.252863
6770.304199 0.000000 704.200256 0.000000 0.918312 0.000000 -0.395857 0.304054 0.304054 0.304054
6749.995605 0.000000 702.378723 0.000000 0.738863 0.000000 -0.673856 0.273776 0.273776 0.273776
6772.968750 0.000000 709.560120 0.000000 0.911102 0.000000 -0.412182 0.277888 0.277888 0.277888
6771.609375 0.000000 707.978760 0.000000 0.853851 0.000000 -0.520518 0.307616 0.307616 0.307616
6731.042480 0.000000 718.844421 0.000000 0.666539 0.000000 -0.745470 0.285510 0.285510 0.285510
6783.312988 0.000000 719.087463 0.000000 0.615498 0.000000 -0.788138 0.261852 0.261852 0.261852
6743.105469 0.000000 721.995850 0.000000 0.658662 0.000000 -0.752439 0.315438 0.315438 0.315438
6775.779785 0.000000 700.998657 0.000000 0.868680 0.000000 -0.495373 0.304141 0.304141 0.304141
6774.497559 0.000000 690.976440 0.000000 0.913643 0.000000 -0.406518 0.261990 0.261990 0.261990
6744.446289 0.000000 721.151672 0.000000 0.603313 0.000000 -0.797505 0.268784 0.268784 0.268784
6749.720703 0.000000 700.395752 0.000000 0.893747 0.000000 -0.448571 0.290248 0.290248 0.290248
6758.002930 0.000000 735.958435 0.000000 0.883120 0.000000 -0.469148 0.253430 0.253430 0.253430
6782.499512 0.000000 763.685425 0.000000 0.617740 0.000000 -0.786383 0.245337 0.245337 0.245337
6759.339844 0.000000 735.879395 0.000000 0.940782 0.000000 -0.339012 0.251816 0.251816 0.251816
6752.387695 0.000000 743.590393 0.000000 0.868220 0.000000 -0.496179 0.246121 0.246121 0.246121
6746.370605 0.000000 756.886658 0.000000 0.935263 0.000000 -0.353954 0.270604 0.270604 0.270604
6767.705078 0.000000 765.580688 0.000000 0.930330 0.000000 -0.366724 0.257969 0.257969 0.257969
6786.627930 0.000000 706.519714 0.000000 0.820073 0.000000 -0.572259 0.209262 0.209262 0.209262
6784.421387 0.000000 721.335632 0.000000 0.765567 0.000000 -0.643357 0.240254 0.240254 0.240254
6809.770020 0.000000 716.980286 0.000000 0.806314 0.000000 -0.591487 0.312088 0.312088 0.312088
6785.354492 0.000000 719.528503 0.000000 0.846372 0.000000 -0.532592 0.286938 0.286938 0.286938
6823.513672 0.000000 732.454590 0.000000 0.910374 0.000000 -0.413787 0.307668 0.307668 0.307668
6846.572266 0.000000 728.330261 0.000000 0.869296 0.000000 -0.494291 0.304120 0.304120 0.304120
6807.733887 0.000000 719.713684 0.000000 0.753506 0.000000 -0.657441 0.313702 0.313702 0.313702
6839.916992 0.000000 727.979065 0.000000 0.839202 0.000000 -0.543820 0.310314 0.310314 0.310314
6791.204590 0.000000 706.795166 0.000000 0.839254 0.000000 -0.543740 0.310786 0.310786 0.310786
6794.479980 0.000000 705.962219 0.000000 0.627722 0.000000 -0.778438 0.291779 0.291779 0.291779
6862.365723 0.000000 720.809814 0.000000 0.688696 0.000000 -0.725051 0.278368 0.278368 0.278368
6892.451660 0.000000 721.424988 0.000000 0.674172 0.000000 -0.738575 0.262780 0.262780 0.262780
6853.351562 0.000000 729.445557 0.000000 0.732908 0.000000 -0.680328 0.278738 0.278738 0.278738
6860.104980 0.000000 720.711243 0.000000 0.826627 0.000000 -0.562750 0.277899 0.277899 0.277899
6803.991699 0.000000 767.524353 0.000000 0.609790 0.000000 -0.792563 0.206236 0.206236 0.206236
6827.071777 0.000000 744.875366 0.000000 0.802478 0.000000 -0.596681 0.221292 0.221292 0.221292
6809.034668 0.000000 766.243408 0.000000 0.672529 0.000000 -0.740070 0.223508 0.223508 0.223508
6828.345703 0.000000 745.013428 0.000000 0.607984 0.000000 -0.793949 0.292147 0.292147 0.292147
6811.792969 0.000000 763.737610 0.000000 0.794602 0.000000 -0.607131 0.274443 0.274443 0.274443
6811.631348 0.000000 790.146851 0.000000 0.877818 0.000000 -0.478994 0.264750 0.264750 0.264750
6810.586914 0.000000 765.822205 0.000000 0.800732 0.000000 -0.599023 0.303788 0.303788 0.303788
6905.206055 0.000000 743.923401 0.000000 0.820414 0.000000 -0.571770 0.228711 0.228711 0.228711
6875.970215 0.000000 735.278992 0.000000 0.939946 0.000000 -0.341324 0.293141 0.293141 0.293141
6877.048828 0.000000 735.939331 0.000000 0.907047 0.000000 -0.421030 0.273326 0.273326 0.273326
6901.144531 0.000000 743.617859 0.000000 0.729806 0.000000 -0.683654 0.313193 0.313193 0.313193
6715.964844 0.000000 842.083069 0.000000 0.881236 0.000000 -0.472676 0.225328 0.225328 0.225328
6714.116699 0.000000 840.097412 0.000000 0.805001 0.000000 -0.593274 0.277810 0.277810 0.277810
6716.439453 0.000000 839.834290 0.000000 0.622262 0.000000 -0.782809 0.251369 0.251369 0.251369
6718.572266 0.000000 841.299011 0.000000 0.686336 0.000000 -0.727285 0.315065 0.315065 0.315065
6713.653809 0.000000 843.621704 0.000000 0.922201 0.000000 -0.386711 0.269317 0.269317 0.269317
6764.127930 0.000000 818.222534 0.000000 0.672496 0.000000 -0.740101 0.206134 0.206134 0.206134
6743.366211 0.000000 793.433960 0.000000 0.844393 0.000000 -0.535724 0.218913 0.218913 0.218913
6723.095703 0.000000 806.231384 0.000000 0.644101 0.000000 -0.764941 0.219609 0.219609 0.219609
6720.517090 0.000000 840.558289 0.000000 0.946493 0.000000 -0.322724 0.219280 0.219280 0.219280
6720.926758 0.000000 844.474976 0.000000 0.724225 0.000000 -0.689563 0.242070 0.242070 0.242070
6726.251953 0.000000 829.921753 0.000000 0.760006 0.000000 -0.649915 0.255312 0.255312 0.255312
6778.750488 0.000000 805.268677 0.000000 0.885189 0.000000 -0.465231 0.261612 0.261612 0.261612
6761.821777 0.000000 805.238220 0.000000 0.867734 0.000000 -0.497028 0.288706 0.288706 0.288706
6721.803711 0.000000 843.107239 0.000000 0.895788 0.000000 -0.444481 0.291359 0.291359 0.291359
6724.470703 0.000000 825.770386 0.000000 0.889803 0.000000 -0.456345 0.308412 0.308412 0.308412
6761.447266 0.000000 807.686584 0.000000 0.917466 0.000000 -0.397815 0.273571 0.273571 0.273571
6761.761719 0.000000 829.770447 0.000000 0.647547 0.000000 -0.762025 0.283406 0.283406 0.283406
6694.962402 0.000000 891.445557 0.000000 0.648209 0.000000 -0.761463 0.214757 0.214757 0.214757
6718.025391 0.000000 850.393738 0.000000 0.941471 0.000000 -0.337095 0.256432 0.256432 0.256432
6710.683594 0.000000 877.827454 0.000000 0.702954 0.000000 -0.711235 0.313660 0.313660 0.313660
6710.206543 0.000000 854.681335 0.000000 0.942057 0.000000 -0.335454 0.305880 0.305880 0.305880
6692.531250 0.000000 891.411560 0.000000 0.944640 0.000000 -0.328109 0.267339 0.267339 0.267339
6727.143066 0.000000 874.650085 0.000000 0.749341 0.000000 -0.662184 0.208921 0.208921 0.208921
6726.912598 0.000000 847.267273 0.000000 0.929783 0.000000 -0.368107 0.220842 0.220842 0.220842
6747.120117 0.000000 849.214294 0.000000 0.940585 0.000000 -0.339558 0.223470 0.223470 0.223470
6754.087402 0.000000 872.320862 0.000000 0.938882 0.000000 -0.344238 0.225825 0.225825 0.225825
6757.379395 0.000000 884.152283 0.000000 0.820290 0.000000 -0.571948 0.221038 0.221038 0.221038
6752.868164 0.000000 863.637024 0.000000 0.738824 0.000000 -0.673898 0.234668 0.234668 0.234668
6724.298828 0.000000 903.164062 0.000000 0.879433 0.000000 -0.476022 0.235901 0.235901 0.235901
6730.666016 0.000000 889.627197 0.000000 0.797454 0.000000 -0.603380 0.248675 0.248675 0.248675
6751.169922 0.000000 860.503235 0.000000 0.694415 0.000000 -0.719575 0.298439 0.298439 0.298439
6767.984863 0.000000 880.846008 0.000000 0.884802 0.000000 -0.465967 0.264566 0.264566 0.264566
6738.134277 0.000000 903.665833 0.000000 0.597187 0.000000 -0.802102 0.254154 0.254154 0.254154
6721.121582 0.000000 864.374146 0.000000 0.665258 0.000000 -0.746614 0.280019 0.280019 0.280019
6795.941895 0.000000 832.585266 0.000000 0.803865 0.000000 -0.594812 0.204278 0.204278 0.204278
6837.097168 0.000000 792.566589 0.000000 0.633871 0.000000 -0.773439 0.229370 0.229370 0.229370
6835.663574 0.000000 791.949646 0.000000 0.786266 0.000000 -0.617888 0.236953 0.236953 0.236953
6794.112793 0.000000 827.938110 0.000000 0.857036 0.000000 -0.515256 0.285450 0.285450 0.285450
6974.994629 0.000000 781.920654 0.000000 0.614005 0.000000 -0.789302 0.213288 0.213288 0.213288
6945.632324 0.000000 788.106262 0.000000 0.680901 0.000000 -0.732376 0.252963 0.252963 0.252963
6942.022949 0.000000 777.709656 0.000000 0.766419 0.000000 -0.642340 0.264805 0.264805 0.264805
6992.583984 0.000000 772.653015 0.000000 0.796565 0.000000 -0.604553 0.233228 0.233228 0.233228
7006.022949 0.000000 777.709656 0.000000 0.649891 0.000000 -0.760027 0.274165 0.274165 0.274165
7038.281738 0.000000 787.364441 0.000000 0.601214 0.000000 -0.799088 0.271277 0.271277 0.271277
7000.864258 0.000000 760.850830 0.000000 0.875653 0.000000 -0.482940 0.292023 0.292023 0.292023
7005.817383 0.000000 774.176331 0.000000 0.766395 0.000000 -0.642370 0.249808 0.249808 0.249808
6981.044922 0.000000 765.173584 0.000000 0.708322 0.000000 -0.705889 0.305488 0.305488 0.305488
7007.082031 0.000000 770.444580 0.000000 0.908954 0.000000 -0.416896 0.280309 0.280309 0.280309
7019.446289 0.000000 775.908447 0.000000 0.845272 0.000000 -0.534337 0.301904 0.301904 0.301904
7016.188477 0.000000 771.639954 0.000000 0.820374 0.000000 -0.571827 0.311307 0.311307 0.311307
7022.890137 0.000000 770.551697 0.000000 0.708942 0.000000 -0.705266 0.285906 0.285906 0.285906
7000.817383 0.000000 767.330444 0.000000 0.918411 0.000000 -0.395627 0.281152 0.281152 0.281152
7093.789062 0.000000 777.740662 0.000000 0.920571 0.000000 -0.390576 0.210620 0.210620 0.210620
7047.440918 0.000000 784.703979 0.000000 0.841286 0.000000 -0.540590 0.218961 0.218961 0.218961
7075.804199 0.000000 777.598267 0.000000 0.902533 0.000000 -0.430620 0.240078 0.240078 0.240078
7090.163574 0.000000 781.272522 0.000000 0.697802 0.000000 -0.716291 0.261183 0.261183 0.261183
7054.943359 0.000000 774.891418 0.000000 0.771463 0.000000 -0.636274 0.250919 0.250919 0.250919
7091.326660 0.000000 781.812622 0.000000 0.859235 0.000000 -0.511581 0.258117 0.258117 0.258117
7087.731934 0.000000 781.395630 0.000000 0.686965 0.000000 -0.726691 0.307205 0.307205 0.307205
7094.610352 0.000000 784.210144 0.000000 0.740082 0.000000 -0.672516 0.289515 0.289515 0.289515
7112.280273 0.000000 768.527832 0.000000 0.784304 0.000000 -0.620377 0.229255 0.229255 0.229255
7106.857910 0.000000 776.640381 0.000000 0.745779 0.000000 -0.666194 0.311921 0.311921 0.311921
7104.042480 0.000000 767.728088 0.000000 0.941209 0.000000 -0.337825 0.277938 0.277938 0.277938
7108.508301 0.000000 776.997375 0.000000 0.765389 0.000000 -0.643568 0.275663 0.275663 0.275663
7027.291016 0.000000 801.205322 0.000000 0.830302 0.000000 -0.557314 0.230324 0.230324 0.230324
7014.464355 0.000000 833.675293 0.000000 0.693620 0.000000 -0.720341 0.253981 0.253981 0.253981
7026.122070 0.000000 807.834167 0.000000 0.639080 0.000000 -0.769140 0.270059 0.270059 0.270059
7032.427734 0.000000 899.136597 0.000000 0.820301 0.000000 -0.571931 0.225169 0.225169 0.225169
7041.598145 0.000000 794.347046 0.000000 0.911930 0.000000 -0.410347 0.238103 0.238103 0.238103
7060.580078 0.000000 894.862793 0.000000 0.782668 0.000000 -0.622440 0.263293 0.263293 0.263293
7064.507324 0.000000 894.790649 0.000000 0.619941 0.000000 -0.784649 0.279587 0.279587 0.279587
7125.230957 0.000000 885.778076 0.000000 0.902869 0.000000 -0.429917 0.252932 0.252932 0.252932
7218.478027 0.000000 663.203857 0.000000 0.809664 0.000000 -0.586894 0.238358 0.238358 0.238358
7288.639160 0.000000 626.300476 0.000000 0.643763 0.000000 -0.765225 0.208200 0.208200 0.208200
7293.252441 0.000000 631.754456 0.000000 0.927423 0.000000 -0.374014 0.208749 0.208749 0.208749
7253.894043 0.000000 674.601929 0.000000 0.926482 0.000000 -0.376339 0.231931 0.231931 0.231931
7294.499512 0.000000 650.716675 0.000000 0.681789 0.000000 -0.731549 0.249922 0.249922 0.249922
7292.125488 0.000000 632.222717 0.000000 0.940031 0.000000 -0.341088 0.273913 0.273913 0.273913
7289.239746 0.000000 664.657410 0.000000 0.943626 0.000000 -0.331015 0.247087 0.247087 0.247087
7289.471191 0.000000 637.667419 0.000000 0.844933 0.000000 -0.534873 0.298325 0.298325 0.298325
7303.440918 0.000000 615.250854 0.000000 0.899260 0.000000 -0.437415 0.219155 0.219155 0.219155
7301.041016 0.000000 608.620300 0.000000 0.634272 0.000000 -0.773110 0.243299 0.243299 0.243299
7301.108887 0.000000 614.476379 0.000000 0.599345 0.000000 -0.800491 0.251679 0.251679 0.251679
7314.134277 0.000000 621.243958 0.000000 0.932415 0.000000 -0.361390 0.268961 0.268961 0.268961
7340.451660 0.000000 608.456238 0.000000 0.601332 0.000000 -0.798999 0.317020 0.317020 0.317020
7338.301758 0.000000 608.389526 0.000000 0.932631 0.000000 -0.360832 0.282367 0.282367 0.282367
7334.706543 0.000000 610.179993 0.000000 0.613087 0.000000 -0.790015 0.266792 0.266792 0.266792
7305.122070 0.000000 611.905396 0.000000 0.714107 0.000000 -0.700037 0.265149 0.265149 0.265149
7301.351562 0.000000 616.476807 0.000000 0.886008 0.000000 -0.463670 0.288730 0.288730 0.288730
7327.222656 0.000000 618.678284 0.000000 0.944674 0.000000 -0.328011 0.271982 0.271982 0.271982
7417.072754 0.000000 614.960815 0.000000 0.689579 0.000000 -0.724210 0.210744 0.210744 0.210744
7418.520996 0.000000 618.756348 0.000000 0.750154 0.000000 -0.661263 0.216037 0.216037 0.216037
7383.599609 0.000000 619.398926 0.000000 0.716764 0.000000 -0.697315 0.233170 0.233170 0.233170
7384.325195 0.000000 613.984009 0.000000 0.938028 0.000000 -0.346560 0.239733 0.239733 0.239733
7363.093750 0.000000 594.913757 0.000000 0.721359 0.000000 -0.692561 0.251739 0.251739 0.251739
7408.316895 0.000000 606.575073 0.000000 0.882052 0.000000 -0.471151 0.271125 0.271125 0.271125
7406.644531 0.000000 609.839966 0.000000 0.712674 0.000000 -0.701495 0.306000 0.306000 0.306000
7419.344238 0.000000 601.480835 0.000000 0.722723 0.000000 -0.691138 0.296596 0.296596 0.296596
7361.144043 0.000000 590.298035 0.000000 0.776498 0.000000 -0.630120 0.312713 0.312713 0.312713
7326.716309 0.000000 667.566101 0.000000 0.948334 0.000000 -0.317273 0.212324 0.212324 0.212324
7331.217285 0.000000 632.166687 0.000000 0.590221 0.000000 -0.807242 0.220160 0.220160 0.220160
7302.912598 0.000000 621.329773 0.000000 0.769875 0.000000 -0.638195 0.214613 0.214613 0.214613
7311.824707 0.000000 644.774780 0.000000 0.761631 0.000000 -0.648011 0.225407 0.225407 0.225407
7335.382324 0.000000 654.946594 0.000000 0.895233 0.000000 -0.445598 0.225643 0.225643 0.225643
7302.382324 0.000000 658.328064 0.000000 0.761793 0.000000 -0.647821 0.246292 0.246292 0.246292
7330.757812 0.000000 626.790100 0.000000 0.714529 0.000000 -0.699606 0.257883 0.257883 0.257883
7335.639160 0.000000 648.401306 0.000000 0.760506 0.000000 -0.649331 0.304234 0.304234 0.304234
7308.518066 0.000000 649.918396 0.000000 0.909578 0.000000 -0.415534 0.280875 0.280875 0.280875
7328.901855 0.000000 628.211853 0.000000 0.860756 0.000000 -0.509018 0.309900 0.309900 0.309900
7335.180176 0.000000 651.752502 0.000000 0.719933 0.000000 -0.694044 0.313616 0.313616 0.313616
7308.067383 0.000000 621.415222 0.000000 0.720795 0.000000 -0.693148 0.314225 0.314225 0.314225
7329.173340 0.000000 645.725281 0.000000 0.761337 0.000000 -0.648356 0.284807 0.284807 0.284807
7314.082520 0.000000 621.390381 0.000000 0.747032 0.000000 -0.664788 0.273617 0.273617 0.273617
7324.225586 0.000000 648.958069 0.000000 0.897778 0.000000 -0.440448 0.264798 0.264798 0.264798
7297.148926 0.000000 645.477295 0.000000 0.817081 0.000000 -0.576523 0.301527 0.301527 0.301527
7421.524414 0.000000 638.397827 0.000000 0.917431 0.000000 -0.397894 0.202687 0.202687 0.202687
7412.657715 0.000000 621.364197 0.000000 0.775706 0.000000 -0.631095 0.214542 0.214542 0.214542
7415.848633 0.000000 621.391235 0.000000 0.844350 0.000000 -0.535793 0.228912 0.228912 0.228912
7390.394531 0.000000 639.374451 0.000000 0.615838 0.000000 -0.787873 0.233210 0.233210 0.233210
7390.022949 0.000000 664.740906 0.000000 0.928148 0.000000 -0.372211 0.293660 0.293660 0.293660
7412.968750 0.000000 653.075745 0.000000 0.707788 0.000000 -0.706425 0.253158 0.253158 0.253158
7481.910645 0.000000 612.794800 0.000000 0.711133 0.000000 -0.703058 0.205197 0.205197 0.205197
7447.416992 0.000000 612.776550 0.000000 0.815357 0.000000 -0.578958 0.213444 0.213444 0.213444
7428.483887 0.000000 594.592468 0.000000 0.771771 0.000000 -0.635900 0.225271 0.225271 0.225271
7444.196289 0.000000 613.606079 0.000000 0.616346 0.000000 -0.787475 0.245355 0.245355 0.245355
7444.708984 0.000000 608.409180 0.000000 0.930590 0.000000 -0.366063 0.250981 0.250981 0.250981
7447.285645 0.000000 604.554260 0.000000 0.751427 0.000000 -0.659816 0.246458 0.246458 0.246458
7482.116699 0.000000 614.159912 0.000000 0.910501 0.000000 -0.413506 0.296131 0.296131 0.296131
7426.857910 0.000000 607.187256 0.000000 0.747396 0.000000 -0.664379 0.262147 0.262147 0.262147
7486.572266 0.000000 615.361511 0.000000 0.938781 0.000000 -0.344514 0.255364 0.255364 0.255364
7496.362793 0.000000 620.628784 0.000000 0.620108 0.000000 -0.784516 0.277738 0.277738 0.277738
7474.798340 0.000000 658.009277 0.000000 0.724300 0.000000 -0.689485 0.205223 0.205223 0.205223
7460.575195 0.000000 623.717102 0.000000 0.834492 0.000000 -0.551019 0.204380 0.204380 0.204380
7426.575684 0.000000 662.455200 0.000000 0.659602 0.000000 -0.751615 0.207452 0.207452 0.207452
7453.614258 0.000000 653.056030 0.000000 0.834599 0.000000 -0.550858 0.223181 0.223181 0.223181
7452.899902 0.000000 672.876831 0.000000 0.737755 0.000000 -0.675068 0.237077 0.237077 0.237077
7451.529297 0.000000 652.014038 0.000000 0.915873 0.000000 -0.401468 0.235097 0.235097 0.235097
7483.590332 0.000000 624.480652 0.000000 0.654784 0.000000 -0.755816 0.245455 0.245455 0.245455
7464.703613 0.000000 676.196594 0.000000 0.796832 0.000000 -0.604201 0.246899 0.246899 0.246899
7450.370605 0.000000 643.917908 0.000000 0.875799 0.000000 -0.482675 0.305088 0.305088 0.305088
7432.415527 0.000000 648.400391 0.000000 0.678977 0.000000 -0.734160 0.252385 0.252385 0.252385
7451.313477 0.000000 668.961609 0.000000 0.722871 0.000000 -0.690983 0.313427 0.313427 0.313427
7435.890137 0.000000 672.061157 0.000000 0.861184 0.000000 -0.508293 0.284144 0.284144 0.284144
7487.475098 0.000000 626.095337 0.000000 0.771420 0.000000 -0.636327 0.284585 0.284585 0.284585
7448.183105 0.000000 643.015625 0.000000 0.716931 0.000000 -0.697144 0.313866 0.313866 0.313866
7488.233887 0.000000 634.771362 0.000000 0.808510 0.000000 -0.588483 0.234226 0.234226 0.234226
7171.510742 0.000000 724.740479 0.000000 0.737685 0.000000 -0.675145 0.205051 0.205051 0.205051
7187.253418 0.000000 725.399109 0.000000 0.739146 0.000000 -0.673546 0.210815 0.210815 0.210815
7179.263184 0.000000 714.374817 0.000000 0.879847 0.000000 -0.475258 0.210752 0.210752 0.210752
7199.005371 0.000000 712.717224 0.000000 0.853367 0.000000 -0.521311 0.215256 0.215256 0.215256
7180.080078 0.000000 709.101318 0.000000 0.751782 0.000000 -0.659411 0.217206 0.217206 0.217206
7173.809082 0.000000 733.295715 0.000000 0.765471 0.000000 -0.643471 0.236674 0.236674 0.236674
7191.398438 0.000000 733.612732 0.000000 0.803670 0.000000 -0.595075 0.312149 0.312149 0.312149
7212.451660 0.000000 721.424988 0.000000 0.699968 0.000000 -0.714174 0.259330 0.259330 0.259330
7172.508301 0.000000 720.513000 0.000000 0.941536 0.000000 -0.336911 0.280834 0.280834 0.280834
7182.050293 0.000000 709.965576 0.000000 0.696588 0.000000 -0.717471 0.314173 0.314173 0.314173
7185.965332 0.000000 718.437622 0.000000 0.639246 0.000000 -0.769002 0.286632 0.286632 0.286632
7183.546387 0.000000 715.694397 0.000000 0.900800 0.000000 -0.434235 0.308057 0.308057 0.308057
7189.500000 0.000000 707.996216 0.000000 0.874039 0.000000 -0.485856 0.260717 0.260717 0.260717
7180.296875 0.000000 731.398193 0.000000 0.940368 0.000000 -0.340158 0.267504 0.267504 0.267504
7252.433105 0.000000 694.827087 0.000000 0.629163 0.000000 -0.777273 0.228819 0.228819 0.228819
7252.440918 0.000000 733.319153 0.000000 0.860234 0.000000 -0.509900 0.232163 0.232163 0.232163
7261.995605 0.000000 702.378723 0.000000 0.719160 0.000000 -0.694844 0.254186 0.254186 0.254186
7250.234375 0.000000 709.275696 0.000000 0.946461 0.000000 -0.322817 0.296327 0.296327 0.296327
7252.545898 0.000000 709.972839 0.000000 0.857859 0.000000 -0.513885 0.274734 0.274734 0.274734
7247.446289 0.000000 750.314941 0.000000 0.941259 0.000000 -0.337685 0.228651 0.228651 0.228651
7240.161133 0.000000 746.418274 0.000000 0.913705 0.000000 -0.406378 0.241556 0.241556 0.241556
7247.028809 0.000000 747.402771 0.000000 0.949724 0.000000 -0.313090 0.240527 0.240527 0.240527
7304.722168 0.000000 710.331604 0.000000 0.725042 0.000000 -0.688705 0.214541 0.214541 0.214541
7312.583984 0.000000 716.168640 0.000000 0.782451 0.000000 -0.622712 0.231064 0.231064 0.231064
7301.217285 0.000000 725.961548 0.000000 0.922290 0.000000 -0.386499 0.255891 0.255891 0.255891
7395.217285 0.000000 688.651062 0.000000 0.770317 0.000000 -0.637661 0.216386 0.216386 0.216386
7397.967285 0.000000 702.709839 0.000000 0.943154 0.000000 -0.332355 0.225135 0.225135 0.225135
7399.989746 0.000000 703.716370 0.000000 0.591862 0.000000 -0.806039 0.227412 0.227412 0.227412
7403.440918 0.000000 685.500854 0.000000 0.802947 0.000000 -0.596051 0.239063 0.239063 0.239063
7379.206055 0.000000 686.644287 0.000000 0.651888 0.000000 -0.758316 0.257039 0.257039 0.257039
7372.215332 0.000000 688.668823 0.000000 0.867959 0.000000 -0.496637 0.257914 0.257914 0.257914
7399.150391 0.000000 731.191589 0.000000 0.946857 0.000000 -0.321654 0.267251 0.267251 0.267251
7378.209473 0.000000 688.716125 0.000000 0.889828 0.000000 -0.456296 0.285061 0.285061 0.285061
7208.688965 0.000000 815.181763 0.000000 0.611083 0.000000 -0.791567 0.213315 0.213315 0.213315
7204.742188 0.000000 843.986450 0.000000 0.629171 0.000000 -0.777267 0.223383 0.223383 0.223383
7205.967285 0.000000 815.678589 0.000000 0.769519 0.000000 -0.638624 0.223519 0.223519 0.223519
7214.867676 0.000000 821.240845 0.000000 0.912309 0.000000 -0.409502 0.236929 0.236929 0.236929
7227.914062 0.000000 819.103943 0.000000 0.639871 0.000000 -0.768483 0.252951 0.252951 0.252951
7198.526367 0.000000 835.236633 0.000000 0.937879 0.000000 -0.346961 0.300244 0.300244 0.300244
7249.267090 0.000000 821.415039 0.000000 0.924712 0.000000 -0.380666 0.229074 0.229074 0.229074
7170.552734 0.000000 903.341858 0.000000 0.941322 0.000000 -0.337511 0.203850 0.203850 0.203850
7184.905273 0.000000 901.165039 0.000000 0.816676 0.000000 -0.577097 0.221091 0.221091 0.221091
7203.182129 0.000000 854.031982 0.000000 0.885678 0.000000 -0.464300 0.226998 0.226998 0.226998
7175.015137 0.000000 855.487732 0.000000 0.733907 0.000000 -0.679250 0.251540 0.251540 0.251540
7198.868164 0.000000 868.007874 0.000000 0.924554 0.000000 -0.381052 0.256987 0.256987 0.256987
7189.902344 0.000000 892.752014 0.000000 0.807427 0.000000 -0.589968 0.259816 0.259816 0.259816
7187.857422 0.000000 899.962524 0.000000 0.904619 0.000000 -0.426222 0.260498 0.260498 0.260498
7173.351562 0.000000 898.898682 0.000000 0.764751 0.000000 -0.644325 0.261231 0.261231 0.261231
7471.286621 0.000000 679.585876 0.000000 0.695007 0.000000 -0.719003 0.247311 0.247311 0.247311
7452.046387 0.000000 711.126648 0.000000 0.598332 0.000000 -0.801248 0.302259 0.302259 0.302259
7455.121582 0.000000 709.072754 0.000000 0.599102 0.000000 -0.800673 0.283645 0.283645 0.283645
7523.200195 0.000000 690.609497 0.000000 0.888451 0.000000 -0.458971 0.203274 0.203274 0.203274
7515.635742 0.000000 700.862854 0.000000 0.767561 0.000000 -0.640976 0.204846 0.204846 0.204846
7510.404297 0.000000 703.427795 0.000000 0.809029 0.000000 -0.587769 0.241930 0.241930 0.241930
7540.147949 0.000000 732.974731 0.000000 0.921663 0.000000 -0.387992 0.307207 0.307207 0.307207
7529.168457 0.000000 709.369873 0.000000 0.923041 0.000000 -0.384702 0.292113 0.292113 0.292113
7541.492676 0.000000 733.341858 0.000000 0.850398 0.000000 -0.526141 0.310021 0.310021 0.310021
7513.950684 0.000000 679.793030 0.000000 0.893644 0.000000 -0.448777 0.263738 0.263738 0.263738
7464.675293 0.000000 781.337158 0.000000 0.613437 0.000000 -0.789744 0.238093 0.238093 0.238093
7468.655273 0.000000 786.222290 0.000000 0.888681 0.000000 -0.458526 0.240393 0.240393 0.240393
7472.896973 0.000000 781.907349 0.000000 0.917710 0.000000 -0.397251 0.307802 0.307802 0.307802
7481.671875 0.000000 789.168213 0.000000 0.624439 0.000000 -0.781073 0.283820 0.283820 0.283820
7470.644531 0.000000 779.293091 0.000000 0.860138 0.000000 -0.510062 0.286551 0.286551 0.286551
7468.346191 0.000000 781.936768 0.000000 0.909987 0.000000 -0.414637 0.307429 0.307429 0.307429
7466.279785 0.000000 779.153625 0.000000 0.728780 0.000000 -0.684747 0.298291 0.298291 0.298291
7479.349609 0.000000 774.766907 0.000000 0.852469 0.000000 -0.522777 0.264786 0.264786 0.264786
7490.657715 0.000000 779.059204 0.000000 0.639285 0.000000 -0.768970 0.240201 0.240201 0.240201
7548.112793 0.000000 769.971924 0.000000 0.806939 0.000000 -0.590635 0.243748 0.243748 0.243748
7550.420410 0.000000 747.637634 0.000000 0.650437 0.000000 -0.759560 0.241876 0.241876 0.241876
7489.354492 0.000000 776.012878 0.000000 0.832385 0.000000 -0.554198 0.298691 0.298691 0.298691
7558.218750 0.000000 753.370972 0.000000 0.941747 0.000000 -0.336321 0.250625 0.250625 0.250625
7553.515137 0.000000 763.481873 0.000000 0.799454 0.000000 -0.600728 0.254601 0.254601 0.254601
7558.709961 0.000000 790.426758 0.000000 0.841960 0.000000 -0.539539 0.288849 0.288849 0.288849
7554.422363 0.000000 773.295105 0.000000 0.656988 0.000000 -0.753901 0.297376 0.297376 0.297376
7467.008789 0.000000 817.330750 0.000000 0.780948 0.000000 -0.624596 0.238227 0.238227 0.238227
7472.564941 0.000000 825.374268 0.000000 0.704283 0.000000 -0.709919 0.297613 0.297613 0.297613
7564.083496 0.000000 836.295105 0.000000 0.950307 0.000000 -0.311315 0.202181 0.202181 0.202181
7568.122070 0.000000 801.714966 0.000000 0.647673 0.000000 -0.761918 0.266862 0.266862 0.266862
7559.546875 0.000000 878.570435 0.000000 0.646490 0.000000 -0.762923 0.222593 0.222593 0.222593
7573.902344 0.000000 892.752014 0.000000 0.822693 0.000000 -0.568486 0.248214 0.248214 0.248214
7578.770996 0.000000 856.866272 0.000000 0.618089 0.000000 -0.786108 0.270396 0.270396 0.270396
7562.092773 0.000000 867.052124 0.000000 0.942137 0.000000 -0.335228 0.297705 0.297705 0.297705
7555.005859 0.000000 898.223633 0.000000 0.875714 0.000000 -0.482829 0.286092 0.286092 0.286092
6580.589844 0.000000 1342.559326 0.000000 0.820843 0.000000 -0.571155 0.254784 0.254784 0.254784
6636.127930 0.000000 1326.581909 0.000000 0.950986 0.000000 -0.309234 0.204212 0.204212 0.204212
6627.506348 0.000000 1331.010742 0.000000 0.713567 0.000000 -0.700587 0.243426 0.243426 0.243426
6629.805176 0.000000 1354.667358 0.000000 0.644617 0.000000 -0.764505 0.243771 0.243771 0.243771
6606.057129 0.000000 1333.802979 0.000000 0.619722 0.000000 -0.784821 0.264851 0.264851 0.264851
6621.817383 0.000000 1339.020142 0.000000 0.731692 0.000000 -0.681635 0.301275 0.301275 0.301275
6619.631348 0.000000 1354.990601 0.000000 0.931300 0.000000 -0.364252 0.306548 0.306548 0.306548
6597.351562 0.000000 1350.773682 0.000000 0.773074 0.000000 -0.634315 0.312017 0.312017 0.312017
6717.282227 0.000000 947.705200 0.000000 0.643403 0.000000 -0.765528 0.220218 0.220218 0.220218
6717.240234 0.000000 917.781189 0.000000 0.650998 0.000000 -0.759079 0.243081 0.243081 0.243081
6708.467773 0.000000 924.874695 0.000000 0.771282 0.000000 -0.636494 0.261710 0.261710 0.261710
6709.656738 0.000000 926.393433 0.000000 0.769101 0.000000 -0.639128 0.293103 0.293103 0.293103
6711.779785 0.000000 926.936157 0.000000 0.945966 0.000000 -0.324266 0.292275 0.292275 0.292275
6722.311035 0.000000 940.361084 0.000000 0.730312 0.000000 -0.683114 0.206751 0.206751 0.206751
6724.635742 0.000000 916.152893 0.000000 0.776892 0.000000 -0.629634 0.229361 0.229361 0.229361
6722.875977 0.000000 936.336731 0.000000 0.894548 0.000000 -0.446972 0.240847 0.240847 0.240847
6721.121582 0.000000 920.858521 0.000000 0.742660 0.000000 -0.669669 0.262835 0.262835 0.262835
6723.149902 0.000000 949.543274 0.000000 0.691269 0.000000 -0.722597 0.264931 0.264931 0.264931
6720.125977 0.000000 923.171936 0.000000 0.899549 0.000000 -0.436819 0.261813 0.261813 0.261813
6696.166504 0.000000 972.840515 0.000000 0.844521 0.000000 -0.535522 0.243063 0.243063 0.243063
6724.727051 0.000000 967.485229 0.000000 0.811060 0.000000 -0.584963 0.250214 0.250214 0.250214
6810.529785 0.000000 959.156860 0.000000 0.832256 0.000000 -0.554392 0.214390 0.214390 0.214390
6797.796875 0.000000 942.762817 0.000000 0.932259 0.000000 -0.361792 0.285886 0.285886 0.285886
6794.277832 0.000000 939.801636 0.000000 0.927439 0.000000 -0.373975 0.261557 0.261557 0.261557
6876.380371 0.000000 958.600342 0.000000 0.746386 0.000000 -0.665513 0.205396 0.205396 0.205396
6874.283691 0.000000 950.295837 0.000000 0.842705 0.000000 -0.538375 0.243097 0.243097 0.243097
6851.094727 0.000000 958.534180 0.000000 0.828663 0.000000 -0.559748 0.239217 0.239217 0.239217
6881.632324 0.000000 957.559387 0.000000 0.934253 0.000000 -0.356612 0.253191 0.253191 0.253191
6865.432129 0.000000 958.880859 0.000000 0.895814 0.000000 -0.444428 0.294902 0.294902 0.294902
6854.709961 0.000000 959.879883 0.000000 0.853765 0.000000 -0.520659 0.309433 0.309433 0.309433
6829.470215 0.000000 1007.518677 0.000000 0.669956 0.000000 -0.742400 0.243433 0.243433 0.243433
6846.358398 0.000000 967.106140 0.000000 0.728214 0.000000 -0.685350 0.309304 0.309304 0.309304
6849.375488 0.000000 962.626343 0.000000 0.687647 0.000000 -0.726045 0.294903 0.294903 0.294903
6756.323242 0.000000 1027.219482 0.000000 0.670706 0.000000 -0.741723 0.314770 0.314770 0.314770
6814.021484 0.000000 1024.985718 0.000000 0.661803 0.000000 -0.749678 0.229649 0.229649 0.229649
6827.954590 0.000000 1040.424805 0.000000 0.589748 0.000000 -0.807588 0.240813 0.240813 0.240813
6828.736816 0.000000 1019.540833 0.000000 0.841546 0.000000 -0.540186 0.309958 0.309958 0.309958
6820.202637 0.000000 1020.367371 0.000000 0.780226 0.000000 -0.625497 0.250171 0.250171 0.250171
6800.053223 0.000000 1022.079102 0.000000 0.885445 0.000000 -0.464743 0.260429 0.260429 0.260429
6812.237305 0.000000 1020.694031 0.000000 0.815805 0.000000 -0.578326 0.274568 0.274568 0.274568
6784.649414 0.000000 1031.633789 0.000000 0.604470 0.000000 -0.796628 0.277382 0.277382 0.277382
6880.032227 0.000000 1053.656616 0.000000 0.644824 0.000000 -0.764331 0.205625 0.205625 0.205625
6862.220703 0.000000 1033.799683 0.000000 0.940653 0.000000 -0.339369 0.202273 0.202273 0.202273
6870.889648 0.000000 1065.980713 0.000000 0.749477 0.000000 -0.662031 0.241696 0.241696 0.241696
6862.755859 0.000000 1026.166870 0.000000 0.943676 0.000000 -0.330872 0.244770 0.244770 0.244770
6860.183105 0.000000 1026.374023 0.000000 0.853029 0.000000 -0.521864 0.293308 0.293308 0.293308
6899.083008 0.000000 1049.132935 0.000000 0.927837 0.000000 -0.372985 0.246994 0.246994 0.246994
6857.453613 0.000000 1029.389038 0.000000 0.822676 0.000000 -0.568511 0.257721 0.257721 0.257721
6889.191895 0.000000 1019.164795 0.000000 0.935747 0.000000 -0.352671 0.260696 0.260696 0.260696
6889.729980 0.000000 1022.690796 0.000000 0.682744 0.000000 -0.730658 0.290099 0.290099 0.290099
6890.678223 0.000000 1111.378174 0.000000 0.657825 0.000000 -0.753171 0.215260 0.215260 0.215260
6890.440430 0.000000 1089.412109 0.000000 0.677341 0.000000 -0.735669 0.218653 0.218653 0.218653
6882.177734 0.000000 1100.136230 0.000000 0.679456 0.000000 -0.733716 0.223429 0.223429 0.223429
6885.817871 0.000000 1106.769897 0.000000 0.688456 0.000000 -0.725278 0.239560 0.239560 0.239560
6880.813477 0.000000 1116.708984 0.000000 0.929688 0.000000 -0.368348 0.247521 0.247521 0.247521
6882.937988 0.000000 1103.708130 0.000000 0.929263 0.000000 -0.369418 0.234180 0.234180 0.234180
6893.442383 0.000000 1084.965942 0.000000 0.648508 0.000000 -0.761208 0.254654 0.254654 0.254654
6885.454590 0.000000 1102.386963 0.000000 0.938866 0.000000 -0.344281 0.306186 0.306186 0.306186
6889.761719 0.000000 1112.192261 0.000000 0.672410 0.000000 -0.740179 0.277443 0.277443 0.277443
6894.890137 0.000000 1109.457886 0.000000 0.933221 0.000000 -0.359302 0.263110 0.263110 0.263110
6896.198730 0.000000 1096.875000 0.000000 0.914532 0.000000 -0.404514 0.283051 0.283051 0.283051
6889.729980 0.000000 1079.175171 0.000000 0.899080 0.000000 -0.437785 0.307975 0.307975 0.307975
6963.824219 0.000000 948.084473 0.000000 0.823957 0.000000 -0.566652 0.227474 0.227474 0.227474
7026.000000 0.000000 907.057922 0.000000 0.748392 0.000000 -0.663257 0.282664 0.282664 0.282664
7061.008301 0.000000 932.855042 0.000000 0.801371 0.000000 -0.598167 0.222491 0.222491 0.222491
7152.580566 0.000000 934.190735 0.000000 0.722233 0.000000 -0.691649 0.205263 0.205263 0.205263
7156.777832 0.000000 936.698059 0.000000 0.884185 0.000000 -0.467137 0.235218 0.235218 0.235218
7161.187988 0.000000 935.235352 0.000000 0.882022 0.000000 -0.471208 0.238192 0.238192 0.238192
7159.338379 0.000000 936.274231 0.000000 0.662172 0.000000 -0.749351 0.250204 0.250204 0.250204
7146.301758 0.000000 947.295776 0.000000 0.698998 0.000000 -0.715123 0.305702 0.305702 0.305702
7158.847168 0.000000 946.611938 0.000000 0.738410 0.000000 -0.674352 0.312721 0.312721 0.312721
6934.249023 0.000000 1073.085938 0.000000 0.901069 0.000000 -0.433675 0.244787 0.244787 0.244787
6938.283691 0.000000 1063.264648 0.000000 0.885309 0.000000 -0.465004 0.248678 0.248678 0.248678
6926.365723 0.000000 1059.716064 0.000000 0.844992 0.000000 -0.534779 0.250738 0.250738 0.250738
6936.179688 0.000000 1057.327026 0.000000 0.896543 0.000000 -0.442956 0.260722 0.260722 0.260722
6941.463379 0.000000 1042.794800 0.000000 0.617287 0.000000 -0.786738 0.282096 0.282096 0.282096
6938.614258 0.000000 1060.362183 0.000000 0.924385 0.000000 -0.381461 0.298508 0.298508 0.298508
6929.965332 0.000000 1057.343872 0.000000 0.722436 0.000000 -0.691438 0.284415 0.284415 0.284415
6961.437988 0.000000 1032.893677 0.000000 0.788778 0.000000 -0.614678 0.272767 0.272767 0.272767
6981.041016 0.000000 1060.495239 0.000000 0.767898 0.000000 -0.640572 0.239621 0.239621 0.239621
6997.894043 0.000000 1069.992554 0.000000 0.899537 0.000000 -0.436844 0.241316 0.241316 0.241316
7007.979004 0.000000 1045.786743 0.000000 0.900006 0.000000 -0.435877 0.281195 0.281195 0.281195
7025.394043 0.000000 1098.532837 0.000000 0.918992 0.000000 -0.394277 0.206598 0.206598 0.206598
7017.262207 0.000000 1086.540771 0.000000 0.671254 0.000000 -0.741227 0.225325 0.225325 0.225325
7033.206055 0.000000 1082.829590 0.000000 0.679285 0.000000 -0.733875 0.230042 0.230042 0.230042
6997.353516 0.000000 1109.092896 0.000000 0.649477 0.000000 -0.760381 0.247954 0.247954 0.247954
6996.708984 0.000000 1116.768555 0.000000 0.842775 0.000000 -0.538266 0.241324 0.241324 0.241324
7026.572266 0.000000 1097.917847 0.000000 0.889835 0.000000 -0.456282 0.250331 0.250331 0.250331
7065.283691 0.000000 1094.820923 0.000000 0.946260 0.000000 -0.323408 0.203169 0.203169 0.203169
7092.156250 0.000000 1091.571167 0.000000 0.704879 0.000000 -0.709327 0.242346 0.242346 0.242346
7103.314453 0.000000 1101.115967 0.000000 0.845466 0.000000 -0.534029 0.246589 0.246589 0.246589
7101.190430 0.000000 1128.625244 0.000000 0.785157 0.000000 -0.619296 0.312755 0.312755 0.312755
7088.161133 0.000000 1112.552246 0.000000 0.886641 0.000000 -0.462459 0.284571 0.284571 0.284571
7105.515137 0.000000 1102.388184 0.000000 0.669263 0.000000 -0.743026 0.296510 0.296510 0.296510
7127.105469 0.000000 1117.386475 0.000000 0.866271 0.000000 -0.499575 0.276882 0.276882 0.276882
7159.038086 0.000000 1121.203247 0.000000 0.834987 0.000000 -0.550269 0.266973 0.266973 0.266973
7159.916992 0.000000 1123.369751 0.000000 0.931246 0.000000 -0.364391 0.276001 0.276001 0.276001
6703.537109 0.000000 1326.269043 0.000000 0.763249 0.000000 -0.646105 0.204753 0.204753 0.204753
6691.093262 0.000000 1321.516724 0.000000 0.661724 0.000000 -0.749748 0.221224 0.221224 0.221224
6782.038574 0.000000 1323.123901 0.000000 0.877355 0.000000 -0.479842 0.234184 0.234184 0.234184
6772.080566 0.000000 1312.334106 0.000000 0.807327 0.000000 -0.590104 0.228321 0.228321 0.228321
6935.293457 0.000000 1153.252319 0.000000 0.862007 0.000000 -0.506896 0.203596 0.203596 0.203596
6939.635742 0.000000 1152.737915 0.000000 0.856898 0.000000 -0.515486 0.203786 0.203786 0.203786
6938.062500 0.000000 1156.725098 0.000000 0.871791 0.000000 -0.489877 0.236055 0.236055 0.236055
6937.036621 0.000000 1154.622437 0.000000 0.749044 0.000000 -0.662520 0.256101 0.256101 0.256101
6936.631836 0.000000 1140.300415 0.000000 0.776684 0.000000 -0.629891 0.240678 0.240678 0.240678
6936.136230 0.000000 1150.101685 0.000000 0.858883 0.000000 -0.512171 0.268778 0.268778 0.268778
7000.795410 0.000000 1157.599731 0.000000 0.892025 0.000000 -0.451986 0.203243 0.203243 0.203243
6986.583984 0.000000 1155.911499 0.000000 0.918892 0.000000 -0.394509 0.233279 0.233279 0.233279
7032.005371 0.000000 1135.794800 0.000000 0.890556 0.000000 -0.454873 0.287991 0.287991 0.287991
7040.514160 0.000000 1145.768311 0.000000 0.708702 0.000000 -0.705508 0.205201 0.205201 0.205201
7053.317383 0.000000 1182.914795 0.000000 0.854145 0.000000 -0.520034 0.227569 0.227569 0.227569
7061.894043 0.000000 1182.961304 0.000000 0.933133 0.000000 -0.359531 0.243355 0.243355 0.243355
7098.590332 0.000000 1172.241943 0.000000 0.894949 0.000000 -0.446167 0.237913 0.237913 0.237913
7052.607910 0.000000 1166.623169 0.000000 0.679613 0.000000 -0.733571 0.249953 0.249953 0.249953
7098.406250 0.000000 1168.767822 0.000000 0.659634 0.000000 -0.751587 0.249027 0.249027 0.249027
7088.177246 0.000000 1167.729492 0.000000 0.941320 0.000000 -0.337516 0.262821 0.262821 0.262821
7083.276855 0.000000 1175.174072 0.000000 0.855600 0.000000 -0.517637 0.248155 0.248155 0.248155
7075.590332 0.000000 1175.575806 0.000000 0.762698 0.000000 -0.646755 0.312511 0.312511 0.312511
7081.168457 0.000000 1161.244873 0.000000 0.712102 0.000000 -0.702076 0.272461 0.272461 0.272461
7096.008301 0.000000 1171.936890 0.000000 0.685133 0.000000 -0.728418 0.266249 0.266249 0.266249
7077.960449 0.000000 1169.556274 0.000000 0.700069 0.000000 -0.714075 0.266604 0.266604 0.266604
7124.984863 0.000000 1166.885498 0.000000 0.859172 0.000000 -0.511687 0.204054 0.204054 0.204054
7159.044922 0.000000 1168.775879 0.000000 0.677970 0.000000 -0.735089 0.212656 0.212656 0.212656
7104.016113 0.000000 1138.340088 0.000000 0.834055 0.000000 -0.551681 0.230263 0.230263 0.230263
7133.264648 0.000000 1176.468750 0.000000 0.936309 0.000000 -0.351177 0.226469 0.226469 0.226469
7162.406250 0.000000 1168.767822 0.000000 0.667609 0.000000 -0.744512 0.246491 0.246491 0.246491
7148.345703 0.000000 1140.404053 0.000000 0.741968 0.000000 -0.670435 0.249608 0.249608 0.249608
7144.398438 0.000000 1138.553955 0.000000 0.932553 0.000000 -0.361032 0.250340 0.250340 0.250340
7145.821777 0.000000 1144.144531 0.000000 0.940771 0.000000 -0.339043 0.246021 0.246021 0.246021
7165.190430 0.000000 1185.109619 0.000000 0.691358 0.000000 -0.722512 0.265537 0.265537 0.265537
7149.887207 0.000000 1168.919434 0.000000 0.908597 0.000000 -0.417673 0.289139 0.289139 0.289139
7136.728027 0.000000 1140.896240 0.000000 0.702675 0.000000 -0.711511 0.256865 0.256865 0.256865
7109.924316 0.000000 1145.326904 0.000000 0.657808 0.000000 -0.753186 0.280153 0.280153 0.280153
7141.645508 0.000000 1165.467407 0.000000 0.775087 0.000000 -0.631855 0.270648 0.270648 0.270648
7067.131348 0.000000 1202.293091 0.000000 0.653556 0.000000 -0.756878 0.205701 0.205701 0.205701
7057.664551 0.000000 1192.827881 0.000000 0.811712 0.000000 -0.584058 0.204298 0.204298 0.204298
7076.099609 0.000000 1224.489624 0.000000 0.711729 0.000000 -0.702454 0.220063 0.220063 0.220063
7046.054199 0.000000 1187.770508 0.000000 0.691547 0.000000 -0.722332 0.220892 0.220892 0.220892
7055.104980 0.000000 1189.074463 0.000000 0.825259 0.000000 -0.564754 0.235135 0.235135 0.235135
7080.728027 0.000000 1228.985474 0.000000 0.604887 0.000000 -0.796312 0.241847 0.241847 0.241847
7133.530273 0.000000 1213.464233 0.000000 0.775575 0.000000 -0.631256 0.204588 0.204588 0.204588
7154.103516 0.000000 1234.504761 0.000000 0.684740 0.000000 -0.728788 0.213783 0.213783 0.213783
7112.722168 0.000000 1218.690918 0.000000 0.802377 0.000000 -0.596818 0.216566 0.216566 0.216566
7118.035156 0.000000 1212.171509 0.000000 0.950688 0.000000 -0.310150 0.225503 0.225503 0.225503
7143.388184 0.000000 1204.232666 0.000000 0.686312 0.000000 -0.727308 0.237178 0.237178 0.237178
7122.425781 0.000000 1235.024048 0.000000 0.889934 0.000000 -0.456090 0.235098 0.235098 0.235098
7163.523926 0.000000 1199.631226 0.000000 0.835936 0.000000 -0.548826 0.234952 0.234952 0.234952
7151.221680 0.000000 1226.874146 0.000000 0.863690 0.000000 -0.504024 0.242684 0.242684 0.242684
7114.576172 0.000000 1216.515625 0.000000 0.842875 0.000000 -0.538110 0.238960 0.238960 0.238960
7135.786621 0.000000 1219.893311 0.000000 0.925724 0.000000 -0.378201 0.243566 0.243566 0.243566
7154.448730 0.000000 1229.396729 0.000000 0.883589 0.000000 -0.468264 0.285258 0.285258 0.285258
7135.082031 0.000000 1222.319580 0.000000 0.921978 0.000000 -0.387243 0.292742 0.292742 0.292742
7154.113770 0.000000 1231.927246 0.000000 0.896813 0.000000 -0.442410 0.299594 0.299594 0.299594
7116.518066 0.000000 1214.762207 0.000000 0.671932 0.000000 -0.740613 0.257952 0.257952 0.257952
7127.733887 0.000000 1228.073120 0.000000 0.945472 0.000000 -0.325704 0.259187 0.259187 0.259187
7153.638184 0.000000 1227.260498 0.000000 0.909702 0.000000 -0.415262 0.283221 0.283221 0.283221
7124.942871 0.000000 1235.779053 0.000000 0.729753 0.000000 -0.683711 0.278194 0.278194 0.278194
6931.443848 0.000000 1292.576050 0.000000 0.618988 0.000000 -0.785401 0.206626 0.206626 0.206626
6928.310547 0.000000 1290.251709 0.000000 0.896203 0.000000 -0.443644 0.220378 0.220378 0.220378
6927.354980 0.000000 1288.878296 0.000000 0.816598 0.000000 -0.577208 0.231728 0.231728 0.231728
6960.587891 0.000000 1319.393921 0.000000 0.821908 0.000000 -0.569621 0.205712 0.205712 0.205712
6362.529785 0.000000 1524.000610 0.000000 0.667816 0.000000 -0.744326 0.220557 0.220557 0.220557
6390.485352 0.000000 1494.007935 0.000000 0.831178 0.000000 -0.556006 0.232081 0.232081 0.232081
6392.379395 0.000000 1482.974487 0.000000 0.805818 0.000000 -0.592164 0.231898 0.231898 0.231898
6397.256836 0.000000 1473.958496 0.000000 0.888065 0.000000 -0.459717 0.249787 0.249787 0.249787
6393.538086 0.000000 1491.544312 0.000000 0.910579 0.000000 -0.413335 0.260326 0.260326 0.260326
6383.144043 0.000000 1506.318359 0.000000 0.726805 0.000000 -0.686844 0.307503 0.307503 0.307503
6334.913574 0.000000 1571.116699 0.000000 0.663486 0.000000 -0.748189 0.242915 0.242915 0.242915
6316.898438 0.000000 1580.938965 0.000000 0.824517 0.000000 -0.565838 0.257683 0.257683 0.257683
6390.385254 0.000000 1528.987183 0.000000 0.899069 0.000000 -0.437806 0.212759 0.212759 0.212759
6363.966309 0.000000 1534.691284 0.000000 0.663807 0.000000 -0.747904 0.218198 0.218198 0.218198
6389.177734 0.000000 1535.598511 0.000000 0.700089 0.000000 -0.714055 0.214218 0.214218 0.214218
6366.725586 0.000000 1528.670654 0.000000 0.906620 0.000000 -0.421949 0.212623 0.212623 0.212623
6357.917480 0.000000 1569.340332 0.000000 0.939325 0.000000 -0.343028 0.217152 0.217152 0.217152
6398.038574 0.000000 1549.061401 0.000000 0.897324 0.000000 -0.441372 0.225019 0.225019 0.225019
6394.093750 0.000000 1555.515015 0.000000 0.873322 0.000000 -0.487143 0.249541 0.249541 0.249541
6361.172852 0.000000 1561.592896 0.000000 0.621900 0.000000 -0.783097 0.243458 0.243458 0.243458
6369.152344 0.000000 1571.245972 0.000000 0.866609 0.000000 -0.498989 0.279243 0.279243 0.279243
6397.039062 0.000000 1543.419312 0.000000 0.794336 0.000000 -0.607479 0.243964 0.243964 0.243964
6375.639160 0.000000 1552.151245 0.000000 0.893161 0.000000 -0.449738 0.292040 0.292040 0.292040
6396.871582 0.000000 1554.272949 0.000000 0.934150 0.000000 -0.356880 0.277056 0.277056 0.277056
6365.048828 0.000000 1526.720581 0.000000 0.775196 0.000000 -0.631721 0.267039 0.267039 0.267039
6368.863281 0.000000 1545.902832 0.000000 0.924339 0.000000 -0.381572 0.256994 0.256994 0.256994
6382.356934 0.000000 1542.375122 0.000000 0.876610 0.000000 -0.481201 0.309588 0.309588 0.309588
6359.733887 0.000000 1566.979370 0.000000 0.692352 0.000000 -0.721560 0.277081 0.277081 0.277081
6399.384277 0.000000 1540.842407 0.000000 0.845230 0.000000 -0.534402 0.310177 0.310177 0.310177
6385.734375 0.000000 1543.187256 0.000000 0.769927 0.000000 -0.638132 0.303388 0.303388 0.303388
6363.859375 0.000000 1540.223389 0.000000 0.919720 0.000000 -0.392575 0.307403 0.307403 0.307403
6396.561035 0.000000 1544.582031 0.000000 0.829271 0.000000 -0.558847 0.311214 0.311214 0.311214
6338.422363 0.000000 1564.076416 0.000000 0.635166 0.000000 -0.772375 0.315402 0.315402 0.315402
6387.336914 0.000000 1547.189819 0.000000 0.646331 0.000000 -0.763057 0.287117 0.287117 0.287117
6460.439453 0.000000 1404.677979 0.000000 0.840521 0.000000 -0.541779 0.310806 0.310806 0.310806
6462.572266 0.000000 1406.142822 0.000000 0.600533 0.000000 -0.799600 0.266369 0.266369 0.266369
6460.564941 0.000000 1405.994629 0.000000 0.718731 0.000000 -0.695288 0.314511 0.314511 0.314511
6489.774414 0.000000 1405.324219 0.000000 0.725334 0.000000 -0.688397 0.219904 0.219904 0.219904
6498.837891 0.000000 1403.716431 0.000000 0.789926 0.000000 -0.613202 0.236896 0.236896 0.236896
6519.353516 0.000000 1362.768799 0.000000 0.605550 0.000000 -0.795807 0.246103 0.246103 0.246103
6494.985352 0.000000 1404.668945 0.000000 0.672440 0.000000 -0.740151 0.273777 0.273777 0.273777
6487.843750 0.000000 1393.965210 0.000000 0.891339 0.000000 -0.453337 0.260862 0.260862 0.260862
6517.096680 0.000000 1369.535400 0.000000 0.815144 0.000000 -0.579258 0.300378 0.300378 0.300378
6468.470703 0.000000 1390.614136 0.000000 0.875348 0.000000 -0.483494 0.263634 0.263634 0.263634
6517.144531 0.000000 1364.945923 0.000000 0.832512 0.000000 -0.554006 0.253363 0.253363 0.253363
6445.585449 0.000000 1422.542480 0.000000 0.864147 0.000000 -0.503239 0.213920 0.213920 0.213920
6445.674805 0.000000 1425.112793 0.000000 0.666766 0.000000 -0.745267 0.228386 0.228386 0.228386
6422.444824 0.000000 1463.808228 0.000000 0.768303 0.000000 -0.640086 0.229482 0.229482 0.229482
6454.908203 0.000000 1423.983398 0.000000 0.914445 0.000000 -0.404710 0.242120 0.242120 0.242120
6406.966309 0.000000 1459.979370 0.000000 0.616552 0.000000 -0.787314 0.317312 0.317312 0.317312
6403.574219 0.000000 1465.532959 0.000000 0.908798 0.000000 -0.417237 0.303858 0.303858 0.303858
6416.512207 0.000000 1447.854736 0.000000 0.843879 0.000000 -0.536534 0.307337 0.307337 0.307337
6448.334961 0.000000 1428.212769 0.000000 0.814900 0.000000 -0.579601 0.268613 0.268613 0.268613
6421.042969 0.000000 1440.013306 0.000000 0.915031 0.000000 -0.403384 0.307432 0.307432 0.307432
6418.234375 0.000000 1443.572632 0.000000 0.746374 0.000000 -0.665526 0.313335 0.313335 0.313335
6451.308594 0.000000 1427.284424 0.000000 0.596806 0.000000 -0.802385 0.316566 0.316566 0.316566
6414.050293 0.000000 1444.262451 0.000000 0.911435 0.000000 -0.411444 0.278464 0.278464 0.278464
6455.779785 0.000000 1435.295532 0.000000 0.860929 0.000000 -0.508725 0.303204 0.303204 0.303204
6420.545898 0.000000 1444.269775 0.000000 0.621347 0.000000 -0.783536 0.286958 0.286958 0.286958
6487.371094 0.000000 1455.123291 0.000000 0.863253 0.000000 -0.504771 0.203553 0.203553 0.203553
6501.967285 0.000000 1437.006714 0.000000 0.598765 0.000000 -0.800925 0.223099 0.223099 0.223099
6496.131348 0.000000 1417.228760 0.000000 0.860004 0.000000 -0.510288 0.239225 0.239225 0.239225
6496.240234 0.000000 1426.079224 0.000000 0.788431 0.000000 -0.615123 0.245852 0.245852 0.245852
6497.760254 0.000000 1416.517456 0.000000 0.799334 0.000000 -0.600887 0.240311 0.240311 0.240311
6496.868164 0.000000 1428.480835 0.000000 0.928774 0.000000 -0.370646 0.238254 0.238254 0.238254
6494.348145 0.000000 1442.447754 0.000000 0.772684 0.000000 -0.634791 0.243128 0.243128 0.243128
6489.036621 0.000000 1437.044312 0.000000 0.863481 0.000000 -0.504381 0.238569 0.238569 0.238569
6495.443848 0.000000 1450.220703 0.000000 0.802586 0.000000 -0.596536 0.255138 0.255138 0.255138
6497.315918 0.000000 1444.802368 0.000000 0.794799 0.000000 -0.606873 0.312381 0.312381 0.312381
6491.792969 0.000000 1441.550171 0.000000 0.629688 0.000000 -0.776848 0.257365 0.257365 0.257365
6546.498535 0.000000 1359.442993 0.000000 0.922985 0.000000 -0.384837 0.207680 0.207680 0.207680
6531.050781 0.000000 1359.019287 0.000000 0.932626 0.000000 -0.360845 0.230615 0.230615 0.230615
6547.737305 0.000000 1362.106689 0.000000 0.673146 0.000000 -0.739510 0.309983 0.309983 0.309983
6533.529297 0.000000 1359.114990 0.000000 0.701237 0.000000 -0.712928 0.314385 0.314385 0.314385
6534.916992 0.000000 1358.048950 0.000000 0.915969 0.000000 -0.401250 0.295330 0.295330 0.295330
6529.375488 0.000000 1358.016968 0.000000 0.612633 0.000000 -0.790367 0.292680 0.292680 0.292680
6628.575195 0.000000 1358.014038 0.000000 0.788641 0.000000 -0.614854 0.204546 0.204546 0.204546
6631.339844 0.000000 1357.207520 0.000000 0.772334 0.000000 -0.635216 0.255095 0.255095 0.255095
6626.393066 0.000000 1464.811035 0.000000 0.620369 0.000000 -0.784310 0.247129 0.247129 0.247129
6607.939941 0.000000 1466.807251 0.000000 0.938228 0.000000 -0.346019 0.285053 0.285053 0.285053
6616.507324 0.000000 1459.634399 0.000000 0.922510 0.000000 -0.385974 0.307568 0.307568 0.307568
6632.275879 0.000000 1460.881958 0.000000 0.883362 0.000000 -0.468692 0.256952 0.256952 0.256952
6612.942871 0.000000 1461.716553 0.000000 0.804142 0.000000 -0.594437 0.268845 0.268845 0.268845
6427.966309 0.000000 1478.206909 0.000000 0.836388 0.000000 -0.548137 0.210221 0.210221 0.210221
6430.425293 0.000000 1475.478149 0.000000 0.778516 0.000000 -0.627624 0.243631 0.243631 0.243631
6436.191406 0.000000 1480.298706 0.000000 0.780576 0.000000 -0.625061 0.245387 0.245387 0.245387
6400.649414 0.000000 1483.508789 0.000000 0.846783 0.000000 -0.531939 0.264919 0.264919 0.264919
6409.386230 0.000000 1475.864258 0.000000 0.667033 0.000000 -0.745028 0.310738 0.310738 0.310738
6450.584961 0.000000 1552.972412 0.000000 0.674942 0.000000 -0.737871 0.205408 0.205408 0.205408
6451.863281 0.000000 1549.450806 0.000000 0.678209 0.000000 -0.734869 0.205605 0.205605 0.205605
6449.314941 0.000000 1567.776367 0.000000 0.713961 0.000000 -0.700186 0.210492 0.210492 0.210492
6442.638672 0.000000 1575.510742 0.000000 0.730848 0.000000 -0.682540 0.214476 0.214476 0.214476
6440.675293 0.000000 1572.118408 0.000000 0.751707 0.000000 -0.659498 0.239867 0.239867 0.239867
6444.208984 0.000000 1579.164673 0.000000 0.596931 0.000000 -0.802293 0.248045 0.248045 0.248045
6445.494141 0.000000 1566.718506 0.000000 0.904101 0.000000 -0.427320 0.308433 0.308433 0.308433
6438.524902 0.000000 1572.431519 0.000000 0.848823 0.000000 -0.528678 0.309617 0.309617 0.309617
6444.451660 0.000000 1568.690552 0.000000 0.949866 0.000000 -0.312657 0.265390 0.265390 0.265390
6443.446289 0.000000 1566.689697 0.000000 0.685076 0.000000 -0.728472 0.315586 0.315586 0.315586
6420.580078 0.000000 1572.675293 0.000000 0.690215 0.000000 -0.723604 0.280780 0.280780 0.280780
6441.761719 0.000000 1564.067261 0.000000 0.684539 0.000000 -0.728976 0.315447 0.315447 0.315447
6440.188477 0.000000 1562.421143 0.000000 0.716633 0.000000 -0.697450 0.293677 0.293677 0.293677
6585.653809 0.000000 1521.434204 0.000000 0.640713 0.000000 -0.767780 0.316325 0.316325 0.316325
6583.347168 0.000000 1524.645020 0.000000 0.769811 0.000000 -0.638272 0.302177 0.302177 0.302177
6581.492676 0.000000 1524.123047 0.000000 0.868664 0.000000 -0.495402 0.276816 0.276816 0.276816
6619.203125 0.000000 1507.911499 0.000000 0.627894 0.000000 -0.778299 0.208947 0.208947 0.208947
6603.084961 0.000000 1478.972412 0.000000 0.793608 0.000000 -0.608429 0.217273 0.217273 0.217273
6628.830078 0.000000 1503.521484 0.000000 0.802774 0.000000 -0.596283 0.227797 0.227797 0.227797
6653.976074 0.000000 1509.279541 0.000000 0.855935 0.000000 -0.517084 0.236360 0.236360 0.236360
6605.467285 0.000000 1517.240601 0.000000 0.909453 0.000000 -0.415808 0.232919 0.232919 0.232919
6605.344238 0.000000 1482.883423 0.000000 0.661031 0.000000 -0.750358 0.255078 0.255078 0.255078
6599.754395 0.000000 1498.560059 0.000000 0.725791 0.000000 -0.687916 0.313409 0.313409 0.313409
6618.203125 0.000000 1501.199585 0.000000 0.834334 0.000000 -0.551259 0.310845 0.310845 0.310845
6618.370605 0.000000 1491.183472 0.000000 0.643078 0.000000 -0.765801 0.288408 0.288408 0.288408
6600.415527 0.000000 1495.666016 0.000000 0.632596 0.000000 -0.774482 0.259764 0.259764 0.259764
6615.843750 0.000000 1506.933960 0.000000 0.702259 0.000000 -0.711922 0.302560 0.302560 0.302560
6609.011230 0.000000 1469.930908 0.000000 0.876637 0.000000 -0.481153 0.309155 0.309155 0.309155
6621.995605 0.000000 1493.159912 0.000000 0.732747 0.000000 -0.680501 0.257581 0.257581 0.257581
6617.770020 0.000000 1507.761475 0.000000 0.911771 0.000000 -0.410700 0.306095 0.306095 0.306095
6614.163574 0.000000 1471.559082 0.000000 0.631962 0.000000 -0.774999 0.291082 0.291082 0.291082
6647.950684 0.000000 1506.777710 0.000000 0.716239 0.000000 -0.697855 0.314694 0.314694 0.314694
6610.263672 0.000000 1480.680298 0.000000 0.772314 0.000000 -0.635241 0.295448 0.295448 0.295448
6628.343262 0.000000 1475.135132 0.000000 0.917888 0.000000 -0.396840 0.307702 0.307702 0.307702
6627.792969 0.000000 1469.570312 0.000000 0.850189 0.000000 -0.526478 0.277904 0.277904 0.277904
6618.586914 0.000000 1500.119141 0.000000 0.878174 0.000000 -0.478341 0.309264 0.309264 0.309264
6595.005859 0.000000 1519.551758 0.000000 0.665038 0.000000 -0.746810 0.312638 0.312638 0.312638
6582.255859 0.000000 1533.838135 0.000000 0.931288 0.000000 -0.364283 0.212136 0.212136 0.212136
6579.716797 0.000000 1527.330200 0.000000 0.900346 0.000000 -0.435175 0.303600 0.303600 0.303600
6613.235840 0.000000 1544.939209 0.000000 0.810389 0.000000 -0.585892 0.204313 0.204313 0.204313
6318.203125 0.000000 1605.083862 0.000000 0.724420 0.000000 -0.689358 0.234267 0.234267 0.234267
6312.459473 0.000000 1611.082031 0.000000 0.926687 0.000000 -0.375833 0.252263 0.252263 0.252263
6312.696289 0.000000 1591.810059 0.000000 0.941114 0.000000 -0.338088 0.266313 0.266313 0.266313
6298.370605 0.000000 1604.152222 0.000000 0.752617 0.000000 -0.658459 0.267474 0.267474 0.267474
6323.413574 0.000000 1601.113037 0.000000 0.848228 0.000000 -0.529631 0.284503 0.284503 0.284503
6293.902344 0.000000 1627.048950 0.000000 0.691732 0.000000 -0.722154 0.272219 0.272219 0.272219
6273.519531 0.000000 1629.106323 0.000000 0.605628 0.000000 -0.795748 0.303981 0.303981 0.303981
6294.176758 0.000000 1618.985474 0.000000 0.876549 0.000000 -0.481313 0.273049 0.273049 0.273049
6327.569824 0.000000 1601.560669 0.000000 0.811336 0.000000 -0.584580 0.288457 0.288457 0.288457
6326.497559 0.000000 1594.726440 0.000000 0.866800 0.000000 -0.498657 0.270353 0.270353 0.270353
6311.180176 0.000000 1611.986816 0.000000 0.639556 0.000000 -0.768744 0.291555 0.291555 0.291555
6323.716797 0.000000 1583.814575 0.000000 0.717875 0.000000 -0.696172 0.313986 0.313986 0.313986
6385.031738 0.000000 1627.901001 0.000000 0.781712 0.000000 -0.623640 0.215059 0.215059 0.215059
6386.750488 0.000000 1622.115723 0.000000 0.809603 0.000000 -0.586978 0.215879 0.215879 0.215879
6385.352051 0.000000 1634.696167 0.000000 0.919222 0.000000 -0.393739 0.246654 0.246654 0.246654
6398.147949 0.000000 1626.517212 0.000000 0.743766 0.000000 -0.668440 0.243579 0.243579 0.243579
6348.183105 0.000000 1591.217773 0.000000 0.716659 0.000000 -0.697424 0.293677 0.293677 0.293677
6384.248535 0.000000 1635.367798 0.000000 0.637765 0.000000 -0.770231 0.251764 0.251764 0.251764
6345.798340 0.000000 1586.936035 0.000000 0.945045 0.000000 -0.326939 0.306024 0.306024 0.306024
6347.238281 0.000000 1587.703613 0.000000 0.819699 0.000000 -0.572795 0.311648 0.311648 0.311648
6372.144531 0.000000 1687.008301 0.000000 0.943060 0.000000 -0.332624 0.208418 0.208418 0.208418
6398.854492 0.000000 1664.630249 0.000000 0.925610 0.000000 -0.378479 0.211676 0.211676 0.211676
6377.922852 0.000000 1663.198853 0.000000 0.775529 0.000000 -0.631312 0.247263 0.247263 0.247263
6377.081055 0.000000 1665.564209 0.000000 0.784118 0.000000 -0.620612 0.274668 0.274668 0.274668
6412.112305 0.000000 1596.469238 0.000000 0.679101 0.000000 -0.734045 0.205741 0.205741 0.205741
6441.963379 0.000000 1589.091797 0.000000 0.939348 0.000000 -0.342966 0.221192 0.221192 0.221192
6407.620605 0.000000 1587.791748 0.000000 0.946585 0.000000 -0.322455 0.226195 0.226195 0.226195
6429.380859 0.000000 1600.960205 0.000000 0.901256 0.000000 -0.433286 0.231352 0.231352 0.231352
6429.948242 0.000000 1622.682861 0.000000 0.854812 0.000000 -0.518938 0.241093 0.241093 0.241093
6412.904785 0.000000 1609.044922 0.000000 0.927746 0.000000 -0.373211 0.252813 0.252813 0.252813
6412.183105 0.000000 1591.217773 0.000000 0.912856 0.000000 -0.408282 0.246825 0.246825 0.246825
6404.220703 0.000000 1598.917236 0.000000 0.877442 0.000000 -0.479682 0.271252 0.271252 0.271252
6404.993652 0.000000 1605.745605 0.000000 0.880490 0.000000 -0.474064 0.248202 0.248202 0.248202
6440.301758 0.000000 1621.879272 0.000000 0.638234 0.000000 -0.769842 0.316681 0.316681 0.316681
6413.130371 0.000000 1623.738647 0.000000 0.758495 0.000000 -0.651679 0.292744 0.292744 0.292744
6421.902344 0.000000 1627.048950 0.000000 0.725332 0.000000 -0.688399 0.313534 0.313534 0.313534
6401.515137 0.000000 1610.747559 0.000000 0.817186 0.000000 -0.576374 0.265579 0.265579 0.265579
6432.520996 0.000000 1637.015381 0.000000 0.950582 0.000000 -0.310473 0.305462 0.305462 0.305462
6417.965332 0.000000 1622.187622 0.000000 0.615126 0.000000 -0.788429 0.316054 0.316054 0.316054
6410.347656 0.000000 1621.632080 0.000000 0.752292 0.000000 -0.658829 0.313521 0.313521 0.313521
6433.173340 0.000000 1605.959717 0.000000 0.742604 0.000000 -0.669731 0.312641 0.312641 0.312641
6412.307617 0.000000 1622.322998 0.000000 0.762649 0.000000 -0.646813 0.292648 0.292648 0.292648
6409.062988 0.000000 1623.542480 0.000000 0.934135 0.000000 -0.356920 0.275308 0.275308 0.275308
6434.900879 0.000000 1638.111572 0.000000 0.901069 0.000000 -0.433676 0.202912 0.202912 0.202912
6413.344238 0.000000 1652.336548 0.000000 0.786111 0.000000 -0.618085 0.312027 0.312027 0.312027
6714.504395 0.000000 1435.868286 0.000000 0.829059 0.000000 -0.559161 0.204059 0.204059 0.204059
6706.798340 0.000000 1448.790527 0.000000 0.742928 0.000000 -0.669371 0.205017 0.205017 0.205017
6692.342285 0.000000 1467.778076 0.000000 0.750281 0.000000 -0.661119 0.215441 0.215441 0.215441
6716.771484 0.000000 1449.193481 0.000000 0.926742 0.000000 -0.375698 0.213388 0.213388 0.213388
6706.132324 0.000000 1431.530518 0.000000 0.686854 0.000000 -0.726795 0.229949 0.229949 0.229949
6705.393555 0.000000 1435.939941 0.000000 0.925062 0.000000 -0.379816 0.241259 0.241259 0.241259
6698.601562 0.000000 1463.958008 0.000000 0.705617 0.000000 -0.708593 0.254400 0.254400 0.254400
6708.467773 0.000000 1433.234131 0.000000 0.933590 0.000000 -0.358342 0.247404 0.247404 0.247404
6716.439453 0.000000 1461.162354 0.000000 0.841415 0.000000 -0.540389 0.290059 0.290059 0.290059
6714.264648 0.000000 1462.747314 0.000000 0.775334 0.000000 -0.631552 0.281481 0.281481 0.281481
6691.658203 0.000000 1452.664673 0.000000 0.731697 0.000000 -0.681630 0.314324 0.314324 0.314324
6691.590332 0.000000 1457.997681 0.000000 0.807872 0.000000 -0.589358 0.283140 0.283140 0.283140
6707.578125 0.000000 1435.346680 0.000000 0.620472 0.000000 -0.784229 0.290061 0.290061 0.290061
6696.275879 0.000000 1460.881958 0.000000 0.750658 0.000000 -0.660691 0.264498 0.264498 0.264498
6713.725098 0.000000 1444.611938 0.000000 0.741905 0.000000 -0.670505 0.308966 0.308966 0.308966
6676.037109 0.000000 1451.858032 0.000000 0.815322 0.000000 -0.579008 0.311794 0.311794 0.311794
6737.493164 0.000000 1456.082153 0.000000 0.934445 0.000000 -0.356107 0.206298 0.206298 0.206298
6735.824707 0.000000 1435.556030 0.000000 0.750616 0.000000 -0.660738 0.223765 0.223765 0.223765
6734.689941 0.000000 1448.453735 0.000000 0.832810 0.000000 -0.553560 0.259887 0.259887 0.259887
6721.670898 0.000000 1462.030029 0.000000 0.820398 0.000000 -0.571793 0.266703 0.266703 0.266703
6720.125977 0.000000 1431.531372 0.000000 0.755478 0.000000 -0.655174 0.304359 0.304359 0.304359
6817.062500 0.000000 1407.698975 0.000000 0.932168 0.000000 -0.362027 0.202590 0.202590 0.202590
6814.190918 0.000000 1392.678833 0.000000 0.694733 0.000000 -0.719268 0.223852 0.223852 0.223852
6817.641602 0.000000 1430.187988 0.000000 0.909604 0.000000 -0.415476 0.206767 0.206767 0.206767
6811.849121 0.000000 1438.714966 0.000000 0.817450 0.000000 -0.576000 0.218131 0.218131 0.218131
6821.372070 0.000000 1416.173950 0.000000 0.786384 0.000000 -0.617738 0.223884 0.223884 0.223884
6829.674805 0.000000 1425.112793 0.000000 0.866846 0.000000 -0.498576 0.223243 0.223243 0.223243
6834.448730 0.000000 1455.334229 0.000000 0.784216 0.000000 -0.620489 0.289119 0.289119 0.289119
6824.275879 0.000000 1460.881958 0.000000 0.810518 0.000000 -0.585714 0.311623 0.311623 0.311623
6810.614258 0.000000 1455.752808 0.000000 0.714885 0.000000 -0.699242 0.313658 0.313658 0.313658
6819.712891 0.000000 1428.889771 0.000000 0.933171 0.000000 -0.359432 0.278261 0.278261 0.278261
6873.283691 0.000000 1433.727173 0.000000 0.949606 0.000000 -0.313447 0.202213 0.202213 0.202213
6866.498535 0.000000 1415.927368 0.000000 0.884869 0.000000 -0.465841 0.203387 0.203387 0.203387
6850.311035 0.000000 1448.720459 0.000000 0.913563 0.000000 -0.406697 0.204380 0.204380 0.204380
6859.049316 0.000000 1461.990234 0.000000 0.692469 0.000000 -0.721448 0.232284 0.232284 0.232284
6866.834473 0.000000 1438.698853 0.000000 0.878740 0.000000 -0.477301 0.245892 0.245892 0.245892
6870.709473 0.000000 1432.071411 0.000000 0.746267 0.000000 -0.665647 0.295455 0.295455 0.295455
6856.409180 0.000000 1426.928833 0.000000 0.812456 0.000000 -0.583022 0.247216 0.247216 0.247216
6865.357910 0.000000 1445.525024 0.000000 0.642741 0.000000 -0.766084 0.300134 0.300134 0.300134
6864.053223 0.000000 1417.469727 0.000000 0.904589 0.000000 -0.426286 0.255813 0.255813 0.255813
6708.003906 0.000000 1471.921265 0.000000 0.855501 0.000000 -0.517801 0.203642 0.203642 0.203642
6694.824707 0.000000 1473.831665 0.000000 0.841352 0.000000 -0.540488 0.203992 0.203992 0.203992
6696.284180 0.000000 1507.060303 0.000000 0.638852 0.000000 -0.769330 0.215452 0.215452 0.215452
6675.301758 0.000000 1488.162598 0.000000 0.916948 0.000000 -0.399006 0.244968 0.244968 0.244968
6715.590332 0.000000 1471.746338 0.000000 0.644634 0.000000 -0.764491 0.263245 0.263245 0.263245
6689.152344 0.000000 1514.761597 0.000000 0.667574 0.000000 -0.744544 0.250733 0.250733 0.250733
6714.353516 0.000000 1469.724243 0.000000 0.657894 0.000000 -0.753111 0.280764 0.280764 0.280764
6696.398438 0.000000 1477.460205 0.000000 0.874328 0.000000 -0.485335 0.253638 0.253638 0.253638
6716.125488 0.000000 1479.488281 0.000000 0.913200 0.000000 -0.407511 0.301912 0.301912 0.301912
6704.161133 0.000000 1507.942871 0.000000 0.950505 0.000000 -0.310708 0.300774 0.300774 0.300774
6680.429199 0.000000 1492.527222 0.000000 0.911004 0.000000 -0.412398 0.252714 0.252714 0.252714
6718.282715 0.000000 1484.714478 0.000000 0.798875 0.000000 -0.601497 0.298406 0.298406 0.298406
6746.245605 0.000000 1487.105591 0.000000 0.928602 0.000000 -0.371077 0.205260 0.205260 0.205260
6756.144531 0.000000 1517.555176 0.000000 0.654077 0.000000 -0.756428 0.210499 0.210499 0.210499
6765.465820 0.000000 1512.889648 0.000000 0.932616 0.000000 -0.360870 0.206912 0.206912 0.206912
6737.033691 0.000000 1508.554565 0.000000 0.904398 0.000000 -0.426689 0.216731 0.216731 0.216731
6760.388184 0.000000 1518.595337 0.000000 0.878224 0.000000 -0.478250 0.218952 0.218952 0.218952
6748.286133 0.000000 1490.279297 0.000000 0.940339 0.000000 -0.340240 0.245456 0.245456 0.245456
6762.351562 0.000000 1517.682129 0.000000 0.890598 0.000000 -0.454792 0.308115 0.308115 0.308115
6764.898438 0.000000 1524.454590 0.000000 0.888185 0.000000 -0.459486 0.304054 0.304054 0.304054
6741.902344 0.000000 1514.080200 0.000000 0.781295 0.000000 -0.624162 0.277135 0.277135 0.277135
6758.706543 0.000000 1513.929932 0.000000 0.924740 0.000000 -0.380599 0.288529 0.288529 0.288529
6749.463379 0.000000 1494.669800 0.000000 0.718531 0.000000 -0.695495 0.314314 0.314314 0.314314
6740.580078 0.000000 1516.190918 0.000000 0.871342 0.000000 -0.490677 0.279703 0.279703 0.279703
6745.064941 0.000000 1519.232422 0.000000 0.713579 0.000000 -0.700575 0.300468 0.300468 0.300468
6762.690430 0.000000 1524.636963 0.000000 0.941722 0.000000 -0.336392 0.306540 0.306540 0.306540
6748.225586 0.000000 1496.223633 0.000000 0.947986 0.000000 -0.318312 0.263727 0.263727 0.263727
6730.479980 0.000000 1496.743408 0.000000 0.891763 0.000000 -0.452502 0.303923 0.303923 0.303923
6706.798340 0.000000 1561.759277 0.000000 0.887970 0.000000 -0.459902 0.203281 0.203281 0.203281
6666.234863 0.000000 1572.524048 0.000000 0.652108 0.000000 -0.758126 0.218322 0.218322 0.218322
6684.899902 0.000000 1576.626831 0.000000 0.847283 0.000000 -0.531141 0.227097 0.227097 0.227097
6663.363281 0.000000 1548.528442 0.000000 0.801447 0.000000 -0.598065 0.242654 0.242654 0.242654
6656.328125 0.000000 1573.546509 0.000000 0.757444 0.000000 -0.652900 0.263169 0.263169 0.263169
6688.863281 0.000000 1545.902832 0.000000 0.946869 0.000000 -0.321620 0.305702 0.305702 0.305702
6657.519531 0.000000 1572.621948 0.000000 0.740284 0.000000 -0.672295 0.263480 0.263480 0.263480
6661.217285 0.000000 1573.227173 0.000000 0.843343 0.000000 -0.537376 0.262031 0.262031 0.262031
6685.463379 0.000000 1551.154175 0.000000 0.747728 0.000000 -0.664005 0.277835 0.277835 0.277835
6665.122070 0.000000 1572.139771 0.000000 0.947399 0.000000 -0.320056 0.260853 0.260853 0.260853
6659.040527 0.000000 1573.123657 0.000000 0.598564 0.000000 -0.801075 0.316701 0.316701 0.316701
6729.866211 0.000000 1564.150513 0.000000 0.781640 0.000000 -0.623730 0.204523 0.204523 0.204523
6731.406250 0.000000 1558.148926 0.000000 0.905226 0.000000 -0.424931 0.202991 0.202991 0.202991
6771.561035 0.000000 1551.339966 0.000000 0.771902 0.000000 -0.635741 0.221706 0.221706 0.221706
6748.720215 0.000000 1565.587280 0.000000 0.826984 0.000000 -0.562225 0.220940 0.220940 0.220940
6774.362793 0.000000 1558.719849 0.000000 0.936715 0.000000 -0.350092 0.226459 0.226459 0.226459
6771.609375 0.000000 1560.427368 0.000000 0.829353 0.000000 -0.558725 0.230340 0.230340 0.230340
6763.903809 0.000000 1525.185547 0.000000 0.841724 0.000000 -0.539909 0.310871 0.310871 0.310871
6776.008301 0.000000 1567.327515 0.000000 0.846628 0.000000 -0.532185 0.269078 0.269078 0.269078
6777.571289 0.000000 1564.933960 0.000000 0.726778 0.000000 -0.686872 0.262510 0.262510 0.262510
6772.629395 0.000000 1567.278320 0.000000 0.891516 0.000000 -0.452988 0.285597 0.285597 0.285597
6763.013184 0.000000 1526.288330 0.000000 0.768160 0.000000 -0.640258 0.313270 0.313270 0.313270
6823.382324 0.000000 1502.212280 0.000000 0.949718 0.000000 -0.313108 0.231295 0.231295 0.231295
6817.760254 0.000000 1473.001831 0.000000 0.665701 0.000000 -0.746219 0.236841 0.236841 0.236841
6832.162598 0.000000 1482.457031 0.000000 0.883990 0.000000 -0.467505 0.281107 0.281107 0.281107
6835.308594 0.000000 1483.768799 0.000000 0.627698 0.000000 -0.778457 0.299199 0.299199 0.299199
6833.734375 0.000000 1486.702881 0.000000 0.608281 0.000000 -0.793721 0.316825 0.316825 0.316825
6833.437988 0.000000 1484.768677 0.000000 0.660830 0.000000 -0.750536 0.315990 0.315990 0.315990
6834.122070 0.000000 1485.646729 0.000000 0.631215 0.000000 -0.775608 0.284931 0.284931 0.284931
6879.972656 0.000000 1492.974731 0.000000 0.746345 0.000000 -0.665559 0.231575 0.231575 0.231575
6838.385254 0.000000 1528.987183 0.000000 0.942221 0.000000 -0.334993 0.209013 0.209013 0.209013
6847.169434 0.000000 1541.955811 0.000000 0.809845 0.000000 -0.586643 0.223552 0.223552 0.223552
6784.125977 0.000000 1544.500122 0.000000 0.731156 0.000000 -0.682210 0.276954 0.276954 0.276954
6888.756348 0.000000 1530.544678 0.000000 0.821264 0.000000 -0.570548 0.212188 0.212188 0.212188
6883.182129 0.000000 1531.844482 0.000000 0.656311 0.000000 -0.754491 0.232731 0.232731 0.232731
6873.831543 0.000000 1532.221558 0.000000 0.640595 0.000000 -0.767878 0.282302 0.282302 0.282302
7041.280273 0.000000 1445.958740 0.000000 0.950748 0.000000 -0.309964 0.247423 0.247423 0.247423
7113.063965 0.000000 1442.571411 0.000000 0.776072 0.000000 -0.630644 0.204480 0.204480 0.204480
7153.394043 0.000000 1437.439087 0.000000 0.687451 0.000000 -0.726231 0.206587 0.206587 0.206587
7120.278320 0.000000 1425.665161 0.000000 0.769119 0.000000 -0.639106 0.215215 0.215215 0.215215
7160.708984 0.000000 1432.552856 0.000000 0.945534 0.000000 -0.325524 0.216423 0.216423 0.216423
7120.985352 0.000000 1434.285156 0.000000 0.711115 0.000000 -0.703075 0.221864 0.221864 0.221864
7150.671387 0.000000 1445.645996 0.000000 0.739275 0.000000 -0.673404 0.252055 0.252055 0.252055
7126.048340 0.000000 1435.222290 0.000000 0.945058 0.000000 -0.326902 0.305911 0.305911 0.305911
7130.203125 0.000000 1444.715210 0.000000 0.732760 0.000000 -0.680487 0.313089 0.313089 0.313089
7121.357910 0.000000 1445.525024 0.000000 0.654020 0.000000 -0.756477 0.254573 0.254573 0.254573
7122.134277 0.000000 1468.509521 0.000000 0.857699 0.000000 -0.514152 0.310071 0.310071 0.310071
7132.046387 0.000000 1445.423462 0.000000 0.739462 0.000000 -0.673198 0.312777 0.312777 0.312777
7155.609375 0.000000 1442.275635 0.000000 0.798415 0.000000 -0.602107 0.312123 0.312123 0.312123
7136.520996 0.000000 1467.562256 0.000000 0.720403 0.000000 -0.693556 0.279592 0.279592 0.279592
7150.356934 0.000000 1429.406372 0.000000 0.649691 0.000000 -0.760199 0.264387 0.264387 0.264387
7150.525879 0.000000 1439.837646 0.000000 0.663912 0.000000 -0.747810 0.272703 0.272703 0.272703
7130.586914 0.000000 1443.634766 0.000000 0.917799 0.000000 -0.397045 0.307462 0.307462 0.307462
7152.198730 0.000000 1435.781250 0.000000 0.940154 0.000000 -0.340749 0.280310 0.280310 0.280310
7125.500000 0.000000 1442.293091 0.000000 0.596242 0.000000 -0.802804 0.316892 0.316892 0.316892
7148.436035 0.000000 1453.265137 0.000000 0.592808 0.000000 -0.805344 0.276340 0.276340 0.276340
7006.725586 0.000000 1528.670654 0.000000 0.773426 0.000000 -0.633886 0.221686 0.221686 0.221686
7073.641602 0.000000 1486.672363 0.000000 0.929819 0.000000 -0.368018 0.205236 0.205236 0.205236
7090.709961 0.000000 1482.683594 0.000000 0.608614 0.000000 -0.793467 0.222392 0.222392 0.222392
7075.093262 0.000000 1490.969849 0.000000 0.653040 0.000000 -0.757324 0.224328 0.224328 0.224328
7102.038574 0.000000 1492.577026 0.000000 0.710376 0.000000 -0.703822 0.236857 0.236857 0.236857
7085.140625 0.000000 1488.206299 0.000000 0.668151 0.000000 -0.744026 0.264703 0.264703 0.264703
7102.436523 0.000000 1479.115967 0.000000 0.708060 0.000000 -0.706152 0.313741 0.313741 0.313741
7090.122070 0.000000 1485.646729 0.000000 0.789407 0.000000 -0.613870 0.298651 0.298651 0.298651
7104.043457 0.000000 1492.844849 0.000000 0.816092 0.000000 -0.577921 0.226414 0.226414 0.226414
7107.916016 0.000000 1473.206787 0.000000 0.906491 0.000000 -0.422225 0.233569 0.233569 0.233569
7143.871094 0.000000 1489.029297 0.000000 0.641208 0.000000 -0.767367 0.285366 0.285366 0.285366
7145.821777 0.000000 1483.050781 0.000000 0.871467 0.000000 -0.490454 0.309003 0.309003 0.309003
7115.238281 0.000000 1474.734863 0.000000 0.914959 0.000000 -0.403546 0.257859 0.257859 0.257859
7111.012695 0.000000 1469.684570 0.000000 0.833258 0.000000 -0.552884 0.264633 0.264633 0.264633
7104.405762 0.000000 1478.369751 0.000000 0.644849 0.000000 -0.764310 0.316289 0.316289 0.316289
7116.654785 0.000000 1472.298218 0.000000 0.625921 0.000000 -0.779887 0.294903 0.294903 0.294903
6715.739258 0.000000 1586.069092 0.000000 0.749474 0.000000 -0.662033 0.211887 0.211887 0.211887
6685.325684 0.000000 1586.037476 0.000000 0.813205 0.000000 -0.581977 0.234150 0.234150 0.234150
6710.908203 0.000000 1593.436523 0.000000 0.718319 0.000000 -0.695714 0.254803 0.254803 0.254803
6752.330078 0.000000 1635.859985 0.000000 0.877799 0.000000 -0.479029 0.206703 0.206703 0.206703
6755.522949 0.000000 1626.208374 0.000000 0.828757 0.000000 -0.559608 0.208562 0.208562 0.208562
6747.504395 0.000000 1595.540894 0.000000 0.829198 0.000000 -0.558955 0.215609 0.215609 0.215609
6762.442383 0.000000 1609.613281 0.000000 0.813190 0.000000 -0.581998 0.225276 0.225276 0.225276
6737.862305 0.000000 1617.889893 0.000000 0.901704 0.000000 -0.432353 0.227261 0.227261 0.227261
6724.140625 0.000000 1623.130371 0.000000 0.760577 0.000000 -0.649248 0.229590 0.229590 0.229590
6744.030273 0.000000 1594.867676 0.000000 0.794210 0.000000 -0.607644 0.227331 0.227331 0.227331
6737.267090 0.000000 1612.196289 0.000000 0.595683 0.000000 -0.803220 0.245619 0.245619 0.245619
6745.045410 0.000000 1593.454346 0.000000 0.776827 0.000000 -0.629714 0.235312 0.235312 0.235312
6757.604004 0.000000 1604.146484 0.000000 0.759490 0.000000 -0.650519 0.239750 0.239750 0.239750
6743.062012 0.000000 1597.684204 0.000000 0.936665 0.000000 -0.350228 0.249050 0.249050 0.249050
6764.409668 0.000000 1607.590942 0.000000 0.869105 0.000000 -0.494627 0.249046 0.249046 0.249046
6750.022949 0.000000 1624.975342 0.000000 0.857861 0.000000 -0.513882 0.310308 0.310308 0.310308
6753.152344 0.000000 1627.730347 0.000000 0.939373 0.000000 -0.342898 0.252443 0.252443 0.252443
6760.703613 0.000000 1636.431030 0.000000 0.753869 0.000000 -0.657025 0.313691 0.313691 0.313691
6724.370605 0.000000 1608.152100 0.000000 0.920781 0.000000 -0.390079 0.248359 0.248359 0.248359
6737.357910 0.000000 1614.978149 0.000000 0.941333 0.000000 -0.337480 0.284336 0.284336 0.284336
6748.231934 0.000000 1623.165283 0.000000 0.736190 0.000000 -0.676775 0.262950 0.262950 0.262950
6723.798340 0.000000 1610.168579 0.000000 0.856959 0.000000 -0.515385 0.305721 0.305721 0.305721
6757.762695 0.000000 1625.439941 0.000000 0.697670 0.000000 -0.716419 0.314177 0.314177 0.314177
6759.708496 0.000000 1587.557251 0.000000 0.734826 0.000000 -0.678256 0.313817 0.313817 0.313817
6761.191895 0.000000 1584.008545 0.000000 0.771793 0.000000 -0.635874 0.271917 0.271917 0.271917
6721.148926 0.000000 1605.711670 0.000000 0.927198 0.000000 -0.374571 0.286675 0.286675 0.286675
6763.095215 0.000000 1652.365479 0.000000 0.656657 0.000000 -0.754190 0.212272 0.212272 0.212272
6767.645996 0.000000 1645.744873 0.000000 0.787516 0.000000 -0.616295 0.209076 0.209076 0.209076
6761.922852 0.000000 1663.198853 0.000000 0.891499 0.000000 -0.453023 0.248532 0.248532 0.248532
6759.871094 0.000000 1658.482422 0.000000 0.786349 0.000000 -0.617783 0.311696 0.311696 0.311696
6757.606445 0.000000 1640.966309 0.000000 0.896701 0.000000 -0.442637 0.308603 0.308603 0.308603
6762.742676 0.000000 1662.236572 0.000000 0.891065 0.000000 -0.453877 0.275583 0.275583 0.275583
6748.025391 0.000000 1644.417725 0.000000 0.874048 0.000000 -0.485839 0.291480 0.291480 0.291480
6785.670898 0.000000 1631.483154 0.000000 0.687460 0.000000 -0.726222 0.305963 0.305963 0.305963
6877.291016 0.000000 1680.389404 0.000000 0.606683 0.000000 -0.794944 0.213960 0.213960 0.213960
6789.854492 0.000000 1729.284424 0.000000 0.841384 0.000000 -0.540438 0.237217 0.237217 0.237217
6891.628906 0.000000 1734.922363 0.000000 0.650386 0.000000 -0.759604 0.219542 0.219542 0.219542
6907.502441 0.000000 1706.528564 0.000000 0.947931 0.000000 -0.318474 0.223852 0.223852 0.223852
6901.071289 0.000000 1699.272583 0.000000 0.903672 0.000000 -0.428225 0.226055 0.226055 0.226055
6897.639160 0.000000 1750.287964 0.000000 0.791141 0.000000 -0.611634 0.311682 0.311682 0.311682
6909.982422 0.000000 1706.056152 0.000000 0.604871 0.000000 -0.796323 0.290966 0.290966 0.290966
6903.719727 0.000000 1698.561157 0.000000 0.741493 0.000000 -0.670960 0.313937 0.313937 0.313937
6896.248535 0.000000 1748.336548 0.000000 0.809359 0.000000 -0.587314 0.305359 0.305359 0.305359
6888.134277 0.000000 1739.121704 0.000000 0.830289 0.000000 -0.557333 0.262914 0.262914 0.262914
6903.309570 0.000000 1702.776733 0.000000 0.818044 0.000000 -0.575155 0.270335 0.270335 0.270335
6903.060547 0.000000 1792.615356 0.000000 0.761581 0.000000 -0.648069 0.204770 0.204770 0.204770
6903.893555 0.000000 1794.520386 0.000000 0.853325 0.000000 -0.521380 0.218775 0.218775 0.218775
6852.189941 0.000000 1796.178955 0.000000 0.845878 0.000000 -0.533376 0.225944 0.225944 0.225944
6855.784180 0.000000 1804.332031 0.000000 0.805991 0.000000 -0.591928 0.219471 0.219471 0.219471
6891.954590 0.000000 1774.721680 0.000000 0.665740 0.000000 -0.746184 0.231410 0.231410 0.231410
6874.062500 0.000000 1778.053223 0.000000 0.677301 0.000000 -0.735706 0.232474 0.232474 0.232474
6848.926758 0.000000 1804.709351 0.000000 0.724972 0.000000 -0.688778 0.255298 0.255298 0.255298
6884.191406 0.000000 1762.720581 0.000000 0.871045 0.000000 -0.491204 0.292168 0.292168 0.292168
6902.206543 0.000000 1758.431274 0.000000 0.647147 0.000000 -0.762365 0.260156 0.260156 0.260156
6897.195312 0.000000 1751.378540 0.000000 0.647775 0.000000 -0.761832 0.315374 0.315374 0.315374
6880.724121 0.000000 1773.432007 0.000000 0.922954 0.000000 -0.384911 0.286842 0.286842 0.286842
6900.906250 0.000000 1757.268066 0.000000 0.871417 0.000000 -0.490543 0.288001 0.288001 0.288001
6918.507812 0.000000 1690.138062 0.000000 0.939051 0.000000 -0.343777 0.202383 0.202383 0.202383
6926.401855 0.000000 1679.742676 0.000000 0.713384 0.000000 -0.700773 0.212882 0.212882 0.212882
6951.778320 0.000000 1693.881836 0.000000 0.944997 0.000000 -0.327078 0.207223 0.207223 0.207223
6969.007324 0.000000 1683.707397 0.000000 0.727587 0.000000 -0.686016 0.222264 0.222264 0.222264
6926.777344 0.000000 1658.299072 0.000000 0.682031 0.000000 -0.731324 0.231813 0.231813 0.231813
6968.471680 0.000000 1678.502930 0.000000 0.682653 0.000000 -0.730743 0.231805 0.231805 0.231805
6935.560547 0.000000 1655.572754 0.000000 0.853581 0.000000 -0.520960 0.228754 0.228754 0.228754
6973.976074 0.000000 1678.732666 0.000000 0.658244 0.000000 -0.752805 0.238749 0.238749 0.238749
6930.834473 0.000000 1664.636353 0.000000 0.616516 0.000000 -0.787342 0.232596 0.232596 0.232596
6951.388184 0.000000 1656.107666 0.000000 0.677532 0.000000 -0.735494 0.236689 0.236689 0.236689
6921.995605 0.000000 1686.887817 0.000000 0.927619 0.000000 -0.373529 0.243513 0.243513 0.243513
6949.886230 0.000000 1684.218628 0.000000 0.752391 0.000000 -0.658717 0.244046 0.244046 0.244046
6947.804199 0.000000 1681.348267 0.000000 0.903559 0.000000 -0.428463 0.238302 0.238302 0.238302
6956.655273 0.000000 1689.972290 0.000000 0.703946 0.000000 -0.710253 0.247181 0.247181 0.247181
6938.696777 0.000000 1657.792969 0.000000 0.679363 0.000000 -0.733803 0.259659 0.259659 0.259659
6970.406250 0.000000 1677.127197 0.000000 0.816692 0.000000 -0.577074 0.263801 0.263801 0.263801
6965.881348 0.000000 1680.206543 0.000000 0.831805 0.000000 -0.555068 0.250411 0.250411 0.250411
6936.864258 0.000000 1664.600830 0.000000 0.883815 0.000000 -0.467836 0.302431 0.302431 0.302431
6947.590332 0.000000 1683.935181 0.000000 0.896519 0.000000 -0.443004 0.257789 0.257789 0.257789
6971.484375 0.000000 1679.243164 0.000000 0.752608 0.000000 -0.658469 0.312490 0.312490 0.312490
6946.360840 0.000000 1683.420044 0.000000 0.758558 0.000000 -0.651605 0.260743 0.260743 0.260743
6927.586426 0.000000 1663.916138 0.000000 0.659775 0.000000 -0.751463 0.316175 0.316175 0.316175
6936.507324 0.000000 1685.571899 0.000000 0.729642 0.000000 -0.683829 0.257633 0.257633 0.257633
6947.980469 0.000000 1685.840454 0.000000 0.895743 0.000000 -0.444573 0.285459 0.285459 0.285459
6973.398438 0.000000 1680.859741 0.000000 0.920395 0.000000 -0.390989 0.256531 0.256531 0.256531
6949.261230 0.000000 1687.428467 0.000000 0.655399 0.000000 -0.755283 0.283877 0.283877 0.283877
6934.189453 0.000000 1667.050049 0.000000 0.620097 0.000000 -0.784525 0.316483 0.316483 0.316483
6963.956055 0.000000 1683.481812 0.000000 0.857851 0.000000 -0.513898 0.309500 0.309500 0.309500
6943.979004 0.000000 1667.114868 0.000000 0.764495 0.000000 -0.644630 0.305349 0.305349 0.305349
6921.561035 0.000000 1689.192383 0.000000 0.808139 0.000000 -0.588992 0.280135 0.280135 0.280135
6960.943848 0.000000 1706.119751 0.000000 0.885792 0.000000 -0.464083 0.220570 0.220570 0.220570
6943.632324 0.000000 1705.200073 0.000000 0.922080 0.000000 -0.387000 0.216959 0.216959 0.216959
6966.403320 0.000000 1714.217041 0.000000 0.773545 0.000000 -0.633741 0.231193 0.231193 0.231193
6950.060059 0.000000 1715.355469 0.000000 0.881822 0.000000 -0.471582 0.246410 0.246410 0.246410
6926.623047 0.000000 1699.242554 0.000000 0.828368 0.000000 -0.560184 0.310621 0.310621 0.310621
6962.304199 0.000000 1720.919067 0.000000 0.690302 0.000000 -0.723521 0.300983 0.300983 0.300983
6963.583984 0.000000 1699.107178 0.000000 0.885748 0.000000 -0.464166 0.277511 0.277511 0.277511
6928.053223 0.000000 1699.891602 0.000000 0.879847 0.000000 -0.475256 0.308791 0.308791 0.308791
6959.663086 0.000000 1711.614502 0.000000 0.904849 0.000000 -0.425734 0.308366 0.308366 0.308366
6940.237305 0.000000 1698.506592 0.000000 0.921826 0.000000 -0.387603 0.258237 0.258237 0.258237
6959.740234 0.000000 1709.669800 0.000000 0.919795 0.000000 -0.392399 0.281102 0.281102 0.281102
6963.716797 0.000000 1696.783325 0.000000 0.945442 0.000000 -0.325789 0.269628 0.269628 0.269628
6965.577148 0.000000 1713.477295 0.000000 0.719348 0.000000 -0.694650 0.270509 0.270509 0.270509
6964.906250 0.000000 1700.783691 0.000000 0.602354 0.000000 -0.798229 0.271259 0.271259 0.271259
6938.957520 0.000000 1757.642456 0.000000 0.898610 0.000000 -0.438748 0.227325 0.227325 0.227325
6945.478516 0.000000 1781.037109 0.000000 0.784478 0.000000 -0.620157 0.236386 0.236386 0.236386
6944.813477 0.000000 1794.521484 0.000000 0.849334 0.000000 -0.527856 0.247103 0.247103 0.247103
6932.708984 0.000000 1794.581055 0.000000 0.945810 0.000000 -0.324721 0.251645 0.251645 0.251645
6935.285645 0.000000 1790.726074 0.000000 0.718545 0.000000 -0.695481 0.256610 0.256610 0.256610
6940.231934 0.000000 1792.618408 0.000000 0.664856 0.000000 -0.746971 0.315952 0.315952 0.315952
6945.799316 0.000000 1789.901611 0.000000 0.663331 0.000000 -0.748326 0.315484 0.315484 0.315484
6944.590820 0.000000 1778.156494 0.000000 0.678348 0.000000 -0.734740 0.284061 0.284061 0.284061
6938.614258 0.000000 1794.659058 0.000000 0.826393 0.000000 -0.563094 0.311132 0.311132 0.311132
7172.948730 0.000000 903.865051 0.000000 0.730863 0.000000 -0.682524 0.205082 0.205082 0.205082
7185.722656 0.000000 1125.380493 0.000000 0.809564 0.000000 -0.587032 0.204276 0.204276 0.204276
7220.072754 0.000000 1121.706299 0.000000 0.752657 0.000000 -0.658413 0.217790 0.217790 0.217790
7230.675293 0.000000 1124.954224 0.000000 0.672166 0.000000 -0.740401 0.230730 0.230730 0.230730
7168.421387 0.000000 1116.726318 0.000000 0.730918 0.000000 -0.682465 0.247378 0.247378 0.247378
7219.649902 0.000000 1125.824707 0.000000 0.940140 0.000000 -0.340788 0.254158 0.254158 0.254158
7173.108887 0.000000 1122.835693 0.000000 0.829229 0.000000 -0.558909 0.293386 0.293386 0.293386
7222.847168 0.000000 1116.065063 0.000000 0.883141 0.000000 -0.469109 0.262843 0.262843 0.262843
7168.860352 0.000000 1129.044678 0.000000 0.809817 0.000000 -0.586682 0.310847 0.310847 0.310847
7288.930664 0.000000 1085.603271 0.000000 0.829439 0.000000 -0.558598 0.254612 0.254612 0.254612
7316.196289 0.000000 1065.481079 0.000000 0.743686 0.000000 -0.668529 0.248380 0.248380 0.248380
7350.683594 0.000000 1047.280640 0.000000 0.805646 0.000000 -0.592398 0.253888 0.253888 0.253888
7419.964844 0.000000 1068.020508 0.000000 0.696922 0.000000 -0.717147 0.234030 0.234030 0.234030
7338.288574 0.000000 1096.350952 0.000000 0.871597 0.000000 -0.490224 0.203441 0.203441 0.203441
7334.824707 0.000000 1078.441040 0.000000 0.909573 0.000000 -0.415544 0.205029 0.205029 0.205029
7320.641113 0.000000 1128.927612 0.000000 0.830264 0.000000 -0.557371 0.210891 0.210891 0.210891
7306.618164 0.000000 1086.747559 0.000000 0.725174 0.000000 -0.688566 0.214540 0.214540 0.214540
7321.742188 0.000000 1102.254395 0.000000 0.904801 0.000000 -0.425834 0.230692 0.230692 0.230692
7319.724609 0.000000 1100.332642 0.000000 0.799007 0.000000 -0.601322 0.250435 0.250435 0.250435
7336.166504 0.000000 1085.809204 0.000000 0.746115 0.000000 -0.665817 0.271218 0.271218 0.271218
7306.359863 0.000000 1081.020630 0.000000 0.949098 0.000000 -0.314982 0.246325 0.246325 0.246325
7343.731934 0.000000 1120.301880 0.000000 0.809354 0.000000 -0.587321 0.286105 0.286105 0.286105
7342.873535 0.000000 1122.304565 0.000000 0.934918 0.000000 -0.354863 0.253750 0.253750 0.253750
7324.046387 0.000000 1106.517212 0.000000 0.930931 0.000000 -0.365195 0.262024 0.262024 0.262024
7336.053711 0.000000 1125.557373 0.000000 0.677834 0.000000 -0.735215 0.314352 0.314352 0.314352
7335.513672 0.000000 1127.845215 0.000000 0.891923 0.000000 -0.452187 0.258497 0.258497 0.258497
7323.631348 0.000000 1129.053101 0.000000 0.675861 0.000000 -0.737029 0.258499 0.258499 0.258499
7334.709473 0.000000 1084.010864 0.000000 0.735059 0.000000 -0.678003 0.292057 0.292057 0.292057
7344.827148 0.000000 1117.041016 0.000000 0.727832 0.000000 -0.685756 0.262492 0.262492 0.262492
7337.492676 0.000000 1123.686890 0.000000 0.802490 0.000000 -0.596665 0.307967 0.307967 0.307967
7341.243652 0.000000 1082.065186 0.000000 0.660164 0.000000 -0.751121 0.315752 0.315752 0.315752
7383.408203 0.000000 1085.041260 0.000000 0.949949 0.000000 -0.312404 0.203087 0.203087 0.203087
7407.339355 0.000000 1073.449097 0.000000 0.756502 0.000000 -0.653991 0.205288 0.205288 0.205288
7407.085449 0.000000 1112.031250 0.000000 0.903537 0.000000 -0.428511 0.210356 0.210356 0.210356
7407.350098 0.000000 1127.946167 0.000000 0.828062 0.000000 -0.560637 0.219157 0.219157 0.219157
7384.512695 0.000000 1080.936035 0.000000 0.898289 0.000000 -0.439406 0.225000 0.225000 0.225000
7370.663574 0.000000 1127.788086 0.000000 0.856591 0.000000 -0.515996 0.219896 0.219896 0.219896
7377.688477 0.000000 1101.429932 0.000000 0.929622 0.000000 -0.368513 0.220267 0.220267 0.220267
7415.848633 0.000000 1073.266235 0.000000 0.642053 0.000000 -0.766660 0.231693 0.231693 0.231693
7391.443848 0.000000 1111.314453 0.000000 0.898039 0.000000 -0.439916 0.308051 0.308051 0.308051
7412.467773 0.000000 1094.327881 0.000000 0.934910 0.000000 -0.354884 0.249105 0.249105 0.249105
7406.601562 0.000000 1080.305664 0.000000 0.801095 0.000000 -0.598537 0.260539 0.260539 0.260539
7413.656738 0.000000 1095.846558 0.000000 0.817770 0.000000 -0.575545 0.251871 0.251871 0.251871
7408.334961 0.000000 1089.306519 0.000000 0.931902 0.000000 -0.362710 0.256754 0.256754 0.256754
7388.429199 0.000000 1112.546509 0.000000 0.874641 0.000000 -0.484772 0.309230 0.309230 0.309230
7411.308594 0.000000 1088.378174 0.000000 0.876651 0.000000 -0.481126 0.299115 0.299115 0.299115
7411.336914 0.000000 1095.314819 0.000000 0.606143 0.000000 -0.795356 0.316805 0.316805 0.316805
7455.222656 0.000000 957.584534 0.000000 0.942104 0.000000 -0.335321 0.267437 0.267437 0.267437
7498.666016 0.000000 946.111572 0.000000 0.929793 0.000000 -0.368082 0.244613 0.244613 0.244613
7531.584473 0.000000 942.824951 0.000000 0.843507 0.000000 -0.537117 0.260841 0.260841 0.260841
7542.683594 0.000000 934.311829 0.000000 0.749545 0.000000 -0.661954 0.257295 0.257295 0.257295
7519.826172 0.000000 955.325806 0.000000 0.743714 0.000000 -0.668498 0.253185 0.253185 0.253185
7521.498047 0.000000 951.964783 0.000000 0.819989 0.000000 -0.572380 0.251829 0.251829 0.251829
7525.123047 0.000000 942.911987 0.000000 0.871322 0.000000 -0.490712 0.264326 0.264326 0.264326
7489.803711 0.000000 956.075989 0.000000 0.759983 0.000000 -0.649943 0.268539 0.268539 0.268539
7479.893555 0.000000 1003.739136 0.000000 0.591095 0.000000 -0.806602 0.226814 0.226814 0.226814
7482.917480 0.000000 1007.481018 0.000000 0.909543 0.000000 -0.415610 0.254507 0.254507 0.254507
7475.368652 0.000000 1011.720276 0.000000 0.869204 0.000000 -0.494454 0.288661 0.288661 0.288661
7517.055664 0.000000 966.248169 0.000000 0.939440 0.000000 -0.342715 0.224077 0.224077 0.224077
7511.673828 0.000000 966.190491 0.000000 0.936867 0.000000 -0.349686 0.236871 0.236871 0.236871
7518.394531 0.000000 978.280701 0.000000 0.774880 0.000000 -0.632108 0.247274 0.247274 0.247274
7513.036621 0.000000 985.169312 0.000000 0.626600 0.000000 -0.779341 0.248264 0.248264 0.248264
7510.163574 0.000000 963.199646 0.000000 0.877555 0.000000 -0.479476 0.275976 0.275976 0.275976
7495.807129 0.000000 993.436035 0.000000 0.600607 0.000000 -0.799544 0.296003 0.296003 0.296003
7490.422363 0.000000 999.232605 0.000000 0.657856 0.000000 -0.753143 0.269140 0.269140 0.269140
7566.686523 0.000000 918.341492 0.000000 0.797061 0.000000 -0.603899 0.207193 0.207193 0.207193
7571.704102 0.000000 917.514221 0.000000 0.627842 0.000000 -0.778341 0.234281 0.234281 0.234281
7449.283691 0.000000 1038.336548 0.000000 0.752014 0.000000 -0.659147 0.204941 0.204941 0.204941
7440.024902 0.000000 1058.137329 0.000000 0.900392 0.000000 -0.435080 0.230787 0.230787 0.230787
7457.478516 0.000000 1046.740234 0.000000 0.850966 0.000000 -0.525221 0.223509 0.223509 0.223509
7471.546387 0.000000 1023.066162 0.000000 0.898354 0.000000 -0.439272 0.243683 0.243683 0.243683
7473.437988 0.000000 1032.893677 0.000000 0.852491 0.000000 -0.522742 0.292728 0.292728 0.292728
7184.186523 0.000000 1148.838745 0.000000 0.930607 0.000000 -0.366020 0.202601 0.202601 0.202601
7168.517090 0.000000 1179.464478 0.000000 0.927272 0.000000 -0.374389 0.224954 0.224954 0.224954
7183.974609 0.000000 1163.247437 0.000000 0.639152 0.000000 -0.769080 0.238385 0.238385 0.238385
7184.278320 0.000000 1150.406738 0.000000 0.774204 0.000000 -0.632936 0.236543 0.236543 0.236543
7199.069336 0.000000 1139.070679 0.000000 0.947873 0.000000 -0.318649 0.235390 0.235390 0.235390
7190.048340 0.000000 1152.800415 0.000000 0.918532 0.000000 -0.395347 0.307489 0.307489 0.307489
7171.574219 0.000000 1183.111084 0.000000 0.636450 0.000000 -0.771318 0.310794 0.310794 0.310794
7176.415527 0.000000 1156.759766 0.000000 0.867110 0.000000 -0.498117 0.297643 0.297643 0.297643
7171.798340 0.000000 1158.293579 0.000000 0.788671 0.000000 -0.614816 0.263176 0.263176 0.263176
7183.853516 0.000000 1144.424805 0.000000 0.786909 0.000000 -0.617069 0.271606 0.271606 0.271606
7182.047363 0.000000 1156.884766 0.000000 0.913434 0.000000 -0.406987 0.307503 0.307503 0.307503
7175.767090 0.000000 1155.690308 0.000000 0.873328 0.000000 -0.487132 0.262505 0.262505 0.262505
7168.743652 0.000000 1180.608276 0.000000 0.889523 0.000000 -0.456891 0.279758 0.279758 0.279758
7188.089355 0.000000 1230.988770 0.000000 0.911929 0.000000 -0.410347 0.202734 0.202734 0.202734
7193.935547 0.000000 1226.574463 0.000000 0.668440 0.000000 -0.743766 0.235599 0.235599 0.235599
7195.529297 0.000000 1216.857788 0.000000 0.698333 0.000000 -0.715773 0.247263 0.247263 0.247263
7198.684082 0.000000 1228.432495 0.000000 0.762690 0.000000 -0.646764 0.239701 0.239701 0.239701
7173.529297 0.000000 1189.661865 0.000000 0.681965 0.000000 -0.731385 0.254159 0.254159 0.254159
7182.365723 0.000000 1229.169189 0.000000 0.842983 0.000000 -0.537940 0.301375 0.301375 0.301375
7185.052246 0.000000 1228.976440 0.000000 0.932646 0.000000 -0.360792 0.306469 0.306469 0.306469
7187.222656 0.000000 1228.004883 0.000000 0.894686 0.000000 -0.446695 0.299080 0.299080 0.299080
7182.050293 0.000000 1218.324951 0.000000 0.702360 0.000000 -0.711822 0.265351 0.265351 0.265351
7356.832520 0.000000 1162.009277 0.000000 0.648769 0.000000 -0.760986 0.205959 0.205959 0.205959
7359.814453 0.000000 1148.132202 0.000000 0.821426 0.000000 -0.570316 0.205718 0.205718 0.205718
7333.210449 0.000000 1161.769043 0.000000 0.933707 0.000000 -0.358038 0.239278 0.239278 0.239278
7346.478027 0.000000 1171.563232 0.000000 0.945269 0.000000 -0.326292 0.247033 0.247033 0.247033
7341.494141 0.000000 1171.327881 0.000000 0.936259 0.000000 -0.351311 0.296814 0.296814 0.296814
7344.161133 0.000000 1169.036621 0.000000 0.802703 0.000000 -0.596379 0.309774 0.309774 0.309774
7357.613770 0.000000 1156.258667 0.000000 0.878531 0.000000 -0.477685 0.274176 0.274176 0.274176
7350.847168 0.000000 1172.549438 0.000000 0.628559 0.000000 -0.777762 0.282515 0.282515 0.282515
7340.563965 0.000000 1169.407349 0.000000 0.744315 0.000000 -0.667828 0.273066 0.273066 0.273066
7340.773926 0.000000 1165.610596 0.000000 0.688173 0.000000 -0.725547 0.267414 0.267414 0.267414
7353.484375 0.000000 1170.703369 0.000000 0.775189 0.000000 -0.631729 0.267040 0.267040 0.267040
7391.303223 0.000000 1156.698975 0.000000 0.783607 0.000000 -0.621257 0.245933 0.245933 0.245933
7392.240234 0.000000 1143.657349 0.000000 0.884925 0.000000 -0.465733 0.247513 0.247513 0.247513
7389.463379 0.000000 1155.763550 0.000000 0.637001 0.000000 -0.770863 0.270092 0.270092 0.270092
7386.614258 0.000000 1173.330933 0.000000 0.874471 0.000000 -0.485079 0.294435 0.294435 0.294435
7387.859375 0.000000 1144.832764 0.000000 0.761056 0.000000 -0.648687 0.270928 0.270928 0.270928
7382.189453 0.000000 1158.690674 0.000000 0.800273 0.000000 -0.599636 0.285725 0.285725 0.285725
7389.720703 0.000000 1152.270752 0.000000 0.615084 0.000000 -0.788462 0.316871 0.316871 0.316871
7341.747070 0.000000 1234.863403 0.000000 0.919919 0.000000 -0.392108 0.208896 0.208896 0.208896
7355.429199 0.000000 1211.484497 0.000000 0.781861 0.000000 -0.623453 0.220981 0.220981 0.220981
7331.182129 0.000000 1192.938232 0.000000 0.916695 0.000000 -0.399588 0.225776 0.225776 0.225776
7353.728516 0.000000 1211.566528 0.000000 0.694268 0.000000 -0.719716 0.226856 0.226856 0.226856
7350.904297 0.000000 1222.480103 0.000000 0.912467 0.000000 -0.409151 0.236343 0.236343 0.236343
7344.063965 0.000000 1211.967896 0.000000 0.937382 0.000000 -0.348303 0.235698 0.235698 0.235698
7353.981445 0.000000 1191.799438 0.000000 0.672270 0.000000 -0.740306 0.315919 0.315919 0.315919
7351.338379 0.000000 1218.696045 0.000000 0.629431 0.000000 -0.777057 0.254928 0.254928 0.254928
7355.503906 0.000000 1188.077148 0.000000 0.868536 0.000000 -0.495626 0.291057 0.291057 0.291057
7351.719727 0.000000 1190.201782 0.000000 0.911938 0.000000 -0.410327 0.252104 0.252104 0.252104
7353.538086 0.000000 1209.122437 0.000000 0.690475 0.000000 -0.723357 0.313960 0.313960 0.313960
7338.410156 0.000000 1227.207642 0.000000 0.647828 0.000000 -0.761786 0.271751 0.271751 0.271751
7350.206543 0.000000 1193.587524 0.000000 0.801656 0.000000 -0.597786 0.311157 0.311157 0.311157
7328.901855 0.000000 1193.055542 0.000000 0.765062 0.000000 -0.643957 0.312734 0.312734 0.312734
7333.960449 0.000000 1226.040649 0.000000 0.739531 0.000000 -0.673123 0.290743 0.290743 0.290743
7346.122070 0.000000 1203.224854 0.000000 0.949235 0.000000 -0.314568 0.302006 0.302006 0.302006
7259.528320 0.000000 1333.679810 0.000000 0.769304 0.000000 -0.638883 0.222928 0.222928 0.222928
7247.799805 0.000000 1342.204468 0.000000 0.659555 0.000000 -0.751656 0.221248 0.221248 0.221248
7285.449707 0.000000 1349.032104 0.000000 0.691637 0.000000 -0.722245 0.221491 0.221491 0.221491
7249.862305 0.000000 1335.468018 0.000000 0.825615 0.000000 -0.564233 0.225678 0.225678 0.225678
7286.280273 0.000000 1345.719971 0.000000 0.905391 0.000000 -0.424580 0.230096 0.230096 0.230096
7273.205566 0.000000 1355.596924 0.000000 0.641545 0.000000 -0.767086 0.250494 0.250494 0.250494
7253.353516 0.000000 1335.030396 0.000000 0.824502 0.000000 -0.565859 0.245214 0.245214 0.245214
7274.783691 0.000000 1331.946899 0.000000 0.849879 0.000000 -0.526979 0.241779 0.241779 0.241779
7275.818848 0.000000 1336.642456 0.000000 0.925080 0.000000 -0.379773 0.238934 0.238934 0.238934
7290.406250 0.000000 1338.220947 0.000000 0.660243 0.000000 -0.751052 0.316195 0.316195 0.316195
7294.281738 0.000000 1352.208130 0.000000 0.620396 0.000000 -0.784289 0.303684 0.303684 0.303684
7283.748047 0.000000 1340.595947 0.000000 0.931901 0.000000 -0.362713 0.307047 0.307047 0.307047
7249.977051 0.000000 1328.609863 0.000000 0.944609 0.000000 -0.328199 0.274308 0.274308 0.274308
7240.396484 0.000000 1337.921265 0.000000 0.696348 0.000000 -0.717704 0.283105 0.283105 0.283105
7289.404785 0.000000 1336.784790 0.000000 0.905898 0.000000 -0.423495 0.279237 0.279237 0.279237
7254.176758 0.000000 1336.563599 0.000000 0.885284 0.000000 -0.465050 0.281659 0.281659 0.281659
7250.317871 0.000000 1334.383301 0.000000 0.733379 0.000000 -0.679820 0.313465 0.313465 0.313465
7241.391113 0.000000 1333.704224 0.000000 0.841427 0.000000 -0.540371 0.268013 0.268013 0.268013
7335.522949 0.000000 1246.654419 0.000000 0.814078 0.000000 -0.580756 0.255513 0.255513 0.255513
7336.398438 0.000000 1251.522705 0.000000 0.900585 0.000000 -0.434679 0.308049 0.308049 0.308049
7341.311035 0.000000 1333.490479 0.000000 0.842946 0.000000 -0.537999 0.203772 0.203772 0.203772
7305.278320 0.000000 1349.224243 0.000000 0.818734 0.000000 -0.574174 0.204199 0.204199 0.204199
7349.428223 0.000000 1316.981812 0.000000 0.659836 0.000000 -0.751409 0.208647 0.208647 0.208647
7306.235840 0.000000 1342.824829 0.000000 0.800879 0.000000 -0.598826 0.206558 0.206558 0.206558
7301.141602 0.000000 1324.646851 0.000000 0.622788 0.000000 -0.782391 0.207793 0.207793 0.207793
7298.269043 0.000000 1352.574463 0.000000 0.872602 0.000000 -0.488432 0.209115 0.209115 0.209115
7323.966309 0.000000 1308.753784 0.000000 0.624955 0.000000 -0.780661 0.213784 0.213784 0.213784
7318.025391 0.000000 1341.434692 0.000000 0.780374 0.000000 -0.625313 0.241811 0.241811 0.241811
7297.639160 0.000000 1334.347046 0.000000 0.910139 0.000000 -0.414304 0.238729 0.238729 0.238729
7321.045410 0.000000 1311.032471 0.000000 0.760048 0.000000 -0.649867 0.232578 0.232578 0.232578
7301.961426 0.000000 1349.773438 0.000000 0.687241 0.000000 -0.726429 0.246819 0.246819 0.246819
7341.387695 0.000000 1331.928711 0.000000 0.935154 0.000000 -0.354240 0.232286 0.232286 0.232286
7319.838867 0.000000 1330.164307 0.000000 0.789089 0.000000 -0.614278 0.250613 0.250613 0.250613
7312.399414 0.000000 1326.861328 0.000000 0.890902 0.000000 -0.454196 0.238002 0.238002 0.238002
7326.684082 0.000000 1341.401245 0.000000 0.697396 0.000000 -0.716686 0.253318 0.253318 0.253318
7320.631836 0.000000 1309.753540 0.000000 0.845619 0.000000 -0.533787 0.258423 0.258423 0.258423
7348.601074 0.000000 1350.078247 0.000000 0.921688 0.000000 -0.387931 0.247751 0.247751 0.247751
7335.743652 0.000000 1334.880981 0.000000 0.799651 0.000000 -0.600466 0.243279 0.243279 0.243279
7332.170898 0.000000 1353.537231 0.000000 0.676402 0.000000 -0.736533 0.315812 0.315812 0.315812
7349.881348 0.000000 1341.300293 0.000000 0.935971 0.000000 -0.352077 0.306696 0.306696 0.306696
7310.689941 0.000000 1335.484985 0.000000 0.622437 0.000000 -0.782670 0.264197 0.264197 0.264197
7325.817383 0.000000 1339.020142 0.000000 0.940562 0.000000 -0.339621 0.299532 0.299532 0.299532
7333.123047 0.000000 1338.302612 0.000000 0.724829 0.000000 -0.688929 0.248674 0.248674 0.248674
7325.995605 0.000000 1323.706787 0.000000 0.903157 0.000000 -0.429310 0.266990 0.266990 0.266990
7321.770020 0.000000 1338.308350 0.000000 0.947146 0.000000 -0.320802 0.244657 0.244657 0.244657
7351.950684 0.000000 1337.324585 0.000000 0.759736 0.000000 -0.650232 0.284238 0.284238 0.284238
7342.601562 0.000000 1306.243164 0.000000 0.943598 0.000000 -0.331094 0.249983 0.249983 0.249983
7341.887207 0.000000 1338.372559 0.000000 0.606668 0.000000 -0.794956 0.316690 0.316690 0.316690
7297.515137 0.000000 1328.325684 0.000000 0.723379 0.000000 -0.690451 0.313728 0.313728 0.313728
7317.918945 0.000000 1320.045654 0.000000 0.836529 0.000000 -0.547923 0.310141 0.310141 0.310141
7342.356934 0.000000 1316.437622 0.000000 0.621347 0.000000 -0.783536 0.302424 0.302424 0.302424
7321.064941 0.000000 1349.779297 0.000000 0.627338 0.000000 -0.778747 0.272088 0.272088 0.272088
7353.653809 0.000000 1351.981079 0.000000 0.719050 0.000000 -0.694959 0.313581 0.313581 0.313581
7330.942871 0.000000 1337.575439 0.000000 0.870757 0.000000 -0.491713 0.307048 0.307048 0.307048
7296.743652 0.000000 1350.061401 0.000000 0.858328 0.000000 -0.513102 0.310008 0.310008 0.310008
7331.980469 0.000000 1346.934204 0.000000 0.642866 0.000000 -0.765978 0.316665 0.316665 0.316665
7330.956543 0.000000 1320.370728 0.000000 0.900588 0.000000 -0.434674 0.258265 0.258265 0.258265
7297.670898 0.000000 1349.061279 0.000000 0.685909 0.000000 -0.727687 0.314344 0.314344 0.314344
7332.323242 0.000000 1309.641357 0.000000 0.742067 0.000000 -0.670326 0.293726 0.293726 0.293726
7299.149902 0.000000 1344.933960 0.000000 0.856154 0.000000 -0.516721 0.310330 0.310330 0.310330
7318.963379 0.000000 1321.613525 0.000000 0.617989 0.000000 -0.786187 0.315617 0.315617 0.315617
7344.327148 0.000000 1354.443726 0.000000 0.751720 0.000000 -0.659482 0.295329 0.295329 0.295329
7358.400879 0.000000 1338.691284 0.000000 0.635546 0.000000 -0.772063 0.291631 0.291631 0.291631
7344.086914 0.000000 1334.822144 0.000000 0.722230 0.000000 -0.691653 0.314473 0.314473 0.314473
7356.564941 0.000000 1349.510254 0.000000 0.768963 0.000000 -0.639293 0.312805 0.312805 0.312805
7353.725098 0.000000 1331.643188 0.000000 0.941306 0.000000 -0.337556 0.306331 0.306331 0.306331
7326.069336 0.000000 1312.268799 0.000000 0.882434 0.000000 -0.470436 0.265808 0.265808 0.265808
7299.692383 0.000000 1332.441650 0.000000 0.904998 0.000000 -0.425416 0.260487 0.260487 0.260487
7347.956055 0.000000 1344.575562 0.000000 0.943362 0.000000 -0.331765 0.262745 0.262745 0.262745
7394.735840 0.000000 1338.793701 0.000000 0.931265 0.000000 -0.364342 0.202504 0.202504 0.202504
7360.894531 0.000000 1329.440796 0.000000 0.595526 0.000000 -0.803336 0.206358 0.206358 0.206358
7405.814941 0.000000 1335.686768 0.000000 0.848611 0.000000 -0.529017 0.209465 0.209465 0.209465
7403.407227 0.000000 1343.368652 0.000000 0.655983 0.000000 -0.754776 0.218882 0.218882 0.218882
7414.362793 0.000000 1332.782349 0.000000 0.756266 0.000000 -0.654265 0.228457 0.228457 0.228457
7378.634277 0.000000 1344.409302 0.000000 0.760780 0.000000 -0.649010 0.236744 0.236744 0.236744
7375.354980 0.000000 1345.362671 0.000000 0.753690 0.000000 -0.657230 0.242829 0.242829 0.242829
7380.196289 0.000000 1347.902954 0.000000 0.931847 0.000000 -0.362851 0.252105 0.252105 0.252105
7386.769531 0.000000 1347.813965 0.000000 0.615226 0.000000 -0.788351 0.258796 0.258796 0.258796
7390.022949 0.000000 1342.553467 0.000000 0.829988 0.000000 -0.557781 0.261731 0.261731 0.261731
7393.152344 0.000000 1345.308472 0.000000 0.878504 0.000000 -0.477735 0.285415 0.285415 0.285415
7406.269531 0.000000 1334.442261 0.000000 0.902523 0.000000 -0.430643 0.241246 0.241246 0.241246
7374.365723 0.000000 1342.137939 0.000000 0.783498 0.000000 -0.621395 0.254895 0.254895 0.254895
7406.722168 0.000000 1346.952271 0.000000 0.614398 0.000000 -0.788996 0.253918 0.253918 0.253918
7367.959473 0.000000 1348.399414 0.000000 0.723234 0.000000 -0.690603 0.313332 0.313332 0.313332
7386.372559 0.000000 1351.997437 0.000000 0.641205 0.000000 -0.767369 0.315625 0.315625 0.315625
7423.246094 0.000000 1335.150146 0.000000 0.689440 0.000000 -0.724342 0.315259 0.315259 0.315259
7408.827148 0.000000 1342.978516 0.000000 0.651399 0.000000 -0.758735 0.269857 0.269857 0.269857
7404.563965 0.000000 1338.860474 0.000000 0.893626 0.000000 -0.448812 0.282579 0.282579 0.282579
7360.369141 0.000000 1338.667847 0.000000 0.878235 0.000000 -0.478230 0.274184 0.274184 0.274184
7405.039062 0.000000 1336.563965 0.000000 0.901222 0.000000 -0.433357 0.264699 0.264699 0.264699
7372.296875 0.000000 1352.726318 0.000000 0.852418 0.000000 -0.522860 0.310220 0.310220 0.310220
7367.583496 0.000000 1351.393921 0.000000 0.874774 0.000000 -0.484530 0.309168 0.309168 0.309168
7458.377441 0.000000 1286.383423 0.000000 0.698047 0.000000 -0.716052 0.244251 0.244251 0.244251
7473.121094 0.000000 1294.564331 0.000000 0.871181 0.000000 -0.490962 0.284449 0.284449 0.284449
7455.826172 0.000000 1294.232056 0.000000 0.839531 0.000000 -0.543311 0.310389 0.310389 0.310389
7470.644531 0.000000 1287.652466 0.000000 0.930897 0.000000 -0.365281 0.306511 0.306511 0.306511
7459.061035 0.000000 1297.973145 0.000000 0.812138 0.000000 -0.583466 0.259721 0.259721 0.259721
7467.276855 0.000000 1288.142822 0.000000 0.716393 0.000000 -0.697697 0.282711 0.282711 0.282711
7449.752441 0.000000 1299.033447 0.000000 0.597549 0.000000 -0.801832 0.274414 0.274414 0.274414
7472.248535 0.000000 1296.461548 0.000000 0.769660 0.000000 -0.638454 0.313226 0.313226 0.313226
7474.230469 0.000000 1293.612549 0.000000 0.819196 0.000000 -0.573514 0.258387 0.258387 0.258387
7461.870117 0.000000 1295.584351 0.000000 0.925984 0.000000 -0.377563 0.279119 0.279119 0.279119
7485.398438 0.000000 1285.469116 0.000000 0.877957 0.000000 -0.478739 0.307391 0.307391 0.307391
7500.721191 0.000000 1280.981079 0.000000 0.873356 0.000000 -0.487083 0.206186 0.206186 0.206186
7511.935547 0.000000 1279.711426 0.000000 0.756850 0.000000 -0.653588 0.207653 0.207653 0.207653
7489.950684 0.000000 1282.630737 0.000000 0.860706 0.000000 -0.509103 0.268733 0.268733 0.268733
7505.206543 0.000000 1279.987671 0.000000 0.853772 0.000000 -0.520647 0.251737 0.251737 0.251737
7495.968750 0.000000 1283.609497 0.000000 0.884425 0.000000 -0.466681 0.276369 0.276369 0.276369
7442.283691 0.000000 1300.273315 0.000000 0.899182 0.000000 -0.437575 0.202974 0.202974 0.202974
7454.961914 0.000000 1300.101929 0.000000 0.912501 0.000000 -0.409075 0.202914 0.202914 0.202914
7428.140625 0.000000 1340.708496 0.000000 0.945575 0.000000 -0.325405 0.221033 0.221033 0.221033
7473.096680 0.000000 1306.834106 0.000000 0.901611 0.000000 -0.432549 0.246529 0.246529 0.246529
7455.813965 0.000000 1322.179077 0.000000 0.675968 0.000000 -0.736931 0.257890 0.257890 0.257890
7429.597168 0.000000 1326.027344 0.000000 0.926431 0.000000 -0.376464 0.241221 0.241221 0.241221
7447.285645 0.000000 1338.851074 0.000000 0.904572 0.000000 -0.426320 0.271056 0.271056 0.271056
7430.218750 0.000000 1318.214722 0.000000 0.849942 0.000000 -0.526876 0.253592 0.253592 0.253592
7428.993652 0.000000 1323.323730 0.000000 0.672672 0.000000 -0.739940 0.314630 0.314630 0.314630
7463.871094 0.000000 1319.576172 0.000000 0.720553 0.000000 -0.693400 0.284453 0.284453 0.284453
7426.857910 0.000000 1341.484131 0.000000 0.929475 0.000000 -0.368886 0.306791 0.306791 0.306791
7469.442383 0.000000 1310.903442 0.000000 0.687013 0.000000 -0.726645 0.274740 0.274740 0.274740
7453.048828 0.000000 1300.783081 0.000000 0.887822 0.000000 -0.460187 0.285716 0.285716 0.285716
7456.863281 0.000000 1319.965332 0.000000 0.795627 0.000000 -0.605787 0.266031 0.266031 0.266031
7427.798340 0.000000 1327.746704 0.000000 0.939577 0.000000 -0.342336 0.269278 0.269278 0.269278
7439.853516 0.000000 1313.877930 0.000000 0.848224 0.000000 -0.529637 0.310180 0.310180 0.310180
7465.763184 0.000000 1321.161133 0.000000 0.762241 0.000000 -0.647293 0.279349 0.279349 0.279349
7479.961426 0.000000 1300.833252 0.000000 0.755417 0.000000 -0.655244 0.292209 0.292209 0.292209
7440.122070 0.000000 1310.074341 0.000000 0.847779 0.000000 -0.530350 0.310048 0.310048 0.310048
7448.484375 0.000000 1299.151733 0.000000 0.712341 0.000000 -0.701834 0.272456 0.272456 0.272456
7458.956543 0.000000 1320.370728 0.000000 0.789072 0.000000 -0.614301 0.312634 0.312634 0.312634
7469.243652 0.000000 1308.002686 0.000000 0.849323 0.000000 -0.527874 0.263081 0.263081 0.263081
7457.173340 0.000000 1323.537842 0.000000 0.940898 0.000000 -0.338690 0.306547 0.306547 0.306547
7430.709961 0.000000 1355.270508 0.000000 0.613640 0.000000 -0.789586 0.317382 0.317382 0.317382
7426.422363 0.000000 1338.138916 0.000000 0.591519 0.000000 -0.806291 0.312370 0.312370 0.312370
7863.347168 0.000000 1016.285645 0.000000 0.803080 0.000000 -0.595871 0.260499 0.260499 0.260499
7889.939453 0.000000 1002.029968 0.000000 0.866059 0.000000 -0.499942 0.203490 0.203490 0.203490
7852.442383 0.000000 1023.231506 0.000000 0.820727 0.000000 -0.571320 0.222212 0.222212 0.222212
7840.594727 0.000000 1036.357178 0.000000 0.684022 0.000000 -0.729462 0.236605 0.236605 0.236605
8138.780273 0.000000 1107.986938 0.000000 0.935050 0.000000 -0.354517 0.217252 0.217252 0.217252
8147.693848 0.000000 1102.538818 0.000000 0.840164 0.000000 -0.542333 0.239600 0.239600 0.239600
7221.101074 0.000000 1400.950562 0.000000 0.740319 0.000000 -0.672255 0.216153 0.216153 0.216153
7210.351562 0.000000 1404.713379 0.000000 0.820502 0.000000 -0.571644 0.264912 0.264912 0.264912
7218.249023 0.000000 1405.305054 0.000000 0.890510 0.000000 -0.454963 0.287402 0.287402 0.287402
7199.371094 0.000000 1410.686279 0.000000 0.622817 0.000000 -0.782367 0.300535 0.300535 0.300535
7218.230469 0.000000 1406.581299 0.000000 0.918572 0.000000 -0.395255 0.307395 0.307395 0.307395
7195.631348 0.000000 1411.474976 0.000000 0.602681 0.000000 -0.797982 0.257751 0.257751 0.257751
7203.546875 0.000000 1408.585083 0.000000 0.878031 0.000000 -0.478604 0.275372 0.275372 0.275372
7209.492676 0.000000 1406.108765 0.000000 0.871407 0.000000 -0.490561 0.292751 0.292751 0.292751
7211.550781 0.000000 1405.332275 0.000000 0.921488 0.000000 -0.388406 0.262332 0.262332 0.262332
7223.916992 0.000000 1405.791626 0.000000 0.791207 0.000000 -0.611549 0.311976 0.311976 0.311976
7225.305176 0.000000 1406.821777 0.000000 0.819124 0.000000 -0.573616 0.263749 0.263749 0.263749
7286.816895 0.000000 1356.875732 0.000000 0.790324 0.000000 -0.612690 0.204281 0.204281 0.204281
7286.158691 0.000000 1387.684814 0.000000 0.898055 0.000000 -0.439883 0.203480 0.203480 0.203480
7246.389160 0.000000 1389.009766 0.000000 0.837090 0.000000 -0.547065 0.207865 0.207865 0.207865
7251.362793 0.000000 1383.612793 0.000000 0.862061 0.000000 -0.506805 0.205182 0.205182 0.205182
7279.645996 0.000000 1363.322998 0.000000 0.874138 0.000000 -0.485677 0.208508 0.208508 0.208508
7234.269043 0.000000 1409.058838 0.000000 0.950800 0.000000 -0.309805 0.204790 0.204790 0.204790
7277.465820 0.000000 1399.920898 0.000000 0.705778 0.000000 -0.708434 0.214754 0.214754 0.214754
7284.316895 0.000000 1384.750854 0.000000 0.902746 0.000000 -0.430173 0.217344 0.217344 0.217344
7283.561035 0.000000 1381.886841 0.000000 0.649556 0.000000 -0.760314 0.223162 0.223162 0.223162
7282.516602 0.000000 1371.656494 0.000000 0.906837 0.000000 -0.421482 0.221917 0.221917 0.221917
7248.310547 0.000000 1403.220459 0.000000 0.758851 0.000000 -0.651265 0.225444 0.225444 0.225444
7283.824219 0.000000 1399.959473 0.000000 0.652821 0.000000 -0.757513 0.232169 0.232169 0.232169
7250.425781 0.000000 1404.477173 0.000000 0.742287 0.000000 -0.670083 0.241204 0.241204 0.241204
7291.523926 0.000000 1369.084351 0.000000 0.609002 0.000000 -0.793169 0.234502 0.234502 0.234502
7250.172363 0.000000 1380.772339 0.000000 0.872218 0.000000 -0.489117 0.246623 0.246623 0.246623
7251.616211 0.000000 1401.883667 0.000000 0.696156 0.000000 -0.717891 0.244278 0.244278 0.244278
7265.739258 0.000000 1358.149048 0.000000 0.854349 0.000000 -0.519699 0.236978 0.236978 0.236978
7274.783691 0.000000 1388.431274 0.000000 0.759684 0.000000 -0.650293 0.246326 0.246326 0.246326
7272.166504 0.000000 1368.231079 0.000000 0.946512 0.000000 -0.322668 0.250463 0.250463 0.250463
7254.709473 0.000000 1375.587036 0.000000 0.674507 0.000000 -0.738268 0.305019 0.305019 0.305019
7271.871094 0.000000 1376.060547 0.000000 0.681999 0.000000 -0.731353 0.255370 0.255370 0.255370
7258.370605 0.000000 1378.214722 0.000000 0.947376 0.000000 -0.320124 0.305735 0.305735 0.305735
7282.592773 0.000000 1361.336182 0.000000 0.845693 0.000000 -0.533670 0.256051 0.256051 0.256051
7237.217285 0.000000 1403.774048 0.000000 0.916677 0.000000 -0.399629 0.307852 0.307852 0.307852
7273.785156 0.000000 1389.708252 0.000000 0.922781 0.000000 -0.385325 0.264042 0.264042 0.264042
7235.040527 0.000000 1403.670532 0.000000 0.725455 0.000000 -0.688270 0.314498 0.314498 0.314498
7258.768555 0.000000 1370.557373 0.000000 0.900931 0.000000 -0.433962 0.260015 0.260015 0.260015
7259.824219 0.000000 1368.486572 0.000000 0.769468 0.000000 -0.638685 0.313231 0.313231 0.313231
7295.384277 0.000000 1371.389282 0.000000 0.744271 0.000000 -0.667877 0.313064 0.313064 0.313064
7280.198730 0.000000 1379.296875 0.000000 0.608537 0.000000 -0.793525 0.315858 0.315858 0.315858
7265.173340 0.000000 1380.022217 0.000000 0.786491 0.000000 -0.617601 0.311617 0.311617 0.311617
7261.720703 0.000000 1378.208252 0.000000 0.938034 0.000000 -0.346544 0.275156 0.275156 0.275156
7275.013184 0.000000 1356.835205 0.000000 0.770432 0.000000 -0.637522 0.299129 0.299129 0.299129
7262.069336 0.000000 1368.753174 0.000000 0.817301 0.000000 -0.576212 0.311015 0.311015 0.311015
7209.322754 0.000000 1460.385010 0.000000 0.730993 0.000000 -0.682385 0.205062 0.205062 0.205062
7206.686523 0.000000 1412.415161 0.000000 0.907479 0.000000 -0.420098 0.202890 0.202890 0.202890
7203.666992 0.000000 1448.595581 0.000000 0.797061 0.000000 -0.603899 0.204387 0.204387 0.204387
7231.814453 0.000000 1430.554077 0.000000 0.783616 0.000000 -0.621246 0.208532 0.208532 0.208532
7211.596680 0.000000 1460.650879 0.000000 0.718864 0.000000 -0.695150 0.213418 0.213418 0.213418
7204.144531 0.000000 1461.070801 0.000000 0.860104 0.000000 -0.510119 0.207547 0.207547 0.207547
7229.382324 0.000000 1442.411743 0.000000 0.665630 0.000000 -0.746282 0.215779 0.215779 0.215779
7183.228516 0.000000 1439.121582 0.000000 0.593509 0.000000 -0.804827 0.218313 0.218313 0.218313
7201.433594 0.000000 1447.912964 0.000000 0.623725 0.000000 -0.781644 0.222234 0.222234 0.222234
7176.131348 0.000000 1421.497070 0.000000 0.786367 0.000000 -0.617760 0.227444 0.227444 0.227444
7228.104492 0.000000 1465.763062 0.000000 0.782675 0.000000 -0.622431 0.228684 0.228684 0.228684
7177.923828 0.000000 1429.703857 0.000000 0.938767 0.000000 -0.344552 0.229296 0.229296 0.229296
7179.583984 0.000000 1415.666992 0.000000 0.918207 0.000000 -0.396100 0.248430 0.248430 0.248430
7173.475098 0.000000 1420.385620 0.000000 0.637908 0.000000 -0.770113 0.245073 0.245073 0.245073
7215.249023 0.000000 1434.846680 0.000000 0.818291 0.000000 -0.574804 0.309320 0.309320 0.309320
7200.387695 0.000000 1421.402832 0.000000 0.631446 0.000000 -0.775420 0.280004 0.280004 0.280004
7192.231445 0.000000 1413.787720 0.000000 0.700011 0.000000 -0.714132 0.287306 0.287306 0.287306
7190.048340 0.000000 1435.222290 0.000000 0.936363 0.000000 -0.351033 0.249060 0.249060 0.249060
7207.871094 0.000000 1432.544922 0.000000 0.787639 0.000000 -0.616137 0.301720 0.301720 0.301720
7214.722168 0.000000 1459.921021 0.000000 0.949807 0.000000 -0.312838 0.305993 0.305993 0.305993
7188.231934 0.000000 1435.897217 0.000000 0.833414 0.000000 -0.552649 0.310810 0.310810 0.310810
7194.203125 0.000000 1444.715210 0.000000 0.892430 0.000000 -0.451186 0.302714 0.302714 0.302714
7203.590332 0.000000 1457.997681 0.000000 0.718431 0.000000 -0.695598 0.257819 0.257819 0.257819
7214.873535 0.000000 1461.210815 0.000000 0.734247 0.000000 -0.678882 0.256953 0.256953 0.256953
7220.968750 0.000000 1443.857056 0.000000 0.907713 0.000000 -0.419593 0.255142 0.255142 0.255142
7197.463379 0.000000 1438.185425 0.000000 0.757184 0.000000 -0.653201 0.274623 0.274623 0.274623
7220.617188 0.000000 1465.466431 0.000000 0.857828 0.000000 -0.513937 0.309298 0.309298 0.309298
7203.980469 0.000000 1459.902954 0.000000 0.892954 0.000000 -0.450148 0.274937 0.274937 0.274937
7184.913574 0.000000 1415.892334 0.000000 0.872069 0.000000 -0.489383 0.263717 0.263717 0.263717
7223.038086 0.000000 1460.109497 0.000000 0.923027 0.000000 -0.384734 0.307498 0.307498 0.307498
7216.198730 0.000000 1435.781250 0.000000 0.597815 0.000000 -0.801634 0.317170 0.317170 0.317170
7193.950684 0.000000 1414.089844 0.000000 0.871598 0.000000 -0.490220 0.308807 0.308807 0.308807
7192.817383 0.000000 1445.142944 0.000000 0.656143 0.000000 -0.754636 0.315274 0.315274 0.315274
7176.323730 0.000000 1430.633911 0.000000 0.894955 0.000000 -0.446155 0.265465 0.265465 0.265465
7262.530273 0.000000 1435.569458 0.000000 0.845703 0.000000 -0.533653 0.203654 0.203654 0.203654
7232.009766 0.000000 1454.301880 0.000000 0.761547 0.000000 -0.648109 0.204735 0.204735 0.204735
7276.352051 0.000000 1429.370483 0.000000 0.596864 0.000000 -0.802343 0.206440 0.206440 0.206440
7253.235840 0.000000 1431.970459 0.000000 0.685873 0.000000 -0.727721 0.205677 0.205677 0.205677
7276.051758 0.000000 1444.203735 0.000000 0.924878 0.000000 -0.380265 0.205909 0.205909 0.205909
7259.190918 0.000000 1440.418823 0.000000 0.807356 0.000000 -0.590065 0.205302 0.205302 0.205302
7282.216309 0.000000 1456.654175 0.000000 0.939128 0.000000 -0.343567 0.209658 0.209658 0.209658
7278.245605 0.000000 1432.031860 0.000000 0.662598 0.000000 -0.748976 0.222417 0.222417 0.222417
7284.393066 0.000000 1434.502930 0.000000 0.775105 0.000000 -0.631832 0.215734 0.215734 0.215734
7246.777344 0.000000 1432.361572 0.000000 0.639953 0.000000 -0.768414 0.229905 0.229905 0.229905
7278.421387 0.000000 1421.156494 0.000000 0.631806 0.000000 -0.775126 0.236657 0.236657 0.236657
7254.444824 0.000000 1463.808228 0.000000 0.638730 0.000000 -0.769431 0.244455 0.244455 0.244455
7237.850586 0.000000 1429.887817 0.000000 0.775486 0.000000 -0.631365 0.243083 0.243083 0.243083
7237.854492 0.000000 1446.862549 0.000000 0.912492 0.000000 -0.409094 0.249169 0.249169 0.249169
7287.129883 0.000000 1438.702759 0.000000 0.923813 0.000000 -0.382844 0.243037 0.243037 0.243037
7276.992676 0.000000 1435.010132 0.000000 0.749818 0.000000 -0.661644 0.249482 0.249482 0.249482
7290.406250 0.000000 1451.189697 0.000000 0.831373 0.000000 -0.555715 0.278380 0.278380 0.278380
7280.316895 0.000000 1453.840698 0.000000 0.862184 0.000000 -0.506595 0.296607 0.296607 0.296607
7272.166504 0.000000 1424.715454 0.000000 0.631374 0.000000 -0.775478 0.269570 0.269570 0.269570
7258.372559 0.000000 1464.966187 0.000000 0.916858 0.000000 -0.399213 0.292944 0.292944 0.292944
7282.448730 0.000000 1455.334229 0.000000 0.646053 0.000000 -0.763293 0.315642 0.315642 0.315642
7260.472656 0.000000 1457.625610 0.000000 0.845426 0.000000 -0.534093 0.310170 0.310170 0.310170
7293.982422 0.000000 1423.634277 0.000000 0.895583 0.000000 -0.444894 0.254880 0.254880 0.254880
7267.590332 0.000000 1457.997681 0.000000 0.847468 0.000000 -0.530846 0.254237 0.254237 0.254237
7260.046387 0.000000 1445.423462 0.000000 0.918271 0.000000 -0.395953 0.249594 0.249594 0.249594
7293.613770 0.000000 1438.680542 0.000000 0.941350 0.000000 -0.337433 0.306574 0.306574 0.306574
7273.785156 0.000000 1446.192627 0.000000 0.931093 0.000000 -0.364783 0.307131 0.307131 0.307131
7287.669922 0.000000 1445.774048 0.000000 0.617063 0.000000 -0.786914 0.297549 0.297549 0.297549
7293.552246 0.000000 1421.422729 0.000000 0.914926 0.000000 -0.403621 0.307873 0.307873 0.307873
7264.590820 0.000000 1439.250244 0.000000 0.761751 0.000000 -0.647869 0.260084 0.260084 0.260084
7258.378418 0.000000 1462.783203 0.000000 0.881583 0.000000 -0.472028 0.262295 0.262295 0.262295
7280.795410 0.000000 1422.134399 0.000000 0.726640 0.000000 -0.687018 0.283114 0.283114 0.283114
7271.291504 0.000000 1451.114868 0.000000 0.928593 0.000000 -0.371099 0.261519 0.261519 0.261519
7286.497559 0.000000 1425.273315 0.000000 0.939894 0.000000 -0.341467 0.262873 0.262873 0.262873
7273.081055 0.000000 1439.626709 0.000000 0.898265 0.000000 -0.439455 0.298950 0.298950 0.298950
7294.358398 0.000000 1418.981079 0.000000 0.938341 0.000000 -0.345711 0.300222 0.300222 0.300222
7289.725098 0.000000 1444.611938 0.000000 0.909848 0.000000 -0.414942 0.266203 0.266203 0.266203
7272.466309 0.000000 1445.646851 0.000000 0.652129 0.000000 -0.758108 0.316433 0.316433 0.316433
7310.220703 0.000000 1372.705933 0.000000 0.841098 0.000000 -0.540882 0.203767 0.203767 0.203767
7300.948730 0.000000 1355.740112 0.000000 0.923440 0.000000 -0.383744 0.202694 0.202694 0.202694
7317.235840 0.000000 1375.486084 0.000000 0.875292 0.000000 -0.483594 0.203491 0.203491 0.203491
7308.251465 0.000000 1362.461060 0.000000 0.624663 0.000000 -0.780895 0.221017 0.221017 0.221017
7309.306641 0.000000 1380.176514 0.000000 0.800617 0.000000 -0.599177 0.228422 0.228422 0.228422
7322.869141 0.000000 1377.073853 0.000000 0.946772 0.000000 -0.321905 0.236001 0.236001 0.236001
7299.597168 0.000000 1380.731567 0.000000 0.893077 0.000000 -0.449903 0.226269 0.226269 0.226269
7345.135254 0.000000 1382.461914 0.000000 0.775110 0.000000 -0.631827 0.227603 0.227603 0.227603
7335.388184 0.000000 1373.685791 0.000000 0.691974 0.000000 -0.721922 0.233493 0.233493 0.233493
7318.249023 0.000000 1411.992188 0.000000 0.754418 0.000000 -0.656395 0.245811 0.245811 0.245811
7345.096680 0.000000 1363.318481 0.000000 0.693961 0.000000 -0.720013 0.244309 0.244309 0.244309
7324.436523 0.000000 1372.227905 0.000000 0.644999 0.000000 -0.764183 0.240734 0.240734 0.240734
7323.236816 0.000000 1373.111938 0.000000 0.888130 0.000000 -0.459592 0.251546 0.251546 0.251546
7358.841797 0.000000 1410.157227 0.000000 0.868977 0.000000 -0.494852 0.256121 0.256121 0.256121
7310.623047 0.000000 1360.336304 0.000000 0.923677 0.000000 -0.383171 0.248277 0.248277 0.248277
7342.797363 0.000000 1407.428101 0.000000 0.668273 0.000000 -0.743916 0.315991 0.315991 0.315991
7357.505859 0.000000 1363.701416 0.000000 0.897473 0.000000 -0.441069 0.308604 0.308604 0.308604
7315.737305 0.000000 1362.106689 0.000000 0.780639 0.000000 -0.624982 0.311908 0.311908 0.311908
7328.387695 0.000000 1364.918457 0.000000 0.718600 0.000000 -0.695424 0.262046 0.262046 0.262046
7345.067871 0.000000 1360.153931 0.000000 0.758069 0.000000 -0.652174 0.270986 0.270986 0.270986
7340.898438 0.000000 1411.485840 0.000000 0.762434 0.000000 -0.647066 0.278741 0.278741 0.278741
7358.572266 0.000000 1406.142822 0.000000 0.767067 0.000000 -0.641567 0.304676 0.304676 0.304676
7346.230469 0.000000 1406.581299 0.000000 0.891874 0.000000 -0.452284 0.308946 0.308946 0.308946
7332.343262 0.000000 1362.166382 0.000000 0.787465 0.000000 -0.616359 0.312485 0.312485 0.312485
7312.053223 0.000000 1360.985352 0.000000 0.662605 0.000000 -0.748969 0.279454 0.279454 0.279454
7335.708496 0.000000 1361.619751 0.000000 0.687020 0.000000 -0.726639 0.285729 0.285729 0.285729
7297.121582 0.000000 1372.733521 0.000000 0.808925 0.000000 -0.587912 0.304768 0.304768 0.304768
7299.978516 0.000000 1371.842896 0.000000 0.692609 0.000000 -0.721313 0.278905 0.278905 0.278905
7336.275879 0.000000 1404.397583 0.000000 0.735902 0.000000 -0.677088 0.313453 0.313453 0.313453
7328.590820 0.000000 1382.765869 0.000000 0.933571 0.000000 -0.358392 0.305715 0.305715 0.305715
7333.261230 0.000000 1405.006592 0.000000 0.920839 0.000000 -0.389942 0.307260 0.307260 0.307260
7356.292969 0.000000 1411.947876 0.000000 0.786842 0.000000 -0.617154 0.298717 0.298717 0.298717
7358.358398 0.000000 1362.496704 0.000000 0.779176 0.000000 -0.626805 0.271767 0.271767 0.271767
7347.501953 0.000000 1355.691895 0.000000 0.785842 0.000000 -0.618427 0.312734 0.312734 0.312734
7321.950684 0.000000 1357.605469 0.000000 0.888076 0.000000 -0.459698 0.286890 0.286890 0.286890
7356.564941 0.000000 1405.994629 0.000000 0.850600 0.000000 -0.525813 0.310574 0.310574 0.310574
7326.069336 0.000000 1368.753174 0.000000 0.663528 0.000000 -0.748152 0.315795 0.315795 0.315795
7324.025391 0.000000 1361.995850 0.000000 0.597568 0.000000 -0.801819 0.291718 0.291718 0.291718
7331.712891 0.000000 1372.405396 0.000000 0.842034 0.000000 -0.539425 0.304398 0.304398 0.304398
7347.127441 0.000000 1404.666382 0.000000 0.680805 0.000000 -0.732464 0.315328 0.315328 0.315328
7360.156738 0.000000 1410.525146 0.000000 0.923061 0.000000 -0.384654 0.202612 0.202612 0.202612
7398.581055 0.000000 1390.749390 0.000000 0.779084 0.000000 -0.626920 0.204703 0.204703 0.204703
7397.372070 0.000000 1359.689575 0.000000 0.941167 0.000000 -0.337942 0.218261 0.218261 0.218261
7388.266602 0.000000 1392.992188 0.000000 0.847849 0.000000 -0.530238 0.225911 0.225911 0.225911
7411.824219 0.000000 1399.959473 0.000000 0.707925 0.000000 -0.706288 0.225492 0.225492 0.225492
7382.025391 0.000000 1397.919067 0.000000 0.915724 0.000000 -0.401808 0.240922 0.240922 0.240922
7406.867676 0.000000 1386.084595 0.000000 0.709034 0.000000 -0.705174 0.229073 0.229073 0.229073
7406.671387 0.000000 1389.161621 0.000000 0.795048 0.000000 -0.606546 0.240977 0.240977 0.240977
7376.399414 0.000000 1383.345703 0.000000 0.614697 0.000000 -0.788763 0.245985 0.245985 0.245985
7422.420410 0.000000 1368.965698 0.000000 0.710314 0.000000 -0.703885 0.254326 0.254326 0.254326
7381.323242 0.000000 1396.846802 0.000000 0.852259 0.000000 -0.523121 0.270129 0.270129 0.270129
7408.316895 0.000000 1397.356323 0.000000 0.913235 0.000000 -0.407434 0.275471 0.275471 0.275471
7366.966309 0.000000 1403.494995 0.000000 0.830488 0.000000 -0.557037 0.299945 0.299945 0.299945
7407.887207 0.000000 1405.414673 0.000000 0.764168 0.000000 -0.645018 0.248049 0.248049 0.248049
7391.169922 0.000000 1368.862671 0.000000 0.646677 0.000000 -0.762764 0.267489 0.267489 0.267489
7403.365234 0.000000 1398.612915 0.000000 0.695683 0.000000 -0.718349 0.314586 0.314586 0.314586
7379.857422 0.000000 1408.321899 0.000000 0.813738 0.000000 -0.581231 0.303427 0.303427 0.303427
7405.887207 0.000000 1394.856934 0.000000 0.769513 0.000000 -0.638631 0.310082 0.310082 0.310082
7394.360840 0.000000 1400.998169 0.000000 0.740519 0.000000 -0.672036 0.266493 0.266493 0.266493
7398.706543 0.000000 1400.961182 0.000000 0.735864 0.000000 -0.677130 0.314039 0.314039 0.314039
7364.561035 0.000000 1401.906494 0.000000 0.660885 0.000000 -0.750487 0.298529 0.298529 0.298529
7371.890137 0.000000 1406.358032 0.000000 0.808478 0.000000 -0.588526 0.312018 0.312018 0.312018
7377.432129 0.000000 1410.755859 0.000000 0.889040 0.000000 -0.457830 0.299282 0.299282 0.299282
7378.479492 0.000000 1402.268433 0.000000 0.830160 0.000000 -0.557525 0.298155 0.298155 0.298155
7370.479980 0.000000 1383.774658 0.000000 0.884623 0.000000 -0.466306 0.264571 0.264571 0.264571
7367.012695 0.000000 1356.715820 0.000000 0.843197 0.000000 -0.537604 0.294789 0.294789 0.294789
7298.944824 0.000000 1429.505371 0.000000 0.886565 0.000000 -0.462605 0.207732 0.207732 0.207732
7357.252441 0.000000 1422.535767 0.000000 0.753318 0.000000 -0.657657 0.211843 0.211843 0.211843
7341.531250 0.000000 1430.502441 0.000000 0.901807 0.000000 -0.432139 0.230174 0.230174 0.230174
7302.164062 0.000000 1440.679077 0.000000 0.867463 0.000000 -0.497501 0.232029 0.232029 0.232029
7313.469238 0.000000 1429.847778 0.000000 0.730031 0.000000 -0.683414 0.246790 0.246790 0.246790
7300.081543 0.000000 1432.079224 0.000000 0.947487 0.000000 -0.319793 0.247537 0.247537 0.247537
7309.344238 0.000000 1426.399048 0.000000 0.950939 0.000000 -0.309379 0.245106 0.245106 0.245106
7318.048340 0.000000 1435.222290 0.000000 0.783324 0.000000 -0.621614 0.274685 0.274685 0.274685
7336.696289 0.000000 1422.356934 0.000000 0.905940 0.000000 -0.423406 0.299842 0.299842 0.299842
7326.868164 0.000000 1432.851562 0.000000 0.937927 0.000000 -0.346832 0.282733 0.282733 0.282733
7352.930664 0.000000 1424.509521 0.000000 0.884656 0.000000 -0.466244 0.246933 0.246933 0.246933
7297.312988 0.000000 1431.594971 0.000000 0.931432 0.000000 -0.363915 0.276578 0.276578 0.276578
7296.649414 0.000000 1427.024414 0.000000 0.902296 0.000000 -0.431117 0.263495 0.263495 0.263495
7358.282715 0.000000 1428.230103 0.000000 0.937808 0.000000 -0.347153 0.298495 0.298495 0.298495
7347.308594 0.000000 1427.284424 0.000000 0.911926 0.000000 -0.410354 0.307949 0.307949 0.307949
7345.195312 0.000000 1412.472290 0.000000 0.857085 0.000000 -0.515176 0.264676 0.264676 0.264676
7297.237793 0.000000 1448.431396 0.000000 0.797581 0.000000 -0.603212 0.311930 0.311930 0.311930
7318.963379 0.000000 1434.582275 0.000000 0.690780 0.000000 -0.723065 0.276500 0.276500 0.276500
7297.148926 0.000000 1436.258545 0.000000 0.911296 0.000000 -0.411751 0.267915 0.267915 0.267915
7398.686523 0.000000 1412.415161 0.000000 0.821213 0.000000 -0.570622 0.204109 0.204109 0.204109
7381.209473 0.000000 1418.971680 0.000000 0.942536 0.000000 -0.334106 0.225729 0.225729 0.225729
7383.673828 0.000000 1418.065552 0.000000 0.768004 0.000000 -0.640446 0.233060 0.233060 0.233060
7391.834473 0.000000 1414.262939 0.000000 0.871391 0.000000 -0.490589 0.238999 0.238999 0.238999
7367.015137 0.000000 1420.331421 0.000000 0.801360 0.000000 -0.598183 0.235527 0.235527 0.235527
7365.924316 0.000000 1427.748779 0.000000 0.862101 0.000000 -0.506736 0.272844 0.272844 0.272844
7249.011230 0.000000 1469.930908 0.000000 0.676243 0.000000 -0.736678 0.278596 0.278596 0.278596
7241.798340 0.000000 1473.967285 0.000000 0.933622 0.000000 -0.358261 0.282327 0.282327 0.282327
7477.519043 0.000000 1382.250366 0.000000 0.686107 0.000000 -0.727500 0.205674 0.205674 0.205674
7428.846680 0.000000 1370.532349 0.000000 0.803343 0.000000 -0.595517 0.239057 0.239057 0.239057
7446.733398 0.000000 1364.396118 0.000000 0.720917 0.000000 -0.693021 0.237913 0.237913 0.237913
7446.709473 0.000000 1375.587036 0.000000 0.761707 0.000000 -0.647922 0.252283 0.252283 0.252283
7433.798340 0.000000 1360.998535 0.000000 0.896287 0.000000 -0.443474 0.304938 0.304938 0.304938
7438.695801 0.000000 1362.510986 0.000000 0.886617 0.000000 -0.462504 0.289302 0.289302 0.289302
7433.386230 0.000000 1362.895508 0.000000 0.598582 0.000000 -0.801061 0.317709 0.317709 0.317709
7516.947754 0.000000 1385.696777 0.000000 0.933870 0.000000 -0.357614 0.202849 0.202849 0.202849
7524.029297 0.000000 1374.177734 0.000000 0.789613 0.000000 -0.613606 0.204568 0.204568 0.204568
7549.367188 0.000000 1406.760742 0.000000 0.630118 0.000000 -0.776500 0.242138 0.242138 0.242138
7539.748047 0.000000 1397.080322 0.000000 0.659904 0.000000 -0.751350 0.275218 0.275218 0.275218
7541.881348 0.000000 1397.784668 0.000000 0.612757 0.000000 -0.790271 0.310056 0.310056 0.310056
7551.644043 0.000000 1411.645508 0.000000 0.914017 0.000000 -0.405677 0.280135 0.280135 0.280135
7575.398438 0.000000 1411.425293 0.000000 0.920676 0.000000 -0.390329 0.255939 0.255939 0.255939
7637.918945 0.000000 1367.132446 0.000000 0.651852 0.000000 -0.758346 0.237620 0.237620 0.237620
6520.708984 0.000000 2053.881104 0.000000 0.720732 0.000000 -0.693214 0.225335 0.225335 0.225335
6525.587402 0.000000 2081.335449 0.000000 0.947511 0.000000 -0.319723 0.241755 0.241755 0.241755
6486.696289 0.000000 2069.752197 0.000000 0.633822 0.000000 -0.773479 0.239664 0.239664 0.239664
6512.063965 0.000000 2059.233398 0.000000 0.607648 0.000000 -0.794207 0.247905 0.247905 0.247905
6526.141113 0.000000 2080.305664 0.000000 0.789539 0.000000 -0.613700 0.280562 0.280562 0.280562
6488.817383 0.000000 2066.471191 0.000000 0.689267 0.000000 -0.724507 0.314353 0.314353 0.314353
6441.205566 0.000000 2146.378174 0.000000 0.708070 0.000000 -0.706142 0.233885 0.233885 0.233885
6453.860840 0.000000 2194.472656 0.000000 0.725292 0.000000 -0.688442 0.205137 0.205137 0.205137
6457.239746 0.000000 2189.735596 0.000000 0.901050 0.000000 -0.433715 0.291766 0.291766 0.291766
6454.173828 0.000000 2209.074951 0.000000 0.748901 0.000000 -0.662682 0.204756 0.204756 0.204756
6446.203125 0.000000 2226.412109 0.000000 0.864361 0.000000 -0.502872 0.230325 0.230325 0.230325
6454.485352 0.000000 2228.304932 0.000000 0.655211 0.000000 -0.755446 0.245449 0.245449 0.245449
6450.362305 0.000000 2237.588135 0.000000 0.919082 0.000000 -0.394067 0.250738 0.250738 0.250738
6439.522949 0.000000 2206.888672 0.000000 0.886903 0.000000 -0.461956 0.252163 0.252163 0.252163
6455.129883 0.000000 2229.483887 0.000000 0.732917 0.000000 -0.680318 0.244343 0.244343 0.244343
6444.134277 0.000000 2237.871826 0.000000 0.948138 0.000000 -0.317860 0.247514 0.247514 0.247514
6436.268066 0.000000 2225.516602 0.000000 0.638939 0.000000 -0.769258 0.288485 0.288485 0.288485
6432.863281 0.000000 2223.715332 0.000000 0.691609 0.000000 -0.722272 0.314477 0.314477 0.314477
6452.968750 0.000000 2234.638184 0.000000 0.935059 0.000000 -0.354493 0.287521 0.287521 0.287521
6430.669434 0.000000 2218.507080 0.000000 0.922554 0.000000 -0.385869 0.300934 0.300934 0.300934
6437.876953 0.000000 2226.708008 0.000000 0.765033 0.000000 -0.643991 0.313363 0.313363 0.313363
6435.712891 0.000000 2219.671143 0.000000 0.717948 0.000000 -0.696097 0.299758 0.299758 0.299758
6478.368652 0.000000 2258.744141 0.000000 0.935838 0.000000 -0.352432 0.215501 0.215501 0.215501
6466.657715 0.000000 2247.653076 0.000000 0.706581 0.000000 -0.707632 0.236908 0.236908 0.236908
6528.328125 0.000000 2251.358887 0.000000 0.949314 0.000000 -0.314330 0.250942 0.250942 0.250942
6529.803711 0.000000 2255.216553 0.000000 0.616015 0.000000 -0.787735 0.303151 0.303151 0.303151
6529.519531 0.000000 2250.434326 0.000000 0.850515 0.000000 -0.525950 0.253580 0.253580 0.253580
6639.882812 0.000000 2207.914307 0.000000 0.704973 0.000000 -0.709234 0.217749 0.217749 0.217749
6649.981445 0.000000 2208.518066 0.000000 0.923319 0.000000 -0.384034 0.254111 0.254111 0.254111
6647.719727 0.000000 2206.920410 0.000000 0.881095 0.000000 -0.472939 0.301339 0.301339 0.301339
6646.206543 0.000000 2210.306396 0.000000 0.915505 0.000000 -0.402306 0.266027 0.266027 0.266027
6844.180664 0.000000 1841.602539 0.000000 0.605763 0.000000 -0.795645 0.221212 0.221212 0.221212
6836.072754 0.000000 1856.003174 0.000000 0.908018 0.000000 -0.418930 0.220149 0.220149 0.220149
6843.955078 0.000000 1838.555176 0.000000 0.902373 0.000000 -0.430955 0.233077 0.233077 0.233077
6837.900391 0.000000 1858.874756 0.000000 0.623371 0.000000 -0.781926 0.316742 0.316742 0.316742
6842.650879 0.000000 1818.677979 0.000000 0.731381 0.000000 -0.681969 0.270893 0.270893 0.270893
6841.305176 0.000000 1858.696777 0.000000 0.834953 0.000000 -0.550322 0.310759 0.310759 0.310759
6850.970703 0.000000 1816.947632 0.000000 0.842464 0.000000 -0.538753 0.234248 0.234248 0.234248
6854.595703 0.000000 1833.499023 0.000000 0.699799 0.000000 -0.714340 0.237601 0.237601 0.237601
6856.364746 0.000000 1807.956787 0.000000 0.801497 0.000000 -0.597999 0.239681 0.239681 0.239681
6879.813965 0.000000 1830.538452 0.000000 0.882990 0.000000 -0.469392 0.245797 0.245797 0.245797
6852.370605 0.000000 1834.089600 0.000000 0.941106 0.000000 -0.338110 0.243115 0.243115 0.243115
6824.015625 0.000000 1871.612915 0.000000 0.896315 0.000000 -0.443419 0.203051 0.203051 0.203051
6845.252441 0.000000 1874.410767 0.000000 0.777892 0.000000 -0.628398 0.215107 0.215107 0.215107
6828.016602 0.000000 1865.733032 0.000000 0.719883 0.000000 -0.694095 0.223552 0.223552 0.223552
6847.169434 0.000000 1880.862061 0.000000 0.902740 0.000000 -0.430187 0.231320 0.231320 0.231320
6844.104492 0.000000 1917.638062 0.000000 0.760294 0.000000 -0.649579 0.233171 0.233171 0.233171
6846.905762 0.000000 1869.794678 0.000000 0.589294 0.000000 -0.807919 0.245089 0.245089 0.245089
6838.609375 0.000000 1891.833008 0.000000 0.886838 0.000000 -0.462080 0.233992 0.233992 0.233992
6828.345703 0.000000 1874.700928 0.000000 0.926377 0.000000 -0.376598 0.246454 0.246454 0.246454
6828.736816 0.000000 1866.806396 0.000000 0.815450 0.000000 -0.578828 0.257272 0.257272 0.257272
6840.930664 0.000000 1876.384521 0.000000 0.627783 0.000000 -0.778388 0.317004 0.317004 0.317004
6845.190430 0.000000 1919.406494 0.000000 0.946844 0.000000 -0.321692 0.270152 0.270152 0.270152
6842.650879 0.000000 1875.162354 0.000000 0.785515 0.000000 -0.618842 0.295125 0.295125 0.295125
6838.847168 0.000000 1906.846313 0.000000 0.839111 0.000000 -0.543960 0.268068 0.268068 0.268068
6832.795410 0.000000 1874.009399 0.000000 0.924640 0.000000 -0.380843 0.307418 0.307418 0.307418
6844.159668 0.000000 1881.620605 0.000000 0.911121 0.000000 -0.412140 0.260896 0.260896 0.260896
6835.716797 0.000000 1866.236450 0.000000 0.947678 0.000000 -0.319228 0.280566 0.280566 0.280566
6865.260254 0.000000 1890.441528 0.000000 0.893763 0.000000 -0.448539 0.203066 0.203066 0.203066
6868.436035 0.000000 1906.256226 0.000000 0.931662 0.000000 -0.363325 0.202892 0.202892 0.202892
6870.911621 0.000000 1904.973999 0.000000 0.615937 0.000000 -0.787795 0.222315 0.222315 0.222315
6863.228516 0.000000 1890.996582 0.000000 0.923094 0.000000 -0.384575 0.215200 0.215200 0.215200
6876.266602 0.000000 1901.351562 0.000000 0.763915 0.000000 -0.645317 0.229544 0.229544 0.229544
6850.657715 0.000000 1908.746704 0.000000 0.945654 0.000000 -0.325173 0.240659 0.240659 0.240659
6858.112793 0.000000 1901.141235 0.000000 0.876217 0.000000 -0.481918 0.243010 0.243010 0.243010
6871.398438 0.000000 1919.784668 0.000000 0.805992 0.000000 -0.591927 0.250903 0.250903 0.250903
6852.601562 0.000000 1865.307861 0.000000 0.819922 0.000000 -0.572475 0.311162 0.311162 0.311162
6876.231934 0.000000 1905.587158 0.000000 0.835333 0.000000 -0.549744 0.281862 0.281862 0.281862
6851.610840 0.000000 1865.966187 0.000000 0.737515 0.000000 -0.675331 0.314077 0.314077 0.314077
6857.122070 0.000000 1911.046021 0.000000 0.895905 0.000000 -0.444245 0.308774 0.308774 0.308774
6854.916992 0.000000 1866.408325 0.000000 0.753647 0.000000 -0.657279 0.258426 0.258426 0.258426
6873.064941 0.000000 1914.623047 0.000000 0.621620 0.000000 -0.783319 0.266047 0.266047 0.266047
6848.649414 0.000000 1878.899414 0.000000 0.876517 0.000000 -0.481371 0.309498 0.309498 0.309498
6877.641113 0.000000 1909.740356 0.000000 0.685608 0.000000 -0.727971 0.265633 0.265633 0.265633
6836.003906 0.000000 1923.796265 0.000000 0.735547 0.000000 -0.677473 0.205073 0.205073 0.205073
6840.213867 0.000000 1931.995972 0.000000 0.675202 0.000000 -0.737633 0.290862 0.290862 0.290862
6873.706543 0.000000 1934.108154 0.000000 0.910730 0.000000 -0.413002 0.202976 0.202976 0.202976
6867.236816 0.000000 1931.791870 0.000000 0.896817 0.000000 -0.442403 0.215126 0.215126 0.215126
6856.131348 0.000000 1929.856445 0.000000 0.620576 0.000000 -0.784146 0.234367 0.234367 0.234367
6868.029785 0.000000 1924.395508 0.000000 0.945639 0.000000 -0.325218 0.228530 0.228530 0.228530
6851.455566 0.000000 1939.149902 0.000000 0.859456 0.000000 -0.511210 0.243948 0.243948 0.243948
6850.597656 0.000000 1933.933716 0.000000 0.885801 0.000000 -0.464066 0.252777 0.252777 0.252777
6851.610840 0.000000 1922.450562 0.000000 0.898853 0.000000 -0.438251 0.278877 0.278877 0.278877
6751.182129 0.000000 2137.421143 0.000000 0.869972 0.000000 -0.493102 0.244318 0.244318 0.244318
6833.394043 0.000000 2058.767334 0.000000 0.876548 0.000000 -0.481314 0.207888 0.207888 0.207888
6674.536621 0.000000 2199.875977 0.000000 0.890617 0.000000 -0.454755 0.227486 0.227486 0.227486
6676.196289 0.000000 2195.168457 0.000000 0.873044 0.000000 -0.487641 0.251902 0.251902 0.251902
6730.704590 0.000000 2169.148682 0.000000 0.799865 0.000000 -0.600180 0.218372 0.218372 0.218372
6738.834473 0.000000 2172.995605 0.000000 0.874182 0.000000 -0.485599 0.236594 0.236594 0.236594
6668.978516 0.000000 2203.626709 0.000000 0.783806 0.000000 -0.621006 0.204282 0.204282 0.204282
6746.364746 0.000000 2228.451904 0.000000 0.622687 0.000000 -0.782471 0.205945 0.205945 0.205945
6725.119141 0.000000 2219.324951 0.000000 0.892146 0.000000 -0.451747 0.203101 0.203101 0.203101
6765.386719 0.000000 2257.597656 0.000000 0.930445 0.000000 -0.366432 0.202576 0.202576 0.202576
6751.888672 0.000000 2224.434814 0.000000 0.925309 0.000000 -0.379213 0.212839 0.212839 0.212839
6759.778320 0.000000 2258.725586 0.000000 0.895964 0.000000 -0.444126 0.211069 0.211069 0.211069
6759.513672 0.000000 2257.532715 0.000000 0.839893 0.000000 -0.542752 0.257954 0.257954 0.257954
6724.470703 0.000000 2237.879639 0.000000 0.756633 0.000000 -0.653840 0.284910 0.284910 0.284910
6762.410156 0.000000 2243.926514 0.000000 0.948538 0.000000 -0.316664 0.260230 0.260230 0.260230
6734.050293 0.000000 2235.043701 0.000000 0.947640 0.000000 -0.319342 0.304421 0.304421 0.304421
6761.761719 0.000000 2241.879883 0.000000 0.746935 0.000000 -0.664897 0.313211 0.313211 0.313211
6728.099121 0.000000 2238.280273 0.000000 0.883062 0.000000 -0.469256 0.308725 0.308725 0.308725
6727.968750 0.000000 2243.843750 0.000000 0.803433 0.000000 -0.595395 0.311321 0.311321 0.311321
6730.479980 0.000000 2231.040283 0.000000 0.912900 0.000000 -0.408184 0.307259 0.307259 0.307259
6803.894531 0.000000 2210.662354 0.000000 0.600136 0.000000 -0.799898 0.212213 0.212213 0.212213
6795.316406 0.000000 2203.807617 0.000000 0.612975 0.000000 -0.790102 0.238099 0.238099 0.238099
6796.241699 0.000000 2205.155518 0.000000 0.754210 0.000000 -0.656634 0.233257 0.233257 0.233257
6818.977539 0.000000 2217.390137 0.000000 0.935244 0.000000 -0.354003 0.229389 0.229389 0.229389
6792.364746 0.000000 2203.347412 0.000000 0.662640 0.000000 -0.748938 0.244742 0.244742 0.244742
6811.859375 0.000000 2218.035889 0.000000 0.882068 0.000000 -0.471122 0.309369 0.309369 0.309369
6808.183105 0.000000 2224.578125 0.000000 0.946090 0.000000 -0.323905 0.288777 0.288777 0.288777
7072.544434 0.000000 2250.222168 0.000000 0.897450 0.000000 -0.441116 0.206393 0.206393 0.206393
6452.916016 0.000000 2266.738037 0.000000 0.617161 0.000000 -0.786837 0.224719 0.224719 0.224719
6461.294434 0.000000 2274.890381 0.000000 0.650521 0.000000 -0.759488 0.250369 0.250369 0.250369
6460.871582 0.000000 2288.569824 0.000000 0.689013 0.000000 -0.724749 0.274704 0.274704 0.274704
6460.159668 0.000000 2277.011230 0.000000 0.640219 0.000000 -0.768193 0.273716 0.273716 0.273716
6522.631836 0.000000 2294.511475 0.000000 0.801388 0.000000 -0.598145 0.204370 0.204370 0.204370
6465.451660 0.000000 2268.767334 0.000000 0.819838 0.000000 -0.572595 0.204201 0.204201 0.204201
6481.288086 0.000000 2264.456299 0.000000 0.904404 0.000000 -0.426677 0.225458 0.225458 0.225458
6477.642090 0.000000 2281.026611 0.000000 0.695796 0.000000 -0.718239 0.231641 0.231641 0.231641
6484.433105 0.000000 2276.389648 0.000000 0.831243 0.000000 -0.555909 0.226180 0.226180 0.226180
6489.045410 0.000000 2271.266846 0.000000 0.753765 0.000000 -0.657144 0.229087 0.229087 0.229087
6466.970703 0.000000 2268.822754 0.000000 0.613807 0.000000 -0.789456 0.242344 0.242344 0.242344
6468.081543 0.000000 2279.344727 0.000000 0.768829 0.000000 -0.639454 0.246776 0.246776 0.246776
6500.687500 0.000000 2309.945312 0.000000 0.643052 0.000000 -0.765823 0.292721 0.292721 0.292721
6486.163574 0.000000 2262.340332 0.000000 0.763995 0.000000 -0.645222 0.257642 0.257642 0.257642
6476.518066 0.000000 2287.965332 0.000000 0.803855 0.000000 -0.594826 0.310998 0.310998 0.310998
6467.154785 0.000000 2280.126953 0.000000 0.823330 0.000000 -0.567564 0.311007 0.311007 0.311007
6478.050293 0.000000 2291.528076 0.000000 0.913059 0.000000 -0.407827 0.290152 0.290152 0.290152
6492.939453 0.000000 2302.987793 0.000000 0.889444 0.000000 -0.457044 0.286255 0.286255 0.286255
6465.144043 0.000000 2284.829346 0.000000 0.643854 0.000000 -0.765148 0.316477 0.316477 0.316477
6465.148926 0.000000 2283.524170 0.000000 0.670000 0.000000 -0.742361 0.295266 0.295266 0.295266
6566.385742 0.000000 2276.219971 0.000000 0.771677 0.000000 -0.636015 0.208079 0.208079 0.208079
6535.143066 0.000000 2286.759521 0.000000 0.754207 0.000000 -0.656637 0.210647 0.210647 0.210647
6534.475098 0.000000 2273.965576 0.000000 0.631039 0.000000 -0.775751 0.210720 0.210720 0.210720
6530.069824 0.000000 2284.196777 0.000000 0.708113 0.000000 -0.706099 0.211149 0.211149 0.211149
6539.557617 0.000000 2299.322754 0.000000 0.803111 0.000000 -0.595829 0.222466 0.222466 0.222466
6561.519531 0.000000 2267.236084 0.000000 0.891805 0.000000 -0.452419 0.230967 0.230967 0.230967
6564.813477 0.000000 2276.529297 0.000000 0.811127 0.000000 -0.584870 0.231815 0.231815 0.231815
6565.802246 0.000000 2277.651855 0.000000 0.663366 0.000000 -0.748295 0.233852 0.233852 0.233852
6541.681641 0.000000 2305.043945 0.000000 0.835696 0.000000 -0.549193 0.239682 0.239682 0.239682
6537.022461 0.000000 2302.442139 0.000000 0.700629 0.000000 -0.713526 0.257503 0.257503 0.257503
6528.328125 0.000000 2307.843262 0.000000 0.932163 0.000000 -0.362040 0.240482 0.240482 0.240482
6541.130371 0.000000 2301.551270 0.000000 0.742288 0.000000 -0.670080 0.255614 0.255614 0.255614
6556.834961 0.000000 2268.050781 0.000000 0.923733 0.000000 -0.383037 0.306904 0.306904 0.306904
6556.231934 0.000000 2300.977783 0.000000 0.730593 0.000000 -0.682813 0.313285 0.313285 0.313285
6561.799316 0.000000 2298.260986 0.000000 0.914411 0.000000 -0.404786 0.307678 0.307678 0.307678
6537.122070 0.000000 2306.436523 0.000000 0.749424 0.000000 -0.662090 0.260305 0.260305 0.260305
6553.831543 0.000000 2266.518555 0.000000 0.816884 0.000000 -0.576802 0.259029 0.259029 0.259029
6556.237305 0.000000 2263.350342 0.000000 0.896673 0.000000 -0.442694 0.290148 0.290148 0.290148
6530.944824 0.000000 2333.255371 0.000000 0.920516 0.000000 -0.390706 0.210042 0.210042 0.210042
6541.344238 0.000000 2330.149170 0.000000 0.911361 0.000000 -0.411607 0.260303 0.260303 0.260303
6594.069824 0.000000 2340.681152 0.000000 0.593620 0.000000 -0.804745 0.215895 0.215895 0.215895
6613.452637 0.000000 2337.842285 0.000000 0.691146 0.000000 -0.722716 0.222095 0.222095 0.222095
6616.891602 0.000000 2362.214600 0.000000 0.914807 0.000000 -0.403892 0.219430 0.219430 0.219430
6592.233887 0.000000 2329.302734 0.000000 0.900551 0.000000 -0.434751 0.223207 0.223207 0.223207
6611.389160 0.000000 2328.442139 0.000000 0.902954 0.000000 -0.429737 0.251174 0.251174 0.251174
6617.752441 0.000000 2372.236572 0.000000 0.755939 0.000000 -0.654642 0.301915 0.301915 0.301915
6644.589844 0.000000 2359.278076 0.000000 0.742143 0.000000 -0.670241 0.257422 0.257422 0.257422
6651.502441 0.000000 2384.341064 0.000000 0.930051 0.000000 -0.367431 0.217944 0.217944 0.217944
6626.559570 0.000000 2405.549316 0.000000 0.626873 0.000000 -0.779121 0.227031 0.227031 0.227031
6612.179199 0.000000 2373.620850 0.000000 0.630376 0.000000 -0.776290 0.242742 0.242742 0.242742
6618.372559 0.000000 2425.200439 0.000000 0.651644 0.000000 -0.758525 0.262526 0.262526 0.262526
6633.341797 0.000000 2400.993652 0.000000 0.737420 0.000000 -0.675435 0.275620 0.275620 0.275620
6626.421875 0.000000 2408.835693 0.000000 0.817141 0.000000 -0.576438 0.283514 0.283514 0.283514
6633.785156 0.000000 2406.427002 0.000000 0.844702 0.000000 -0.535237 0.310554 0.310554 0.310554
6619.313477 0.000000 2419.977295 0.000000 0.884657 0.000000 -0.466243 0.270463 0.270463 0.270463
6627.546875 0.000000 2425.303955 0.000000 0.704818 0.000000 -0.709389 0.315062 0.315062 0.315062
6614.342773 0.000000 2372.489258 0.000000 0.928384 0.000000 -0.371623 0.294236 0.294236 0.294236
6624.724121 0.000000 2394.760010 0.000000 0.922238 0.000000 -0.386622 0.300948 0.300948 0.300948
6631.180176 0.000000 2402.768066 0.000000 0.769345 0.000000 -0.638833 0.312924 0.312924 0.312924
6632.466309 0.000000 2405.881104 0.000000 0.758479 0.000000 -0.651698 0.312679 0.312679 0.312679
6639.722656 0.000000 2473.147705 0.000000 0.596605 0.000000 -0.802535 0.205977 0.205977 0.205977
6621.958984 0.000000 2439.028564 0.000000 0.922630 0.000000 -0.385685 0.202728 0.202728 0.202728
6642.216309 0.000000 2473.373047 0.000000 0.881505 0.000000 -0.472175 0.211309 0.211309 0.211309
6622.652344 0.000000 2440.913574 0.000000 0.677269 0.000000 -0.735736 0.227059 0.227059 0.227059
6645.188965 0.000000 2483.240967 0.000000 0.689357 0.000000 -0.724422 0.225715 0.225715 0.225715
6630.782227 0.000000 2456.837891 0.000000 0.730645 0.000000 -0.682758 0.240176 0.240176 0.240176
6643.748047 0.000000 2470.283447 0.000000 0.879092 0.000000 -0.476653 0.277706 0.277706 0.277706
6632.114258 0.000000 2431.383545 0.000000 0.593554 0.000000 -0.804794 0.282503 0.282503 0.282503
6636.563965 0.000000 2468.547852 0.000000 0.911386 0.000000 -0.411553 0.301986 0.301986 0.301986
6642.290039 0.000000 2482.594238 0.000000 0.692882 0.000000 -0.721051 0.302768 0.302768 0.302768
6654.321777 0.000000 2503.644775 0.000000 0.605642 0.000000 -0.795737 0.238187 0.238187 0.238187
6643.501953 0.000000 2485.379395 0.000000 0.876762 0.000000 -0.480925 0.306839 0.306839 0.306839
6689.680176 0.000000 2315.202637 0.000000 0.901682 0.000000 -0.432399 0.213294 0.213294 0.213294
6672.985352 0.000000 2281.550781 0.000000 0.815993 0.000000 -0.578061 0.226416 0.226416 0.226416
6668.617676 0.000000 2276.022217 0.000000 0.942862 0.000000 -0.333184 0.221680 0.221680 0.221680
6697.205566 0.000000 2315.831299 0.000000 0.872445 0.000000 -0.488712 0.245442 0.245442 0.245442
6680.230957 0.000000 2274.383789 0.000000 0.799580 0.000000 -0.600559 0.248042 0.248042 0.248042
6674.263672 0.000000 2271.461426 0.000000 0.594971 0.000000 -0.803747 0.293006 0.293006 0.293006
6695.513672 0.000000 2314.017090 0.000000 0.766206 0.000000 -0.642595 0.258203 0.258203 0.258203
6677.918945 0.000000 2280.280029 0.000000 0.823842 0.000000 -0.566819 0.310675 0.310675 0.310675
6685.463379 0.000000 2285.450928 0.000000 0.662767 0.000000 -0.748825 0.285581 0.285581 0.285581
6711.669922 0.000000 2293.039551 0.000000 0.909879 0.000000 -0.414874 0.285565 0.285565 0.285565
6711.966309 0.000000 2295.270752 0.000000 0.723728 0.000000 -0.690085 0.275278 0.275278 0.275278
6674.209473 0.000000 2270.278564 0.000000 0.894157 0.000000 -0.447754 0.286101 0.286101 0.286101
6769.129395 0.000000 2309.781006 0.000000 0.639012 0.000000 -0.769197 0.209444 0.209444 0.209444
6777.072754 0.000000 2309.492188 0.000000 0.918357 0.000000 -0.395752 0.208925 0.208925 0.208925
6769.262695 0.000000 2313.936035 0.000000 0.800054 0.000000 -0.599928 0.216597 0.216597 0.216597
6759.778320 0.000000 2315.209961 0.000000 0.608200 0.000000 -0.793784 0.216961 0.216961 0.216961
6767.448242 0.000000 2283.882568 0.000000 0.785611 0.000000 -0.618721 0.212645 0.212645 0.212645
6747.528320 0.000000 2293.914307 0.000000 0.755480 0.000000 -0.655172 0.216567 0.216567 0.216567
6753.478516 0.000000 2289.396484 0.000000 0.820699 0.000000 -0.571361 0.229888 0.229888 0.229888
6760.653320 0.000000 2305.017578 0.000000 0.761698 0.000000 -0.647932 0.230170 0.230170 0.230170
6763.175293 0.000000 2277.672363 0.000000 0.770867 0.000000 -0.636996 0.241366 0.241366 0.241366
6774.238281 0.000000 2315.737061 0.000000 0.917622 0.000000 -0.397453 0.230984 0.230984 0.230984
6757.210449 0.000000 2291.456543 0.000000 0.918890 0.000000 -0.394513 0.243751 0.243751 0.243751
6746.769531 0.000000 2308.048340 0.000000 0.745595 0.000000 -0.666399 0.250150 0.250150 0.250150
6765.193359 0.000000 2280.224854 0.000000 0.925625 0.000000 -0.378443 0.242987 0.242987 0.242987
6755.061035 0.000000 2314.691895 0.000000 0.786587 0.000000 -0.617479 0.263816 0.263816 0.263816
6781.613770 0.000000 2285.946045 0.000000 0.915898 0.000000 -0.401412 0.277139 0.277139 0.277139
6732.862793 0.000000 2304.037354 0.000000 0.902574 0.000000 -0.430535 0.289943 0.289943 0.289943
6718.970703 0.000000 2338.515381 0.000000 0.779388 0.000000 -0.626541 0.220421 0.220421 0.220421
6699.071777 0.000000 2326.437988 0.000000 0.598133 0.000000 -0.801397 0.226739 0.226739 0.226739
6708.072754 0.000000 2364.362549 0.000000 0.784232 0.000000 -0.620468 0.217987 0.217987 0.217987
6715.429199 0.000000 2341.171875 0.000000 0.629763 0.000000 -0.776787 0.225187 0.225187 0.225187
6697.033691 0.000000 2357.296143 0.000000 0.620380 0.000000 -0.784301 0.241046 0.241046 0.241046
6692.154785 0.000000 2323.561768 0.000000 0.628866 0.000000 -0.777514 0.270224 0.270224 0.270224
6690.554688 0.000000 2325.573486 0.000000 0.937384 0.000000 -0.348299 0.278677 0.278677 0.278677
6709.881348 0.000000 2358.019043 0.000000 0.815937 0.000000 -0.578141 0.310735 0.310735 0.310735
6673.052246 0.000000 2358.663818 0.000000 0.746847 0.000000 -0.664996 0.255537 0.255537 0.255537
6712.311035 0.000000 2360.511475 0.000000 0.780238 0.000000 -0.625482 0.252562 0.252562 0.252562
6697.168457 0.000000 2347.416748 0.000000 0.733091 0.000000 -0.680131 0.306739 0.306739 0.306739
6710.206543 0.000000 2323.275146 0.000000 0.670890 0.000000 -0.741557 0.261007 0.261007 0.261007
6692.343262 0.000000 2322.400635 0.000000 0.672296 0.000000 -0.740282 0.269509 0.269509 0.269509
6691.792969 0.000000 2316.835938 0.000000 0.916278 0.000000 -0.400544 0.292380 0.292380 0.292380
6693.606445 0.000000 2318.778809 0.000000 0.667239 0.000000 -0.744844 0.278147 0.278147 0.278147
6697.761719 0.000000 2354.848633 0.000000 0.765003 0.000000 -0.644027 0.313312 0.313312 0.313312
6770.318359 0.000000 2316.065186 0.000000 0.945108 0.000000 -0.326757 0.202186 0.202186 0.202186
6754.934570 0.000000 2319.428467 0.000000 0.642761 0.000000 -0.766067 0.216014 0.216014 0.216014
6732.919922 0.000000 2365.895020 0.000000 0.946167 0.000000 -0.323678 0.215832 0.215832 0.215832
6726.813965 0.000000 2337.623291 0.000000 0.916524 0.000000 -0.399981 0.245562 0.245562 0.245562
6734.057129 0.000000 2350.521729 0.000000 0.691564 0.000000 -0.722315 0.285030 0.285030 0.285030
6722.176270 0.000000 2353.792725 0.000000 0.907679 0.000000 -0.419666 0.260996 0.260996 0.260996
6734.689941 0.000000 2352.203613 0.000000 0.726030 0.000000 -0.687663 0.272203 0.272203 0.272203
6737.357910 0.000000 2349.275146 0.000000 0.590580 0.000000 -0.806979 0.297434 0.297434 0.297434
6771.089355 0.000000 2344.856201 0.000000 0.788937 0.000000 -0.614475 0.262572 0.262572 0.262572
6724.470703 0.000000 2350.848389 0.000000 0.825199 0.000000 -0.564843 0.277336 0.277336 0.277336
6726.969727 0.000000 2348.183594 0.000000 0.788811 0.000000 -0.614636 0.267367 0.267367 0.267367
6744.484375 0.000000 2315.870605 0.000000 0.662580 0.000000 -0.748991 0.266621 0.266621 0.266621
6735.546387 0.000000 2353.741211 0.000000 0.681592 0.000000 -0.731732 0.273007 0.273007 0.273007
6725.747070 0.000000 2348.830322 0.000000 0.838572 0.000000 -0.544791 0.277009 0.277009 0.277009
6757.960449 0.000000 2355.728027 0.000000 0.780514 0.000000 -0.625138 0.306147 0.306147 0.306147
6796.552734 0.000000 2285.569092 0.000000 0.757476 0.000000 -0.652863 0.204653 0.204653 0.204653
6827.596680 0.000000 2307.916504 0.000000 0.804141 0.000000 -0.594438 0.211822 0.211822 0.211822
6831.085449 0.000000 2298.203125 0.000000 0.812099 0.000000 -0.583520 0.211720 0.211720 0.211720
6829.465820 0.000000 2303.670898 0.000000 0.921884 0.000000 -0.387466 0.207123 0.207123 0.207123
6784.233887 0.000000 2272.818359 0.000000 0.789635 0.000000 -0.613576 0.234522 0.234522 0.234522
6807.599609 0.000000 2313.930176 0.000000 0.677058 0.000000 -0.735930 0.228264 0.228264 0.228264
6789.431641 0.000000 2270.151611 0.000000 0.948786 0.000000 -0.315919 0.237094 0.237094 0.237094
6806.709473 0.000000 2279.337158 0.000000 0.774350 0.000000 -0.632757 0.273670 0.273670 0.273670
6828.416992 0.000000 2304.378418 0.000000 0.926866 0.000000 -0.375394 0.269741 0.269741 0.269741
6806.077637 0.000000 2333.033936 0.000000 0.624767 0.000000 -0.780811 0.210779 0.210779 0.210779
6805.422363 0.000000 2340.214355 0.000000 0.909231 0.000000 -0.416292 0.213155 0.213155 0.213155
6791.620605 0.000000 2322.088623 0.000000 0.668684 0.000000 -0.743546 0.220547 0.220547 0.220547
6805.729980 0.000000 2331.449463 0.000000 0.717830 0.000000 -0.696219 0.235555 0.235555 0.235555
6787.049316 0.000000 2328.130127 0.000000 0.647734 0.000000 -0.761866 0.228004 0.228004 0.228004
6807.955566 0.000000 2349.649902 0.000000 0.814713 0.000000 -0.579865 0.235310 0.235310 0.235310
6791.500488 0.000000 2335.155762 0.000000 0.910857 0.000000 -0.412723 0.238712 0.238712 0.238712
6798.623047 0.000000 2320.570801 0.000000 0.898788 0.000000 -0.438384 0.244843 0.244843 0.244843
6802.082520 0.000000 2315.921631 0.000000 0.921521 0.000000 -0.388329 0.276357 0.276357 0.276357
6718.854492 0.000000 2398.927246 0.000000 0.713957 0.000000 -0.700189 0.220037 0.220037 0.220037
6684.266602 0.000000 2409.710938 0.000000 0.927974 0.000000 -0.372644 0.235954 0.235954 0.235954
6681.632324 0.000000 2387.561279 0.000000 0.608685 0.000000 -0.793412 0.229654 0.229654 0.229654
6678.292480 0.000000 2403.764404 0.000000 0.746108 0.000000 -0.665824 0.236958 0.236958 0.236958
6663.754395 0.000000 2402.310059 0.000000 0.801708 0.000000 -0.597716 0.255155 0.255155 0.255155
6666.112793 0.000000 2409.500488 0.000000 0.906164 0.000000 -0.422926 0.308029 0.308029 0.308029
6662.969727 0.000000 2404.667969 0.000000 0.698124 0.000000 -0.715977 0.305722 0.305722 0.305722
6674.234375 0.000000 2403.806885 0.000000 0.660262 0.000000 -0.751036 0.274600 0.274600 0.274600
6664.099121 0.000000 2407.733398 0.000000 0.886980 0.000000 -0.461808 0.309168 0.309168 0.309168
6768.580566 0.000000 2402.784424 0.000000 0.759993 0.000000 -0.649931 0.204857 0.204857 0.204857
6753.448730 0.000000 2395.640625 0.000000 0.930027 0.000000 -0.367492 0.202593 0.202593 0.202593
6753.519531 0.000000 2380.204834 0.000000 0.857631 0.000000 -0.514265 0.228684 0.228684 0.228684
6738.338867 0.000000 2380.376953 0.000000 0.798965 0.000000 -0.601377 0.249840 0.249840 0.249840
6759.639160 0.000000 2399.416992 0.000000 0.807022 0.000000 -0.590521 0.281361 0.281361 0.281361
6721.354492 0.000000 2414.059814 0.000000 0.706040 0.000000 -0.708172 0.252581 0.252581 0.252581
6724.601562 0.000000 2373.667236 0.000000 0.811077 0.000000 -0.584939 0.293871 0.293871 0.293871
6752.863281 0.000000 2393.168457 0.000000 0.817860 0.000000 -0.575417 0.253059 0.253059 0.253059
6783.312988 0.000000 2413.618652 0.000000 0.901316 0.000000 -0.433162 0.292936 0.292936 0.292936
6737.432129 0.000000 2427.474609 0.000000 0.822752 0.000000 -0.568401 0.311546 0.311546 0.311546
6720.369141 0.000000 2411.870850 0.000000 0.792396 0.000000 -0.610006 0.280498 0.280498 0.280498
6732.296875 0.000000 2425.929443 0.000000 0.702574 0.000000 -0.711611 0.315122 0.315122 0.315122
6658.822754 0.000000 2462.796143 0.000000 0.597852 0.000000 -0.801606 0.209824 0.209824 0.209824
6661.141602 0.000000 2454.334473 0.000000 0.887313 0.000000 -0.461168 0.210049 0.210049 0.210049
6663.662109 0.000000 2465.553467 0.000000 0.636957 0.000000 -0.770899 0.251166 0.251166 0.251166
6692.154785 0.000000 2436.530518 0.000000 0.783958 0.000000 -0.620814 0.304844 0.304844 0.304844
6663.959473 0.000000 2478.086914 0.000000 0.624739 0.000000 -0.780833 0.288748 0.288748 0.288748
6698.844238 0.000000 2437.728027 0.000000 0.595367 0.000000 -0.803454 0.317820 0.317820 0.317820
6684.834961 0.000000 2437.503906 0.000000 0.769262 0.000000 -0.638933 0.313237 0.313237 0.313237
6664.396484 0.000000 2467.608887 0.000000 0.929258 0.000000 -0.369430 0.269074 0.269074 0.269074
6667.042480 0.000000 2469.860107 0.000000 0.671402 0.000000 -0.741094 0.272575 0.272575 0.272575
6662.282227 0.000000 2474.882568 0.000000 0.942563 0.000000 -0.334029 0.306505 0.306505 0.306505
6765.585449 0.000000 2439.261230 0.000000 0.602692 0.000000 -0.797974 0.220035 0.220035 0.220035
6739.350098 0.000000 2431.181885 0.000000 0.756047 0.000000 -0.654517 0.234425 0.234425 0.234425
6758.707031 0.000000 2437.385498 0.000000 0.889539 0.000000 -0.456860 0.229844 0.229844 0.229844
6778.116699 0.000000 2478.144287 0.000000 0.718917 0.000000 -0.695096 0.269911 0.269911 0.269911
6736.053223 0.000000 2434.188477 0.000000 0.929173 0.000000 -0.369646 0.254514 0.254514 0.254514
6827.765137 0.000000 2401.627930 0.000000 0.863461 0.000000 -0.504415 0.230342 0.230342 0.230342
6844.112793 0.000000 2408.018799 0.000000 0.855685 0.000000 -0.517497 0.229306 0.229306 0.229306
6846.208984 0.000000 2409.004395 0.000000 0.868660 0.000000 -0.495409 0.244346 0.244346 0.244346
6833.310547 0.000000 2401.813477 0.000000 0.672302 0.000000 -0.740277 0.314639 0.314639 0.314639
6799.586426 0.000000 2398.213135 0.000000 0.800793 0.000000 -0.598941 0.311639 0.311639 0.311639
6784.649414 0.000000 2387.258789 0.000000 0.841805 0.000000 -0.539782 0.301410 0.301410 0.301410
6826.742676 0.000000 2396.533447 0.000000 0.872240 0.000000 -0.489079 0.299261 0.299261 0.299261
6840.073242 0.000000 2411.782471 0.000000 0.912437 0.000000 -0.409217 0.284299 0.284299 0.284299
6867.991699 0.000000 2405.571289 0.000000 0.815092 0.000000 -0.579332 0.204211 0.204211 0.204211
6863.824707 0.000000 2395.790527 0.000000 0.811587 0.000000 -0.584232 0.230623 0.230623 0.230623
6862.835449 0.000000 2401.984375 0.000000 0.879579 0.000000 -0.475754 0.238830 0.238830 0.238830
6852.993652 0.000000 2396.526855 0.000000 0.932616 0.000000 -0.360870 0.247434 0.247434 0.247434
6853.575684 0.000000 2393.692383 0.000000 0.943494 0.000000 -0.331390 0.244776 0.244776 0.244776
6879.121582 0.000000 2403.604004 0.000000 0.947977 0.000000 -0.318338 0.263728 0.263728 0.263728
6854.969727 0.000000 2404.667969 0.000000 0.945774 0.000000 -0.324825 0.295778 0.295778 0.295778
6851.154785 0.000000 2393.095703 0.000000 0.688140 0.000000 -0.725578 0.272283 0.272283 0.272283
6848.125977 0.000000 2391.765625 0.000000 0.883370 0.000000 -0.468677 0.288223 0.288223 0.288223
6853.747070 0.000000 2405.314697 0.000000 0.775741 0.000000 -0.631051 0.311738 0.311738 0.311738
6801.260254 0.000000 2455.285156 0.000000 0.881251 0.000000 -0.472648 0.203245 0.203245 0.203245
6787.093750 0.000000 2458.898193 0.000000 0.626863 0.000000 -0.779130 0.241572 0.241572 0.241572
6807.105469 0.000000 2473.011475 0.000000 0.669956 0.000000 -0.742401 0.314663 0.314663 0.314663
7070.236816 0.000000 2311.904785 0.000000 0.720372 0.000000 -0.693587 0.204937 0.204937 0.204937
7051.406250 0.000000 2292.445801 0.000000 0.812742 0.000000 -0.582624 0.204177 0.204177 0.204177
7067.443848 0.000000 2291.639893 0.000000 0.902047 0.000000 -0.431637 0.213868 0.213868 0.213868
7065.304688 0.000000 2260.368652 0.000000 0.688876 0.000000 -0.724879 0.225720 0.225720 0.225720
7084.442383 0.000000 2265.887695 0.000000 0.714272 0.000000 -0.699868 0.229606 0.229606 0.229606
7064.204102 0.000000 2303.902588 0.000000 0.925222 0.000000 -0.379427 0.228481 0.228481 0.228481
7074.144043 0.000000 2310.364502 0.000000 0.633638 0.000000 -0.773629 0.237847 0.237847 0.237847
7077.374023 0.000000 2265.341553 0.000000 0.710786 0.000000 -0.703408 0.239255 0.239255 0.239255
7078.782227 0.000000 2287.384766 0.000000 0.749998 0.000000 -0.661441 0.238098 0.238098 0.238098
7089.244629 0.000000 2296.427246 0.000000 0.834976 0.000000 -0.550287 0.239695 0.239695 0.239695
7092.695801 0.000000 2295.478760 0.000000 0.908169 0.000000 -0.418604 0.256300 0.256300 0.256300
7093.408691 0.000000 2287.788574 0.000000 0.875660 0.000000 -0.482928 0.260087 0.260087 0.260087
7069.685059 0.000000 2294.129639 0.000000 0.756366 0.000000 -0.654148 0.256576 0.256576 0.256576
7076.323242 0.000000 2269.875732 0.000000 0.615920 0.000000 -0.787809 0.279655 0.279655 0.279655
7057.965332 0.000000 2300.000244 0.000000 0.942424 0.000000 -0.334421 0.270911 0.270911 0.270911
6658.970703 0.000000 2494.760254 0.000000 0.846327 0.000000 -0.532664 0.243618 0.243618 0.243618
6679.062012 0.000000 2501.434082 0.000000 0.650198 0.000000 -0.759764 0.241879 0.241879 0.241879
6670.623047 0.000000 2490.023926 0.000000 0.753806 0.000000 -0.657097 0.312834 0.312834 0.312834
6664.904785 0.000000 2491.592285 0.000000 0.884943 0.000000 -0.465700 0.307733 0.307733 0.307733
6664.409180 0.000000 2500.132080 0.000000 0.900808 0.000000 -0.434218 0.296494 0.296494 0.296494
6666.865723 0.000000 2500.403320 0.000000 0.691032 0.000000 -0.722824 0.310806 0.310806 0.310806
6657.121582 0.000000 2502.420898 0.000000 0.931208 0.000000 -0.364489 0.306678 0.306678 0.306678
6681.831543 0.000000 2492.456055 0.000000 0.835156 0.000000 -0.550013 0.311123 0.311123 0.311123
6682.768555 0.000000 2500.244873 0.000000 0.761522 0.000000 -0.648139 0.269714 0.269714 0.269714
6668.067383 0.000000 2485.399658 0.000000 0.940012 0.000000 -0.341141 0.304231 0.304231 0.304231
6684.025391 0.000000 2491.683350 0.000000 0.815677 0.000000 -0.578508 0.296154 0.296154 0.296154
6664.323730 0.000000 2503.836914 0.000000 0.647842 0.000000 -0.761775 0.313025 0.313025 0.313025
6668.654785 0.000000 2489.016846 0.000000 0.779404 0.000000 -0.626522 0.301933 0.301933 0.301933
7268.144531 0.000000 2364.820801 0.000000 0.944533 0.000000 -0.328417 0.212415 0.212415 0.212415
7268.687500 0.000000 2366.429688 0.000000 0.807549 0.000000 -0.589801 0.249089 0.249089 0.249089
7263.826172 0.000000 2367.435303 0.000000 0.937720 0.000000 -0.347391 0.306125 0.306125 0.306125
7265.498047 0.000000 2364.074219 0.000000 0.805723 0.000000 -0.592292 0.310991 0.310991 0.310991
7229.039062 0.000000 2390.684814 0.000000 0.838380 0.000000 -0.545087 0.260361 0.260361 0.260361
7293.382324 0.000000 2402.645996 0.000000 0.657865 0.000000 -0.753136 0.218261 0.218261 0.218261
7247.854980 0.000000 2378.873535 0.000000 0.919837 0.000000 -0.392300 0.218745 0.218745 0.218745
7253.209473 0.000000 2379.206055 0.000000 0.733271 0.000000 -0.679936 0.238939 0.238939 0.238939
7266.454102 0.000000 2413.364990 0.000000 0.881113 0.000000 -0.472905 0.243491 0.243491 0.243491
7275.627441 0.000000 2423.527344 0.000000 0.792583 0.000000 -0.609763 0.278090 0.278090 0.278090
7264.813965 0.000000 2410.198486 0.000000 0.614721 0.000000 -0.788744 0.308149 0.308149 0.308149
7274.279785 0.000000 2417.200439 0.000000 0.947416 0.000000 -0.320003 0.278835 0.278835 0.278835
7264.087402 0.000000 2412.462891 0.000000 0.848628 0.000000 -0.528991 0.310625 0.310625 0.310625
7275.690430 0.000000 2432.392090 0.000000 0.874461 0.000000 -0.485096 0.204421 0.204421 0.204421
7281.687988 0.000000 2437.780762 0.000000 0.853538 0.000000 -0.521031 0.209396 0.209396 0.209396
7280.914551 0.000000 2446.011719 0.000000 0.787966 0.000000 -0.615718 0.220899 0.220899 0.220899
7289.007324 0.000000 2474.488770 0.000000 0.927514 0.000000 -0.373788 0.218000 0.218000 0.218000
7284.601074 0.000000 2479.765625 0.000000 0.944698 0.000000 -0.327941 0.256897 0.256897 0.256897
7290.406250 0.000000 2467.908447 0.000000 0.846526 0.000000 -0.532348 0.244796 0.244796 0.244796
7291.628418 0.000000 2472.503662 0.000000 0.804083 0.000000 -0.594516 0.263466 0.263466 0.263466
7286.683594 0.000000 2459.389893 0.000000 0.597448 0.000000 -0.801907 0.260277 0.260277 0.260277
7283.413574 0.000000 2448.378662 0.000000 0.925191 0.000000 -0.379503 0.297301 0.297301 0.297301
7278.633301 0.000000 2433.543945 0.000000 0.681931 0.000000 -0.731416 0.299320 0.299320 0.299320
7283.578125 0.000000 2452.065430 0.000000 0.664977 0.000000 -0.746864 0.261100 0.261100 0.261100
7288.008301 0.000000 2471.077393 0.000000 0.818080 0.000000 -0.575104 0.291285 0.291285 0.291285
7289.484375 0.000000 2469.843994 0.000000 0.797847 0.000000 -0.602860 0.293006 0.293006 0.293006
7295.644043 0.000000 2484.848633 0.000000 0.695478 0.000000 -0.718547 0.315131 0.315131 0.315131
7292.292969 0.000000 2485.150879 0.000000 0.786985 0.000000 -0.616972 0.312001 0.312001 0.312001
7303.213379 0.000000 2410.543701 0.000000 0.944425 0.000000 -0.328727 0.202308 0.202308 0.202308
7298.875977 0.000000 2404.930420 0.000000 0.949068 0.000000 -0.315072 0.246326 0.246326 0.246326
7298.422363 0.000000 2411.342041 0.000000 0.675457 0.000000 -0.737399 0.295769 0.295769 0.295769
7309.487793 0.000000 2438.844727 0.000000 0.900773 0.000000 -0.434291 0.209242 0.209242 0.209242
7307.084961 0.000000 2439.206787 0.000000 0.893305 0.000000 -0.449452 0.225098 0.225098 0.225098
7305.880371 0.000000 2462.346680 0.000000 0.708028 0.000000 -0.706184 0.236288 0.236288 0.236288
7314.834473 0.000000 2455.417480 0.000000 0.698365 0.000000 -0.715742 0.236417 0.236417 0.236417
7298.857910 0.000000 2471.171631 0.000000 0.827302 0.000000 -0.561758 0.311348 0.311348 0.311348
7308.296875 0.000000 2482.413818 0.000000 0.861018 0.000000 -0.508574 0.293070 0.293070 0.293070
7287.867676 0.000000 2532.544189 0.000000 0.927845 0.000000 -0.372967 0.211052 0.211052 0.211052
7282.425293 0.000000 2487.466797 0.000000 0.910418 0.000000 -0.413690 0.220100 0.220100 0.220100
7287.432129 0.000000 2534.396240 0.000000 0.677728 0.000000 -0.735313 0.216251 0.216251 0.216251
7281.352051 0.000000 2538.446289 0.000000 0.885280 0.000000 -0.465058 0.235781 0.235781 0.235781
7282.249023 0.000000 2534.992432 0.000000 0.782165 0.000000 -0.623071 0.275311 0.275311 0.275311
7287.966309 0.000000 2521.208252 0.000000 0.788584 0.000000 -0.614928 0.291427 0.291427 0.291427
7288.246582 0.000000 2544.653809 0.000000 0.911585 0.000000 -0.411112 0.214851 0.214851 0.214851
7289.981445 0.000000 2547.424316 0.000000 0.718730 0.000000 -0.695289 0.279625 0.279625 0.279625
7297.843750 0.000000 2531.692139 0.000000 0.685386 0.000000 -0.728180 0.220962 0.220962 0.220962
7300.588867 0.000000 2494.949951 0.000000 0.906511 0.000000 -0.422182 0.249912 0.249912 0.249912
7297.354492 0.000000 2527.028564 0.000000 0.775283 0.000000 -0.631614 0.249658 0.249658 0.249658
7300.601562 0.000000 2486.635986 0.000000 0.912929 0.000000 -0.408119 0.270207 0.270207 0.270207
7350.610352 0.000000 2535.225830 0.000000 0.637908 0.000000 -0.770113 0.288505 0.288505 0.288505
7304.070801 0.000000 2489.105225 0.000000 0.947087 0.000000 -0.320977 0.306045 0.306045 0.306045
7351.916992 0.000000 2535.479004 0.000000 0.833702 0.000000 -0.552214 0.284292 0.284292 0.284292
7344.327148 0.000000 2540.615479 0.000000 0.767856 0.000000 -0.640622 0.297374 0.297374 0.297374
7354.511719 0.000000 2562.306885 0.000000 0.697698 0.000000 -0.716392 0.205224 0.205224 0.205224
7312.939453 0.000000 2557.725586 0.000000 0.737205 0.000000 -0.675669 0.205093 0.205093 0.205093
7296.371582 0.000000 2546.881592 0.000000 0.707162 0.000000 -0.707052 0.227299 0.227299 0.227299
7337.033691 0.000000 2583.233643 0.000000 0.856139 0.000000 -0.516745 0.240478 0.240478 0.240478
7331.804199 0.000000 2585.098389 0.000000 0.725912 0.000000 -0.687787 0.246853 0.246853 0.246853
7357.256836 0.000000 2547.161621 0.000000 0.915519 0.000000 -0.402274 0.245006 0.245006 0.245006
7344.927734 0.000000 2586.812744 0.000000 0.900345 0.000000 -0.435176 0.257100 0.257100 0.257100
7357.039062 0.000000 2560.137939 0.000000 0.797725 0.000000 -0.603021 0.309311 0.309311 0.309311
7328.387695 0.000000 2551.090332 0.000000 0.924005 0.000000 -0.382381 0.306906 0.306906 0.306906
7326.985352 0.000000 2590.840820 0.000000 0.806125 0.000000 -0.591746 0.311928 0.311928 0.311928
7354.116699 0.000000 2591.113037 0.000000 0.602556 0.000000 -0.798076 0.307154 0.307154 0.307154
7329.498047 0.000000 2590.011719 0.000000 0.846757 0.000000 -0.531980 0.309663 0.309663 0.309663
7312.268066 0.000000 2554.074951 0.000000 0.687941 0.000000 -0.725766 0.274114 0.274114 0.274114
7324.834961 0.000000 2550.472656 0.000000 0.933852 0.000000 -0.357660 0.274153 0.274153 0.274153
7314.263672 0.000000 2553.883301 0.000000 0.699437 0.000000 -0.714694 0.256311 0.256311 0.256311
7328.728027 0.000000 2553.005615 0.000000 0.863900 0.000000 -0.503663 0.285849 0.285849 0.285849
7350.206543 0.000000 2549.212646 0.000000 0.940785 0.000000 -0.339004 0.256456 0.256456 0.256456
7358.141113 0.000000 2588.665039 0.000000 0.843858 0.000000 -0.536566 0.279853 0.279853 0.279853
7369.808105 0.000000 2582.964111 0.000000 0.889290 0.000000 -0.457343 0.211764 0.211764 0.211764
7367.699707 0.000000 2557.651855 0.000000 0.643803 0.000000 -0.765191 0.221418 0.221418 0.221418
7379.881836 0.000000 2580.334473 0.000000 0.686471 0.000000 -0.727157 0.229353 0.229353 0.229353
7390.924805 0.000000 2581.101807 0.000000 0.872815 0.000000 -0.488051 0.233101 0.233101 0.233101
7367.754395 0.000000 2571.763184 0.000000 0.812443 0.000000 -0.583040 0.253163 0.253163 0.253163
7374.689941 0.000000 2578.141113 0.000000 0.864729 0.000000 -0.502239 0.294742 0.294742 0.294742
7391.121582 0.000000 2573.057129 0.000000 0.907389 0.000000 -0.420291 0.266863 0.266863 0.266863
7365.747070 0.000000 2574.767822 0.000000 0.896709 0.000000 -0.442620 0.306697 0.306697 0.306697
7331.689941 0.000000 2649.882812 0.000000 0.848648 0.000000 -0.528959 0.205366 0.205366 0.205366
7329.632324 0.000000 2652.090576 0.000000 0.939653 0.000000 -0.342129 0.256495 0.256495 0.256495
7322.370605 0.000000 2620.871094 0.000000 0.946676 0.000000 -0.322187 0.262040 0.262040 0.262040
7340.736816 0.000000 2601.103271 0.000000 0.809071 0.000000 -0.587712 0.311787 0.311787 0.311787
7326.868164 0.000000 2619.023438 0.000000 0.795136 0.000000 -0.606431 0.298503 0.298503 0.298503
7337.855957 0.000000 2599.296875 0.000000 0.809196 0.000000 -0.587538 0.256799 0.256799 0.256799
7328.901855 0.000000 2605.165039 0.000000 0.718331 0.000000 -0.695702 0.267498 0.267498 0.267498
7346.999023 0.000000 2662.108398 0.000000 0.683510 0.000000 -0.729941 0.220983 0.220983 0.220983
7341.531250 0.000000 2673.158691 0.000000 0.923633 0.000000 -0.383279 0.225039 0.225039 0.225039
7333.886230 0.000000 2700.937256 0.000000 0.729317 0.000000 -0.684176 0.256433 0.256433 0.256433
7329.315918 0.000000 2687.458740 0.000000 0.657623 0.000000 -0.753347 0.267923 0.267923 0.267923
7332.268066 0.000000 2677.391602 0.000000 0.944896 0.000000 -0.327370 0.286505 0.286505 0.286505
7334.709473 0.000000 2665.573242 0.000000 0.869453 0.000000 -0.494016 0.309694 0.309694 0.309694
7332.323242 0.000000 2665.266357 0.000000 0.764712 0.000000 -0.644372 0.309601 0.309601 0.309601
7330.086426 0.000000 2661.663574 0.000000 0.849490 0.000000 -0.527606 0.279707 0.279707 0.279707
7358.095703 0.000000 2742.796143 0.000000 0.693782 0.000000 -0.720185 0.243708 0.243708 0.243708
7344.063965 0.000000 2737.045898 0.000000 0.732261 0.000000 -0.681024 0.246756 0.246756 0.246756
7359.974609 0.000000 2742.781494 0.000000 0.926098 0.000000 -0.377283 0.239488 0.239488 0.239488
7367.671387 0.000000 2736.106445 0.000000 0.948818 0.000000 -0.315824 0.202054 0.202054 0.202054
7375.228516 0.000000 2738.262207 0.000000 0.698525 0.000000 -0.715585 0.217223 0.217223 0.217223
7362.335449 0.000000 2742.479980 0.000000 0.765167 0.000000 -0.643832 0.231909 0.231909 0.231909
7361.670898 0.000000 2761.170654 0.000000 0.626091 0.000000 -0.779750 0.267203 0.267203 0.267203
7346.216309 0.000000 2812.279297 0.000000 0.643163 0.000000 -0.765729 0.221425 0.221425 0.221425
7356.312988 0.000000 2791.489258 0.000000 0.714838 0.000000 -0.699290 0.231997 0.231997 0.231997
7327.182129 0.000000 2815.233643 0.000000 0.887503 0.000000 -0.460802 0.258024 0.258024 0.258024
7357.255859 0.000000 2788.824219 0.000000 0.930289 0.000000 -0.366828 0.283629 0.283629 0.283629
7334.214844 0.000000 2780.364258 0.000000 0.607830 0.000000 -0.794067 0.316870 0.316870 0.316870
7221.005371 0.000000 2876.414062 0.000000 0.588241 0.000000 -0.808686 0.211720 0.211720 0.211720
7230.477051 0.000000 2906.109375 0.000000 0.896819 0.000000 -0.442398 0.303734 0.303734 0.303734
7229.613770 0.000000 2907.274170 0.000000 0.758887 0.000000 -0.651222 0.260737 0.260737 0.260737
7231.956055 0.000000 2907.621582 0.000000 0.948424 0.000000 -0.317005 0.301467 0.301467 0.301467
7343.882812 0.000000 2829.242432 0.000000 0.626735 0.000000 -0.779232 0.217981 0.217981 0.217981
7326.021484 0.000000 2832.485596 0.000000 0.836864 0.000000 -0.547412 0.226679 0.226679 0.226679
7333.085938 0.000000 2850.589600 0.000000 0.865192 0.000000 -0.501440 0.235596 0.235596 0.235596
7329.315918 0.000000 2856.911865 0.000000 0.737268 0.000000 -0.675600 0.289576 0.289576 0.289576
7347.089355 0.000000 2853.215576 0.000000 0.828758 0.000000 -0.559607 0.265328 0.265328 0.265328
7330.136719 0.000000 2852.342529 0.000000 0.762557 0.000000 -0.646922 0.313226 0.313226 0.313226
7349.988770 0.000000 2835.458008 0.000000 0.696462 0.000000 -0.717593 0.313877 0.313877 0.313877
"}
object={
	name="rainforest_sparse_generator_3_4"
	clamp_to_water_level=no
	render_under_water=no
	generated_content=yes
	layer="semidynamic_high"
	pdxmesh="tree_rainforest_005_mesh"
	count=1969
	transform="2426.264893 0.000000 1236.809814 0.000000 0.212597 0.000000 -0.977140 0.263900 0.263900 0.263900
2422.087158 0.000000 1230.770996 0.000000 0.071046 0.000000 -0.997473 0.319143 0.319143 0.319143
2420.617188 0.000000 1239.528931 0.000000 0.409042 0.000000 -0.912516 0.321349 0.321349 0.321349
2436.032471 0.000000 1217.783447 0.000000 0.016816 0.000000 -0.999859 0.210009 0.210009 0.210009
2444.457520 0.000000 1237.947754 0.000000 0.034367 0.000000 -0.999409 0.210395 0.210395 0.210395
2434.034912 0.000000 1212.257568 0.000000 0.356838 0.000000 -0.934166 0.321947 0.321947 0.321947
2433.149170 0.000000 1210.321045 0.000000 0.365369 0.000000 -0.930863 0.280998 0.280998 0.280998
2445.704834 0.000000 1255.482910 0.000000 0.425681 0.000000 -0.904873 0.222929 0.222929 0.222929
2442.256592 0.000000 1246.886963 0.000000 0.268081 0.000000 -0.963396 0.236787 0.236787 0.236787
2153.656006 0.000000 1791.125366 0.000000 0.048194 0.000000 -0.998838 0.210263 0.210263 0.210263
2155.446045 0.000000 1792.627197 0.000000 0.129271 0.000000 -0.991609 0.267432 0.267432 0.267432
2262.338623 0.000000 1707.513672 0.000000 0.040499 0.000000 -0.999180 0.240170 0.240170 0.240170
2264.874268 0.000000 1712.546387 0.000000 0.458467 0.000000 -0.888711 0.255323 0.255323 0.255323
2277.454834 0.000000 1723.715088 0.000000 0.137013 0.000000 -0.990569 0.269269 0.269269 0.269269
2281.080811 0.000000 1722.048584 0.000000 0.440585 0.000000 -0.897711 0.319658 0.319658 0.319658
2181.319580 0.000000 1770.984009 0.000000 0.545727 0.000000 -0.837963 0.274605 0.274605 0.274605
2181.747314 0.000000 1783.986572 0.000000 0.169831 0.000000 -0.985473 0.324801 0.324801 0.324801
2179.692627 0.000000 1784.316650 0.000000 0.370575 0.000000 -0.928802 0.309567 0.309567 0.309567
2321.775879 0.000000 1685.620117 0.000000 0.252958 0.000000 -0.967477 0.245727 0.245727 0.245727
2329.064697 0.000000 1688.685547 0.000000 0.345431 0.000000 -0.938444 0.287631 0.287631 0.287631
2322.479248 0.000000 1684.690308 0.000000 0.479441 0.000000 -0.877574 0.269355 0.269355 0.269355
2317.735352 0.000000 1710.199341 0.000000 0.560845 0.000000 -0.827920 0.242381 0.242381 0.242381
2320.053223 0.000000 1699.891602 0.000000 0.446547 0.000000 -0.894760 0.267932 0.267932 0.267932
2410.712402 0.000000 1715.749634 0.000000 0.337080 0.000000 -0.941476 0.237372 0.237372 0.237372
2411.242188 0.000000 1711.587646 0.000000 0.178832 0.000000 -0.983880 0.293247 0.293247 0.293247
1826.735840 0.000000 1903.637451 0.000000 0.496463 0.000000 -0.868058 0.207060 0.207060 0.207060
1819.698975 0.000000 1910.483765 0.000000 0.405246 0.000000 -0.914208 0.213283 0.213283 0.213283
1849.001709 0.000000 1899.416382 0.000000 0.340466 0.000000 -0.940257 0.232984 0.232984 0.232984
1832.727783 0.000000 1906.797974 0.000000 0.553479 0.000000 -0.832863 0.246144 0.246144 0.246144
1826.377441 0.000000 1907.711548 0.000000 0.414311 0.000000 -0.910135 0.244038 0.244038 0.244038
1839.960449 0.000000 1906.936157 0.000000 0.398746 0.000000 -0.917061 0.251675 0.251675 0.251675
1841.244507 0.000000 1901.036621 0.000000 0.457924 0.000000 -0.888991 0.246034 0.246034 0.246034
1835.584473 0.000000 1903.059326 0.000000 0.228059 0.000000 -0.973647 0.259271 0.259271 0.259271
1832.301880 0.000000 1904.301147 0.000000 0.297317 0.000000 -0.954779 0.266699 0.266699 0.266699
1835.364990 0.000000 1906.972290 0.000000 0.081975 0.000000 -0.996634 0.326593 0.326593 0.326593
1837.494019 0.000000 1905.624756 0.000000 0.194186 0.000000 -0.980965 0.326216 0.326216 0.326216
1836.451660 0.000000 1907.596802 0.000000 0.308335 0.000000 -0.951278 0.323449 0.323449 0.323449
1834.410034 0.000000 1905.020142 0.000000 0.300567 0.000000 -0.953761 0.323648 0.323648 0.323648
1836.563843 0.000000 1903.704224 0.000000 0.013546 0.000000 -0.999908 0.328225 0.328225 0.328225
1873.436646 0.000000 1887.853394 0.000000 0.112189 0.000000 -0.993687 0.214281 0.214281 0.214281
1912.630249 0.000000 1917.439331 0.000000 0.380898 0.000000 -0.924617 0.213479 0.213479 0.213479
1858.627808 0.000000 1892.691528 0.000000 0.099469 0.000000 -0.995041 0.214374 0.214374 0.214374
1871.586548 0.000000 1889.853638 0.000000 0.451101 0.000000 -0.892473 0.262258 0.262258 0.262258
1952.520752 0.000000 1919.437256 0.000000 0.016360 0.000000 -0.999866 0.320713 0.320713 0.320713
1927.583374 0.000000 1916.237671 0.000000 0.286368 0.000000 -0.958120 0.322583 0.322583 0.322583
1994.234985 0.000000 1911.430298 0.000000 0.187525 0.000000 -0.982260 0.224346 0.224346 0.224346
2040.862793 0.000000 1898.107300 0.000000 0.304047 0.000000 -0.952657 0.270416 0.270416 0.270416
2044.439575 0.000000 1913.037354 0.000000 0.398334 0.000000 -0.917240 0.254175 0.254175 0.254175
2044.167114 0.000000 1910.565552 0.000000 0.149469 0.000000 -0.988766 0.271691 0.271691 0.271691
2036.589600 0.000000 1907.403076 0.000000 0.147686 0.000000 -0.989034 0.326690 0.326690 0.326690
2039.669800 0.000000 1897.649048 0.000000 0.399194 0.000000 -0.916866 0.278625 0.278625 0.278625
2036.629395 0.000000 1906.184570 0.000000 0.054541 0.000000 -0.998512 0.328447 0.328447 0.328447
1891.666992 0.000000 1956.954956 0.000000 0.099273 0.000000 -0.995060 0.210028 0.210028 0.210028
1900.409790 0.000000 1946.497192 0.000000 0.323206 0.000000 -0.946329 0.249388 0.249388 0.249388
1911.433594 0.000000 1941.671997 0.000000 0.555231 0.000000 -0.831696 0.257176 0.257176 0.257176
1908.467651 0.000000 1941.593506 0.000000 0.089946 0.000000 -0.995947 0.327559 0.327559 0.327559
1910.646973 0.000000 1938.957397 0.000000 0.126879 0.000000 -0.991918 0.324975 0.324975 0.324975
1907.578247 0.000000 1943.706055 0.000000 0.493520 0.000000 -0.869734 0.318997 0.318997 0.318997
1895.180420 0.000000 1950.893066 0.000000 0.418285 0.000000 -0.908316 0.319881 0.319881 0.319881
1873.256958 0.000000 2011.667969 0.000000 0.457008 0.000000 -0.889462 0.207143 0.207143 0.207143
1883.119873 0.000000 1978.901733 0.000000 0.369864 0.000000 -0.929086 0.222190 0.222190 0.222190
1870.057251 0.000000 2011.615479 0.000000 0.565680 0.000000 -0.824625 0.266270 0.266270 0.266270
1875.389282 0.000000 1989.536011 0.000000 0.100018 0.000000 -0.994986 0.260056 0.260056 0.260056
1953.049316 0.000000 1921.718994 0.000000 0.247960 0.000000 -0.968770 0.219485 0.219485 0.219485
1990.330444 0.000000 1932.565552 0.000000 0.093719 0.000000 -0.995599 0.209734 0.209734 0.209734
2032.663086 0.000000 1939.124634 0.000000 0.519174 0.000000 -0.854669 0.237959 0.237959 0.237959
2040.008301 0.000000 1962.718140 0.000000 0.386672 0.000000 -0.922217 0.304181 0.304181 0.304181
2041.981567 0.000000 1982.580688 0.000000 0.078018 0.000000 -0.996952 0.263516 0.263516 0.263516
2043.996826 0.000000 1984.222046 0.000000 0.117124 0.000000 -0.993117 0.326561 0.326561 0.326561
2043.256226 0.000000 1985.923706 0.000000 0.312392 0.000000 -0.949953 0.322900 0.322900 0.322900
1848.708984 0.000000 2053.881104 0.000000 0.541441 0.000000 -0.840739 0.226721 0.226721 0.226721
1849.814331 0.000000 2052.280029 0.000000 0.101436 0.000000 -0.994842 0.230733 0.230733 0.230733
1845.577026 0.000000 2052.383545 0.000000 0.128309 0.000000 -0.991734 0.282281 0.282281 0.282281
1983.116089 0.000000 2222.640381 0.000000 0.532137 0.000000 -0.846658 0.239040 0.239040 0.239040
1978.872925 0.000000 2218.639404 0.000000 0.447093 0.000000 -0.894488 0.249874 0.249874 0.249874
2017.448853 0.000000 2226.187500 0.000000 0.001852 0.000000 -0.999998 0.210850 0.210850 0.210850
2013.958862 0.000000 2213.091064 0.000000 0.509553 0.000000 -0.860439 0.207114 0.207114 0.207114
1998.650757 0.000000 2253.231445 0.000000 0.041361 0.000000 -0.999144 0.210615 0.210615 0.210615
2035.561157 0.000000 2229.152588 0.000000 0.238823 0.000000 -0.971063 0.225169 0.225169 0.225169
2020.742188 0.000000 2256.095703 0.000000 0.282605 0.000000 -0.959236 0.227910 0.227910 0.227910
2015.632446 0.000000 2213.559326 0.000000 0.483821 0.000000 -0.875167 0.232813 0.232813 0.232813
1993.923828 0.000000 2220.485107 0.000000 0.009538 0.000000 -0.999955 0.251367 0.251367 0.251367
2019.429199 0.000000 2253.061523 0.000000 0.279684 0.000000 -0.960092 0.249226 0.249226 0.249226
2044.871704 0.000000 2232.085449 0.000000 0.040288 0.000000 -0.999188 0.273659 0.273659 0.273659
1994.479980 0.000000 2231.040283 0.000000 0.099784 0.000000 -0.995009 0.327045 0.327045 0.327045
2003.935547 0.000000 2269.133545 0.000000 0.149452 0.000000 -0.988769 0.233473 0.233473 0.233473
2160.647949 0.000000 1847.975708 0.000000 0.553223 0.000000 -0.833033 0.206588 0.206588 0.206588
2171.526855 0.000000 1840.267212 0.000000 0.132145 0.000000 -0.991230 0.244397 0.244397 0.244397
2166.683350 0.000000 1838.061890 0.000000 0.251453 0.000000 -0.967870 0.298641 0.298641 0.298641
2165.096436 0.000000 1821.410400 0.000000 0.166080 0.000000 -0.986112 0.275344 0.275344 0.275344
2154.590820 0.000000 1810.908936 0.000000 0.290026 0.000000 -0.957019 0.322755 0.322755 0.322755
2153.192139 0.000000 1809.946045 0.000000 0.545113 0.000000 -0.838363 0.273375 0.273375 0.273375
2165.988770 0.000000 1818.739258 0.000000 0.392990 0.000000 -0.919543 0.318134 0.318134 0.318134
2186.704590 0.000000 1830.242554 0.000000 0.576349 0.000000 -0.817204 0.218480 0.218480 0.218480
2084.575195 0.000000 1922.857788 0.000000 0.157662 0.000000 -0.987493 0.210203 0.210203 0.210203
2082.934814 0.000000 1924.037964 0.000000 0.206549 0.000000 -0.978436 0.218567 0.218567 0.218567
2064.426025 0.000000 1971.171753 0.000000 0.372877 0.000000 -0.927881 0.231437 0.231437 0.231437
2053.044922 0.000000 1951.345459 0.000000 0.529479 0.000000 -0.848323 0.269888 0.269888 0.269888
2052.693359 0.000000 1953.109131 0.000000 0.294250 0.000000 -0.955729 0.267370 0.267370 0.267370
2053.217285 0.000000 1968.617798 0.000000 0.342427 0.000000 -0.939544 0.323279 0.323279 0.323279
2048.649170 0.000000 1935.383789 0.000000 0.461563 0.000000 -0.887108 0.320674 0.320674 0.320674
2054.281982 0.000000 1966.523193 0.000000 0.287313 0.000000 -0.957837 0.322087 0.322087 0.322087
2062.414307 0.000000 1969.746826 0.000000 0.353297 0.000000 -0.935511 0.293242 0.293242 0.293242
2082.937256 0.000000 1978.737793 0.000000 0.466651 0.000000 -0.884441 0.229915 0.229915 0.229915
2081.739258 0.000000 1979.477173 0.000000 0.539202 0.000000 -0.842177 0.260474 0.260474 0.260474
2058.359619 0.000000 1984.770630 0.000000 0.498389 0.000000 -0.866953 0.291568 0.291568 0.291568
2100.887939 0.000000 2000.540161 0.000000 0.584092 0.000000 -0.811688 0.317413 0.317413 0.317413
2088.696289 0.000000 1987.200684 0.000000 0.452973 0.000000 -0.891524 0.281618 0.281618 0.281618
2101.656982 0.000000 1999.596558 0.000000 0.501801 0.000000 -0.864983 0.319491 0.319491 0.319491
2072.312988 0.000000 1980.382202 0.000000 0.391872 0.000000 -0.920020 0.284413 0.284413 0.284413
2084.322998 0.000000 1987.453857 0.000000 0.438562 0.000000 -0.898701 0.297598 0.297598 0.297598
2099.308350 0.000000 1992.128174 0.000000 0.526925 0.000000 -0.849912 0.273648 0.273648 0.273648
2087.854004 0.000000 1988.001587 0.000000 0.199662 0.000000 -0.979865 0.300720 0.300720 0.300720
2101.988770 0.000000 1988.192383 0.000000 0.363189 0.000000 -0.931715 0.322811 0.322811 0.322811
2099.089111 0.000000 2231.887451 0.000000 0.453095 0.000000 -0.891462 0.269718 0.269718 0.269718
2159.250244 0.000000 2231.871582 0.000000 0.421642 0.000000 -0.906762 0.222351 0.222351 0.222351
2133.609863 0.000000 2235.539551 0.000000 0.304510 0.000000 -0.952509 0.225852 0.225852 0.225852
2126.835693 0.000000 2232.531250 0.000000 0.077354 0.000000 -0.997004 0.251961 0.251961 0.251961
2156.409912 0.000000 2228.918945 0.000000 0.383785 0.000000 -0.923422 0.246856 0.246856 0.246856
4525.814941 0.000000 714.358582 0.000000 0.452403 0.000000 -0.891813 0.222074 0.222074 0.222074
4519.039551 0.000000 717.974121 0.000000 0.114932 0.000000 -0.993373 0.224940 0.224940 0.224940
4523.446289 0.000000 719.424072 0.000000 0.406170 0.000000 -0.913798 0.291157 0.291157 0.291157
4606.095703 0.000000 878.811707 0.000000 0.580192 0.000000 -0.814480 0.253158 0.253158 0.253158
4475.305664 0.000000 1292.435303 0.000000 0.482907 0.000000 -0.875672 0.215080 0.215080 0.215080
4477.190430 0.000000 1298.078369 0.000000 0.189163 0.000000 -0.981946 0.304129 0.304129 0.304129
4475.012207 0.000000 1291.083008 0.000000 0.038094 0.000000 -0.999274 0.277588 0.277588 0.277588
4479.644043 0.000000 1298.676758 0.000000 0.395497 0.000000 -0.918467 0.267353 0.267353 0.267353
4473.460938 0.000000 1299.243896 0.000000 0.135759 0.000000 -0.990742 0.211607 0.211607 0.211607
4890.914551 0.000000 955.453796 0.000000 0.190841 0.000000 -0.981621 0.251424 0.251424 0.251424
4895.182129 0.000000 951.249146 0.000000 0.151711 0.000000 -0.988425 0.263324 0.263324 0.263324
4887.733887 0.000000 945.651184 0.000000 0.583651 0.000000 -0.812005 0.300053 0.300053 0.300053
4895.222656 0.000000 957.584534 0.000000 0.250733 0.000000 -0.968056 0.269812 0.269812 0.269812
4894.191406 0.000000 962.448364 0.000000 0.318498 0.000000 -0.947924 0.241925 0.241925 0.241925
4880.512207 0.000000 1052.464111 0.000000 0.002257 0.000000 -0.999997 0.310297 0.310297 0.310297
4889.950684 0.000000 1018.699280 0.000000 0.561346 0.000000 -0.827581 0.292989 0.292989 0.292989
4573.739258 0.000000 1659.510010 0.000000 0.575788 0.000000 -0.817599 0.216669 0.216669 0.216669
4574.762207 0.000000 1660.215454 0.000000 0.048977 0.000000 -0.998800 0.326272 0.326272 0.326272
4580.740723 0.000000 1663.149048 0.000000 0.048461 0.000000 -0.998825 0.329074 0.329074 0.329074
4580.268066 0.000000 1660.672852 0.000000 0.463725 0.000000 -0.885979 0.320628 0.320628 0.320628
4585.081055 0.000000 1665.564209 0.000000 0.220075 0.000000 -0.975483 0.325459 0.325459 0.325459
4583.998535 0.000000 1661.472656 0.000000 0.545370 0.000000 -0.838195 0.297017 0.297017 0.297017
4624.382324 0.000000 1693.863281 0.000000 0.382113 0.000000 -0.924116 0.215927 0.215927 0.215927
4622.368652 0.000000 1693.900391 0.000000 0.120835 0.000000 -0.992673 0.224892 0.224892 0.224892
4654.236328 0.000000 1693.903320 0.000000 0.321001 0.000000 -0.947079 0.256950 0.256950 0.256950
4621.763672 0.000000 1692.685059 0.000000 0.225926 0.000000 -0.974144 0.254854 0.254854 0.254854
4667.628418 0.000000 1681.722412 0.000000 0.309090 0.000000 -0.951033 0.306107 0.306107 0.306107
4658.163574 0.000000 1685.022461 0.000000 0.271254 0.000000 -0.962508 0.255621 0.255621 0.255621
4658.113770 0.000000 1683.802246 0.000000 0.006723 0.000000 -0.999977 0.306251 0.306251 0.306251
4625.206543 0.000000 1675.378296 0.000000 0.027785 0.000000 -0.999614 0.329469 0.329469 0.329469
4660.589844 0.000000 1681.465576 0.000000 0.009808 0.000000 -0.999952 0.328527 0.328527 0.328527
4662.847168 0.000000 1680.908813 0.000000 0.274488 0.000000 -0.961591 0.319622 0.319622 0.319622
4645.762695 0.000000 1681.924316 0.000000 0.340418 0.000000 -0.940274 0.322908 0.322908 0.322908
4643.980469 0.000000 1685.840454 0.000000 0.229505 0.000000 -0.973308 0.325577 0.325577 0.325577
4648.275879 0.000000 1686.819458 0.000000 0.153079 0.000000 -0.988214 0.287130 0.287130 0.287130
4650.690430 0.000000 1694.090088 0.000000 0.425123 0.000000 -0.905136 0.319495 0.319495 0.319495
4634.614258 0.000000 1681.690308 0.000000 0.010918 0.000000 -0.999940 0.329791 0.329791 0.329791
4636.939453 0.000000 1681.659668 0.000000 0.230622 0.000000 -0.973044 0.325555 0.325555 0.325555
4628.037109 0.000000 1677.795532 0.000000 0.222476 0.000000 -0.974938 0.325715 0.325715 0.325715
4717.537598 0.000000 1678.436523 0.000000 0.280282 0.000000 -0.959918 0.220467 0.220467 0.220467
4687.799805 0.000000 1681.110718 0.000000 0.152406 0.000000 -0.988318 0.226519 0.226519 0.226519
4683.583008 0.000000 1684.991699 0.000000 0.511998 0.000000 -0.858987 0.255275 0.255275 0.255275
4692.561035 0.000000 1688.812256 0.000000 0.046446 0.000000 -0.998921 0.261289 0.261289 0.261289
4718.269531 0.000000 1673.348511 0.000000 0.558943 0.000000 -0.829206 0.247302 0.247302 0.247302
4716.134277 0.000000 1673.028198 0.000000 0.186413 0.000000 -0.982472 0.255919 0.255919 0.255919
4718.722168 0.000000 1685.858521 0.000000 0.042588 0.000000 -0.999093 0.284049 0.284049 0.284049
4674.857910 0.000000 1680.390381 0.000000 0.501726 0.000000 -0.865027 0.319962 0.319962 0.319962
4719.984863 0.000000 1671.627197 0.000000 0.140033 0.000000 -0.990147 0.269234 0.269234 0.269234
4683.042480 0.000000 1679.078735 0.000000 0.386774 0.000000 -0.922175 0.297810 0.297810 0.297810
4715.446289 0.000000 1679.658447 0.000000 0.381013 0.000000 -0.924569 0.304914 0.304914 0.304914
4711.150391 0.000000 1691.426025 0.000000 0.235067 0.000000 -0.971979 0.323271 0.323271 0.323271
4692.942871 0.000000 1687.654053 0.000000 0.099203 0.000000 -0.995067 0.284609 0.284609 0.284609
4684.104980 0.000000 1680.945557 0.000000 0.396731 0.000000 -0.917935 0.286871 0.286871 0.286871
4679.968750 0.000000 1679.000122 0.000000 0.470676 0.000000 -0.882306 0.292653 0.292653 0.292653
4641.448730 0.000000 1717.828003 0.000000 0.021877 0.000000 -0.999761 0.210595 0.210595 0.210595
4657.687988 0.000000 1703.483765 0.000000 0.586858 0.000000 -0.809690 0.215355 0.215355 0.215355
4625.288086 0.000000 1699.612549 0.000000 0.390962 0.000000 -0.920407 0.233121 0.233121 0.233121
4644.309082 0.000000 1723.917236 0.000000 0.495015 0.000000 -0.868884 0.246226 0.246226 0.246226
4667.996582 0.000000 1701.800171 0.000000 0.058539 0.000000 -0.998285 0.328485 0.328485 0.328485
4613.529297 0.000000 1698.021240 0.000000 0.573103 0.000000 -0.819484 0.318021 0.318021 0.318021
4648.923828 0.000000 1701.229370 0.000000 0.529975 0.000000 -0.848013 0.319332 0.319332 0.319332
4639.082031 0.000000 1730.678955 0.000000 0.139497 0.000000 -0.990223 0.282134 0.282134 0.282134
4642.360840 0.000000 1739.904419 0.000000 0.459259 0.000000 -0.888303 0.264021 0.264021 0.264021
4611.610840 0.000000 1696.513062 0.000000 0.460688 0.000000 -0.887562 0.319916 0.319916 0.319916
4657.310547 0.000000 1724.001099 0.000000 0.098933 0.000000 -0.995094 0.326454 0.326454 0.326454
4649.447266 0.000000 1711.436646 0.000000 0.042484 0.000000 -0.999097 0.328502 0.328502 0.328502
4669.552246 0.000000 1703.844604 0.000000 0.067756 0.000000 -0.997702 0.271384 0.271384 0.271384
4634.768555 0.000000 1709.463623 0.000000 0.227426 0.000000 -0.973795 0.324362 0.324362 0.324362
4647.854004 0.000000 1705.579712 0.000000 0.418180 0.000000 -0.908364 0.306827 0.306827 0.306827
4653.104004 0.000000 1695.985718 0.000000 0.381584 0.000000 -0.924334 0.310016 0.310016 0.310016
4640.087402 0.000000 1734.650513 0.000000 0.466171 0.000000 -0.884695 0.275160 0.275160 0.275160
4646.214844 0.000000 1707.161011 0.000000 0.266657 0.000000 -0.963791 0.322604 0.322604 0.322604
4636.225586 0.000000 1722.161133 0.000000 0.021635 0.000000 -0.999766 0.296131 0.296131 0.296131
4661.988770 0.000000 1705.770508 0.000000 0.366906 0.000000 -0.930258 0.322825 0.322825 0.322825
4649.729980 0.000000 1700.503296 0.000000 0.311866 0.000000 -0.950126 0.323943 0.323943 0.323943
4699.635742 0.000000 1717.581665 0.000000 0.321277 0.000000 -0.946985 0.208570 0.208570 0.208570
4713.128906 0.000000 1715.396973 0.000000 0.540879 0.000000 -0.841101 0.210326 0.210326 0.210326
4704.594727 0.000000 1714.169678 0.000000 0.151954 0.000000 -0.988388 0.243570 0.243570 0.243570
4705.762207 0.000000 1716.429077 0.000000 0.151620 0.000000 -0.988439 0.253107 0.253107 0.253107
4712.166504 0.000000 1707.137329 0.000000 0.266021 0.000000 -0.963967 0.279181 0.279181 0.279181
4682.359863 0.000000 1702.348755 0.000000 0.136391 0.000000 -0.990655 0.253905 0.253905 0.253905
4704.387695 0.000000 1703.824707 0.000000 0.257404 0.000000 -0.966304 0.290828 0.290828 0.290828
4677.292969 0.000000 1700.548706 0.000000 0.380606 0.000000 -0.924737 0.271320 0.271320 0.271320
4712.923828 0.000000 1701.229370 0.000000 0.263268 0.000000 -0.964723 0.314623 0.314623 0.314623
4701.048828 0.000000 1696.173706 0.000000 0.166450 0.000000 -0.986050 0.268277 0.268277 0.268277
4713.855957 0.000000 1695.546875 0.000000 0.275462 0.000000 -0.961312 0.313768 0.313768 0.313768
4701.463379 0.000000 1720.607300 0.000000 0.456214 0.000000 -0.889870 0.272800 0.272800 0.272800
4677.319336 0.000000 1714.499634 0.000000 0.278247 0.000000 -0.960509 0.289886 0.289886 0.289886
4699.824219 0.000000 1707.392822 0.000000 0.511923 0.000000 -0.859032 0.268278 0.268278 0.268278
4711.854004 0.000000 1705.579712 0.000000 0.509145 0.000000 -0.860681 0.319798 0.319798 0.319798
4683.238281 0.000000 1700.672363 0.000000 0.363396 0.000000 -0.931635 0.282927 0.282927 0.282927
4684.067383 0.000000 1694.618286 0.000000 0.119686 0.000000 -0.992812 0.326079 0.326079 0.326079
4681.386230 0.000000 1701.801758 0.000000 0.076092 0.000000 -0.997101 0.307834 0.307834 0.307834
4709.876953 0.000000 1718.348633 0.000000 0.399959 0.000000 -0.916533 0.272320 0.272320 0.272320
4841.650879 0.000000 1760.302368 0.000000 0.341374 0.000000 -0.939927 0.211328 0.211328 0.211328
4847.286621 0.000000 1752.789062 0.000000 0.105590 0.000000 -0.994410 0.252310 0.252310 0.252310
4849.067871 0.000000 1755.544556 0.000000 0.018649 0.000000 -0.999826 0.306070 0.306070 0.306070
4844.345703 0.000000 1761.732178 0.000000 0.084632 0.000000 -0.996412 0.297857 0.297857 0.297857
4853.096680 0.000000 1764.926025 0.000000 0.154847 0.000000 -0.987938 0.271626 0.271626 0.271626
6761.656250 0.000000 717.922241 0.000000 0.091876 0.000000 -0.995770 0.209968 0.209968 0.209968
6763.628906 0.000000 718.203613 0.000000 0.498906 0.000000 -0.866656 0.224089 0.224089 0.224089
6731.735352 0.000000 721.865784 0.000000 0.375354 0.000000 -0.926881 0.243833 0.243833 0.243833
6760.728027 0.000000 720.626160 0.000000 0.444384 0.000000 -0.895836 0.243710 0.243710 0.243710
6730.666016 0.000000 720.174072 0.000000 0.496477 0.000000 -0.868050 0.242513 0.242513 0.242513
6776.732422 0.000000 726.369568 0.000000 0.400762 0.000000 -0.916182 0.245427 0.245427 0.245427
6727.662109 0.000000 714.537781 0.000000 0.430880 0.000000 -0.902409 0.265640 0.265640 0.265640
6773.096680 0.000000 691.722839 0.000000 0.251804 0.000000 -0.967778 0.323512 0.323512 0.323512
6773.656738 0.000000 700.455933 0.000000 0.343300 0.000000 -0.939226 0.277505 0.277505 0.277505
6773.900391 0.000000 729.187256 0.000000 0.400197 0.000000 -0.916429 0.278611 0.278611 0.278611
6741.042969 0.000000 705.716370 0.000000 0.429162 0.000000 -0.903228 0.258171 0.258171 0.258171
6775.669922 0.000000 711.477112 0.000000 0.502683 0.000000 -0.864471 0.318377 0.318377 0.318377
6771.308594 0.000000 692.987610 0.000000 0.264708 0.000000 -0.964329 0.279198 0.279198 0.279198
6732.104980 0.000000 720.711243 0.000000 0.131408 0.000000 -0.991328 0.322755 0.322755 0.322755
6732.307617 0.000000 718.572998 0.000000 0.392927 0.000000 -0.919570 0.281870 0.281870 0.281870
6778.028320 0.000000 747.395447 0.000000 0.158107 0.000000 -0.987422 0.209624 0.209624 0.209624
6760.647949 0.000000 735.623535 0.000000 0.574204 0.000000 -0.818713 0.216684 0.216684 0.216684
6777.678223 0.000000 749.418518 0.000000 0.167096 0.000000 -0.985941 0.224514 0.224514 0.224514
6743.838867 0.000000 765.320557 0.000000 0.197205 0.000000 -0.980362 0.243130 0.243130 0.243130
6740.196289 0.000000 783.059204 0.000000 0.436858 0.000000 -0.899530 0.249372 0.249372 0.249372
6759.522949 0.000000 738.295044 0.000000 0.585016 0.000000 -0.811022 0.254319 0.254319 0.254319
6779.503906 0.000000 736.202148 0.000000 0.461668 0.000000 -0.887053 0.291541 0.291541 0.291541
6778.650879 0.000000 745.474854 0.000000 0.262663 0.000000 -0.964888 0.284982 0.284982 0.284982
6744.429199 0.000000 758.230347 0.000000 0.367081 0.000000 -0.930189 0.321166 0.321166 0.321166
6762.590820 0.000000 737.705811 0.000000 0.520990 0.000000 -0.853562 0.289939 0.289939 0.289939
6750.069336 0.000000 747.425049 0.000000 0.410061 0.000000 -0.912058 0.275954 0.275954 0.275954
6784.712402 0.000000 696.033508 0.000000 0.506444 0.000000 -0.862273 0.211835 0.211835 0.211835
6844.104492 0.000000 731.466248 0.000000 0.338333 0.000000 -0.941026 0.248598 0.248598 0.248598
6845.367188 0.000000 728.948242 0.000000 0.372209 0.000000 -0.928149 0.265766 0.265766 0.265766
6810.914551 0.000000 729.516296 0.000000 0.429617 0.000000 -0.903011 0.282594 0.282594 0.282594
6832.056641 0.000000 729.019348 0.000000 0.472908 0.000000 -0.881112 0.257007 0.257007 0.257007
6833.121094 0.000000 729.720581 0.000000 0.512826 0.000000 -0.858492 0.256500 0.256500 0.256500
6842.917480 0.000000 725.059143 0.000000 0.430822 0.000000 -0.902437 0.297726 0.297726 0.297726
6804.580078 0.000000 725.409668 0.000000 0.571834 0.000000 -0.820370 0.318374 0.318374 0.318374
6841.305176 0.000000 729.009216 0.000000 0.010333 0.000000 -0.999947 0.307520 0.307520 0.307520
6899.649902 0.000000 730.434143 0.000000 0.267305 0.000000 -0.963612 0.256297 0.256297 0.256297
6854.966309 0.000000 725.682434 0.000000 0.349635 0.000000 -0.936886 0.308643 0.308643 0.308643
6853.108887 0.000000 727.445129 0.000000 0.039285 0.000000 -0.999228 0.329250 0.329250 0.329250
6893.494141 0.000000 719.452881 0.000000 0.370076 0.000000 -0.929002 0.320529 0.320529 0.320529
6891.446289 0.000000 719.424072 0.000000 0.027330 0.000000 -0.999626 0.271866 0.271866 0.271866
6892.436035 0.000000 718.968262 0.000000 0.571389 0.000000 -0.820679 0.316582 0.316582 0.316582
6829.587891 0.000000 742.069153 0.000000 0.045281 0.000000 -0.998974 0.228040 0.228040 0.228040
6799.736328 0.000000 765.058105 0.000000 0.099232 0.000000 -0.995064 0.237087 0.237087 0.237087
6839.777832 0.000000 763.231995 0.000000 0.195741 0.000000 -0.980656 0.246938 0.246938 0.246938
6798.511719 0.000000 744.931274 0.000000 0.227000 0.000000 -0.973895 0.270743 0.270743 0.270743
6862.755859 0.000000 743.744934 0.000000 0.220578 0.000000 -0.975369 0.251112 0.251112 0.251112
6903.309570 0.000000 742.542419 0.000000 0.032457 0.000000 -0.999473 0.327018 0.327018 0.327018
6719.273438 0.000000 802.172302 0.000000 0.049006 0.000000 -0.998798 0.218524 0.218524 0.218524
6719.365723 0.000000 800.746643 0.000000 0.362964 0.000000 -0.931803 0.245834 0.245834 0.245834
6714.264648 0.000000 841.419189 0.000000 0.458717 0.000000 -0.888582 0.284042 0.284042 0.284042
6719.956055 0.000000 817.699585 0.000000 0.222474 0.000000 -0.974939 0.269522 0.269522 0.269522
6716.564941 0.000000 841.150879 0.000000 0.255093 0.000000 -0.966916 0.278048 0.278048 0.278048
6772.014648 0.000000 799.624573 0.000000 0.347192 0.000000 -0.937794 0.208229 0.208229 0.208229
6762.678223 0.000000 828.956299 0.000000 0.301756 0.000000 -0.953385 0.219051 0.219051 0.219051
6738.634277 0.000000 836.049927 0.000000 0.465301 0.000000 -0.885153 0.239776 0.239776 0.239776
6721.219727 0.000000 798.799805 0.000000 0.467778 0.000000 -0.883846 0.277638 0.277638 0.277638
6760.301758 0.000000 831.098083 0.000000 0.016961 0.000000 -0.999856 0.260966 0.260966 0.260966
6761.405762 0.000000 828.634094 0.000000 0.361886 0.000000 -0.932222 0.288024 0.288024 0.288024
6725.933594 0.000000 831.617859 0.000000 0.069410 0.000000 -0.997588 0.261036 0.261036 0.261036
6742.342773 0.000000 790.926758 0.000000 0.332354 0.000000 -0.943155 0.287186 0.287186 0.287186
6725.862793 0.000000 826.646118 0.000000 0.549476 0.000000 -0.835510 0.286345 0.286345 0.286345
6723.692383 0.000000 824.082275 0.000000 0.561348 0.000000 -0.827580 0.273128 0.273128 0.273128
6707.561035 0.000000 873.527527 0.000000 0.210902 0.000000 -0.977507 0.226655 0.226655 0.226655
6691.619629 0.000000 889.172485 0.000000 0.318332 0.000000 -0.947979 0.232569 0.232569 0.232569
6713.864746 0.000000 875.856812 0.000000 0.468993 0.000000 -0.883202 0.235425 0.235425 0.235425
6707.609375 0.000000 877.431885 0.000000 0.129697 0.000000 -0.991554 0.302427 0.302427 0.302427
6717.764648 0.000000 884.921509 0.000000 0.560287 0.000000 -0.828299 0.275001 0.275001 0.275001
6748.928223 0.000000 865.145691 0.000000 0.552287 0.000000 -0.833654 0.212043 0.212043 0.212043
6769.314941 0.000000 889.963867 0.000000 0.222240 0.000000 -0.974992 0.219067 0.219067 0.219067
6756.099609 0.000000 885.583435 0.000000 0.304320 0.000000 -0.952570 0.226476 0.226476 0.226476
6725.832520 0.000000 879.131287 0.000000 0.409106 0.000000 -0.912487 0.226157 0.226157 0.226157
6728.404785 0.000000 867.693481 0.000000 0.092273 0.000000 -0.995734 0.234612 0.234612 0.234612
6739.343262 0.000000 898.866760 0.000000 0.566173 0.000000 -0.824286 0.229509 0.229509 0.229509
6733.642090 0.000000 868.917297 0.000000 0.167792 0.000000 -0.985822 0.240885 0.240885 0.240885
6723.162109 0.000000 899.317322 0.000000 0.451226 0.000000 -0.892410 0.234376 0.234376 0.234376
6751.750977 0.000000 853.848572 0.000000 0.357502 0.000000 -0.933912 0.252768 0.252768 0.252768
6769.244629 0.000000 884.317932 0.000000 0.482022 0.000000 -0.876159 0.259993 0.259993 0.259993
6771.748047 0.000000 888.721008 0.000000 0.498314 0.000000 -0.866996 0.270957 0.270957 0.270957
6723.574219 0.000000 900.689209 0.000000 0.374052 0.000000 -0.927408 0.251956 0.251956 0.251956
6768.086914 0.000000 882.947144 0.000000 0.514238 0.000000 -0.857648 0.313296 0.313296 0.313296
6721.343750 0.000000 860.578979 0.000000 0.372300 0.000000 -0.928113 0.285967 0.285967 0.285967
6720.405762 0.000000 857.041687 0.000000 0.525022 0.000000 -0.851089 0.269952 0.269952 0.269952
6834.425293 0.000000 792.935608 0.000000 0.354684 0.000000 -0.934986 0.226650 0.226650 0.226650
6796.773926 0.000000 824.965271 0.000000 0.148156 0.000000 -0.988964 0.230331 0.230331 0.230331
6795.147461 0.000000 828.946838 0.000000 0.161542 0.000000 -0.986866 0.247282 0.247282 0.247282
6794.347656 0.000000 830.850891 0.000000 0.051956 0.000000 -0.998649 0.294390 0.294390 0.294390
6796.499512 0.000000 830.164124 0.000000 0.138977 0.000000 -0.990296 0.278910 0.278910 0.278910
6944.284180 0.000000 776.485596 0.000000 0.546046 0.000000 -0.837755 0.233993 0.233993 0.233993
6969.198730 0.000000 761.032349 0.000000 0.508238 0.000000 -0.861216 0.237465 0.237465 0.237465
6936.136230 0.000000 754.711060 0.000000 0.004120 0.000000 -0.999992 0.287173 0.287173 0.287173
6975.956055 0.000000 761.215210 0.000000 0.203353 0.000000 -0.979105 0.324145 0.324145 0.324145
6947.712891 0.000000 751.077332 0.000000 0.557728 0.000000 -0.830024 0.274421 0.274421 0.274421
6992.716797 0.000000 766.394714 0.000000 0.280705 0.000000 -0.959794 0.210552 0.210552 0.210552
7012.550293 0.000000 765.090881 0.000000 0.099901 0.000000 -0.994997 0.217509 0.217509 0.217509
6979.099121 0.000000 760.998535 0.000000 0.494168 0.000000 -0.869366 0.216200 0.216200 0.216200
7003.528320 0.000000 768.836060 0.000000 0.563589 0.000000 -0.826056 0.219209 0.219209 0.219209
7002.283691 0.000000 780.842712 0.000000 0.043809 0.000000 -0.999040 0.250379 0.250379 0.250379
7014.014160 0.000000 765.125549 0.000000 0.215260 0.000000 -0.976557 0.243584 0.243584 0.243584
7024.056641 0.000000 785.503723 0.000000 0.314154 0.000000 -0.949372 0.284899 0.284899 0.284899
7022.269531 0.000000 769.598511 0.000000 0.210612 0.000000 -0.977570 0.318774 0.318774 0.318774
7024.316895 0.000000 776.028198 0.000000 0.268149 0.000000 -0.963377 0.274688 0.274688 0.274688
6992.512207 0.000000 770.042236 0.000000 0.001846 0.000000 -0.999998 0.297070 0.297070 0.297070
6982.969727 0.000000 766.620972 0.000000 0.145125 0.000000 -0.989413 0.327219 0.327219 0.327219
6983.807129 0.000000 767.498535 0.000000 0.221677 0.000000 -0.975120 0.325731 0.325731 0.325731
6998.189453 0.000000 763.300049 0.000000 0.411129 0.000000 -0.911577 0.320233 0.320233 0.320233
6977.144043 0.000000 759.751160 0.000000 0.188135 0.000000 -0.982143 0.282139 0.282139 0.282139
6977.148926 0.000000 758.446045 0.000000 0.343838 0.000000 -0.939029 0.280032 0.280032 0.280032
7083.407227 0.000000 778.524902 0.000000 0.327380 0.000000 -0.944893 0.216988 0.216988 0.216988
7095.893555 0.000000 777.801636 0.000000 0.073115 0.000000 -0.997324 0.224648 0.224648 0.224648
7100.112793 0.000000 769.971924 0.000000 0.188359 0.000000 -0.982100 0.239427 0.239427 0.239427
7046.251953 0.000000 773.437378 0.000000 0.134043 0.000000 -0.990976 0.250104 0.250104 0.250104
7066.914551 0.000000 786.000671 0.000000 0.139255 0.000000 -0.990257 0.284079 0.284079 0.284079
7098.406250 0.000000 773.377197 0.000000 0.531820 0.000000 -0.846857 0.255637 0.255637 0.255637
7084.614746 0.000000 783.553467 0.000000 0.257245 0.000000 -0.966346 0.279297 0.279297 0.279297
7090.448730 0.000000 777.521729 0.000000 0.475521 0.000000 -0.879704 0.285038 0.285038 0.285038
7068.472656 0.000000 779.813049 0.000000 0.443167 0.000000 -0.896439 0.256132 0.256132 0.256132
7046.988770 0.000000 775.757080 0.000000 0.030767 0.000000 -0.999527 0.327798 0.327798 0.327798
7093.900391 0.000000 785.671631 0.000000 0.321152 0.000000 -0.947028 0.276535 0.276535 0.276535
7088.827148 0.000000 778.134766 0.000000 0.223228 0.000000 -0.974766 0.304897 0.304897 0.304897
7095.883789 0.000000 780.345947 0.000000 0.108349 0.000000 -0.994113 0.327927 0.327927 0.327927
7096.008301 0.000000 776.546265 0.000000 0.354381 0.000000 -0.935101 0.287500 0.287500 0.287500
7043.149902 0.000000 780.090149 0.000000 0.216915 0.000000 -0.976191 0.298516 0.298516 0.298516
7095.916992 0.000000 784.463440 0.000000 0.238339 0.000000 -0.971182 0.298194 0.298194 0.298194
7065.886230 0.000000 776.369263 0.000000 0.359849 0.000000 -0.933010 0.288054 0.288054 0.288054
7064.446289 0.000000 777.636047 0.000000 0.029299 0.000000 -0.999571 0.292738 0.292738 0.292738
7160.315430 0.000000 771.305847 0.000000 0.547783 0.000000 -0.836620 0.206631 0.206631 0.206631
7109.044922 0.000000 765.173584 0.000000 0.484036 0.000000 -0.875048 0.278023 0.278023 0.278023
7143.595215 0.000000 777.394775 0.000000 0.349802 0.000000 -0.936824 0.303515 0.303515 0.303515
6960.795410 0.000000 800.806274 0.000000 0.553877 0.000000 -0.832599 0.267059 0.267059 0.267059
6937.950684 0.000000 792.761780 0.000000 0.290224 0.000000 -0.956959 0.285236 0.285236 0.285236
7023.663086 0.000000 800.793152 0.000000 0.051748 0.000000 -0.998660 0.210125 0.210125 0.210125
6982.251953 0.000000 829.921753 0.000000 0.287797 0.000000 -0.957691 0.263016 0.263016 0.263016
7024.334961 0.000000 806.884583 0.000000 0.326224 0.000000 -0.945292 0.263187 0.263187 0.263187
7039.312988 0.000000 888.540588 0.000000 0.535510 0.000000 -0.844529 0.260524 0.260524 0.260524
7036.564941 0.000000 897.635254 0.000000 0.543840 0.000000 -0.839189 0.267204 0.267204 0.267204
7086.200195 0.000000 791.891052 0.000000 0.279711 0.000000 -0.960084 0.263112 0.263112 0.263112
7114.112793 0.000000 884.422485 0.000000 0.570600 0.000000 -0.821228 0.257583 0.257583 0.257583
7294.147949 0.000000 609.798462 0.000000 0.564973 0.000000 -0.825110 0.254587 0.254587 0.254587
7293.190430 0.000000 620.265930 0.000000 0.294856 0.000000 -0.955542 0.322665 0.322665 0.322665
7292.292969 0.000000 621.166565 0.000000 0.300421 0.000000 -0.953807 0.322561 0.322561 0.322561
7216.316895 0.000000 663.059448 0.000000 0.468167 0.000000 -0.883640 0.291435 0.291435 0.291435
7217.638184 0.000000 662.416809 0.000000 0.085980 0.000000 -0.996297 0.297183 0.297183 0.297183
7282.490723 0.000000 644.117676 0.000000 0.031767 0.000000 -0.999495 0.221815 0.221815 0.221815
7289.144531 0.000000 622.943420 0.000000 0.480571 0.000000 -0.876956 0.232232 0.232232 0.232232
7288.311035 0.000000 665.980225 0.000000 0.085803 0.000000 -0.996312 0.259570 0.259570 0.259570
7301.809082 0.000000 620.326965 0.000000 0.566879 0.000000 -0.823801 0.228893 0.228893 0.228893
7349.385254 0.000000 595.450989 0.000000 0.554166 0.000000 -0.832406 0.236957 0.236957 0.236957
7306.666016 0.000000 607.205322 0.000000 0.066911 0.000000 -0.997759 0.252068 0.252068 0.252068
7305.022461 0.000000 607.911011 0.000000 0.204050 0.000000 -0.978960 0.251286 0.251286 0.251286
7303.386719 0.000000 610.059326 0.000000 0.544337 0.000000 -0.838867 0.257322 0.257322 0.257322
7339.276855 0.000000 610.330322 0.000000 0.555375 0.000000 -0.831600 0.265802 0.265802 0.265802
7358.477051 0.000000 590.250000 0.000000 0.204088 0.000000 -0.978953 0.285144 0.285144 0.285144
7315.222656 0.000000 606.676819 0.000000 0.474598 0.000000 -0.880203 0.286934 0.286934 0.286934
7297.519531 0.000000 612.387512 0.000000 0.397072 0.000000 -0.917787 0.321549 0.321549 0.321549
7348.968750 0.000000 596.591370 0.000000 0.043418 0.000000 -0.999057 0.328484 0.328484 0.328484
7319.733887 0.000000 606.744934 0.000000 0.422043 0.000000 -0.906576 0.312490 0.312490 0.312490
7299.040527 0.000000 612.889343 0.000000 0.485473 0.000000 -0.874252 0.298698 0.298698 0.298698
7321.886230 0.000000 606.916138 0.000000 0.558660 0.000000 -0.829397 0.317287 0.317287 0.317287
7316.037109 0.000000 604.592407 0.000000 0.568484 0.000000 -0.822695 0.280444 0.280444 0.280444
7303.583496 0.000000 617.097046 0.000000 0.407843 0.000000 -0.913052 0.274098 0.274098 0.274098
7423.697754 0.000000 609.567871 0.000000 0.367770 0.000000 -0.929917 0.211125 0.211125 0.211125
7386.914551 0.000000 616.547546 0.000000 0.037934 0.000000 -0.999280 0.297215 0.297215 0.297215
7414.683594 0.000000 595.405579 0.000000 0.149515 0.000000 -0.988759 0.317183 0.317183 0.317183
7411.083008 0.000000 597.257935 0.000000 0.127847 0.000000 -0.991794 0.279699 0.279699 0.279699
7386.372559 0.000000 617.700500 0.000000 0.117010 0.000000 -0.993131 0.296083 0.296083 0.296083
7420.871582 0.000000 594.038574 0.000000 0.514049 0.000000 -0.857761 0.254631 0.254631 0.254631
7384.413086 0.000000 618.262024 0.000000 0.188829 0.000000 -0.982010 0.323942 0.323942 0.323942
7385.549805 0.000000 619.730713 0.000000 0.205048 0.000000 -0.978752 0.323655 0.323655 0.323655
7334.792969 0.000000 624.140137 0.000000 0.317603 0.000000 -0.948224 0.220779 0.220779 0.220779
7317.555664 0.000000 625.413208 0.000000 0.496313 0.000000 -0.868143 0.231458 0.231458 0.231458
7329.853027 0.000000 633.092896 0.000000 0.213243 0.000000 -0.976999 0.233532 0.233532 0.233532
7298.209961 0.000000 632.102966 0.000000 0.131367 0.000000 -0.991334 0.236795 0.236795 0.236795
7303.662109 0.000000 658.053406 0.000000 0.368070 0.000000 -0.929798 0.251398 0.251398 0.251398
7325.048828 0.000000 622.970581 0.000000 0.202592 0.000000 -0.979263 0.289677 0.289677 0.289677
7320.179688 0.000000 661.936340 0.000000 0.389752 0.000000 -0.920920 0.310512 0.310512 0.310512
7335.998535 0.000000 644.753845 0.000000 0.031248 0.000000 -0.999512 0.282237 0.282237 0.282237
7422.624512 0.000000 630.148254 0.000000 0.384458 0.000000 -0.923143 0.207781 0.207781 0.207781
7416.471680 0.000000 661.784241 0.000000 0.418243 0.000000 -0.908335 0.230386 0.230386 0.230386
7393.853027 0.000000 633.092896 0.000000 0.152254 0.000000 -0.988341 0.232817 0.232817 0.232817
7409.135254 0.000000 648.165039 0.000000 0.494383 0.000000 -0.869244 0.235159 0.235159 0.235159
7419.628418 0.000000 665.003662 0.000000 0.496261 0.000000 -0.868173 0.275346 0.275346 0.275346
7392.520996 0.000000 676.780945 0.000000 0.018515 0.000000 -0.999829 0.268723 0.268723 0.268723
7390.526367 0.000000 665.783508 0.000000 0.501395 0.000000 -0.865219 0.304083 0.304083 0.304083
7428.789062 0.000000 598.700684 0.000000 0.223133 0.000000 -0.974788 0.219060 0.219060 0.219060
7442.010742 0.000000 615.376831 0.000000 0.167798 0.000000 -0.985821 0.233940 0.233940 0.233940
7445.902344 0.000000 610.330139 0.000000 0.384410 0.000000 -0.923162 0.320835 0.320835 0.320835
7425.515137 0.000000 594.028748 0.000000 0.226796 0.000000 -0.973942 0.291269 0.291269 0.291269
7426.034668 0.000000 590.929504 0.000000 0.294257 0.000000 -0.955726 0.296061 0.296061 0.296061
7446.176758 0.000000 602.266724 0.000000 0.089201 0.000000 -0.996014 0.325909 0.325909 0.325909
7449.064941 0.000000 615.482422 0.000000 0.007474 0.000000 -0.999972 0.323530 0.323530 0.323530
7447.105469 0.000000 609.027100 0.000000 0.115249 0.000000 -0.993337 0.299373 0.299373 0.299373
7427.692383 0.000000 598.144775 0.000000 0.345100 0.000000 -0.938566 0.305514 0.305514 0.305514
7494.709961 0.000000 620.973633 0.000000 0.466961 0.000000 -0.884278 0.272024 0.272024 0.272024
7434.235840 0.000000 665.012329 0.000000 0.140987 0.000000 -0.990011 0.212194 0.212194 0.212194
7487.825195 0.000000 634.580750 0.000000 0.291070 0.000000 -0.956702 0.227836 0.227836 0.227836
7454.945801 0.000000 649.792053 0.000000 0.296545 0.000000 -0.955019 0.220954 0.220954 0.220954
7432.404785 0.000000 641.755981 0.000000 0.221565 0.000000 -0.975146 0.232202 0.232202 0.232202
7440.398438 0.000000 666.384583 0.000000 0.544719 0.000000 -0.838619 0.238898 0.238898 0.238898
7446.048340 0.000000 644.441040 0.000000 0.231831 0.000000 -0.972756 0.280916 0.280916 0.280916
7426.773438 0.000000 627.369568 0.000000 0.286034 0.000000 -0.958220 0.260507 0.260507 0.260507
7442.479492 0.000000 667.971619 0.000000 0.105945 0.000000 -0.994372 0.327589 0.327589 0.327589
7450.378418 0.000000 672.001953 0.000000 0.061339 0.000000 -0.998117 0.291640 0.291640 0.291640
7451.859375 0.000000 636.473328 0.000000 0.382419 0.000000 -0.923989 0.298516 0.298516 0.298516
7448.446289 0.000000 664.667297 0.000000 0.131764 0.000000 -0.991281 0.280942 0.280942 0.280942
7467.013184 0.000000 622.538391 0.000000 0.186497 0.000000 -0.982455 0.272522 0.272522 0.272522
7436.296875 0.000000 674.913818 0.000000 0.432689 0.000000 -0.901543 0.319351 0.319351 0.319351
7488.597656 0.000000 641.795410 0.000000 0.012650 0.000000 -0.999920 0.230855 0.230855 0.230855
7495.620605 0.000000 627.557373 0.000000 0.505477 0.000000 -0.862840 0.225859 0.225859 0.225859
7507.857422 0.000000 674.025024 0.000000 0.404098 0.000000 -0.914716 0.281077 0.281077 0.281077
7227.739258 0.000000 682.319153 0.000000 0.314729 0.000000 -0.949181 0.214000 0.214000 0.214000
7191.348633 0.000000 730.810974 0.000000 0.149661 0.000000 -0.988737 0.215881 0.215881 0.215881
7171.452637 0.000000 717.785034 0.000000 0.407976 0.000000 -0.912993 0.254685 0.254685 0.254685
7213.684570 0.000000 720.723206 0.000000 0.191050 0.000000 -0.981580 0.266067 0.266067 0.266067
7199.443848 0.000000 715.923889 0.000000 0.543839 0.000000 -0.839189 0.318571 0.318571 0.318571
7185.977051 0.000000 707.281738 0.000000 0.185674 0.000000 -0.982611 0.326433 0.326433 0.326433
7191.843750 0.000000 716.152649 0.000000 0.026922 0.000000 -0.999638 0.300006 0.300006 0.300006
7212.416992 0.000000 722.816040 0.000000 0.255933 0.000000 -0.966694 0.278676 0.278676 0.278676
7185.206543 0.000000 715.143860 0.000000 0.053533 0.000000 -0.998566 0.271554 0.271554 0.271554
7255.293457 0.000000 701.377258 0.000000 0.287835 0.000000 -0.957680 0.208524 0.208524 0.208524
7232.525879 0.000000 715.115601 0.000000 0.552129 0.000000 -0.833759 0.231486 0.231486 0.231486
7250.442383 0.000000 692.829163 0.000000 0.026760 0.000000 -0.999642 0.240297 0.240297 0.240297
7233.639160 0.000000 713.018860 0.000000 0.300946 0.000000 -0.953641 0.234602 0.234602 0.234602
7252.196289 0.000000 726.574829 0.000000 0.279399 0.000000 -0.960175 0.243573 0.243573 0.243573
7253.918945 0.000000 698.717590 0.000000 0.514998 0.000000 -0.857192 0.273825 0.273825 0.273825
7170.199219 0.000000 741.409180 0.000000 0.454893 0.000000 -0.890546 0.214098 0.214098 0.214098
7204.154785 0.000000 741.999329 0.000000 0.285870 0.000000 -0.958268 0.303262 0.303262 0.303262
7190.342773 0.000000 734.442383 0.000000 0.083285 0.000000 -0.996526 0.327628 0.327628 0.327628
7207.854004 0.000000 745.345398 0.000000 0.202527 0.000000 -0.979277 0.289678 0.289678 0.289678
7249.469238 0.000000 752.035339 0.000000 0.327363 0.000000 -0.944899 0.248090 0.248090 0.248090
7254.619629 0.000000 767.817993 0.000000 0.027915 0.000000 -0.999610 0.261493 0.261493 0.261493
7244.955566 0.000000 790.161011 0.000000 0.138206 0.000000 -0.990404 0.267970 0.267970 0.267970
7302.070312 0.000000 684.852478 0.000000 0.094407 0.000000 -0.995534 0.218180 0.218180 0.218180
7300.561035 0.000000 724.094055 0.000000 0.201793 0.000000 -0.979428 0.267217 0.267217 0.267217
7419.100586 0.000000 687.905212 0.000000 0.105987 0.000000 -0.994367 0.210019 0.210019 0.210019
7419.000977 0.000000 715.613586 0.000000 0.210110 0.000000 -0.977678 0.209501 0.209501 0.209501
7370.378418 0.000000 689.673889 0.000000 0.513426 0.000000 -0.858134 0.244779 0.244779 0.244779
7410.592773 0.000000 683.523682 0.000000 0.563231 0.000000 -0.826299 0.301062 0.301062 0.301062
7388.718750 0.000000 688.312927 0.000000 0.295401 0.000000 -0.955373 0.274970 0.274970 0.274970
7385.950684 0.000000 679.793030 0.000000 0.001085 0.000000 -0.999999 0.299061 0.299061 0.299061
7411.716797 0.000000 680.064636 0.000000 0.357745 0.000000 -0.933819 0.323013 0.323013 0.323013
7231.509766 0.000000 827.999756 0.000000 0.428809 0.000000 -0.903395 0.209423 0.209423 0.209423
7204.342285 0.000000 846.449890 0.000000 0.000371 0.000000 -1.000000 0.216995 0.216995 0.216995
7223.822754 0.000000 822.074402 0.000000 0.275102 0.000000 -0.961415 0.236721 0.236721 0.236721
7204.687500 0.000000 841.351440 0.000000 0.227927 0.000000 -0.973678 0.288033 0.288033 0.288033
7217.743164 0.000000 830.427063 0.000000 0.323529 0.000000 -0.946218 0.255663 0.255663 0.255663
7207.639160 0.000000 817.854431 0.000000 0.161284 0.000000 -0.986908 0.260019 0.260019 0.260019
7196.939453 0.000000 834.394043 0.000000 0.469442 0.000000 -0.882963 0.300866 0.300866 0.300866
7236.756836 0.000000 809.574463 0.000000 0.571169 0.000000 -0.820832 0.213688 0.213688 0.213688
7234.681152 0.000000 812.999817 0.000000 0.121360 0.000000 -0.992609 0.236253 0.236253 0.236253
7226.028320 0.000000 860.364197 0.000000 0.413270 0.000000 -0.910609 0.207745 0.207745 0.207745
7183.028809 0.000000 860.371521 0.000000 0.364254 0.000000 -0.931300 0.260839 0.260839 0.260839
7171.574219 0.000000 900.689209 0.000000 0.219086 0.000000 -0.975706 0.253027 0.253027 0.253027
7198.762207 0.000000 869.434265 0.000000 0.571284 0.000000 -0.820752 0.263724 0.263724 0.263724
7182.414551 0.000000 896.543701 0.000000 0.112473 0.000000 -0.993655 0.283785 0.283785 0.283785
7453.685059 0.000000 712.567200 0.000000 0.522439 0.000000 -0.852677 0.274336 0.274336 0.274336
7456.387695 0.000000 687.106018 0.000000 0.358106 0.000000 -0.933681 0.250884 0.250884 0.250884
7508.094727 0.000000 693.213379 0.000000 0.548084 0.000000 -0.836423 0.206777 0.206777 0.206777
7518.816895 0.000000 692.250305 0.000000 0.337886 0.000000 -0.941187 0.216286 0.216286 0.216286
7513.598145 0.000000 701.444092 0.000000 0.295979 0.000000 -0.955195 0.220338 0.220338 0.220338
7510.981445 0.000000 706.037048 0.000000 0.532442 0.000000 -0.846466 0.221938 0.221938 0.221938
7509.229004 0.000000 691.904785 0.000000 0.450394 0.000000 -0.892830 0.229460 0.229460 0.229460
7512.325195 0.000000 726.952759 0.000000 0.069497 0.000000 -0.997582 0.253324 0.253324 0.253324
7532.222168 0.000000 711.198364 0.000000 0.106292 0.000000 -0.994335 0.255501 0.255501 0.255501
7532.134277 0.000000 712.793823 0.000000 0.147450 0.000000 -0.989070 0.257617 0.257617 0.257617
7540.617188 0.000000 731.169556 0.000000 0.350720 0.000000 -0.936480 0.292645 0.292645 0.292645
7528.188477 0.000000 715.155579 0.000000 0.402980 0.000000 -0.915209 0.287409 0.287409 0.287409
7538.290039 0.000000 731.578613 0.000000 0.165280 0.000000 -0.986247 0.277929 0.277929 0.277929
7472.316895 0.000000 776.028198 0.000000 0.329970 0.000000 -0.943992 0.253705 0.253705 0.253705
7467.276855 0.000000 779.783447 0.000000 0.404600 0.000000 -0.914494 0.304515 0.304515 0.304515
7468.416992 0.000000 779.300415 0.000000 0.350105 0.000000 -0.936711 0.322533 0.322533 0.322533
7471.731934 0.000000 781.395630 0.000000 0.447814 0.000000 -0.894127 0.320262 0.320262 0.320262
7472.827148 0.000000 778.134766 0.000000 0.235358 0.000000 -0.971909 0.324464 0.324464 0.324464
7479.966309 0.000000 770.192566 0.000000 0.506677 0.000000 -0.862136 0.280178 0.280178 0.280178
7548.771484 0.000000 771.380981 0.000000 0.461609 0.000000 -0.887083 0.218930 0.218930 0.218930
7530.257812 0.000000 736.559326 0.000000 0.028597 0.000000 -0.999591 0.228178 0.228178 0.228178
7492.140625 0.000000 775.864746 0.000000 0.114498 0.000000 -0.993423 0.233782 0.233782 0.233782
7490.857910 0.000000 776.640381 0.000000 0.521294 0.000000 -0.853377 0.319527 0.319527 0.319527
7562.583984 0.000000 760.520874 0.000000 0.297512 0.000000 -0.954718 0.243389 0.243389 0.243389
7553.498535 0.000000 762.273743 0.000000 0.306861 0.000000 -0.951754 0.261526 0.261526 0.261526
7553.121582 0.000000 751.405396 0.000000 0.011015 0.000000 -0.999939 0.276619 0.276619 0.276619
7561.391113 0.000000 768.860474 0.000000 0.418260 0.000000 -0.908327 0.264553 0.264553 0.264553
7559.968750 0.000000 775.250122 0.000000 0.449786 0.000000 -0.893137 0.321090 0.321090 0.321090
7478.848633 0.000000 813.293884 0.000000 0.574118 0.000000 -0.818773 0.252013 0.252013 0.252013
7471.984863 0.000000 824.361633 0.000000 0.546070 0.000000 -0.837739 0.277701 0.277701 0.277701
7481.471191 0.000000 807.120544 0.000000 0.329199 0.000000 -0.944261 0.300646 0.300646 0.300646
7571.640625 0.000000 816.093018 0.000000 0.283786 0.000000 -0.958888 0.209911 0.209911 0.209911
7570.128418 0.000000 811.542847 0.000000 0.259346 0.000000 -0.965784 0.213807 0.213807 0.213807
7583.732910 0.000000 843.598022 0.000000 0.146993 0.000000 -0.989138 0.237918 0.237918 0.237918
7557.529297 0.000000 794.271179 0.000000 0.050943 0.000000 -0.998702 0.254158 0.254158 0.254158
7569.255371 0.000000 801.069702 0.000000 0.256628 0.000000 -0.966510 0.272286 0.272286 0.272286
7562.235840 0.000000 890.949829 0.000000 0.544312 0.000000 -0.838883 0.206957 0.206957 0.206957
7560.616211 0.000000 864.509277 0.000000 0.358296 0.000000 -0.933608 0.260283 0.260283 0.260283
7559.959473 0.000000 896.524414 0.000000 0.022798 0.000000 -0.999740 0.284307 0.284307 0.284307
7572.580078 0.000000 894.862793 0.000000 0.025997 0.000000 -0.999662 0.329330 0.329330 0.329330
7584.901855 0.000000 854.149353 0.000000 0.530670 0.000000 -0.847578 0.317574 0.317574 0.317574
7572.942871 0.000000 896.872803 0.000000 0.586568 0.000000 -0.809900 0.290056 0.290056 0.290056
6564.531250 0.000000 1343.286621 0.000000 0.587355 0.000000 -0.809329 0.311207 0.311207 0.311207
6619.739258 0.000000 1342.764038 0.000000 0.184768 0.000000 -0.982782 0.223116 0.223116 0.223116
6621.209473 0.000000 1355.101807 0.000000 0.561385 0.000000 -0.827555 0.241763 0.241763 0.241763
6646.683594 0.000000 1329.702515 0.000000 0.586579 0.000000 -0.809892 0.303735 0.303735 0.303735
6644.968750 0.000000 1330.888306 0.000000 0.396171 0.000000 -0.918177 0.301474 0.301474 0.301474
6627.546875 0.000000 1352.100708 0.000000 0.254714 0.000000 -0.967016 0.291510 0.291510 0.291510
6634.690430 0.000000 1355.183838 0.000000 0.125039 0.000000 -0.992152 0.314299 0.314299 0.314299
6690.454102 0.000000 944.771240 0.000000 0.354777 0.000000 -0.934951 0.244673 0.244673 0.244673
6718.025391 0.000000 906.878113 0.000000 0.138314 0.000000 -0.990388 0.267969 0.267969 0.267969
6723.040527 0.000000 951.795593 0.000000 0.401339 0.000000 -0.915930 0.295035 0.295035 0.295035
6725.862793 0.000000 939.614868 0.000000 0.182677 0.000000 -0.983173 0.308790 0.308790 0.308790
6725.747070 0.000000 936.720947 0.000000 0.541165 0.000000 -0.840916 0.283993 0.283993 0.283993
6707.318359 0.000000 993.875854 0.000000 0.247442 0.000000 -0.968903 0.225720 0.225720 0.225720
6722.773438 0.000000 966.275818 0.000000 0.129267 0.000000 -0.991610 0.318177 0.318177 0.318177
6817.062500 0.000000 955.823914 0.000000 0.238099 0.000000 -0.971241 0.209167 0.209167 0.209167
6793.880371 0.000000 937.268555 0.000000 0.565054 0.000000 -0.825054 0.237444 0.237444 0.237444
6861.099609 0.000000 923.526611 0.000000 0.582552 0.000000 -0.812793 0.206633 0.206633 0.206633
6901.101074 0.000000 949.075500 0.000000 0.357061 0.000000 -0.934081 0.220448 0.220448 0.220448
6849.626465 0.000000 958.667358 0.000000 0.020965 0.000000 -0.999780 0.243550 0.243550 0.243550
6847.365723 0.000000 970.199768 0.000000 0.013984 0.000000 -0.999902 0.257768 0.257768 0.257768
6827.276855 0.000000 1005.720947 0.000000 0.341168 0.000000 -0.940003 0.258602 0.258602 0.258602
6828.898438 0.000000 1016.095215 0.000000 0.164222 0.000000 -0.986423 0.272154 0.272154 0.272154
6826.301758 0.000000 1003.780151 0.000000 0.222160 0.000000 -0.975010 0.282328 0.282328 0.282328
6847.475098 0.000000 965.001587 0.000000 0.252140 0.000000 -0.967691 0.274894 0.274894 0.274894
6867.337891 0.000000 960.393188 0.000000 0.373847 0.000000 -0.927490 0.242604 0.242604 0.242604
6860.654785 0.000000 963.938782 0.000000 0.470460 0.000000 -0.882421 0.283235 0.283235 0.283235
6760.696289 0.000000 1026.966309 0.000000 0.212136 0.000000 -0.977240 0.308320 0.308320 0.308320
6758.709473 0.000000 1027.526489 0.000000 0.163311 0.000000 -0.986575 0.313677 0.313677 0.313677
6758.214844 0.000000 1029.348511 0.000000 0.268098 0.000000 -0.963392 0.303544 0.303544 0.303544
6798.873047 0.000000 1024.765869 0.000000 0.198073 0.000000 -0.980187 0.208902 0.208902 0.208902
6822.889160 0.000000 1040.158325 0.000000 0.567556 0.000000 -0.823335 0.206496 0.206496 0.206496
6798.033691 0.000000 1022.609741 0.000000 0.505389 0.000000 -0.862892 0.216101 0.216101 0.216101
6826.135254 0.000000 1021.218201 0.000000 0.388352 0.000000 -0.921511 0.226964 0.226964 0.226964
6803.737305 0.000000 1023.200439 0.000000 0.398070 0.000000 -0.917355 0.251059 0.251059 0.251059
6789.529297 0.000000 1020.208679 0.000000 0.080131 0.000000 -0.996784 0.271883 0.271883 0.271883
6900.122559 0.000000 1054.383911 0.000000 0.403049 0.000000 -0.915178 0.236716 0.236716 0.236716
6853.850586 0.000000 1034.497192 0.000000 0.405822 0.000000 -0.913952 0.244130 0.244130 0.244130
6903.129883 0.000000 1043.312134 0.000000 0.399794 0.000000 -0.916605 0.256030 0.256030 0.256030
6902.683594 0.000000 1047.280640 0.000000 0.246573 0.000000 -0.969124 0.261598 0.261598 0.261598
6888.923828 0.000000 1023.416870 0.000000 0.408109 0.000000 -0.912933 0.294928 0.294928 0.294928
6899.609375 0.000000 1046.885010 0.000000 0.109707 0.000000 -0.993964 0.265731 0.265731 0.265731
6851.154785 0.000000 1037.470703 0.000000 0.131564 0.000000 -0.991308 0.326348 0.326348 0.326348
6848.361816 0.000000 1038.354736 0.000000 0.443538 0.000000 -0.896256 0.266723 0.266723 0.266723
6863.758301 0.000000 1025.403809 0.000000 0.148212 0.000000 -0.988956 0.297586 0.297586 0.297586
6887.522949 0.000000 1077.201294 0.000000 0.575211 0.000000 -0.818005 0.247711 0.247711 0.247711
6894.269531 0.000000 1108.504761 0.000000 0.112255 0.000000 -0.993679 0.276663 0.276663 0.276663
6894.644531 0.000000 1118.199341 0.000000 0.495281 0.000000 -0.868733 0.260441 0.260441 0.260441
6892.416992 0.000000 1118.206665 0.000000 0.110870 0.000000 -0.993835 0.258014 0.258014 0.258014
6888.114258 0.000000 1075.758545 0.000000 0.472609 0.000000 -0.881272 0.320599 0.320599 0.320599
6891.013184 0.000000 1074.413330 0.000000 0.320567 0.000000 -0.947226 0.312353 0.312353 0.312353
6953.205566 0.000000 960.206299 0.000000 0.331584 0.000000 -0.943426 0.246793 0.246793 0.246793
6963.326660 0.000000 951.265747 0.000000 0.368074 0.000000 -0.929796 0.260793 0.260793 0.260793
7022.633301 0.000000 908.465881 0.000000 0.321024 0.000000 -0.947071 0.296932 0.296932 0.296932
6957.143066 0.000000 960.536682 0.000000 0.249814 0.000000 -0.968294 0.216984 0.216984 0.216984
6952.703613 0.000000 1015.102844 0.000000 0.537768 0.000000 -0.843093 0.262345 0.262345 0.262345
6955.903809 0.000000 960.341797 0.000000 0.329450 0.000000 -0.944173 0.308342 0.308342 0.308342
6951.513672 0.000000 1014.876465 0.000000 0.400449 0.000000 -0.916319 0.266034 0.266034 0.266034
7079.871094 0.000000 924.185547 0.000000 0.296005 0.000000 -0.955186 0.257235 0.257235 0.257235
7143.591309 0.000000 945.586060 0.000000 0.203004 0.000000 -0.979178 0.209483 0.209483 0.209483
7157.789062 0.000000 947.193787 0.000000 0.033160 0.000000 -0.999450 0.216120 0.216120 0.216120
7141.366211 0.000000 955.449646 0.000000 0.193850 0.000000 -0.981031 0.241268 0.241268 0.241268
7161.239746 0.000000 947.079285 0.000000 0.112962 0.000000 -0.993599 0.322409 0.322409 0.322409
7147.446289 0.000000 945.361572 0.000000 0.384454 0.000000 -0.923144 0.295939 0.295939 0.295939
6955.960938 0.000000 1038.821045 0.000000 0.212774 0.000000 -0.977101 0.227892 0.227892 0.227892
6919.260254 0.000000 1063.323242 0.000000 0.189584 0.000000 -0.981865 0.229973 0.229973 0.229973
6923.049316 0.000000 1066.599609 0.000000 0.236748 0.000000 -0.971571 0.230813 0.230813 0.230813
6921.264160 0.000000 1061.312012 0.000000 0.243603 0.000000 -0.969875 0.251500 0.251500 0.251500
6933.323242 0.000000 1057.940552 0.000000 0.137054 0.000000 -0.990564 0.315418 0.315418 0.315418
6941.817383 0.000000 1056.598267 0.000000 0.005572 0.000000 -0.999985 0.272776 0.272776 0.272776
6960.334961 0.000000 1032.822144 0.000000 0.552810 0.000000 -0.833307 0.276975 0.276975 0.276975
6957.140625 0.000000 1036.331299 0.000000 0.451668 0.000000 -0.892186 0.319069 0.319069 0.319069
7004.743164 0.000000 1045.331787 0.000000 0.149937 0.000000 -0.988696 0.251214 0.251214 0.251214
6986.576172 0.000000 1047.062500 0.000000 0.050570 0.000000 -0.998721 0.264471 0.264471 0.264471
6978.857910 0.000000 1059.062256 0.000000 0.586096 0.000000 -0.810241 0.257370 0.257370 0.257370
6982.988770 0.000000 1058.178955 0.000000 0.278516 0.000000 -0.960431 0.289241 0.289241 0.289241
6918.363770 0.000000 1082.715820 0.000000 0.291033 0.000000 -0.956713 0.214184 0.214184 0.214184
6921.693359 0.000000 1082.265869 0.000000 0.490530 0.000000 -0.871424 0.223558 0.223558 0.223558
6920.993164 0.000000 1076.329834 0.000000 0.489498 0.000000 -0.872004 0.238283 0.238283 0.238283
6936.817383 0.000000 1106.236694 0.000000 0.262360 0.000000 -0.964970 0.275400 0.275400 0.275400
6919.012695 0.000000 1074.293945 0.000000 0.506895 0.000000 -0.862008 0.319848 0.319848 0.319848
7028.657715 0.000000 1073.239258 0.000000 0.587374 0.000000 -0.809315 0.211124 0.211124 0.211124
7026.490723 0.000000 1095.992676 0.000000 0.155301 0.000000 -0.987867 0.222727 0.222727 0.222727
7016.166504 0.000000 1085.809204 0.000000 0.131554 0.000000 -0.991309 0.252680 0.252680 0.252680
7030.683594 0.000000 1103.765015 0.000000 0.427826 0.000000 -0.903861 0.295244 0.295244 0.295244
7032.930664 0.000000 1085.603271 0.000000 0.288919 0.000000 -0.957353 0.324211 0.324211 0.324211
7030.646973 0.000000 1091.691772 0.000000 0.232924 0.000000 -0.972495 0.268756 0.268756 0.268756
7088.663086 0.000000 1091.859009 0.000000 0.092733 0.000000 -0.995691 0.243505 0.243505 0.243505
7087.249023 0.000000 1095.940430 0.000000 0.384275 0.000000 -0.923219 0.255589 0.255589 0.255589
7088.177246 0.000000 1111.245117 0.000000 0.564265 0.000000 -0.825593 0.314185 0.314185 0.314185
7100.292969 0.000000 1129.526001 0.000000 0.513727 0.000000 -0.857954 0.319696 0.319696 0.319696
7104.517090 0.000000 1122.980103 0.000000 0.258684 0.000000 -0.965962 0.226872 0.226872 0.226872
7130.283691 0.000000 1119.749023 0.000000 0.190835 0.000000 -0.981622 0.245721 0.245721 0.245721
7116.164062 0.000000 1108.712769 0.000000 0.286356 0.000000 -0.958123 0.244757 0.244757 0.244757
7130.769531 0.000000 1121.876465 0.000000 0.485316 0.000000 -0.874339 0.245721 0.245721 0.245721
7114.112793 0.000000 1110.359985 0.000000 0.050791 0.000000 -0.998709 0.328233 0.328233 0.328233
7166.141113 0.000000 1120.071411 0.000000 0.375470 0.000000 -0.926834 0.321805 0.321805 0.321805
7114.277832 0.000000 1109.254761 0.000000 0.484381 0.000000 -0.874857 0.318548 0.318548 0.318548
6658.857910 0.000000 1341.484131 0.000000 0.299239 0.000000 -0.954178 0.271746 0.271746 0.271746
6829.465820 0.000000 1286.952148 0.000000 0.478888 0.000000 -0.877876 0.218166 0.218166 0.218166
6827.407227 0.000000 1286.884277 0.000000 0.518044 0.000000 -0.855354 0.214165 0.214165 0.214165
6845.638184 0.000000 1318.863892 0.000000 0.574118 0.000000 -0.818773 0.211848 0.211848 0.211848
6964.777832 0.000000 1162.635498 0.000000 0.054980 0.000000 -0.998487 0.245784 0.245784 0.245784
6971.526855 0.000000 1162.454712 0.000000 0.184033 0.000000 -0.982920 0.245789 0.245789 0.245789
6967.338379 0.000000 1162.211670 0.000000 0.074329 0.000000 -0.997234 0.276488 0.276488 0.276488
7027.016113 0.000000 1150.538574 0.000000 0.158462 0.000000 -0.987365 0.209833 0.209833 0.209833
7024.746582 0.000000 1132.925171 0.000000 0.520140 0.000000 -0.854081 0.207080 0.207080 0.207080
7028.393066 0.000000 1152.081055 0.000000 0.305944 0.000000 -0.952049 0.226461 0.226461 0.226461
6999.560547 0.000000 1147.213379 0.000000 0.260359 0.000000 -0.965512 0.236860 0.236860 0.236860
7028.467773 0.000000 1150.812256 0.000000 0.173344 0.000000 -0.984861 0.254787 0.254787 0.254787
7037.982422 0.000000 1141.212402 0.000000 0.539451 0.000000 -0.842017 0.293373 0.293373 0.293373
7078.819824 0.000000 1181.939209 0.000000 0.477805 0.000000 -0.878466 0.223677 0.223677 0.223677
7082.439941 0.000000 1141.911377 0.000000 0.098590 0.000000 -0.995128 0.235824 0.235824 0.235824
7040.233887 0.000000 1143.130737 0.000000 0.497214 0.000000 -0.867628 0.230224 0.230224 0.230224
7078.078125 0.000000 1171.317139 0.000000 0.127657 0.000000 -0.991818 0.242535 0.242535 0.242535
7058.536621 0.000000 1183.157227 0.000000 0.011409 0.000000 -0.999935 0.245565 0.245565 0.245565
7075.804199 0.000000 1172.988892 0.000000 0.161988 0.000000 -0.986793 0.260011 0.260011 0.260011
7057.052246 0.000000 1172.492065 0.000000 0.219953 0.000000 -0.975510 0.256822 0.256822 0.256822
7058.134277 0.000000 1186.087646 0.000000 0.267430 0.000000 -0.963577 0.280439 0.280439 0.280439
7082.127930 0.000000 1177.140747 0.000000 0.494579 0.000000 -0.869133 0.299798 0.299798 0.299798
7074.942871 0.000000 1168.122314 0.000000 0.272429 0.000000 -0.962176 0.323664 0.323664 0.323664
7059.400879 0.000000 1185.660522 0.000000 0.479019 0.000000 -0.877804 0.318895 0.318895 0.318895
7138.934570 0.000000 1133.256714 0.000000 0.533095 0.000000 -0.846056 0.221323 0.221323 0.221323
7144.567383 0.000000 1164.370850 0.000000 0.403465 0.000000 -0.914995 0.220666 0.220666 0.220666
7137.433594 0.000000 1165.491089 0.000000 0.247234 0.000000 -0.968956 0.226346 0.226346 0.226346
7125.609863 0.000000 1162.336548 0.000000 0.580249 0.000000 -0.814439 0.227536 0.227536 0.227536
7147.765137 0.000000 1158.971802 0.000000 0.476496 0.000000 -0.879177 0.233502 0.233502 0.233502
7135.303223 0.000000 1156.698975 0.000000 0.552683 0.000000 -0.833391 0.232090 0.232090 0.232090
7158.904297 0.000000 1165.995728 0.000000 0.445559 0.000000 -0.895252 0.251133 0.251133 0.251133
7138.937988 0.000000 1160.192505 0.000000 0.210844 0.000000 -0.977520 0.263284 0.263284 0.263284
7155.649902 0.000000 1182.309082 0.000000 0.239123 0.000000 -0.970989 0.250916 0.250916 0.250916
7147.818848 0.000000 1167.189331 0.000000 0.520357 0.000000 -0.853949 0.246543 0.246543 0.246543
7141.606445 0.000000 1132.606934 0.000000 0.334237 0.000000 -0.942489 0.282070 0.282070 0.282070
7143.854004 0.000000 1140.735962 0.000000 0.561061 0.000000 -0.827775 0.271278 0.271278 0.271278
7076.952637 0.000000 1226.648804 0.000000 0.222034 0.000000 -0.975039 0.215955 0.215955 0.215955
7059.236816 0.000000 1197.494995 0.000000 0.376635 0.000000 -0.926362 0.220898 0.220898 0.220898
7059.704102 0.000000 1199.936157 0.000000 0.531956 0.000000 -0.846772 0.235369 0.235369 0.235369
7088.351074 0.000000 1195.080688 0.000000 0.172229 0.000000 -0.985057 0.266288 0.266288 0.266288
7052.067383 0.000000 1186.258911 0.000000 0.306916 0.000000 -0.951737 0.311941 0.311941 0.311941
7058.082520 0.000000 1186.234131 0.000000 0.214353 0.000000 -0.976756 0.281148 0.281148 0.281148
7112.407715 0.000000 1193.984253 0.000000 0.334503 0.000000 -0.942395 0.207921 0.207921 0.207921
7116.457520 0.000000 1237.947754 0.000000 0.036706 0.000000 -0.999326 0.210571 0.210571 0.210571
7123.443848 0.000000 1236.091675 0.000000 0.023779 0.000000 -0.999717 0.211777 0.211777 0.211777
7114.583984 0.000000 1212.395874 0.000000 0.568274 0.000000 -0.822839 0.242292 0.242292 0.242292
7115.761719 0.000000 1210.581543 0.000000 0.377389 0.000000 -0.926055 0.242567 0.242567 0.242567
7133.510254 0.000000 1200.234863 0.000000 0.541040 0.000000 -0.840997 0.244454 0.244454 0.244454
7148.992676 0.000000 1209.072632 0.000000 0.187760 0.000000 -0.982215 0.256540 0.256540 0.256540
7152.316895 0.000000 1227.903198 0.000000 0.429239 0.000000 -0.903191 0.293324 0.293324 0.293324
7134.521973 0.000000 1219.617676 0.000000 0.470924 0.000000 -0.882174 0.250833 0.250833 0.250833
7143.871094 0.000000 1206.607422 0.000000 0.284431 0.000000 -0.958697 0.252952 0.252952 0.252952
7133.817383 0.000000 1226.051392 0.000000 0.333340 0.000000 -0.942807 0.263731 0.263731 0.263731
7132.231934 0.000000 1227.774658 0.000000 0.189063 0.000000 -0.981965 0.265451 0.265451 0.265451
7137.799316 0.000000 1225.057861 0.000000 0.100543 0.000000 -0.994933 0.269702 0.269702 0.269702
7136.813965 0.000000 1224.026611 0.000000 0.170455 0.000000 -0.985366 0.268871 0.268871 0.268871
7134.669434 0.000000 1201.788330 0.000000 0.127304 0.000000 -0.991864 0.326157 0.326157 0.326157
7150.525879 0.000000 1213.900146 0.000000 0.255675 0.000000 -0.966763 0.292139 0.292139 0.292139
6918.073242 0.000000 1296.443726 0.000000 0.538708 0.000000 -0.842493 0.224921 0.224921 0.224921
6954.440430 0.000000 1315.349609 0.000000 0.388356 0.000000 -0.921509 0.223878 0.223878 0.223878
6961.734375 0.000000 1317.249756 0.000000 0.431662 0.000000 -0.902035 0.290758 0.290758 0.290758
6387.318359 0.000000 1502.235229 0.000000 0.307162 0.000000 -0.951657 0.227072 0.227072 0.227072
6376.728027 0.000000 1511.407349 0.000000 0.435770 0.000000 -0.900058 0.236384 0.236384 0.236384
6396.926270 0.000000 1472.436768 0.000000 0.134492 0.000000 -0.990915 0.260317 0.260317 0.260317
6367.826172 0.000000 1520.169556 0.000000 0.455476 0.000000 -0.890248 0.269061 0.269061 0.269061
6399.246094 0.000000 1504.603271 0.000000 0.447198 0.000000 -0.894435 0.274178 0.274178 0.274178
6367.222656 0.000000 1522.428345 0.000000 0.227518 0.000000 -0.973774 0.272652 0.272652 0.272652
6381.375000 0.000000 1549.999756 0.000000 0.560046 0.000000 -0.828462 0.206459 0.206459 0.206459
6394.462402 0.000000 1542.148193 0.000000 0.537569 0.000000 -0.843219 0.206938 0.206938 0.206938
6364.720215 0.000000 1565.587280 0.000000 0.519819 0.000000 -0.854276 0.223278 0.223278 0.223278
6373.604004 0.000000 1547.662109 0.000000 0.393863 0.000000 -0.919169 0.237429 0.237429 0.237429
6348.164062 0.000000 1560.587769 0.000000 0.088203 0.000000 -0.996103 0.245461 0.245461 0.245461
6383.249023 0.000000 1547.815430 0.000000 0.433294 0.000000 -0.901253 0.281282 0.281282 0.281282
6367.169922 0.000000 1538.315796 0.000000 0.103307 0.000000 -0.994650 0.290409 0.290409 0.290409
6390.395020 0.000000 1535.141357 0.000000 0.405027 0.000000 -0.914305 0.259716 0.259716 0.259716
6380.330078 0.000000 1543.843018 0.000000 0.522596 0.000000 -0.852581 0.293039 0.293039 0.293039
6398.477051 0.000000 1550.484375 0.000000 0.366329 0.000000 -0.930485 0.254546 0.254546 0.254546
6337.354492 0.000000 1566.794189 0.000000 0.006194 0.000000 -0.999981 0.272768 0.272768 0.272768
6364.718750 0.000000 1535.578613 0.000000 0.112402 0.000000 -0.993663 0.269562 0.269562 0.269562
6363.824219 0.000000 1537.939697 0.000000 0.351404 0.000000 -0.936224 0.264769 0.264769 0.264769
6345.391113 0.000000 1559.641724 0.000000 0.211971 0.000000 -0.977276 0.319404 0.319404 0.319404
6452.072754 0.000000 1404.128174 0.000000 0.342140 0.000000 -0.939649 0.224904 0.224904 0.224904
6459.012207 0.000000 1404.051758 0.000000 0.314041 0.000000 -0.949410 0.320862 0.320862 0.320862
6462.141113 0.000000 1402.493286 0.000000 0.530040 0.000000 -0.847973 0.296038 0.296038 0.296038
6493.237305 0.000000 1389.147217 0.000000 0.279558 0.000000 -0.960129 0.208486 0.208486 0.208486
6490.057129 0.000000 1391.088135 0.000000 0.507012 0.000000 -0.861939 0.230736 0.230736 0.230736
6487.955566 0.000000 1389.415527 0.000000 0.369288 0.000000 -0.929315 0.247014 0.247014 0.247014
6486.619629 0.000000 1389.146118 0.000000 0.367354 0.000000 -0.930081 0.247035 0.247035 0.247035
6470.251953 0.000000 1394.765503 0.000000 0.431428 0.000000 -0.902147 0.253163 0.253163 0.253163
6523.590332 0.000000 1358.777588 0.000000 0.484240 0.000000 -0.874935 0.247585 0.247585 0.247585
6413.872070 0.000000 1440.511841 0.000000 0.286869 0.000000 -0.957970 0.209271 0.209271 0.209271
6462.038574 0.000000 1436.092651 0.000000 0.289288 0.000000 -0.957242 0.228474 0.228474 0.228474
6417.357910 0.000000 1445.525024 0.000000 0.252509 0.000000 -0.967595 0.323006 0.323006 0.323006
6418.479492 0.000000 1458.752808 0.000000 0.247190 0.000000 -0.968967 0.323894 0.323894 0.323894
6421.500000 0.000000 1442.293091 0.000000 0.292694 0.000000 -0.956206 0.316709 0.316709 0.316709
6453.988770 0.000000 1423.348633 0.000000 0.185681 0.000000 -0.982610 0.312005 0.312005 0.312005
6500.550293 0.000000 1442.903442 0.000000 0.377674 0.000000 -0.925939 0.212276 0.212276 0.212276
6500.916016 0.000000 1440.171753 0.000000 0.454937 0.000000 -0.890523 0.216542 0.216542 0.216542
6474.234863 0.000000 1459.555298 0.000000 0.306271 0.000000 -0.951944 0.221493 0.221493 0.221493
6471.260254 0.000000 1458.713867 0.000000 0.025367 0.000000 -0.999678 0.228840 0.228840 0.228840
6473.122070 0.000000 1459.171021 0.000000 0.385418 0.000000 -0.922742 0.276296 0.276296 0.276296
6496.590820 0.000000 1439.250244 0.000000 0.051239 0.000000 -0.998686 0.297025 0.297025 0.297025
6496.724121 0.000000 1434.525757 0.000000 0.056660 0.000000 -0.998394 0.326196 0.326196 0.326196
6497.173340 0.000000 1436.506592 0.000000 0.567510 0.000000 -0.823367 0.318438 0.318438 0.318438
6545.288086 0.000000 1360.706299 0.000000 0.484586 0.000000 -0.874744 0.226674 0.226674 0.226674
6531.498047 0.000000 1356.382568 0.000000 0.263015 0.000000 -0.964792 0.235582 0.235582 0.235582
6559.069336 0.000000 1365.008179 0.000000 0.298759 0.000000 -0.954328 0.245257 0.245257 0.245257
6635.690430 0.000000 1359.188965 0.000000 0.049425 0.000000 -0.998778 0.210968 0.210968 0.210968
6635.013184 0.000000 1356.835205 0.000000 0.530158 0.000000 -0.847899 0.302929 0.302929 0.302929
6643.759277 0.000000 1443.474243 0.000000 0.497120 0.000000 -0.867682 0.207186 0.207186 0.207186
6628.952637 0.000000 1452.586304 0.000000 0.347737 0.000000 -0.937592 0.215590 0.215590 0.215590
6643.561035 0.000000 1438.371216 0.000000 0.136376 0.000000 -0.990657 0.222251 0.222251 0.222251
6611.857422 0.000000 1464.806274 0.000000 0.095243 0.000000 -0.995454 0.328178 0.328178 0.328178
6630.706543 0.000000 1457.445557 0.000000 0.439292 0.000000 -0.898344 0.261162 0.261162 0.261162
6629.762695 0.000000 1455.986816 0.000000 0.390986 0.000000 -0.920397 0.320270 0.320270 0.320270
6616.446289 0.000000 1455.448608 0.000000 0.430219 0.000000 -0.902725 0.273162 0.273162 0.273162
6628.531250 0.000000 1456.255371 0.000000 0.360528 0.000000 -0.932748 0.307818 0.307818 0.307818
6445.311035 0.000000 1502.943604 0.000000 0.107696 0.000000 -0.994184 0.209751 0.209751 0.209751
6440.179688 0.000000 1496.778442 0.000000 0.212779 0.000000 -0.977100 0.223512 0.223512 0.223512
6439.167969 0.000000 1517.063721 0.000000 0.236757 0.000000 -0.971569 0.217086 0.217086 0.217086
6431.834473 0.000000 1470.747314 0.000000 0.541768 0.000000 -0.840528 0.248742 0.248742 0.248742
6401.945801 0.000000 1484.897583 0.000000 0.195698 0.000000 -0.980664 0.257725 0.257725 0.257725
6432.813477 0.000000 1512.099609 0.000000 0.466701 0.000000 -0.884415 0.246552 0.246552 0.246552
6405.597168 0.000000 1495.480469 0.000000 0.190956 0.000000 -0.981599 0.249520 0.249520 0.249520
6409.798340 0.000000 1473.967285 0.000000 0.428157 0.000000 -0.903704 0.288288 0.288288 0.288288
6400.213379 0.000000 1480.695435 0.000000 0.418117 0.000000 -0.908393 0.281504 0.281504 0.281504
6450.395020 0.000000 1555.094727 0.000000 0.334183 0.000000 -0.942508 0.220022 0.220022 0.220022
6447.887207 0.000000 1574.867798 0.000000 0.555297 0.000000 -0.831652 0.257175 0.257175 0.257175
6445.871094 0.000000 1574.961426 0.000000 0.072498 0.000000 -0.997369 0.286265 0.286265 0.286265
6427.631348 0.000000 1580.928101 0.000000 0.373935 0.000000 -0.927455 0.263860 0.263860 0.263860
6426.378418 0.000000 1575.751953 0.000000 0.051532 0.000000 -0.998671 0.326398 0.326398 0.326398
6437.261230 0.000000 1574.459717 0.000000 0.561609 0.000000 -0.827403 0.265096 0.265096 0.265096
6591.163574 0.000000 1501.268311 0.000000 0.294256 0.000000 -0.955727 0.214777 0.214777 0.214777
6590.499512 0.000000 1497.982300 0.000000 0.181967 0.000000 -0.983305 0.251517 0.251517 0.251517
6585.671875 0.000000 1523.465088 0.000000 0.057305 0.000000 -0.998357 0.328508 0.328508 0.328508
6583.218262 0.000000 1520.730225 0.000000 0.396767 0.000000 -0.917919 0.273621 0.273621 0.273621
6595.837402 0.000000 1492.155884 0.000000 0.500705 0.000000 -0.865618 0.206949 0.206949 0.206949
6606.033691 0.000000 1474.484741 0.000000 0.379518 0.000000 -0.925184 0.218409 0.218409 0.218409
6624.594727 0.000000 1488.232178 0.000000 0.184218 0.000000 -0.982885 0.230648 0.230648 0.230648
6609.817871 0.000000 1487.754883 0.000000 0.123252 0.000000 -0.992375 0.239404 0.239404 0.239404
6593.639160 0.000000 1503.800171 0.000000 0.137696 0.000000 -0.990475 0.235473 0.235473 0.235473
6611.337891 0.000000 1468.752563 0.000000 0.133967 0.000000 -0.990986 0.245651 0.245651 0.245651
6619.159668 0.000000 1522.722290 0.000000 0.299727 0.000000 -0.954025 0.253414 0.253414 0.253414
6604.164062 0.000000 1504.103394 0.000000 0.403638 0.000000 -0.914919 0.244153 0.244153 0.244153
6619.442383 0.000000 1477.016602 0.000000 0.525538 0.000000 -0.850770 0.250788 0.250788 0.250788
6646.205566 0.000000 1503.807007 0.000000 0.260224 0.000000 -0.965548 0.275428 0.275428 0.275428
6628.202637 0.000000 1472.242432 0.000000 0.334611 0.000000 -0.942356 0.322379 0.322379 0.322379
6605.527344 0.000000 1475.637451 0.000000 0.539218 0.000000 -0.842166 0.280293 0.280293 0.280293
6633.855957 0.000000 1469.609375 0.000000 0.229859 0.000000 -0.973224 0.325570 0.325570 0.325570
6655.312988 0.000000 1509.868652 0.000000 0.435490 0.000000 -0.900194 0.304619 0.304619 0.304619
6627.546875 0.000000 1521.553833 0.000000 0.495859 0.000000 -0.868403 0.293492 0.293492 0.293492
6647.669922 0.000000 1502.258423 0.000000 0.210316 0.000000 -0.977633 0.276069 0.276069 0.276069
6608.053223 0.000000 1473.954102 0.000000 0.459642 0.000000 -0.888104 0.270877 0.270877 0.270877
6593.670898 0.000000 1518.514404 0.000000 0.165532 0.000000 -0.986204 0.267007 0.267007 0.267007
6636.773926 0.000000 1504.516846 0.000000 0.568658 0.000000 -0.822574 0.297218 0.297218 0.297218
6633.761719 0.000000 1507.582886 0.000000 0.166775 0.000000 -0.985995 0.297964 0.297964 0.297964
6631.291504 0.000000 1507.599243 0.000000 0.376675 0.000000 -0.926346 0.272002 0.272002 0.272002
6647.966309 0.000000 1504.489502 0.000000 0.183513 0.000000 -0.983017 0.289298 0.289298 0.289298
6635.013184 0.000000 1469.803955 0.000000 0.259573 0.000000 -0.965724 0.324985 0.324985 0.324985
6587.996582 0.000000 1532.347046 0.000000 0.549566 0.000000 -0.835450 0.317110 0.317110 0.317110
6582.395020 0.000000 1535.141357 0.000000 0.488592 0.000000 -0.872512 0.266739 0.266739 0.266739
6588.125488 0.000000 1535.972656 0.000000 0.465865 0.000000 -0.884856 0.261445 0.261445 0.261445
6586.650879 0.000000 1536.256104 0.000000 0.458980 0.000000 -0.888446 0.320278 0.320278 0.320278
6578.000000 0.000000 1528.385986 0.000000 0.540714 0.000000 -0.841207 0.271582 0.271582 0.271582
6655.462891 0.000000 1525.428101 0.000000 0.218351 0.000000 -0.975870 0.242292 0.242292 0.242292
6632.459473 0.000000 1554.597656 0.000000 0.332772 0.000000 -0.943007 0.248658 0.248658 0.248658
6601.453613 0.000000 1537.748413 0.000000 0.022586 0.000000 -0.999745 0.313961 0.313961 0.313961
6270.572266 0.000000 1632.080322 0.000000 0.403053 0.000000 -0.915177 0.293106 0.293106 0.293106
6307.217285 0.000000 1592.401001 0.000000 0.271060 0.000000 -0.962562 0.218679 0.218679 0.218679
6320.748535 0.000000 1582.974854 0.000000 0.172515 0.000000 -0.985007 0.236420 0.236420 0.236420
6304.594727 0.000000 1601.200928 0.000000 0.328632 0.000000 -0.944458 0.238078 0.238078 0.238078
6292.841797 0.000000 1616.128662 0.000000 0.532225 0.000000 -0.846603 0.235366 0.235366 0.235366
6331.523926 0.000000 1595.021851 0.000000 0.231575 0.000000 -0.972817 0.250364 0.250364 0.250364
6333.505859 0.000000 1589.638916 0.000000 0.370229 0.000000 -0.928941 0.279032 0.279032 0.279032
6289.357910 0.000000 1614.978149 0.000000 0.278910 0.000000 -0.960317 0.322672 0.322672 0.322672
6302.762207 0.000000 1603.731079 0.000000 0.507951 0.000000 -0.861386 0.274551 0.274551 0.274551
6326.646973 0.000000 1600.051147 0.000000 0.159169 0.000000 -0.987251 0.300029 0.300029 0.300029
6273.803711 0.000000 1633.888550 0.000000 0.112158 0.000000 -0.993690 0.275372 0.275372 0.275372
6330.833496 0.000000 1600.971680 0.000000 0.344526 0.000000 -0.938777 0.308088 0.308088 0.308088
6292.037109 0.000000 1621.311157 0.000000 0.272763 0.000000 -0.962081 0.283562 0.283562 0.283562
6337.451660 0.000000 1590.954956 0.000000 0.278273 0.000000 -0.960502 0.209009 0.209009 0.209009
6394.561523 0.000000 1613.321777 0.000000 0.298171 0.000000 -0.954513 0.219700 0.219700 0.219700
6385.262695 0.000000 1636.123535 0.000000 0.571204 0.000000 -0.820808 0.217924 0.217924 0.217924
6396.034180 0.000000 1629.385742 0.000000 0.394229 0.000000 -0.919012 0.216442 0.216442 0.216442
6382.236328 0.000000 1637.418945 0.000000 0.235977 0.000000 -0.971759 0.261086 0.261086 0.261086
6382.953613 0.000000 1634.962036 0.000000 0.522860 0.000000 -0.852419 0.258840 0.258840 0.258840
6350.755859 0.000000 1591.010620 0.000000 0.575920 0.000000 -0.817506 0.264273 0.264273 0.264273
6346.359863 0.000000 1589.380005 0.000000 0.578004 0.000000 -0.816034 0.317336 0.317336 0.317336
6349.527344 0.000000 1588.606201 0.000000 0.513029 0.000000 -0.858371 0.319248 0.319248 0.319248
6348.748535 0.000000 1587.257690 0.000000 0.453603 0.000000 -0.891204 0.319361 0.319361 0.319361
6381.674805 0.000000 1651.050293 0.000000 0.552761 0.000000 -0.833340 0.231479 0.231479 0.231479
6395.523926 0.000000 1651.506226 0.000000 0.565927 0.000000 -0.824455 0.236213 0.236213 0.236213
6391.696777 0.000000 1647.332764 0.000000 0.370996 0.000000 -0.928634 0.264525 0.264525 0.264525
6383.249023 0.000000 1660.784180 0.000000 0.510753 0.000000 -0.859728 0.318832 0.318832 0.318832
6380.330078 0.000000 1656.811768 0.000000 0.508173 0.000000 -0.861255 0.295792 0.295792 0.295792
6392.930664 0.000000 1650.447021 0.000000 0.088426 0.000000 -0.996083 0.257615 0.257615 0.257615
6386.833984 0.000000 1646.627197 0.000000 0.252690 0.000000 -0.967547 0.323348 0.323348 0.323348
6381.140625 0.000000 1657.659424 0.000000 0.099462 0.000000 -0.995041 0.302225 0.302225 0.302225
6383.740234 0.000000 1653.185425 0.000000 0.261649 0.000000 -0.965163 0.290125 0.290125 0.290125
6389.988770 0.000000 1649.286133 0.000000 0.520959 0.000000 -0.853582 0.317581 0.317581 0.317581
6371.217285 0.000000 1705.369751 0.000000 0.277277 0.000000 -0.960790 0.218008 0.218008 0.218008
6354.265625 0.000000 1697.239868 0.000000 0.369776 0.000000 -0.929121 0.266426 0.266426 0.266426
6428.947754 0.000000 1611.634277 0.000000 0.170880 0.000000 -0.985292 0.209675 0.209675 0.209675
6423.408203 0.000000 1593.400635 0.000000 0.220278 0.000000 -0.975437 0.209428 0.209428 0.209428
6424.891602 0.000000 1627.917603 0.000000 0.234585 0.000000 -0.972096 0.228329 0.228329 0.228329
6433.519531 0.000000 1589.423462 0.000000 0.586019 0.000000 -0.810298 0.224442 0.224442 0.224442
6400.043457 0.000000 1605.813599 0.000000 0.165990 0.000000 -0.986127 0.240902 0.240902 0.240902
6415.354980 0.000000 1627.784546 0.000000 0.309699 0.000000 -0.950835 0.248279 0.248279 0.248279
6442.059082 0.000000 1616.845459 0.000000 0.126405 0.000000 -0.991979 0.240009 0.240009 0.240009
6443.818848 0.000000 1619.064331 0.000000 0.278926 0.000000 -0.960313 0.251122 0.251122 0.251122
6436.687500 0.000000 1632.132690 0.000000 0.445567 0.000000 -0.895248 0.320557 0.320557 0.320557
6410.112793 0.000000 1618.719360 0.000000 0.100927 0.000000 -0.994894 0.322614 0.322614 0.322614
6414.365723 0.000000 1624.559814 0.000000 0.506842 0.000000 -0.862039 0.284545 0.284545 0.284545
6414.943359 0.000000 1622.157104 0.000000 0.538497 0.000000 -0.842628 0.319027 0.319027 0.319027
6417.052246 0.000000 1624.367065 0.000000 0.522715 0.000000 -0.852508 0.319457 0.319457 0.319457
6419.389160 0.000000 1594.145386 0.000000 0.027410 0.000000 -0.999624 0.277720 0.277720 0.277720
6412.518066 0.000000 1610.152832 0.000000 0.132086 0.000000 -0.991238 0.326177 0.326177 0.326177
6428.237305 0.000000 1585.537842 0.000000 0.047359 0.000000 -0.998878 0.276822 0.276822 0.276822
6441.761719 0.000000 1620.551636 0.000000 0.302996 0.000000 -0.952992 0.323979 0.323979 0.323979
6437.261230 0.000000 1630.944092 0.000000 0.005278 0.000000 -0.999986 0.326968 0.326968 0.326968
6412.067383 0.000000 1581.649536 0.000000 0.067138 0.000000 -0.997744 0.326070 0.326070 0.326070
6412.499512 0.000000 1620.945435 0.000000 0.580846 0.000000 -0.814013 0.318163 0.318163 0.318163
6426.957520 0.000000 1644.673706 0.000000 0.568645 0.000000 -0.822583 0.234963 0.234963 0.234963
6430.228516 0.000000 1638.058472 0.000000 0.397273 0.000000 -0.917700 0.292563 0.292563 0.292563
6704.580566 0.000000 1442.550171 0.000000 0.501025 0.000000 -0.865433 0.207051 0.207051 0.207051
6661.854492 0.000000 1446.862549 0.000000 0.396621 0.000000 -0.917983 0.254819 0.254819 0.254819
6710.834961 0.000000 1449.783936 0.000000 0.426591 0.000000 -0.904445 0.255710 0.255710 0.255710
6687.786621 0.000000 1445.830811 0.000000 0.516584 0.000000 -0.856236 0.265732 0.265732 0.265732
6692.687500 0.000000 1462.679565 0.000000 0.418565 0.000000 -0.908187 0.321752 0.321752 0.321752
6675.222656 0.000000 1453.942383 0.000000 0.543510 0.000000 -0.839402 0.318280 0.318280 0.318280
6690.360840 0.000000 1457.482544 0.000000 0.237317 0.000000 -0.971432 0.293050 0.293050 0.293050
6690.421875 0.000000 1448.601318 0.000000 0.574318 0.000000 -0.818632 0.271077 0.271077 0.271077
6692.531250 0.000000 1456.255371 0.000000 0.170899 0.000000 -0.985289 0.326039 0.326039 0.326039
6722.069824 0.000000 1436.931030 0.000000 0.149100 0.000000 -0.988822 0.221522 0.221522 0.221522
6721.945801 0.000000 1428.413208 0.000000 0.460587 0.000000 -0.887615 0.239210 0.239210 0.239210
6723.149902 0.000000 1457.902710 0.000000 0.144034 0.000000 -0.989573 0.282722 0.282722 0.282722
6828.134277 0.000000 1390.606323 0.000000 0.232442 0.000000 -0.972610 0.291832 0.291832 0.291832
6823.595215 0.000000 1398.722900 0.000000 0.506674 0.000000 -0.862138 0.302100 0.302100 0.302100
6829.039062 0.000000 1393.048340 0.000000 0.171754 0.000000 -0.985140 0.310923 0.310923 0.310923
6812.838379 0.000000 1437.176758 0.000000 0.555007 0.000000 -0.831846 0.208995 0.208995 0.208995
6830.245605 0.000000 1432.031860 0.000000 0.586297 0.000000 -0.810096 0.224439 0.224439 0.224439
6823.243164 0.000000 1463.009644 0.000000 0.299028 0.000000 -0.954244 0.259724 0.259724 0.259724
6824.166504 0.000000 1424.715454 0.000000 0.436025 0.000000 -0.899935 0.267448 0.267448 0.267448
6825.821777 0.000000 1426.566406 0.000000 0.428702 0.000000 -0.903446 0.256308 0.256308 0.256308
6823.071777 0.000000 1461.827515 0.000000 0.204462 0.000000 -0.978875 0.307792 0.307792 0.307792
6871.491699 0.000000 1412.740845 0.000000 0.326036 0.000000 -0.945357 0.208102 0.208102 0.208102
6884.575195 0.000000 1414.498413 0.000000 0.550888 0.000000 -0.834579 0.206853 0.206853 0.206853
6856.614258 0.000000 1425.638184 0.000000 0.180120 0.000000 -0.983645 0.211911 0.211911 0.211911
6850.627930 0.000000 1440.816528 0.000000 0.370194 0.000000 -0.928954 0.213564 0.213564 0.213564
6850.269043 0.000000 1465.543213 0.000000 0.272933 0.000000 -0.962033 0.218664 0.218664 0.218664
6869.555664 0.000000 1416.194458 0.000000 0.571044 0.000000 -0.820919 0.242870 0.242870 0.242870
6862.035156 0.000000 1438.109009 0.000000 0.305367 0.000000 -0.952235 0.247070 0.247070 0.247070
6861.467285 0.000000 1460.756226 0.000000 0.282978 0.000000 -0.959127 0.237271 0.237271 0.237271
6867.737305 0.000000 1418.591064 0.000000 0.325444 0.000000 -0.945561 0.318072 0.318072 0.318072
6858.865723 0.000000 1427.200195 0.000000 0.416029 0.000000 -0.909351 0.272730 0.272730 0.272730
6866.317871 0.000000 1447.352051 0.000000 0.143688 0.000000 -0.989623 0.292449 0.292449 0.292449
6708.014648 0.000000 1477.437012 0.000000 0.065368 0.000000 -0.997861 0.210298 0.210298 0.210298
6711.819336 0.000000 1487.424683 0.000000 0.511881 0.000000 -0.859056 0.207121 0.207121 0.207121
6712.473633 0.000000 1476.724487 0.000000 0.094455 0.000000 -0.995529 0.213157 0.213157 0.213157
6716.727539 0.000000 1471.088257 0.000000 0.365195 0.000000 -0.930931 0.214219 0.214219 0.214219
6699.071777 0.000000 1479.172241 0.000000 0.467504 0.000000 -0.883991 0.223774 0.223774 0.223774
6661.809082 0.000000 1524.076904 0.000000 0.520166 0.000000 -0.854065 0.236722 0.236722 0.236722
6715.523926 0.000000 1482.053101 0.000000 0.583673 0.000000 -0.811989 0.244549 0.244549 0.244549
6699.440918 0.000000 1476.282104 0.000000 0.419883 0.000000 -0.907578 0.248944 0.248944 0.248944
6715.503906 0.000000 1470.499023 0.000000 0.428696 0.000000 -0.903449 0.266294 0.266294 0.266294
6717.613770 0.000000 1495.164917 0.000000 0.509442 0.000000 -0.860505 0.318705 0.318705 0.318705
6671.853516 0.000000 1483.331055 0.000000 0.374294 0.000000 -0.927310 0.280872 0.280872 0.280872
6664.362793 0.000000 1524.378784 0.000000 0.348992 0.000000 -0.937126 0.321600 0.321600 0.321600
6697.447266 0.000000 1485.499146 0.000000 0.093552 0.000000 -0.995614 0.295766 0.295766 0.295766
6680.183105 0.000000 1490.281250 0.000000 0.455347 0.000000 -0.890314 0.312516 0.312516 0.312516
6746.914551 0.000000 1520.297607 0.000000 0.527034 0.000000 -0.849844 0.317801 0.317801 0.317801
6756.170898 0.000000 1522.990356 0.000000 0.460997 0.000000 -0.887402 0.320850 0.320850 0.320850
6749.995605 0.000000 1493.159912 0.000000 0.201689 0.000000 -0.979450 0.324278 0.324278 0.324278
6755.590332 0.000000 1514.482056 0.000000 0.022094 0.000000 -0.999756 0.262203 0.262203 0.262203
6726.969727 0.000000 1500.917847 0.000000 0.141838 0.000000 -0.989890 0.321258 0.321258 0.321258
6763.446289 0.000000 1510.205322 0.000000 0.476685 0.000000 -0.879074 0.267524 0.267524 0.267524
6762.127930 0.000000 1516.046997 0.000000 0.254928 0.000000 -0.966960 0.322569 0.322569 0.322569
6760.275879 0.000000 1517.366333 0.000000 0.214165 0.000000 -0.976798 0.272179 0.272179 0.272179
6727.807129 0.000000 1501.795410 0.000000 0.200862 0.000000 -0.979620 0.320249 0.320249 0.320249
6747.464355 0.000000 1494.158203 0.000000 0.255783 0.000000 -0.966734 0.323635 0.323635 0.323635
6665.063965 0.000000 1555.540161 0.000000 0.290484 0.000000 -0.956880 0.208347 0.208347 0.208347
6665.604492 0.000000 1552.532471 0.000000 0.332924 0.000000 -0.942953 0.208362 0.208362 0.208362
6685.958984 0.000000 1535.278442 0.000000 0.069873 0.000000 -0.997556 0.210492 0.210492 0.210492
6657.726074 0.000000 1567.982544 0.000000 0.089674 0.000000 -0.995971 0.228936 0.228936 0.228936
6680.325195 0.000000 1574.218384 0.000000 0.172656 0.000000 -0.984982 0.248439 0.248439 0.248439
6660.993652 0.000000 1549.261230 0.000000 0.258852 0.000000 -0.965917 0.257023 0.257023 0.257023
6687.169922 0.000000 1538.315796 0.000000 0.472527 0.000000 -0.881316 0.264468 0.264468 0.264468
6717.982422 0.000000 1536.603027 0.000000 0.148918 0.000000 -0.988850 0.304748 0.304748 0.304748
6686.868164 0.000000 1545.820312 0.000000 0.548055 0.000000 -0.836442 0.254195 0.254195 0.254195
6662.282227 0.000000 1571.132568 0.000000 0.220720 0.000000 -0.975337 0.323175 0.323175 0.323175
6776.550781 0.000000 1557.937256 0.000000 0.444841 0.000000 -0.895610 0.207176 0.207176 0.207176
6759.465820 0.000000 1534.963867 0.000000 0.296280 0.000000 -0.955101 0.219096 0.219096 0.219096
6744.887695 0.000000 1566.678345 0.000000 0.414282 0.000000 -0.910149 0.221187 0.221187 0.221187
6749.739258 0.000000 1546.541260 0.000000 0.497956 0.000000 -0.867202 0.216167 0.216167 0.216167
6775.893555 0.000000 1568.582886 0.000000 0.383561 0.000000 -0.923515 0.221455 0.221455 0.221455
6779.262207 0.000000 1547.214111 0.000000 0.513073 0.000000 -0.858345 0.226395 0.226395 0.226395
6723.050781 0.000000 1528.472412 0.000000 0.030772 0.000000 -0.999526 0.241539 0.241539 0.241539
6723.916016 0.000000 1529.691162 0.000000 0.319972 0.000000 -0.947427 0.238787 0.238787 0.238787
6743.838867 0.000000 1556.101807 0.000000 0.211399 0.000000 -0.977400 0.244884 0.244884 0.244884
6726.251953 0.000000 1564.218628 0.000000 0.299398 0.000000 -0.954128 0.267940 0.267940 0.267940
6772.467773 0.000000 1546.202881 0.000000 0.067728 0.000000 -0.997704 0.328706 0.328706 0.328706
6764.736816 0.000000 1527.900146 0.000000 0.166185 0.000000 -0.986095 0.324919 0.324919 0.324919
6757.123047 0.000000 1564.240112 0.000000 0.004339 0.000000 -0.999991 0.266938 0.266938 0.266938
6760.923828 0.000000 1531.776245 0.000000 0.230295 0.000000 -0.973121 0.261786 0.261786 0.261786
6773.656738 0.000000 1547.721558 0.000000 0.062169 0.000000 -0.998066 0.328812 0.328812 0.328812
6754.136719 0.000000 1553.201904 0.000000 0.240222 0.000000 -0.970718 0.263577 0.263577 0.263577
6774.847168 0.000000 1567.940063 0.000000 0.290058 0.000000 -0.957009 0.322515 0.322515 0.322515
6751.121582 0.000000 1556.338379 0.000000 0.435317 0.000000 -0.900277 0.263708 0.263708 0.263708
6754.942871 0.000000 1563.512939 0.000000 0.138506 0.000000 -0.990362 0.327132 0.327132 0.327132
6752.590820 0.000000 1552.218994 0.000000 0.031003 0.000000 -0.999519 0.313827 0.313827 0.313827
6777.484375 0.000000 1566.093994 0.000000 0.418160 0.000000 -0.908373 0.276469 0.276469 0.276469
6758.214844 0.000000 1537.707886 0.000000 0.140125 0.000000 -0.990134 0.326779 0.326779 0.326779
6824.388184 0.000000 1518.595337 0.000000 0.462269 0.000000 -0.886740 0.229959 0.229959 0.229959
6826.844238 0.000000 1477.493652 0.000000 0.475101 0.000000 -0.879931 0.318812 0.318812 0.318812
6832.334961 0.000000 1484.697144 0.000000 0.372425 0.000000 -0.928062 0.322400 0.322400 0.322400
6819.792969 0.000000 1469.570312 0.000000 0.510971 0.000000 -0.859598 0.318556 0.318556 0.318556
6818.956543 0.000000 1489.823853 0.000000 0.054878 0.000000 -0.998493 0.327021 0.327021 0.327021
6821.606445 0.000000 1471.513184 0.000000 0.098798 0.000000 -0.995107 0.326567 0.326567 0.326567
6829.243652 0.000000 1477.455811 0.000000 0.123077 0.000000 -0.992397 0.310389 0.310389 0.310389
6852.948730 0.000000 1468.708862 0.000000 0.076751 0.000000 -0.997050 0.210182 0.210182 0.210182
6879.967773 0.000000 1486.793457 0.000000 0.556754 0.000000 -0.830677 0.235096 0.235096 0.235096
6885.374023 0.000000 1531.044678 0.000000 0.297155 0.000000 -0.954829 0.239636 0.239636 0.239636
6902.041992 0.000000 1525.120483 0.000000 0.372483 0.000000 -0.928039 0.253849 0.253849 0.253849
6857.453613 0.000000 1537.748413 0.000000 0.488029 0.000000 -0.872827 0.272349 0.272349 0.272349
6867.206055 0.000000 1533.909912 0.000000 0.245416 0.000000 -0.969418 0.297442 0.297442 0.297442
6969.728516 0.000000 1437.504028 0.000000 0.468496 0.000000 -0.883466 0.236661 0.236661 0.236661
7043.329590 0.000000 1447.537720 0.000000 0.228357 0.000000 -0.973577 0.240935 0.240935 0.240935
7164.013184 0.000000 1426.974121 0.000000 0.514542 0.000000 -0.857465 0.207125 0.207125 0.207125
7128.887695 0.000000 1453.709595 0.000000 0.366031 0.000000 -0.930603 0.219755 0.219755 0.219755
7112.859375 0.000000 1449.596436 0.000000 0.213827 0.000000 -0.976872 0.233526 0.233526 0.233526
7109.351074 0.000000 1450.235352 0.000000 0.581178 0.000000 -0.813776 0.220249 0.220249 0.220249
7164.312988 0.000000 1435.864258 0.000000 0.208912 0.000000 -0.977934 0.232943 0.232943 0.232943
7144.469727 0.000000 1431.374634 0.000000 0.378485 0.000000 -0.925607 0.239447 0.239447 0.239447
7164.055664 0.000000 1418.026733 0.000000 0.171024 0.000000 -0.985267 0.249090 0.249090 0.249090
7121.977051 0.000000 1441.578613 0.000000 0.461655 0.000000 -0.887060 0.262744 0.262744 0.262744
7155.413574 0.000000 1431.659912 0.000000 0.060016 0.000000 -0.998197 0.298212 0.298212 0.298212
7131.792969 0.000000 1441.550171 0.000000 0.302114 0.000000 -0.953272 0.323429 0.323429 0.323429
7157.096680 0.000000 1426.019775 0.000000 0.272316 0.000000 -0.962208 0.293180 0.293180 0.293180
7149.494141 0.000000 1453.749756 0.000000 0.130904 0.000000 -0.991395 0.282894 0.282894 0.282894
7123.222656 0.000000 1453.942383 0.000000 0.111951 0.000000 -0.993714 0.259925 0.259925 0.259925
7112.362793 0.000000 1467.894409 0.000000 0.002912 0.000000 -0.999996 0.293103 0.293103 0.293103
7151.663086 0.000000 1429.192627 0.000000 0.335894 0.000000 -0.941900 0.268747 0.268747 0.268747
7165.255859 0.000000 1433.199341 0.000000 0.349821 0.000000 -0.936816 0.285025 0.285025 0.285025
7123.400879 0.000000 1468.082397 0.000000 0.568323 0.000000 -0.822806 0.318021 0.318021 0.318021
7164.561035 0.000000 1431.613281 0.000000 0.208653 0.000000 -0.977990 0.317501 0.317501 0.317501
7154.699707 0.000000 1443.162354 0.000000 0.271611 0.000000 -0.962407 0.324310 0.324310 0.324310
7124.545898 0.000000 1444.269775 0.000000 0.493147 0.000000 -0.869946 0.299823 0.299823 0.299823
6999.035156 0.000000 1479.030884 0.000000 0.105537 0.000000 -0.994415 0.258072 0.258072 0.258072
7070.952637 0.000000 1488.106079 0.000000 0.298440 0.000000 -0.954428 0.208735 0.208735 0.208735
7103.163574 0.000000 1501.268311 0.000000 0.418026 0.000000 -0.908435 0.216243 0.216243 0.216243
7097.864746 0.000000 1497.184937 0.000000 0.503309 0.000000 -0.864107 0.230774 0.230774 0.230774
7101.256836 0.000000 1473.958496 0.000000 0.447387 0.000000 -0.894340 0.254837 0.254837 0.254837
7087.249023 0.000000 1491.331055 0.000000 0.538662 0.000000 -0.842522 0.310302 0.310302 0.310302
7086.356934 0.000000 1485.890747 0.000000 0.559493 0.000000 -0.828835 0.292399 0.292399 0.292399
7087.663086 0.000000 1485.677002 0.000000 0.346641 0.000000 -0.937998 0.295896 0.295896 0.295896
7101.255859 0.000000 1489.683716 0.000000 0.435061 0.000000 -0.900401 0.321404 0.321404 0.321404
7089.437988 0.000000 1484.768677 0.000000 0.158361 0.000000 -0.987381 0.319006 0.319006 0.319006
7108.756836 0.000000 1487.386963 0.000000 0.506934 0.000000 -0.861985 0.212438 0.212438 0.212438
7146.439941 0.000000 1480.817627 0.000000 0.325037 0.000000 -0.945701 0.236866 0.236866 0.236866
7131.133789 0.000000 1472.123901 0.000000 0.329929 0.000000 -0.944006 0.240560 0.240560 0.240560
7129.036621 0.000000 1493.528687 0.000000 0.212053 0.000000 -0.977258 0.251202 0.251202 0.251202
7144.696289 0.000000 1478.841309 0.000000 0.182094 0.000000 -0.983281 0.273859 0.273859 0.273859
7109.575684 0.000000 1489.942261 0.000000 0.309023 0.000000 -0.951055 0.252682 0.252682 0.252682
7121.011230 0.000000 1469.930908 0.000000 0.284722 0.000000 -0.958610 0.284674 0.284674 0.284674
7145.447266 0.000000 1485.499146 0.000000 0.265136 0.000000 -0.964211 0.286228 0.286228 0.286228
7122.082520 0.000000 1468.656006 0.000000 0.511742 0.000000 -0.859139 0.319276 0.319276 0.319276
6716.832520 0.000000 1613.884277 0.000000 0.181146 0.000000 -0.983456 0.209534 0.209534 0.209534
6676.805176 0.000000 1581.630005 0.000000 0.168004 0.000000 -0.985786 0.212622 0.212622 0.212622
6675.350098 0.000000 1583.916382 0.000000 0.434061 0.000000 -0.900883 0.229002 0.229002 0.229002
6691.032227 0.000000 1599.198608 0.000000 0.086437 0.000000 -0.996257 0.263422 0.263422 0.263422
6717.039062 0.000000 1599.903687 0.000000 0.204851 0.000000 -0.978793 0.260805 0.260805 0.260805
6716.871582 0.000000 1610.757324 0.000000 0.115184 0.000000 -0.993344 0.321051 0.321051 0.321051
6714.650879 0.000000 1592.740479 0.000000 0.463931 0.000000 -0.885871 0.312356 0.312356 0.312356
6712.213867 0.000000 1593.089722 0.000000 0.167252 0.000000 -0.985914 0.279836 0.279836 0.279836
6750.190918 0.000000 1618.616333 0.000000 0.027501 0.000000 -0.999622 0.232637 0.232637 0.232637
6735.217285 0.000000 1613.711060 0.000000 0.302027 0.000000 -0.953299 0.252759 0.252759 0.252759
6747.790527 0.000000 1600.316040 0.000000 0.485470 0.000000 -0.874253 0.250042 0.250042 0.250042
6725.597168 0.000000 1608.449219 0.000000 0.085890 0.000000 -0.996305 0.260211 0.260211 0.260211
6774.205566 0.000000 1616.775757 0.000000 0.159703 0.000000 -0.987165 0.300672 0.300672 0.300672
6756.202637 0.000000 1585.211182 0.000000 0.507993 0.000000 -0.861361 0.280158 0.280158 0.280158
6728.396484 0.000000 1620.343140 0.000000 0.584669 0.000000 -0.811272 0.270302 0.270302 0.270302
6739.206055 0.000000 1590.394287 0.000000 0.312139 0.000000 -0.950036 0.321684 0.321684 0.321684
6751.890137 0.000000 1627.803711 0.000000 0.207498 0.000000 -0.978235 0.294775 0.294775 0.294775
6759.150391 0.000000 1634.941650 0.000000 0.267846 0.000000 -0.963462 0.284910 0.284910 0.284910
6756.531250 0.000000 1625.708496 0.000000 0.144512 0.000000 -0.989503 0.325308 0.325308 0.325308
6758.686523 0.000000 1638.352661 0.000000 0.578040 0.000000 -0.816009 0.206386 0.206386 0.206386
6742.077637 0.000000 1655.221558 0.000000 0.251157 0.000000 -0.967946 0.209173 0.209173 0.209173
6738.929199 0.000000 1643.521118 0.000000 0.171535 0.000000 -0.985178 0.233277 0.233277 0.233277
6737.011230 0.000000 1639.384033 0.000000 0.498930 0.000000 -0.866642 0.252968 0.252968 0.252968
6756.202637 0.000000 1641.695557 0.000000 0.341331 0.000000 -0.939943 0.322935 0.322935 0.322935
6750.669434 0.000000 1653.663330 0.000000 0.448134 0.000000 -0.893966 0.310743 0.310743 0.310743
6761.447266 0.000000 1654.952271 0.000000 0.006529 0.000000 -0.999979 0.270162 0.270162 0.270162
6738.265625 0.000000 1640.755493 0.000000 0.033610 0.000000 -0.999435 0.324422 0.324422 0.324422
6785.803711 0.000000 1633.888550 0.000000 0.027473 0.000000 -0.999623 0.266674 0.266674 0.266674
6798.558105 0.000000 1634.435303 0.000000 0.157096 0.000000 -0.987583 0.278678 0.278678 0.278678
6798.414551 0.000000 1630.840576 0.000000 0.433541 0.000000 -0.901134 0.290097 0.290097 0.290097
6787.916016 0.000000 1642.659912 0.000000 0.427656 0.000000 -0.903942 0.234614 0.234614 0.234614
6899.402344 0.000000 1692.014160 0.000000 0.308001 0.000000 -0.951386 0.208415 0.208415 0.208415
6889.205566 0.000000 1694.503174 0.000000 0.536322 0.000000 -0.844014 0.243283 0.243283 0.243283
6899.649902 0.000000 1690.668457 0.000000 0.447405 0.000000 -0.894331 0.249871 0.249871 0.249871
6770.842773 0.000000 1712.401245 0.000000 0.529855 0.000000 -0.848088 0.206647 0.206647 0.206647
6777.728516 0.000000 1719.925903 0.000000 0.369084 0.000000 -0.929396 0.242653 0.242653 0.242653
6911.825195 0.000000 1707.783936 0.000000 0.178623 0.000000 -0.983918 0.231955 0.231955 0.231955
6894.722168 0.000000 1742.342896 0.000000 0.429575 0.000000 -0.903031 0.265657 0.265657 0.265657
6908.125488 0.000000 1705.425781 0.000000 0.144297 0.000000 -0.989534 0.271754 0.271754 0.271754
6894.873535 0.000000 1743.632690 0.000000 0.469143 0.000000 -0.883122 0.265135 0.265135 0.265135
6908.196777 0.000000 1704.301147 0.000000 0.536134 0.000000 -0.844133 0.266696 0.266696 0.266696
6896.327148 0.000000 1749.834351 0.000000 0.583623 0.000000 -0.812025 0.310659 0.310659 0.310659
6898.789551 0.000000 1763.102905 0.000000 0.098729 0.000000 -0.995114 0.209591 0.209591 0.209591
6902.173828 0.000000 1757.199829 0.000000 0.581213 0.000000 -0.813752 0.206265 0.206265 0.206265
6894.245605 0.000000 1770.938110 0.000000 0.562714 0.000000 -0.826652 0.223465 0.223465 0.223465
6883.030762 0.000000 1774.910034 0.000000 0.142815 0.000000 -0.989749 0.243659 0.243659 0.243659
6880.387695 0.000000 1760.309082 0.000000 0.563962 0.000000 -0.825801 0.271852 0.271852 0.271852
6878.762207 0.000000 1773.184204 0.000000 0.532400 0.000000 -0.846493 0.258097 0.258097 0.258097
6901.270996 0.000000 1754.315796 0.000000 0.376911 0.000000 -0.926249 0.271999 0.271999 0.271999
6853.217285 0.000000 1799.164673 0.000000 0.092185 0.000000 -0.995742 0.282752 0.282752 0.282752
6881.173340 0.000000 1775.412842 0.000000 0.037212 0.000000 -0.999307 0.327049 0.327049 0.327049
6959.868652 0.000000 1686.457886 0.000000 0.567037 0.000000 -0.823692 0.206476 0.206476 0.206476
6937.742188 0.000000 1667.098145 0.000000 0.267405 0.000000 -0.963584 0.251246 0.251246 0.251246
6958.797363 0.000000 1689.849976 0.000000 0.582840 0.000000 -0.812587 0.259870 0.259870 0.259870
6971.628418 0.000000 1681.722412 0.000000 0.407848 0.000000 -0.913050 0.283546 0.283546 0.283546
6948.191406 0.000000 1649.751831 0.000000 0.024288 0.000000 -0.999705 0.253792 0.253792 0.253792
6951.871094 0.000000 1658.482422 0.000000 0.085805 0.000000 -0.996312 0.266650 0.266650 0.266650
6958.722168 0.000000 1685.858521 0.000000 0.475602 0.000000 -0.879661 0.278774 0.278774 0.278774
6949.123047 0.000000 1677.208862 0.000000 0.388628 0.000000 -0.921395 0.315651 0.315651 0.315651
6961.639160 0.000000 1693.803589 0.000000 0.480142 0.000000 -0.877191 0.270591 0.270591 0.270591
6933.902344 0.000000 1683.533325 0.000000 0.216503 0.000000 -0.976282 0.261309 0.261309 0.261309
6960.248535 0.000000 1691.852173 0.000000 0.312005 0.000000 -0.950080 0.284929 0.284929 0.284929
6923.890137 0.000000 1688.779907 0.000000 0.376750 0.000000 -0.926315 0.280205 0.280205 0.280205
6955.550781 0.000000 1687.754150 0.000000 0.041903 0.000000 -0.999122 0.272990 0.272990 0.272990
6960.327148 0.000000 1693.349976 0.000000 0.462083 0.000000 -0.886837 0.270843 0.270843 0.270843
6945.173340 0.000000 1662.444092 0.000000 0.273600 0.000000 -0.961844 0.323205 0.323205 0.323205
6956.016602 0.000000 1696.279907 0.000000 0.226136 0.000000 -0.974096 0.221530 0.221530 0.221530
6948.560547 0.000000 1708.587036 0.000000 0.185998 0.000000 -0.982550 0.228748 0.228748 0.228748
6961.237305 0.000000 1707.737915 0.000000 0.359420 0.000000 -0.933176 0.226608 0.226608 0.226608
6920.627441 0.000000 1734.555664 0.000000 0.458452 0.000000 -0.888719 0.237382 0.237382 0.237382
6960.663086 0.000000 1713.187134 0.000000 0.294047 0.000000 -0.955791 0.250330 0.250330 0.250330
6931.737305 0.000000 1701.012939 0.000000 0.260464 0.000000 -0.965484 0.254477 0.254477 0.254477
6958.200195 0.000000 1695.640991 0.000000 0.167520 0.000000 -0.985869 0.259311 0.259311 0.259311
6951.871094 0.000000 1714.966797 0.000000 0.228743 0.000000 -0.973487 0.255457 0.255457 0.255457
6929.255371 0.000000 1704.819702 0.000000 0.103674 0.000000 -0.994611 0.284550 0.284550 0.284550
6960.795410 0.000000 1704.556274 0.000000 0.311598 0.000000 -0.950214 0.290679 0.290679 0.290679
6963.336914 0.000000 1716.642944 0.000000 0.159442 0.000000 -0.987207 0.283810 0.283810 0.283810
6924.654785 0.000000 1698.235718 0.000000 0.428396 0.000000 -0.903591 0.300935 0.300935 0.300935
6921.062988 0.000000 1736.511230 0.000000 0.404862 0.000000 -0.914378 0.299423 0.299423 0.299423
6936.077637 0.000000 1760.412109 0.000000 0.483458 0.000000 -0.875368 0.209594 0.209594 0.209594
6945.762207 0.000000 1772.913452 0.000000 0.098204 0.000000 -0.995166 0.262646 0.262646 0.262646
6936.179688 0.000000 1791.623901 0.000000 0.236513 0.000000 -0.971628 0.268713 0.268713 0.268713
6934.176758 0.000000 1788.438599 0.000000 0.096803 0.000000 -0.995304 0.266523 0.266523 0.266523
6938.672852 0.000000 1789.291016 0.000000 0.087772 0.000000 -0.996141 0.290623 0.290623 0.290623
7187.343262 0.000000 1124.804199 0.000000 0.148406 0.000000 -0.988927 0.231590 0.231590 0.231590
7174.966309 0.000000 1121.073120 0.000000 0.217306 0.000000 -0.976103 0.292695 0.292695 0.292695
7225.671875 0.000000 1128.074463 0.000000 0.133715 0.000000 -0.991020 0.327439 0.327439 0.327439
7205.123047 0.000000 1112.365112 0.000000 0.054783 0.000000 -0.998498 0.258620 0.258620 0.258620
7216.248535 0.000000 1127.008423 0.000000 0.486917 0.000000 -0.873448 0.263033 0.263033 0.263033
7231.644043 0.000000 1129.223633 0.000000 0.238067 0.000000 -0.971249 0.325210 0.325210 0.325210
7289.206055 0.000000 1082.829590 0.000000 0.560298 0.000000 -0.828291 0.233227 0.233227 0.233227
7287.779785 0.000000 1096.389282 0.000000 0.539122 0.000000 -0.842228 0.277809 0.277809 0.277809
7317.843750 0.000000 1067.003418 0.000000 0.321451 0.000000 -0.946926 0.225705 0.225705 0.225705
7342.867676 0.000000 1047.178345 0.000000 0.316655 0.000000 -0.948541 0.240069 0.240069 0.240069
7338.219238 0.000000 1119.417725 0.000000 0.133318 0.000000 -0.991073 0.217256 0.217256 0.217256
7356.771484 0.000000 1110.287231 0.000000 0.162574 0.000000 -0.986696 0.227691 0.227691 0.227691
7323.159668 0.000000 1127.331665 0.000000 0.457721 0.000000 -0.889096 0.243563 0.243563 0.243563
7334.060059 0.000000 1094.027344 0.000000 0.358841 0.000000 -0.933399 0.242137 0.242137 0.242137
7340.655273 0.000000 1125.128540 0.000000 0.325090 0.000000 -0.945683 0.253760 0.253760 0.253760
7322.203125 0.000000 1105.808960 0.000000 0.364400 0.000000 -0.931243 0.256447 0.256447 0.256447
7340.345703 0.000000 1083.919678 0.000000 0.474781 0.000000 -0.880104 0.319947 0.319947 0.319947
7340.614746 0.000000 1122.459717 0.000000 0.349701 0.000000 -0.936861 0.322450 0.322450 0.322450
7336.398438 0.000000 1082.069580 0.000000 0.213373 0.000000 -0.976971 0.323862 0.323862 0.323862
7341.871094 0.000000 1123.086426 0.000000 0.420180 0.000000 -0.907441 0.321037 0.321037 0.321037
7339.627441 0.000000 1124.386597 0.000000 0.521734 0.000000 -0.853108 0.258855 0.258855 0.258855
7337.849121 0.000000 1083.875244 0.000000 0.425926 0.000000 -0.904758 0.319903 0.319903 0.319903
7340.346191 0.000000 1120.843018 0.000000 0.222554 0.000000 -0.974920 0.314658 0.314658 0.314658
7337.763184 0.000000 1095.223633 0.000000 0.341121 0.000000 -0.940019 0.283879 0.283879 0.283879
7335.854004 0.000000 1084.251587 0.000000 0.458169 0.000000 -0.888865 0.297271 0.297271 0.297271
7322.905273 0.000000 1106.776489 0.000000 0.528359 0.000000 -0.849021 0.301707 0.301707 0.301707
7334.214844 0.000000 1085.832886 0.000000 0.098636 0.000000 -0.995124 0.302893 0.302893 0.302893
7415.638184 0.000000 1088.946533 0.000000 0.104922 0.000000 -0.994480 0.209404 0.209404 0.209404
7387.635742 0.000000 1096.253540 0.000000 0.152305 0.000000 -0.988334 0.209770 0.209770 0.209770
7400.284180 0.000000 1111.669678 0.000000 0.183741 0.000000 -0.982975 0.221872 0.221872 0.221872
7375.590332 0.000000 1125.299561 0.000000 0.119486 0.000000 -0.992836 0.221757 0.221757 0.221757
7410.709961 0.000000 1087.292969 0.000000 0.192948 0.000000 -0.981209 0.221173 0.221173 0.221173
7397.577148 0.000000 1121.371704 0.000000 0.452186 0.000000 -0.891924 0.236215 0.236215 0.236215
7389.948242 0.000000 1114.323486 0.000000 0.576102 0.000000 -0.817378 0.251374 0.251374 0.251374
7383.285645 0.000000 1112.913574 0.000000 0.092486 0.000000 -0.995714 0.297743 0.297743 0.297743
7406.797363 0.000000 1125.006226 0.000000 0.516719 0.000000 -0.856155 0.257067 0.257067 0.257067
7409.121094 0.000000 1125.111206 0.000000 0.291416 0.000000 -0.956596 0.273751 0.273751 0.273751
7419.503906 0.000000 1075.108398 0.000000 0.035283 0.000000 -0.999377 0.299226 0.299226 0.299226
7389.817383 0.000000 1113.082642 0.000000 0.347331 0.000000 -0.937743 0.322178 0.322178 0.322178
7408.827148 0.000000 1117.041016 0.000000 0.002360 0.000000 -0.999997 0.299702 0.299702 0.299702
7383.733887 0.000000 1115.104370 0.000000 0.233447 0.000000 -0.972369 0.277052 0.277052 0.277052
7411.578125 0.000000 1096.440430 0.000000 0.006097 0.000000 -0.999981 0.289115 0.289115 0.289115
7395.980469 0.000000 1120.996704 0.000000 0.152569 0.000000 -0.988293 0.267801 0.267801 0.267801
7385.886230 0.000000 1115.275513 0.000000 0.582049 0.000000 -0.813154 0.275895 0.275895 0.275895
7396.052246 0.000000 1112.646240 0.000000 0.002372 0.000000 -0.999997 0.327664 0.327664 0.327664
7485.190430 0.000000 959.172180 0.000000 0.211760 0.000000 -0.977322 0.268375 0.268375 0.268375
7540.463867 0.000000 918.831848 0.000000 0.238795 0.000000 -0.971070 0.209062 0.209062 0.209062
7531.311523 0.000000 928.897766 0.000000 0.288376 0.000000 -0.957517 0.217920 0.217920 0.217920
7495.440918 0.000000 954.157104 0.000000 0.092722 0.000000 -0.995692 0.222598 0.222598 0.222598
7530.601562 0.000000 955.598572 0.000000 0.335674 0.000000 -0.941978 0.241127 0.241127 0.241127
7535.249023 0.000000 926.487244 0.000000 0.219944 0.000000 -0.975513 0.259362 0.259362 0.259362
7549.145996 0.000000 945.429260 0.000000 0.033424 0.000000 -0.999441 0.305187 0.305187 0.305187
7537.743164 0.000000 943.395813 0.000000 0.352689 0.000000 -0.935741 0.267272 0.267272 0.267272
7532.436035 0.000000 944.905762 0.000000 0.115986 0.000000 -0.993251 0.300670 0.300670 0.300670
7482.305176 0.000000 1004.215820 0.000000 0.066868 0.000000 -0.997762 0.210175 0.210175 0.210175
7449.916992 0.000000 1005.000549 0.000000 0.451460 0.000000 -0.892291 0.207651 0.207651 0.207651
7447.416992 0.000000 1008.167175 0.000000 0.103514 0.000000 -0.994628 0.228819 0.228819 0.228819
7478.203613 0.000000 1000.564819 0.000000 0.180765 0.000000 -0.983526 0.253436 0.253436 0.253436
7481.099121 0.000000 1007.236450 0.000000 0.128400 0.000000 -0.991722 0.279692 0.279692 0.279692
7500.112305 0.000000 975.141113 0.000000 0.005180 0.000000 -0.999987 0.210749 0.210749 0.210749
7502.389160 0.000000 993.619080 0.000000 0.196619 0.000000 -0.980480 0.214280 0.214280 0.214280
7498.416504 0.000000 991.918518 0.000000 0.483078 0.000000 -0.875577 0.231593 0.231593 0.231593
7518.868164 0.000000 980.976624 0.000000 0.466354 0.000000 -0.884598 0.298395 0.298395 0.298395
7490.034668 0.000000 986.320129 0.000000 0.048014 0.000000 -0.998847 0.279416 0.279416 0.279416
7493.862793 0.000000 996.099243 0.000000 0.269721 0.000000 -0.962938 0.279770 0.279770 0.279770
7493.747070 0.000000 993.205322 0.000000 0.080697 0.000000 -0.996739 0.279653 0.279653 0.279653
7444.436035 0.000000 1058.990601 0.000000 0.111738 0.000000 -0.993738 0.213658 0.213658 0.213658
7442.634277 0.000000 1061.987427 0.000000 0.462154 0.000000 -0.886800 0.237960 0.237960 0.237960
7467.008789 0.000000 1043.268188 0.000000 0.236522 0.000000 -0.971626 0.243373 0.243373 0.243373
7487.423340 0.000000 1020.194031 0.000000 0.440438 0.000000 -0.897783 0.251193 0.251193 0.251193
7424.126465 0.000000 1062.401611 0.000000 0.082749 0.000000 -0.996570 0.253827 0.253827 0.253827
7485.256836 0.000000 1022.083496 0.000000 0.205426 0.000000 -0.978673 0.270369 0.270369 0.270369
7443.222656 0.000000 1058.551758 0.000000 0.428228 0.000000 -0.903671 0.261926 0.261926 0.261926
7473.734375 0.000000 1034.827881 0.000000 0.362889 0.000000 -0.931832 0.322773 0.322773 0.322773
7466.742676 0.000000 1040.908447 0.000000 0.444749 0.000000 -0.895655 0.294968 0.294968 0.294968
7180.617676 0.000000 1146.334839 0.000000 0.062836 0.000000 -0.998024 0.229795 0.229795 0.229795
7201.853027 0.000000 1141.452271 0.000000 0.432050 0.000000 -0.901850 0.239512 0.239512 0.239512
7180.289551 0.000000 1143.134888 0.000000 0.175975 0.000000 -0.984395 0.255395 0.255395 0.255395
7185.469238 0.000000 1147.425903 0.000000 0.154362 0.000000 -0.988014 0.239114 0.239114 0.239114
7193.036621 0.000000 1154.622437 0.000000 0.131935 0.000000 -0.991258 0.259705 0.259705 0.259705
7192.136230 0.000000 1150.101685 0.000000 0.078393 0.000000 -0.996922 0.280981 0.280981 0.280981
7185.977051 0.000000 1159.156738 0.000000 0.457656 0.000000 -0.889129 0.311203 0.311203 0.311203
7172.693359 0.000000 1162.327881 0.000000 0.326060 0.000000 -0.945349 0.323657 0.323657 0.323657
7171.610840 0.000000 1131.669312 0.000000 0.132644 0.000000 -0.991164 0.312205 0.312205 0.312205
7180.518066 0.000000 1158.277832 0.000000 0.522535 0.000000 -0.852618 0.289913 0.289913 0.289913
7204.323242 0.000000 1140.188232 0.000000 0.191008 0.000000 -0.981588 0.268624 0.268624 0.268624
7169.237793 0.000000 1166.009521 0.000000 0.074852 0.000000 -0.997195 0.300621 0.300621 0.300621
7175.204590 0.000000 1158.670166 0.000000 0.436227 0.000000 -0.899837 0.310959 0.310959 0.310959
7171.692383 0.000000 1162.988525 0.000000 0.132424 0.000000 -0.991193 0.310897 0.310897 0.310897
7191.371094 0.000000 1229.185791 0.000000 0.513153 0.000000 -0.858297 0.206956 0.206956 0.206956
7202.377441 0.000000 1229.899048 0.000000 0.040453 0.000000 -0.999181 0.260709 0.260709 0.260709
7197.948242 0.000000 1227.292236 0.000000 0.165478 0.000000 -0.986213 0.262528 0.262528 0.262528
7168.361816 0.000000 1207.807861 0.000000 0.014209 0.000000 -0.999899 0.274625 0.274625 0.274625
7189.500000 0.000000 1216.355591 0.000000 0.126163 0.000000 -0.992009 0.290094 0.290094 0.290094
7192.817383 0.000000 1219.205444 0.000000 0.542251 0.000000 -0.840217 0.273418 0.273418 0.273418
7330.937988 0.000000 1160.192505 0.000000 0.023583 0.000000 -0.999722 0.250583 0.250583 0.250583
7342.797363 0.000000 1181.490601 0.000000 0.071861 0.000000 -0.997415 0.252658 0.252658 0.252658
7347.748047 0.000000 1171.142822 0.000000 0.187051 0.000000 -0.982350 0.258458 0.258458 0.258458
7351.950684 0.000000 1167.871460 0.000000 0.155310 0.000000 -0.987866 0.320371 0.320371 0.320371
7343.731934 0.000000 1176.786255 0.000000 0.492734 0.000000 -0.870180 0.305501 0.305501 0.305501
7353.404785 0.000000 1167.331665 0.000000 0.508364 0.000000 -0.861142 0.302069 0.302069 0.302069
7341.887207 0.000000 1168.919434 0.000000 0.007847 0.000000 -0.999969 0.283847 0.283847 0.283847
7336.134277 0.000000 1174.277954 0.000000 0.482672 0.000000 -0.875801 0.270556 0.270556 0.270556
7335.595215 0.000000 1172.785400 0.000000 0.318679 0.000000 -0.947863 0.277203 0.277203 0.277203
7346.433594 0.000000 1167.446045 0.000000 0.402726 0.000000 -0.915321 0.314116 0.314116 0.314116
7367.434570 0.000000 1140.431030 0.000000 0.025971 0.000000 -0.999663 0.244143 0.244143 0.244143
7383.560547 0.000000 1147.213379 0.000000 0.400843 0.000000 -0.916147 0.250405 0.250405 0.250405
7382.048340 0.000000 1152.800415 0.000000 0.561567 0.000000 -0.827431 0.280556 0.280556 0.280556
7382.709473 0.000000 1149.649536 0.000000 0.345598 0.000000 -0.938383 0.322166 0.322166 0.322166
7386.370605 0.000000 1152.277222 0.000000 0.561857 0.000000 -0.827235 0.317620 0.317620 0.317620
7389.995605 0.000000 1154.253662 0.000000 0.100261 0.000000 -0.994961 0.277460 0.277460 0.277460
7385.770020 0.000000 1168.855225 0.000000 0.269931 0.000000 -0.962880 0.255636 0.255636 0.255636
7388.231934 0.000000 1171.290283 0.000000 0.288519 0.000000 -0.957474 0.277606 0.277606 0.277606
7363.040527 0.000000 1177.733032 0.000000 0.010985 0.000000 -0.999940 0.328680 0.328680 0.328680
7394.956543 0.000000 1150.917603 0.000000 0.355400 0.000000 -0.934714 0.264090 0.264090 0.264090
7392.724121 0.000000 1152.103882 0.000000 0.491513 0.000000 -0.870870 0.320028 0.320028 0.320028
7390.069336 0.000000 1142.815674 0.000000 0.028759 0.000000 -0.999586 0.327083 0.327083 0.327083
7350.252441 0.000000 1188.726440 0.000000 0.368852 0.000000 -0.929488 0.253265 0.253265 0.253265
7350.834961 0.000000 1223.846436 0.000000 0.495795 0.000000 -0.868439 0.242520 0.242520 0.242520
7346.572266 0.000000 1210.886597 0.000000 0.266146 0.000000 -0.963933 0.261371 0.261371 0.261371
7341.871094 0.000000 1236.055176 0.000000 0.335286 0.000000 -0.942116 0.307601 0.307601 0.307601
7337.785156 0.000000 1220.255127 0.000000 0.504273 0.000000 -0.863545 0.260942 0.260942 0.260942
7346.833984 0.000000 1194.752197 0.000000 0.563807 0.000000 -0.825907 0.279280 0.279280 0.279280
7339.446289 0.000000 1227.783447 0.000000 0.556390 0.000000 -0.830921 0.273204 0.273204 0.273204
7345.734375 0.000000 1204.281006 0.000000 0.077163 0.000000 -0.997019 0.290769 0.290769 0.290769
7335.291504 0.000000 1225.177368 0.000000 0.356634 0.000000 -0.934244 0.271005 0.271005 0.271005
7348.906250 0.000000 1192.424316 0.000000 0.097684 0.000000 -0.995218 0.325704 0.325704 0.325704
7286.864258 0.000000 1354.139282 0.000000 0.288212 0.000000 -0.957567 0.208490 0.208490 0.208490
7265.947754 0.000000 1348.614136 0.000000 0.510916 0.000000 -0.859631 0.206870 0.206870 0.206870
7282.798340 0.000000 1335.821777 0.000000 0.510555 0.000000 -0.859845 0.207131 0.207131 0.207131
7285.519043 0.000000 1325.765991 0.000000 0.287352 0.000000 -0.957825 0.208783 0.208783 0.208783
7265.062500 0.000000 1351.214600 0.000000 0.516138 0.000000 -0.856505 0.207189 0.207189 0.207189
7295.510742 0.000000 1323.877319 0.000000 0.156317 0.000000 -0.987707 0.211460 0.211460 0.211460
7292.008301 0.000000 1341.417847 0.000000 0.378014 0.000000 -0.925800 0.217191 0.217191 0.217191
7262.924805 0.000000 1338.445435 0.000000 0.033890 0.000000 -0.999426 0.241509 0.241509 0.241509
7244.996094 0.000000 1328.972534 0.000000 0.326034 0.000000 -0.945358 0.241849 0.241849 0.241849
7279.816406 0.000000 1344.928955 0.000000 0.584080 0.000000 -0.811696 0.259239 0.259239 0.259239
7251.693848 0.000000 1328.476318 0.000000 0.478751 0.000000 -0.877950 0.251978 0.251978 0.251978
7291.539551 0.000000 1351.675293 0.000000 0.401535 0.000000 -0.915844 0.321068 0.321068 0.321068
7278.644531 0.000000 1344.136841 0.000000 0.290309 0.000000 -0.956933 0.262986 0.262986 0.262986
7255.843750 0.000000 1337.480835 0.000000 0.048979 0.000000 -0.998800 0.296401 0.296401 0.296401
7246.943359 0.000000 1339.735229 0.000000 0.081417 0.000000 -0.996680 0.327886 0.327886 0.327886
7293.190430 0.000000 1354.562744 0.000000 0.329861 0.000000 -0.944030 0.261882 0.261882 0.261882
7295.246094 0.000000 1335.150146 0.000000 0.190641 0.000000 -0.981660 0.276962 0.276962 0.276962
7288.311035 0.000000 1343.792725 0.000000 0.288288 0.000000 -0.957544 0.323170 0.323170 0.323170
7274.410156 0.000000 1340.176392 0.000000 0.457115 0.000000 -0.889407 0.319045 0.319045 0.319045
7274.690430 0.000000 1355.183838 0.000000 0.395673 0.000000 -0.918392 0.284357 0.284357 0.284357
7247.546387 0.000000 1337.022461 0.000000 0.587515 0.000000 -0.809213 0.316912 0.316912 0.316912
7288.073242 0.000000 1338.579346 0.000000 0.476137 0.000000 -0.879371 0.275641 0.275641 0.275641
7244.307617 0.000000 1339.901123 0.000000 0.580246 0.000000 -0.814441 0.317322 0.317322 0.317322
7336.166504 0.000000 1255.262329 0.000000 0.572788 0.000000 -0.819703 0.270483 0.270483 0.270483
7334.709473 0.000000 1253.463989 0.000000 0.179561 0.000000 -0.983747 0.278389 0.278389 0.278389
7324.947754 0.000000 1329.212402 0.000000 0.330148 0.000000 -0.943929 0.208536 0.208536 0.208536
7310.368652 0.000000 1354.994141 0.000000 0.585606 0.000000 -0.810596 0.225052 0.225052 0.225052
7338.415039 0.000000 1318.758789 0.000000 0.472327 0.000000 -0.881424 0.239084 0.239084 0.239084
7321.560059 0.000000 1342.314087 0.000000 0.102694 0.000000 -0.994713 0.244683 0.244683 0.244683
7304.131348 0.000000 1308.528320 0.000000 0.225820 0.000000 -0.974169 0.247896 0.247896 0.247896
7317.918945 0.000000 1310.648071 0.000000 0.509392 0.000000 -0.860535 0.237453 0.237453 0.237453
7356.112793 0.000000 1334.815674 0.000000 0.374509 0.000000 -0.927223 0.246957 0.246957 0.246957
7336.728027 0.000000 1341.954224 0.000000 0.332345 0.000000 -0.943158 0.252424 0.252424 0.252424
7308.996094 0.000000 1328.972534 0.000000 0.573781 0.000000 -0.819008 0.250179 0.250179 0.250179
7318.292480 0.000000 1330.561157 0.000000 0.169038 0.000000 -0.985610 0.258657 0.258657 0.258657
7306.666016 0.000000 1341.502197 0.000000 0.169495 0.000000 -0.985531 0.244667 0.244667 0.244667
7325.379395 0.000000 1310.615967 0.000000 0.376660 0.000000 -0.926352 0.257555 0.257555 0.257555
7323.430664 0.000000 1339.775269 0.000000 0.477659 0.000000 -0.878545 0.288141 0.288141 0.288141
7320.136230 0.000000 1319.554810 0.000000 0.293482 0.000000 -0.955965 0.283275 0.283275 0.283275
7313.977051 0.000000 1328.609863 0.000000 0.230854 0.000000 -0.972988 0.324098 0.324098 0.324098
7350.683594 0.000000 1329.702515 0.000000 0.214158 0.000000 -0.976799 0.310890 0.310890 0.310890
7336.301758 0.000000 1339.457397 0.000000 0.364254 0.000000 -0.931300 0.309035 0.309035 0.309035
7356.439453 0.000000 1348.193604 0.000000 0.174493 0.000000 -0.984658 0.325762 0.325762 0.325762
7351.338379 0.000000 1331.664795 0.000000 0.326142 0.000000 -0.945321 0.312901 0.312901 0.312901
7301.575684 0.000000 1320.489136 0.000000 0.006947 0.000000 -0.999976 0.289760 0.289760 0.289760
7354.264648 0.000000 1349.778564 0.000000 0.447592 0.000000 -0.894238 0.313295 0.313295 0.313295
7322.372559 0.000000 1351.997437 0.000000 0.209157 0.000000 -0.977882 0.324702 0.324702 0.324702
7327.169922 0.000000 1312.378296 0.000000 0.009450 0.000000 -0.999955 0.279249 0.279249 0.279249
7344.248535 0.000000 1352.945923 0.000000 0.022672 0.000000 -0.999743 0.260904 0.260904 0.260904
7341.494141 0.000000 1340.781006 0.000000 0.039986 0.000000 -0.999200 0.326771 0.326771 0.326771
7332.268066 0.000000 1321.766602 0.000000 0.075109 0.000000 -0.997175 0.260973 0.260973 0.260973
7340.451660 0.000000 1342.753052 0.000000 0.549869 0.000000 -0.835251 0.267735 0.267735 0.267735
7305.453613 0.000000 1311.810913 0.000000 0.136696 0.000000 -0.990613 0.278293 0.278293 0.278293
7328.728027 0.000000 1310.349365 0.000000 0.457452 0.000000 -0.889234 0.270907 0.270907 0.270907
7323.631348 0.000000 1354.990601 0.000000 0.257812 0.000000 -0.966195 0.323254 0.323254 0.323254
7345.310547 0.000000 1328.610474 0.000000 0.478386 0.000000 -0.878150 0.305129 0.305129 0.305129
7351.669922 0.000000 1332.805298 0.000000 0.087631 0.000000 -0.996153 0.315565 0.315565 0.315565
7337.447266 0.000000 1316.046021 0.000000 0.124857 0.000000 -0.992175 0.277151 0.277151 0.277151
7320.507324 0.000000 1346.665649 0.000000 0.059194 0.000000 -0.998246 0.304799 0.304799 0.304799
7299.040527 0.000000 1347.186157 0.000000 0.242571 0.000000 -0.970134 0.325072 0.325072 0.325072
7340.773926 0.000000 1335.063721 0.000000 0.167430 0.000000 -0.985884 0.307726 0.307726 0.307726
7357.398438 0.000000 1341.953491 0.000000 0.405821 0.000000 -0.913952 0.297502 0.297502 0.297502
7337.761719 0.000000 1338.129761 0.000000 0.482419 0.000000 -0.875940 0.306951 0.306951 0.306951
7346.290039 0.000000 1352.906738 0.000000 0.016272 0.000000 -0.999868 0.328874 0.328874 0.328874
7323.859375 0.000000 1314.285889 0.000000 0.372888 0.000000 -0.927876 0.287861 0.287861 0.287861
7296.125977 0.000000 1318.562622 0.000000 0.299907 0.000000 -0.953968 0.283186 0.283186 0.283186
7320.183105 0.000000 1320.828125 0.000000 0.582330 0.000000 -0.812953 0.317915 0.317915 0.317915
7316.545898 0.000000 1331.301025 0.000000 0.105187 0.000000 -0.994452 0.286479 0.286479 0.286479
7409.262695 0.000000 1353.701660 0.000000 0.164743 0.000000 -0.986337 0.218268 0.218268 0.218268
7363.452637 0.000000 1339.113159 0.000000 0.539446 0.000000 -0.842020 0.253691 0.253691 0.253691
7414.834961 0.000000 1336.815186 0.000000 0.234732 0.000000 -0.972060 0.249699 0.249699 0.249699
7406.953613 0.000000 1352.540161 0.000000 0.565399 0.000000 -0.824818 0.250899 0.250899 0.250899
7422.499512 0.000000 1328.529175 0.000000 0.454125 0.000000 -0.890938 0.251032 0.251032 0.251032
7366.966309 0.000000 1347.010620 0.000000 0.191987 0.000000 -0.981397 0.257766 0.257766 0.257766
7393.498047 0.000000 1347.355469 0.000000 0.529609 0.000000 -0.848242 0.311736 0.311736 0.311736
7375.939941 0.000000 1353.838501 0.000000 0.249115 0.000000 -0.968474 0.324945 0.324945 0.324945
7365.351562 0.000000 1350.773682 0.000000 0.366013 0.000000 -0.930610 0.279724 0.279724 0.279724
7384.507324 0.000000 1346.665649 0.000000 0.169260 0.000000 -0.985571 0.324916 0.324916 0.324916
7407.144043 0.000000 1336.865234 0.000000 0.134564 0.000000 -0.990905 0.311519 0.311519 0.311519
7366.709961 0.000000 1355.270508 0.000000 0.070760 0.000000 -0.997493 0.275883 0.275883 0.275883
7462.078125 0.000000 1284.285889 0.000000 0.079920 0.000000 -0.996801 0.239170 0.239170 0.239170
7471.816406 0.000000 1288.444580 0.000000 0.522019 0.000000 -0.852934 0.261324 0.261324 0.261324
7457.152344 0.000000 1288.824097 0.000000 0.103808 0.000000 -0.994597 0.300196 0.300196 0.300196
7459.590332 0.000000 1288.544556 0.000000 0.427383 0.000000 -0.904071 0.313667 0.313667 0.313667
7471.731934 0.000000 1289.755005 0.000000 0.228766 0.000000 -0.973481 0.264984 0.264984 0.264984
7462.706543 0.000000 1287.992432 0.000000 0.170906 0.000000 -0.985287 0.288827 0.288827 0.288827
7474.290039 0.000000 1296.422363 0.000000 0.142957 0.000000 -0.989729 0.327260 0.327260 0.327260
7476.629395 0.000000 1284.856445 0.000000 0.022186 0.000000 -0.999754 0.283007 0.283007 0.283007
7504.512207 0.000000 1278.401611 0.000000 0.013889 0.000000 -0.999904 0.262941 0.262941 0.262941
7436.526855 0.000000 1322.186401 0.000000 0.515653 0.000000 -0.856798 0.207065 0.207065 0.207065
7430.953125 0.000000 1334.750854 0.000000 0.435189 0.000000 -0.900339 0.215486 0.215486 0.215486
7446.604004 0.000000 1337.670288 0.000000 0.502726 0.000000 -0.864446 0.220391 0.220391 0.220391
7432.986816 0.000000 1353.848633 0.000000 0.474728 0.000000 -0.880132 0.234750 0.234750 0.234750
7445.209473 0.000000 1306.002930 0.000000 0.015848 0.000000 -0.999874 0.250017 0.250017 0.250017
7469.641602 0.000000 1315.497681 0.000000 0.250265 0.000000 -0.968177 0.248275 0.248275 0.248275
7431.363281 0.000000 1322.590942 0.000000 0.022486 0.000000 -0.999747 0.258968 0.258968 0.258968
7444.179199 0.000000 1300.417725 0.000000 0.178706 0.000000 -0.983903 0.247744 0.247744 0.247744
7438.755859 0.000000 1308.588745 0.000000 0.170431 0.000000 -0.985370 0.252909 0.252909 0.252909
7441.185059 0.000000 1313.646606 0.000000 0.488940 0.000000 -0.872317 0.251854 0.251854 0.251854
7464.166504 0.000000 1311.746704 0.000000 0.399818 0.000000 -0.916595 0.303322 0.303322 0.303322
7424.042480 0.000000 1332.571777 0.000000 0.525245 0.000000 -0.850951 0.319133 0.319133 0.319133
7475.583984 0.000000 1303.716553 0.000000 0.062941 0.000000 -0.998017 0.290964 0.290964 0.290964
7460.268066 0.000000 1321.766602 0.000000 0.414948 0.000000 -0.909845 0.308793 0.308793 0.308793
7434.865723 0.000000 1314.231445 0.000000 0.098660 0.000000 -0.995121 0.325687 0.325687 0.325687
7474.000000 0.000000 1302.448486 0.000000 0.371210 0.000000 -0.928549 0.286617 0.286617 0.286617
7456.724121 0.000000 1321.557007 0.000000 0.460068 0.000000 -0.887884 0.293456 0.293456 0.293456
7475.501953 0.000000 1299.207520 0.000000 0.307102 0.000000 -0.951676 0.324038 0.324038 0.324038
7429.747070 0.000000 1332.111572 0.000000 0.251581 0.000000 -0.967836 0.325143 0.325143 0.325143
7427.692383 0.000000 1332.441650 0.000000 0.319029 0.000000 -0.947745 0.321512 0.321512 0.321512
7868.104492 0.000000 1013.888123 0.000000 0.348359 0.000000 -0.937361 0.239752 0.239752 0.239752
7853.674805 0.000000 1029.722168 0.000000 0.063835 0.000000 -0.997961 0.233593 0.233593 0.233593
8139.572266 0.000000 1098.781982 0.000000 0.469860 0.000000 -0.882741 0.277608 0.277608 0.277608
7205.366211 0.000000 1407.324707 0.000000 0.245605 0.000000 -0.969370 0.240139 0.240139 0.240139
7230.281738 0.000000 1408.692505 0.000000 0.046143 0.000000 -0.998935 0.254851 0.254851 0.254851
7204.170898 0.000000 1410.021606 0.000000 0.107037 0.000000 -0.994255 0.279317 0.279317 0.279317
7211.627441 0.000000 1406.808472 0.000000 0.169579 0.000000 -0.985517 0.324123 0.324123 0.324123
7221.900391 0.000000 1406.999756 0.000000 0.130233 0.000000 -0.991483 0.264852 0.264852 0.264852
7226.917480 0.000000 1402.871582 0.000000 0.099874 0.000000 -0.995000 0.327428 0.327428 0.327428
7226.145020 0.000000 1400.769165 0.000000 0.228895 0.000000 -0.973451 0.323181 0.323181 0.323181
7205.870117 0.000000 1408.553101 0.000000 0.525557 0.000000 -0.850759 0.308668 0.308668 0.308668
7207.150391 0.000000 1409.004150 0.000000 0.547024 0.000000 -0.837117 0.301364 0.301364 0.301364
7239.437500 0.000000 1410.668579 0.000000 0.467459 0.000000 -0.884015 0.207526 0.207526 0.207526
7281.314941 0.000000 1398.323242 0.000000 0.464405 0.000000 -0.885623 0.218294 0.218294 0.218294
7261.614258 0.000000 1387.352905 0.000000 0.418136 0.000000 -0.908384 0.232239 0.232239 0.232239
7268.749023 0.000000 1364.994507 0.000000 0.430626 0.000000 -0.902530 0.222885 0.222885 0.222885
7236.140625 0.000000 1397.192871 0.000000 0.086294 0.000000 -0.996270 0.239111 0.239111 0.239111
7255.560547 0.000000 1373.150879 0.000000 0.412227 0.000000 -0.911081 0.247787 0.247787 0.247787
7267.500488 0.000000 1383.209595 0.000000 0.548525 0.000000 -0.836134 0.244978 0.244978 0.244978
7270.060059 0.000000 1376.449219 0.000000 0.021475 0.000000 -0.999769 0.263504 0.263504 0.263504
7253.353516 0.000000 1391.514771 0.000000 0.116569 0.000000 -0.993183 0.256032 0.256032 0.256032
7279.249023 0.000000 1378.362305 0.000000 0.136481 0.000000 -0.990643 0.278942 0.278942 0.278942
7256.136230 0.000000 1376.039185 0.000000 0.046180 0.000000 -0.998933 0.312262 0.312262 0.312262
7278.200195 0.000000 1356.734741 0.000000 0.291862 0.000000 -0.956461 0.280109 0.280109 0.280109
7276.134277 0.000000 1390.606323 0.000000 0.104802 0.000000 -0.994493 0.327995 0.327995 0.327995
7273.821777 0.000000 1370.082031 0.000000 0.094067 0.000000 -0.995566 0.325602 0.325602 0.325602
7251.389160 0.000000 1368.207886 0.000000 0.585612 0.000000 -0.810591 0.275838 0.275838 0.275838
7262.868164 0.000000 1376.367188 0.000000 0.225815 0.000000 -0.974170 0.289994 0.289994 0.289994
7253.902344 0.000000 1401.111450 0.000000 0.076532 0.000000 -0.997067 0.325739 0.325739 0.325739
7262.762207 0.000000 1377.793579 0.000000 0.463460 0.000000 -0.886118 0.286481 0.286481 0.286481
7277.494141 0.000000 1397.265381 0.000000 0.425844 0.000000 -0.904796 0.277618 0.277618 0.277618
7233.803711 0.000000 1407.951050 0.000000 0.516473 0.000000 -0.856303 0.288139 0.288139 0.288139
7280.162598 0.000000 1369.488281 0.000000 0.192391 0.000000 -0.981318 0.325323 0.325323 0.325323
7274.410156 0.000000 1396.660767 0.000000 0.248483 0.000000 -0.968636 0.268567 0.268567 0.268567
7236.508301 0.000000 1398.325562 0.000000 0.121172 0.000000 -0.992631 0.326215 0.326215 0.326215
7260.718750 0.000000 1366.125488 0.000000 0.063216 0.000000 -0.998000 0.309352 0.309352 0.309352
7276.773926 0.000000 1391.548096 0.000000 0.321327 0.000000 -0.946968 0.323752 0.323752 0.323752
7269.454590 0.000000 1384.808838 0.000000 0.512812 0.000000 -0.858501 0.319175 0.319175 0.319175
7273.761719 0.000000 1394.614136 0.000000 0.002951 0.000000 -0.999996 0.329650 0.329650 0.329650
7275.242188 0.000000 1372.681396 0.000000 0.152486 0.000000 -0.988306 0.327076 0.327076 0.327076
7264.724121 0.000000 1378.041382 0.000000 0.192462 0.000000 -0.981304 0.326301 0.326301 0.326301
7239.968750 0.000000 1396.578247 0.000000 0.522104 0.000000 -0.852882 0.319241 0.319241 0.319241
7295.475098 0.000000 1360.392212 0.000000 0.201152 0.000000 -0.979560 0.277469 0.277469 0.277469
7273.191895 0.000000 1358.071045 0.000000 0.472223 0.000000 -0.881479 0.298926 0.298926 0.298926
7272.466309 0.000000 1389.162476 0.000000 0.461095 0.000000 -0.887351 0.272731 0.272731 0.272731
7271.998535 0.000000 1379.050781 0.000000 0.218488 0.000000 -0.975840 0.287521 0.287521 0.287521
7241.062988 0.000000 1397.604980 0.000000 0.516684 0.000000 -0.856176 0.318206 0.318206 0.318206
7180.112305 0.000000 1427.016113 0.000000 0.071450 0.000000 -0.997444 0.210368 0.210368 0.210368
7217.129395 0.000000 1462.515259 0.000000 0.349877 0.000000 -0.936796 0.216189 0.216189 0.216189
7177.693359 0.000000 1421.172119 0.000000 0.108568 0.000000 -0.994089 0.234468 0.234468 0.234468
7168.233887 0.000000 1425.552612 0.000000 0.114012 0.000000 -0.993479 0.235053 0.235053 0.235053
7228.112793 0.000000 1447.784424 0.000000 0.063397 0.000000 -0.997988 0.241234 0.241234 0.241234
7217.542480 0.000000 1433.538086 0.000000 0.360449 0.000000 -0.932779 0.237142 0.237142 0.237142
7193.909180 0.000000 1429.195679 0.000000 0.551374 0.000000 -0.834258 0.247396 0.247396 0.247396
7172.588867 0.000000 1421.746826 0.000000 0.501137 0.000000 -0.865368 0.246770 0.246770 0.246770
7170.058594 0.000000 1430.548706 0.000000 0.296561 0.000000 -0.955014 0.257860 0.257860 0.257860
7230.147949 0.000000 1457.064087 0.000000 0.245097 0.000000 -0.969499 0.255911 0.255911 0.255911
7226.406250 0.000000 1451.189697 0.000000 0.471133 0.000000 -0.882062 0.260755 0.260755 0.260755
7201.152344 0.000000 1458.277222 0.000000 0.451600 0.000000 -0.892220 0.262251 0.262251 0.262251
7229.039062 0.000000 1430.450562 0.000000 0.581369 0.000000 -0.813640 0.254982 0.254982 0.254982
7229.145996 0.000000 1453.788574 0.000000 0.381080 0.000000 -0.924542 0.321473 0.321473 0.321473
7172.220703 0.000000 1429.464111 0.000000 0.206340 0.000000 -0.978480 0.258244 0.258244 0.258244
7216.896973 0.000000 1459.719849 0.000000 0.437747 0.000000 -0.899098 0.300777 0.300777 0.300777
7227.628418 0.000000 1455.784912 0.000000 0.244933 0.000000 -0.969540 0.324679 0.324679 0.324679
7202.554688 0.000000 1421.823486 0.000000 0.035108 0.000000 -0.999384 0.264645 0.264645 0.264645
7208.301758 0.000000 1452.426147 0.000000 0.099634 0.000000 -0.995024 0.327378 0.327378 0.327378
7195.792969 0.000000 1441.550171 0.000000 0.566558 0.000000 -0.824022 0.317408 0.317408 0.317408
7214.644531 0.000000 1457.105591 0.000000 0.322410 0.000000 -0.946600 0.273348 0.273348 0.273348
7203.658203 0.000000 1452.664673 0.000000 0.353322 0.000000 -0.935502 0.322967 0.322967 0.322967
7211.903809 0.000000 1412.216797 0.000000 0.469156 0.000000 -0.883115 0.271369 0.271369 0.271369
7199.082031 0.000000 1448.257080 0.000000 0.006374 0.000000 -0.999980 0.328531 0.328531 0.328531
7218.113770 0.000000 1457.864746 0.000000 0.203571 0.000000 -0.979060 0.277438 0.277438 0.277438
7196.046387 0.000000 1445.423462 0.000000 0.265745 0.000000 -0.964043 0.265180 0.265180 0.265180
7200.813965 0.000000 1449.964111 0.000000 0.063671 0.000000 -0.997971 0.264323 0.264323 0.264323
7212.346191 0.000000 1459.749268 0.000000 0.046656 0.000000 -0.998911 0.328195 0.328195 0.328195
7210.279785 0.000000 1456.966064 0.000000 0.172763 0.000000 -0.984963 0.270766 0.270766 0.270766
7231.312988 0.000000 1453.384277 0.000000 0.369095 0.000000 -0.929392 0.322691 0.322691 0.322691
7192.312988 0.000000 1415.538452 0.000000 0.213381 0.000000 -0.976969 0.323304 0.323304 0.323304
7203.792969 0.000000 1413.085938 0.000000 0.114709 0.000000 -0.993399 0.308551 0.308551 0.308551
7223.533691 0.000000 1466.064941 0.000000 0.247137 0.000000 -0.968981 0.290976 0.290976 0.290976
7180.748535 0.000000 1417.804565 0.000000 0.141372 0.000000 -0.989957 0.275654 0.275654 0.275654
7178.092773 0.000000 1431.895874 0.000000 0.345167 0.000000 -0.938541 0.288271 0.288271 0.288271
7196.225586 0.000000 1439.739258 0.000000 0.519736 0.000000 -0.854327 0.278731 0.278731 0.278731
7219.336914 0.000000 1434.221069 0.000000 0.268359 0.000000 -0.963319 0.302250 0.302250 0.302250
7291.000977 0.000000 1449.910400 0.000000 0.181144 0.000000 -0.983457 0.211280 0.211280 0.211280
7265.641602 0.000000 1430.187988 0.000000 0.276627 0.000000 -0.960977 0.214914 0.214914 0.214914
7232.712402 0.000000 1430.330322 0.000000 0.311653 0.000000 -0.950196 0.221448 0.221448 0.221448
7264.801270 0.000000 1440.424561 0.000000 0.043106 0.000000 -0.999070 0.219831 0.219831 0.219831
7257.618652 0.000000 1463.786621 0.000000 0.348689 0.000000 -0.937239 0.218666 0.218666 0.218666
7252.433105 0.000000 1429.123901 0.000000 0.523511 0.000000 -0.852019 0.226902 0.226902 0.226902
7261.034668 0.000000 1465.593140 0.000000 0.575101 0.000000 -0.818082 0.237938 0.237938 0.237938
7284.241699 0.000000 1423.844116 0.000000 0.487781 0.000000 -0.872966 0.242610 0.242610 0.242610
7239.500488 0.000000 1431.405762 0.000000 0.441232 0.000000 -0.897393 0.241888 0.241888 0.241888
7258.914551 0.000000 1463.813232 0.000000 0.495004 0.000000 -0.868891 0.269138 0.269138 0.269138
7263.443848 0.000000 1450.220703 0.000000 0.386558 0.000000 -0.922265 0.317612 0.317612 0.317612
7293.505859 0.000000 1420.185791 0.000000 0.429428 0.000000 -0.903101 0.321354 0.321354 0.321354
7291.996582 0.000000 1419.378296 0.000000 0.115685 0.000000 -0.993286 0.268879 0.268879 0.268879
7275.584473 0.000000 1451.184326 0.000000 0.379788 0.000000 -0.925074 0.322206 0.322206 0.322206
7285.881348 0.000000 1454.269043 0.000000 0.159801 0.000000 -0.987149 0.281223 0.281223 0.281223
7273.405762 0.000000 1449.962280 0.000000 0.136957 0.000000 -0.990577 0.327376 0.327376 0.327376
7232.042480 0.000000 1445.540527 0.000000 0.261187 0.000000 -0.965288 0.318555 0.318555 0.318555
7271.639160 0.000000 1439.182495 0.000000 0.032436 0.000000 -0.999474 0.303882 0.303882 0.303882
7273.341797 0.000000 1440.759277 0.000000 0.369972 0.000000 -0.929043 0.322539 0.322539 0.322539
7236.693359 0.000000 1444.749756 0.000000 0.134536 0.000000 -0.990909 0.293228 0.293228 0.293228
7275.277832 0.000000 1425.121948 0.000000 0.512933 0.000000 -0.858429 0.283200 0.283200 0.283200
7283.578125 0.000000 1435.346680 0.000000 0.270508 0.000000 -0.962718 0.279121 0.279121 0.279121
7278.525879 0.000000 1439.837646 0.000000 0.333961 0.000000 -0.942587 0.322391 0.322391 0.322391
7276.563965 0.000000 1451.829224 0.000000 0.408897 0.000000 -0.912581 0.267806 0.267806 0.267806
7273.761719 0.000000 1451.098511 0.000000 0.562000 0.000000 -0.827137 0.318602 0.318602 0.318602
7264.087402 0.000000 1452.228638 0.000000 0.258092 0.000000 -0.966120 0.325014 0.325014 0.325014
7292.196777 0.000000 1421.879272 0.000000 0.555686 0.000000 -0.831392 0.318600 0.318600 0.318600
7232.369141 0.000000 1451.636597 0.000000 0.465050 0.000000 -0.885284 0.287713 0.287713 0.287713
7246.558105 0.000000 1464.982178 0.000000 0.204727 0.000000 -0.978819 0.273577 0.273577 0.273577
7280.198730 0.000000 1435.781250 0.000000 0.481813 0.000000 -0.876274 0.278681 0.278681 0.278681
7284.629395 0.000000 1454.309570 0.000000 0.083619 0.000000 -0.996498 0.282213 0.282213 0.282213
7271.180176 0.000000 1442.533691 0.000000 0.412533 0.000000 -0.910943 0.284739 0.284739 0.284739
7270.214844 0.000000 1424.739136 0.000000 0.209827 0.000000 -0.977739 0.281208 0.281208 0.281208
7242.479980 0.000000 1440.259033 0.000000 0.277282 0.000000 -0.960788 0.322798 0.322798 0.322798
7310.979980 0.000000 1380.465210 0.000000 0.313439 0.000000 -0.949608 0.209075 0.209075 0.209075
7323.190918 0.000000 1383.934448 0.000000 0.466212 0.000000 -0.884673 0.209735 0.209735 0.209735
7337.650879 0.000000 1364.911743 0.000000 0.178749 0.000000 -0.983895 0.217535 0.217535 0.217535
7309.704590 0.000000 1368.451660 0.000000 0.013011 0.000000 -0.999915 0.223229 0.223229 0.223229
7344.891113 0.000000 1383.999023 0.000000 0.462228 0.000000 -0.886761 0.231188 0.231188 0.231188
7310.749512 0.000000 1355.656128 0.000000 0.336965 0.000000 -0.941517 0.227428 0.227428 0.227428
7319.560547 0.000000 1373.150879 0.000000 0.280571 0.000000 -0.959833 0.236043 0.236043 0.236043
7309.322266 0.000000 1360.221802 0.000000 0.446333 0.000000 -0.894867 0.249263 0.249263 0.249263
7311.104980 0.000000 1358.527588 0.000000 0.130749 0.000000 -0.991416 0.255880 0.255880 0.255880
7331.429199 0.000000 1405.796021 0.000000 0.142242 0.000000 -0.989832 0.252568 0.252568 0.252568
7300.081543 0.000000 1375.594849 0.000000 0.118839 0.000000 -0.992914 0.253451 0.253451 0.253451
7322.696777 0.000000 1375.371094 0.000000 0.541013 0.000000 -0.841015 0.249980 0.249980 0.249980
7338.913086 0.000000 1409.625244 0.000000 0.400987 0.000000 -0.916084 0.279861 0.279861 0.279861
7320.136230 0.000000 1376.039185 0.000000 0.022955 0.000000 -0.999736 0.262194 0.262194 0.262194
7332.154785 0.000000 1363.327393 0.000000 0.537141 0.000000 -0.843492 0.318870 0.318870 0.318870
7355.996582 0.000000 1362.893921 0.000000 0.286204 0.000000 -0.958169 0.265568 0.265568 0.265568
7320.231445 0.000000 1357.303345 0.000000 0.504241 0.000000 -0.863563 0.295233 0.295233 0.295233
7346.163574 0.000000 1402.600586 0.000000 0.238358 0.000000 -0.971177 0.292390 0.292390 0.292390
7301.575684 0.000000 1376.973511 0.000000 0.299167 0.000000 -0.954201 0.274921 0.274921 0.274921
7327.826172 0.000000 1407.200806 0.000000 0.308876 0.000000 -0.951102 0.307397 0.307397 0.307397
7340.614746 0.000000 1404.881592 0.000000 0.208510 0.000000 -0.978020 0.262037 0.262037 0.262037
7327.169922 0.000000 1368.862671 0.000000 0.201638 0.000000 -0.979460 0.325559 0.325559 0.325559
7352.930664 0.000000 1368.025146 0.000000 0.014678 0.000000 -0.999892 0.302825 0.302825 0.302825
7350.646973 0.000000 1374.113647 0.000000 0.569455 0.000000 -0.822023 0.316875 0.316875 0.316875
7349.900391 0.000000 1406.999756 0.000000 0.275809 0.000000 -0.961213 0.298269 0.298269 0.298269
7320.312988 0.000000 1359.054077 0.000000 0.207610 0.000000 -0.978212 0.323456 0.323456 0.323456
7335.071777 0.000000 1405.343140 0.000000 0.267799 0.000000 -0.963475 0.323897 0.323897 0.323897
7351.569824 0.000000 1375.623169 0.000000 0.516158 0.000000 -0.856493 0.317986 0.317986 0.317986
7339.277832 0.000000 1368.637573 0.000000 0.223946 0.000000 -0.974601 0.293889 0.293889 0.293889
7324.237305 0.000000 1359.600342 0.000000 0.187048 0.000000 -0.982351 0.317866 0.317866 0.317866
7352.213867 0.000000 1367.152222 0.000000 0.527535 0.000000 -0.849533 0.319235 0.319235 0.319235
7351.347168 0.000000 1411.676270 0.000000 0.527316 0.000000 -0.849669 0.271159 0.271159 0.271159
7341.231445 0.000000 1409.207886 0.000000 0.172415 0.000000 -0.985024 0.326010 0.326010 0.326010
7351.916992 0.000000 1405.791626 0.000000 0.014098 0.000000 -0.999901 0.329439 0.329439 0.329439
7328.724121 0.000000 1378.041382 0.000000 0.425294 0.000000 -0.905055 0.290858 0.290858 0.290858
7355.256348 0.000000 1364.595581 0.000000 0.485155 0.000000 -0.874428 0.319050 0.319050 0.319050
7296.125977 0.000000 1375.046997 0.000000 0.165200 0.000000 -0.986260 0.325515 0.325515 0.325515
7329.173340 0.000000 1380.022217 0.000000 0.177635 0.000000 -0.984096 0.312135 0.312135 0.312135
7315.400879 0.000000 1411.598022 0.000000 0.383951 0.000000 -0.923353 0.322253 0.322253 0.322253
7348.413574 0.000000 1405.182983 0.000000 0.153697 0.000000 -0.988118 0.326522 0.326522 0.326522
7308.654785 0.000000 1359.329468 0.000000 0.581005 0.000000 -0.813900 0.270974 0.270974 0.270974
7374.873047 0.000000 1363.672119 0.000000 0.224136 0.000000 -0.974558 0.208762 0.208762 0.208762
7395.991211 0.000000 1371.351440 0.000000 0.242181 0.000000 -0.970231 0.208708 0.208708 0.208708
7385.618652 0.000000 1407.302246 0.000000 0.576888 0.000000 -0.816823 0.220897 0.220897 0.220897
7410.216309 0.000000 1400.169800 0.000000 0.529467 0.000000 -0.848331 0.217101 0.217101 0.217101
7423.169434 0.000000 1372.502686 0.000000 0.147907 0.000000 -0.989001 0.239174 0.239174 0.239174
7385.560059 0.000000 1398.798462 0.000000 0.336234 0.000000 -0.941778 0.231159 0.231159 0.231159
7413.385254 0.000000 1386.232300 0.000000 0.090675 0.000000 -0.995881 0.235895 0.235895 0.235895
7374.057129 0.000000 1407.460815 0.000000 0.470220 0.000000 -0.882549 0.231108 0.231108 0.231108
7385.935547 0.000000 1396.027588 0.000000 0.439650 0.000000 -0.898169 0.245620 0.245620 0.245620
7378.172363 0.000000 1380.772339 0.000000 0.368329 0.000000 -0.929695 0.254523 0.254523 0.254523
7369.352539 0.000000 1357.234619 0.000000 0.354718 0.000000 -0.934973 0.249671 0.249671 0.249671
7382.249023 0.000000 1411.992188 0.000000 0.182821 0.000000 -0.983146 0.250873 0.250873 0.250873
7361.323730 0.000000 1361.682373 0.000000 0.228713 0.000000 -0.973494 0.257994 0.257994 0.257994
7385.172852 0.000000 1392.139771 0.000000 0.511187 0.000000 -0.859470 0.260231 0.260231 0.260231
7406.269531 0.000000 1390.926636 0.000000 0.107879 0.000000 -0.994164 0.298174 0.298174 0.298174
7390.521973 0.000000 1389.070801 0.000000 0.159717 0.000000 -0.987163 0.277356 0.277356 0.277356
7406.722168 0.000000 1403.436646 0.000000 0.240301 0.000000 -0.970698 0.280803 0.280803 0.280803
7395.590332 0.000000 1401.513306 0.000000 0.331107 0.000000 -0.943593 0.272602 0.272602 0.272602
7364.601562 0.000000 1356.948486 0.000000 0.032763 0.000000 -0.999463 0.264024 0.264024 0.264024
7365.217285 0.000000 1403.774048 0.000000 0.313382 0.000000 -0.949627 0.323490 0.323490 0.323490
7402.301758 0.000000 1399.170776 0.000000 0.223940 0.000000 -0.974603 0.324478 0.324478 0.324478
7408.827148 0.000000 1399.462891 0.000000 0.038244 0.000000 -0.999268 0.306435 0.306435 0.306435
7386.672852 0.000000 1393.900391 0.000000 0.028113 0.000000 -0.999605 0.275758 0.275758 0.275758
7361.375488 0.000000 1358.016968 0.000000 0.412197 0.000000 -0.911095 0.278441 0.278441 0.278441
7405.039062 0.000000 1393.048340 0.000000 0.249400 0.000000 -0.968401 0.286448 0.286448 0.286448
7406.890137 0.000000 1391.879761 0.000000 0.297592 0.000000 -0.954693 0.295369 0.295369 0.295369
7367.583496 0.000000 1407.878296 0.000000 0.241849 0.000000 -0.970314 0.325285 0.325285 0.325285
7341.587891 0.000000 1419.881592 0.000000 0.360059 0.000000 -0.932930 0.222892 0.222892 0.222892
7317.729980 0.000000 1427.699463 0.000000 0.284723 0.000000 -0.958610 0.241638 0.241638 0.241638
7340.147461 0.000000 1427.744751 0.000000 0.382919 0.000000 -0.923782 0.235058 0.235058 0.235058
7317.229004 0.000000 1426.201660 0.000000 0.546038 0.000000 -0.837761 0.238883 0.238883 0.238883
7298.209961 0.000000 1422.884155 0.000000 0.465331 0.000000 -0.885137 0.229928 0.229928 0.229928
7357.240234 0.000000 1426.140625 0.000000 0.146732 0.000000 -0.989176 0.242987 0.242987 0.242987
7303.231934 0.000000 1425.348633 0.000000 0.457875 0.000000 -0.889017 0.250368 0.250368 0.250368
7317.353516 0.000000 1447.999146 0.000000 0.203492 0.000000 -0.979077 0.261457 0.261457 0.261457
7354.353516 0.000000 1413.239868 0.000000 0.544793 0.000000 -0.838571 0.269046 0.269046 0.269046
7300.993652 0.000000 1436.292480 0.000000 0.310762 0.000000 -0.950488 0.323495 0.323495 0.323495
7301.575684 0.000000 1433.457886 0.000000 0.217923 0.000000 -0.975966 0.258750 0.258750 0.258750
7312.512207 0.000000 1447.854736 0.000000 0.420863 0.000000 -0.907124 0.320129 0.320129 0.320129
7349.096680 0.000000 1426.019775 0.000000 0.029505 0.000000 -0.999565 0.328859 0.328859 0.328859
7354.833496 0.000000 1431.518555 0.000000 0.280187 0.000000 -0.959945 0.324094 0.324094 0.324094
7296.361816 0.000000 1433.745361 0.000000 0.033191 0.000000 -0.999449 0.328560 0.328560 0.328560
7356.159668 0.000000 1429.745605 0.000000 0.522030 0.000000 -0.852927 0.312514 0.312514 0.312514
7334.214844 0.000000 1424.739136 0.000000 0.469517 0.000000 -0.882923 0.290785 0.290785 0.290785
7308.067383 0.000000 1412.196411 0.000000 0.317237 0.000000 -0.948346 0.294430 0.294430 0.294430
7323.464355 0.000000 1437.673828 0.000000 0.249948 0.000000 -0.968259 0.278116 0.278116 0.278116
7331.712891 0.000000 1428.889771 0.000000 0.144282 0.000000 -0.989537 0.276262 0.276262 0.276262
7296.405762 0.000000 1421.885376 0.000000 0.434349 0.000000 -0.900745 0.306544 0.306544 0.306544
7346.122070 0.000000 1429.162354 0.000000 0.441745 0.000000 -0.897140 0.321220 0.321220 0.321220
7316.545898 0.000000 1444.269775 0.000000 0.310953 0.000000 -0.950425 0.309939 0.309939 0.309939
7390.191406 0.000000 1414.323364 0.000000 0.275199 0.000000 -0.961387 0.246757 0.246757 0.246757
7364.588867 0.000000 1421.746826 0.000000 0.122719 0.000000 -0.992441 0.246397 0.246397 0.246397
7361.121582 0.000000 1429.217896 0.000000 0.246886 0.000000 -0.969045 0.323603 0.323603 0.323603
7376.913574 0.000000 1415.892334 0.000000 0.303414 0.000000 -0.952859 0.288881 0.288881 0.288881
7223.961426 0.000000 1470.286377 0.000000 0.024395 0.000000 -0.999702 0.273851 0.273851 0.273851
7240.070801 0.000000 1472.386597 0.000000 0.532396 0.000000 -0.846495 0.291621 0.291621 0.291621
7456.426758 0.000000 1368.062866 0.000000 0.429826 0.000000 -0.902912 0.207481 0.207481 0.207481
7430.753418 0.000000 1360.789673 0.000000 0.249634 0.000000 -0.968340 0.255861 0.255861 0.255861
7432.904785 0.000000 1361.904663 0.000000 0.372574 0.000000 -0.928003 0.317225 0.317225 0.317225
7452.834961 0.000000 1364.300781 0.000000 0.117155 0.000000 -0.993114 0.325199 0.325199 0.325199
7427.610840 0.000000 1357.606812 0.000000 0.053771 0.000000 -0.998553 0.328745 0.328745 0.328745
7507.362793 0.000000 1383.612793 0.000000 0.495040 0.000000 -0.868870 0.210715 0.210715 0.210715
7536.161133 0.000000 1394.974121 0.000000 0.436732 0.000000 -0.899592 0.266813 0.266813 0.266813
7548.727539 0.000000 1414.603882 0.000000 0.446657 0.000000 -0.894705 0.216001 0.216001 0.216001
7549.818848 0.000000 1413.474609 0.000000 0.429267 0.000000 -0.903178 0.243875 0.243875 0.243875
7553.118652 0.000000 1400.355103 0.000000 0.072360 0.000000 -0.997379 0.211434 0.211434 0.211434
7572.141113 0.000000 1409.556763 0.000000 0.479385 0.000000 -0.877605 0.222439 0.222439 0.222439
7559.784180 0.000000 1408.941406 0.000000 0.402698 0.000000 -0.915333 0.224366 0.224366 0.224366
7635.737305 0.000000 1362.106689 0.000000 0.100217 0.000000 -0.994966 0.309434 0.309434 0.309434
7634.209473 0.000000 1366.528564 0.000000 0.265672 0.000000 -0.964064 0.294563 0.294563 0.294563
7554.356934 0.000000 1417.007568 0.000000 0.006958 0.000000 -0.999976 0.210658 0.210658 0.210658
7574.020996 0.000000 1413.429443 0.000000 0.134191 0.000000 -0.990955 0.241838 0.241838 0.241838
6524.112793 0.000000 2069.112549 0.000000 0.342020 0.000000 -0.939693 0.241062 0.241062 0.241062
6511.249023 0.000000 2056.174805 0.000000 0.330745 0.000000 -0.943720 0.317333 0.317333 0.317333
6470.057129 0.000000 2134.859619 0.000000 0.449596 0.000000 -0.893232 0.207528 0.207528 0.207528
6447.085449 0.000000 2241.718750 0.000000 0.164013 0.000000 -0.986458 0.213899 0.213899 0.213899
6455.432129 0.000000 2251.974365 0.000000 0.548287 0.000000 -0.836290 0.219355 0.219355 0.219355
6447.960449 0.000000 2245.842285 0.000000 0.253143 0.000000 -0.967429 0.253293 0.253293 0.253293
6442.544434 0.000000 2239.743652 0.000000 0.283774 0.000000 -0.958891 0.309101 0.309101 0.309101
6436.154785 0.000000 2210.593018 0.000000 0.283365 0.000000 -0.959012 0.294942 0.294942 0.294942
6445.494141 0.000000 2244.531006 0.000000 0.571537 0.000000 -0.820576 0.290321 0.290321 0.290321
6451.609375 0.000000 2233.056885 0.000000 0.465912 0.000000 -0.884831 0.276414 0.276414 0.276414
6436.343262 0.000000 2209.431885 0.000000 0.137681 0.000000 -0.990477 0.304266 0.304266 0.304266
6439.854004 0.000000 2213.939209 0.000000 0.366586 0.000000 -0.930384 0.321309 0.321309 0.321309
6450.699707 0.000000 2233.943604 0.000000 0.249491 0.000000 -0.968377 0.279400 0.279400 0.279400
6439.998535 0.000000 2226.316406 0.000000 0.315098 0.000000 -0.949059 0.273444 0.273444 0.273444
6518.238281 0.000000 2259.252686 0.000000 0.153588 0.000000 -0.988135 0.250540 0.250540 0.250540
6525.190430 0.000000 2258.312744 0.000000 0.206023 0.000000 -0.978547 0.280616 0.280616 0.280616
6470.988770 0.000000 2244.350830 0.000000 0.006572 0.000000 -0.999978 0.279939 0.279939 0.279939
6472.362793 0.000000 2258.675537 0.000000 0.356520 0.000000 -0.934287 0.305964 0.305964 0.305964
6524.564941 0.000000 2253.260254 0.000000 0.529443 0.000000 -0.848345 0.277959 0.277959 0.277959
6533.108887 0.000000 2196.038818 0.000000 0.007407 0.000000 -0.999973 0.322863 0.322863 0.322863
6561.680176 0.000000 2258.718262 0.000000 0.271738 0.000000 -0.962371 0.228629 0.228629 0.228629
6528.517090 0.000000 2252.667725 0.000000 0.305858 0.000000 -0.952077 0.223357 0.223357 0.223357
6648.005371 0.000000 2208.997803 0.000000 0.379716 0.000000 -0.925103 0.263160 0.263160 0.263160
6647.309570 0.000000 2211.136230 0.000000 0.166943 0.000000 -0.985966 0.278552 0.278552 0.278552
6837.449707 0.000000 1857.391479 0.000000 0.336570 0.000000 -0.941658 0.226812 0.226812 0.226812
6830.236328 0.000000 1863.356445 0.000000 0.471966 0.000000 -0.881617 0.245874 0.245874 0.245874
6844.926270 0.000000 1811.343018 0.000000 0.468239 0.000000 -0.883602 0.245917 0.245917 0.245917
6843.539551 0.000000 1860.034668 0.000000 0.058675 0.000000 -0.998277 0.257291 0.257291 0.257291
6836.617188 0.000000 1860.857056 0.000000 0.568809 0.000000 -0.822469 0.307204 0.307204 0.307204
6906.270996 0.000000 1815.833740 0.000000 0.212891 0.000000 -0.977076 0.232279 0.232279 0.232279
6855.620605 0.000000 1813.729248 0.000000 0.429538 0.000000 -0.903049 0.227814 0.227814 0.227814
6852.140625 0.000000 1849.067871 0.000000 0.000665 0.000000 -1.000000 0.243743 0.243743 0.243743
6893.470215 0.000000 1835.727051 0.000000 0.432728 0.000000 -0.901525 0.238269 0.238269 0.238269
6854.164062 0.000000 1836.069702 0.000000 0.206106 0.000000 -0.978530 0.248098 0.248098 0.248098
6886.014160 0.000000 1838.328613 0.000000 0.334988 0.000000 -0.942223 0.244256 0.244256 0.244256
6885.210449 0.000000 1839.581543 0.000000 0.432208 0.000000 -0.901774 0.253154 0.253154 0.253154
6902.646973 0.000000 1825.988647 0.000000 0.444087 0.000000 -0.895984 0.290562 0.290562 0.290562
6851.040527 0.000000 1855.545532 0.000000 0.506664 0.000000 -0.862144 0.319308 0.319308 0.319308
6851.005859 0.000000 1858.458008 0.000000 0.281387 0.000000 -0.959594 0.324504 0.324504 0.324504
6843.529785 0.000000 1864.631348 0.000000 0.492820 0.000000 -0.870131 0.213776 0.213776 0.213776
6842.264648 0.000000 1914.622314 0.000000 0.234185 0.000000 -0.972192 0.323687 0.323687 0.323687
6839.424805 0.000000 1888.253540 0.000000 0.073170 0.000000 -0.997319 0.272614 0.272614 0.272614
6834.592773 0.000000 1869.695557 0.000000 0.311789 0.000000 -0.950151 0.266521 0.266521 0.266521
6839.950684 0.000000 1902.168335 0.000000 0.214045 0.000000 -0.976824 0.310892 0.310892 0.310892
6835.501953 0.000000 1864.051270 0.000000 0.545973 0.000000 -0.837803 0.318895 0.318895 0.318895
6843.256348 0.000000 1872.954956 0.000000 0.138868 0.000000 -0.990311 0.318675 0.318675 0.318675
6862.979980 0.000000 1888.824585 0.000000 0.512197 0.000000 -0.858868 0.207537 0.207537 0.207537
6863.870117 0.000000 1900.807251 0.000000 0.108814 0.000000 -0.994062 0.214933 0.214933 0.214933
6851.095703 0.000000 1879.434448 0.000000 0.365127 0.000000 -0.930958 0.222231 0.222231 0.222231
6878.190918 0.000000 1901.038208 0.000000 0.556131 0.000000 -0.831095 0.229006 0.229006 0.229006
6850.209961 0.000000 1874.759155 0.000000 0.338088 0.000000 -0.941114 0.242350 0.242350 0.242350
6857.880371 0.000000 1897.502930 0.000000 0.136035 0.000000 -0.990704 0.241821 0.241821 0.241821
6858.666016 0.000000 1906.345947 0.000000 0.240430 0.000000 -0.970666 0.257863 0.257863 0.257863
6861.763672 0.000000 1918.622559 0.000000 0.127248 0.000000 -0.991871 0.253363 0.253363 0.253363
6877.685059 0.000000 1898.739014 0.000000 0.557940 0.000000 -0.829881 0.286825 0.286825 0.286825
6850.597656 0.000000 1877.449341 0.000000 0.270012 0.000000 -0.962857 0.282321 0.282321 0.282321
6856.415527 0.000000 1891.056641 0.000000 0.021516 0.000000 -0.999768 0.283670 0.283670 0.283670
6851.510254 0.000000 1871.258423 0.000000 0.023436 0.000000 -0.999725 0.288227 0.288227 0.288227
6859.572266 0.000000 1889.563232 0.000000 0.367153 0.000000 -0.930160 0.274652 0.274652 0.274652
6843.996582 0.000000 1927.737671 0.000000 0.012647 0.000000 -0.999920 0.327658 0.327658 0.327658
6842.750488 0.000000 1934.956177 0.000000 0.572684 0.000000 -0.819776 0.269867 0.269867 0.269867
6841.375000 0.000000 1923.726440 0.000000 0.223976 0.000000 -0.974595 0.269503 0.269503 0.269503
6872.512695 0.000000 1928.201660 0.000000 0.326053 0.000000 -0.945351 0.235610 0.235610 0.235610
6866.929199 0.000000 1925.942993 0.000000 0.381850 0.000000 -0.924224 0.229496 0.229496 0.229496
6869.555664 0.000000 1924.553833 0.000000 0.540662 0.000000 -0.841240 0.234662 0.234662 0.234662
6871.673828 0.000000 1926.424927 0.000000 0.121023 0.000000 -0.992650 0.238157 0.238157 0.238157
6856.616211 0.000000 1937.712402 0.000000 0.248117 0.000000 -0.968730 0.266026 0.266026 0.266026
6856.409180 0.000000 1935.288208 0.000000 0.585255 0.000000 -0.810849 0.256155 0.256155 0.256155
6849.121582 0.000000 1937.577271 0.000000 0.303547 0.000000 -0.952817 0.322502 0.322502 0.322502
6920.173828 0.000000 1829.766357 0.000000 0.202380 0.000000 -0.979307 0.209556 0.209556 0.209556
6832.587891 0.000000 2053.690674 0.000000 0.098555 0.000000 -0.995132 0.214381 0.214381 0.214381
6672.425781 0.000000 2197.109375 0.000000 0.104219 0.000000 -0.994554 0.238946 0.238946 0.238946
6676.942871 0.000000 2196.013428 0.000000 0.344068 0.000000 -0.938945 0.323018 0.323018 0.323018
6718.383301 0.000000 2224.057129 0.000000 0.417993 0.000000 -0.908450 0.234093 0.234093 0.234093
6726.475098 0.000000 2217.481201 0.000000 0.418872 0.000000 -0.908045 0.218076 0.218076 0.218076
6777.007324 0.000000 2248.551270 0.000000 0.535531 0.000000 -0.844516 0.217652 0.217652 0.217652
6775.893555 0.000000 2246.395508 0.000000 0.053545 0.000000 -0.998565 0.227338 0.227338 0.227338
6745.304688 0.000000 2203.884277 0.000000 0.584766 0.000000 -0.811202 0.219003 0.219003 0.219003
6732.062012 0.000000 2224.196045 0.000000 0.144722 0.000000 -0.989472 0.227212 0.227212 0.227212
6762.544434 0.000000 2239.743652 0.000000 0.144692 0.000000 -0.989477 0.281420 0.281420 0.281420
6771.748047 0.000000 2244.345947 0.000000 0.513596 0.000000 -0.858032 0.272602 0.272602 0.272602
6749.854004 0.000000 2232.083008 0.000000 0.317224 0.000000 -0.948351 0.295070 0.295070 0.295070
6751.121582 0.000000 2234.150879 0.000000 0.568036 0.000000 -0.823004 0.317304 0.317304 0.317304
6732.518066 0.000000 2231.480957 0.000000 0.029681 0.000000 -0.999559 0.326836 0.326836 0.326836
6735.586426 0.000000 2228.760010 0.000000 0.100941 0.000000 -0.994892 0.326363 0.326363 0.326363
6754.942871 0.000000 2241.325439 0.000000 0.368127 0.000000 -0.929776 0.300021 0.300021 0.300021
6730.277832 0.000000 2238.942383 0.000000 0.019644 0.000000 -0.999807 0.308041 0.308041 0.308041
6806.077637 0.000000 2220.065186 0.000000 0.441406 0.000000 -0.897307 0.208104 0.208104 0.208104
6806.733398 0.000000 2211.661621 0.000000 0.336205 0.000000 -0.941789 0.239874 0.239874 0.239874
6814.669434 0.000000 2218.507080 0.000000 0.194630 0.000000 -0.980877 0.269221 0.269221 0.269221
6808.429199 0.000000 2226.824219 0.000000 0.273130 0.000000 -0.961977 0.286756 0.286756 0.286756
6791.012695 0.000000 2203.981445 0.000000 0.218890 0.000000 -0.975750 0.283657 0.283657 0.283657
7076.620605 0.000000 2249.599121 0.000000 0.311779 0.000000 -0.950155 0.208451 0.208451 0.208451
7074.508301 0.000000 2249.456299 0.000000 0.330706 0.000000 -0.943734 0.222526 0.222526 0.222526
7074.393066 0.000000 2255.592285 0.000000 0.172256 0.000000 -0.985052 0.237684 0.237684 0.237684
7080.703613 0.000000 2257.759033 0.000000 0.552522 0.000000 -0.833499 0.287539 0.287539 0.287539
6462.948242 0.000000 2261.529053 0.000000 0.336305 0.000000 -0.941753 0.213831 0.213831 0.213831
6461.039062 0.000000 2277.716064 0.000000 0.405850 0.000000 -0.913940 0.277272 0.277272 0.277272
6484.832520 0.000000 2271.954590 0.000000 0.129648 0.000000 -0.991560 0.211026 0.211026 0.211026
6527.374512 0.000000 2299.470459 0.000000 0.441739 0.000000 -0.897144 0.219718 0.219718 0.219718
6493.614258 0.000000 2291.103027 0.000000 0.218867 0.000000 -0.975755 0.224087 0.224087 0.224087
6518.403320 0.000000 2279.060791 0.000000 0.013405 0.000000 -0.999910 0.235947 0.235947 0.235947
6498.559570 0.000000 2292.580566 0.000000 0.578910 0.000000 -0.815391 0.233630 0.233630 0.233630
6513.135254 0.000000 2286.211914 0.000000 0.130507 0.000000 -0.991447 0.237436 0.237436 0.237436
6465.945801 0.000000 2275.678711 0.000000 0.335999 0.000000 -0.941862 0.239876 0.239876 0.239876
6482.397949 0.000000 2281.510254 0.000000 0.065411 0.000000 -0.997858 0.264948 0.264948 0.264948
6488.631836 0.000000 2269.987793 0.000000 0.502171 0.000000 -0.864768 0.244910 0.244910 0.244910
6485.323242 0.000000 2300.596924 0.000000 0.205304 0.000000 -0.978698 0.255713 0.255713 0.255713
6490.203125 0.000000 2291.980957 0.000000 0.035875 0.000000 -0.999356 0.267873 0.267873 0.267873
6492.472656 0.000000 2304.891113 0.000000 0.058093 0.000000 -0.998311 0.301525 0.301525 0.301525
6520.311035 0.000000 2304.027100 0.000000 0.272316 0.000000 -0.962208 0.322938 0.322938 0.322938
6515.609375 0.000000 2289.541260 0.000000 0.107495 0.000000 -0.994206 0.269620 0.269620 0.269620
6515.089355 0.000000 2288.371826 0.000000 0.516424 0.000000 -0.856333 0.264495 0.264495 0.264495
6519.961426 0.000000 2261.067627 0.000000 0.433089 0.000000 -0.901351 0.311016 0.311016 0.311016
6480.913574 0.000000 2263.157959 0.000000 0.472938 0.000000 -0.881096 0.317262 0.317262 0.317262
6501.454590 0.000000 2288.558838 0.000000 0.457705 0.000000 -0.889104 0.296017 0.296017 0.296017
6501.261230 0.000000 2308.756592 0.000000 0.076521 0.000000 -0.997068 0.301910 0.301910 0.301910
6474.479980 0.000000 2287.524658 0.000000 0.496343 0.000000 -0.868127 0.297252 0.297252 0.297252
6488.183105 0.000000 2281.062500 0.000000 0.189553 0.000000 -0.981871 0.325634 0.325634 0.325634
6549.208496 0.000000 2299.254150 0.000000 0.413188 0.000000 -0.910646 0.207488 0.207488 0.207488
6536.908691 0.000000 2305.274902 0.000000 0.240839 0.000000 -0.970565 0.208882 0.208882 0.208882
6561.412109 0.000000 2274.332031 0.000000 0.310241 0.000000 -0.950658 0.211566 0.211566 0.211566
6562.967773 0.000000 2294.117676 0.000000 0.074389 0.000000 -0.997229 0.230964 0.230964 0.230964
6558.652344 0.000000 2271.460449 0.000000 0.047630 0.000000 -0.998865 0.224220 0.224220 0.224220
6562.977539 0.000000 2273.874512 0.000000 0.282471 0.000000 -0.959276 0.244797 0.244797 0.244797
6555.790527 0.000000 2278.128418 0.000000 0.407757 0.000000 -0.913090 0.245351 0.245351 0.245351
6562.454102 0.000000 2300.396240 0.000000 0.024827 0.000000 -0.999692 0.266056 0.266056 0.266056
6539.583008 0.000000 2306.319824 0.000000 0.190637 0.000000 -0.981660 0.258418 0.258418 0.258418
6548.708984 0.000000 2302.940430 0.000000 0.140948 0.000000 -0.990017 0.253219 0.253219 0.253219
6552.136230 0.000000 2279.789307 0.000000 0.167032 0.000000 -0.985951 0.271478 0.271478 0.271478
6536.362793 0.000000 2315.159912 0.000000 0.169112 0.000000 -0.985597 0.325810 0.325810 0.325810
6558.526367 0.000000 2303.830322 0.000000 0.082312 0.000000 -0.996607 0.328203 0.328203 0.328203
6531.040527 0.000000 2307.420654 0.000000 0.214492 0.000000 -0.976726 0.296612 0.296612 0.296612
6566.214844 0.000000 2272.004883 0.000000 0.550592 0.000000 -0.834775 0.268342 0.268342 0.268342
6530.422363 0.000000 2298.373291 0.000000 0.077016 0.000000 -0.997030 0.274510 0.274510 0.274510
6539.039062 0.000000 2332.115723 0.000000 0.479342 0.000000 -0.877628 0.233473 0.233473 0.233473
6532.220703 0.000000 2333.214111 0.000000 0.335866 0.000000 -0.941910 0.261181 0.261181 0.261181
6543.853516 0.000000 2330.596680 0.000000 0.266381 0.000000 -0.963868 0.261369 0.261369 0.261369
6628.620605 0.000000 2362.567871 0.000000 0.146000 0.000000 -0.989285 0.209529 0.209529 0.209529
6619.635742 0.000000 2338.909668 0.000000 0.461315 0.000000 -0.887236 0.207574 0.207574 0.207574
6598.475098 0.000000 2330.449951 0.000000 0.387272 0.000000 -0.921965 0.212814 0.212814 0.212814
6642.750488 0.000000 2356.412598 0.000000 0.302445 0.000000 -0.953167 0.217188 0.217188 0.217188
6626.087402 0.000000 2340.914551 0.000000 0.416885 0.000000 -0.908959 0.221778 0.221778 0.221778
6613.894043 0.000000 2369.133301 0.000000 0.137106 0.000000 -0.990556 0.243714 0.243714 0.243714
6627.500488 0.000000 2343.443848 0.000000 0.326851 0.000000 -0.945076 0.240591 0.240591 0.240591
6599.363281 0.000000 2339.309814 0.000000 0.008745 0.000000 -0.999962 0.250732 0.250732 0.250732
6592.098633 0.000000 2351.921875 0.000000 0.558376 0.000000 -0.829588 0.250989 0.250989 0.250989
6608.186523 0.000000 2391.495117 0.000000 0.301922 0.000000 -0.953333 0.208679 0.208679 0.208679
6640.587891 0.000000 2392.596924 0.000000 0.283846 0.000000 -0.958870 0.211765 0.211765 0.211765
6640.914551 0.000000 2389.527344 0.000000 0.253620 0.000000 -0.967304 0.226291 0.226291 0.226291
6645.188965 0.000000 2426.756592 0.000000 0.458610 0.000000 -0.888637 0.223856 0.223856 0.223856
6625.128418 0.000000 2413.106934 0.000000 0.535407 0.000000 -0.844594 0.224345 0.224345 0.224345
6628.990723 0.000000 2373.029297 0.000000 0.061681 0.000000 -0.998096 0.238064 0.238064 0.238064
6622.190918 0.000000 2409.397705 0.000000 0.009232 0.000000 -0.999957 0.240459 0.240459 0.240459
6629.802246 0.000000 2390.620605 0.000000 0.011905 0.000000 -0.999929 0.251344 0.251344 0.251344
6614.014160 0.000000 2377.877930 0.000000 0.123478 0.000000 -0.992347 0.245754 0.245754 0.245754
6625.799316 0.000000 2411.229736 0.000000 0.534095 0.000000 -0.845424 0.295967 0.295967 0.295967
6633.492676 0.000000 2422.827637 0.000000 0.140068 0.000000 -0.990142 0.282127 0.282127 0.282127
6617.950684 0.000000 2374.324219 0.000000 0.035598 0.000000 -0.999366 0.283487 0.283487 0.283487
6625.641602 0.000000 2446.906738 0.000000 0.562485 0.000000 -0.826807 0.207722 0.207722 0.207722
6642.750488 0.000000 2469.381348 0.000000 0.495262 0.000000 -0.868743 0.222291 0.222291 0.222291
6613.555664 0.000000 2432.913086 0.000000 0.191502 0.000000 -0.981492 0.231841 0.231841 0.231841
6641.743164 0.000000 2468.473877 0.000000 0.327017 0.000000 -0.945018 0.322062 0.322062 0.322062
6637.039062 0.000000 2466.251465 0.000000 0.074017 0.000000 -0.997257 0.275195 0.275195 0.275195
6650.750488 0.000000 2499.799805 0.000000 0.136261 0.000000 -0.990673 0.265425 0.265425 0.265425
6655.384277 0.000000 2501.076660 0.000000 0.191607 0.000000 -0.981472 0.275665 0.275665 0.275665
6668.112305 0.000000 2274.281738 0.000000 0.545840 0.000000 -0.837889 0.206944 0.206944 0.206944
6683.635742 0.000000 2282.425293 0.000000 0.208567 0.000000 -0.978008 0.209376 0.209376 0.209376
6686.816895 0.000000 2273.812744 0.000000 0.499334 0.000000 -0.866409 0.210679 0.210679 0.210679
6697.936523 0.000000 2312.471436 0.000000 0.056253 0.000000 -0.998417 0.236840 0.236840 0.236840
6718.383301 0.000000 2280.541504 0.000000 0.487883 0.000000 -0.872909 0.242609 0.242609 0.242609
6716.112793 0.000000 2295.050049 0.000000 0.052575 0.000000 -0.998617 0.252857 0.252857 0.252857
6684.286133 0.000000 2281.060547 0.000000 0.366190 0.000000 -0.930540 0.239572 0.239572 0.239572
6680.874512 0.000000 2277.390137 0.000000 0.249193 0.000000 -0.968454 0.264742 0.264742 0.264742
6678.048340 0.000000 2282.488037 0.000000 0.252415 0.000000 -0.967619 0.281921 0.281921 0.281921
6717.613770 0.000000 2285.946045 0.000000 0.231172 0.000000 -0.972913 0.325495 0.325495 0.325495
6680.429199 0.000000 2283.308594 0.000000 0.160296 0.000000 -0.987069 0.281862 0.281862 0.281862
6690.956543 0.000000 2280.605225 0.000000 0.264242 0.000000 -0.964456 0.296514 0.296514 0.296514
6689.173340 0.000000 2283.772217 0.000000 0.010730 0.000000 -0.999942 0.327692 0.327692 0.327692
6693.876953 0.000000 2283.192383 0.000000 0.022826 0.000000 -0.999739 0.306669 0.306669 0.306669
6684.225586 0.000000 2287.004883 0.000000 0.329960 0.000000 -0.943995 0.282766 0.282766 0.282766
6758.889160 0.000000 2282.814697 0.000000 0.196442 0.000000 -0.980515 0.209084 0.209084 0.209084
6737.939453 0.000000 2301.170654 0.000000 0.406974 0.000000 -0.913440 0.207677 0.207677 0.207677
6777.384766 0.000000 2315.626709 0.000000 0.513408 0.000000 -0.858145 0.207160 0.207160 0.207160
6747.698730 0.000000 2305.874268 0.000000 0.379869 0.000000 -0.925040 0.208257 0.208257 0.208257
6722.199219 0.000000 2266.487305 0.000000 0.164689 0.000000 -0.986346 0.222025 0.222025 0.222025
6756.560547 0.000000 2273.430664 0.000000 0.533844 0.000000 -0.845583 0.229849 0.229849 0.229849
6745.336426 0.000000 2297.373291 0.000000 0.090395 0.000000 -0.995906 0.237167 0.237167 0.237167
6774.403320 0.000000 2279.060791 0.000000 0.370860 0.000000 -0.928689 0.225886 0.225886 0.225886
6759.382324 0.000000 2292.993408 0.000000 0.568575 0.000000 -0.822631 0.228875 0.228875 0.228875
6734.365723 0.000000 2302.372314 0.000000 0.470435 0.000000 -0.882435 0.283236 0.283236 0.283236
6764.330078 0.000000 2278.139893 0.000000 0.312135 0.000000 -0.950038 0.263988 0.263988 0.263988
6745.752441 0.000000 2315.752197 0.000000 0.246954 0.000000 -0.969027 0.272408 0.272408 0.272408
6748.046387 0.000000 2292.689209 0.000000 0.303634 0.000000 -0.952789 0.260302 0.260302 0.260302
6770.230469 0.000000 2310.331299 0.000000 0.506639 0.000000 -0.862158 0.266490 0.266490 0.266490
6758.709473 0.000000 2270.182617 0.000000 0.084661 0.000000 -0.996410 0.283500 0.283500 0.283500
6771.308594 0.000000 2274.550049 0.000000 0.218514 0.000000 -0.975834 0.288165 0.288165 0.288165
6770.290039 0.000000 2313.141113 0.000000 0.081162 0.000000 -0.996701 0.270578 0.270578 0.270578
6767.740234 0.000000 2274.513672 0.000000 0.332371 0.000000 -0.943149 0.308293 0.308293 0.308293
6769.437988 0.000000 2275.549805 0.000000 0.555949 0.000000 -0.831217 0.317124 0.317124 0.317124
6677.934570 0.000000 2370.671387 0.000000 0.467578 0.000000 -0.883952 0.207498 0.207498 0.207498
6709.449707 0.000000 2365.750977 0.000000 0.374406 0.000000 -0.927265 0.222150 0.222150 0.222150
6699.175293 0.000000 2334.156738 0.000000 0.568099 0.000000 -0.822960 0.242906 0.242906 0.242906
6713.981445 0.000000 2321.486816 0.000000 0.184010 0.000000 -0.982924 0.315954 0.315954 0.315954
6702.722168 0.000000 2363.670898 0.000000 0.218974 0.000000 -0.975731 0.324621 0.324621 0.324621
6711.338379 0.000000 2348.383545 0.000000 0.451310 0.000000 -0.892367 0.251065 0.251065 0.251065
6713.099121 0.000000 2362.861572 0.000000 0.570808 0.000000 -0.821083 0.296556 0.296556 0.296556
6702.644531 0.000000 2360.855713 0.000000 0.440124 0.000000 -0.897937 0.319417 0.319417 0.319417
6696.398438 0.000000 2324.725830 0.000000 0.573386 0.000000 -0.819286 0.261848 0.261848 0.261848
6699.365234 0.000000 2358.847168 0.000000 0.108267 0.000000 -0.994122 0.325519 0.325519 0.325519
6696.923828 0.000000 2322.557373 0.000000 0.237047 0.000000 -0.971498 0.261073 0.261073 0.261073
6703.731934 0.000000 2362.958252 0.000000 0.127385 0.000000 -0.991853 0.326318 0.326318 0.326318
6702.873535 0.000000 2364.960693 0.000000 0.221904 0.000000 -0.975069 0.291983 0.291983 0.291983
6701.887207 0.000000 2355.091309 0.000000 0.013040 0.000000 -0.999915 0.265542 0.265542 0.265542
6698.301758 0.000000 2359.405029 0.000000 0.534478 0.000000 -0.845182 0.317571 0.317571 0.317571
6700.346191 0.000000 2363.499268 0.000000 0.087684 0.000000 -0.996148 0.303713 0.303713 0.303713
6698.410156 0.000000 2356.895264 0.000000 0.445127 0.000000 -0.895468 0.321190 0.321190 0.321190
6697.447266 0.000000 2332.764648 0.000000 0.011848 0.000000 -0.999930 0.295611 0.295611 0.295611
6692.323242 0.000000 2326.360107 0.000000 0.487674 0.000000 -0.873026 0.271108 0.271108 0.271108
6695.180176 0.000000 2346.283691 0.000000 0.352047 0.000000 -0.935982 0.301559 0.301559 0.301559
6700.436035 0.000000 2357.015137 0.000000 0.144946 0.000000 -0.989439 0.319889 0.319889 0.319889
6760.015625 0.000000 2323.488037 0.000000 0.242025 0.000000 -0.970270 0.208841 0.208841 0.208841
6768.918945 0.000000 2330.845459 0.000000 0.320410 0.000000 -0.947279 0.208359 0.208359 0.208359
6728.173828 0.000000 2338.125732 0.000000 0.508938 0.000000 -0.860803 0.211206 0.211206 0.211206
6728.404785 0.000000 2336.287354 0.000000 0.130415 0.000000 -0.991459 0.235538 0.235538 0.235538
6766.867676 0.000000 2346.319092 0.000000 0.398567 0.000000 -0.917139 0.240482 0.240482 0.240482
6740.179199 0.000000 2317.136475 0.000000 0.040967 0.000000 -0.999160 0.246561 0.246561 0.246561
6744.231445 0.000000 2317.537598 0.000000 0.483102 0.000000 -0.875564 0.258118 0.258118 0.258118
6737.206543 0.000000 2353.190674 0.000000 0.056186 0.000000 -0.998420 0.291711 0.291711 0.291711
6720.489258 0.000000 2347.281494 0.000000 0.198638 0.000000 -0.980073 0.273012 0.273012 0.273012
6738.317871 0.000000 2351.102051 0.000000 0.377459 0.000000 -0.926026 0.288427 0.288427 0.288427
6759.291504 0.000000 2354.864990 0.000000 0.006022 0.000000 -0.999982 0.277986 0.277986 0.277986
6730.277832 0.000000 2351.911133 0.000000 0.369839 0.000000 -0.929096 0.280303 0.280303 0.280303
6727.204590 0.000000 2344.842041 0.000000 0.249654 0.000000 -0.968335 0.274926 0.274926 0.274926
6760.466309 0.000000 2349.396729 0.000000 0.390319 0.000000 -0.920680 0.277489 0.277489 0.277489
6822.581055 0.000000 2294.499512 0.000000 0.432824 0.000000 -0.901478 0.207711 0.207711 0.207711
6833.324707 0.000000 2294.972168 0.000000 0.480794 0.000000 -0.876833 0.223038 0.223038 0.223038
6809.909180 0.000000 2276.461182 0.000000 0.292101 0.000000 -0.956387 0.237184 0.237184 0.237184
6789.597656 0.000000 2272.842529 0.000000 0.094908 0.000000 -0.995486 0.259470 0.259470 0.259470
6786.009277 0.000000 2280.423828 0.000000 0.573358 0.000000 -0.819305 0.261233 0.261233 0.261233
6787.154785 0.000000 2280.126953 0.000000 0.085061 0.000000 -0.996376 0.267304 0.267304 0.267304
6795.084961 0.000000 2326.238037 0.000000 0.264844 0.000000 -0.964291 0.224949 0.224949 0.224949
6808.204102 0.000000 2360.386963 0.000000 0.148919 0.000000 -0.988849 0.230955 0.230955 0.230955
6813.034668 0.000000 2369.343262 0.000000 0.312813 0.000000 -0.949815 0.244486 0.244486 0.244486
6802.728027 0.000000 2350.017334 0.000000 0.224357 0.000000 -0.974507 0.237828 0.237828 0.237828
6788.220703 0.000000 2333.214111 0.000000 0.274453 0.000000 -0.961601 0.310548 0.310548 0.310548
6812.472656 0.000000 2361.375488 0.000000 0.066827 0.000000 -0.997765 0.325186 0.325186 0.325186
6802.234375 0.000000 2347.322510 0.000000 0.263688 0.000000 -0.964608 0.313967 0.313967 0.313967
6796.215332 0.000000 2326.715820 0.000000 0.123485 0.000000 -0.992346 0.278461 0.278461 0.278461
6698.442383 0.000000 2400.394531 0.000000 0.553300 0.000000 -0.832982 0.225992 0.225992 0.225992
6699.765137 0.000000 2401.627930 0.000000 0.322944 0.000000 -0.946418 0.228175 0.228175 0.228175
6718.710938 0.000000 2410.570068 0.000000 0.211413 0.000000 -0.977397 0.301838 0.301838 0.301838
6719.246094 0.000000 2408.353271 0.000000 0.093703 0.000000 -0.995600 0.325553 0.325553 0.325553
6716.871582 0.000000 2401.538574 0.000000 0.172981 0.000000 -0.984925 0.261165 0.261165 0.261165
6666.277832 0.000000 2408.395508 0.000000 0.056901 0.000000 -0.998380 0.327836 0.327836 0.327836
6677.500000 0.000000 2402.527588 0.000000 0.546117 0.000000 -0.837709 0.317144 0.317144 0.317144
6754.087402 0.000000 2397.398926 0.000000 0.522966 0.000000 -0.852353 0.222638 0.222638 0.222638
6720.523438 0.000000 2373.999756 0.000000 0.407628 0.000000 -0.913148 0.234195 0.234195 0.234195
6742.383789 0.000000 2419.355469 0.000000 0.403675 0.000000 -0.914903 0.243532 0.243532 0.243532
6722.176270 0.000000 2410.277100 0.000000 0.499579 0.000000 -0.866268 0.250490 0.250490 0.250490
6720.042480 0.000000 2405.774902 0.000000 0.092625 0.000000 -0.995701 0.327786 0.327786 0.327786
6738.134277 0.000000 2428.743896 0.000000 0.049014 0.000000 -0.998798 0.312217 0.312217 0.312217
6720.489258 0.000000 2403.765869 0.000000 0.288531 0.000000 -0.957470 0.295506 0.295506 0.295506
6783.384277 0.000000 2388.107910 0.000000 0.375895 0.000000 -0.926662 0.306917 0.306917 0.306917
6755.665039 0.000000 2381.924805 0.000000 0.403051 0.000000 -0.915178 0.286144 0.286144 0.286144
6669.139648 0.000000 2472.372803 0.000000 0.178754 0.000000 -0.983894 0.222538 0.222538 0.222538
6678.696289 0.000000 2465.142822 0.000000 0.479363 0.000000 -0.877617 0.240856 0.240856 0.240856
6678.249023 0.000000 2485.195312 0.000000 0.343438 0.000000 -0.939175 0.239801 0.239801 0.239801
6681.172852 0.000000 2465.342773 0.000000 0.491044 0.000000 -0.871135 0.251211 0.251211 0.251211
6662.966309 0.000000 2476.697998 0.000000 0.099685 0.000000 -0.995019 0.328093 0.328093 0.328093
6700.345703 0.000000 2439.544678 0.000000 0.162801 0.000000 -0.986659 0.289587 0.289587 0.289587
6674.134277 0.000000 2485.228271 0.000000 0.146997 0.000000 -0.989137 0.325264 0.325264 0.325264
6660.561035 0.000000 2475.109619 0.000000 0.161274 0.000000 -0.986910 0.288960 0.288960 0.288960
6665.122070 0.000000 2475.889648 0.000000 0.291839 0.000000 -0.956467 0.295456 0.295456 0.295456
6695.708496 0.000000 2434.822754 0.000000 0.532744 0.000000 -0.846276 0.319270 0.319270 0.319270
6671.586426 0.000000 2454.697510 0.000000 0.558104 0.000000 -0.829771 0.318399 0.318399 0.318399
6684.718750 0.000000 2439.328613 0.000000 0.289353 0.000000 -0.957222 0.297419 0.297419 0.297419
6688.901855 0.000000 2435.711914 0.000000 0.199317 0.000000 -0.979935 0.326168 0.326168 0.326168
6690.086426 0.000000 2435.726074 0.000000 0.459448 0.000000 -0.888205 0.320760 0.320760 0.320760
6730.564941 0.000000 2431.376953 0.000000 0.143172 0.000000 -0.989698 0.212179 0.212179 0.212179
6757.463867 0.000000 2436.433594 0.000000 0.075566 0.000000 -0.997141 0.210784 0.210784 0.210784
6773.385254 0.000000 2459.435303 0.000000 0.537178 0.000000 -0.843469 0.228594 0.228594 0.228594
6760.696289 0.000000 2439.075684 0.000000 0.107370 0.000000 -0.994219 0.298835 0.298835 0.298835
6735.758301 0.000000 2437.513184 0.000000 0.443059 0.000000 -0.896492 0.294996 0.294996 0.294996
6827.960938 0.000000 2394.446045 0.000000 0.235322 0.000000 -0.971917 0.219586 0.219586 0.219586
6813.096680 0.000000 2372.739990 0.000000 0.545212 0.000000 -0.838298 0.220599 0.220599 0.220599
6844.454590 0.000000 2412.682861 0.000000 0.170279 0.000000 -0.985396 0.221354 0.221354 0.221354
6787.095703 0.000000 2387.793945 0.000000 0.582233 0.000000 -0.813022 0.220844 0.220844 0.220844
6838.203613 0.000000 2412.674316 0.000000 0.176530 0.000000 -0.984295 0.242066 0.242066 0.242066
6785.312988 0.000000 2391.829346 0.000000 0.405506 0.000000 -0.914092 0.320169 0.320169 0.320169
6835.609375 0.000000 2402.510010 0.000000 0.530452 0.000000 -0.847715 0.297909 0.297909 0.297909
6784.213379 0.000000 2384.445312 0.000000 0.521800 0.000000 -0.853068 0.284930 0.284930 0.284930
6834.699707 0.000000 2403.396729 0.000000 0.080627 0.000000 -0.996744 0.305133 0.305133 0.305133
6864.716797 0.000000 2404.441650 0.000000 0.374508 0.000000 -0.927224 0.208238 0.208238 0.208238
6862.222168 0.000000 2395.494629 0.000000 0.581075 0.000000 -0.813850 0.233606 0.233606 0.233606
6858.583984 0.000000 2398.567871 0.000000 0.399295 0.000000 -0.916823 0.244821 0.244821 0.244821
6854.164062 0.000000 2400.913574 0.000000 0.572434 0.000000 -0.819951 0.238579 0.238579 0.238579
6852.693359 0.000000 2404.984131 0.000000 0.241365 0.000000 -0.970434 0.322810 0.322810 0.322810
6876.419922 0.000000 2403.886719 0.000000 0.188297 0.000000 -0.982112 0.313921 0.313921 0.313921
6855.807129 0.000000 2405.545410 0.000000 0.105024 0.000000 -0.994470 0.313965 0.313965 0.313965
6808.887695 0.000000 2470.428223 0.000000 0.201050 0.000000 -0.979581 0.216739 0.216739 0.216739
6807.733887 0.000000 2470.729248 0.000000 0.298405 0.000000 -0.954439 0.283207 0.283207 0.283207
6808.446289 0.000000 2472.167236 0.000000 0.141427 0.000000 -0.989949 0.325149 0.325149 0.325149
6974.871094 0.000000 2302.885498 0.000000 0.505190 0.000000 -0.863008 0.247339 0.247339 0.247339
7055.325195 0.000000 2294.383545 0.000000 0.151871 0.000000 -0.988400 0.223382 0.223382 0.223382
7054.389648 0.000000 2297.159424 0.000000 0.078032 0.000000 -0.996951 0.233469 0.233469 0.233469
7079.989746 0.000000 2285.278809 0.000000 0.119949 0.000000 -0.992780 0.238801 0.238801 0.238801
7078.707031 0.000000 2267.932373 0.000000 0.476260 0.000000 -0.879305 0.244590 0.244590 0.244590
7082.059082 0.000000 2294.657959 0.000000 0.076070 0.000000 -0.997102 0.243027 0.243027 0.243027
7078.826172 0.000000 2266.111084 0.000000 0.007985 0.000000 -0.999968 0.249453 0.249453 0.249453
7052.607910 0.000000 2296.310547 0.000000 0.103462 0.000000 -0.994633 0.252332 0.252332 0.252332
7060.063965 0.000000 2300.249268 0.000000 0.029262 0.000000 -0.999572 0.257605 0.257605 0.257605
7059.222656 0.000000 2301.208008 0.000000 0.242025 0.000000 -0.970270 0.257845 0.257845 0.257845
7077.762695 0.000000 2303.252441 0.000000 0.463375 0.000000 -0.886162 0.269577 0.269577 0.269577
7067.313477 0.000000 2307.008545 0.000000 0.329792 0.000000 -0.944054 0.322009 0.322009 0.322009
7065.831543 0.000000 2266.518555 0.000000 0.074455 0.000000 -0.997224 0.277135 0.277135 0.277135
7072.901855 0.000000 2266.258789 0.000000 0.333420 0.000000 -0.942778 0.323231 0.323231 0.323231
7079.180176 0.000000 2289.799316 0.000000 0.245148 0.000000 -0.969486 0.281378 0.281378 0.281378
7075.665039 0.000000 2268.956055 0.000000 0.384158 0.000000 -0.923267 0.306776 0.306776 0.306776
6675.894531 0.000000 2493.084229 0.000000 0.189457 0.000000 -0.981889 0.214957 0.214957 0.214957
6663.620605 0.000000 2491.541748 0.000000 0.276308 0.000000 -0.961069 0.229836 0.229836 0.229836
6673.185059 0.000000 2499.818604 0.000000 0.275392 0.000000 -0.961332 0.289286 0.289286 0.289286
6660.220703 0.000000 2502.667236 0.000000 0.079569 0.000000 -0.996829 0.313054 0.313054 0.313054
6661.529297 0.000000 2488.802490 0.000000 0.371640 0.000000 -0.928377 0.259495 0.259495 0.259495
6672.268066 0.000000 2497.590576 0.000000 0.493991 0.000000 -0.869467 0.311791 0.311791 0.311791
6673.011230 0.000000 2486.649658 0.000000 0.490671 0.000000 -0.871345 0.320205 0.320205 0.320205
6684.834961 0.000000 2493.988281 0.000000 0.127525 0.000000 -0.991835 0.301152 0.301152 0.301152
6669.527344 0.000000 2492.356201 0.000000 0.143372 0.000000 -0.989669 0.287262 0.287262 0.287262
6682.770996 0.000000 2494.913086 0.000000 0.084495 0.000000 -0.996424 0.328329 0.328329 0.328329
6661.319336 0.000000 2505.281006 0.000000 0.522420 0.000000 -0.852688 0.304327 0.304327 0.304327
6672.913574 0.000000 2489.095459 0.000000 0.115485 0.000000 -0.993309 0.321046 0.321046 0.321046
6656.649414 0.000000 2500.227539 0.000000 0.567423 0.000000 -0.823426 0.316001 0.316001 0.316001
6667.238281 0.000000 2491.453613 0.000000 0.161891 0.000000 -0.986809 0.324732 0.324732 0.324732
7258.914551 0.000000 2367.563232 0.000000 0.529498 0.000000 -0.848311 0.260605 0.260605 0.260605
7265.152344 0.000000 2362.027344 0.000000 0.373073 0.000000 -0.927802 0.292938 0.292938 0.292938
7267.980469 0.000000 2363.652832 0.000000 0.520375 0.000000 -0.853938 0.271261 0.271261 0.271261
7209.128906 0.000000 2393.209473 0.000000 0.481533 0.000000 -0.876428 0.212045 0.212045 0.212045
7230.282715 0.000000 2388.464600 0.000000 0.541137 0.000000 -0.840934 0.263534 0.263534 0.263534
7254.351074 0.000000 2391.084229 0.000000 0.461200 0.000000 -0.887296 0.239203 0.239203 0.239203
7281.135254 0.000000 2399.180664 0.000000 0.480437 0.000000 -0.877029 0.239612 0.239612 0.239612
7290.093750 0.000000 2402.780518 0.000000 0.335236 0.000000 -0.942134 0.241755 0.241755 0.241755
7263.443848 0.000000 2410.455078 0.000000 0.487739 0.000000 -0.872990 0.273600 0.273600 0.273600
7284.887695 0.000000 2395.930908 0.000000 0.498468 0.000000 -0.866908 0.257303 0.257303 0.257303
7274.127930 0.000000 2419.797119 0.000000 0.571419 0.000000 -0.820659 0.317987 0.317987 0.317987
7277.231445 0.000000 2425.926758 0.000000 0.381265 0.000000 -0.924466 0.293447 0.293447 0.293447
7283.336914 0.000000 2394.455322 0.000000 0.370336 0.000000 -0.928898 0.322755 0.322755 0.322755
7286.203613 0.000000 2469.158691 0.000000 0.122067 0.000000 -0.992522 0.258533 0.258533 0.258533
7274.844238 0.000000 2437.728027 0.000000 0.564335 0.000000 -0.825546 0.272464 0.272464 0.272464
7287.950684 0.000000 2467.012207 0.000000 0.529016 0.000000 -0.848612 0.264940 0.264940 0.264940
7291.484375 0.000000 2470.024414 0.000000 0.566985 0.000000 -0.823728 0.318487 0.318487 0.318487
7289.571289 0.000000 2468.683838 0.000000 0.407040 0.000000 -0.913410 0.300657 0.300657 0.300657
7289.725098 0.000000 2461.330811 0.000000 0.468519 0.000000 -0.883453 0.319551 0.319551 0.319551
7293.764648 0.000000 2466.484131 0.000000 0.539024 0.000000 -0.842291 0.319053 0.319053 0.319053
7298.176270 0.000000 2410.277100 0.000000 0.332755 0.000000 -0.943013 0.301870 0.301870 0.301870
7300.470703 0.000000 2407.332764 0.000000 0.272765 0.000000 -0.962081 0.272082 0.272082 0.272082
7317.235840 0.000000 2448.689209 0.000000 0.514115 0.000000 -0.857721 0.208735 0.208735 0.208735
7301.351074 0.000000 2466.954102 0.000000 0.046816 0.000000 -0.998904 0.228661 0.228661 0.228661
7305.022461 0.000000 2471.895264 0.000000 0.426659 0.000000 -0.904413 0.264445 0.264445 0.264445
7302.966309 0.000000 2476.697998 0.000000 0.250650 0.000000 -0.968078 0.263455 0.263455 0.263455
7317.042969 0.000000 2456.731934 0.000000 0.168393 0.000000 -0.985720 0.271461 0.271461 0.271461
7301.862793 0.000000 2464.693115 0.000000 0.182241 0.000000 -0.983254 0.270651 0.270651 0.270651
7291.993164 0.000000 2501.856201 0.000000 0.546513 0.000000 -0.837450 0.233988 0.233988 0.233988
7294.913574 0.000000 2531.351074 0.000000 0.539473 0.000000 -0.842003 0.238957 0.238957 0.238957
7293.294434 0.000000 2500.827881 0.000000 0.445699 0.000000 -0.895183 0.248030 0.248030 0.248030
7280.056641 0.000000 2536.519287 0.000000 0.503016 0.000000 -0.864277 0.257244 0.257244 0.257244
7285.270996 0.000000 2545.096924 0.000000 0.144443 0.000000 -0.989513 0.310050 0.310050 0.310050
7309.188965 0.000000 2493.567139 0.000000 0.419699 0.000000 -0.907663 0.237166 0.237166 0.237166
7301.529297 0.000000 2488.802490 0.000000 0.105419 0.000000 -0.994428 0.283228 0.283228 0.283228
7353.653809 0.000000 2538.153076 0.000000 0.104314 0.000000 -0.994544 0.278704 0.278704 0.278704
7346.290039 0.000000 2539.078613 0.000000 0.545372 0.000000 -0.838194 0.317829 0.317829 0.317829
7349.492676 0.000000 2540.841797 0.000000 0.147550 0.000000 -0.989055 0.321161 0.321161 0.321161
7353.305176 0.000000 2536.509277 0.000000 0.143374 0.000000 -0.989668 0.289207 0.289207 0.289207
7308.067383 0.000000 2485.399658 0.000000 0.123814 0.000000 -0.992306 0.326112 0.326112 0.326112
7303.012695 0.000000 2486.403320 0.000000 0.399380 0.000000 -0.916785 0.322154 0.322154 0.322154
7311.197266 0.000000 2553.429688 0.000000 0.230721 0.000000 -0.973020 0.209019 0.209019 0.209019
7339.690430 0.000000 2545.360840 0.000000 0.380722 0.000000 -0.924690 0.211638 0.211638 0.211638
7346.216309 0.000000 2586.341797 0.000000 0.146477 0.000000 -0.989214 0.227198 0.227198 0.227198
7355.993164 0.000000 2558.340576 0.000000 0.457928 0.000000 -0.888989 0.227544 0.227544 0.227544
7359.210449 0.000000 2576.398682 0.000000 0.235637 0.000000 -0.971841 0.235210 0.235210 0.235210
7353.112305 0.000000 2548.387207 0.000000 0.384455 0.000000 -0.923144 0.228853 0.228853 0.228853
7322.692383 0.000000 2554.247803 0.000000 0.078127 0.000000 -0.996943 0.242370 0.242370 0.242370
7342.236328 0.000000 2597.653320 0.000000 0.102872 0.000000 -0.994695 0.252978 0.252978 0.252978
7326.425293 0.000000 2548.681152 0.000000 0.080059 0.000000 -0.996790 0.255138 0.255138 0.255138
7359.365723 0.000000 2551.762207 0.000000 0.270519 0.000000 -0.962714 0.267661 0.267661 0.267661
7297.219727 0.000000 2549.815430 0.000000 0.568591 0.000000 -0.822620 0.294728 0.294728 0.294728
7315.389160 0.000000 2554.379639 0.000000 0.203629 0.000000 -0.979048 0.287728 0.287728 0.287728
7352.005371 0.000000 2547.904053 0.000000 0.420414 0.000000 -0.907332 0.283991 0.283991 0.283991
7332.343262 0.000000 2548.338135 0.000000 0.312835 0.000000 -0.949807 0.298340 0.298340 0.298340
7335.595215 0.000000 2584.894775 0.000000 0.447690 0.000000 -0.894189 0.265420 0.265420 0.265420
7333.454590 0.000000 2570.980713 0.000000 0.030811 0.000000 -0.999525 0.278981 0.278981 0.278981
7394.111328 0.000000 2573.412109 0.000000 0.006577 0.000000 -0.999978 0.213791 0.213791 0.213791
7371.442871 0.000000 2559.605469 0.000000 0.084065 0.000000 -0.996460 0.211977 0.211977 0.211977
7388.928223 0.000000 2559.677002 0.000000 0.555923 0.000000 -0.831234 0.209591 0.209591 0.209591
7364.483887 0.000000 2571.545654 0.000000 0.415130 0.000000 -0.909762 0.230416 0.230416 0.230416
7371.377441 0.000000 2561.340332 0.000000 0.127289 0.000000 -0.991866 0.236199 0.236199 0.236199
7388.743164 0.000000 2570.409912 0.000000 0.346064 0.000000 -0.938211 0.246014 0.246014 0.246014
7387.236816 0.000000 2559.283691 0.000000 0.062430 0.000000 -0.998049 0.264982 0.264982 0.264982
7376.512207 0.000000 2577.542236 0.000000 0.345354 0.000000 -0.938473 0.306150 0.306150 0.306150
7396.740723 0.000000 2566.898926 0.000000 0.529742 0.000000 -0.848159 0.297922 0.297922 0.297922
7392.863281 0.000000 2562.621582 0.000000 0.322607 0.000000 -0.946533 0.321447 0.321447 0.321447
7365.933594 0.000000 2582.633545 0.000000 0.177016 0.000000 -0.984208 0.295218 0.295218 0.295218
7370.347656 0.000000 2581.866455 0.000000 0.546916 0.000000 -0.837188 0.301366 0.301366 0.301366
7397.876953 0.000000 2565.614258 0.000000 0.120943 0.000000 -0.992660 0.281082 0.281082 0.281082
7331.182129 0.000000 2605.047607 0.000000 0.076138 0.000000 -0.997097 0.234755 0.234755 0.234755
7329.519531 0.000000 2606.142334 0.000000 0.195042 0.000000 -0.980795 0.239364 0.239364 0.239364
7336.923828 0.000000 2604.979248 0.000000 0.198594 0.000000 -0.980082 0.258966 0.258966 0.258966
7325.720703 0.000000 2620.864502 0.000000 0.405061 0.000000 -0.914289 0.292441 0.292441 0.292441
7338.415039 0.000000 2674.383789 0.000000 0.509135 0.000000 -0.860686 0.227045 0.227045 0.227045
7333.374023 0.000000 2660.732178 0.000000 0.521981 0.000000 -0.852957 0.245294 0.245294 0.245294
7331.506348 0.000000 2686.635742 0.000000 0.156643 0.000000 -0.987655 0.253054 0.253054 0.253054
7336.696289 0.000000 2665.013184 0.000000 0.366190 0.000000 -0.930540 0.305162 0.305162 0.305162
7337.821777 0.000000 2669.222656 0.000000 0.209860 0.000000 -0.977731 0.288286 0.288286 0.288286
7337.341797 0.000000 2683.415527 0.000000 0.355672 0.000000 -0.934611 0.278602 0.278602 0.278602
7334.524902 0.000000 2702.119141 0.000000 0.217940 0.000000 -0.975962 0.312130 0.312130 0.312130
7335.854004 0.000000 2665.814209 0.000000 0.160341 0.000000 -0.987062 0.326449 0.326449 0.326449
7337.081055 0.000000 2682.282959 0.000000 0.122590 0.000000 -0.992457 0.281708 0.281708 0.281708
7346.395020 0.000000 2741.266602 0.000000 0.587769 0.000000 -0.809029 0.225030 0.225030 0.225030
7344.395508 0.000000 2743.581055 0.000000 0.457007 0.000000 -0.889463 0.232470 0.232470 0.232470
7346.304199 0.000000 2737.637695 0.000000 0.171959 0.000000 -0.985104 0.311573 0.311573 0.311573
7339.013184 0.000000 2712.460205 0.000000 0.035544 0.000000 -0.999368 0.303176 0.303176 0.303176
7369.391113 0.000000 2745.813477 0.000000 0.405385 0.000000 -0.914146 0.276649 0.276649 0.276649
7368.099121 0.000000 2746.639648 0.000000 0.298205 0.000000 -0.954502 0.306284 0.306284 0.306284
7330.837891 0.000000 2815.825684 0.000000 0.528569 0.000000 -0.848890 0.247060 0.247060 0.247060
7345.352051 0.000000 2820.868164 0.000000 0.460033 0.000000 -0.887902 0.252202 0.252202 0.252202
7333.210449 0.000000 2799.815918 0.000000 0.034575 0.000000 -0.999402 0.244701 0.244701 0.244701
7326.176270 0.000000 2818.892334 0.000000 0.345388 0.000000 -0.938460 0.249773 0.249773 0.249773
7357.039062 0.000000 2786.075439 0.000000 0.209557 0.000000 -0.977796 0.253129 0.253129 0.253129
7350.683594 0.000000 2798.296143 0.000000 0.057039 0.000000 -0.998372 0.266982 0.266982 0.266982
7330.421875 0.000000 2804.226318 0.000000 0.506048 0.000000 -0.862505 0.278317 0.278317 0.278317
7346.230469 0.000000 2818.690674 0.000000 0.196661 0.000000 -0.980472 0.275601 0.275601 0.275601
7347.368652 0.000000 2819.220215 0.000000 0.404123 0.000000 -0.914705 0.272892 0.272892 0.272892
7339.277832 0.000000 2780.747070 0.000000 0.349914 0.000000 -0.936782 0.323173 0.323173 0.323173
7358.436523 0.000000 2778.256592 0.000000 0.109884 0.000000 -0.993944 0.327241 0.327241 0.327241
7363.498047 0.000000 2768.491943 0.000000 0.130666 0.000000 -0.991426 0.235536 0.235536 0.235536
7233.515137 0.000000 2909.888184 0.000000 0.290753 0.000000 -0.956798 0.273124 0.273124 0.273124
7345.262695 0.000000 2878.779785 0.000000 0.221376 0.000000 -0.975189 0.217828 0.217828 0.217828
7343.436035 0.000000 2858.940186 0.000000 0.417940 0.000000 -0.908474 0.214405 0.214405 0.214405
7352.379395 0.000000 2838.599609 0.000000 0.455850 0.000000 -0.890057 0.248533 0.248533 0.248533
7344.334961 0.000000 2840.322021 0.000000 0.514949 0.000000 -0.857221 0.312021 0.312021 0.312021
7349.144531 0.000000 2833.539795 0.000000 0.280994 0.000000 -0.959710 0.314969 0.314969 0.314969
7338.742676 0.000000 2848.408447 0.000000 0.176346 0.000000 -0.984328 0.298473 0.298473 0.298473
"}
