object={
	name="african_lighthouse_01"
	clamp_to_water_level=no
	render_under_water=no
	generated_content=no
	layer="static"
	entity="african_lighthouse_01_entity"
	count=62
	transform="5084.432129 0.000000 984.800659 0.000000 -0.449265 0.000000 0.893399 1.000000 1.000000 1.000000
4515.491211 0.000000 702.203613 0.000000 0.000000 0.000000 1.000000 1.000000 1.000000 1.000000
4590.064941 0.000000 700.237366 0.000000 0.000000 0.000000 1.000000 1.000000 1.000000 1.000000
4659.275391 0.000000 705.665588 0.000000 0.000000 0.000000 1.000000 1.000000 1.000000 1.000000
4734.106445 0.000000 737.651917 0.000000 0.000000 0.000000 1.000000 1.000000 1.000000 1.000000
4796.839355 0.000000 807.375000 0.000000 0.000000 0.000000 1.000000 1.000000 1.000000 1.000000
4845.851562 0.000000 907.919312 0.000000 0.000000 0.000000 1.000000 1.000000 1.000000 1.000000
4903.775391 0.000000 959.698914 0.000000 0.000000 0.000000 1.000000 1.000000 1.000000 1.000000
4902.745117 0.000000 1011.270630 0.000000 0.000000 0.000000 1.000000 1.000000 1.000000 1.000000
4893.874023 0.000000 1059.908203 0.000000 0.000000 0.000000 1.000000 1.000000 1.000000 1.000000
5020.683594 0.000000 1164.122559 0.000000 0.000000 0.000000 1.000000 1.000000 1.000000 1.000000
5001.908691 0.000000 1334.168701 0.000000 0.000000 0.000000 1.000000 1.000000 1.000000 1.000000
5009.064941 0.000000 1445.285645 0.000000 0.000000 0.000000 1.000000 1.000000 1.000000 1.000000
5264.004395 0.000000 1751.392944 0.000000 0.000000 0.000000 1.000000 1.000000 1.000000 1.000000
4441.296875 0.000000 888.163086 0.000000 0.000000 0.000000 1.000000 1.000000 1.000000 1.000000
4425.378418 0.000000 979.278015 0.000000 0.000000 0.000000 1.000000 1.000000 1.000000 1.000000
4364.548340 0.000000 1149.357666 0.000000 0.000000 0.000000 1.000000 1.000000 1.000000 1.000000
4399.946289 0.000000 1312.621094 0.000000 0.000000 0.000000 1.000000 1.000000 1.000000 1.000000
4377.239258 0.000000 1372.786255 0.000000 0.000000 0.000000 1.000000 1.000000 1.000000 1.000000
4372.394043 0.000000 1396.957397 0.000000 0.000000 0.000000 1.000000 1.000000 1.000000 1.000000
4295.121582 0.000000 1498.247192 0.000000 0.000000 0.000000 1.000000 1.000000 1.000000 1.000000
4308.161621 0.000000 1534.083130 0.000000 0.000000 0.000000 1.000000 1.000000 1.000000 1.000000
4298.974609 0.000000 1597.051270 0.000000 0.000000 0.000000 1.000000 1.000000 1.000000 1.000000
4269.089844 0.000000 1617.824341 0.000000 0.000000 0.000000 1.000000 1.000000 1.000000 1.000000
4235.421875 0.000000 1611.817139 0.000000 0.000000 0.000000 1.000000 1.000000 1.000000 1.000000
4147.990723 0.000000 1657.971680 0.000000 0.000000 0.000000 1.000000 1.000000 1.000000 1.000000
4168.833984 0.000000 1659.559937 0.000000 0.000000 0.000000 1.000000 1.000000 1.000000 1.000000
4108.644043 0.000000 1645.782104 0.000000 0.000000 0.000000 1.000000 1.000000 1.000000 1.000000
4048.396729 0.000000 1622.063721 0.000000 0.000000 0.000000 1.000000 1.000000 1.000000 1.000000
3946.744629 0.000000 1623.407349 0.000000 0.000000 0.000000 1.000000 1.000000 1.000000 1.000000
4015.078613 0.000000 1632.070435 0.000000 0.000000 0.000000 1.000000 1.000000 1.000000 1.000000
3854.706299 0.000000 1655.772217 0.000000 0.000000 0.000000 1.000000 1.000000 1.000000 1.000000
3803.312256 0.000000 1686.103760 0.000000 0.000000 0.000000 1.000000 1.000000 1.000000 1.000000
3789.430420 0.000000 1729.424927 0.000000 0.000000 0.000000 1.000000 1.000000 1.000000 1.000000
3727.462646 0.000000 1766.649292 0.000000 0.000000 0.000000 1.000000 1.000000 1.000000 1.000000
3713.898926 0.000000 1817.979370 0.000000 0.000000 0.000000 1.000000 1.000000 1.000000 1.000000
3703.178955 0.000000 1851.478516 0.000000 0.000000 0.000000 1.000000 1.000000 1.000000 1.000000
3721.112549 0.000000 1887.646729 0.000000 0.000000 0.000000 1.000000 1.000000 1.000000 1.000000
3707.691162 0.000000 1994.516968 0.000000 0.000000 0.000000 1.000000 1.000000 1.000000 1.000000
3732.325195 0.000000 2062.170654 0.000000 0.000000 0.000000 1.000000 1.000000 1.000000 1.000000
3872.454346 0.000000 2233.281738 0.000000 0.000000 0.000000 1.000000 1.000000 1.000000 1.000000
3927.299316 0.000000 2309.472656 0.000000 0.000000 0.000000 1.000000 1.000000 1.000000 1.000000
3973.595215 0.000000 2366.348389 0.000000 0.000000 0.000000 1.000000 1.000000 1.000000 1.000000
4028.552490 0.000000 2354.362305 0.000000 0.000000 0.000000 1.000000 1.000000 1.000000 1.000000
4086.148193 0.000000 2365.439453 0.000000 0.000000 0.000000 1.000000 1.000000 1.000000 1.000000
4239.401855 0.000000 2394.244141 0.000000 0.000000 0.000000 1.000000 1.000000 1.000000 1.000000
4346.600586 0.000000 2396.017822 0.000000 0.000000 0.000000 1.000000 1.000000 1.000000 1.000000
4347.168457 0.000000 2334.576172 0.000000 0.000000 0.000000 1.000000 1.000000 1.000000 1.000000
4399.386230 0.000000 2288.814941 0.000000 0.000000 0.000000 1.000000 1.000000 1.000000 1.000000
4435.025879 0.000000 2277.208984 0.000000 0.000000 0.000000 1.000000 1.000000 1.000000 1.000000
4550.398438 0.000000 2261.352051 0.000000 0.000000 0.000000 1.000000 1.000000 1.000000 1.000000
4662.554688 0.000000 2264.506348 0.000000 0.000000 0.000000 1.000000 1.000000 1.000000 1.000000
4710.985840 0.000000 2250.406006 0.000000 0.000000 0.000000 1.000000 1.000000 1.000000 1.000000
5238.350098 0.000000 1147.922363 0.000000 0.000000 0.000000 1.000000 1.000000 1.000000 1.000000
5217.525391 0.000000 1239.027222 0.000000 0.000000 0.000000 1.000000 1.000000 1.000000 1.000000
5108.693359 0.000000 1139.884399 0.000000 0.000000 0.000000 1.000000 1.000000 1.000000 1.000000
3541.285889 0.000000 1855.887817 0.000000 0.000000 0.000000 1.000000 1.000000 1.000000 1.000000
3556.808594 0.000000 1860.462769 0.000000 0.000000 0.000000 1.000000 1.000000 1.000000 1.000000
3704.098633 0.000000 2169.878662 0.000000 0.000000 0.000000 1.000000 1.000000 1.000000 1.000000
143.802322 0.000000 1086.807617 0.000000 0.000000 0.000000 1.000000 1.000000 1.000000 1.000000
692.831055 0.000000 1124.597778 0.000000 0.000000 0.000000 1.000000 1.000000 1.000000 1.000000
909.128845 0.000000 1083.442383 0.000000 0.000000 0.000000 1.000000 1.000000 1.000000 1.000000
"}
object={
	name="arabic_lighthouse_01"
	clamp_to_water_level=no
	render_under_water=no
	generated_content=no
	layer="static"
	entity="arabic_lighthouse_01_entity"
	count=61
	transform="4873.637207 0.000000 2162.725342 0.000000 0.114858 0.000000 0.993382 1.000000 1.000000 1.000000
5262.145996 0.000000 1782.720337 0.000000 0.000000 0.000000 1.000000 1.000000 1.000000 1.000000
5082.292480 0.000000 1789.120605 0.000000 0.000000 0.000000 1.000000 1.000000 1.000000 1.000000
5118.833984 0.000000 1746.337280 0.000000 0.000000 0.000000 1.000000 1.000000 1.000000 1.000000
5115.116699 0.000000 1806.869873 0.000000 0.000000 0.000000 1.000000 1.000000 1.000000 1.000000
5068.340332 0.000000 1862.829468 0.000000 0.000000 0.000000 1.000000 1.000000 1.000000 1.000000
5003.906738 0.000000 1865.854004 0.000000 0.000000 0.000000 1.000000 1.000000 1.000000 1.000000
4951.830078 0.000000 1942.559326 0.000000 0.000000 0.000000 1.000000 1.000000 1.000000 1.000000
5048.217773 0.000000 1924.440796 0.000000 0.000000 0.000000 1.000000 1.000000 1.000000 1.000000
5021.202637 0.000000 1970.730835 0.000000 0.000000 0.000000 1.000000 1.000000 1.000000 1.000000
4866.355469 0.000000 2143.755371 0.000000 0.000000 0.000000 1.000000 1.000000 1.000000 1.000000
4846.234863 0.000000 2197.963623 0.000000 0.000000 0.000000 1.000000 1.000000 1.000000 1.000000
4786.056641 0.000000 2248.812744 0.000000 0.000000 0.000000 1.000000 1.000000 1.000000 1.000000
4846.217773 0.000000 2333.433594 0.000000 0.000000 0.000000 1.000000 1.000000 1.000000 1.000000
4884.699707 0.000000 2259.531250 0.000000 0.000000 0.000000 1.000000 1.000000 1.000000 1.000000
5199.444336 0.000000 1835.889893 0.000000 0.000000 0.000000 1.000000 1.000000 1.000000 1.000000
5283.708008 0.000000 1872.080078 0.000000 0.000000 0.000000 1.000000 1.000000 1.000000 1.000000
5343.305176 0.000000 1903.910278 0.000000 0.000000 0.000000 1.000000 1.000000 1.000000 1.000000
5456.831055 0.000000 2032.816406 0.000000 0.000000 0.000000 1.000000 1.000000 1.000000 1.000000
5379.046387 0.000000 2125.787598 0.000000 0.000000 0.000000 1.000000 1.000000 1.000000 1.000000
5340.148438 0.000000 2131.886475 0.000000 0.000000 0.000000 1.000000 1.000000 1.000000 1.000000
5262.742676 0.000000 2120.404785 0.000000 0.000000 0.000000 1.000000 1.000000 1.000000 1.000000
5246.455078 0.000000 2116.419434 0.000000 0.000000 0.000000 1.000000 1.000000 1.000000 1.000000
5267.700684 0.000000 2166.714111 0.000000 0.000000 0.000000 1.000000 1.000000 1.000000 1.000000
5240.950684 0.000000 2197.979980 0.000000 0.000000 0.000000 1.000000 1.000000 1.000000 1.000000
5199.584961 0.000000 2216.219971 0.000000 0.000000 0.000000 1.000000 1.000000 1.000000 1.000000
5196.041504 0.000000 2202.715576 0.000000 0.000000 0.000000 1.000000 1.000000 1.000000 1.000000
5223.463379 0.000000 2145.573730 0.000000 0.000000 0.000000 1.000000 1.000000 1.000000 1.000000
4751.268066 0.000000 2483.992920 0.000000 0.000000 0.000000 1.000000 1.000000 1.000000 1.000000
4688.797852 0.000000 2469.705566 0.000000 0.000000 0.000000 1.000000 1.000000 1.000000 1.000000
4767.628418 0.000000 2493.207520 0.000000 0.000000 0.000000 1.000000 1.000000 1.000000 1.000000
4892.074219 0.000000 2530.235596 0.000000 0.000000 0.000000 1.000000 1.000000 1.000000 1.000000
4953.685059 0.000000 2503.395020 0.000000 0.000000 0.000000 1.000000 1.000000 1.000000 1.000000
5041.975586 0.000000 2514.837646 0.000000 0.000000 0.000000 1.000000 1.000000 1.000000 1.000000
4929.984375 0.000000 2617.063721 0.000000 -0.281600 0.000000 0.959532 1.000000 1.000000 1.000000
4958.023926 0.000000 2656.570312 0.000000 0.000000 0.000000 1.000000 1.000000 1.000000 1.000000
4985.112793 0.000000 2667.132568 0.000000 0.000000 0.000000 1.000000 1.000000 1.000000 1.000000
5180.132812 0.000000 2579.235596 0.000000 0.000000 0.000000 1.000000 1.000000 1.000000 1.000000
5240.141602 0.000000 2591.896729 0.000000 0.000000 0.000000 1.000000 1.000000 1.000000 1.000000
5303.931152 0.000000 2456.458496 0.000000 0.000000 0.000000 1.000000 1.000000 1.000000 1.000000
4881.829590 0.000000 2360.249756 0.000000 0.000000 0.000000 1.000000 1.000000 1.000000 1.000000
4901.875000 0.000000 2385.637695 0.000000 0.000000 0.000000 1.000000 1.000000 1.000000 1.000000
4914.182129 0.000000 2353.274414 0.000000 0.000000 0.000000 1.000000 1.000000 1.000000 1.000000
4915.867676 0.000000 2332.127686 0.000000 0.000000 0.000000 1.000000 1.000000 1.000000 1.000000
5407.561035 0.000000 2113.081787 0.000000 0.000000 0.000000 1.000000 1.000000 1.000000 1.000000
5469.274902 0.000000 2103.374756 0.000000 0.000000 0.000000 1.000000 1.000000 1.000000 1.000000
5511.280762 0.000000 2100.928955 0.000000 0.000000 0.000000 1.000000 1.000000 1.000000 1.000000
5614.666504 0.000000 2091.670166 0.000000 0.000000 0.000000 1.000000 1.000000 1.000000 1.000000
5666.495605 0.000000 2028.597534 0.000000 0.000000 0.000000 1.000000 1.000000 1.000000 1.000000
5778.934570 0.000000 1859.471191 0.000000 0.000000 0.000000 1.000000 1.000000 1.000000 1.000000
5854.159180 0.000000 1700.808960 0.000000 0.000000 0.000000 1.000000 1.000000 1.000000 1.000000
5832.894531 0.000000 1734.085571 0.000000 0.000000 0.000000 1.000000 1.000000 1.000000 1.000000
5911.009766 0.000000 1720.521118 0.000000 0.000000 0.000000 1.000000 1.000000 1.000000 1.000000
5957.559570 0.000000 1669.328857 0.000000 0.000000 0.000000 1.000000 1.000000 1.000000 1.000000
5937.800781 0.000000 1876.065186 0.000000 0.000000 0.000000 1.000000 1.000000 1.000000 1.000000
6074.323242 0.000000 1991.379028 0.000000 0.000000 0.000000 1.000000 1.000000 1.000000 1.000000
6192.455566 0.000000 2001.173706 0.000000 0.000000 0.000000 1.000000 1.000000 1.000000 1.000000
4727.976562 0.000000 2367.864258 0.000000 0.000000 0.000000 1.000000 1.000000 1.000000 1.000000
4787.940918 0.000000 2377.055420 0.000000 0.000000 0.000000 1.000000 1.000000 1.000000 1.000000
4709.307129 0.000000 2388.672363 0.000000 0.000000 0.000000 1.000000 1.000000 1.000000 1.000000
4678.257812 0.000000 2436.810303 0.000000 0.000000 0.000000 1.000000 1.000000 1.000000 1.000000
"}
object={
	name="asian_lighthouse_01"
	clamp_to_water_level=no
	render_under_water=no
	generated_content=no
	layer="static"
	entity="asian_lighthouse_01_entity"
	count=93
	transform="6868.045410 0.000000 2239.768066 0.000000 0.000000 0.000000 1.000000 1.000000 1.000000 1.000000
6214.460938 0.000000 1975.095459 0.000000 0.000000 0.000000 1.000000 1.000000 1.000000 1.000000
6243.663086 0.000000 1933.502441 0.000000 0.000000 0.000000 1.000000 1.000000 1.000000 1.000000
6240.913574 0.000000 1881.037354 0.000000 0.000000 0.000000 1.000000 1.000000 1.000000 1.000000
6317.566406 0.000000 1881.183960 0.000000 0.000000 0.000000 1.000000 1.000000 1.000000 1.000000
6333.255859 0.000000 1692.672241 0.000000 0.000000 0.000000 1.000000 1.000000 1.000000 1.000000
6481.612793 0.000000 1705.689087 0.000000 0.000000 0.000000 1.000000 1.000000 1.000000 1.000000
6462.736816 0.000000 1745.699585 0.000000 0.000000 0.000000 1.000000 1.000000 1.000000 1.000000
6389.380371 0.000000 1803.689209 0.000000 0.000000 0.000000 1.000000 1.000000 1.000000 1.000000
6370.240234 0.000000 1791.912476 0.000000 0.000000 0.000000 1.000000 1.000000 1.000000 1.000000
6371.283691 0.000000 1730.206543 0.000000 0.000000 0.000000 1.000000 1.000000 1.000000 1.000000
6403.187012 0.000000 1579.341187 0.000000 0.000000 0.000000 1.000000 1.000000 1.000000 1.000000
6382.737793 0.000000 1627.337158 0.000000 0.000000 0.000000 1.000000 1.000000 1.000000 1.000000
6265.009766 0.000000 1645.980957 0.000000 0.000000 0.000000 1.000000 1.000000 1.000000 1.000000
6309.489746 0.000000 1562.790649 0.000000 0.000000 0.000000 1.000000 1.000000 1.000000 1.000000
6368.636719 0.000000 1506.337036 0.000000 0.000000 0.000000 1.000000 1.000000 1.000000 1.000000
6380.560547 0.000000 1439.823853 0.000000 0.000000 0.000000 1.000000 1.000000 1.000000 1.000000
6477.104004 0.000000 1379.813477 0.000000 0.000000 0.000000 1.000000 1.000000 1.000000 1.000000
6496.318359 0.000000 1377.905884 0.000000 0.000000 0.000000 1.000000 1.000000 1.000000 1.000000
6493.667969 0.000000 1358.975830 0.000000 0.000000 0.000000 1.000000 1.000000 1.000000 1.000000
6697.952148 0.000000 1351.000366 0.000000 0.000000 0.000000 1.000000 1.000000 1.000000 1.000000
6614.847656 0.000000 1362.901611 0.000000 0.000000 0.000000 1.000000 1.000000 1.000000 1.000000
6560.710449 0.000000 1369.317871 0.000000 0.000000 0.000000 1.000000 1.000000 1.000000 1.000000
6537.887695 0.000000 1375.804199 0.000000 0.000000 0.000000 1.000000 1.000000 1.000000 1.000000
6587.393555 0.000000 1485.263428 0.000000 0.000000 0.000000 1.000000 1.000000 1.000000 1.000000
6524.813477 0.000000 1744.273560 0.000000 0.000000 0.000000 1.000000 1.000000 1.000000 1.000000
6554.108887 0.000000 1887.180908 0.000000 0.000000 0.000000 1.000000 1.000000 1.000000 1.000000
6518.272949 0.000000 1926.282227 0.000000 0.000000 0.000000 1.000000 1.000000 1.000000 1.000000
6522.036621 0.000000 1990.452026 0.000000 0.000000 0.000000 1.000000 1.000000 1.000000 1.000000
6602.443359 0.000000 1982.326538 0.000000 0.000000 0.000000 1.000000 1.000000 1.000000 1.000000
6578.785156 0.000000 2009.328369 0.000000 0.000000 0.000000 1.000000 1.000000 1.000000 1.000000
6662.479004 0.000000 2013.129761 0.000000 0.000000 0.000000 1.000000 1.000000 1.000000 1.000000
6687.979492 0.000000 2027.605103 0.000000 0.000000 0.000000 1.000000 1.000000 1.000000 1.000000
6745.927734 0.000000 2045.545532 0.000000 0.000000 0.000000 1.000000 1.000000 1.000000 1.000000
6790.765137 0.000000 2080.994385 0.000000 0.000000 0.000000 1.000000 1.000000 1.000000 1.000000
6840.699707 0.000000 2153.794434 0.000000 0.000000 0.000000 1.000000 1.000000 1.000000 1.000000
6881.020020 0.000000 2214.479736 0.000000 0.000000 0.000000 1.000000 1.000000 1.000000 1.000000
6816.580566 0.000000 2332.336670 0.000000 0.000000 0.000000 1.000000 1.000000 1.000000 1.000000
6829.943359 0.000000 2368.610840 0.000000 0.000000 0.000000 1.000000 1.000000 1.000000 1.000000
6884.866211 0.000000 2405.199219 0.000000 0.000000 0.000000 1.000000 1.000000 1.000000 1.000000
6794.262695 0.000000 2416.985596 0.000000 0.000000 0.000000 1.000000 1.000000 1.000000 1.000000
6768.489258 0.000000 2440.019043 0.000000 0.000000 0.000000 1.000000 1.000000 1.000000 1.000000
6853.685059 0.000000 2442.046631 0.000000 0.000000 0.000000 1.000000 1.000000 1.000000 1.000000
6949.236328 0.000000 2414.772949 0.000000 0.000000 0.000000 1.000000 1.000000 1.000000 1.000000
6970.530762 0.000000 2401.875977 0.000000 0.000000 0.000000 1.000000 1.000000 1.000000 1.000000
6961.290527 0.000000 2323.758789 0.000000 0.000000 0.000000 1.000000 1.000000 1.000000 1.000000
7024.315918 0.000000 2338.906738 0.000000 0.000000 0.000000 1.000000 1.000000 1.000000 1.000000
7046.915039 0.000000 2498.394775 0.000000 0.000000 0.000000 1.000000 1.000000 1.000000 1.000000
7045.175781 0.000000 2521.615723 0.000000 0.000000 0.000000 1.000000 1.000000 1.000000 1.000000
7107.326660 0.000000 2554.234375 0.000000 0.000000 0.000000 1.000000 1.000000 1.000000 1.000000
7014.776367 0.000000 2136.721680 0.000000 0.000000 0.000000 1.000000 1.000000 1.000000 1.000000
6844.043945 0.000000 2022.683472 0.000000 0.000000 0.000000 1.000000 1.000000 1.000000 1.000000
6825.043457 0.000000 1887.165894 0.000000 0.000000 0.000000 1.000000 1.000000 1.000000 1.000000
7060.218262 0.000000 2249.317627 0.000000 0.000000 0.000000 1.000000 1.000000 1.000000 1.000000
7075.782227 0.000000 2317.949951 0.000000 0.000000 0.000000 1.000000 1.000000 1.000000 1.000000
7148.393555 0.000000 2300.085205 0.000000 0.000000 0.000000 1.000000 1.000000 1.000000 1.000000
7163.375000 0.000000 2324.130127 0.000000 0.000000 0.000000 1.000000 1.000000 1.000000 1.000000
7215.496094 0.000000 2333.471680 0.000000 0.000000 0.000000 1.000000 1.000000 1.000000 1.000000
7255.167480 0.000000 2334.240723 0.000000 0.000000 0.000000 1.000000 1.000000 1.000000 1.000000
7299.129883 0.000000 2363.829834 0.000000 0.000000 0.000000 1.000000 1.000000 1.000000 1.000000
7315.484863 0.000000 2429.678955 0.000000 0.000000 0.000000 1.000000 1.000000 1.000000 1.000000
7284.446289 0.000000 2514.317627 0.000000 0.000000 0.000000 1.000000 1.000000 1.000000 1.000000
7313.366211 0.000000 2510.426270 0.000000 0.000000 0.000000 1.000000 1.000000 1.000000 1.000000
7276.599609 0.000000 2472.637695 0.000000 0.000000 0.000000 1.000000 1.000000 1.000000 1.000000
7244.280273 0.000000 2418.191162 0.000000 0.000000 0.000000 1.000000 1.000000 1.000000 1.000000
7173.213867 0.000000 2360.909668 0.000000 0.000000 0.000000 1.000000 1.000000 1.000000 1.000000
7354.973145 0.000000 2525.309570 0.000000 0.000000 0.000000 1.000000 1.000000 1.000000 1.000000
7403.630859 0.000000 2591.145508 0.000000 0.000000 0.000000 1.000000 1.000000 1.000000 1.000000
7348.297363 0.000000 2658.489258 0.000000 0.000000 0.000000 1.000000 1.000000 1.000000 1.000000
7625.210449 0.000000 1371.075317 0.000000 0.000000 0.000000 1.000000 1.000000 1.000000 1.000000
7786.461914 0.000000 1267.407959 0.000000 0.000000 0.000000 1.000000 1.000000 1.000000 1.000000
7564.454590 0.000000 1414.593506 0.000000 0.000000 0.000000 1.000000 1.000000 1.000000 1.000000
7417.899414 0.000000 1407.695068 0.000000 0.000000 0.000000 1.000000 1.000000 1.000000 1.000000
7016.198730 0.000000 1475.898682 0.000000 0.000000 0.000000 1.000000 1.000000 1.000000 1.000000
6927.974609 0.000000 1469.379150 0.000000 0.000000 0.000000 1.000000 1.000000 1.000000 1.000000
6944.432129 0.000000 1547.159668 0.000000 0.000000 0.000000 1.000000 1.000000 1.000000 1.000000
6896.956543 0.000000 1391.365845 0.000000 0.000000 0.000000 1.000000 1.000000 1.000000 1.000000
6836.624512 0.000000 1364.462891 0.000000 0.000000 0.000000 1.000000 1.000000 1.000000 1.000000
6940.838379 0.000000 1326.078369 0.000000 0.000000 0.000000 1.000000 1.000000 1.000000 1.000000
6892.464844 0.000000 1265.386719 0.000000 0.000000 0.000000 1.000000 1.000000 1.000000 1.000000
6727.881348 0.000000 1321.940552 0.000000 0.000000 0.000000 1.000000 1.000000 1.000000 1.000000
6706.280273 0.000000 1421.073730 0.000000 0.000000 0.000000 1.000000 1.000000 1.000000 1.000000
6768.718750 0.000000 1495.621704 0.000000 0.000000 0.000000 1.000000 1.000000 1.000000 1.000000
6808.951660 0.000000 1634.352417 0.000000 0.000000 0.000000 1.000000 1.000000 1.000000 1.000000
6759.042480 0.000000 1694.283936 0.000000 0.000000 0.000000 1.000000 1.000000 1.000000 1.000000
6876.220215 0.000000 1662.239868 0.000000 0.000000 0.000000 1.000000 1.000000 1.000000 1.000000
6939.941406 0.000000 1744.799561 0.000000 0.000000 0.000000 1.000000 1.000000 1.000000 1.000000
6967.375488 0.000000 1659.846191 0.000000 0.000000 0.000000 1.000000 1.000000 1.000000 1.000000
6905.687988 0.000000 1708.842651 0.000000 0.000000 0.000000 1.000000 1.000000 1.000000 1.000000
6877.796387 0.000000 1934.183838 0.000000 0.000000 0.000000 1.000000 1.000000 1.000000 1.000000
7078.033203 0.000000 1491.335571 0.000000 0.000000 0.000000 1.000000 1.000000 1.000000 1.000000
7103.893555 0.000000 1382.465454 0.000000 0.000000 0.000000 1.000000 1.000000 1.000000 1.000000
6448.307129 0.000000 1537.526001 0.000000 0.000000 0.000000 1.000000 1.000000 1.000000 1.000000
"}
object={
	name="bird_duck_01"
	clamp_to_water_level=yes
	render_under_water=no
	generated_content=no
	layer="environmental_effects"
	entity="duck_01_frame_entity"
	count=0
}
object={
	name="bird_eagle_01"
	clamp_to_water_level=yes
	render_under_water=no
	generated_content=no
	layer="environmental_effects"
	entity="eagle_01_frame_entity"
	count=0
}
object={
	name="bird_vulture_01"
	clamp_to_water_level=yes
	render_under_water=no
	generated_content=no
	layer="environmental_effects"
	entity="vulture_01_frame_entity"
	count=159
	transform="1519.631714 0.000000 2298.636719 0.000000 0.000000 0.000000 1.000000 1.000000 1.000000 1.000000
1516.993530 0.000000 2256.072754 0.000000 0.000000 0.000000 1.000000 1.000000 1.000000 1.000000
1478.435913 0.000000 2280.218262 0.000000 0.000000 0.000000 1.000000 1.000000 1.000000 1.000000
1443.104370 0.000000 2380.719238 0.000000 0.000000 0.000000 1.000000 1.000000 1.000000 1.000000
1426.711304 0.000000 2362.995850 0.000000 0.000000 0.000000 1.000000 1.000000 1.000000 1.000000
1413.947632 0.000000 2398.685547 0.000000 0.000000 0.000000 1.000000 1.000000 1.000000 1.000000
1582.587891 0.000000 2345.771729 0.000000 0.000000 0.000000 1.000000 1.000000 1.000000 1.000000
1599.385498 0.000000 2391.162109 0.000000 0.000000 0.000000 1.000000 1.000000 1.000000 1.000000
1650.332520 0.000000 2212.981689 0.000000 0.000000 0.000000 1.000000 1.000000 1.000000 1.000000
1559.849731 0.000000 2350.725098 0.000000 0.000000 0.000000 1.000000 1.000000 1.000000 1.000000
1567.963745 0.000000 2369.054199 0.000000 0.000000 0.000000 1.000000 1.000000 1.000000 1.000000
7027.312012 0.000000 822.553650 0.000000 0.000000 0.000000 1.000000 1.000000 1.000000 1.000000
6948.209473 0.000000 786.028442 0.000000 0.000000 0.000000 1.000000 1.000000 1.000000 1.000000
7087.821289 0.000000 861.976501 0.000000 0.000000 0.000000 1.000000 1.000000 1.000000 1.000000
6993.016602 0.000000 881.245728 0.000000 0.000000 0.000000 1.000000 1.000000 1.000000 1.000000
7148.237305 0.000000 826.711487 0.000000 0.000000 0.000000 1.000000 1.000000 1.000000 1.000000
7216.834961 0.000000 963.283691 0.000000 0.000000 0.000000 1.000000 1.000000 1.000000 1.000000
7172.250000 0.000000 1069.005371 0.000000 0.000000 0.000000 1.000000 1.000000 1.000000 1.000000
7300.754395 0.000000 962.320618 0.000000 0.000000 0.000000 1.000000 1.000000 1.000000 1.000000
7298.458008 0.000000 747.879822 0.000000 0.000000 0.000000 1.000000 1.000000 1.000000 1.000000
7324.531738 0.000000 790.089966 0.000000 0.000000 0.000000 1.000000 1.000000 1.000000 1.000000
6820.738770 0.000000 854.399414 0.000000 0.000000 0.000000 1.000000 1.000000 1.000000 1.000000
7349.907715 0.000000 713.660583 0.000000 0.000000 0.000000 1.000000 1.000000 1.000000 1.000000
7423.654297 0.000000 765.590149 0.000000 0.000000 0.000000 1.000000 1.000000 1.000000 1.000000
7472.089844 0.000000 873.761230 0.000000 0.000000 0.000000 1.000000 1.000000 1.000000 1.000000
7393.565430 0.000000 1010.886658 0.000000 0.000000 0.000000 1.000000 1.000000 1.000000 1.000000
7167.467773 0.000000 1074.102051 0.000000 0.000000 0.000000 1.000000 1.000000 1.000000 1.000000
2556.397217 0.000000 545.178650 0.000000 0.000000 0.000000 1.000000 1.000000 1.000000 1.000000
2489.643311 0.000000 360.152618 0.000000 0.000000 0.000000 1.000000 1.000000 1.000000 1.000000
2546.782471 0.000000 1043.750122 0.000000 0.000000 0.000000 1.000000 1.000000 1.000000 1.000000
2462.110107 0.000000 1153.104736 0.000000 0.000000 0.000000 1.000000 1.000000 1.000000 1.000000
2265.479736 0.000000 1392.909302 0.000000 0.000000 0.000000 1.000000 1.000000 1.000000 1.000000
1729.221436 0.000000 2277.284180 0.000000 0.000000 0.000000 1.000000 1.000000 1.000000 1.000000
2506.298340 0.000000 899.050415 0.000000 0.000000 0.000000 1.000000 1.000000 1.000000 1.000000
2549.596924 0.000000 932.788635 0.000000 0.000000 0.000000 1.000000 1.000000 1.000000 1.000000
2504.962402 0.000000 957.308228 0.000000 0.000000 0.000000 1.000000 1.000000 1.000000 1.000000
2562.210693 0.000000 755.877808 0.000000 0.000000 0.000000 1.000000 1.000000 1.000000 1.000000
2536.122559 0.000000 790.645508 0.000000 0.000000 0.000000 1.000000 1.000000 1.000000 1.000000
2497.638184 0.000000 506.421417 0.000000 0.000000 0.000000 1.000000 1.000000 1.000000 1.000000
2481.041504 0.000000 456.413910 0.000000 0.000000 0.000000 1.000000 1.000000 1.000000 1.000000
2527.996582 0.000000 427.015778 0.000000 0.000000 0.000000 1.000000 1.000000 1.000000 1.000000
2468.001221 0.000000 331.414001 0.000000 0.000000 0.000000 1.000000 1.000000 1.000000 1.000000
2480.693604 0.000000 350.395386 0.000000 0.000000 0.000000 1.000000 1.000000 1.000000 1.000000
3928.771240 0.000000 1941.818115 0.000000 0.000000 0.000000 1.000000 1.000000 1.000000 1.000000
3914.756348 0.000000 2033.340698 0.000000 0.000000 0.000000 1.000000 1.000000 1.000000 1.000000
3933.640625 0.000000 2015.332886 0.000000 0.000000 0.000000 1.000000 1.000000 1.000000 1.000000
4143.241699 0.000000 2143.330078 0.000000 0.000000 0.000000 1.000000 1.000000 1.000000 1.000000
4121.991211 0.000000 2089.215576 0.000000 0.000000 0.000000 1.000000 1.000000 1.000000 1.000000
4037.375244 0.000000 2143.954102 0.000000 0.000000 0.000000 1.000000 1.000000 1.000000 1.000000
4026.176270 0.000000 2130.964355 0.000000 0.000000 0.000000 1.000000 1.000000 1.000000 1.000000
4130.307129 0.000000 2146.037109 0.000000 0.000000 0.000000 1.000000 1.000000 1.000000 1.000000
4055.216064 0.000000 2244.706543 0.000000 0.000000 0.000000 1.000000 1.000000 1.000000 1.000000
4034.699463 0.000000 2221.640869 0.000000 0.000000 0.000000 1.000000 1.000000 1.000000 1.000000
4124.947266 0.000000 2238.548828 0.000000 0.000000 0.000000 1.000000 1.000000 1.000000 1.000000
4119.808594 0.000000 2239.417236 0.000000 0.000000 0.000000 1.000000 1.000000 1.000000 1.000000
4183.543457 0.000000 2287.201660 0.000000 0.000000 0.000000 1.000000 1.000000 1.000000 1.000000
4175.540527 0.000000 2275.583008 0.000000 0.000000 0.000000 1.000000 1.000000 1.000000 1.000000
4242.410645 0.000000 2191.891357 0.000000 0.000000 0.000000 1.000000 1.000000 1.000000 1.000000
4245.020996 0.000000 2188.310547 0.000000 0.000000 0.000000 1.000000 1.000000 1.000000 1.000000
4312.033203 0.000000 2153.235352 0.000000 0.000000 0.000000 1.000000 1.000000 1.000000 1.000000
4346.255371 0.000000 2149.726318 0.000000 0.000000 0.000000 1.000000 1.000000 1.000000 1.000000
4351.332520 0.000000 2238.535400 0.000000 0.000000 0.000000 1.000000 1.000000 1.000000 1.000000
4350.484375 0.000000 2236.583008 0.000000 0.000000 0.000000 1.000000 1.000000 1.000000 1.000000
4430.888184 0.000000 2189.354736 0.000000 0.000000 0.000000 1.000000 1.000000 1.000000 1.000000
4491.539062 0.000000 2129.275391 0.000000 0.000000 0.000000 1.000000 1.000000 1.000000 1.000000
4463.965332 0.000000 1878.507935 0.000000 0.000000 0.000000 1.000000 1.000000 1.000000 1.000000
4530.025391 0.000000 1946.014160 0.000000 0.000000 0.000000 1.000000 1.000000 1.000000 1.000000
4544.703613 0.000000 1844.201782 0.000000 0.000000 0.000000 1.000000 1.000000 1.000000 1.000000
4605.018555 0.000000 2047.848022 0.000000 0.000000 0.000000 1.000000 1.000000 1.000000 1.000000
4615.856445 0.000000 2142.257568 0.000000 0.000000 0.000000 1.000000 1.000000 1.000000 1.000000
4723.332031 0.000000 1823.424438 0.000000 0.000000 0.000000 1.000000 1.000000 1.000000 1.000000
4873.818359 0.000000 1998.913208 0.000000 0.000000 0.000000 1.000000 1.000000 1.000000 1.000000
4751.231934 0.000000 2182.535645 0.000000 0.000000 0.000000 1.000000 1.000000 1.000000 1.000000
4844.338867 0.000000 1849.511719 0.000000 0.000000 0.000000 1.000000 1.000000 1.000000 1.000000
4789.582031 0.000000 1863.468750 0.000000 0.000000 0.000000 1.000000 1.000000 1.000000 1.000000
4491.072754 0.000000 1866.262939 0.000000 0.000000 0.000000 1.000000 1.000000 1.000000 1.000000
4072.574951 0.000000 2001.744751 0.000000 0.000000 0.000000 1.000000 1.000000 1.000000 1.000000
4174.490234 0.000000 1994.607422 0.000000 0.000000 0.000000 1.000000 1.000000 1.000000 1.000000
4338.845215 0.000000 1988.517090 0.000000 0.000000 0.000000 1.000000 1.000000 1.000000 1.000000
4324.155273 0.000000 1873.692627 0.000000 0.000000 0.000000 1.000000 1.000000 1.000000 1.000000
4343.974121 0.000000 1860.780396 0.000000 0.000000 0.000000 1.000000 1.000000 1.000000 1.000000
4379.069336 0.000000 1883.433960 0.000000 0.000000 0.000000 1.000000 1.000000 1.000000 1.000000
4412.779297 0.000000 1916.379028 0.000000 0.000000 0.000000 1.000000 1.000000 1.000000 1.000000
4784.376953 0.000000 2199.813721 0.000000 0.000000 0.000000 1.000000 1.000000 1.000000 1.000000
4788.123047 0.000000 2107.342773 0.000000 0.000000 0.000000 1.000000 1.000000 1.000000 1.000000
4816.993652 0.000000 2079.356689 0.000000 0.000000 0.000000 1.000000 1.000000 1.000000 1.000000
4774.719727 0.000000 2138.132568 0.000000 0.000000 0.000000 1.000000 1.000000 1.000000 1.000000
4845.560547 0.000000 2146.050537 0.000000 0.000000 0.000000 1.000000 1.000000 1.000000 1.000000
4831.313477 0.000000 2001.573730 0.000000 0.000000 0.000000 1.000000 1.000000 1.000000 1.000000
4919.557617 0.000000 1913.801025 0.000000 0.000000 0.000000 1.000000 1.000000 1.000000 1.000000
5065.654785 0.000000 1618.062378 0.000000 0.000000 0.000000 1.000000 1.000000 1.000000 1.000000
5041.366699 0.000000 1756.602051 0.000000 0.000000 0.000000 1.000000 1.000000 1.000000 1.000000
5209.704102 0.000000 1713.595947 0.000000 0.000000 0.000000 1.000000 1.000000 1.000000 1.000000
5174.123535 0.000000 1966.204346 0.000000 0.000000 0.000000 1.000000 1.000000 1.000000 1.000000
5091.315918 0.000000 2052.313965 0.000000 0.000000 0.000000 1.000000 1.000000 1.000000 1.000000
5217.426758 0.000000 2045.183472 0.000000 0.000000 0.000000 1.000000 1.000000 1.000000 1.000000
5071.311035 0.000000 2071.208252 0.000000 0.000000 0.000000 1.000000 1.000000 1.000000 1.000000
5201.443359 0.000000 2099.046143 0.000000 0.000000 0.000000 1.000000 1.000000 1.000000 1.000000
5123.107910 0.000000 2197.042725 0.000000 0.000000 0.000000 1.000000 1.000000 1.000000 1.000000
4999.512207 0.000000 2295.735596 0.000000 0.000000 0.000000 1.000000 1.000000 1.000000 1.000000
5073.894043 0.000000 2249.385742 0.000000 0.000000 0.000000 1.000000 1.000000 1.000000 1.000000
5236.424805 0.000000 2057.148438 0.000000 0.000000 0.000000 1.000000 1.000000 1.000000 1.000000
5273.456543 0.000000 1946.144653 0.000000 0.000000 0.000000 1.000000 1.000000 1.000000 1.000000
5360.545898 0.000000 1952.661499 0.000000 0.000000 0.000000 1.000000 1.000000 1.000000 1.000000
5371.653809 0.000000 2022.569824 0.000000 0.000000 0.000000 1.000000 1.000000 1.000000 1.000000
5412.131348 0.000000 2001.657104 0.000000 0.000000 0.000000 1.000000 1.000000 1.000000 1.000000
5355.234863 0.000000 2034.944824 0.000000 0.000000 0.000000 1.000000 1.000000 1.000000 1.000000
5257.500000 0.000000 2014.835693 0.000000 0.000000 0.000000 1.000000 1.000000 1.000000 1.000000
6919.813477 0.000000 1020.370117 0.000000 0.000000 0.000000 1.000000 1.000000 1.000000 1.000000
6876.376465 0.000000 960.825012 0.000000 0.000000 0.000000 1.000000 1.000000 1.000000 1.000000
5364.295898 0.000000 2320.337158 0.000000 0.000000 0.000000 1.000000 1.000000 1.000000 1.000000
5417.993652 0.000000 2240.705078 0.000000 0.000000 0.000000 1.000000 1.000000 1.000000 1.000000
5509.945312 0.000000 2237.618408 0.000000 0.000000 0.000000 1.000000 1.000000 1.000000 1.000000
5496.293945 0.000000 2474.902344 0.000000 0.000000 0.000000 1.000000 1.000000 1.000000 1.000000
5467.752441 0.000000 2428.002441 0.000000 0.000000 0.000000 1.000000 1.000000 1.000000 1.000000
5532.139648 0.000000 2530.947021 0.000000 0.000000 0.000000 1.000000 1.000000 1.000000 1.000000
5539.163086 0.000000 2483.202637 0.000000 0.000000 0.000000 1.000000 1.000000 1.000000 1.000000
5569.707031 0.000000 2560.556885 0.000000 0.000000 0.000000 1.000000 1.000000 1.000000 1.000000
5335.247559 0.000000 2533.075195 0.000000 0.000000 0.000000 1.000000 1.000000 1.000000 1.000000
5333.806152 0.000000 2461.023438 0.000000 0.000000 0.000000 1.000000 1.000000 1.000000 1.000000
5525.278320 0.000000 2234.657715 0.000000 0.000000 0.000000 1.000000 1.000000 1.000000 1.000000
5910.219727 0.000000 2426.902832 0.000000 0.000000 0.000000 1.000000 1.000000 1.000000 1.000000
5974.867676 0.000000 2409.316650 0.000000 0.000000 0.000000 1.000000 1.000000 1.000000 1.000000
5988.553711 0.000000 2468.238525 0.000000 0.000000 0.000000 1.000000 1.000000 1.000000 1.000000
6175.724121 0.000000 2478.679932 0.000000 0.000000 0.000000 1.000000 1.000000 1.000000 1.000000
6096.131836 0.000000 2621.771729 0.000000 0.000000 0.000000 1.000000 1.000000 1.000000 1.000000
5377.743652 0.000000 2664.556885 0.000000 0.000000 0.000000 1.000000 1.000000 1.000000 1.000000
5662.165527 0.000000 2617.894775 0.000000 0.000000 0.000000 1.000000 1.000000 1.000000 1.000000
4572.099121 0.000000 822.315857 0.000000 0.000000 0.000000 1.000000 1.000000 1.000000 1.000000
4534.352051 0.000000 898.418579 0.000000 0.000000 0.000000 1.000000 1.000000 1.000000 1.000000
4680.021484 0.000000 886.868042 0.000000 0.000000 0.000000 1.000000 1.000000 1.000000 1.000000
4706.091309 0.000000 864.941223 0.000000 0.000000 0.000000 1.000000 1.000000 1.000000 1.000000
4526.580566 0.000000 967.353394 0.000000 0.000000 0.000000 1.000000 1.000000 1.000000 1.000000
4620.123047 0.000000 892.629517 0.000000 0.000000 0.000000 1.000000 1.000000 1.000000 1.000000
4586.043945 0.000000 770.534180 0.000000 0.000000 0.000000 1.000000 1.000000 1.000000 1.000000
4516.395508 0.000000 777.235535 0.000000 0.000000 0.000000 1.000000 1.000000 1.000000 1.000000
4635.077637 0.000000 777.612305 0.000000 0.000000 0.000000 1.000000 1.000000 1.000000 1.000000
4457.133789 0.000000 911.061157 0.000000 0.000000 0.000000 1.000000 1.000000 1.000000 1.000000
4468.675781 0.000000 869.167847 0.000000 0.000000 0.000000 1.000000 1.000000 1.000000 1.000000
4432.883301 0.000000 1032.316772 0.000000 0.000000 0.000000 1.000000 1.000000 1.000000 1.000000
4504.534668 0.000000 802.240723 0.000000 0.000000 0.000000 1.000000 1.000000 1.000000 1.000000
4375.603027 0.000000 1122.710327 0.000000 0.000000 0.000000 1.000000 1.000000 1.000000 1.000000
5095.211914 0.000000 1644.247070 0.000000 0.000000 0.000000 1.000000 1.000000 1.000000 1.000000
4980.924805 0.000000 1534.219116 0.000000 0.000000 0.000000 1.000000 1.000000 1.000000 1.000000
5580.393555 0.000000 2681.334717 0.000000 0.000000 0.000000 1.000000 1.000000 1.000000 1.000000
6011.056152 0.000000 2494.499512 0.000000 0.000000 0.000000 1.000000 1.000000 1.000000 1.000000
6380.152344 0.000000 2466.162354 0.000000 0.000000 0.000000 1.000000 1.000000 1.000000 1.000000
6577.981445 0.000000 2557.440918 0.000000 0.000000 0.000000 1.000000 1.000000 1.000000 1.000000
6229.470703 0.000000 2702.831055 0.000000 0.000000 0.000000 1.000000 1.000000 1.000000 1.000000
6052.677734 0.000000 2615.545410 0.000000 0.000000 0.000000 1.000000 1.000000 1.000000 1.000000
6046.045898 0.000000 2609.457031 0.000000 0.000000 0.000000 1.000000 1.000000 1.000000 1.000000
1718.389648 0.000000 2103.143555 0.000000 0.000000 0.000000 1.000000 1.000000 1.000000 1.000000
5753.977539 0.000000 2622.608643 0.000000 0.000000 0.000000 1.000000 1.000000 1.000000 1.000000
6537.086426 0.000000 2459.044922 0.000000 0.000000 0.000000 1.000000 1.000000 1.000000 1.000000
6859.611328 0.000000 2635.419922 0.000000 0.000000 0.000000 1.000000 1.000000 1.000000 1.000000
6892.801758 0.000000 2638.066406 0.000000 0.000000 0.000000 1.000000 1.000000 1.000000 1.000000
6779.959961 0.000000 2731.866699 0.000000 0.000000 0.000000 1.000000 1.000000 1.000000 1.000000
6771.268066 0.000000 2469.215332 0.000000 0.000000 0.000000 1.000000 1.000000 1.000000 1.000000
6509.390625 0.000000 2369.158203 0.000000 0.000000 0.000000 1.000000 1.000000 1.000000 1.000000
"}
object={
	name="canyon_01"
	clamp_to_water_level=no
	render_under_water=no
	generated_content=no
	layer="massive_environment"
	pdxmesh="cliff_canyon_01_mesh"
	count=1
	transform="1565.953247 0.000000 2368.589355 0.000000 0.033807 0.000000 0.999428 0.949302 0.949302 0.949302
"}
object={
	name="canyon_02"
	clamp_to_water_level=no
	render_under_water=no
	generated_content=no
	layer="massive_environment"
	pdxmesh="cliff_canyon_02_mesh"
	count=2
	transform="1563.464722 0.000000 2284.623779 0.000000 0.000000 0.000000 1.000000 1.000000 1.000000 1.000000
1522.408813 0.000000 2315.952637 0.000000 0.995170 0.000000 -0.098171 1.000000 1.000000 1.000000
"}
object={
	name="canyon_03"
	clamp_to_water_level=no
	render_under_water=no
	generated_content=no
	layer="massive_environment"
	pdxmesh="cliff_canyon_03_mesh"
	count=2
	transform="1506.886719 0.000000 2318.260010 0.000000 0.000000 0.000000 1.000000 1.000000 1.000000 1.000000
1564.631348 0.000000 2357.782715 0.000000 -0.337695 0.000000 0.941256 0.724829 0.724829 0.724829
"}
object={
	name="canyon_04"
	clamp_to_water_level=no
	render_under_water=no
	generated_content=no
	layer="massive_environment"
	pdxmesh="cliff_canyon_04_mesh"
	count=1
	transform="1532.951416 0.000000 2309.093018 0.000000 -0.792721 0.000000 -0.609585 0.700942 0.700942 0.700942
"}
object={
	name="canyon_05"
	clamp_to_water_level=no
	render_under_water=no
	generated_content=no
	layer="massive_environment"
	pdxmesh="cliff_canyon_05_mesh"
	count=3
	transform="1608.243896 0.000000 2403.373047 0.000000 0.943962 0.000000 0.330054 0.735400 0.735400 0.735400
1591.563477 0.000000 2398.640625 0.000000 0.396639 0.000000 0.917975 0.735400 0.735400 0.735400
1496.255005 0.000000 2290.547607 0.000000 -0.992615 0.000000 0.121309 0.803735 0.803735 0.803735
"}
object={
	name="canyon_06"
	clamp_to_water_level=no
	render_under_water=no
	generated_content=no
	layer="massive_environment"
	pdxmesh="cliff_canyon_06_mesh"
	count=1
	transform="1448.999390 0.000000 2360.560303 0.000000 0.000000 0.000000 1.000000 1.000000 1.000000 1.000000
"}
object={
	name="canyon_07"
	clamp_to_water_level=no
	render_under_water=no
	generated_content=no
	layer="massive_environment"
	pdxmesh="cliff_canyon_07_mesh"
	count=6
	transform="4933.222656 0.000000 2179.270508 0.000000 -0.881587 0.000000 -0.472021 0.699351 0.699351 0.699351
4928.782715 0.000000 2186.653320 0.000000 -0.971988 0.000000 -0.235029 1.000000 1.000000 1.000000
4929.075684 0.000000 2192.791504 0.000000 0.992873 0.000000 0.119175 0.760010 0.760010 0.760010
1563.820679 0.000000 2355.573730 0.000000 0.754878 0.000000 0.655865 0.825462 0.825462 0.825462
1566.617310 0.000000 2369.750244 0.000000 0.939029 0.000000 -0.343839 0.808341 0.808341 0.808341
1584.383789 0.000000 2344.446533 0.000000 0.000000 0.000000 1.000000 0.939429 0.939429 0.939429
"}
object={
	name="canyon_08"
	clamp_to_water_level=no
	render_under_water=no
	generated_content=no
	layer="massive_environment"
	pdxmesh="cliff_canyon_08_mesh"
	count=7
	transform="4031.784424 0.000000 2481.373047 0.000000 -0.991250 0.000000 -0.132003 0.899339 0.899339 0.899339
4035.630371 0.000000 2481.243164 0.000000 0.338752 0.000000 -0.940876 1.000000 1.000000 1.000000
4926.646973 0.000000 2185.946533 0.000000 -0.988739 0.000000 -0.149648 1.000000 1.000000 1.000000
1446.644409 0.000000 2360.311768 0.000000 0.000000 0.000000 1.000000 1.000000 1.000000 1.000000
1587.902344 0.000000 2400.855225 0.000000 0.263087 0.000000 0.964772 1.000000 1.000000 1.000000
1587.961548 0.000000 2345.906250 0.000000 -0.954917 0.000000 0.296874 1.000000 1.000000 1.000000
1568.649048 0.000000 2360.000488 0.000000 0.251719 0.000000 0.967800 1.118716 1.118716 1.118716
"}
object={
	name="canyon_09"
	clamp_to_water_level=no
	render_under_water=no
	generated_content=no
	layer="massive_environment"
	pdxmesh="cliff_canyon_09_mesh"
	count=2
	transform="4033.904785 0.000000 2483.717529 0.000000 -0.904840 0.000000 -0.425752 0.448685 0.448685 0.448685
4927.987793 0.000000 2180.818604 0.000000 -0.285188 0.000000 0.958472 0.517505 0.517505 0.517505
"}
object={
	name="canyon_10"
	clamp_to_water_level=no
	render_under_water=no
	generated_content=no
	layer="massive_environment"
	pdxmesh="cliff_canyon_10_mesh"
	count=6
	transform="4036.583740 0.000000 2481.811523 0.000000 -0.054194 0.000000 -0.998530 0.502905 0.502905 0.502905
4035.507324 0.000000 2486.422363 0.000000 -0.464088 0.000000 0.885789 0.502905 0.502905 0.502905
1500.849854 0.000000 2307.418701 0.000000 0.000000 0.000000 1.000000 1.000000 1.000000 1.000000
1609.016968 0.000000 2399.340332 0.000000 0.126400 0.000000 0.991979 0.583838 0.583838 0.583838
1554.360596 0.000000 2351.722168 0.000000 0.266824 0.000000 0.963745 0.872240 0.872240 0.872240
1567.669067 0.000000 2352.227295 0.000000 0.560687 0.000000 0.828028 1.000000 1.000000 1.000000
"}
object={
	name="canyon_11"
	clamp_to_water_level=no
	render_under_water=no
	generated_content=no
	layer="massive_environment"
	pdxmesh="cliff_canyon_11_mesh"
	count=1
	transform="1547.745850 0.000000 2291.450928 0.000000 -0.934341 0.000000 0.356380 1.000000 1.000000 1.000000
"}
object={
	name="canyon_12"
	clamp_to_water_level=no
	render_under_water=no
	generated_content=no
	layer="massive_environment"
	pdxmesh="cliff_canyon_12_mesh"
	count=5
	transform="4929.848633 0.000000 2177.694580 0.000000 -0.999727 0.000000 -0.023379 0.537848 0.537848 0.537848
1479.483887 0.000000 2373.422363 0.000000 -0.307482 0.000000 0.951554 0.731104 0.731104 0.731104
1560.281982 0.000000 2352.361084 0.000000 0.964347 0.000000 0.264642 0.682682 0.682682 0.682682
1561.338379 0.000000 2350.919189 0.000000 0.964347 0.000000 0.264642 0.682682 0.682682 0.682682
1583.533936 0.000000 2353.582275 0.000000 0.978210 0.000000 -0.207620 1.020386 1.020386 1.020386
"}
object={
	name="canyon_13"
	clamp_to_water_level=no
	render_under_water=no
	generated_content=no
	layer="massive_environment"
	pdxmesh="cliff_canyon_13_mesh"
	count=8
	transform="1559.524292 0.000000 2350.804932 0.000000 0.996487 0.000000 0.083744 0.792041 0.792041 0.792041
1555.804565 0.000000 2350.498291 0.000000 0.000000 0.000000 1.000000 0.792041 0.792041 0.792041
1563.791016 0.000000 2360.290283 0.000000 -0.281630 0.000000 0.959523 0.641308 0.641308 0.641308
1559.919312 0.000000 2365.149902 0.000000 -0.205929 0.000000 0.978567 0.708643 0.708643 0.708643
1558.234985 0.000000 2376.843262 0.000000 0.002319 0.000000 0.999997 0.583834 0.583834 0.583834
1559.445557 0.000000 2380.923340 0.000000 0.000000 0.000000 1.000000 0.881323 0.881323 0.881323
1554.729370 0.000000 2367.080566 0.000000 0.000000 0.000000 1.000000 0.714736 0.714736 0.714736
1558.339478 0.000000 2361.009277 0.000000 0.000000 0.000000 1.000000 0.866064 0.866064 0.866064
"}
object={
	name="canyon_14"
	clamp_to_water_level=no
	render_under_water=yes
	generated_content=no
	layer="massive_environment"
	pdxmesh="cliff_canyon_14_mesh"
	count=12
	transform="1599.852905 0.000000 2403.771484 0.000000 0.000000 0.000000 1.000000 0.759692 0.759692 0.759692
1559.781494 0.000000 2359.604248 0.000000 -0.914754 0.000000 -0.404012 0.684757 0.684757 0.684757
1556.184814 0.000000 2357.922119 0.000000 -0.914754 0.000000 -0.404012 0.777417 0.777417 0.777417
1554.142700 0.000000 2358.882568 0.000000 -0.260996 0.000000 0.965340 0.777417 0.777417 0.777417
1561.746826 0.000000 2363.113525 0.000000 0.000000 0.000000 1.000000 0.777417 0.777417 0.777417
1571.282837 0.000000 2358.606689 0.000000 0.961821 0.000000 0.273680 0.598193 0.598193 0.598193
1572.942505 0.000000 2357.817627 0.000000 0.479961 0.000000 0.877290 0.561398 0.561398 0.561398
1569.873291 0.000000 2372.832764 0.000000 0.699984 0.000000 0.714158 0.763428 0.763428 0.763428
1571.427612 0.000000 2371.261963 0.000000 0.699984 0.000000 0.714158 0.763428 0.763428 0.763428
1573.348511 0.000000 2369.896729 0.000000 0.000000 0.000000 1.000000 0.763428 0.763428 0.763428
1571.915283 0.000000 2363.767090 0.000000 0.000000 0.000000 1.000000 1.000000 1.000000 1.000000
1582.019531 0.000000 2347.898926 0.000000 -0.070270 0.000000 0.997528 0.766138 0.766138 0.766138
"}
object={
	name="canyon_15"
	clamp_to_water_level=no
	render_under_water=no
	generated_content=no
	layer="massive_environment"
	pdxmesh="cliff_canyon_15_mesh"
	count=1
	transform="4925.717285 0.000000 2179.252197 0.000000 -0.124848 0.000000 -0.992176 0.748511 0.748511 0.748511
"}
object={
	name="canyon_16"
	clamp_to_water_level=no
	render_under_water=yes
	generated_content=no
	layer="massive_environment"
	pdxmesh="cliff_canyon_16_mesh"
	count=5
	transform="1604.825317 0.000000 2399.675781 0.000000 -0.644869 0.000000 0.764293 0.654810 0.654810 0.654810
1565.644287 0.000000 2365.588135 0.000000 0.561015 0.000000 0.827806 1.000000 1.000000 1.000000
1567.069702 0.000000 2362.894531 0.000000 0.000000 0.000000 1.000000 1.000000 1.000000 1.000000
1566.176636 0.000000 2371.734131 0.000000 0.174216 0.000000 0.984707 0.738232 0.738232 0.738232
1563.893799 0.000000 2373.369629 0.000000 0.174216 0.000000 0.984707 0.738232 0.738232 0.738232
"}
object={
	name="european_lighthouse_01"
	clamp_to_water_level=no
	render_under_water=yes
	generated_content=no
	layer="static"
	entity="european_lighthouse_01_entity"
	count=155
	transform="3984.172852 0.000000 2899.758789 0.000000 0.000000 0.000000 1.000000 1.000000 1.000000 1.000000
4010.390137 0.000000 2763.750488 0.000000 0.000000 0.000000 1.000000 1.000000 1.000000 1.000000
4131.408691 0.000000 2821.237305 0.000000 0.145418 0.000000 0.989370 1.000000 1.000000 1.000000
4087.370850 -0.000977 2782.129395 0.000000 0.000000 0.000000 1.000000 1.000000 1.000000 1.000000
3.000000 0.000000 0.000000 0.000000 0.000000 0.000000 1.000000 1.000000 1.000000 1.000000
4928.496582 0.000000 2622.643555 0.000000 0.236626 0.000000 0.971601 1.000000 1.000000 1.000000
7253.188477 0.000000 2882.973389 0.000000 0.000000 0.000000 1.000000 1.000000 1.000000 1.000000
7336.625488 0.000000 3046.703125 0.000000 0.000000 0.000000 1.000000 1.000000 1.000000 1.000000
7488.357910 0.000000 3045.786865 0.000000 0.000000 0.000000 1.000000 1.000000 1.000000 1.000000
7625.447754 0.000000 3051.064697 0.000000 0.000000 0.000000 1.000000 1.000000 1.000000 1.000000
7727.986816 0.000000 3132.312500 0.000000 0.000000 0.000000 1.000000 1.000000 1.000000 1.000000
7784.375000 0.000000 2901.557129 0.000000 0.000000 0.000000 1.000000 1.000000 1.000000 1.000000
7630.033203 0.000000 2759.189941 0.000000 0.000000 0.000000 1.000000 1.000000 1.000000 1.000000
7970.998535 0.000000 3072.364258 0.000000 0.000000 0.000000 1.000000 1.000000 1.000000 1.000000
8178.407227 0.000000 3181.793945 0.000000 0.000000 0.000000 1.000000 1.000000 1.000000 1.000000
7926.594727 0.000000 370.817993 0.000000 0.000000 0.000000 1.000000 1.000000 1.000000 1.000000
7980.397461 0.000000 390.024597 0.000000 0.000000 0.000000 1.000000 1.000000 1.000000 1.000000
8062.575684 0.000000 519.411682 0.000000 0.000000 0.000000 1.000000 1.000000 1.000000 1.000000
8072.255371 0.000000 649.493835 0.000000 0.000000 0.000000 1.000000 1.000000 1.000000 1.000000
7464.842773 0.000000 530.089661 0.000000 0.000000 0.000000 1.000000 1.000000 1.000000 1.000000
7427.112305 0.000000 576.343262 0.000000 0.000000 0.000000 1.000000 1.000000 1.000000 1.000000
7534.860840 0.000000 708.255981 0.000000 0.000000 0.000000 1.000000 1.000000 1.000000 1.000000
7587.037109 0.000000 880.203857 0.000000 0.000000 0.000000 1.000000 1.000000 1.000000 1.000000
7582.286621 0.000000 937.560242 0.000000 0.000000 0.000000 1.000000 1.000000 1.000000 1.000000
7448.422363 0.000000 1065.317505 0.000000 0.000000 0.000000 1.000000 1.000000 1.000000 1.000000
7206.539551 0.000000 1257.858887 0.000000 0.000000 0.000000 1.000000 1.000000 1.000000 1.000000
6801.670898 0.000000 1045.809326 0.000000 0.000000 0.000000 1.000000 1.000000 1.000000 1.000000
6683.735840 0.000000 988.254944 0.000000 0.000000 0.000000 1.000000 1.000000 1.000000 1.000000
6714.687500 0.000000 701.693726 0.000000 0.000000 0.000000 1.000000 1.000000 1.000000 1.000000
7316.283203 0.000000 596.124817 0.000000 0.000000 0.000000 1.000000 1.000000 1.000000 1.000000
7865.726074 0.000000 1012.109863 0.000000 0.000000 0.000000 1.000000 1.000000 1.000000 1.000000
7923.637695 0.000000 1106.728638 0.000000 0.000000 0.000000 1.000000 1.000000 1.000000 1.000000
8149.353027 0.000000 1068.827271 0.000000 0.000000 0.000000 1.000000 1.000000 1.000000 1.000000
7331.659180 0.000000 1269.667969 0.000000 0.000000 0.000000 1.000000 1.000000 1.000000 1.000000
1932.159546 0.000000 2198.144531 0.000000 0.000000 0.000000 1.000000 1.000000 1.000000 1.000000
2044.262939 0.000000 2196.374023 0.000000 0.000000 0.000000 1.000000 1.000000 1.000000 1.000000
2090.016846 0.000000 2226.691895 0.000000 0.000000 0.000000 1.000000 1.000000 1.000000 1.000000
2156.382324 0.000000 2210.780029 0.000000 0.000000 0.000000 1.000000 1.000000 1.000000 1.000000
2212.451416 0.000000 2163.714111 0.000000 0.000000 0.000000 1.000000 1.000000 1.000000 1.000000
2244.259766 0.000000 2247.994629 0.000000 0.000000 0.000000 1.000000 1.000000 1.000000 1.000000
2288.208740 0.000000 2293.592529 0.000000 0.000000 0.000000 1.000000 1.000000 1.000000 1.000000
2319.923096 0.000000 2316.519775 0.000000 0.000000 0.000000 1.000000 1.000000 1.000000 1.000000
2365.520020 0.000000 2392.395996 0.000000 0.000000 0.000000 1.000000 1.000000 1.000000 1.000000
2356.368164 0.000000 2431.000977 0.000000 0.000000 0.000000 1.000000 1.000000 1.000000 1.000000
2391.381348 0.000000 2447.233154 0.000000 0.000000 0.000000 1.000000 1.000000 1.000000 1.000000
2458.874512 0.000000 2503.293701 0.000000 0.000000 0.000000 1.000000 1.000000 1.000000 1.000000
2487.937500 0.000000 2512.449463 0.000000 0.000000 0.000000 1.000000 1.000000 1.000000 1.000000
2498.527832 0.000000 2530.444824 0.000000 0.000000 0.000000 1.000000 1.000000 1.000000 1.000000
2488.117188 0.000000 2546.344482 0.000000 0.000000 0.000000 1.000000 1.000000 1.000000 1.000000
2505.319580 0.000000 2580.562256 0.000000 0.000000 0.000000 1.000000 1.000000 1.000000 1.000000
2605.318359 0.000000 2572.239746 0.000000 0.000000 0.000000 1.000000 1.000000 1.000000 1.000000
2620.098389 0.000000 2623.153320 0.000000 0.000000 0.000000 1.000000 1.000000 1.000000 1.000000
2732.734375 0.000000 2639.036621 0.000000 0.000000 0.000000 1.000000 1.000000 1.000000 1.000000
2632.153809 0.000000 2752.491699 0.000000 0.000000 0.000000 1.000000 1.000000 1.000000 1.000000
2748.720947 0.000000 2687.021973 0.000000 0.000000 0.000000 1.000000 1.000000 1.000000 1.000000
2885.947998 0.000000 2659.944336 0.000000 0.000000 0.000000 1.000000 1.000000 1.000000 1.000000
2821.753906 0.000000 2801.392822 0.000000 0.000000 0.000000 1.000000 1.000000 1.000000 1.000000
2697.874756 0.000000 2976.798584 0.000000 0.000000 0.000000 1.000000 1.000000 1.000000 1.000000
3040.714111 0.000000 3099.273926 0.000000 0.000000 0.000000 1.000000 1.000000 1.000000 1.000000
2940.717529 0.000000 3182.790283 0.000000 0.000000 0.000000 1.000000 1.000000 1.000000 1.000000
2912.305664 0.000000 3223.110107 0.000000 0.000000 0.000000 1.000000 1.000000 1.000000 1.000000
2870.061035 0.000000 3325.342285 0.000000 0.000000 0.000000 1.000000 1.000000 1.000000 1.000000
2880.137939 0.000000 3416.317871 0.000000 0.000000 0.000000 1.000000 1.000000 1.000000 1.000000
3580.893311 0.000000 3209.202637 0.000000 0.000000 0.000000 1.000000 1.000000 1.000000 1.000000
3637.978271 0.000000 3291.392334 0.000000 0.000000 0.000000 1.000000 1.000000 1.000000 1.000000
3556.197998 0.000000 3288.765381 0.000000 0.000000 0.000000 1.000000 1.000000 1.000000 1.000000
3967.385742 0.000000 2758.665039 0.000000 0.000000 0.000000 1.000000 1.000000 1.000000 1.000000
3992.458740 0.000000 2706.185303 0.000000 0.000000 0.000000 1.000000 1.000000 1.000000 1.000000
2270.905029 0.000000 2540.960449 0.000000 0.000000 0.000000 1.000000 1.000000 1.000000 1.000000
2233.754150 0.000000 2621.887939 0.000000 0.000000 0.000000 1.000000 1.000000 1.000000 1.000000
2163.801514 0.000000 2634.079346 0.000000 0.000000 0.000000 1.000000 1.000000 1.000000 1.000000
3970.032471 0.000000 2371.219238 0.000000 0.000000 0.000000 1.000000 1.000000 1.000000 1.000000
3924.221436 0.000000 2400.757812 0.000000 0.000000 0.000000 1.000000 1.000000 1.000000 1.000000
3892.339600 0.000000 2396.601074 0.000000 0.000000 0.000000 1.000000 1.000000 1.000000 1.000000
3881.131104 0.000000 2441.912354 0.000000 0.000000 0.000000 1.000000 1.000000 1.000000 1.000000
3893.958984 0.000000 2475.156738 0.000000 0.000000 0.000000 1.000000 1.000000 1.000000 1.000000
3885.318848 0.000000 2555.290527 0.000000 0.000000 0.000000 1.000000 1.000000 1.000000 1.000000
3907.685059 0.000000 2569.626709 0.000000 0.000000 0.000000 1.000000 1.000000 1.000000 1.000000
4013.770996 0.000000 2569.707275 0.000000 0.000000 0.000000 1.000000 1.000000 1.000000 1.000000
4053.446777 0.000000 2564.208496 0.000000 0.000000 0.000000 1.000000 1.000000 1.000000 1.000000
4065.900879 0.000000 2639.624512 0.000000 0.000000 0.000000 1.000000 1.000000 1.000000 1.000000
4023.502686 0.000000 2678.584229 0.000000 0.000000 0.000000 1.000000 1.000000 1.000000 1.000000
4052.826660 0.000000 2747.112061 0.000000 0.000000 0.000000 1.000000 1.000000 1.000000 1.000000
4096.775391 0.000000 2868.710938 0.000000 0.000000 0.000000 1.000000 1.000000 1.000000 1.000000
4035.521729 0.000000 2950.486084 0.000000 0.000000 0.000000 1.000000 1.000000 1.000000 1.000000
4020.944580 0.000000 3034.832764 0.000000 0.000000 0.000000 1.000000 1.000000 1.000000 1.000000
3936.412109 0.000000 2917.068848 0.000000 0.000000 0.000000 1.000000 1.000000 1.000000 1.000000
4206.325195 0.000000 2851.187012 0.000000 0.000000 0.000000 1.000000 1.000000 1.000000 1.000000
4122.131348 0.000000 2790.499268 0.000000 0.000000 0.000000 1.000000 1.000000 1.000000 1.000000
4097.125488 0.000000 2736.335938 0.000000 0.000000 0.000000 1.000000 1.000000 1.000000 1.000000
4181.084473 0.000000 2807.836914 0.000000 0.000000 0.000000 1.000000 1.000000 1.000000 1.000000
4293.423340 0.000000 2880.013184 0.000000 0.000000 0.000000 1.000000 1.000000 1.000000 1.000000
4282.015137 0.000000 2937.349609 0.000000 0.000000 0.000000 1.000000 1.000000 1.000000 1.000000
4334.122070 0.000000 2996.079346 0.000000 0.000000 0.000000 1.000000 1.000000 1.000000 1.000000
4346.950684 0.000000 3036.483398 0.000000 0.000000 0.000000 1.000000 1.000000 1.000000 1.000000
4206.812012 0.000000 3091.677979 0.000000 0.000000 0.000000 1.000000 1.000000 1.000000 1.000000
4421.718750 0.000000 3341.706055 0.000000 0.000000 0.000000 1.000000 1.000000 1.000000 1.000000
4859.555176 0.000000 3411.416992 0.000000 0.000000 0.000000 1.000000 1.000000 1.000000 1.000000
5034.315918 0.000000 3326.722168 0.000000 0.000000 0.000000 1.000000 1.000000 1.000000 1.000000
4929.136719 0.000000 3241.752930 0.000000 0.000000 0.000000 1.000000 1.000000 1.000000 1.000000
4382.636719 0.000000 2929.276123 0.000000 0.000000 0.000000 1.000000 1.000000 1.000000 1.000000
4347.934570 0.000000 2902.477295 0.000000 0.000000 0.000000 1.000000 1.000000 1.000000 1.000000
4340.964844 0.000000 2881.529785 0.000000 0.000000 0.000000 1.000000 1.000000 1.000000 1.000000
4405.914551 0.000000 2890.361328 0.000000 0.000000 0.000000 1.000000 1.000000 1.000000 1.000000
4414.361328 0.000000 2924.210205 0.000000 0.000000 0.000000 1.000000 1.000000 1.000000 1.000000
4511.555664 0.000000 2973.298340 0.000000 0.000000 0.000000 1.000000 1.000000 1.000000 1.000000
4523.904297 0.000000 2897.782959 0.000000 0.000000 0.000000 1.000000 1.000000 1.000000 1.000000
4576.103027 0.000000 2936.085449 0.000000 0.000000 0.000000 1.000000 1.000000 1.000000 1.000000
4597.722168 0.000000 3005.372314 0.000000 0.000000 0.000000 1.000000 1.000000 1.000000 1.000000
4532.159668 0.000000 3004.915527 0.000000 0.000000 0.000000 1.000000 1.000000 1.000000 1.000000
4493.471680 0.000000 3031.149170 0.000000 0.000000 0.000000 1.000000 1.000000 1.000000 1.000000
4516.882324 0.000000 3048.931152 0.000000 0.000000 0.000000 1.000000 1.000000 1.000000 1.000000
4554.889648 0.000000 3074.540283 0.000000 0.000000 0.000000 1.000000 1.000000 1.000000 1.000000
4594.865234 0.000000 3083.708740 0.000000 0.000000 0.000000 1.000000 1.000000 1.000000 1.000000
4577.459961 0.000000 3186.374268 0.000000 0.000000 0.000000 1.000000 1.000000 1.000000 1.000000
4605.104980 0.000000 3262.357178 0.000000 0.000000 0.000000 1.000000 1.000000 1.000000 1.000000
4668.895508 0.000000 3254.702393 0.000000 0.000000 0.000000 1.000000 1.000000 1.000000 1.000000
4759.581055 0.000000 3071.735352 0.000000 0.000000 0.000000 1.000000 1.000000 1.000000 1.000000
4676.747559 0.000000 3060.259033 0.000000 0.000000 0.000000 1.000000 1.000000 1.000000 1.000000
4790.363770 0.000000 2645.398926 0.000000 0.000000 0.000000 1.000000 1.000000 1.000000 1.000000
4837.791504 0.000000 2622.841553 0.000000 0.000000 0.000000 1.000000 1.000000 1.000000 1.000000
4863.926758 0.000000 2595.504150 0.000000 0.000000 0.000000 1.000000 1.000000 1.000000 1.000000
4933.449707 0.000000 2663.393555 0.000000 0.000000 0.000000 1.000000 1.000000 1.000000 1.000000
4743.787598 0.000000 2568.197510 0.000000 0.000000 0.000000 1.000000 1.000000 1.000000 1.000000
4728.569336 0.000000 2550.804199 0.000000 0.000000 0.000000 1.000000 1.000000 1.000000 1.000000
4657.063965 0.000000 2491.029785 0.000000 0.000000 0.000000 1.000000 1.000000 1.000000 1.000000
4634.447266 0.000000 2473.395508 0.000000 0.000000 0.000000 1.000000 1.000000 1.000000 1.000000
4656.133301 0.000000 2443.134277 0.000000 0.000000 0.000000 1.000000 1.000000 1.000000 1.000000
4624.571777 0.000000 2443.513184 0.000000 0.000000 0.000000 1.000000 1.000000 1.000000 1.000000
4682.636719 0.000000 2378.864990 0.000000 0.000000 0.000000 1.000000 1.000000 1.000000 1.000000
4046.213623 0.000000 2389.019531 0.000000 0.000000 0.000000 1.000000 1.000000 1.000000 1.000000
4078.206299 0.000000 2411.914795 0.000000 0.000000 0.000000 1.000000 1.000000 1.000000 1.000000
4128.626953 0.000000 2439.991211 0.000000 0.000000 0.000000 1.000000 1.000000 1.000000 1.000000
4113.949707 0.000000 2494.462402 0.000000 0.000000 0.000000 1.000000 1.000000 1.000000 1.000000
4192.132324 0.000000 2570.001709 0.000000 0.000000 0.000000 1.000000 1.000000 1.000000 1.000000
4234.402832 0.000000 2559.154785 0.000000 0.000000 0.000000 1.000000 1.000000 1.000000 1.000000
4318.976074 0.000000 2587.507812 0.000000 0.000000 0.000000 1.000000 1.000000 1.000000 1.000000
4344.095703 0.000000 2538.540771 0.000000 0.000000 0.000000 1.000000 1.000000 1.000000 1.000000
4310.229980 0.000000 2554.476562 0.000000 0.000000 0.000000 1.000000 1.000000 1.000000 1.000000
4287.541016 0.000000 2449.225830 0.000000 0.000000 0.000000 1.000000 1.000000 1.000000 1.000000
4419.681641 0.000000 2489.437012 0.000000 0.000000 0.000000 1.000000 1.000000 1.000000 1.000000
4459.374512 0.000000 2420.305664 0.000000 0.000000 0.000000 1.000000 1.000000 1.000000 1.000000
4438.582520 0.000000 2388.335938 0.000000 0.000000 0.000000 1.000000 1.000000 1.000000 1.000000
4381.481445 0.000000 2414.322266 0.000000 0.000000 0.000000 1.000000 1.000000 1.000000 1.000000
4693.101562 0.000000 2347.793457 0.000000 0.000000 0.000000 1.000000 1.000000 1.000000 1.000000
4462.911133 0.000000 2524.379883 0.000000 0.000000 0.000000 1.000000 1.000000 1.000000 1.000000
4511.961426 0.000000 2471.772461 0.000000 0.000000 0.000000 1.000000 1.000000 1.000000 1.000000
4404.171875 0.000000 2571.938721 0.000000 0.000000 0.000000 1.000000 1.000000 1.000000 1.000000
4377.000488 0.000000 2608.039795 0.000000 0.000000 0.000000 1.000000 1.000000 1.000000 1.000000
4434.705566 0.000000 2588.200195 0.000000 0.000000 0.000000 1.000000 1.000000 1.000000 1.000000
4463.254395 0.000000 2557.561768 0.000000 0.000000 0.000000 1.000000 1.000000 1.000000 1.000000
4577.537109 0.000000 2432.533691 0.000000 0.000000 0.000000 1.000000 1.000000 1.000000 1.000000
4606.931152 0.000000 2382.061523 0.000000 0.000000 0.000000 1.000000 1.000000 1.000000 1.000000
4571.227539 0.000000 2415.145752 0.000000 0.000000 0.000000 1.000000 1.000000 1.000000 1.000000
4650.679199 0.000000 2387.053955 0.000000 0.000000 0.000000 1.000000 1.000000 1.000000 1.000000
"}
object={
	name="latin_lighthouse_01"
	clamp_to_water_level=no
	render_under_water=no
	generated_content=no
	layer="static"
	entity="latin_lighthouse_01_entity"
	count=82
	transform="2632.854736 0.000000 1764.185791 0.000000 -0.955233 0.000000 0.295854 1.000000 1.000000 1.000000
2483.402100 0.000000 180.010101 0.000000 0.000000 0.000000 1.000000 1.000000 1.000000 1.000000
2537.000000 0.000000 201.483887 0.000000 0.000000 0.000000 1.000000 1.000000 1.000000 1.000000
2563.675293 0.000000 305.071106 0.000000 0.946846 0.000000 0.321687 1.000000 1.000000 1.000000
2804.009277 0.000000 646.807251 0.000000 0.000000 0.000000 1.000000 1.000000 1.000000 1.000000
2791.512695 0.000000 670.967102 0.000000 0.000000 0.000000 1.000000 1.000000 1.000000 1.000000
2839.930908 0.000000 686.922668 0.000000 0.000000 0.000000 1.000000 1.000000 1.000000 1.000000
2913.492676 0.000000 760.526611 0.000000 0.000000 0.000000 1.000000 1.000000 1.000000 1.000000
2993.489990 0.000000 872.304565 0.000000 0.000000 0.000000 1.000000 1.000000 1.000000 1.000000
3034.525635 0.000000 954.979614 0.000000 0.000000 0.000000 1.000000 1.000000 1.000000 1.000000
3138.104736 0.000000 983.006592 0.000000 0.000000 0.000000 1.000000 1.000000 1.000000 1.000000
3171.310059 0.000000 1034.148682 0.000000 0.000000 0.000000 1.000000 1.000000 1.000000 1.000000
3207.340088 0.000000 1161.620483 0.000000 0.000000 0.000000 1.000000 1.000000 1.000000 1.000000
3248.626953 0.000000 1258.407593 0.000000 0.000000 0.000000 1.000000 1.000000 1.000000 1.000000
3301.697754 0.000000 1354.928345 0.000000 0.000000 0.000000 1.000000 1.000000 1.000000 1.000000
3255.276611 0.000000 1396.075073 0.000000 0.000000 0.000000 1.000000 1.000000 1.000000 1.000000
3141.554932 0.000000 1447.760132 0.000000 0.000000 0.000000 1.000000 1.000000 1.000000 1.000000
3073.146240 0.000000 1483.083618 0.000000 0.000000 0.000000 1.000000 1.000000 1.000000 1.000000
2953.352051 0.000000 1524.870361 0.000000 0.000000 0.000000 1.000000 1.000000 1.000000 1.000000
2924.083740 0.000000 1611.724609 0.000000 0.000000 0.000000 1.000000 1.000000 1.000000 1.000000
2768.860107 0.000000 1669.456787 0.000000 0.000000 0.000000 1.000000 1.000000 1.000000 1.000000
2660.289551 0.000000 1756.736694 0.000000 0.000000 0.000000 1.000000 1.000000 1.000000 1.000000
2463.338623 0.000000 1762.204956 0.000000 0.000000 0.000000 1.000000 1.000000 1.000000 1.000000
2500.860840 0.000000 1773.203979 0.000000 0.000000 0.000000 1.000000 1.000000 1.000000 1.000000
2453.544922 0.000000 1789.673096 0.000000 0.000000 0.000000 1.000000 1.000000 1.000000 1.000000
2410.053711 0.000000 1771.738281 0.000000 0.000000 0.000000 1.000000 1.000000 1.000000 1.000000
2281.080322 0.000000 1727.208008 0.000000 0.000000 0.000000 1.000000 1.000000 1.000000 1.000000
2335.362305 0.000000 1605.236084 0.000000 0.000000 0.000000 1.000000 1.000000 1.000000 1.000000
2299.467285 0.000000 1550.191406 0.000000 0.000000 0.000000 1.000000 1.000000 1.000000 1.000000
2274.352295 0.000000 1362.185181 0.000000 0.000000 0.000000 1.000000 1.000000 1.000000 1.000000
2344.917236 0.000000 1234.421143 0.000000 0.000000 0.000000 1.000000 1.000000 1.000000 1.000000
2358.596680 0.000000 1195.836670 0.000000 0.000000 0.000000 1.000000 1.000000 1.000000 1.000000
2460.088867 0.000000 1120.788330 0.000000 0.000000 0.000000 1.000000 1.000000 1.000000 1.000000
2500.876709 0.000000 1057.035400 0.000000 0.000000 0.000000 1.000000 1.000000 1.000000 1.000000
2490.097656 0.000000 919.902344 0.000000 0.000000 0.000000 1.000000 1.000000 1.000000 1.000000
2464.763916 0.000000 728.975769 0.000000 0.000000 0.000000 1.000000 1.000000 1.000000 1.000000
2424.600586 0.000000 554.607117 0.000000 0.000000 0.000000 1.000000 1.000000 1.000000 1.000000
2395.866455 0.000000 454.226715 0.000000 0.000000 0.000000 1.000000 1.000000 1.000000 1.000000
2439.524658 0.000000 499.641235 0.000000 0.000000 0.000000 1.000000 1.000000 1.000000 1.000000
2377.713379 0.000000 361.563293 0.000000 0.000000 0.000000 1.000000 1.000000 1.000000 1.000000
2200.201660 0.000000 1740.729858 0.000000 0.000000 0.000000 1.000000 1.000000 1.000000 1.000000
2132.773682 0.000000 1779.837036 0.000000 0.000000 0.000000 1.000000 1.000000 1.000000 1.000000
2047.846802 0.000000 1827.652710 0.000000 0.000000 0.000000 1.000000 1.000000 1.000000 1.000000
1944.493286 0.000000 1886.529785 0.000000 0.000000 0.000000 1.000000 1.000000 1.000000 1.000000
1922.765991 0.000000 1880.122192 0.000000 0.000000 0.000000 1.000000 1.000000 1.000000 1.000000
1827.249878 0.000000 1897.933472 0.000000 0.000000 0.000000 1.000000 1.000000 1.000000 1.000000
1696.809326 0.000000 1993.163452 0.000000 0.000000 0.000000 1.000000 1.000000 1.000000 1.000000
1606.762207 0.000000 2116.079834 0.000000 0.000000 0.000000 1.000000 1.000000 1.000000 1.000000
1568.857422 0.000000 2168.561035 0.000000 0.000000 0.000000 1.000000 1.000000 1.000000 1.000000
2114.702148 0.000000 1874.325928 0.000000 0.000000 0.000000 1.000000 1.000000 1.000000 1.000000
2085.261475 0.000000 1897.175903 0.000000 0.000000 0.000000 1.000000 1.000000 1.000000 1.000000
2010.126587 0.000000 1944.394287 0.000000 0.000000 0.000000 1.000000 1.000000 1.000000 1.000000
1939.177368 0.000000 1937.027710 0.000000 0.000000 0.000000 1.000000 1.000000 1.000000 1.000000
1866.414062 0.000000 2028.303101 0.000000 0.000000 0.000000 1.000000 1.000000 1.000000 1.000000
2780.269775 0.000000 698.407837 0.000000 0.000000 0.000000 1.000000 1.000000 1.000000 1.000000
2565.194336 0.000000 89.748276 0.000000 0.000000 0.000000 1.000000 1.000000 1.000000 1.000000
2408.896973 0.000000 170.515182 0.000000 0.000000 0.000000 1.000000 1.000000 1.000000 1.000000
2380.583984 0.000000 248.410370 0.000000 0.000000 0.000000 1.000000 1.000000 1.000000 1.000000
2736.092285 0.000000 198.901382 0.000000 0.000000 0.000000 1.000000 1.000000 1.000000 1.000000
2420.492432 0.000000 623.049194 0.000000 0.000000 0.000000 1.000000 1.000000 1.000000 1.000000
2472.571533 0.000000 809.465210 0.000000 0.000000 0.000000 1.000000 1.000000 1.000000 1.000000
2273.866211 0.000000 1439.769775 0.000000 0.000000 0.000000 1.000000 1.000000 1.000000 1.000000
2271.907471 0.000000 1683.624634 0.000000 0.000000 0.000000 1.000000 1.000000 1.000000 1.000000
2968.746338 0.000000 1467.021240 0.000000 0.000000 0.000000 1.000000 1.000000 1.000000 1.000000
2706.851318 0.000000 1830.858276 0.000000 0.000000 0.000000 1.000000 1.000000 1.000000 1.000000
2703.885010 0.000000 1818.354004 0.000000 0.000000 0.000000 1.000000 1.000000 1.000000 1.000000
2620.200684 0.000000 1920.645264 0.000000 0.000000 0.000000 1.000000 1.000000 1.000000 1.000000
2600.536621 0.000000 1933.205078 0.000000 0.000000 0.000000 1.000000 1.000000 1.000000 1.000000
2532.430664 0.000000 1931.057739 0.000000 0.000000 0.000000 1.000000 1.000000 1.000000 1.000000
2498.738037 0.000000 1934.080933 0.000000 0.000000 0.000000 1.000000 1.000000 1.000000 1.000000
2402.993652 0.000000 1936.454590 0.000000 0.000000 0.000000 1.000000 1.000000 1.000000 1.000000
2405.242432 0.000000 1978.486206 0.000000 0.000000 0.000000 1.000000 1.000000 1.000000 1.000000
2338.275391 0.000000 1924.273315 0.000000 0.000000 0.000000 1.000000 1.000000 1.000000 1.000000
2329.266113 0.000000 1971.532715 0.000000 0.000000 0.000000 1.000000 1.000000 1.000000 1.000000
2207.890137 0.000000 2010.597656 0.000000 0.000000 0.000000 1.000000 1.000000 1.000000 1.000000
2161.121826 0.000000 2015.552368 0.000000 0.000000 0.000000 1.000000 1.000000 1.000000 1.000000
2116.653320 0.000000 1982.184326 0.000000 0.000000 0.000000 1.000000 1.000000 1.000000 1.000000
2087.055176 0.000000 1920.409912 0.000000 0.000000 0.000000 1.000000 1.000000 1.000000 1.000000
2142.385742 0.000000 1879.776001 0.000000 0.000000 0.000000 1.000000 1.000000 1.000000 1.000000
2202.684326 0.000000 1856.939209 0.000000 0.000000 0.000000 1.000000 1.000000 1.000000 1.000000
2209.852051 0.000000 1697.468994 0.000000 0.000000 0.000000 1.000000 1.000000 1.000000 1.000000
2609.826172 0.000000 123.170143 0.000000 0.000000 0.000000 1.000000 1.000000 1.000000 1.000000
"}
object={
	name="rockformation_granite_03"
	clamp_to_water_level=no
	render_under_water=yes
	generated_content=no
	layer="massive_environment"
	pdxmesh="rockformation_06_mesh"
	count=13
	transform="4223.095703 0.000000 3034.345459 0.000000 -0.689851 0.000000 -0.723952 1.000000 1.000000 1.000000
4204.848633 0.000000 3100.672607 0.000000 -0.996931 0.000000 0.078285 1.000000 1.000000 1.000000
4257.721191 0.000000 3171.282715 0.000000 -0.313464 0.000000 -0.949600 3.161421 3.161421 3.161421
2539.429688 0.000000 2801.196045 0.000000 0.859677 0.000000 0.510838 1.000000 1.000000 1.000000
4029.471924 0.000000 2947.034912 0.000000 0.000000 0.000000 1.000000 0.824878 0.824878 0.824878
3985.590332 0.000000 2997.518799 0.000000 0.384206 0.000000 0.923248 3.236438 3.236438 3.236438
4537.476074 0.000000 690.454346 0.000000 0.000000 0.000000 1.000000 1.078021 1.078021 1.078021
4513.194336 0.000000 702.086670 0.000000 0.791058 0.000000 0.611741 1.000000 1.000000 1.000000
4514.425781 0.000000 698.113708 0.000000 -0.495148 0.000000 0.868808 1.000000 1.000000 1.000000
4513.457520 0.000000 699.521118 0.000000 -0.968898 0.000000 0.247459 1.000000 1.000000 1.000000
3747.920654 0.000000 3243.041504 0.000000 0.026020 0.000000 -0.999661 2.359303 2.359303 2.359303
3606.396240 0.000000 3240.811523 0.000000 0.586334 0.000000 0.810069 1.131006 1.131006 1.131006
3654.752686 0.000000 3210.878418 0.000000 -0.887133 0.000000 0.461514 1.461340 1.461340 1.461340
"}
object={
	name="rockformation_granite_04"
	clamp_to_water_level=no
	render_under_water=yes
	generated_content=no
	layer="massive_environment"
	pdxmesh="rockformation_07_mesh"
	count=20
	transform="3981.282715 0.000000 2897.204834 0.000000 0.421929 0.000000 0.906628 1.201538 1.201538 1.201538
4214.892090 0.000000 3078.503418 0.000000 0.817219 0.000000 -0.576327 1.296240 1.296240 1.296240
4224.671387 0.000000 3048.633057 0.000000 -0.992744 0.000000 0.120248 1.000000 1.000000 1.000000
4215.918457 0.000000 3085.970215 0.000000 -0.882225 0.000000 0.470829 1.000000 1.000000 1.000000
4228.307129 0.000000 3151.535645 0.000000 0.748680 0.000000 0.662931 1.000000 1.000000 1.000000
4267.966797 0.000000 3182.995117 0.000000 0.911974 0.000000 0.410247 2.946278 2.946278 2.946278
4287.444824 0.000000 3188.761230 0.000000 -0.856775 0.000000 -0.515691 2.451416 2.451416 2.451416
4345.019531 0.000000 3202.709717 0.000000 -0.274087 0.000000 -0.961705 1.184204 1.184204 1.184204
2528.676514 0.000000 2797.648193 0.000000 -0.425878 0.000000 -0.904781 1.341797 1.341797 1.341797
2539.243164 0.000000 2794.005371 0.000000 -0.847286 0.000000 -0.531136 1.341797 1.341797 1.341797
2540.837158 0.000000 2800.407227 0.000000 -0.847286 0.000000 -0.531136 1.341797 1.341797 1.341797
2534.963623 0.000000 2805.823730 0.000000 0.741250 0.000000 0.671229 1.000000 1.000000 1.000000
2391.022461 0.000000 2947.223145 0.000000 0.754037 0.000000 0.656832 1.176183 1.176183 1.176183
2653.855957 0.000000 2885.473877 0.000000 -0.811300 0.000000 -0.584631 1.000000 1.000000 1.000000
3955.940674 0.000000 2910.720215 0.000000 -0.999840 0.000000 0.017878 1.400757 1.400757 1.400757
4012.459229 0.000000 2946.779785 0.000000 0.519395 0.000000 0.854534 0.827467 0.827467 0.827467
3944.054199 0.000000 3004.333984 0.000000 0.954143 0.000000 0.299350 1.239819 1.239819 1.239819
2290.211426 -0.104980 2290.374268 0.000000 0.278114 0.000000 0.960548 1.039724 1.039724 1.039724
2318.285889 0.000000 2310.973633 0.000000 0.830674 0.000000 0.556760 1.151123 1.151123 1.151123
2357.266846 0.000000 2336.149902 0.000000 0.173886 0.000000 0.984766 1.000000 1.000000 1.000000
"}
object={
	name="rockformation_granite_05"
	clamp_to_water_level=no
	render_under_water=yes
	generated_content=no
	layer="massive_environment"
	pdxmesh="rockformation_08_mesh"
	count=20
	transform="4220.076172 0.000000 3038.991211 0.000000 0.126985 0.000000 -0.991905 2.408633 2.408633 2.408633
4214.094727 0.181885 3080.178711 0.000000 0.617570 0.000000 0.786516 1.000000 1.000000 1.000000
4206.307617 0.000000 3099.787354 0.000000 -0.974771 0.000000 -0.223206 1.394531 1.394531 1.394531
4212.328125 0.000000 3143.198975 0.000000 -0.106478 0.000000 -0.994315 1.036173 1.036173 1.036173
4211.044434 0.000000 3143.953613 0.000000 -0.930710 0.000000 0.365757 1.413025 1.413025 1.413025
4255.373047 0.000000 3165.633057 0.000000 -0.999996 0.000000 0.002681 2.587689 2.587689 2.587689
4277.367676 0.000000 3187.754639 0.000000 0.061537 0.000000 -0.998105 3.625221 3.625221 3.625221
4293.156250 0.000000 3192.890381 0.000000 -0.108368 0.000000 0.994111 4.126578 4.126578 4.126578
3947.215576 0.000000 2906.912842 0.000000 -0.996442 0.000000 -0.084285 1.537622 1.537622 1.537622
4017.999268 0.000000 2946.509033 0.000000 -0.440108 0.000000 0.897945 1.774146 1.774146 1.774146
4038.706787 0.000000 2928.636719 0.000000 -0.001434 0.000000 0.999999 1.158130 1.158130 1.158130
2289.091309 0.000000 2289.598145 0.000000 -0.138953 0.000000 0.990299 1.492822 1.492822 1.492822
2263.614014 0.000000 2273.492920 0.000000 0.933769 0.000000 0.357877 1.333032 1.333032 1.333032
2359.673584 0.000000 2401.513916 0.000000 -0.881318 0.000000 0.472524 1.522974 1.522974 1.522974
2301.370605 0.000000 2401.946777 0.000000 0.928006 0.000000 0.372564 6.808678 6.808678 6.808678
5407.582031 0.000000 2769.103760 0.000000 -0.838357 0.000000 0.545121 1.000000 1.000000 1.000000
7636.913086 0.000000 2776.802490 0.000000 -0.370472 0.000000 0.928844 1.000000 1.000000 1.000000
7635.276367 0.000000 2778.244629 0.000000 -0.990325 0.000000 0.138767 1.000000 1.000000 1.000000
7654.602051 0.000000 2773.667725 0.000000 -0.763893 0.000000 0.645343 1.000000 1.000000 1.000000
7661.778320 0.000000 2781.942139 0.000000 -0.763893 0.000000 0.645343 1.000000 1.000000 1.000000
"}
object={
	name="rockformation_granite_06"
	clamp_to_water_level=no
	render_under_water=yes
	generated_content=no
	layer="massive_environment"
	pdxmesh="rockformation_09_mesh"
	count=24
	transform="4223.272461 0.000000 3075.497559 0.000000 -0.373135 0.000000 0.927777 1.000000 1.000000 1.000000
4214.253906 0.000000 3092.967529 0.000000 0.105222 0.000000 -0.994449 1.000000 1.000000 1.000000
4240.814453 0.000000 3153.081055 0.000000 -0.940092 0.000000 0.340921 0.834692 0.834692 0.834692
4222.641113 0.000000 3146.939453 0.000000 0.486480 0.000000 0.873692 1.000000 1.000000 1.000000
4271.498535 0.000000 3178.053467 0.000000 -0.835250 0.000000 0.549871 2.464038 2.464038 2.464038
4256.438965 0.000000 3165.877441 0.000000 -0.190839 0.000000 0.981621 0.735718 0.735718 0.735718
4296.797363 0.000000 3193.631836 0.000000 -0.987921 0.000000 -0.154956 0.760547 0.760547 0.760547
4349.869141 0.000000 3211.863281 0.000000 -0.265162 0.000000 0.964204 1.356982 1.356982 1.356982
2542.259277 0.000000 2802.273193 0.000000 0.831098 0.000000 0.556126 1.000000 1.000000 1.000000
2530.586670 0.000000 2804.258545 0.000000 0.002411 0.000000 0.999997 1.322607 1.322607 1.322607
2532.589355 0.000000 2804.908447 0.000000 -0.184454 0.000000 0.982841 1.322607 1.322607 1.322607
2626.779541 0.000000 2880.688721 0.000000 -0.922367 0.000000 0.386314 1.432837 1.432837 1.432837
2604.617188 0.000000 2877.843750 0.000000 0.747865 0.000000 -0.663851 1.375269 1.375269 1.375269
3947.348633 0.000000 2911.985352 0.000000 -0.298685 0.000000 0.954352 1.081472 1.081472 1.081472
4032.318848 0.000000 2975.704590 0.000000 -0.054538 0.000000 0.998512 1.246606 1.246606 1.246606
3991.896729 0.000000 2908.898193 0.000000 0.014190 0.000000 0.999899 0.894043 0.894043 0.894043
3977.751709 0.000000 2948.810791 0.000000 -0.661951 0.000000 0.749547 1.000000 1.000000 1.000000
3954.014160 0.000000 2982.187256 0.000000 0.136082 0.000000 0.990698 1.418701 1.418701 1.418701
4021.393555 0.000000 3035.491211 0.000000 -0.994141 0.000000 0.108091 0.844671 0.844671 0.844671
2361.870605 0.000000 2340.182861 0.000000 -0.401074 0.000000 0.916046 0.786304 0.786304 0.786304
2343.824707 0.000000 2345.665527 0.000000 0.228256 0.000000 0.973601 3.487828 3.487828 3.487828
2372.882080 0.000000 2344.166016 0.000000 0.986801 0.000000 0.161938 1.000000 1.000000 1.000000
4525.145508 0.000000 696.568665 0.000000 0.018371 0.000000 0.999831 1.308170 1.308170 1.308170
4513.134766 0.000000 704.163086 0.000000 0.935365 0.000000 0.353684 1.269849 1.269849 1.269849
"}
object={
	name="rockformation_sandstone_01"
	clamp_to_water_level=no
	render_under_water=yes
	generated_content=no
	layer="massive_environment"
	pdxmesh="rockformation_sandstone_01_mesh"
	count=7
	transform="4027.590820 0.000000 2417.819336 0.000000 -0.999879 0.000000 -0.015599 1.000000 1.000000 1.000000
6691.305664 0.000000 2680.833252 0.000000 0.999474 0.000000 0.032417 0.832935 0.832935 0.832935
6670.338379 0.000000 2720.931152 0.000000 0.328905 0.000000 0.944363 1.000000 1.000000 1.000000
1488.505981 0.000000 2331.042480 0.000000 0.337767 0.000000 0.941230 1.000000 1.000000 1.000000
4895.253906 0.000000 2462.438721 0.000000 0.680432 0.000000 0.732811 0.759912 0.759912 0.759912
5600.605957 0.000000 2500.509277 0.000000 0.000000 0.000000 1.000000 1.686621 1.686621 1.686621
5490.540039 0.000000 2367.891357 0.000000 -0.885989 0.000000 0.463706 1.229395 1.229395 1.229395
"}
object={
	name="rockformation_sandstone_03"
	clamp_to_water_level=no
	render_under_water=yes
	generated_content=no
	layer="massive_environment"
	pdxmesh="rockformation_sandstone_03_mesh"
	count=25
	transform="4042.907715 0.000000 2454.842529 0.000000 -0.840383 0.000000 -0.541993 1.263236 1.263236 1.263236
4016.635498 0.000000 2448.769287 0.000000 0.475253 0.000000 0.879850 3.851657 3.851657 3.851657
4033.241699 0.000000 2457.644531 0.000000 0.158491 0.000000 0.987361 1.000000 1.000000 1.000000
6535.179688 0.000000 2791.793457 0.000000 0.568028 0.000000 0.823009 1.000000 1.000000 1.000000
6633.933594 0.000000 2709.567627 0.000000 0.959842 0.000000 0.280543 1.579219 1.579219 1.579219
6634.906250 0.000000 2707.967285 0.000000 -0.983537 0.000000 -0.180709 1.152246 1.152246 1.152246
6658.788574 0.000000 2653.331299 0.000000 0.432510 0.000000 -0.901630 1.218921 1.218921 1.218921
6679.745605 0.000000 2652.832764 0.000000 -0.915370 0.000000 -0.402615 1.218921 1.218921 1.218921
6694.661133 0.000000 2685.561523 0.000000 0.799757 0.000000 -0.600324 1.523283 1.523283 1.523283
6707.304688 0.000000 2685.905518 0.000000 -0.884793 0.000000 -0.465984 1.486314 1.486314 1.486314
6687.972168 0.000000 2656.774170 0.000000 -0.005799 0.000000 0.999983 1.492913 1.492913 1.492913
6743.596191 0.000000 2679.046631 0.000000 0.637010 0.000000 0.770856 1.815772 1.815772 1.815772
6605.414551 0.000000 2653.462891 0.000000 -0.626473 0.000000 0.779443 1.496411 1.496411 1.496411
6625.930664 0.000000 2650.680420 0.000000 0.933380 0.000000 0.358891 1.496411 1.496411 1.496411
6633.681641 0.000000 2661.071289 0.000000 -0.583009 0.000000 -0.812466 1.000000 1.000000 1.000000
6604.384277 0.000000 2692.460205 0.000000 -0.697681 0.000000 0.716408 1.000000 1.000000 1.000000
6631.007324 0.000000 2694.179199 0.000000 -0.546557 0.000000 0.837422 1.000000 1.000000 1.000000
6662.832520 0.000000 2712.262695 0.000000 0.902373 0.000000 0.430956 1.000000 1.000000 1.000000
6673.252441 0.000000 2727.083252 0.000000 -0.839880 0.000000 -0.542772 1.533838 1.533838 1.533838
6613.336426 0.000000 2722.453857 0.000000 -0.918559 0.000000 -0.395284 1.344092 1.344092 1.344092
6599.323242 0.000000 2643.293945 0.000000 0.012704 0.000000 -0.999919 1.169526 1.169526 1.169526
5387.558594 0.000000 2626.515137 0.000000 0.972019 0.000000 0.234901 1.708154 1.708154 1.708154
4840.970215 0.000000 2447.258789 0.000000 -0.979624 0.000000 -0.200839 1.587500 1.587500 1.587500
4791.595215 0.000000 2484.090088 0.000000 0.940591 0.000000 0.339543 1.000000 1.000000 1.000000
4845.885254 0.000000 2469.077393 0.000000 -0.819234 0.000000 -0.573459 1.453711 1.453711 1.453711
"}
object={
	name="rockformation_sandstone_06"
	clamp_to_water_level=no
	render_under_water=yes
	generated_content=no
	layer="massive_environment"
	pdxmesh="rockformation_sandstone_06_mesh"
	count=7
	transform="6691.951172 0.000000 2706.067139 0.000000 -0.974088 0.000000 0.226171 1.000000 1.000000 1.000000
6656.580078 0.000000 2729.893066 0.000000 -0.996716 0.000000 -0.080970 1.000000 1.000000 1.000000
6607.661621 0.000000 2653.104248 0.000000 0.064844 0.000000 -0.997895 1.000000 1.000000 1.000000
1501.444458 0.000000 2367.278564 0.000000 0.885089 0.000000 0.465422 3.340542 3.340542 3.340542
4770.339355 0.000000 2437.673584 0.000000 -0.938078 0.000000 0.346423 1.000000 1.000000 1.000000
5339.404785 0.000000 2422.848633 0.000000 -0.999265 0.000000 -0.038343 5.298488 5.298488 5.298488
1565.136719 0.000000 2373.728516 0.000000 -0.999515 0.000000 0.031134 1.475659 1.475659 1.475659
"}
object={
	name="rubber_lodge_01"
	clamp_to_water_level=yes
	render_under_water=no
	generated_content=no
	layer="farms_dynamic"
	pdxmesh="rubber_lodge_01_mesh"
	count=1
	transform="5539.377930 0.000000 2887.182617 0.000000 0.979759 0.000000 -0.200181 1.000000 1.000000 1.000000
"}
object={
	name="seagull_01"
	clamp_to_water_level=yes
	render_under_water=no
	generated_content=no
	layer="environmental_effects"
	entity="seagull_port_entity"
	count=347
	transform="4042.212891 0.000000 2935.211426 0.000000 -0.999044 0.000000 -0.043722 0.220085 0.220085 0.220085
4339.807129 0.000000 3043.018799 0.000000 -0.760851 0.000000 0.648926 0.510752 0.510752 0.510752
4360.391113 0.000000 2998.718018 0.000000 0.317816 0.000000 0.948152 0.499694 0.499694 0.499694
564.934631 0.000000 1955.574097 0.000000 -0.513653 0.000000 0.857998 0.281170 0.281170 0.281170
3986.694580 0.000000 2899.677979 0.000000 0.000000 0.000000 1.000000 0.220085 0.220085 0.220085
3982.067139 0.482422 2896.749512 0.000000 0.000000 0.000000 1.000000 0.220085 0.220085 0.220085
4009.320557 0.000000 2760.979492 0.000000 0.000000 0.000000 1.000000 0.215819 0.215819 0.215819
4088.824707 0.644775 2778.410156 0.000000 0.000000 0.000000 1.000000 0.433891 0.433891 0.433891
4493.958008 0.000000 3033.701660 0.000000 0.000000 0.000000 1.000000 0.654468 0.654468 0.654468
4512.424805 0.000000 3047.689209 0.000000 0.000000 0.000000 1.000000 0.654468 0.654468 0.654468
4492.487305 0.000000 3143.378174 0.000000 0.000000 0.000000 1.000000 0.565698 0.565698 0.565698
7273.382812 0.000000 2345.002686 0.000000 0.000000 0.000000 1.000000 1.000000 1.000000 1.000000
7215.339355 0.000000 2332.000488 0.000000 0.000000 0.000000 1.000000 1.000000 1.000000 1.000000
7073.351074 0.000000 2318.891602 0.000000 0.000000 0.000000 1.000000 1.000000 1.000000 1.000000
7290.679688 0.000000 2562.748535 0.000000 0.000000 0.000000 1.000000 1.000000 1.000000 1.000000
4856.780273 0.000000 2602.825195 0.000000 0.000000 0.000000 1.000000 1.000000 1.000000 1.000000
4647.685547 0.000000 3011.444336 0.000000 0.000000 0.000000 1.000000 1.000000 1.000000 1.000000
4805.606934 0.000000 3071.752197 0.000000 0.000000 0.000000 1.000000 1.000000 1.000000 1.000000
4679.783691 0.000000 3058.439941 0.000000 0.000000 0.000000 1.000000 1.000000 1.000000 1.000000
4987.687012 0.000000 2671.640625 0.000000 0.000000 0.000000 1.000000 1.000000 1.000000 1.000000
4791.918457 0.000000 2641.989746 0.000000 0.000000 0.000000 1.000000 1.000000 1.000000 1.000000
4587.583496 0.000000 2990.204834 0.000000 0.000000 0.000000 1.000000 1.000000 1.000000 1.000000
5487.523926 0.000000 3437.088379 0.000000 0.000000 0.000000 1.000000 1.000000 1.000000 1.000000
5189.692871 0.000000 2639.876953 0.000000 0.000000 0.000000 1.000000 1.000000 1.000000 1.000000
6685.514648 0.000000 2021.667847 0.000000 0.000000 0.000000 1.000000 1.000000 1.000000 1.000000
6596.835449 0.000000 1976.076050 0.000000 0.000000 0.000000 1.000000 1.000000 1.000000 1.000000
6854.593262 0.000000 2040.670898 0.000000 0.000000 0.000000 1.000000 1.000000 1.000000 1.000000
6870.142090 0.000000 2251.422119 0.000000 0.000000 0.000000 1.000000 1.000000 1.000000 1.000000
6854.244629 0.000000 2382.476318 0.000000 0.000000 0.000000 1.000000 1.000000 1.000000 1.000000
5377.617676 0.000000 2143.758545 0.000000 0.000000 0.000000 1.000000 0.759229 0.759229 0.759229
5517.993652 0.000000 2096.510010 0.000000 0.000000 0.000000 1.000000 0.841528 0.841528 0.841528
4800.938965 0.000000 2389.303955 0.000000 0.056062 0.000000 0.998427 0.696826 0.696826 0.696826
4451.794434 0.000000 2574.290039 0.000000 0.000000 0.000000 1.000000 1.000000 1.000000 1.000000
6463.028809 0.000000 1745.088989 0.000000 0.000000 0.000000 1.000000 1.000000 1.000000 1.000000
6515.909668 0.000000 1929.221191 0.000000 0.000000 0.000000 1.000000 1.000000 1.000000 1.000000
6315.627441 0.000000 1876.885742 0.000000 0.000000 0.000000 1.000000 1.000000 1.000000 1.000000
6209.990234 0.000000 1968.379272 0.000000 0.000000 0.000000 1.000000 1.000000 1.000000 1.000000
6249.666016 0.000000 1874.045898 0.000000 0.000000 0.000000 1.000000 1.000000 1.000000 1.000000
6333.597656 0.000000 1766.806274 0.000000 0.000000 0.000000 1.000000 1.000000 1.000000 1.000000
2351.745361 0.000000 2440.675537 0.000000 0.000000 0.000000 1.000000 1.000000 1.000000 1.000000
2407.426025 0.000000 2485.802734 0.000000 0.000000 0.000000 1.000000 1.000000 1.000000 1.000000
2472.745117 0.000000 2510.753662 0.000000 0.000000 0.000000 1.000000 1.000000 1.000000 1.000000
2497.035156 0.000000 2571.085938 0.000000 0.000000 0.000000 1.000000 1.000000 1.000000 1.000000
2631.959961 0.000000 2594.954102 0.000000 0.000000 0.000000 1.000000 1.000000 1.000000 1.000000
2894.725342 0.000000 2679.503906 0.000000 0.000000 0.000000 1.000000 1.000000 1.000000 1.000000
2483.165039 0.000000 2665.671875 0.000000 0.000000 0.000000 1.000000 1.000000 1.000000 1.000000
1303.099731 0.000000 2415.628418 0.000000 0.000000 0.000000 1.000000 1.000000 1.000000 1.000000
1294.554321 0.000000 2694.758545 0.000000 0.000000 0.000000 1.000000 1.000000 1.000000 1.000000
1574.786133 0.000000 2161.153320 0.000000 0.000000 0.000000 1.000000 1.000000 1.000000 1.000000
1455.274536 0.000000 2223.932617 0.000000 0.000000 0.000000 1.000000 1.000000 1.000000 1.000000
1866.307739 0.000000 2025.097656 0.000000 0.000000 0.000000 1.000000 1.000000 1.000000 1.000000
1905.678101 0.000000 1949.870483 0.000000 0.000000 0.000000 1.000000 1.000000 1.000000 1.000000
2014.218262 0.000000 1936.647949 0.000000 0.000000 0.000000 1.000000 1.000000 1.000000 1.000000
2084.872314 0.000000 1894.739868 0.000000 0.000000 0.000000 1.000000 1.000000 1.000000 1.000000
2088.483887 0.000000 1871.093750 0.000000 0.000000 0.000000 1.000000 1.000000 1.000000 1.000000
2127.315674 0.000000 1777.154785 0.000000 0.000000 0.000000 1.000000 1.000000 1.000000 1.000000
2049.994141 0.000000 1821.131226 0.000000 0.000000 0.000000 1.000000 1.000000 1.000000 1.000000
1947.557617 0.000000 1880.987427 0.000000 0.000000 0.000000 1.000000 1.000000 1.000000 1.000000
2406.051514 0.000000 1764.987061 0.000000 0.000000 0.000000 1.000000 1.000000 1.000000 1.000000
2462.497559 0.000000 1756.061768 0.000000 0.000000 0.000000 1.000000 1.000000 1.000000 1.000000
2625.946533 0.000000 1742.386108 0.000000 0.000000 0.000000 1.000000 1.000000 1.000000 1.000000
2337.010254 0.000000 1596.427490 0.000000 0.000000 0.000000 1.000000 1.000000 1.000000 1.000000
2291.690674 0.000000 1533.995361 0.000000 0.000000 0.000000 1.000000 1.000000 1.000000 1.000000
2278.667725 0.000000 1351.548584 0.000000 0.000000 0.000000 1.000000 1.000000 1.000000 1.000000
1929.710327 0.000000 2193.516357 0.000000 0.000000 0.000000 1.000000 1.000000 1.000000 1.000000
2040.706299 0.000000 2202.553467 0.000000 0.000000 0.000000 1.000000 1.000000 1.000000 1.000000
2071.227295 0.000000 2223.555176 0.000000 0.000000 0.000000 1.000000 1.000000 1.000000 1.000000
2087.750000 0.000000 2226.209717 0.000000 0.000000 0.000000 1.000000 1.000000 1.000000 1.000000
2218.617188 0.000000 2159.767822 0.000000 0.000000 0.000000 1.000000 1.000000 1.000000 1.000000
2249.219482 0.000000 2259.696533 0.000000 0.000000 0.000000 1.000000 1.000000 1.000000 1.000000
2275.195557 0.000000 2281.507080 0.000000 0.000000 0.000000 1.000000 1.000000 1.000000 1.000000
2321.298584 0.000000 2318.849365 0.000000 0.000000 0.000000 1.000000 1.000000 1.000000 1.000000
2359.579102 0.000000 2389.805176 0.000000 0.000000 0.000000 1.000000 1.000000 1.000000 1.000000
2351.806641 0.000000 2433.129395 0.000000 0.000000 0.000000 1.000000 1.000000 1.000000 1.000000
2436.881348 0.000000 2506.041748 0.000000 0.000000 0.000000 1.000000 1.000000 1.000000 1.000000
2369.472900 0.000000 1969.525024 0.000000 0.000000 0.000000 1.000000 1.000000 1.000000 1.000000
2502.746338 0.000000 1935.003052 0.000000 0.000000 0.000000 1.000000 1.000000 1.000000 1.000000
2589.571533 0.000000 1933.297485 0.000000 0.000000 0.000000 1.000000 1.000000 1.000000 1.000000
2706.400391 0.000000 1829.153564 0.000000 0.000000 0.000000 1.000000 1.000000 1.000000 1.000000
2653.521484 0.000000 1751.916382 0.000000 0.000000 0.000000 1.000000 1.000000 1.000000 1.000000
1274.710327 0.000000 2637.374512 0.000000 0.000000 0.000000 1.000000 1.000000 1.000000 1.000000
5695.014648 0.000000 3302.411865 0.000000 0.000000 0.000000 1.000000 1.000000 1.000000 1.000000
5621.087402 0.000000 3417.030029 0.000000 0.000000 0.000000 1.000000 1.000000 1.000000 1.000000
5982.640137 0.000000 3449.421143 0.000000 0.000000 0.000000 1.000000 1.000000 1.000000 1.000000
5757.984375 0.000000 3499.130371 0.000000 0.000000 0.000000 1.000000 1.000000 1.000000 1.000000
5786.165527 0.000000 3374.518555 0.000000 0.000000 0.000000 1.000000 1.000000 1.000000 1.000000
7455.179199 0.000000 463.593170 0.000000 0.000000 0.000000 1.000000 1.000000 1.000000 1.000000
7453.527344 0.000000 529.841370 0.000000 0.000000 0.000000 1.000000 1.000000 1.000000 1.000000
7397.628418 0.000000 487.120544 0.000000 0.000000 0.000000 1.000000 1.000000 1.000000 1.000000
7629.184082 0.000000 2758.923096 0.000000 0.000000 0.000000 1.000000 1.000000 1.000000 1.000000
7809.265137 0.000000 2958.296387 0.000000 0.000000 0.000000 1.000000 1.000000 1.000000 1.000000
7838.868164 0.000000 3033.801270 0.000000 0.000000 0.000000 1.000000 1.000000 1.000000 1.000000
8036.626953 0.000000 519.082581 0.000000 0.000000 0.000000 1.000000 1.000000 1.000000 1.000000
8078.196777 0.000000 642.315369 0.000000 0.000000 0.000000 1.000000 1.000000 1.000000 1.000000
7918.928223 0.000000 366.901703 0.000000 0.000000 0.000000 1.000000 1.000000 1.000000 1.000000
8034.476562 0.000000 446.444794 0.000000 0.000000 0.000000 1.000000 1.000000 1.000000 1.000000
8128.018555 0.000000 567.074097 0.000000 0.000000 0.000000 1.000000 1.000000 1.000000 1.000000
8154.682617 0.000000 553.697876 0.000000 0.000000 0.000000 1.000000 1.000000 1.000000 1.000000
5190.689941 -1.470825 1177.285767 0.000000 0.000000 0.000000 1.000000 1.000000 1.000000 1.000000
5225.875488 0.000000 1184.438843 0.000000 0.000000 0.000000 1.000000 1.000000 1.000000 1.000000
5210.760254 -2.739258 1204.656494 0.000000 0.000000 0.000000 1.000000 1.000000 1.000000 1.000000
2452.924805 0.000000 2498.251221 0.000000 0.000000 0.000000 1.000000 1.000000 1.000000 1.000000
2300.354248 0.000000 2548.463379 0.000000 0.000000 0.000000 1.000000 1.000000 1.000000 1.000000
3607.050293 0.000000 3207.176270 0.000000 0.000000 0.000000 1.000000 1.000000 1.000000 1.000000
3589.259277 0.000000 3230.269531 0.000000 0.000000 0.000000 1.000000 1.000000 1.000000 1.000000
3555.721191 0.000000 3283.818359 0.000000 0.000000 0.000000 1.000000 1.000000 1.000000 1.000000
3758.329590 0.000000 3282.194092 0.000000 0.000000 0.000000 1.000000 1.000000 1.000000 1.000000
3635.602539 0.000000 3285.729004 0.000000 0.000000 0.000000 1.000000 1.000000 1.000000 1.000000
4641.094238 0.000000 2493.685303 0.000000 0.000000 0.000000 1.000000 1.000000 1.000000 1.000000
4692.354492 0.000000 2494.989014 0.000000 0.000000 0.000000 1.000000 1.000000 1.000000 1.000000
4795.510742 0.000000 2646.639404 0.000000 0.000000 0.000000 1.000000 1.000000 1.000000 1.000000
4847.735352 0.000000 2616.370605 0.000000 0.000000 0.000000 1.000000 1.000000 1.000000 1.000000
4915.609375 0.000000 2651.302490 0.000000 0.000000 0.000000 1.000000 1.000000 1.000000 1.000000
4981.208008 0.000000 2586.097900 0.000000 0.000000 0.000000 1.000000 1.000000 1.000000 1.000000
4972.113281 0.000000 2671.251953 0.000000 0.000000 0.000000 1.000000 1.000000 1.000000 1.000000
5029.065918 0.000000 2551.776855 0.000000 0.000000 0.000000 1.000000 1.000000 1.000000 1.000000
4756.348145 0.000000 2602.408447 0.000000 0.000000 0.000000 1.000000 1.000000 1.000000 1.000000
4733.012695 0.000000 2562.544434 0.000000 0.000000 0.000000 1.000000 1.000000 1.000000 1.000000
4741.586914 0.000000 2569.759521 0.000000 0.000000 0.000000 1.000000 1.000000 1.000000 1.000000
4807.949707 0.000000 2502.220703 0.000000 0.000000 0.000000 1.000000 1.000000 1.000000 1.000000
4833.453613 0.000000 2522.468262 0.000000 0.000000 0.000000 1.000000 1.000000 1.000000 1.000000
4847.010254 0.000000 2524.237305 0.000000 0.000000 0.000000 1.000000 1.000000 1.000000 1.000000
4874.838867 0.000000 2526.987549 0.000000 0.000000 0.000000 1.000000 1.000000 1.000000 1.000000
4936.174316 0.000000 2506.993408 0.000000 0.000000 0.000000 1.000000 1.000000 1.000000 1.000000
4967.640137 0.000000 2497.667236 0.000000 0.000000 0.000000 1.000000 1.000000 1.000000 1.000000
5007.918457 0.000000 2501.986816 0.000000 0.000000 0.000000 1.000000 1.000000 1.000000 1.000000
5042.610840 0.000000 2526.475586 0.000000 0.000000 0.000000 1.000000 1.000000 1.000000 1.000000
4394.412109 0.000000 2635.761475 0.000000 0.000000 0.000000 1.000000 1.000000 1.000000 1.000000
4411.139648 0.000000 2606.030029 0.000000 0.000000 0.000000 1.000000 1.000000 1.000000 1.000000
4478.751953 0.000000 2562.812500 0.000000 0.000000 0.000000 1.000000 1.000000 1.000000 1.000000
4520.342285 0.000000 2537.220215 0.000000 0.000000 0.000000 1.000000 1.000000 1.000000 1.000000
4535.141113 0.000000 2492.158447 0.000000 0.000000 0.000000 1.000000 1.000000 1.000000 1.000000
4560.272461 0.000000 2454.170654 0.000000 0.000000 0.000000 1.000000 1.000000 1.000000 1.000000
4573.463867 0.000000 2430.427490 0.000000 0.000000 0.000000 1.000000 1.000000 1.000000 1.000000
4626.814941 0.000000 2401.817383 0.000000 0.000000 0.000000 1.000000 1.000000 1.000000 1.000000
4620.147461 0.000000 2482.892090 0.000000 0.000000 0.000000 1.000000 1.000000 1.000000 1.000000
4264.195801 0.000000 2575.892578 0.000000 0.000000 0.000000 1.000000 1.000000 1.000000 1.000000
4376.794434 0.000000 2584.276123 0.000000 0.000000 0.000000 1.000000 1.000000 1.000000 1.000000
4465.875488 0.000000 2503.498779 0.000000 0.000000 0.000000 1.000000 1.000000 1.000000 1.000000
4399.357910 0.000000 2420.139404 0.000000 0.000000 0.000000 1.000000 1.000000 1.000000 1.000000
4431.578613 0.000000 2391.338623 0.000000 0.000000 0.000000 1.000000 1.000000 1.000000 1.000000
4458.687500 0.000000 2457.225586 0.000000 0.000000 0.000000 1.000000 1.000000 1.000000 1.000000
4430.020996 0.000000 2490.873047 0.000000 0.000000 0.000000 1.000000 1.000000 1.000000 1.000000
4485.384277 0.000000 2483.997559 0.000000 0.000000 0.000000 1.000000 1.000000 1.000000 1.000000
4064.879639 0.000000 2586.882324 0.000000 0.000000 0.000000 1.000000 1.000000 1.000000 1.000000
4052.313477 0.000000 2656.132080 0.000000 0.000000 0.000000 1.000000 1.000000 1.000000 1.000000
4007.600342 0.000000 2694.158691 0.000000 0.000000 0.000000 1.000000 1.000000 1.000000 1.000000
4114.705078 0.000000 2730.282715 0.000000 0.000000 0.000000 1.000000 1.000000 1.000000 1.000000
4171.291504 0.000000 2795.523926 0.000000 0.000000 0.000000 1.000000 1.000000 1.000000 1.000000
4205.981934 0.000000 2846.601562 0.000000 0.000000 0.000000 1.000000 1.000000 1.000000 1.000000
4239.621582 0.000000 2860.086182 0.000000 0.000000 0.000000 1.000000 1.000000 1.000000 1.000000
4288.593262 0.000000 2894.760010 0.000000 0.000000 0.000000 1.000000 1.000000 1.000000 1.000000
4281.087402 0.000000 2931.865967 0.000000 0.000000 0.000000 1.000000 1.000000 1.000000 1.000000
4311.545410 0.000000 2977.532227 0.000000 0.000000 0.000000 1.000000 1.000000 1.000000 1.000000
4349.505371 0.000000 2923.891602 0.000000 0.000000 0.000000 1.000000 1.000000 1.000000 1.000000
4373.878418 0.000000 2880.579346 0.000000 0.000000 0.000000 1.000000 1.000000 1.000000 1.000000
4407.640625 0.000000 2880.702637 0.000000 0.000000 0.000000 1.000000 1.000000 1.000000 1.000000
4484.500977 0.000000 2896.163086 0.000000 0.000000 0.000000 1.000000 1.000000 1.000000 1.000000
4476.241699 0.000000 2965.347168 0.000000 0.000000 0.000000 1.000000 1.000000 1.000000 1.000000
4442.841797 0.000000 2879.536133 0.000000 0.000000 0.000000 1.000000 1.000000 1.000000 1.000000
4525.961914 0.000000 2885.274170 0.000000 0.000000 0.000000 1.000000 1.000000 1.000000 1.000000
4574.195312 0.000000 2943.429199 0.000000 0.000000 0.000000 1.000000 1.000000 1.000000 1.000000
4615.518066 0.000000 2984.400146 0.000000 0.000000 0.000000 1.000000 1.000000 1.000000 1.000000
4483.260742 0.000000 3103.456543 0.000000 0.000000 0.000000 1.000000 1.000000 1.000000 1.000000
4506.287109 0.000000 3173.964844 0.000000 0.000000 0.000000 1.000000 1.000000 1.000000 1.000000
4534.724121 0.000000 3193.303711 0.000000 0.000000 0.000000 1.000000 1.000000 1.000000 1.000000
4575.936035 0.000000 3219.158203 0.000000 0.000000 0.000000 1.000000 1.000000 1.000000 1.000000
4593.237793 0.000000 3267.336914 0.000000 0.000000 0.000000 1.000000 1.000000 1.000000 1.000000
4619.555664 0.000000 3202.361816 0.000000 0.000000 0.000000 1.000000 1.000000 1.000000 1.000000
4635.610840 0.000000 3211.877441 0.000000 0.000000 0.000000 1.000000 1.000000 1.000000 1.000000
4655.627930 0.000000 3236.250732 0.000000 0.000000 0.000000 1.000000 1.000000 1.000000 1.000000
4657.317871 0.000000 3278.750000 0.000000 0.000000 0.000000 1.000000 1.000000 1.000000 1.000000
4676.972656 0.000000 3258.447021 0.000000 0.000000 0.000000 1.000000 1.000000 1.000000 1.000000
4656.366211 0.000000 3076.459961 0.000000 0.000000 0.000000 1.000000 1.000000 1.000000 1.000000
4699.460449 0.000000 3093.191406 0.000000 0.000000 0.000000 1.000000 1.000000 1.000000 1.000000
4742.875488 0.000000 3093.018066 0.000000 0.000000 0.000000 1.000000 1.000000 1.000000 1.000000
4785.893066 0.000000 3119.946045 0.000000 0.000000 0.000000 1.000000 1.000000 1.000000 1.000000
4831.653320 0.000000 3117.984863 0.000000 0.000000 0.000000 1.000000 1.000000 1.000000 1.000000
4838.730957 0.000000 3082.155762 0.000000 0.000000 0.000000 1.000000 1.000000 1.000000 1.000000
4894.744141 0.000000 3143.393799 0.000000 0.000000 0.000000 1.000000 1.000000 1.000000 1.000000
4877.239258 0.000000 3284.731689 0.000000 0.000000 0.000000 1.000000 1.000000 1.000000 1.000000
4093.566895 0.000000 2484.071045 0.000000 0.000000 0.000000 1.000000 1.000000 1.000000 1.000000
3931.850830 0.000000 2566.233643 0.000000 0.000000 0.000000 1.000000 1.000000 1.000000 1.000000
3884.863525 0.000000 2423.175293 0.000000 0.000000 0.000000 1.000000 1.000000 1.000000 1.000000
3997.476562 0.000000 2564.462646 0.000000 0.000000 0.000000 1.000000 1.000000 1.000000 1.000000
3926.955078 0.000000 2826.288330 0.000000 0.000000 0.000000 1.000000 1.000000 1.000000 1.000000
4090.325928 0.000000 2881.461914 0.000000 0.000000 0.000000 1.000000 1.000000 1.000000 1.000000
4002.367432 0.000000 3019.035889 0.000000 0.000000 0.000000 1.000000 1.000000 1.000000 1.000000
4127.230469 0.000000 2817.409912 0.000000 0.000000 0.000000 1.000000 1.000000 1.000000 1.000000
4005.918457 0.000000 2772.041016 0.000000 0.000000 0.000000 1.000000 1.000000 1.000000 1.000000
4036.234375 0.000000 2967.737793 0.000000 0.000000 0.000000 1.000000 1.000000 1.000000 1.000000
4225.780273 0.000000 3023.732422 0.000000 0.000000 0.000000 1.000000 1.000000 1.000000 1.000000
4961.400879 0.000000 3306.110840 0.000000 0.000000 0.000000 1.000000 1.000000 1.000000 1.000000
4957.957031 0.000000 3391.488770 0.000000 0.000000 0.000000 1.000000 1.000000 1.000000 1.000000
5034.045410 0.000000 3335.149170 0.000000 0.000000 0.000000 1.000000 1.000000 1.000000 1.000000
4845.055176 0.000000 3428.438232 0.000000 0.000000 0.000000 1.000000 1.000000 1.000000 1.000000
4911.843262 0.000000 2626.960449 0.000000 0.000000 0.000000 1.000000 1.000000 1.000000 1.000000
7276.210449 0.000000 2724.143799 0.000000 0.000000 0.000000 1.000000 1.000000 1.000000 1.000000
4361.729980 0.000000 3240.875000 0.000000 0.000000 0.000000 1.000000 1.000000 1.000000 1.000000
4742.241699 0.000000 3443.255859 0.000000 0.000000 0.000000 1.000000 1.000000 1.000000 1.000000
1271.096436 0.000000 2531.994141 0.000000 0.000000 0.000000 1.000000 1.000000 1.000000 1.000000
2868.045898 0.000000 2726.263672 0.000000 0.000000 0.000000 1.000000 1.000000 1.000000 1.000000
2807.362549 0.000000 2685.371826 0.000000 0.000000 0.000000 1.000000 1.000000 1.000000 1.000000
2884.205078 0.000000 2657.865479 0.000000 0.000000 0.000000 1.000000 1.000000 1.000000 1.000000
2886.406982 0.000000 3311.789795 0.000000 0.000000 0.000000 1.000000 1.000000 1.000000 1.000000
2876.511230 0.000000 3356.400635 0.000000 0.000000 0.000000 1.000000 1.000000 1.000000 1.000000
3601.058594 0.000000 3213.316406 0.000000 0.000000 0.000000 1.000000 1.000000 1.000000 1.000000
3902.791016 0.000000 2893.794189 0.000000 0.000000 0.000000 1.000000 1.000000 1.000000 1.000000
3971.316895 0.000000 2947.254150 0.000000 0.000000 0.000000 1.000000 1.000000 1.000000 1.000000
7302.646973 0.000000 2849.428467 0.000000 0.000000 0.000000 1.000000 1.000000 1.000000 1.000000
7358.702637 0.000000 2784.865967 0.000000 0.000000 0.000000 1.000000 1.000000 1.000000 1.000000
7646.183105 0.000000 2896.212402 0.000000 0.000000 0.000000 1.000000 1.000000 1.000000 1.000000
7220.474121 0.000000 2872.614258 0.000000 0.000000 0.000000 1.000000 1.000000 1.000000 1.000000
7812.595703 0.000000 3063.651855 0.000000 0.000000 0.000000 1.000000 1.000000 1.000000 1.000000
7651.289062 0.000000 3112.973389 0.000000 0.000000 0.000000 1.000000 1.000000 1.000000 1.000000
8075.075195 0.000000 3139.362305 0.000000 0.000000 0.000000 1.000000 1.000000 1.000000 1.000000
8185.812012 0.000000 3247.415771 0.000000 0.000000 0.000000 1.000000 1.000000 1.000000 1.000000
2789.075439 0.000000 2863.929443 0.000000 0.000000 0.000000 1.000000 1.000000 1.000000 1.000000
7245.996582 0.000000 2399.382568 0.000000 0.000000 0.000000 1.000000 1.000000 1.000000 1.000000
7318.072266 0.000000 2482.791992 0.000000 0.000000 0.000000 1.000000 1.000000 1.000000 1.000000
4302.954102 0.000000 1487.786377 0.000000 0.000000 0.000000 1.000000 1.000000 1.000000 1.000000
4230.227051 0.000000 1613.332886 0.000000 0.000000 0.000000 1.000000 1.000000 1.000000 1.000000
4036.335693 0.000000 1630.674438 0.000000 0.000000 0.000000 1.000000 1.000000 1.000000 1.000000
4396.119141 0.000000 1303.922974 0.000000 0.000000 0.000000 1.000000 1.000000 1.000000 1.000000
4379.065430 0.000000 1400.602417 0.000000 0.000000 0.000000 1.000000 1.000000 1.000000 1.000000
4316.361816 0.000000 1529.451050 0.000000 0.000000 0.000000 1.000000 1.000000 1.000000 1.000000
4217.943848 0.000000 1642.155762 0.000000 0.000000 0.000000 1.000000 1.000000 1.000000 1.000000
4100.025391 0.000000 1656.954590 0.000000 0.000000 0.000000 1.000000 1.000000 1.000000 1.000000
4239.305176 0.000000 1619.136353 0.000000 0.000000 0.000000 1.000000 1.000000 1.000000 1.000000
4403.833496 0.000000 1277.292480 0.000000 0.000000 0.000000 1.000000 1.000000 1.000000 1.000000
3899.846436 0.000000 1638.449463 0.000000 0.000000 0.000000 1.000000 1.000000 1.000000 1.000000
3989.393555 0.000000 1642.668823 0.000000 0.000000 0.000000 1.000000 1.000000 1.000000 1.000000
3767.485840 0.000000 1768.476685 0.000000 0.000000 0.000000 1.000000 1.000000 1.000000 1.000000
3794.366943 0.000000 1705.339966 0.000000 0.000000 0.000000 1.000000 1.000000 1.000000 1.000000
5753.099609 0.000000 1942.123779 0.000000 0.000000 0.000000 1.000000 1.000000 1.000000 1.000000
5760.784668 0.000000 1900.462280 0.000000 0.000000 0.000000 1.000000 1.000000 1.000000 1.000000
5785.137695 0.000000 1848.768677 0.000000 0.000000 0.000000 1.000000 1.000000 1.000000 1.000000
5909.294922 0.000000 1682.661743 0.000000 0.000000 0.000000 1.000000 1.000000 1.000000 1.000000
6385.660156 0.000000 1473.705566 0.000000 0.000000 0.000000 1.000000 1.000000 1.000000 1.000000
6182.344727 0.000000 2034.308350 0.000000 0.000000 0.000000 1.000000 1.000000 1.000000 1.000000
6531.273438 0.000000 1755.693237 0.000000 0.000000 0.000000 1.000000 1.000000 1.000000 1.000000
6491.644043 0.000000 1720.046875 0.000000 0.000000 0.000000 1.000000 1.000000 1.000000 1.000000
6527.396973 0.000000 1993.449463 0.000000 0.000000 0.000000 1.000000 1.000000 1.000000 1.000000
6580.330078 0.000000 1934.666382 0.000000 0.000000 0.000000 1.000000 1.000000 1.000000 1.000000
6524.957520 0.000000 1748.557251 0.000000 0.000000 0.000000 1.000000 1.000000 1.000000 1.000000
6446.140137 0.000000 1776.682739 0.000000 0.000000 0.000000 1.000000 1.000000 1.000000 1.000000
6390.189453 0.000000 1818.442017 0.000000 0.000000 0.000000 1.000000 1.000000 1.000000 1.000000
6422.398926 0.000000 1540.248413 0.000000 0.000000 0.000000 1.000000 1.000000 1.000000 1.000000
6602.359863 0.000000 1475.360352 0.000000 0.000000 0.000000 1.000000 1.000000 1.000000 1.000000
6660.353516 0.000000 1589.069580 0.000000 0.000000 0.000000 1.000000 1.000000 1.000000 1.000000
6682.369141 0.000000 1592.346924 0.000000 0.000000 0.000000 1.000000 1.000000 1.000000 1.000000
6740.572266 0.000000 1439.412354 0.000000 0.000000 0.000000 1.000000 1.000000 1.000000 1.000000
6740.572266 0.000000 1439.412354 0.000000 0.000000 0.000000 1.000000 1.000000 1.000000 1.000000
6731.171875 0.000000 1437.073242 0.000000 0.000000 0.000000 1.000000 1.000000 1.000000 1.000000
6763.297363 0.000000 1502.440552 0.000000 0.000000 0.000000 1.000000 1.000000 1.000000 1.000000
6650.226562 0.000000 1357.690552 0.000000 0.000000 0.000000 1.000000 1.000000 1.000000 1.000000
6877.678223 0.000000 1426.939453 0.000000 0.000000 0.000000 1.000000 1.000000 1.000000 1.000000
7057.174316 0.000000 1439.170654 0.000000 0.000000 0.000000 1.000000 1.000000 1.000000 1.000000
7119.786621 0.000000 1494.557861 0.000000 0.000000 0.000000 1.000000 1.000000 1.000000 1.000000
7150.836426 0.000000 1435.843750 0.000000 0.000000 0.000000 1.000000 1.000000 1.000000 1.000000
7143.661133 0.000000 1426.909302 0.000000 0.000000 0.000000 1.000000 1.000000 1.000000 1.000000
7089.580566 0.000000 1351.722046 0.000000 0.000000 0.000000 1.000000 1.000000 1.000000 1.000000
7089.415527 0.000000 1346.251221 0.000000 0.000000 0.000000 1.000000 1.000000 1.000000 1.000000
7149.143066 0.000000 1379.113037 0.000000 0.000000 0.000000 1.000000 1.000000 1.000000 1.000000
7146.545898 0.000000 1369.205811 0.000000 0.000000 0.000000 1.000000 1.000000 1.000000 1.000000
6777.022461 0.000000 1316.900269 0.000000 0.000000 0.000000 1.000000 1.000000 1.000000 1.000000
6766.881348 0.000000 1318.013184 0.000000 0.000000 0.000000 1.000000 1.000000 1.000000 1.000000
7251.624023 0.000000 1443.618286 0.000000 0.000000 0.000000 1.000000 1.000000 1.000000 1.000000
7341.323730 0.000000 1435.815186 0.000000 0.000000 0.000000 1.000000 1.000000 1.000000 1.000000
7435.935547 0.000000 1377.813232 0.000000 0.000000 0.000000 1.000000 1.000000 1.000000 1.000000
7545.988770 0.000000 1415.436035 0.000000 0.000000 0.000000 1.000000 1.000000 1.000000 1.000000
7638.912598 0.000000 1375.448730 0.000000 0.000000 0.000000 1.000000 1.000000 1.000000 1.000000
7718.925293 0.000000 1327.254395 0.000000 0.000000 0.000000 1.000000 1.000000 1.000000 1.000000
7732.240234 0.000000 1289.435059 0.000000 0.000000 0.000000 1.000000 1.000000 1.000000 1.000000
7886.257812 0.000000 1166.337036 0.000000 0.000000 0.000000 1.000000 1.000000 1.000000 1.000000
7892.589844 0.000000 1505.086182 0.000000 0.000000 0.000000 1.000000 1.000000 1.000000 1.000000
8145.268066 0.000000 1097.872559 0.000000 0.000000 0.000000 1.000000 1.000000 1.000000 1.000000
167.537048 0.000000 1216.114502 0.000000 0.000000 0.000000 1.000000 1.000000 1.000000 1.000000
783.082031 0.000000 865.801758 0.000000 0.000000 0.000000 1.000000 1.000000 1.000000 1.000000
1615.254639 0.000000 879.601929 0.000000 0.000000 0.000000 1.000000 1.000000 1.000000 1.000000
2742.794189 0.000000 603.938171 0.000000 0.000000 0.000000 1.000000 1.000000 1.000000 1.000000
2858.395508 0.000000 710.837036 0.000000 0.000000 0.000000 1.000000 1.000000 1.000000 1.000000
2969.900879 0.000000 842.267212 0.000000 0.000000 0.000000 1.000000 1.000000 1.000000 1.000000
2837.133789 0.000000 707.249573 0.000000 0.000000 0.000000 1.000000 1.000000 1.000000 1.000000
2952.160645 0.000000 844.603943 0.000000 0.000000 0.000000 1.000000 1.000000 1.000000 1.000000
3087.192383 0.000000 992.923950 0.000000 0.000000 0.000000 1.000000 1.000000 1.000000 1.000000
3200.844727 0.000000 1112.291992 0.000000 0.000000 0.000000 1.000000 1.000000 1.000000 1.000000
2933.889648 0.000000 829.519958 0.000000 0.000000 0.000000 1.000000 1.000000 1.000000 1.000000
2845.373535 0.000000 690.570129 0.000000 0.000000 0.000000 1.000000 1.000000 1.000000 1.000000
3232.879150 0.000000 1265.458984 0.000000 0.000000 0.000000 1.000000 1.000000 1.000000 1.000000
3243.682861 0.000000 1397.121216 0.000000 0.000000 0.000000 1.000000 1.000000 1.000000 1.000000
3287.678467 0.000000 1361.836426 0.000000 0.000000 0.000000 1.000000 1.000000 1.000000 1.000000
3280.377441 0.000000 1295.060059 0.000000 0.000000 0.000000 1.000000 1.000000 1.000000 1.000000
3160.323486 0.000000 1445.534058 0.000000 0.000000 0.000000 1.000000 1.000000 1.000000 1.000000
3040.440430 0.000000 1493.837524 0.000000 0.000000 0.000000 1.000000 1.000000 1.000000 1.000000
2916.034912 0.000000 1610.180908 0.000000 0.000000 0.000000 1.000000 1.000000 1.000000 1.000000
4833.113281 0.000000 881.664612 0.000000 0.000000 0.000000 1.000000 1.000000 1.000000 1.000000
4890.005371 0.000000 953.019653 0.000000 0.000000 0.000000 1.000000 1.000000 1.000000 1.000000
4899.158691 0.000000 1064.465698 0.000000 0.000000 0.000000 1.000000 1.000000 1.000000 1.000000
4966.535156 0.000000 1123.124634 0.000000 0.000000 0.000000 1.000000 1.000000 1.000000 1.000000
5016.094727 0.000000 1184.120728 0.000000 0.000000 0.000000 1.000000 1.000000 1.000000 1.000000
4986.694824 0.000000 1311.069336 0.000000 0.000000 0.000000 1.000000 1.000000 1.000000 1.000000
4991.770020 0.000000 1421.789429 0.000000 0.000000 0.000000 1.000000 1.000000 1.000000 1.000000
5088.851074 0.000000 1000.005493 0.000000 0.000000 0.000000 1.000000 1.000000 1.000000 1.000000
5184.395020 0.000000 1006.416992 0.000000 0.000000 0.000000 1.000000 1.000000 1.000000 1.000000
5115.305176 0.000000 1136.524170 0.000000 0.000000 0.000000 1.000000 1.000000 1.000000 1.000000
5185.725098 0.000000 1016.695496 0.000000 0.000000 0.000000 1.000000 1.000000 1.000000 1.000000
5179.962891 0.000000 1018.934265 0.000000 0.000000 0.000000 1.000000 1.000000 1.000000 1.000000
7177.906738 0.000000 716.029419 0.000000 0.000000 0.000000 1.000000 1.000000 1.000000 1.000000
7532.124512 0.000000 737.424500 0.000000 0.000000 0.000000 1.000000 1.000000 1.000000 1.000000
7537.479492 0.000000 946.254761 0.000000 0.000000 0.000000 1.000000 1.000000 1.000000 1.000000
7173.685059 0.000000 1199.352295 0.000000 0.000000 0.000000 1.000000 1.000000 1.000000 1.000000
6932.548340 0.000000 1165.850586 0.000000 0.000000 0.000000 1.000000 1.000000 1.000000 1.000000
7572.775879 0.000000 867.264465 0.000000 0.000000 0.000000 1.000000 1.000000 1.000000 1.000000
7405.667480 0.000000 485.733215 0.000000 0.000000 0.000000 1.000000 1.000000 1.000000 1.000000
6709.971680 0.000000 814.874756 0.000000 0.000000 0.000000 1.000000 1.000000 1.000000 1.000000
6963.645996 0.000000 1166.191040 0.000000 0.000000 0.000000 1.000000 1.000000 1.000000 1.000000
7209.640137 0.000000 1155.737305 0.000000 0.000000 0.000000 1.000000 1.000000 1.000000 1.000000
6719.196777 0.000000 1015.559448 0.000000 0.000000 0.000000 1.000000 1.000000 1.000000 1.000000
6976.837402 0.000000 768.185364 0.000000 0.000000 0.000000 1.000000 1.000000 1.000000 1.000000
2465.305908 0.000000 681.720337 0.000000 0.000000 0.000000 1.000000 1.000000 1.000000 1.000000
2409.362549 0.000000 529.187988 0.000000 0.000000 0.000000 1.000000 1.000000 1.000000 1.000000
2380.278320 0.000000 366.288971 0.000000 0.000000 0.000000 1.000000 1.000000 1.000000 1.000000
2366.399902 0.000000 1191.374268 0.000000 0.000000 0.000000 1.000000 1.000000 1.000000 1.000000
2384.429199 0.000000 218.027924 0.000000 0.000000 0.000000 1.000000 1.000000 1.000000 1.000000
2475.384033 0.000000 122.708542 0.000000 0.000000 0.000000 1.000000 1.000000 1.000000 1.000000
797.471619 0.000000 3086.529053 0.000000 0.000000 0.000000 1.000000 1.000000 1.000000 1.000000
1269.725830 0.000000 2667.733643 0.000000 0.000000 0.000000 1.000000 1.000000 1.000000 1.000000
2109.360107 0.000000 2732.959229 0.000000 0.000000 0.000000 1.000000 1.000000 1.000000 1.000000
2242.145752 0.000000 2821.113525 0.000000 0.000000 0.000000 1.000000 1.000000 1.000000 1.000000
2350.514404 0.000000 2955.962402 0.000000 0.000000 0.000000 1.000000 1.000000 1.000000 1.000000
2046.063232 0.000000 2968.233643 0.000000 0.000000 0.000000 1.000000 1.000000 1.000000 1.000000
1942.667236 0.000000 3037.257324 0.000000 0.000000 0.000000 1.000000 1.000000 1.000000 1.000000
1100.613403 0.000000 2919.459961 0.000000 0.000000 0.000000 1.000000 1.000000 1.000000 1.000000
7098.269043 0.000000 2553.406738 0.000000 0.000000 0.000000 1.000000 1.000000 1.000000 1.000000
7025.212402 0.000000 2420.238525 0.000000 0.000000 0.000000 1.000000 1.000000 1.000000 1.000000
7013.568848 0.000000 2335.077881 0.000000 0.000000 0.000000 1.000000 1.000000 1.000000 1.000000
7033.723145 0.000000 2529.651855 0.000000 0.000000 0.000000 1.000000 1.000000 1.000000 1.000000
7261.112305 0.000000 2705.009277 0.000000 0.000000 0.000000 1.000000 1.000000 1.000000 1.000000
1374.677734 0.000000 2337.316895 0.000000 0.000000 0.000000 1.000000 1.000000 1.000000 1.000000
2116.562256 0.000000 2516.668213 0.000000 0.000000 0.000000 1.000000 1.000000 1.000000 1.000000
2249.693115 0.000000 2523.542969 0.000000 0.000000 0.000000 1.000000 1.000000 1.000000 1.000000
2619.991455 0.000000 2768.509277 0.000000 0.000000 0.000000 1.000000 1.000000 1.000000 1.000000
2763.534424 0.000000 2757.237305 0.000000 0.000000 0.000000 1.000000 1.000000 1.000000 1.000000
2734.754639 0.000000 2917.915771 0.000000 0.000000 0.000000 1.000000 1.000000 1.000000 1.000000
7300.181152 0.000000 3020.863525 0.000000 0.000000 0.000000 1.000000 1.000000 1.000000 1.000000
2385.662354 0.000000 2432.053223 0.000000 0.000000 0.000000 1.000000 1.000000 1.000000 1.000000
"}
object={
	name="smoke_chimney_01"
	clamp_to_water_level=yes
	render_under_water=no
	generated_content=no
	layer="environmental_effects"
	entity="smoke_chimney_01"
	count=2
	transform="552.825562 0.155640 1958.887817 0.000000 0.389827 0.000000 0.920888 4.111941 4.111941 4.111941
7742.419434 0.000000 2938.196777 0.000000 0.000000 0.000000 1.000000 1.000000 1.000000 1.000000
"}
object={
	name="whale_01"
	clamp_to_water_level=yes
	render_under_water=yes
	generated_content=no
	layer="environmental_effects"
	entity="whale_entity"
	count=16
	transform="3977.925537 0.018311 3131.337891 0.000000 0.000000 0.000000 1.000000 0.296727 0.296727 0.296727
4187.745605 0.018311 3066.177734 0.000000 0.000000 0.000000 1.000000 0.296727 0.296727 0.296727
4162.822754 0.018311 2830.329346 0.000000 -0.229495 0.000000 -0.973310 0.296727 0.296727 0.296727
4053.654297 0.018311 3031.895264 0.000000 0.000000 0.000000 1.000000 0.296727 0.296727 0.296727
7268.346191 0.000000 2263.065430 0.000000 0.562505 0.000000 0.826794 1.000000 1.000000 1.000000
7131.504395 0.000000 2454.343506 0.000000 0.144331 0.000000 0.989530 1.000000 1.000000 1.000000
2039.071655 0.000000 1452.562256 0.000000 0.000000 0.000000 1.000000 1.000000 1.000000 1.000000
1576.501831 0.000000 1880.413330 0.000000 0.000000 0.000000 1.000000 1.000000 1.000000 1.000000
1226.692017 0.000000 2304.228271 0.000000 0.515020 0.000000 0.857178 1.000000 1.000000 1.000000
5538.806641 0.000000 3499.405518 0.000000 0.000000 0.000000 1.000000 1.000000 1.000000 1.000000
5131.953125 0.000000 3445.630859 0.000000 0.000000 0.000000 1.000000 1.000000 1.000000 1.000000
3252.990234 0.000000 3191.450195 0.000000 0.000000 0.000000 1.000000 1.000000 1.000000 1.000000
3471.900879 0.000000 3299.627197 0.000000 0.000000 0.000000 1.000000 1.000000 1.000000 1.000000
3729.053711 0.000000 3369.029297 0.000000 0.000000 0.000000 1.000000 1.000000 1.000000 1.000000
3808.949219 0.000000 3172.247314 0.000000 0.573956 0.000000 0.818886 1.000000 1.000000 1.000000
3619.377441 0.000000 3131.287109 0.000000 0.076555 0.000000 0.997065 1.000000 1.000000 1.000000
"}
object={
	name="whale_white_01"
	clamp_to_water_level=yes
	render_under_water=yes
	generated_content=no
	layer="environmental_effects"
	entity="whale_white_entity"
	count=1
	transform="3852.507568 0.000000 3191.010742 0.000000 0.000000 0.000000 1.000000 0.224538 0.224538 0.224538
"}
